ISO-10303-21;
HEADER;
FILE_DESCRIPTION(('Open CASCADE Model'),'2;1');
FILE_NAME('Open CASCADE Shape Model','2026-08-12T18:05:09',('Author'),(
    'Open CASCADE'),'Open CASCADE STEP processor 7.9','Open CASCADE 7.9'
  ,'Unknown');
FILE_SCHEMA(('AUTOMOTIVE_DESIGN { 1 0 10303 214 1 1 1 1 }'));
ENDSEC;
DATA;
#1 = APPLICATION_PROTOCOL_DEFINITION('international standard',
  'automotive_design',2000,#2);
#2 = APPLICATION_CONTEXT(
  'core data for automotive mechanical design processes');
#3 = SHAPE_DEFINITION_REPRESENTATION(#4,#10);
#4 = PRODUCT_DEFINITION_SHAPE('','',#5);
#5 = PRODUCT_DEFINITION('design','',#6,#9);
#6 = PRODUCT_DEFINITION_FORMATION('','',#7);
#7 = PRODUCT('Open CASCADE STEP translator 7.9 2',
  'Open CASCADE STEP translator 7.9 2','',(#8));
#8 = PRODUCT_CONTEXT('',#2,'mechanical');
#9 = PRODUCT_DEFINITION_CONTEXT('part definition',#2,'design');
#10 = SHAPE_REPRESENTATION('',(#11,#15,#19,#23,#27,#31),#35);
#11 = AXIS2_PLACEMENT_3D('',#12,#13,#14);
#12 = CARTESIAN_POINT('',(0.,0.,0.));
#13 = DIRECTION('',(0.,0.,1.));
#14 = DIRECTION('',(1.,0.,-0.));
#15 = AXIS2_PLACEMENT_3D('',#16,#17,#18);
#16 = CARTESIAN_POINT('',(0.,0.,0.));
#17 = DIRECTION('',(0.,0.,1.));
#18 = DIRECTION('',(1.,0.,-0.));
#19 = AXIS2_PLACEMENT_3D('',#20,#21,#22);
#20 = CARTESIAN_POINT('',(0.,0.,0.));
#21 = DIRECTION('',(0.,0.,1.));
#22 = DIRECTION('',(1.,0.,-0.));
#23 = AXIS2_PLACEMENT_3D('',#24,#25,#26);
#24 = CARTESIAN_POINT('',(0.,0.,0.));
#25 = DIRECTION('',(0.,0.,1.));
#26 = DIRECTION('',(1.,0.,-0.));
#27 = AXIS2_PLACEMENT_3D('',#28,#29,#30);
#28 = CARTESIAN_POINT('',(0.,0.,0.));
#29 = DIRECTION('',(0.,0.,1.));
#30 = DIRECTION('',(1.,0.,-0.));
#31 = AXIS2_PLACEMENT_3D('',#32,#33,#34);
#32 = CARTESIAN_POINT('',(0.,0.,0.));
#33 = DIRECTION('',(0.,0.,1.));
#34 = DIRECTION('',(1.,0.,-0.));
#35 = ( GEOMETRIC_REPRESENTATION_CONTEXT(3) 
GLOBAL_UNCERTAINTY_ASSIGNED_CONTEXT((#39)) GLOBAL_UNIT_ASSIGNED_CONTEXT(
(#36,#37,#38)) REPRESENTATION_CONTEXT('Context #1',
  '3D Context with UNIT and UNCERTAINTY') );
#36 = ( LENGTH_UNIT() NAMED_UNIT(*) SI_UNIT(.MILLI.,.METRE.) );
#37 = ( NAMED_UNIT(*) PLANE_ANGLE_UNIT() SI_UNIT($,.RADIAN.) );
#38 = ( NAMED_UNIT(*) SI_UNIT($,.STERADIAN.) SOLID_ANGLE_UNIT() );
#39 = UNCERTAINTY_MEASURE_WITH_UNIT(LENGTH_MEASURE(1.E-07),#36,
  'distance_accuracy_value','confusion accuracy');
#40 = PRODUCT_RELATED_PRODUCT_CATEGORY('part',$,(#7));
#41 = SHAPE_DEFINITION_REPRESENTATION(#42,#48);
#42 = PRODUCT_DEFINITION_SHAPE('','',#43);
#43 = PRODUCT_DEFINITION('design','',#44,#47);
#44 = PRODUCT_DEFINITION_FORMATION('','',#45);
#45 = PRODUCT('Open CASCADE STEP translator 7.9 2.1',
  'Open CASCADE STEP translator 7.9 2.1','',(#46));
#46 = PRODUCT_CONTEXT('',#2,'mechanical');
#47 = PRODUCT_DEFINITION_CONTEXT('part definition',#2,'design');
#48 = ADVANCED_BREP_SHAPE_REPRESENTATION('',(#11,#49),#1405);
#49 = MANIFOLD_SOLID_BREP('',#50);
#50 = CLOSED_SHELL('',(#51,#692,#908,#938,#968,#1158,#1348));
#51 = ADVANCED_FACE('',(#52,#350,#521),#66,.T.);
#52 = FACE_BOUND('',#53,.T.);
#53 = EDGE_LOOP('',(#54,#84,#111,#112,#209,#232,#259,#260));
#54 = ORIENTED_EDGE('',*,*,#55,.T.);
#55 = EDGE_CURVE('',#56,#58,#60,.T.);
#56 = VERTEX_POINT('',#57);
#57 = CARTESIAN_POINT('',(35.,-4.078073841161E-15,9.7));
#58 = VERTEX_POINT('',#59);
#59 = CARTESIAN_POINT('',(35.,-8.572527594031E-15,198.4));
#60 = SEAM_CURVE('',#61,(#65,#77),.PCURVE_S1.);
#61 = LINE('',#62,#63);
#62 = CARTESIAN_POINT('',(35.,-8.572527594031E-15,0.));
#63 = VECTOR('',#64,1.);
#64 = DIRECTION('',(0.,0.,1.));
#65 = PCURVE('',#66,#71);
#66 = CYLINDRICAL_SURFACE('',#67,35.);
#67 = AXIS2_PLACEMENT_3D('',#68,#69,#70);
#68 = CARTESIAN_POINT('',(0.,0.,0.));
#69 = DIRECTION('',(0.,0.,1.));
#70 = DIRECTION('',(1.,0.,-0.));
#71 = DEFINITIONAL_REPRESENTATION('',(#72),#76);
#72 = LINE('',#73,#74);
#73 = CARTESIAN_POINT('',(6.28318530718,-0.));
#74 = VECTOR('',#75,1.);
#75 = DIRECTION('',(0.,1.));
#76 = ( GEOMETRIC_REPRESENTATION_CONTEXT(2) 
PARAMETRIC_REPRESENTATION_CONTEXT() REPRESENTATION_CONTEXT('2D SPACE',''
  ) );
#77 = PCURVE('',#66,#78);
#78 = DEFINITIONAL_REPRESENTATION('',(#79),#83);
#79 = LINE('',#80,#81);
#80 = CARTESIAN_POINT('',(0.,-0.));
#81 = VECTOR('',#82,1.);
#82 = DIRECTION('',(0.,1.));
#83 = ( GEOMETRIC_REPRESENTATION_CONTEXT(2) 
PARAMETRIC_REPRESENTATION_CONTEXT() REPRESENTATION_CONTEXT('2D SPACE',''
  ) );
#84 = ORIENTED_EDGE('',*,*,#85,.F.);
#85 = EDGE_CURVE('',#58,#58,#86,.T.);
#86 = SURFACE_CURVE('',#87,(#92,#99),.PCURVE_S1.);
#87 = CIRCLE('',#88,35.);
#88 = AXIS2_PLACEMENT_3D('',#89,#90,#91);
#89 = CARTESIAN_POINT('',(0.,0.,198.4));
#90 = DIRECTION('',(0.,0.,1.));
#91 = DIRECTION('',(1.,0.,-0.));
#92 = PCURVE('',#66,#93);
#93 = DEFINITIONAL_REPRESENTATION('',(#94),#98);
#94 = LINE('',#95,#96);
#95 = CARTESIAN_POINT('',(0.,198.4));
#96 = VECTOR('',#97,1.);
#97 = DIRECTION('',(1.,0.));
#98 = ( GEOMETRIC_REPRESENTATION_CONTEXT(2) 
PARAMETRIC_REPRESENTATION_CONTEXT() REPRESENTATION_CONTEXT('2D SPACE',''
  ) );
#99 = PCURVE('',#100,#105);
#100 = PLANE('',#101);
#101 = AXIS2_PLACEMENT_3D('',#102,#103,#104);
#102 = CARTESIAN_POINT('',(0.,0.,198.4));
#103 = DIRECTION('',(0.,0.,1.));
#104 = DIRECTION('',(1.,0.,-0.));
#105 = DEFINITIONAL_REPRESENTATION('',(#106),#110);
#106 = CIRCLE('',#107,35.);
#107 = AXIS2_PLACEMENT_2D('',#108,#109);
#108 = CARTESIAN_POINT('',(0.,0.));
#109 = DIRECTION('',(1.,0.));
#110 = ( GEOMETRIC_REPRESENTATION_CONTEXT(2) 
PARAMETRIC_REPRESENTATION_CONTEXT() REPRESENTATION_CONTEXT('2D SPACE',''
  ) );
#111 = ORIENTED_EDGE('',*,*,#55,.F.);
#112 = ORIENTED_EDGE('',*,*,#113,.F.);
#113 = EDGE_CURVE('',#114,#56,#116,.T.);
#114 = VERTEX_POINT('',#115);
#115 = CARTESIAN_POINT('',(35.,-8.572527594031E-15,6.3));
#116 = SURFACE_CURVE('',#117,(#144,#174),.PCURVE_S1.);
#117 = B_SPLINE_CURVE_WITH_KNOTS('',7,(#118,#119,#120,#121,#122,#123,
    #124,#125,#126,#127,#128,#129,#130,#131,#132,#133,#134,#135,#136,
    #137,#138,#139,#140,#141,#142,#143),.UNSPECIFIED.,.F.,.F.,(8,6,6,6,8
    ),(0.,0.257087754269,0.500049706056,0.74301166121,1.),
  .UNSPECIFIED.);
#118 = CARTESIAN_POINT('',(35.,2.160759992308E-15,6.3));
#119 = CARTESIAN_POINT('',(35.,0.233415850512,6.3));
#120 = CARTESIAN_POINT('',(34.998183886,0.46077126925,6.337389943275));
#121 = CARTESIAN_POINT('',(34.994721535655,0.675097767351,6.4086772436)
  );
#122 = CARTESIAN_POINT('',(34.990100269679,0.870593748236,6.508978477946
    ));
#123 = CARTESIAN_POINT('',(34.984995105977,1.042863793206,6.632105949198
    ));
#124 = CARTESIAN_POINT('',(34.979993919937,1.189356865545,6.770700825019
    ));
#125 = CARTESIAN_POINT('',(34.97121501063,1.423766373363,7.054053244933)
  );
#126 = CARTESIAN_POINT('',(34.967281564627,1.517225011358,7.201397582651
    ));
#127 = CARTESIAN_POINT('',(34.963934093432,1.590936051108,7.355385911264
    ));
#128 = CARTESIAN_POINT('',(34.961334341021,1.645620455996,7.513802141626
    ));
#129 = CARTESIAN_POINT('',(34.959571882862,1.681862997089,7.674945360392
    ));
#130 = CARTESIAN_POINT('',(34.958689906803,1.7,7.837431436634));
#131 = CARTESIAN_POINT('',(34.958689906803,1.7,8.16256856562));
#132 = CARTESIAN_POINT('',(34.959571882879,1.681862996546,8.325054634031
    ));
#133 = CARTESIAN_POINT('',(34.961334340928,1.645620458609,8.486197862443
    ));
#134 = CARTESIAN_POINT('',(34.963934093618,1.590936046132,8.644614090821
    ));
#135 = CARTESIAN_POINT('',(34.967281564456,1.51722501588,8.798602412698)
  );
#136 = CARTESIAN_POINT('',(34.971215010695,1.423766371622,8.945946757172
    ));
#137 = CARTESIAN_POINT('',(34.97999217446,1.189403472292,9.229242837102)
  );
#138 = CARTESIAN_POINT('',(34.984993789784,1.042908947724,9.367869275362
    ));
#139 = CARTESIAN_POINT('',(34.990100959169,0.870590692953,9.491045371262
    ));
#140 = CARTESIAN_POINT('',(34.994723854677,0.675025950963,9.591370377915
    ));
#141 = CARTESIAN_POINT('',(34.998185522607,0.46065085744,9.662643773426)
  );
#142 = CARTESIAN_POINT('',(35.,0.233310587499,9.7));
#143 = CARTESIAN_POINT('',(35.,1.718093269345E-15,9.7));
#144 = PCURVE('',#66,#145);
#145 = DEFINITIONAL_REPRESENTATION('',(#146),#173);
#146 = B_SPLINE_CURVE_WITH_KNOTS('',7,(#147,#148,#149,#150,#151,#152,
    #153,#154,#155,#156,#157,#158,#159,#160,#161,#162,#163,#164,#165,
    #166,#167,#168,#169,#170,#171,#172),.UNSPECIFIED.,.F.,.F.,(8,6,6,6,8
    ),(0.,0.257087754269,0.500049706056,0.74301166121,1.),
  .UNSPECIFIED.);
#147 = CARTESIAN_POINT('',(0.,6.3));
#148 = CARTESIAN_POINT('',(6.669024300335E-03,6.3));
#149 = CARTESIAN_POINT('',(1.316489405275E-02,6.337389943275));
#150 = CARTESIAN_POINT('',(1.92889891092E-02,6.4086772436));
#151 = CARTESIAN_POINT('',(2.487593975806E-02,6.508978477946));
#152 = CARTESIAN_POINT('',(2.980002140727E-02,6.632105949198));
#153 = CARTESIAN_POINT('',(3.398795269903E-02,6.770700825019));
#154 = CARTESIAN_POINT('',(4.069006242501E-02,7.054053244933));
#155 = CARTESIAN_POINT('',(4.336264453647E-02,7.201397582651));
#156 = CARTESIAN_POINT('',(4.547083462649E-02,7.355385911264));
#157 = CARTESIAN_POINT('',(4.703500970936E-02,7.513802141626));
#158 = CARTESIAN_POINT('',(4.807173461421E-02,7.674945360392));
#159 = CARTESIAN_POINT('',(4.859054702872E-02,7.837431436634));
#160 = CARTESIAN_POINT('',(4.859054702872E-02,8.16256856562));
#161 = CARTESIAN_POINT('',(4.807173459868E-02,8.325054634031));
#162 = CARTESIAN_POINT('',(4.703500978405E-02,8.486197862443));
#163 = CARTESIAN_POINT('',(4.547083448423E-02,8.644614090821));
#164 = CARTESIAN_POINT('',(4.336264466577E-02,8.798602412698));
#165 = CARTESIAN_POINT('',(4.069006237522E-02,8.945946757172));
#166 = CARTESIAN_POINT('',(3.39892852539E-02,9.229242837102));
#167 = CARTESIAN_POINT('',(2.980131205754E-02,9.367869275362));
#168 = CARTESIAN_POINT('',(2.487585179312E-02,9.491045371262));
#169 = CARTESIAN_POINT('',(1.928693650074E-02,9.591370377915));
#170 = CARTESIAN_POINT('',(1.316145372249E-02,9.662643773426));
#171 = CARTESIAN_POINT('',(6.6660167857E-03,9.7));
#172 = CARTESIAN_POINT('',(0.,9.7));
#173 = ( GEOMETRIC_REPRESENTATION_CONTEXT(2) 
PARAMETRIC_REPRESENTATION_CONTEXT() REPRESENTATION_CONTEXT('2D SPACE',''
  ) );
#174 = PCURVE('',#175,#180);
#175 = CYLINDRICAL_SURFACE('',#176,1.7);
#176 = AXIS2_PLACEMENT_3D('',#177,#178,#179);
#177 = CARTESIAN_POINT('',(30.9,0.,8.));
#178 = DIRECTION('',(1.,0.,0.));
#179 = DIRECTION('',(0.,0.,1.));
#180 = DEFINITIONAL_REPRESENTATION('',(#181),#208);
#181 = B_SPLINE_CURVE_WITH_KNOTS('',7,(#182,#183,#184,#185,#186,#187,
    #188,#189,#190,#191,#192,#193,#194,#195,#196,#197,#198,#199,#200,
    #201,#202,#203,#204,#205,#206,#207),.UNSPECIFIED.,.F.,.F.,(8,6,6,6,8
    ),(0.,0.257087754269,0.500049706056,0.74301166121,1.),
  .UNSPECIFIED.);
#182 = CARTESIAN_POINT('',(3.14159265359,4.1));
#183 = CARTESIAN_POINT('',(3.278896095067,4.1));
#184 = CARTESIAN_POINT('',(3.412634511145,4.098183886));
#185 = CARTESIAN_POINT('',(3.542936919513,4.094721535655));
#186 = CARTESIAN_POINT('',(3.669630782683,4.090100269679));
#187 = CARTESIAN_POINT('',(3.792277313384,4.084995105977));
#188 = CARTESIAN_POINT('',(3.910022893544,4.079993919937));
#189 = CARTESIAN_POINT('',(4.126343502736,4.07121501063));
#190 = CARTESIAN_POINT('',(4.228169177563,4.067281564627));
#191 = CARTESIAN_POINT('',(4.327497698105,4.063934093432));
#192 = CARTESIAN_POINT('',(4.424961577203,4.061334341021));
#193 = CARTESIAN_POINT('',(4.52118045527,4.059571882862));
#194 = CARTESIAN_POINT('',(4.616760413699,4.058689906803));
#195 = CARTESIAN_POINT('',(4.808017548396,4.058689906803));
#196 = CARTESIAN_POINT('',(4.903597502374,4.059571882879));
#197 = CARTESIAN_POINT('',(4.999816385354,4.061334340928));
#198 = CARTESIAN_POINT('',(5.097280264942,4.063934093618));
#199 = CARTESIAN_POINT('',(5.196608779536,4.067281564456));
#200 = CARTESIAN_POINT('',(5.298434459641,4.071215010695));
#201 = CARTESIAN_POINT('',(5.514712057025,4.07999217446));
#202 = CARTESIAN_POINT('',(5.632472501842,4.084993789784));
#203 = CARTESIAN_POINT('',(5.755156457154,4.090100959169));
#204 = CARTESIAN_POINT('',(5.881888934398,4.094723854677));
#205 = CARTESIAN_POINT('',(6.012214293464,4.098185522607));
#206 = CARTESIAN_POINT('',(6.145943785121,4.1));
#207 = CARTESIAN_POINT('',(6.28318530718,4.1));
#208 = ( GEOMETRIC_REPRESENTATION_CONTEXT(2) 
PARAMETRIC_REPRESENTATION_CONTEXT() REPRESENTATION_CONTEXT('2D SPACE',''
  ) );
#209 = ORIENTED_EDGE('',*,*,#210,.F.);
#210 = EDGE_CURVE('',#211,#114,#213,.T.);
#211 = VERTEX_POINT('',#212);
#212 = CARTESIAN_POINT('',(35.,-8.572527594031E-15,0.));
#213 = SEAM_CURVE('',#214,(#218,#225),.PCURVE_S1.);
#214 = LINE('',#215,#216);
#215 = CARTESIAN_POINT('',(35.,-8.572527594031E-15,0.));
#216 = VECTOR('',#217,1.);
#217 = DIRECTION('',(0.,0.,1.));
#218 = PCURVE('',#66,#219);
#219 = DEFINITIONAL_REPRESENTATION('',(#220),#224);
#220 = LINE('',#221,#222);
#221 = CARTESIAN_POINT('',(6.28318530718,-0.));
#222 = VECTOR('',#223,1.);
#223 = DIRECTION('',(0.,1.));
#224 = ( GEOMETRIC_REPRESENTATION_CONTEXT(2) 
PARAMETRIC_REPRESENTATION_CONTEXT() REPRESENTATION_CONTEXT('2D SPACE',''
  ) );
#225 = PCURVE('',#66,#226);
#226 = DEFINITIONAL_REPRESENTATION('',(#227),#231);
#227 = LINE('',#228,#229);
#228 = CARTESIAN_POINT('',(0.,-0.));
#229 = VECTOR('',#230,1.);
#230 = DIRECTION('',(0.,1.));
#231 = ( GEOMETRIC_REPRESENTATION_CONTEXT(2) 
PARAMETRIC_REPRESENTATION_CONTEXT() REPRESENTATION_CONTEXT('2D SPACE',''
  ) );
#232 = ORIENTED_EDGE('',*,*,#233,.T.);
#233 = EDGE_CURVE('',#211,#211,#234,.T.);
#234 = SURFACE_CURVE('',#235,(#240,#247),.PCURVE_S1.);
#235 = CIRCLE('',#236,35.);
#236 = AXIS2_PLACEMENT_3D('',#237,#238,#239);
#237 = CARTESIAN_POINT('',(0.,0.,0.));
#238 = DIRECTION('',(0.,0.,1.));
#239 = DIRECTION('',(1.,0.,-0.));
#240 = PCURVE('',#66,#241);
#241 = DEFINITIONAL_REPRESENTATION('',(#242),#246);
#242 = LINE('',#243,#244);
#243 = CARTESIAN_POINT('',(0.,0.));
#244 = VECTOR('',#245,1.);
#245 = DIRECTION('',(1.,0.));
#246 = ( GEOMETRIC_REPRESENTATION_CONTEXT(2) 
PARAMETRIC_REPRESENTATION_CONTEXT() REPRESENTATION_CONTEXT('2D SPACE',''
  ) );
#247 = PCURVE('',#248,#253);
#248 = PLANE('',#249);
#249 = AXIS2_PLACEMENT_3D('',#250,#251,#252);
#250 = CARTESIAN_POINT('',(0.,0.,0.));
#251 = DIRECTION('',(0.,0.,1.));
#252 = DIRECTION('',(1.,0.,-0.));
#253 = DEFINITIONAL_REPRESENTATION('',(#254),#258);
#254 = CIRCLE('',#255,35.);
#255 = AXIS2_PLACEMENT_2D('',#256,#257);
#256 = CARTESIAN_POINT('',(0.,0.));
#257 = DIRECTION('',(1.,0.));
#258 = ( GEOMETRIC_REPRESENTATION_CONTEXT(2) 
PARAMETRIC_REPRESENTATION_CONTEXT() REPRESENTATION_CONTEXT('2D SPACE',''
  ) );
#259 = ORIENTED_EDGE('',*,*,#210,.T.);
#260 = ORIENTED_EDGE('',*,*,#261,.F.);
#261 = EDGE_CURVE('',#56,#114,#262,.T.);
#262 = SURFACE_CURVE('',#263,(#290,#320),.PCURVE_S1.);
#263 = B_SPLINE_CURVE_WITH_KNOTS('',7,(#264,#265,#266,#267,#268,#269,
    #270,#271,#272,#273,#274,#275,#276,#277,#278,#279,#280,#281,#282,
    #283,#284,#285,#286,#287,#288,#289),.UNSPECIFIED.,.F.,.F.,(8,6,6,6,8
    ),(0.,0.257092659514,0.500016539117,0.742967299521,1.),
  .UNSPECIFIED.);
#264 = CARTESIAN_POINT('',(35.,-2.6645352591E-15,9.7));
#265 = CARTESIAN_POINT('',(35.,-0.233415850512,9.7));
#266 = CARTESIAN_POINT('',(34.998183886,-0.460771269249,9.662610056725)
  );
#267 = CARTESIAN_POINT('',(34.994721535655,-0.675097767352,9.5913227564)
  );
#268 = CARTESIAN_POINT('',(34.990100269679,-0.870593748236,
    9.491021522054));
#269 = CARTESIAN_POINT('',(34.984995105977,-1.042863793206,
    9.367894050802));
#270 = CARTESIAN_POINT('',(34.979993919937,-1.189356865545,
    9.229299174981));
#271 = CARTESIAN_POINT('',(34.971215760399,-1.423746353457,
    8.945970954977));
#272 = CARTESIAN_POINT('',(34.967282183986,-1.517212538641,
    8.798629591029));
#273 = CARTESIAN_POINT('',(34.963934124472,-1.590936025587,
    8.644626173637));
#274 = CARTESIAN_POINT('',(34.961334055035,-1.645626291909,
    8.486189828764));
#275 = CARTESIAN_POINT('',(34.959571689487,-1.681866988125,
    8.325034244193));
#276 = CARTESIAN_POINT('',(34.958689906803,-1.7,8.162550576292));
#277 = CARTESIAN_POINT('',(34.958689906803,-1.7,7.837431436634));
#278 = CARTESIAN_POINT('',(34.959571882862,-1.681862997089,
    7.674945360392));
#279 = CARTESIAN_POINT('',(34.961334341021,-1.645620455996,
    7.513802141627));
#280 = CARTESIAN_POINT('',(34.963934093432,-1.590936051108,
    7.355385911263));
#281 = CARTESIAN_POINT('',(34.967281564627,-1.517225011358,
    7.201397582651));
#282 = CARTESIAN_POINT('',(34.97121501063,-1.423766373363,7.054053244933
    ));
#283 = CARTESIAN_POINT('',(34.979993161274,-1.189377122951,
    6.770725312016));
#284 = CARTESIAN_POINT('',(34.984994434615,-1.042886111128,6.63211995537
    ));
#285 = CARTESIAN_POINT('',(34.990100408413,-0.870597582854,
    6.508971319129));
#286 = CARTESIAN_POINT('',(34.994722512316,-0.675070780744,
    6.408657087699));
#287 = CARTESIAN_POINT('',(34.998184655714,-0.46071851498,6.337374112639
    ));
#288 = CARTESIAN_POINT('',(35.,-0.233366446664,6.3));
#289 = CARTESIAN_POINT('',(35.,-2.22044604925E-15,6.3));
#290 = PCURVE('',#66,#291);
#291 = DEFINITIONAL_REPRESENTATION('',(#292),#319);
#292 = B_SPLINE_CURVE_WITH_KNOTS('',7,(#293,#294,#295,#296,#297,#298,
    #299,#300,#301,#302,#303,#304,#305,#306,#307,#308,#309,#310,#311,
    #312,#313,#314,#315,#316,#317,#318),.UNSPECIFIED.,.F.,.F.,(8,6,6,6,8
    ),(0.,0.257092659514,0.500016539117,0.742967299521,1.),
  .UNSPECIFIED.);
#293 = CARTESIAN_POINT('',(6.28318530718,9.7));
#294 = CARTESIAN_POINT('',(6.276516282879,9.7));
#295 = CARTESIAN_POINT('',(6.270020413127,9.662610056725));
#296 = CARTESIAN_POINT('',(6.26389631807,9.5913227564));
#297 = CARTESIAN_POINT('',(6.258309367422,9.491021522054));
#298 = CARTESIAN_POINT('',(6.253385285772,9.367894050802));
#299 = CARTESIAN_POINT('',(6.249197354481,9.229299174981));
#300 = CARTESIAN_POINT('',(6.242495817153,8.945970954977));
#301 = CARTESIAN_POINT('',(6.23982301942,8.798629591029));
#302 = CARTESIAN_POINT('',(6.237714473339,8.644626173637));
#303 = CARTESIAN_POINT('',(6.236150130523,8.486189828764));
#304 = CARTESIAN_POINT('',(6.235113458404,8.325034244193));
#305 = CARTESIAN_POINT('',(6.234594760151,8.162550576292));
#306 = CARTESIAN_POINT('',(6.234594760151,7.837431436634));
#307 = CARTESIAN_POINT('',(6.235113572565,7.674945360392));
#308 = CARTESIAN_POINT('',(6.23615029747,7.513802141627));
#309 = CARTESIAN_POINT('',(6.237714472553,7.355385911263));
#310 = CARTESIAN_POINT('',(6.239822662643,7.201397582651));
#311 = CARTESIAN_POINT('',(6.242495244755,7.054053244933));
#312 = CARTESIAN_POINT('',(6.249196775292,6.770725312016));
#313 = CARTESIAN_POINT('',(6.253384647833,6.63211995537));
#314 = CARTESIAN_POINT('',(6.258309258102,6.508971319129));
#315 = CARTESIAN_POINT('',(6.263897089441,6.408657087699));
#316 = CARTESIAN_POINT('',(6.270021920393,6.337374112639));
#317 = CARTESIAN_POINT('',(6.276517694418,6.3));
#318 = CARTESIAN_POINT('',(6.28318530718,6.3));
#319 = ( GEOMETRIC_REPRESENTATION_CONTEXT(2) 
PARAMETRIC_REPRESENTATION_CONTEXT() REPRESENTATION_CONTEXT('2D SPACE',''
  ) );
#320 = PCURVE('',#175,#321);
#321 = DEFINITIONAL_REPRESENTATION('',(#322),#349);
#322 = B_SPLINE_CURVE_WITH_KNOTS('',7,(#323,#324,#325,#326,#327,#328,
    #329,#330,#331,#332,#333,#334,#335,#336,#337,#338,#339,#340,#341,
    #342,#343,#344,#345,#346,#347,#348),.UNSPECIFIED.,.F.,.F.,(8,6,6,6,8
    ),(0.,0.257092659514,0.500016539117,0.742967299521,1.),
  .UNSPECIFIED.);
#323 = CARTESIAN_POINT('',(-1.7763568394E-15,4.1));
#324 = CARTESIAN_POINT('',(0.137303441478,4.1));
#325 = CARTESIAN_POINT('',(0.271041857555,4.098183886));
#326 = CARTESIAN_POINT('',(0.401344265923,4.094721535655));
#327 = CARTESIAN_POINT('',(0.528038129093,4.090100269679));
#328 = CARTESIAN_POINT('',(0.650684659795,4.084995105977));
#329 = CARTESIAN_POINT('',(0.768430239955,4.079993919937));
#330 = CARTESIAN_POINT('',(0.984732374134,4.071215760399));
#331 = CARTESIAN_POINT('',(1.086559530131,4.067282183986));
#332 = CARTESIAN_POINT('',(1.185898563972,4.063934124472));
#333 = CARTESIAN_POINT('',(1.283374151159,4.061334055035));
#334 = CARTESIAN_POINT('',(1.379599787098,4.059571689487));
#335 = CARTESIAN_POINT('',(1.475178340741,4.058689906803));
#336 = CARTESIAN_POINT('',(1.666424893481,4.058689906803));
#337 = CARTESIAN_POINT('',(1.762004851909,4.059571882862));
#338 = CARTESIAN_POINT('',(1.858223729977,4.061334341021));
#339 = CARTESIAN_POINT('',(1.955687609075,4.063934093432));
#340 = CARTESIAN_POINT('',(2.055016129617,4.067281564627));
#341 = CARTESIAN_POINT('',(2.156841804444,4.07121501063));
#342 = CARTESIAN_POINT('',(2.373143719452,4.079993161274));
#343 = CARTESIAN_POINT('',(2.490893281345,4.084994434615));
#344 = CARTESIAN_POINT('',(2.613555176267,4.090100408413));
#345 = CARTESIAN_POINT('',(2.740266908345,4.094722512316));
#346 = CARTESIAN_POINT('',(2.870581835994,4.098184655714));
#347 = CARTESIAN_POINT('',(3.004318273199,4.1));
#348 = CARTESIAN_POINT('',(3.14159265359,4.1));
#349 = ( GEOMETRIC_REPRESENTATION_CONTEXT(2) 
PARAMETRIC_REPRESENTATION_CONTEXT() REPRESENTATION_CONTEXT('2D SPACE',''
  ) );
#350 = FACE_BOUND('',#351,.T.);
#351 = EDGE_LOOP('',(#352));
#352 = ORIENTED_EDGE('',*,*,#353,.F.);
#353 = EDGE_CURVE('',#354,#354,#356,.T.);
#354 = VERTEX_POINT('',#355);
#355 = CARTESIAN_POINT('',(-17.5,30.310889132455,9.7));
#356 = SURFACE_CURVE('',#357,(#408,#462),.PCURVE_S1.);
#357 = B_SPLINE_CURVE_WITH_KNOTS('',7,(#358,#359,#360,#361,#362,#363,
    #364,#365,#366,#367,#368,#369,#370,#371,#372,#373,#374,#375,#376,
    #377,#378,#379,#380,#381,#382,#383,#384,#385,#386,#387,#388,#389,
    #390,#391,#392,#393,#394,#395,#396,#397,#398,#399,#400,#401,#402,
    #403,#404,#405,#406,#407),.UNSPECIFIED.,.T.,.F.,(8,6,6,6,6,6,6,6,8),
  (0.,0.142506669921,0.277159573631,0.44545047456,0.59198001932,
    0.687032211806,0.791596316282,0.892874717496,1.),.UNSPECIFIED.);
#358 = CARTESIAN_POINT('',(-17.5,30.310889132455,9.7));
#359 = CARTESIAN_POINT('',(-17.29785594381,30.427597057711,9.7));
#360 = CARTESIAN_POINT('',(-17.10005231849,30.539701966221,
    9.662610056725));
#361 = CARTESIAN_POINT('',(-16.91270895126,30.643866731915,
    9.591322756401));
#362 = CARTESIAN_POINT('',(-16.74109383249,30.737612588625,
    9.491021522054));
#363 = CARTESIAN_POINT('',(-16.58935101538,30.819326409653,
    9.367894050802));
#364 = CARTESIAN_POINT('',(-16.45998370024,30.888241791663,
    9.229299174981));
#365 = CARTESIAN_POINT('',(-16.25260736956,30.99783442646,8.945970954978
    ));
#366 = CARTESIAN_POINT('',(-16.16969649059,31.041160941951,
    8.798629591031));
#367 = CARTESIAN_POINT('',(-16.10417604828,31.075123180832,
    8.644626173637));
#368 = CARTESIAN_POINT('',(-16.05551285358,31.100216587809,
    8.486189828764));
#369 = CARTESIAN_POINT('',(-16.02324630724,31.116810682582,
    8.325034244191));
#370 = CARTESIAN_POINT('',(-16.00710176696,31.125113542314,
    8.162550576291));
#371 = CARTESIAN_POINT('',(-16.00710176696,31.125113542314,
    7.796842235283));
#372 = CARTESIAN_POINT('',(-16.03231920378,31.112144575749,
    7.593779795742));
#373 = CARTESIAN_POINT('',(-16.08271957117,31.086224961191,
    7.393272459042));
#374 = CARTESIAN_POINT('',(-16.1589749951,31.046844301523,7.198120535951
    ));
#375 = CARTESIAN_POINT('',(-16.2621540666,30.993133256997,7.012005636891
    ));
#376 = CARTESIAN_POINT('',(-16.39338774574,30.923934477283,
    6.840075668292));
#377 = CARTESIAN_POINT('',(-16.69228641533,30.763493051896,
    6.559568802409));
#378 = CARTESIAN_POINT('',(-16.85792107637,30.673640705337,
    6.441099712226));
#379 = CARTESIAN_POINT('',(-17.04646146094,30.569896778077,
    6.348251481516));
#380 = CARTESIAN_POINT('',(-17.25073544675,30.455385230515,
    6.290352709116));
#381 = CARTESIAN_POINT('',(-17.46141033425,30.334750917893,
    6.272422655247));
#382 = CARTESIAN_POINT('',(-17.66891235818,30.213597216336,
    6.294908112592));
#383 = CARTESIAN_POINT('',(-17.99196137295,30.021844947966,
    6.391357301059));
#384 = CARTESIAN_POINT('',(-18.1152865576,29.94779593921,6.444784661168)
  );
#385 = CARTESIAN_POINT('',(-18.23318149069,29.876204829575,
    6.513185196498));
#386 = CARTESIAN_POINT('',(-18.34411939588,29.808124174931,
    6.595757042641));
#387 = CARTESIAN_POINT('',(-18.44670691875,29.744574905109,
    6.691414218675));
#388 = CARTESIAN_POINT('',(-18.53971405221,29.686503259768,
    6.798811113059));
#389 = CARTESIAN_POINT('',(-18.71277886761,29.577751279713,
    7.045712410344));
#390 = CARTESIAN_POINT('',(-18.79062247949,29.528384040345,
    7.187375039161));
#391 = CARTESIAN_POINT('',(-18.85429353847,29.487696814175,
    7.339287286477));
#392 = CARTESIAN_POINT('',(-18.9027608845,29.456561574205,7.499109853392
    ));
#393 = CARTESIAN_POINT('',(-18.93531566915,29.435593908719,
    7.664293303536));
#394 = CARTESIAN_POINT('',(-18.95158813983,29.425113542314,
    7.832157337833));
#395 = CARTESIAN_POINT('',(-18.95158813983,29.425113542314,
    8.162568565619));
#396 = CARTESIAN_POINT('',(-18.93632202213,29.434945857728,8.32505463403
    ));
#397 = CARTESIAN_POINT('',(-18.9058162926,29.45459346014,8.486197862444)
  );
#398 = CARTESIAN_POINT('',(-18.85975807855,29.484187118252,
    8.644614090819));
#399 = CARTESIAN_POINT('',(-18.79759618923,29.523941628163,
    8.798602412699));
#400 = CARTESIAN_POINT('',(-18.71862535222,29.574077414659,
    8.945946757173));
#401 = CARTESIAN_POINT('',(-18.52004970958,29.698860111118,
    9.229242837104));
#402 = CARTESIAN_POINT('',(-18.39568253745,29.776438899332,
    9.367869275361));
#403 = CARTESIAN_POINT('',(-18.24900413598,29.867020965145,
    9.491045371261));
#404 = CARTESIAN_POINT('',(-18.08195154908,29.968806881089,
    9.591370377914));
#405 = CARTESIAN_POINT('',(-17.89802810612,30.078992320219,
    9.662643773427));
#406 = CARTESIAN_POINT('',(-17.70205289574,30.194233838707,9.7));
#407 = CARTESIAN_POINT('',(-17.5,30.310889132455,9.7));
#408 = PCURVE('',#66,#409);
#409 = DEFINITIONAL_REPRESENTATION('',(#410),#461);
#410 = B_SPLINE_CURVE_WITH_KNOTS('',7,(#411,#412,#413,#414,#415,#416,
    #417,#418,#419,#420,#421,#422,#423,#424,#425,#426,#427,#428,#429,
    #430,#431,#432,#433,#434,#435,#436,#437,#438,#439,#440,#441,#442,
    #443,#444,#445,#446,#447,#448,#449,#450,#451,#452,#453,#454,#455,
    #456,#457,#458,#459,#460),.UNSPECIFIED.,.T.,.F.,(8,6,6,6,6,6,6,6,8),
  (0.,0.142506669921,0.277159573631,0.44545047456,0.59198001932,
    0.687032211806,0.791596316282,0.892874717496,1.),.UNSPECIFIED.);
#411 = CARTESIAN_POINT('',(2.094395102393,9.7));
#412 = CARTESIAN_POINT('',(2.087726078093,9.7));
#413 = CARTESIAN_POINT('',(2.08123020834,9.662610056725));
#414 = CARTESIAN_POINT('',(2.075106113284,9.591322756401));
#415 = CARTESIAN_POINT('',(2.069519162635,9.491021522054));
#416 = CARTESIAN_POINT('',(2.064595080986,9.367894050802));
#417 = CARTESIAN_POINT('',(2.060407149694,9.229299174981));
#418 = CARTESIAN_POINT('',(2.053705612367,8.945970954978));
#419 = CARTESIAN_POINT('',(2.051032814634,8.798629591031));
#420 = CARTESIAN_POINT('',(2.048924268552,8.644626173637));
#421 = CARTESIAN_POINT('',(2.047359925737,8.486189828764));
#422 = CARTESIAN_POINT('',(2.046323253617,8.325034244191));
#423 = CARTESIAN_POINT('',(2.045804555364,8.162550576291));
#424 = CARTESIAN_POINT('',(2.045804555364,7.796842235283));
#425 = CARTESIAN_POINT('',(2.046614752261,7.593779795742));
#426 = CARTESIAN_POINT('',(2.048234029738,7.393272459042));
#427 = CARTESIAN_POINT('',(2.05068613498,7.198120535951));
#428 = CARTESIAN_POINT('',(2.054009580262,7.012005636891));
#429 = CARTESIAN_POINT('',(2.058248327386,6.840075668292));
#430 = CARTESIAN_POINT('',(2.067940818301,6.559568802409));
#431 = CARTESIAN_POINT('',(2.073324661437,6.441099712226));
#432 = CARTESIAN_POINT('',(2.079473012099,6.348251481516));
#433 = CARTESIAN_POINT('',(2.086163453393,6.290352709116));
#434 = CARTESIAN_POINT('',(2.093099286249,6.272422655247));
#435 = CARTESIAN_POINT('',(2.099964302649,6.294908112592));
#436 = CARTESIAN_POINT('',(2.110697793945,6.391357301059));
#437 = CARTESIAN_POINT('',(2.114807695057,6.444784661168));
#438 = CARTESIAN_POINT('',(2.11874845711,6.513185196498));
#439 = CARTESIAN_POINT('',(2.122467312367,6.595757042641));
#440 = CARTESIAN_POINT('',(2.125915163587,6.691414218675));
#441 = CARTESIAN_POINT('',(2.129047945249,6.798811113059));
#442 = CARTESIAN_POINT('',(2.134887879795,7.045712410344));
#443 = CARTESIAN_POINT('',(2.137521508953,7.187375039161));
#444 = CARTESIAN_POINT('',(2.139680379057,7.339287286477));
#445 = CARTESIAN_POINT('',(2.141326270751,7.499109853392));
#446 = CARTESIAN_POINT('',(2.142432638499,7.664293303536));
#447 = CARTESIAN_POINT('',(2.142985649422,7.832157337833));
#448 = CARTESIAN_POINT('',(2.142985649422,8.162568565619));
#449 = CARTESIAN_POINT('',(2.142466836992,8.32505463403));
#450 = CARTESIAN_POINT('',(2.141430112177,8.486197862444));
#451 = CARTESIAN_POINT('',(2.139865936877,8.644614090819));
#452 = CARTESIAN_POINT('',(2.137757747059,8.798602412699));
#453 = CARTESIAN_POINT('',(2.135085164768,8.945946757173));
#454 = CARTESIAN_POINT('',(2.128384387647,9.229242837104));
#455 = CARTESIAN_POINT('',(2.124196414451,9.367869275361));
#456 = CARTESIAN_POINT('',(2.119270954186,9.491045371261));
#457 = CARTESIAN_POINT('',(2.113682038894,9.591370377914));
#458 = CARTESIAN_POINT('',(2.107556556116,9.662643773427));
#459 = CARTESIAN_POINT('',(2.101061119179,9.7));
#460 = CARTESIAN_POINT('',(2.094395102393,9.7));
#461 = ( GEOMETRIC_REPRESENTATION_CONTEXT(2) 
PARAMETRIC_REPRESENTATION_CONTEXT() REPRESENTATION_CONTEXT('2D SPACE',''
  ) );
#462 = PCURVE('',#463,#468);
#463 = CYLINDRICAL_SURFACE('',#464,1.7);
#464 = AXIS2_PLACEMENT_3D('',#465,#466,#467);
#465 = CARTESIAN_POINT('',(-15.45,26.760184976939,8.));
#466 = DIRECTION('',(-0.5,0.866025403784,0.));
#467 = DIRECTION('',(0.,0.,1.));
#468 = DEFINITIONAL_REPRESENTATION('',(#469),#520);
#469 = B_SPLINE_CURVE_WITH_KNOTS('',7,(#470,#471,#472,#473,#474,#475,
    #476,#477,#478,#479,#480,#481,#482,#483,#484,#485,#486,#487,#488,
    #489,#490,#491,#492,#493,#494,#495,#496,#497,#498,#499,#500,#501,
    #502,#503,#504,#505,#506,#507,#508,#509,#510,#511,#512,#513,#514,
    #515,#516,#517,#518,#519),.UNSPECIFIED.,.F.,.F.,(8,6,6,6,6,6,6,6,8),
  (0.,0.142506669921,0.277159573631,0.44545047456,0.59198001932,
    0.687032211806,0.791596316282,0.892874717496,1.),.UNSPECIFIED.);
#470 = CARTESIAN_POINT('',(0.,4.1));
#471 = CARTESIAN_POINT('',(0.137303441477,4.1));
#472 = CARTESIAN_POINT('',(0.271041857555,4.098183886001));
#473 = CARTESIAN_POINT('',(0.401344265923,4.094721535655));
#474 = CARTESIAN_POINT('',(0.528038129094,4.090100269679));
#475 = CARTESIAN_POINT('',(0.650684659794,4.084995105977));
#476 = CARTESIAN_POINT('',(0.768430239955,4.079993919937));
#477 = CARTESIAN_POINT('',(0.984732374133,4.071215760399));
#478 = CARTESIAN_POINT('',(1.08655953013,4.067282183986));
#479 = CARTESIAN_POINT('',(1.185898563972,4.063934124472));
#480 = CARTESIAN_POINT('',(1.28337415116,4.061334055035));
#481 = CARTESIAN_POINT('',(1.379599787099,4.059571689487));
#482 = CARTESIAN_POINT('',(1.475178340741,4.058689906803));
#483 = CARTESIAN_POINT('',(1.690300894276,4.058689906803));
#484 = CARTESIAN_POINT('',(1.809748620559,4.060067170706));
#485 = CARTESIAN_POINT('',(1.93048522166,4.062820309735));
#486 = CARTESIAN_POINT('',(2.053624604806,4.06684337001));
#487 = CARTESIAN_POINT('',(2.180404808788,4.071917776735));
#488 = CARTESIAN_POINT('',(2.312065280892,4.077606715166));
#489 = CARTESIAN_POINT('',(2.570926010027,4.088109699756));
#490 = CARTESIAN_POINT('',(2.700725396408,4.093112615564));
#491 = CARTESIAN_POINT('',(2.835904405353,4.097537931354));
#492 = CARTESIAN_POINT('',(2.974331420098,4.100505015047));
#493 = CARTESIAN_POINT('',(3.114358183433,4.101370079495));
#494 = CARTESIAN_POINT('',(3.254546659742,4.10019890815));
#495 = CARTESIAN_POINT('',(3.482681456022,4.095661079893));
#496 = CARTESIAN_POINT('',(3.572443459915,4.093195349511));
#497 = CARTESIAN_POINT('',(3.66219781211,4.090143096425));
#498 = CARTESIAN_POINT('',(3.751954140498,4.086652472592));
#499 = CARTESIAN_POINT('',(3.841717997578,4.082910951969));
#500 = CARTESIAN_POINT('',(3.931483217177,4.079122998597));
#501 = CARTESIAN_POINT('',(4.119975833739,4.071473428858));
#502 = CARTESIAN_POINT('',(4.218716014337,4.06764195139));
#503 = CARTESIAN_POINT('',(4.317445211464,4.064241309405));
#504 = CARTESIAN_POINT('',(4.416175164587,4.061511073656));
#505 = CARTESIAN_POINT('',(4.51491473614,4.059629935011));
#506 = CARTESIAN_POINT('',(4.61365800264,4.058689906803));
#507 = CARTESIAN_POINT('',(4.808017548396,4.058689906803));
#508 = CARTESIAN_POINT('',(4.903597502373,4.059571882879));
#509 = CARTESIAN_POINT('',(4.999816385355,4.061334340928));
#510 = CARTESIAN_POINT('',(5.097280264941,4.063934093618));
#511 = CARTESIAN_POINT('',(5.196608779536,4.067281564456));
#512 = CARTESIAN_POINT('',(5.298434459641,4.071215010695));
#513 = CARTESIAN_POINT('',(5.514712057026,4.07999217446));
#514 = CARTESIAN_POINT('',(5.632472501843,4.084993789784));
#515 = CARTESIAN_POINT('',(5.755156457153,4.090100959168));
#516 = CARTESIAN_POINT('',(5.881888934398,4.094723854677));
#517 = CARTESIAN_POINT('',(6.012214293464,4.098185522607));
#518 = CARTESIAN_POINT('',(6.145943785122,4.1));
#519 = CARTESIAN_POINT('',(6.28318530718,4.1));
#520 = ( GEOMETRIC_REPRESENTATION_CONTEXT(2) 
PARAMETRIC_REPRESENTATION_CONTEXT() REPRESENTATION_CONTEXT('2D SPACE',''
  ) );
#521 = FACE_BOUND('',#522,.T.);
#522 = EDGE_LOOP('',(#523));
#523 = ORIENTED_EDGE('',*,*,#524,.F.);
#524 = EDGE_CURVE('',#525,#525,#527,.T.);
#525 = VERTEX_POINT('',#526);
#526 = CARTESIAN_POINT('',(-17.5,-30.31088913245,9.7));
#527 = SURFACE_CURVE('',#528,(#579,#633),.PCURVE_S1.);
#528 = B_SPLINE_CURVE_WITH_KNOTS('',7,(#529,#530,#531,#532,#533,#534,
    #535,#536,#537,#538,#539,#540,#541,#542,#543,#544,#545,#546,#547,
    #548,#549,#550,#551,#552,#553,#554,#555,#556,#557,#558,#559,#560,
    #561,#562,#563,#564,#565,#566,#567,#568,#569,#570,#571,#572,#573,
    #574,#575,#576,#577,#578),.UNSPECIFIED.,.T.,.F.,(8,6,6,6,6,6,6,6,8),
  (0.,0.142506669887,0.277159573565,0.445450474453,0.591980019376,
    0.68703221183,0.791596316285,0.892874717497,1.),.UNSPECIFIED.);
#529 = CARTESIAN_POINT('',(-17.5,-30.31088913245,9.7));
#530 = CARTESIAN_POINT('',(-17.70214405618,-30.19418120719,9.7));
#531 = CARTESIAN_POINT('',(-17.8981315675,-30.07893069697,9.662610056725
    ));
#532 = CARTESIAN_POINT('',(-18.08201258439,-29.96876896456,9.5913227564)
  );
#533 = CARTESIAN_POINT('',(-18.24900643718,-29.86701884038,
    9.491021522054));
#534 = CARTESIAN_POINT('',(-18.39564409059,-29.77646261644,
    9.367894050802));
#535 = CARTESIAN_POINT('',(-18.52001021969,-29.69888492611,
    9.229299174981));
#536 = CARTESIAN_POINT('',(-18.71860839083,-29.574088073,8.945970954979)
  );
#537 = CARTESIAN_POINT('',(-18.79758569339,-29.52394840331,
    8.798629591031));
#538 = CARTESIAN_POINT('',(-18.85975807619,-29.48418715524,
    8.644626173636));
#539 = CARTESIAN_POINT('',(-18.90582120144,-29.4545902959,8.486189828765
    ));
#540 = CARTESIAN_POINT('',(-18.93632538224,-29.43494369445,8.32503424419
    ));
#541 = CARTESIAN_POINT('',(-18.95158813983,-29.42511354231,
    8.162550576291));
#542 = CARTESIAN_POINT('',(-18.95158813983,-29.42511354231,
    7.796842235283));
#543 = CARTESIAN_POINT('',(-18.92774796691,-29.44046799993,
    7.593779795742));
#544 = CARTESIAN_POINT('',(-18.88010073856,-29.47115619117,
    7.393272459042));
#545 = CARTESIAN_POINT('',(-18.8078683749,-29.51750499563,7.198120535951
    ));
#546 = CARTESIAN_POINT('',(-18.70976371013,-29.58000517043,
    7.012005636891));
#547 = CARTESIAN_POINT('',(-18.58421896941,-29.65905748054,
    6.840075668292));
#548 = CARTESIAN_POINT('',(-18.29582328423,-29.83769060898,
    6.559568802232));
#549 = CARTESIAN_POINT('',(-18.13519153935,-29.93620825969,
    6.441099712492));
#550 = CARTESIAN_POINT('',(-17.95107647063,-30.04761705871,
    6.348251481465));
#551 = CARTESIAN_POINT('',(-17.74976956807,-30.16726774624,6.29035270896
    ));
#552 = CARTESIAN_POINT('',(-17.53995974502,-30.28940039443,
    6.272422655403));
#553 = CARTESIAN_POINT('',(-17.3312865502,-30.40852556746,6.294908112524
    ));
#554 = CARTESIAN_POINT('',(-17.00369970697,-30.59241808684,
    6.391357301048));
#555 = CARTESIAN_POINT('',(-16.87790879186,-30.66219632534,6.44478466117
    ));
#556 = CARTESIAN_POINT('',(-16.75696160571,-30.72850077755,
    6.513185196528));
#557 = CARTESIAN_POINT('',(-16.64253307674,-30.79053549433,
    6.595757042633));
#558 = CARTESIAN_POINT('',(-16.53620403324,-30.84760426034,
    6.691414218629));
#559 = CARTESIAN_POINT('',(-16.43940894635,-30.89911497801,
    6.798811113096));
#560 = CARTESIAN_POINT('',(-16.25869456125,-30.9946175146,7.045712410323
    ));
#561 = CARTESIAN_POINT('',(-16.17701947187,-31.03734844035,
    7.187375039179));
#562 = CARTESIAN_POINT('',(-16.10994777093,-31.07214558181,
    7.339287286501));
#563 = CARTESIAN_POINT('',(-16.05875018916,-31.09855191474,
    7.499109853375));
#564 = CARTESIAN_POINT('',(-16.02431426585,-31.11626135252,
    7.664293303503));
#565 = CARTESIAN_POINT('',(-16.00710176696,-31.12511354231,
    7.832157337862));
#566 = CARTESIAN_POINT('',(-16.00710176696,-31.12511354231,8.16256856562
    ));
#567 = CARTESIAN_POINT('',(-16.02324986074,-31.11680885427,8.32505463403
    ));
#568 = CARTESIAN_POINT('',(-16.05551804832,-31.10021391874,
    8.486197862446));
#569 = CARTESIAN_POINT('',(-16.10417601506,-31.07512316438,
    8.644614090818));
#570 = CARTESIAN_POINT('',(-16.16968537521,-31.04116664404,
    8.798602412699));
#571 = CARTESIAN_POINT('',(-16.25258965846,-30.99784378628,
    8.945946757172));
#572 = CARTESIAN_POINT('',(-16.45994246487,-30.8882635834,9.229242837106
    ));
#573 = CARTESIAN_POINT('',(-16.58931125233,-30.81934784705,
    9.367869275361));
#574 = CARTESIAN_POINT('',(-16.74109682318,-30.7376116581,9.491045371259
    ));
#575 = CARTESIAN_POINT('',(-16.91277230558,-30.64383283205,
    9.591370377914));
#576 = CARTESIAN_POINT('',(-17.10015741648,-30.53964317765,
    9.662643773428));
#577 = CARTESIAN_POINT('',(-17.29794710425,-30.4275444262,9.7));
#578 = CARTESIAN_POINT('',(-17.5,-30.31088913245,9.7));
#579 = PCURVE('',#66,#580);
#580 = DEFINITIONAL_REPRESENTATION('',(#581),#632);
#581 = B_SPLINE_CURVE_WITH_KNOTS('',7,(#582,#583,#584,#585,#586,#587,
    #588,#589,#590,#591,#592,#593,#594,#595,#596,#597,#598,#599,#600,
    #601,#602,#603,#604,#605,#606,#607,#608,#609,#610,#611,#612,#613,
    #614,#615,#616,#617,#618,#619,#620,#621,#622,#623,#624,#625,#626,
    #627,#628,#629,#630,#631),.UNSPECIFIED.,.T.,.F.,(8,6,6,6,6,6,6,6,8),
  (0.,0.142506669887,0.277159573565,0.445450474453,0.591980019376,
    0.68703221183,0.791596316285,0.892874717497,1.),.UNSPECIFIED.);
#582 = CARTESIAN_POINT('',(4.188790204786,9.7));
#583 = CARTESIAN_POINT('',(4.182121180486,9.7));
#584 = CARTESIAN_POINT('',(4.175625310734,9.662610056725));
#585 = CARTESIAN_POINT('',(4.169501215677,9.5913227564));
#586 = CARTESIAN_POINT('',(4.163914265028,9.491021522054));
#587 = CARTESIAN_POINT('',(4.158990183379,9.367894050802));
#588 = CARTESIAN_POINT('',(4.154802252087,9.229299174981));
#589 = CARTESIAN_POINT('',(4.14810071476,8.945970954979));
#590 = CARTESIAN_POINT('',(4.145427917027,8.798629591031));
#591 = CARTESIAN_POINT('',(4.143319370946,8.644626173636));
#592 = CARTESIAN_POINT('',(4.14175502813,8.486189828765));
#593 = CARTESIAN_POINT('',(4.140718356011,8.32503424419));
#594 = CARTESIAN_POINT('',(4.140199657758,8.162550576291));
#595 = CARTESIAN_POINT('',(4.140199657758,7.796842235283));
#596 = CARTESIAN_POINT('',(4.141009854654,7.593779795742));
#597 = CARTESIAN_POINT('',(4.142629132131,7.393272459042));
#598 = CARTESIAN_POINT('',(4.145081237373,7.198120535951));
#599 = CARTESIAN_POINT('',(4.148404682655,7.012005636891));
#600 = CARTESIAN_POINT('',(4.152643429779,6.840075668292));
#601 = CARTESIAN_POINT('',(4.1623359207,6.559568802232));
#602 = CARTESIAN_POINT('',(4.167719763825,6.441099712492));
#603 = CARTESIAN_POINT('',(4.173868114485,6.348251481465));
#604 = CARTESIAN_POINT('',(4.180558555793,6.29035270896));
#605 = CARTESIAN_POINT('',(4.187494388649,6.272422655403));
#606 = CARTESIAN_POINT('',(4.194359405035,6.294908112524));
#607 = CARTESIAN_POINT('',(4.205092896337,6.391357301048));
#608 = CARTESIAN_POINT('',(4.209202797452,6.44478466117));
#609 = CARTESIAN_POINT('',(4.213143559504,6.513185196528));
#610 = CARTESIAN_POINT('',(4.216862414759,6.595757042633));
#611 = CARTESIAN_POINT('',(4.22031026598,6.691414218629));
#612 = CARTESIAN_POINT('',(4.223443047643,6.798811113096));
#613 = CARTESIAN_POINT('',(4.229282982188,7.045712410323));
#614 = CARTESIAN_POINT('',(4.231916611347,7.187375039179));
#615 = CARTESIAN_POINT('',(4.23407548145,7.339287286501));
#616 = CARTESIAN_POINT('',(4.235721373144,7.499109853375));
#617 = CARTESIAN_POINT('',(4.236827740892,7.664293303503));
#618 = CARTESIAN_POINT('',(4.237380751815,7.832157337862));
#619 = CARTESIAN_POINT('',(4.237380751815,8.16256856562));
#620 = CARTESIAN_POINT('',(4.236861939385,8.32505463403));
#621 = CARTESIAN_POINT('',(4.23582521457,8.486197862446));
#622 = CARTESIAN_POINT('',(4.234261039271,8.644614090818));
#623 = CARTESIAN_POINT('',(4.232152849452,8.798602412699));
#624 = CARTESIAN_POINT('',(4.229480267162,8.945946757172));
#625 = CARTESIAN_POINT('',(4.22277949004,9.229242837106));
#626 = CARTESIAN_POINT('',(4.218591516844,9.367869275361));
#627 = CARTESIAN_POINT('',(4.21366605658,9.491045371259));
#628 = CARTESIAN_POINT('',(4.208077141287,9.591370377914));
#629 = CARTESIAN_POINT('',(4.201951658509,9.662643773428));
#630 = CARTESIAN_POINT('',(4.195456221572,9.7));
#631 = CARTESIAN_POINT('',(4.188790204786,9.7));
#632 = ( GEOMETRIC_REPRESENTATION_CONTEXT(2) 
PARAMETRIC_REPRESENTATION_CONTEXT() REPRESENTATION_CONTEXT('2D SPACE',''
  ) );
#633 = PCURVE('',#634,#639);
#634 = CYLINDRICAL_SURFACE('',#635,1.7);
#635 = AXIS2_PLACEMENT_3D('',#636,#637,#638);
#636 = CARTESIAN_POINT('',(-15.45,-26.76018497693,8.));
#637 = DIRECTION('',(-0.5,-0.866025403784,0.));
#638 = DIRECTION('',(0.,0.,1.));
#639 = DEFINITIONAL_REPRESENTATION('',(#640),#691);
#640 = B_SPLINE_CURVE_WITH_KNOTS('',7,(#641,#642,#643,#644,#645,#646,
    #647,#648,#649,#650,#651,#652,#653,#654,#655,#656,#657,#658,#659,
    #660,#661,#662,#663,#664,#665,#666,#667,#668,#669,#670,#671,#672,
    #673,#674,#675,#676,#677,#678,#679,#680,#681,#682,#683,#684,#685,
    #686,#687,#688,#689,#690),.UNSPECIFIED.,.F.,.F.,(8,6,6,6,6,6,6,6,8),
  (0.,0.142506669887,0.277159573565,0.445450474453,0.591980019376,
    0.68703221183,0.791596316285,0.892874717497,1.),.UNSPECIFIED.);
#641 = CARTESIAN_POINT('',(0.,4.1));
#642 = CARTESIAN_POINT('',(0.137303441478,4.1));
#643 = CARTESIAN_POINT('',(0.271041857555,4.098183886));
#644 = CARTESIAN_POINT('',(0.401344265923,4.094721535655));
#645 = CARTESIAN_POINT('',(0.528038129093,4.090100269679));
#646 = CARTESIAN_POINT('',(0.650684659795,4.084995105977));
#647 = CARTESIAN_POINT('',(0.768430239955,4.079993919937));
#648 = CARTESIAN_POINT('',(0.984732374133,4.071215760399));
#649 = CARTESIAN_POINT('',(1.086559530129,4.067282183986));
#650 = CARTESIAN_POINT('',(1.185898563973,4.063934124472));
#651 = CARTESIAN_POINT('',(1.283374151159,4.061334055035));
#652 = CARTESIAN_POINT('',(1.3795997871,4.059571689487));
#653 = CARTESIAN_POINT('',(1.475178340741,4.058689906803));
#654 = CARTESIAN_POINT('',(1.690300894276,4.058689906803));
#655 = CARTESIAN_POINT('',(1.809748620559,4.060067170706));
#656 = CARTESIAN_POINT('',(1.930485221659,4.062820309735));
#657 = CARTESIAN_POINT('',(2.053624604807,4.06684337001));
#658 = CARTESIAN_POINT('',(2.180404808787,4.071917776736));
#659 = CARTESIAN_POINT('',(2.312065280892,4.077606715166));
#660 = CARTESIAN_POINT('',(2.57092601019,4.088109699763));
#661 = CARTESIAN_POINT('',(2.700725396218,4.093112615555));
#662 = CARTESIAN_POINT('',(2.835904405267,4.097537931353));
#663 = CARTESIAN_POINT('',(2.974331420203,4.100505015056));
#664 = CARTESIAN_POINT('',(3.1143581836,4.101370079487));
#665 = CARTESIAN_POINT('',(3.25454665958,4.100198908153));
#666 = CARTESIAN_POINT('',(3.482681455996,4.095661079893));
#667 = CARTESIAN_POINT('',(3.572443459939,4.093195349511));
#668 = CARTESIAN_POINT('',(3.662197812133,4.090143096424));
#669 = CARTESIAN_POINT('',(3.751954140477,4.086652472592));
#670 = CARTESIAN_POINT('',(3.841717997549,4.082910951971));
#671 = CARTESIAN_POINT('',(3.931483217205,4.079122998596));
#672 = CARTESIAN_POINT('',(4.119975833723,4.071473428859));
#673 = CARTESIAN_POINT('',(4.218716014353,4.067641951389));
#674 = CARTESIAN_POINT('',(4.317445211478,4.064241309405));
#675 = CARTESIAN_POINT('',(4.416175164575,4.061511073656));
#676 = CARTESIAN_POINT('',(4.514914736122,4.059629935011));
#677 = CARTESIAN_POINT('',(4.613658002657,4.058689906803));
#678 = CARTESIAN_POINT('',(4.808017548397,4.058689906803));
#679 = CARTESIAN_POINT('',(4.903597502372,4.059571882879));
#680 = CARTESIAN_POINT('',(4.999816385357,4.061334340928));
#681 = CARTESIAN_POINT('',(5.09728026494,4.063934093618));
#682 = CARTESIAN_POINT('',(5.196608779537,4.067281564456));
#683 = CARTESIAN_POINT('',(5.29843445964,4.071215010695));
#684 = CARTESIAN_POINT('',(5.514712057028,4.07999217446));
#685 = CARTESIAN_POINT('',(5.632472501842,4.084993789784));
#686 = CARTESIAN_POINT('',(5.755156457151,4.090100959168));
#687 = CARTESIAN_POINT('',(5.881888934397,4.094723854676));
#688 = CARTESIAN_POINT('',(6.012214293464,4.098185522607));
#689 = CARTESIAN_POINT('',(6.145943785124,4.1));
#690 = CARTESIAN_POINT('',(6.28318530718,4.1));
#691 = ( GEOMETRIC_REPRESENTATION_CONTEXT(2) 
PARAMETRIC_REPRESENTATION_CONTEXT() REPRESENTATION_CONTEXT('2D SPACE',''
  ) );
#692 = ADVANCED_FACE('',(#693),#175,.F.);
#693 = FACE_BOUND('',#694,.F.);
#694 = EDGE_LOOP('',(#695,#696,#719,#816,#906,#907));
#695 = ORIENTED_EDGE('',*,*,#261,.F.);
#696 = ORIENTED_EDGE('',*,*,#697,.F.);
#697 = EDGE_CURVE('',#698,#56,#700,.T.);
#698 = VERTEX_POINT('',#699);
#699 = CARTESIAN_POINT('',(33.4,-3.882130353297E-15,9.7));
#700 = SEAM_CURVE('',#701,(#705,#712),.PCURVE_S1.);
#701 = LINE('',#702,#703);
#702 = CARTESIAN_POINT('',(30.9,4.163799117101E-16,9.7));
#703 = VECTOR('',#704,1.);
#704 = DIRECTION('',(1.,0.,0.));
#705 = PCURVE('',#175,#706);
#706 = DEFINITIONAL_REPRESENTATION('',(#707),#711);
#707 = LINE('',#708,#709);
#708 = CARTESIAN_POINT('',(6.28318530718,-0.));
#709 = VECTOR('',#710,1.);
#710 = DIRECTION('',(0.,1.));
#711 = ( GEOMETRIC_REPRESENTATION_CONTEXT(2) 
PARAMETRIC_REPRESENTATION_CONTEXT() REPRESENTATION_CONTEXT('2D SPACE',''
  ) );
#712 = PCURVE('',#175,#713);
#713 = DEFINITIONAL_REPRESENTATION('',(#714),#718);
#714 = LINE('',#715,#716);
#715 = CARTESIAN_POINT('',(0.,-0.));
#716 = VECTOR('',#717,1.);
#717 = DIRECTION('',(0.,1.));
#718 = ( GEOMETRIC_REPRESENTATION_CONTEXT(2) 
PARAMETRIC_REPRESENTATION_CONTEXT() REPRESENTATION_CONTEXT('2D SPACE',''
  ) );
#719 = ORIENTED_EDGE('',*,*,#720,.T.);
#720 = EDGE_CURVE('',#698,#721,#723,.T.);
#721 = VERTEX_POINT('',#722);
#722 = CARTESIAN_POINT('',(33.4,-8.180640618304E-15,6.3));
#723 = SURFACE_CURVE('',#724,(#751,#781),.PCURVE_S1.);
#724 = B_SPLINE_CURVE_WITH_KNOTS('',7,(#725,#726,#727,#728,#729,#730,
    #731,#732,#733,#734,#735,#736,#737,#738,#739,#740,#741,#742,#743,
    #744,#745,#746,#747,#748,#749,#750),.UNSPECIFIED.,.F.,.F.,(8,6,6,6,8
    ),(0.,0.257093891299,0.500016736337,0.742965100139,1.),
  .UNSPECIFIED.);
#725 = CARTESIAN_POINT('',(33.4,-2.442490654175E-15,9.7));
#726 = CARTESIAN_POINT('',(33.4,-0.233419874157,9.7));
#727 = CARTESIAN_POINT('',(33.398096820416,-0.460776001765,
    9.662608768425));
#728 = CARTESIAN_POINT('',(33.394468580704,-0.67510118242,9.591320857292
    ));
#729 = CARTESIAN_POINT('',(33.389625908545,-0.870595411799,9.49102005599
    ));
#730 = CARTESIAN_POINT('',(33.384276023061,-1.042864217618,
    9.367893480257));
#731 = CARTESIAN_POINT('',(33.379034990257,-1.189356773794,
    9.229299285889));
#732 = CARTESIAN_POINT('',(33.369835720598,-1.423745409596,
    8.945972095909));
#733 = CARTESIAN_POINT('',(33.365713427521,-1.517210150647,8.79863304782
    ));
#734 = CARTESIAN_POINT('',(33.362204670193,-1.590933192191,
    8.644632120132));
#735 = CARTESIAN_POINT('',(33.359479712888,-1.645624197601,8.4861970544)
  );
#736 = CARTESIAN_POINT('',(33.357632644294,-1.6818661522,8.325040709475)
  );
#737 = CARTESIAN_POINT('',(33.356708470711,-1.7,8.162554323248));
#738 = CARTESIAN_POINT('',(33.356708470711,-1.7,7.837428600608));
#739 = CARTESIAN_POINT('',(33.357632836609,-1.68186236419,7.67493992277)
  );
#740 = CARTESIAN_POINT('',(33.359479997775,-1.645618652698,
    7.513795278985));
#741 = CARTESIAN_POINT('',(33.362204640387,-1.590933191985,
    7.355379284065));
#742 = CARTESIAN_POINT('',(33.365712813203,-1.517221955181,
    7.201392671085));
#743 = CARTESIAN_POINT('',(33.369834976967,-1.423764356609,
    7.054050807096));
#744 = CARTESIAN_POINT('',(33.379034194971,-1.189377036926,6.77072520803
    ));
#745 = CARTESIAN_POINT('',(33.384275319178,-1.042886544827,
    6.632120533519));
#746 = CARTESIAN_POINT('',(33.389626054117,-0.870599247752,
    6.508972779969));
#747 = CARTESIAN_POINT('',(33.394469604512,-0.675074182563,
    6.408658980023));
#748 = CARTESIAN_POINT('',(33.398097627296,-0.460723230383,
    6.337375395155));
#749 = CARTESIAN_POINT('',(33.4,-0.23337045272,6.3));
#750 = CARTESIAN_POINT('',(33.4,-1.998401444325E-15,6.3));
#751 = PCURVE('',#175,#752);
#752 = DEFINITIONAL_REPRESENTATION('',(#753),#780);
#753 = B_SPLINE_CURVE_WITH_KNOTS('',7,(#754,#755,#756,#757,#758,#759,
    #760,#761,#762,#763,#764,#765,#766,#767,#768,#769,#770,#771,#772,
    #773,#774,#775,#776,#777,#778,#779),.UNSPECIFIED.,.F.,.F.,(8,6,6,6,8
    ),(0.,0.257093891299,0.500016736337,0.742965100139,1.),
  .UNSPECIFIED.);
#754 = CARTESIAN_POINT('',(-1.7763568394E-15,2.5));
#755 = CARTESIAN_POINT('',(0.137305808328,2.5));
#756 = CARTESIAN_POINT('',(0.271044641496,2.498096820416));
#757 = CARTESIAN_POINT('',(0.401346492649,2.494468580704));
#758 = CARTESIAN_POINT('',(0.528039411362,2.489625908545));
#759 = CARTESIAN_POINT('',(0.650685077773,2.484276023061));
#760 = CARTESIAN_POINT('',(0.768430155284,2.479034990257));
#761 = CARTESIAN_POINT('',(0.984731503109,2.469835720598));
#762 = CARTESIAN_POINT('',(1.086557068432,2.465713427521));
#763 = CARTESIAN_POINT('',(1.185894757113,2.462204670193));
#764 = CARTESIAN_POINT('',(1.283369800217,2.459479712888));
#765 = CARTESIAN_POINT('',(1.3795959844,2.457632644294));
#766 = CARTESIAN_POINT('',(1.475176136649,2.456708470711));
#767 = CARTESIAN_POINT('',(1.666426561731,2.456708470711));
#768 = CARTESIAN_POINT('',(1.762008050386,2.457632836609));
#769 = CARTESIAN_POINT('',(1.858227842135,2.459479997775));
#770 = CARTESIAN_POINT('',(1.955691786228,2.462204640387));
#771 = CARTESIAN_POINT('',(2.055019501539,2.465712813203));
#772 = CARTESIAN_POINT('',(2.156843665569,2.469834976967));
#773 = CARTESIAN_POINT('',(2.373143798838,2.479034194971));
#774 = CARTESIAN_POINT('',(2.490892856547,2.484275319178));
#775 = CARTESIAN_POINT('',(2.613553895087,2.489626054117));
#776 = CARTESIAN_POINT('',(2.740264690024,2.494469604512));
#777 = CARTESIAN_POINT('',(2.870579062212,2.498097627296));
#778 = CARTESIAN_POINT('',(3.004315916695,2.5));
#779 = CARTESIAN_POINT('',(3.14159265359,2.5));
#780 = ( GEOMETRIC_REPRESENTATION_CONTEXT(2) 
PARAMETRIC_REPRESENTATION_CONTEXT() REPRESENTATION_CONTEXT('2D SPACE',''
  ) );
#781 = PCURVE('',#782,#787);
#782 = CYLINDRICAL_SURFACE('',#783,33.4);
#783 = AXIS2_PLACEMENT_3D('',#784,#785,#786);
#784 = CARTESIAN_POINT('',(0.,0.,-1.));
#785 = DIRECTION('',(0.,0.,1.));
#786 = DIRECTION('',(1.,0.,-0.));
#787 = DEFINITIONAL_REPRESENTATION('',(#788),#815);
#788 = B_SPLINE_CURVE_WITH_KNOTS('',7,(#789,#790,#791,#792,#793,#794,
    #795,#796,#797,#798,#799,#800,#801,#802,#803,#804,#805,#806,#807,
    #808,#809,#810,#811,#812,#813,#814),.UNSPECIFIED.,.F.,.F.,(8,6,6,6,8
    ),(0.,0.257093891299,0.500016736337,0.742965100139,1.),
  .UNSPECIFIED.);
#789 = CARTESIAN_POINT('',(6.28318530718,10.7));
#790 = CARTESIAN_POINT('',(6.276196688193,10.7));
#791 = CARTESIAN_POINT('',(6.269389617762,10.662608768425));
#792 = CARTESIAN_POINT('',(6.262972142863,10.591320857292));
#793 = CARTESIAN_POINT('',(6.2571174674,10.49102005599));
#794 = CARTESIAN_POINT('',(6.251957324738,10.367893480257));
#795 = CARTESIAN_POINT('',(6.247568540962,10.229299285889));
#796 = CARTESIAN_POINT('',(6.240545514241,9.945972095909));
#797 = CARTESIAN_POINT('',(6.237744481165,9.79863304782));
#798 = CARTESIAN_POINT('',(6.235534717765,9.644632120132));
#799 = CARTESIAN_POINT('',(6.233895232566,9.4861970544));
#800 = CARTESIAN_POINT('',(6.232808735742,9.325040709475));
#801 = CARTESIAN_POINT('',(6.23226510155,9.162554323248));
#802 = CARTESIAN_POINT('',(6.23226510155,8.837428600608));
#803 = CARTESIAN_POINT('',(6.232808849299,8.67493992277));
#804 = CARTESIAN_POINT('',(6.233895398808,8.513795278985));
#805 = CARTESIAN_POINT('',(6.23553471771,8.355379284065));
#806 = CARTESIAN_POINT('',(6.237744127286,8.201392671085));
#807 = CARTESIAN_POINT('',(6.240544946528,8.054050807096));
#808 = CARTESIAN_POINT('',(6.247567933815,7.77072520803));
#809 = CARTESIAN_POINT('',(6.251956655931,7.632120533519));
#810 = CARTESIAN_POINT('',(6.257117352829,7.508972779969));
#811 = CARTESIAN_POINT('',(6.262972951616,7.408658980023));
#812 = CARTESIAN_POINT('',(6.269391197745,7.337375395155));
#813 = CARTESIAN_POINT('',(6.276198167877,7.3));
#814 = CARTESIAN_POINT('',(6.28318530718,7.3));
#815 = ( GEOMETRIC_REPRESENTATION_CONTEXT(2) 
PARAMETRIC_REPRESENTATION_CONTEXT() REPRESENTATION_CONTEXT('2D SPACE',''
  ) );
#816 = ORIENTED_EDGE('',*,*,#817,.T.);
#817 = EDGE_CURVE('',#721,#698,#818,.T.);
#818 = SURFACE_CURVE('',#819,(#846,#876),.PCURVE_S1.);
#819 = B_SPLINE_CURVE_WITH_KNOTS('',7,(#820,#821,#822,#823,#824,#825,
    #826,#827,#828,#829,#830,#831,#832,#833,#834,#835,#836,#837,#838,
    #839,#840,#841,#842,#843,#844,#845),.UNSPECIFIED.,.F.,.F.,(8,6,6,6,8
    ),(0.,0.257090073789,0.500049730435,0.743009387082,1.),
  .UNSPECIFIED.);
#820 = CARTESIAN_POINT('',(33.4,2.160759992308E-15,6.3));
#821 = CARTESIAN_POINT('',(33.4,0.233419874157,6.3));
#822 = CARTESIAN_POINT('',(33.398096820416,0.460776001765,6.337391231575
    ));
#823 = CARTESIAN_POINT('',(33.394468580704,0.67510118242,6.408679142708)
  );
#824 = CARTESIAN_POINT('',(33.389625908545,0.870595411799,6.50897994401)
  );
#825 = CARTESIAN_POINT('',(33.384276023061,1.042864217618,6.632106519743
    ));
#826 = CARTESIAN_POINT('',(33.379034990257,1.189356773794,6.770700714111
    ));
#827 = CARTESIAN_POINT('',(33.369834976967,1.423764356609,7.054050807096
    ));
#828 = CARTESIAN_POINT('',(33.365712813203,1.517221955181,7.201392671085
    ));
#829 = CARTESIAN_POINT('',(33.362204640387,1.590933191985,7.355379284065
    ));
#830 = CARTESIAN_POINT('',(33.359479997775,1.645618652698,7.513795278985
    ));
#831 = CARTESIAN_POINT('',(33.357632836609,1.68186236419,7.67493992277)
  );
#832 = CARTESIAN_POINT('',(33.356708470711,1.7,7.837428600608));
#833 = CARTESIAN_POINT('',(33.356708470711,1.7,8.162571399392));
#834 = CARTESIAN_POINT('',(33.357632836609,1.68186236419,8.325060077229)
  );
#835 = CARTESIAN_POINT('',(33.359479997775,1.645618652698,8.486204721016
    ));
#836 = CARTESIAN_POINT('',(33.362204640387,1.590933191986,8.644620715935
    ));
#837 = CARTESIAN_POINT('',(33.365712813203,1.517221955181,8.798607328915
    ));
#838 = CARTESIAN_POINT('',(33.369834976967,1.423764356609,8.945949192904
    ));
#839 = CARTESIAN_POINT('',(33.379033160356,1.189403397921,9.229242927001
    ));
#840 = CARTESIAN_POINT('',(33.384274643336,1.042909386928,9.367868698084
    ));
#841 = CARTESIAN_POINT('',(33.389626631577,0.870592351581,9.491043915981
    ));
#842 = CARTESIAN_POINT('',(33.394471011688,0.675029337413,9.591368496401
    ));
#843 = CARTESIAN_POINT('',(33.398098536118,0.460655545134,9.662642498571
    ));
#844 = CARTESIAN_POINT('',(33.4,0.233314570906,9.7));
#845 = CARTESIAN_POINT('',(33.4,1.718093269345E-15,9.7));
#846 = PCURVE('',#175,#847);
#847 = DEFINITIONAL_REPRESENTATION('',(#848),#875);
#848 = B_SPLINE_CURVE_WITH_KNOTS('',7,(#849,#850,#851,#852,#853,#854,
    #855,#856,#857,#858,#859,#860,#861,#862,#863,#864,#865,#866,#867,
    #868,#869,#870,#871,#872,#873,#874),.UNSPECIFIED.,.F.,.F.,(8,6,6,6,8
    ),(0.,0.257090073789,0.500049730435,0.743009387082,1.),
  .UNSPECIFIED.);
#849 = CARTESIAN_POINT('',(3.14159265359,2.5));
#850 = CARTESIAN_POINT('',(3.278898461918,2.5));
#851 = CARTESIAN_POINT('',(3.412637295086,2.498096820416));
#852 = CARTESIAN_POINT('',(3.542939146239,2.494468580704));
#853 = CARTESIAN_POINT('',(3.669632064951,2.489625908545));
#854 = CARTESIAN_POINT('',(3.792277731363,2.484276023061));
#855 = CARTESIAN_POINT('',(3.910022808874,2.479034990257));
#856 = CARTESIAN_POINT('',(4.12634164161,2.469834976967));
#857 = CARTESIAN_POINT('',(4.22816580564,2.465712813203));
#858 = CARTESIAN_POINT('',(4.327493520952,2.462204640387));
#859 = CARTESIAN_POINT('',(4.424957465044,2.459479997775));
#860 = CARTESIAN_POINT('',(4.521177256793,2.457632836609));
#861 = CARTESIAN_POINT('',(4.616758745448,2.456708470711));
#862 = CARTESIAN_POINT('',(4.808019215321,2.456708470711));
#863 = CARTESIAN_POINT('',(4.903600703976,2.457632836609));
#864 = CARTESIAN_POINT('',(4.999820495725,2.459479997775));
#865 = CARTESIAN_POINT('',(5.097284439817,2.462204640387));
#866 = CARTESIAN_POINT('',(5.196612155129,2.465712813203));
#867 = CARTESIAN_POINT('',(5.298436319159,2.469834976967));
#868 = CARTESIAN_POINT('',(5.514712125656,2.479033160356));
#869 = CARTESIAN_POINT('',(5.632472075291,2.484274643336));
#870 = CARTESIAN_POINT('',(5.755155180543,2.489626631577));
#871 = CARTESIAN_POINT('',(5.88188672676,2.494471011688));
#872 = CARTESIAN_POINT('',(6.012211535914,2.498098536118));
#873 = CARTESIAN_POINT('',(6.145941441941,2.5));
#874 = CARTESIAN_POINT('',(6.28318530718,2.5));
#875 = ( GEOMETRIC_REPRESENTATION_CONTEXT(2) 
PARAMETRIC_REPRESENTATION_CONTEXT() REPRESENTATION_CONTEXT('2D SPACE',''
  ) );
#876 = PCURVE('',#782,#877);
#877 = DEFINITIONAL_REPRESENTATION('',(#878),#905);
#878 = B_SPLINE_CURVE_WITH_KNOTS('',7,(#879,#880,#881,#882,#883,#884,
    #885,#886,#887,#888,#889,#890,#891,#892,#893,#894,#895,#896,#897,
    #898,#899,#900,#901,#902,#903,#904),.UNSPECIFIED.,.F.,.F.,(8,6,6,6,8
    ),(0.,0.257090073789,0.500049730435,0.743009387082,1.),
  .UNSPECIFIED.);
#879 = CARTESIAN_POINT('',(0.,7.3));
#880 = CARTESIAN_POINT('',(6.988618986749E-03,7.3));
#881 = CARTESIAN_POINT('',(1.379568941774E-02,7.337391231575));
#882 = CARTESIAN_POINT('',(2.021316431668E-02,7.408679142708));
#883 = CARTESIAN_POINT('',(2.606783977923E-02,7.50897994401));
#884 = CARTESIAN_POINT('',(3.122798244146E-02,7.632106519743));
#885 = CARTESIAN_POINT('',(3.56167662173E-02,7.770700714111));
#886 = CARTESIAN_POINT('',(4.264036065139E-02,8.054050807096));
#887 = CARTESIAN_POINT('',(4.5441179894E-02,8.201392671085));
#888 = CARTESIAN_POINT('',(4.76505894695E-02,8.355379284065));
#889 = CARTESIAN_POINT('',(4.928990837181E-02,8.513795278985));
#890 = CARTESIAN_POINT('',(5.037645788047E-02,8.67493992277));
#891 = CARTESIAN_POINT('',(5.09202056299E-02,8.837428600608));
#892 = CARTESIAN_POINT('',(5.09202056299E-02,9.162571399392));
#893 = CARTESIAN_POINT('',(5.037645788047E-02,9.325060077229));
#894 = CARTESIAN_POINT('',(4.928990837181E-02,9.486204721016));
#895 = CARTESIAN_POINT('',(4.76505894695E-02,9.644620715935));
#896 = CARTESIAN_POINT('',(4.5441179894E-02,9.798607328915));
#897 = CARTESIAN_POINT('',(4.264036065139E-02,9.945949192904));
#898 = CARTESIAN_POINT('',(3.561816322399E-02,10.229242927001));
#899 = CARTESIAN_POINT('',(3.12293354159E-02,10.367868698084));
#900 = CARTESIAN_POINT('',(2.606774738324E-02,10.491043915981));
#901 = CARTESIAN_POINT('',(2.021101244939E-02,10.591368496401));
#902 = CARTESIAN_POINT('',(1.379208293999E-02,10.662642498571));
#903 = CARTESIAN_POINT('',(6.985466194798E-03,10.7));
#904 = CARTESIAN_POINT('',(0.,10.7));
#905 = ( GEOMETRIC_REPRESENTATION_CONTEXT(2) 
PARAMETRIC_REPRESENTATION_CONTEXT() REPRESENTATION_CONTEXT('2D SPACE',''
  ) );
#906 = ORIENTED_EDGE('',*,*,#697,.T.);
#907 = ORIENTED_EDGE('',*,*,#113,.F.);
#908 = ADVANCED_FACE('',(#909,#912),#248,.F.);
#909 = FACE_BOUND('',#910,.F.);
#910 = EDGE_LOOP('',(#911));
#911 = ORIENTED_EDGE('',*,*,#233,.T.);
#912 = FACE_BOUND('',#913,.F.);
#913 = EDGE_LOOP('',(#914));
#914 = ORIENTED_EDGE('',*,*,#915,.F.);
#915 = EDGE_CURVE('',#916,#916,#918,.T.);
#916 = VERTEX_POINT('',#917);
#917 = CARTESIAN_POINT('',(33.4,-8.180640618304E-15,0.));
#918 = SURFACE_CURVE('',#919,(#924,#931),.PCURVE_S1.);
#919 = CIRCLE('',#920,33.4);
#920 = AXIS2_PLACEMENT_3D('',#921,#922,#923);
#921 = CARTESIAN_POINT('',(0.,0.,0.));
#922 = DIRECTION('',(0.,0.,1.));
#923 = DIRECTION('',(1.,0.,-0.));
#924 = PCURVE('',#248,#925);
#925 = DEFINITIONAL_REPRESENTATION('',(#926),#930);
#926 = CIRCLE('',#927,33.4);
#927 = AXIS2_PLACEMENT_2D('',#928,#929);
#928 = CARTESIAN_POINT('',(0.,0.));
#929 = DIRECTION('',(1.,0.));
#930 = ( GEOMETRIC_REPRESENTATION_CONTEXT(2) 
PARAMETRIC_REPRESENTATION_CONTEXT() REPRESENTATION_CONTEXT('2D SPACE',''
  ) );
#931 = PCURVE('',#782,#932);
#932 = DEFINITIONAL_REPRESENTATION('',(#933),#937);
#933 = LINE('',#934,#935);
#934 = CARTESIAN_POINT('',(0.,1.));
#935 = VECTOR('',#936,1.);
#936 = DIRECTION('',(1.,0.));
#937 = ( GEOMETRIC_REPRESENTATION_CONTEXT(2) 
PARAMETRIC_REPRESENTATION_CONTEXT() REPRESENTATION_CONTEXT('2D SPACE',''
  ) );
#938 = ADVANCED_FACE('',(#939,#942),#100,.T.);
#939 = FACE_BOUND('',#940,.T.);
#940 = EDGE_LOOP('',(#941));
#941 = ORIENTED_EDGE('',*,*,#85,.T.);
#942 = FACE_BOUND('',#943,.T.);
#943 = EDGE_LOOP('',(#944));
#944 = ORIENTED_EDGE('',*,*,#945,.F.);
#945 = EDGE_CURVE('',#946,#946,#948,.T.);
#946 = VERTEX_POINT('',#947);
#947 = CARTESIAN_POINT('',(33.4,-8.180640618304E-15,198.4));
#948 = SURFACE_CURVE('',#949,(#954,#961),.PCURVE_S1.);
#949 = CIRCLE('',#950,33.4);
#950 = AXIS2_PLACEMENT_3D('',#951,#952,#953);
#951 = CARTESIAN_POINT('',(0.,0.,198.4));
#952 = DIRECTION('',(0.,0.,1.));
#953 = DIRECTION('',(1.,0.,-0.));
#954 = PCURVE('',#100,#955);
#955 = DEFINITIONAL_REPRESENTATION('',(#956),#960);
#956 = CIRCLE('',#957,33.4);
#957 = AXIS2_PLACEMENT_2D('',#958,#959);
#958 = CARTESIAN_POINT('',(0.,0.));
#959 = DIRECTION('',(1.,0.));
#960 = ( GEOMETRIC_REPRESENTATION_CONTEXT(2) 
PARAMETRIC_REPRESENTATION_CONTEXT() REPRESENTATION_CONTEXT('2D SPACE',''
  ) );
#961 = PCURVE('',#782,#962);
#962 = DEFINITIONAL_REPRESENTATION('',(#963),#967);
#963 = LINE('',#964,#965);
#964 = CARTESIAN_POINT('',(0.,199.4));
#965 = VECTOR('',#966,1.);
#966 = DIRECTION('',(1.,0.));
#967 = ( GEOMETRIC_REPRESENTATION_CONTEXT(2) 
PARAMETRIC_REPRESENTATION_CONTEXT() REPRESENTATION_CONTEXT('2D SPACE',''
  ) );
#968 = ADVANCED_FACE('',(#969),#463,.F.);
#969 = FACE_BOUND('',#970,.F.);
#970 = EDGE_LOOP('',(#971,#972,#995,#1157));
#971 = ORIENTED_EDGE('',*,*,#353,.F.);
#972 = ORIENTED_EDGE('',*,*,#973,.F.);
#973 = EDGE_CURVE('',#974,#354,#976,.T.);
#974 = VERTEX_POINT('',#975);
#975 = CARTESIAN_POINT('',(-16.7,28.9252484864,9.7));
#976 = SEAM_CURVE('',#977,(#981,#988),.PCURVE_S1.);
#977 = LINE('',#978,#979);
#978 = CARTESIAN_POINT('',(-15.45,26.760184976939,9.7));
#979 = VECTOR('',#980,1.);
#980 = DIRECTION('',(-0.5,0.866025403784,0.));
#981 = PCURVE('',#463,#982);
#982 = DEFINITIONAL_REPRESENTATION('',(#983),#987);
#983 = LINE('',#984,#985);
#984 = CARTESIAN_POINT('',(6.28318530718,-0.));
#985 = VECTOR('',#986,1.);
#986 = DIRECTION('',(0.,1.));
#987 = ( GEOMETRIC_REPRESENTATION_CONTEXT(2) 
PARAMETRIC_REPRESENTATION_CONTEXT() REPRESENTATION_CONTEXT('2D SPACE',''
  ) );
#988 = PCURVE('',#463,#989);
#989 = DEFINITIONAL_REPRESENTATION('',(#990),#994);
#990 = LINE('',#991,#992);
#991 = CARTESIAN_POINT('',(0.,-0.));
#992 = VECTOR('',#993,1.);
#993 = DIRECTION('',(0.,1.));
#994 = ( GEOMETRIC_REPRESENTATION_CONTEXT(2) 
PARAMETRIC_REPRESENTATION_CONTEXT() REPRESENTATION_CONTEXT('2D SPACE',''
  ) );
#995 = ORIENTED_EDGE('',*,*,#996,.T.);
#996 = EDGE_CURVE('',#974,#974,#997,.T.);
#997 = SURFACE_CURVE('',#998,(#1049,#1103),.PCURVE_S1.);
#998 = B_SPLINE_CURVE_WITH_KNOTS('',7,(#999,#1000,#1001,#1002,#1003,
    #1004,#1005,#1006,#1007,#1008,#1009,#1010,#1011,#1012,#1013,#1014,
    #1015,#1016,#1017,#1018,#1019,#1020,#1021,#1022,#1023,#1024,#1025,
    #1026,#1027,#1028,#1029,#1030,#1031,#1032,#1033,#1034,#1035,#1036,
    #1037,#1038,#1039,#1040,#1041,#1042,#1043,#1044,#1045,#1046,#1047,
    #1048),.UNSPECIFIED.,.T.,.F.,(8,6,6,6,6,6,6,6,8),(0.,0.142507095653,
    0.277159183026,0.445448594813,0.59197820031,0.687029533263,
    0.79159271271,0.892871911952,1.),.UNSPECIFIED.);
#999 = CARTESIAN_POINT('',(-16.7,28.9252484864,9.7));
#1000 = CARTESIAN_POINT('',(-16.49785245923,29.041958423479,9.7));
#1001 = CARTESIAN_POINT('',(-16.30000468722,29.153988285415,
    9.662608768425));
#1002 = CARTESIAN_POINT('',(-16.11257951625,29.258008727981,
    9.591320857292));
#1003 = CARTESIAN_POINT('',(-15.94085521123,29.351561965559,
    9.491020055991));
#1004 = CARTESIAN_POINT('',(-15.78899110637,29.433063231732,
    9.367893480257));
#1005 = CARTESIAN_POINT('',(-15.65950431486,29.501770642269,
    9.229299285889));
#1006 = CARTESIAN_POINT('',(-15.45191816706,29.61099815895,
    8.945972095908));
#1007 = CARTESIAN_POINT('',(-15.36891418042,29.654160518948,
    8.798633047818));
#1008 = CARTESIAN_POINT('',(-15.30331377493,29.687983366738,
    8.644632120133));
#1009 = CARTESIAN_POINT('',(-15.25458749623,29.712968987193,
    8.486197054399));
#1010 = CARTESIAN_POINT('',(-15.22227750857,29.729490356168,
    8.325040709477));
#1011 = CARTESIAN_POINT('',(-15.20611104892,29.737756922267,
    8.162554323249));
#1012 = CARTESIAN_POINT('',(-15.20611104892,29.737756922267,
    7.796838118321));
#1013 = CARTESIAN_POINT('',(-15.23136258232,29.724844714502,
    7.593771611059));
#1014 = CARTESIAN_POINT('',(-15.28183107916,29.699038574212,
    7.393261707652));
#1015 = CARTESIAN_POINT('',(-15.35818519507,29.65982412139,
    7.198109710462));
#1016 = CARTESIAN_POINT('',(-15.46148688495,29.606323521488,
    7.011997296017));
#1017 = CARTESIAN_POINT('',(-15.59285551142,29.537361825183,
    6.840071470236));
#1018 = CARTESIAN_POINT('',(-15.89199892302,29.377360367618,
    6.559571248265));
#1019 = CARTESIAN_POINT('',(-16.05775252974,29.287716270332,
    6.441101675332));
#1020 = CARTESIAN_POINT('',(-16.24639887828,29.184156048604,
    6.348252708565));
#1021 = CARTESIAN_POINT('',(-16.45074396531,29.0697675438,6.290353359067
    ));
#1022 = CARTESIAN_POINT('',(-16.66143999538,28.949168939019,
    6.272422486577));
#1023 = CARTESIAN_POINT('',(-16.86891520831,28.827965972784,
    6.294907539264));
#1024 = CARTESIAN_POINT('',(-17.19185747882,28.6360242506,6.391357314077
    ));
#1025 = CARTESIAN_POINT('',(-17.31512355866,28.561872939883,
    6.444784676748));
#1026 = CARTESIAN_POINT('',(-17.43294531583,28.490155176135,
    6.513185188598));
#1027 = CARTESIAN_POINT('',(-17.5437995554,28.421929615905,
    6.595757015392));
#1028 = CARTESIAN_POINT('',(-17.64629740329,28.358224958367,6.6914142065
    ));
#1029 = CARTESIAN_POINT('',(-17.73921371233,28.299995955787,
    6.798811139553));
#1030 = CARTESIAN_POINT('',(-17.91209500755,28.1909261595,7.04571240658)
  );
#1031 = CARTESIAN_POINT('',(-17.98984673106,28.141399648662,
    7.187375105759));
#1032 = CARTESIAN_POINT('',(-18.05343614068,28.100571055435,
    7.339287372136));
#1033 = CARTESIAN_POINT('',(-18.10183789299,28.069322302885,
    7.499109869103));
#1034 = CARTESIAN_POINT('',(-18.13434750146,28.048276400191,
    7.664293215364));
#1035 = CARTESIAN_POINT('',(-18.15059742178,28.037756922267,
    7.832157219499));
#1036 = CARTESIAN_POINT('',(-18.15059742178,28.037756922267,
    8.162571399391));
#1037 = CARTESIAN_POINT('',(-18.13535195136,28.047626264522,
    8.325060077229));
#1038 = CARTESIAN_POINT('',(-18.10488755706,28.067347808763,
    8.486204721016));
#1039 = CARTESIAN_POINT('',(-18.05889088017,28.097050148838,
    8.644620715935));
#1040 = CARTESIAN_POINT('',(-17.99680916296,28.136943934019,
    8.798607328915));
#1041 = CARTESIAN_POINT('',(-17.91793359031,28.187242631844,
    8.945949192904));
#1042 = CARTESIAN_POINT('',(-17.71957013812,28.312388971672,
    9.229242927003));
#1043 = CARTESIAN_POINT('',(-17.59532334459,28.390175234582,
    9.367868698083));
#1044 = CARTESIAN_POINT('',(-17.44876840859,28.480968710032,
    9.49104391598));
#1045 = CARTESIAN_POINT('',(-17.28182806034,28.582945573358,
    9.591368496401));
#1046 = CARTESIAN_POINT('',(-17.09798867253,28.693273997808,
    9.662642498571));
#1047 = CARTESIAN_POINT('',(-16.90205634547,28.808591200948,9.7));
#1048 = CARTESIAN_POINT('',(-16.7,28.9252484864,9.7));
#1049 = PCURVE('',#463,#1050);
#1050 = DEFINITIONAL_REPRESENTATION('',(#1051),#1102);
#1051 = B_SPLINE_CURVE_WITH_KNOTS('',7,(#1052,#1053,#1054,#1055,#1056,
    #1057,#1058,#1059,#1060,#1061,#1062,#1063,#1064,#1065,#1066,#1067,
    #1068,#1069,#1070,#1071,#1072,#1073,#1074,#1075,#1076,#1077,#1078,
    #1079,#1080,#1081,#1082,#1083,#1084,#1085,#1086,#1087,#1088,#1089,
    #1090,#1091,#1092,#1093,#1094,#1095,#1096,#1097,#1098,#1099,#1100,
    #1101),.UNSPECIFIED.,.F.,.F.,(8,6,6,6,6,6,6,6,8),(0.,0.142507095653,
    0.277159183026,0.445448594813,0.59197820031,0.687029533263,
    0.79159271271,0.892871911952,1.),.UNSPECIFIED.);
#1052 = CARTESIAN_POINT('',(0.,2.5));
#1053 = CARTESIAN_POINT('',(0.137305808328,2.5));
#1054 = CARTESIAN_POINT('',(0.271044641496,2.498096820416));
#1055 = CARTESIAN_POINT('',(0.401346492649,2.494468580704));
#1056 = CARTESIAN_POINT('',(0.528039411361,2.489625908545));
#1057 = CARTESIAN_POINT('',(0.650685077773,2.484276023061));
#1058 = CARTESIAN_POINT('',(0.768430155284,2.479034990257));
#1059 = CARTESIAN_POINT('',(0.98473150311,2.469835720598));
#1060 = CARTESIAN_POINT('',(1.086557068433,2.465713427521));
#1061 = CARTESIAN_POINT('',(1.185894757112,2.462204670193));
#1062 = CARTESIAN_POINT('',(1.283369800217,2.459479712888));
#1063 = CARTESIAN_POINT('',(1.379595984399,2.457632644294));
#1064 = CARTESIAN_POINT('',(1.475176136649,2.456708470711));
#1065 = CARTESIAN_POINT('',(1.690303316018,2.456708470711));
#1066 = CARTESIAN_POINT('',(1.809753435507,2.458151937466));
#1067 = CARTESIAN_POINT('',(1.930491713997,2.461037412824));
#1068 = CARTESIAN_POINT('',(2.053631646027,2.465253758441));
#1069 = CARTESIAN_POINT('',(2.180410995102,2.470571724748));
#1070 = CARTESIAN_POINT('',(2.312069154993,2.476533457093));
#1071 = CARTESIAN_POINT('',(2.570923752913,2.487539836001));
#1072 = CARTESIAN_POINT('',(2.70072281693,2.492782573813));
#1073 = CARTESIAN_POINT('',(2.835901891837,2.497419965242));
#1074 = CARTESIAN_POINT('',(2.974329040959,2.500529157697));
#1075 = CARTESIAN_POINT('',(3.114356083569,2.501435717329));
#1076 = CARTESIAN_POINT('',(3.254545303627,2.50020847602));
#1077 = CARTESIAN_POINT('',(3.482681486815,2.495453203822));
#1078 = CARTESIAN_POINT('',(3.572443470903,2.492869324936));
#1079 = CARTESIAN_POINT('',(3.662197795438,2.489670798213));
#1080 = CARTESIAN_POINT('',(3.751954116024,2.48601284965));
#1081 = CARTESIAN_POINT('',(3.841717992043,2.482091921825));
#1082 = CARTESIAN_POINT('',(3.931483237404,2.478122280877));
#1083 = CARTESIAN_POINT('',(4.119975830865,2.470105714114));
#1084 = CARTESIAN_POINT('',(4.218716064436,2.466090359323));
#1085 = CARTESIAN_POINT('',(4.317445262625,2.462526465199));
#1086 = CARTESIAN_POINT('',(4.41617516845,2.459665127806));
#1087 = CARTESIAN_POINT('',(4.514914685161,2.457693645668));
#1088 = CARTESIAN_POINT('',(4.613657933031,2.456708470711));
#1089 = CARTESIAN_POINT('',(4.808019215321,2.456708470711));
#1090 = CARTESIAN_POINT('',(4.903600703976,2.457632836609));
#1091 = CARTESIAN_POINT('',(4.999820495725,2.459479997775));
#1092 = CARTESIAN_POINT('',(5.097284439817,2.462204640387));
#1093 = CARTESIAN_POINT('',(5.196612155129,2.465712813203));
#1094 = CARTESIAN_POINT('',(5.298436319159,2.469834976967));
#1095 = CARTESIAN_POINT('',(5.514712125658,2.479033160356));
#1096 = CARTESIAN_POINT('',(5.63247207529,2.484274643337));
#1097 = CARTESIAN_POINT('',(5.755155180543,2.489626631576));
#1098 = CARTESIAN_POINT('',(5.881886726758,2.494471011688));
#1099 = CARTESIAN_POINT('',(6.012211535915,2.498098536118));
#1100 = CARTESIAN_POINT('',(6.145941441942,2.5));
#1101 = CARTESIAN_POINT('',(6.28318530718,2.5));
#1102 = ( GEOMETRIC_REPRESENTATION_CONTEXT(2) 
PARAMETRIC_REPRESENTATION_CONTEXT() REPRESENTATION_CONTEXT('2D SPACE',''
  ) );
#1103 = PCURVE('',#782,#1104);
#1104 = DEFINITIONAL_REPRESENTATION('',(#1105),#1156);
#1105 = B_SPLINE_CURVE_WITH_KNOTS('',7,(#1106,#1107,#1108,#1109,#1110,
    #1111,#1112,#1113,#1114,#1115,#1116,#1117,#1118,#1119,#1120,#1121,
    #1122,#1123,#1124,#1125,#1126,#1127,#1128,#1129,#1130,#1131,#1132,
    #1133,#1134,#1135,#1136,#1137,#1138,#1139,#1140,#1141,#1142,#1143,
    #1144,#1145,#1146,#1147,#1148,#1149,#1150,#1151,#1152,#1153,#1154,
    #1155),.UNSPECIFIED.,.T.,.F.,(8,6,6,6,6,6,6,6,8),(0.,0.142507095653,
    0.277159183026,0.445448594813,0.59197820031,0.687029533263,
    0.79159271271,0.892871911952,1.),.UNSPECIFIED.);
#1106 = CARTESIAN_POINT('',(2.094395102393,10.7));
#1107 = CARTESIAN_POINT('',(2.087406483406,10.7));
#1108 = CARTESIAN_POINT('',(2.080599412975,10.662608768425));
#1109 = CARTESIAN_POINT('',(2.074181938077,10.591320857292));
#1110 = CARTESIAN_POINT('',(2.068327262614,10.491020055991));
#1111 = CARTESIAN_POINT('',(2.063167119952,10.367893480257));
#1112 = CARTESIAN_POINT('',(2.058778336176,10.229299285889));
#1113 = CARTESIAN_POINT('',(2.051755309454,9.945972095908));
#1114 = CARTESIAN_POINT('',(2.048954276379,9.798633047818));
#1115 = CARTESIAN_POINT('',(2.046744512979,9.644632120133));
#1116 = CARTESIAN_POINT('',(2.04510502778,9.486197054399));
#1117 = CARTESIAN_POINT('',(2.044018530955,9.325040709477));
#1118 = CARTESIAN_POINT('',(2.043474896763,9.162554323249));
#1119 = CARTESIAN_POINT('',(2.043474896763,8.796838118321));
#1120 = CARTESIAN_POINT('',(2.044324038428,8.593771611059));
#1121 = CARTESIAN_POINT('',(2.046021150876,8.393261707652));
#1122 = CARTESIAN_POINT('',(2.048591070406,8.198109710462));
#1123 = CARTESIAN_POINT('',(2.052074073286,8.011997296017));
#1124 = CARTESIAN_POINT('',(2.056516132865,7.840071470236));
#1125 = CARTESIAN_POINT('',(2.066673172196,7.559571248265));
#1126 = CARTESIAN_POINT('',(2.072315080207,7.441101675332));
#1127 = CARTESIAN_POINT('',(2.078758076245,7.348252708565));
#1128 = CARTESIAN_POINT('',(2.085769028765,7.290353359067));
#1129 = CARTESIAN_POINT('',(2.093037093132,7.272422486577));
#1130 = CARTESIAN_POINT('',(2.100231005192,7.294907539264));
#1131 = CARTESIAN_POINT('',(2.111478824603,7.391357314077));
#1132 = CARTESIAN_POINT('',(2.115785662823,7.444784676748));
#1133 = CARTESIAN_POINT('',(2.119915293946,7.513185188598));
#1134 = CARTESIAN_POINT('',(2.123812428791,7.595757015392));
#1135 = CARTESIAN_POINT('',(2.127425614348,7.6914142065));
#1136 = CARTESIAN_POINT('',(2.130708661139,7.798811139553));
#1137 = CARTESIAN_POINT('',(2.136828773353,8.04571240658));
#1138 = CARTESIAN_POINT('',(2.139588798057,8.187375105759));
#1139 = CARTESIAN_POINT('',(2.141851310126,8.339287372136));
#1140 = CARTESIAN_POINT('',(2.143576235645,8.499109869103));
#1141 = CARTESIAN_POINT('',(2.144735737586,8.664293215364));
#1142 = CARTESIAN_POINT('',(2.145315308023,8.832157219499));
#1143 = CARTESIAN_POINT('',(2.145315308023,9.162571399391));
#1144 = CARTESIAN_POINT('',(2.144771560274,9.325060077229));
#1145 = CARTESIAN_POINT('',(2.143685010765,9.486204721016));
#1146 = CARTESIAN_POINT('',(2.142045691863,9.644620715935));
#1147 = CARTESIAN_POINT('',(2.139836282287,9.798607328915));
#1148 = CARTESIAN_POINT('',(2.137035463045,9.945949192904));
#1149 = CARTESIAN_POINT('',(2.130013265617,10.229242927003));
#1150 = CARTESIAN_POINT('',(2.125624437809,10.367868698083));
#1151 = CARTESIAN_POINT('',(2.120462849776,10.49104391598));
#1152 = CARTESIAN_POINT('',(2.114606114843,10.591368496401));
#1153 = CARTESIAN_POINT('',(2.108187185333,10.662642498571));
#1154 = CARTESIAN_POINT('',(2.101380568588,10.7));
#1155 = CARTESIAN_POINT('',(2.094395102393,10.7));
#1156 = ( GEOMETRIC_REPRESENTATION_CONTEXT(2) 
PARAMETRIC_REPRESENTATION_CONTEXT() REPRESENTATION_CONTEXT('2D SPACE',''
  ) );
#1157 = ORIENTED_EDGE('',*,*,#973,.T.);
#1158 = ADVANCED_FACE('',(#1159),#634,.F.);
#1159 = FACE_BOUND('',#1160,.F.);
#1160 = EDGE_LOOP('',(#1161,#1162,#1185,#1347));
#1161 = ORIENTED_EDGE('',*,*,#524,.F.);
#1162 = ORIENTED_EDGE('',*,*,#1163,.F.);
#1163 = EDGE_CURVE('',#1164,#525,#1166,.T.);
#1164 = VERTEX_POINT('',#1165);
#1165 = CARTESIAN_POINT('',(-16.7,-28.9252484864,9.7));
#1166 = SEAM_CURVE('',#1167,(#1171,#1178),.PCURVE_S1.);
#1167 = LINE('',#1168,#1169);
#1168 = CARTESIAN_POINT('',(-15.45,-26.76018497693,9.7));
#1169 = VECTOR('',#1170,1.);
#1170 = DIRECTION('',(-0.5,-0.866025403784,0.));
#1171 = PCURVE('',#634,#1172);
#1172 = DEFINITIONAL_REPRESENTATION('',(#1173),#1177);
#1173 = LINE('',#1174,#1175);
#1174 = CARTESIAN_POINT('',(6.28318530718,-0.));
#1175 = VECTOR('',#1176,1.);
#1176 = DIRECTION('',(0.,1.));
#1177 = ( GEOMETRIC_REPRESENTATION_CONTEXT(2) 
PARAMETRIC_REPRESENTATION_CONTEXT() REPRESENTATION_CONTEXT('2D SPACE',''
  ) );
#1178 = PCURVE('',#634,#1179);
#1179 = DEFINITIONAL_REPRESENTATION('',(#1180),#1184);
#1180 = LINE('',#1181,#1182);
#1181 = CARTESIAN_POINT('',(0.,-0.));
#1182 = VECTOR('',#1183,1.);
#1183 = DIRECTION('',(0.,1.));
#1184 = ( GEOMETRIC_REPRESENTATION_CONTEXT(2) 
PARAMETRIC_REPRESENTATION_CONTEXT() REPRESENTATION_CONTEXT('2D SPACE',''
  ) );
#1185 = ORIENTED_EDGE('',*,*,#1186,.T.);
#1186 = EDGE_CURVE('',#1164,#1164,#1187,.T.);
#1187 = SURFACE_CURVE('',#1188,(#1239,#1293),.PCURVE_S1.);
#1188 = B_SPLINE_CURVE_WITH_KNOTS('',7,(#1189,#1190,#1191,#1192,#1193,
    #1194,#1195,#1196,#1197,#1198,#1199,#1200,#1201,#1202,#1203,#1204,
    #1205,#1206,#1207,#1208,#1209,#1210,#1211,#1212,#1213,#1214,#1215,
    #1216,#1217,#1218,#1219,#1220,#1221,#1222,#1223,#1224,#1225,#1226,
    #1227,#1228,#1229,#1230,#1231,#1232,#1233,#1234,#1235,#1236,#1237,
    #1238),.UNSPECIFIED.,.T.,.F.,(8,6,6,6,6,6,6,6,8),(0.,0.142507095001,
    0.277159181758,0.445448592775,0.591978197602,0.687029530138,
    0.791592709106,0.892871909298,1.),.UNSPECIFIED.);
#1189 = CARTESIAN_POINT('',(-16.7,-28.9252484864,9.7));
#1190 = CARTESIAN_POINT('',(-16.90214754076,-28.80853854932,9.7));
#1191 = CARTESIAN_POINT('',(-17.09809213319,-28.69321228365,
    9.662608768425));
#1192 = CARTESIAN_POINT('',(-17.28188906445,-28.58290754556,
    9.591320857292));
#1193 = CARTESIAN_POINT('',(-17.44877069731,-28.48096655375,
    9.49102005599));
#1194 = CARTESIAN_POINT('',(-17.59528491668,-28.39019901411,
    9.367893480257));
#1195 = CARTESIAN_POINT('',(-17.71953067539,-28.31241386847,
    9.229299285889));
#1196 = CARTESIAN_POINT('',(-17.91791755353,-28.18725274935,
    8.945972095908));
#1197 = CARTESIAN_POINT('',(-17.9967992471,-28.1369503683,8.798633047818
    ));
#1198 = CARTESIAN_POINT('',(-18.05889089525,-28.09705017454,
    8.644632120132));
#1199 = CARTESIAN_POINT('',(-18.10489221664,-28.06734478959,8.4861970544
    ));
#1200 = CARTESIAN_POINT('',(-18.13535513571,-28.04762420396,
    8.325040709477));
#1201 = CARTESIAN_POINT('',(-18.15059742178,-28.03775692226,
    8.162554323249));
#1202 = CARTESIAN_POINT('',(-18.15059742178,-28.03775692226,
    7.796838118321));
#1203 = CARTESIAN_POINT('',(-18.12678935514,-28.05316928779,
    7.59377161106));
#1204 = CARTESIAN_POINT('',(-18.07920633365,-28.083973218,7.393261707651
    ));
#1205 = CARTESIAN_POINT('',(-18.00706856336,-28.13049059565,
    7.198109710463));
#1206 = CARTESIAN_POINT('',(-17.90908483979,-28.19320218339,
    7.011997296017));
#1207 = CARTESIAN_POINT('',(-17.78367794566,-28.27248990302,
    6.840071470236));
#1208 = CARTESIAN_POINT('',(-17.49554091297,-28.45155496806,
    6.559571248265));
#1209 = CARTESIAN_POINT('',(-17.33503004406,-28.55027975361,
    6.441101675333));
#1210 = CARTESIAN_POINT('',(-17.15102108696,-28.6618721729,
    6.348252708565));
#1211 = CARTESIAN_POINT('',(-16.94978519238,-28.78164595701,
    6.290353359066));
#1212 = CARTESIAN_POINT('',(-16.73999572194,-28.90381476914,
    6.272422486578));
#1213 = CARTESIAN_POINT('',(-16.5312932677,-29.02289209107,
    6.294907539263));
#1214 = CARTESIAN_POINT('',(-16.20359572497,-29.20659744022,
    6.391357314084));
#1215 = CARTESIAN_POINT('',(-16.07774576629,-29.2762733414,
    6.444784676747));
#1216 = CARTESIAN_POINT('',(-15.95672548238,-29.34245109436,
    6.513185188579));
#1217 = CARTESIAN_POINT('',(-15.84221329422,-29.40434090184,
    6.595757015397));
#1218 = CARTESIAN_POINT('',(-15.73579451851,-29.46125431317,
    6.691414206529));
#1219 = CARTESIAN_POINT('',(-15.63890856855,-29.51260769593,
    6.798811139531));
#1220 = CARTESIAN_POINT('',(-15.45801070656,-29.60779239128,
    7.04571240658));
#1221 = CARTESIAN_POINT('',(-15.37624362826,-29.65036410362,
    7.187375105759));
#1222 = CARTESIAN_POINT('',(-15.30909032451,-29.68501985115,
    7.339287372136));
#1223 = CARTESIAN_POINT('',(-15.25782723481,-29.71131262196,
    7.499109869103));
#1224 = CARTESIAN_POINT('',(-15.22334614419,-29.72894381742,
    7.664293215364));
#1225 = CARTESIAN_POINT('',(-15.20611104892,-29.73775692226,
    7.832157219499));
#1226 = CARTESIAN_POINT('',(-15.20611104892,-29.73775692226,
    8.162571401663));
#1227 = CARTESIAN_POINT('',(-15.22228088573,-29.72948862845,
    8.32506007161));
#1228 = CARTESIAN_POINT('',(-15.25459243838,-29.71296646269,
    8.486204725114));
#1229 = CARTESIAN_POINT('',(-15.30331376464,-29.68798333848,
    8.644620718036));
#1230 = CARTESIAN_POINT('',(-15.3689036462,-29.65416589132,8.79860732423
    ));
#1231 = CARTESIAN_POINT('',(-15.45190138821,-29.61100698763,
    8.945949195024));
#1232 = CARTESIAN_POINT('',(-15.65946302223,-29.50179236959,
    9.229242927002));
#1233 = CARTESIAN_POINT('',(-15.78895129874,-29.43308462151,
    9.367868698083));
#1234 = CARTESIAN_POINT('',(-15.94085822298,-29.35156106161,
    9.491043915982));
#1235 = CARTESIAN_POINT('',(-16.11264295134,-29.25797491077,
    9.591368496401));
#1236 = CARTESIAN_POINT('',(-16.30010986358,-29.15392954294,
    9.662642498571));
#1237 = CARTESIAN_POINT('',(-16.49794365452,-29.04190577185,9.7));
#1238 = CARTESIAN_POINT('',(-16.7,-28.9252484864,9.7));
#1239 = PCURVE('',#634,#1240);
#1240 = DEFINITIONAL_REPRESENTATION('',(#1241),#1292);
#1241 = B_SPLINE_CURVE_WITH_KNOTS('',7,(#1242,#1243,#1244,#1245,#1246,
    #1247,#1248,#1249,#1250,#1251,#1252,#1253,#1254,#1255,#1256,#1257,
    #1258,#1259,#1260,#1261,#1262,#1263,#1264,#1265,#1266,#1267,#1268,
    #1269,#1270,#1271,#1272,#1273,#1274,#1275,#1276,#1277,#1278,#1279,
    #1280,#1281,#1282,#1283,#1284,#1285,#1286,#1287,#1288,#1289,#1290,
    #1291),.UNSPECIFIED.,.F.,.F.,(8,6,6,6,6,6,6,6,8),(0.,0.142507095001,
    0.277159181758,0.445448592775,0.591978197602,0.687029530138,
    0.791592709106,0.892871909298,1.),.UNSPECIFIED.);
#1242 = CARTESIAN_POINT('',(0.,2.5));
#1243 = CARTESIAN_POINT('',(0.137305808328,2.5));
#1244 = CARTESIAN_POINT('',(0.271044641496,2.498096820416));
#1245 = CARTESIAN_POINT('',(0.401346492648,2.494468580704));
#1246 = CARTESIAN_POINT('',(0.528039411362,2.489625908545));
#1247 = CARTESIAN_POINT('',(0.650685077773,2.484276023061));
#1248 = CARTESIAN_POINT('',(0.768430155284,2.479034990257));
#1249 = CARTESIAN_POINT('',(0.98473150311,2.469835720598));
#1250 = CARTESIAN_POINT('',(1.086557068433,2.465713427521));
#1251 = CARTESIAN_POINT('',(1.185894757112,2.462204670193));
#1252 = CARTESIAN_POINT('',(1.283369800217,2.459479712888));
#1253 = CARTESIAN_POINT('',(1.3795959844,2.457632644294));
#1254 = CARTESIAN_POINT('',(1.475176136648,2.456708470711));
#1255 = CARTESIAN_POINT('',(1.690303316018,2.456708470711));
#1256 = CARTESIAN_POINT('',(1.809753435507,2.458151937466));
#1257 = CARTESIAN_POINT('',(1.930491713998,2.461037412824));
#1258 = CARTESIAN_POINT('',(2.053631646026,2.465253758441));
#1259 = CARTESIAN_POINT('',(2.180410995102,2.470571724748));
#1260 = CARTESIAN_POINT('',(2.312069154993,2.476533457093));
#1261 = CARTESIAN_POINT('',(2.570923752913,2.487539836001));
#1262 = CARTESIAN_POINT('',(2.700722816929,2.492782573813));
#1263 = CARTESIAN_POINT('',(2.835901891837,2.497419965242));
#1264 = CARTESIAN_POINT('',(2.974329040959,2.500529157697));
#1265 = CARTESIAN_POINT('',(3.11435608357,2.501435717329));
#1266 = CARTESIAN_POINT('',(3.254545303627,2.50020847602));
#1267 = CARTESIAN_POINT('',(3.482681486831,2.495453203821));
#1268 = CARTESIAN_POINT('',(3.572443470888,2.492869324937));
#1269 = CARTESIAN_POINT('',(3.662197795424,2.489670798214));
#1270 = CARTESIAN_POINT('',(3.751954116037,2.486012849649));
#1271 = CARTESIAN_POINT('',(3.841717992061,2.482091921824));
#1272 = CARTESIAN_POINT('',(3.931483237386,2.478122280878));
#1273 = CARTESIAN_POINT('',(4.119975830866,2.470105714114));
#1274 = CARTESIAN_POINT('',(4.218716064436,2.466090359323));
#1275 = CARTESIAN_POINT('',(4.317445262625,2.462526465199));
#1276 = CARTESIAN_POINT('',(4.41617516845,2.459665127806));
#1277 = CARTESIAN_POINT('',(4.514914685161,2.457693645668));
#1278 = CARTESIAN_POINT('',(4.613657933031,2.456708470711));
#1279 = CARTESIAN_POINT('',(4.808019216657,2.456708470711));
#1280 = CARTESIAN_POINT('',(4.903600700827,2.457632836627));
#1281 = CARTESIAN_POINT('',(4.999820497525,2.459479997676));
#1282 = CARTESIAN_POINT('',(5.097284442113,2.462204640584));
#1283 = CARTESIAN_POINT('',(5.196612151431,2.465712813023));
#1284 = CARTESIAN_POINT('',(5.298436320778,2.469834977036));
#1285 = CARTESIAN_POINT('',(5.514712125657,2.479033160356));
#1286 = CARTESIAN_POINT('',(5.63247207529,2.484274643336));
#1287 = CARTESIAN_POINT('',(5.755155180544,2.489626631577));
#1288 = CARTESIAN_POINT('',(5.881886726759,2.494471011688));
#1289 = CARTESIAN_POINT('',(6.012211535915,2.498098536118));
#1290 = CARTESIAN_POINT('',(6.145941441941,2.5));
#1291 = CARTESIAN_POINT('',(6.28318530718,2.5));
#1292 = ( GEOMETRIC_REPRESENTATION_CONTEXT(2) 
PARAMETRIC_REPRESENTATION_CONTEXT() REPRESENTATION_CONTEXT('2D SPACE',''
  ) );
#1293 = PCURVE('',#782,#1294);
#1294 = DEFINITIONAL_REPRESENTATION('',(#1295),#1346);
#1295 = B_SPLINE_CURVE_WITH_KNOTS('',7,(#1296,#1297,#1298,#1299,#1300,
    #1301,#1302,#1303,#1304,#1305,#1306,#1307,#1308,#1309,#1310,#1311,
    #1312,#1313,#1314,#1315,#1316,#1317,#1318,#1319,#1320,#1321,#1322,
    #1323,#1324,#1325,#1326,#1327,#1328,#1329,#1330,#1331,#1332,#1333,
    #1334,#1335,#1336,#1337,#1338,#1339,#1340,#1341,#1342,#1343,#1344,
    #1345),.UNSPECIFIED.,.T.,.F.,(8,6,6,6,6,6,6,6,8),(0.,0.142507095001,
    0.277159181758,0.445448592775,0.591978197602,0.687029530138,
    0.791592709106,0.892871909298,1.),.UNSPECIFIED.);
#1296 = CARTESIAN_POINT('',(4.188790204786,10.7));
#1297 = CARTESIAN_POINT('',(4.1818015858,10.7));
#1298 = CARTESIAN_POINT('',(4.174994515369,10.662608768425));
#1299 = CARTESIAN_POINT('',(4.16857704047,10.591320857292));
#1300 = CARTESIAN_POINT('',(4.162722365007,10.49102005599));
#1301 = CARTESIAN_POINT('',(4.157562222345,10.367893480257));
#1302 = CARTESIAN_POINT('',(4.153173438569,10.229299285889));
#1303 = CARTESIAN_POINT('',(4.146150411848,9.945972095908));
#1304 = CARTESIAN_POINT('',(4.143349378772,9.798633047818));
#1305 = CARTESIAN_POINT('',(4.141139615372,9.644632120132));
#1306 = CARTESIAN_POINT('',(4.139500130173,9.4861970544));
#1307 = CARTESIAN_POINT('',(4.138413633348,9.325040709477));
#1308 = CARTESIAN_POINT('',(4.137869999156,9.162554323249));
#1309 = CARTESIAN_POINT('',(4.137869999156,8.796838118321));
#1310 = CARTESIAN_POINT('',(4.138719140821,8.59377161106));
#1311 = CARTESIAN_POINT('',(4.140416253269,8.393261707651));
#1312 = CARTESIAN_POINT('',(4.142986172799,8.198109710463));
#1313 = CARTESIAN_POINT('',(4.14646917568,8.011997296017));
#1314 = CARTESIAN_POINT('',(4.150911235259,7.840071470236));
#1315 = CARTESIAN_POINT('',(4.161068274589,7.559571248265));
#1316 = CARTESIAN_POINT('',(4.1667101826,7.441101675333));
#1317 = CARTESIAN_POINT('',(4.173153178638,7.348252708565));
#1318 = CARTESIAN_POINT('',(4.180164131158,7.290353359066));
#1319 = CARTESIAN_POINT('',(4.187432195526,7.272422486578));
#1320 = CARTESIAN_POINT('',(4.194626107585,7.294907539263));
#1321 = CARTESIAN_POINT('',(4.205873926997,7.391357314084));
#1322 = CARTESIAN_POINT('',(4.210180765216,7.444784676747));
#1323 = CARTESIAN_POINT('',(4.214310396338,7.513185188579));
#1324 = CARTESIAN_POINT('',(4.218207531185,7.595757015397));
#1325 = CARTESIAN_POINT('',(4.221820716742,7.691414206529));
#1326 = CARTESIAN_POINT('',(4.225103763531,7.798811139531));
#1327 = CARTESIAN_POINT('',(4.231223875746,8.04571240658));
#1328 = CARTESIAN_POINT('',(4.233983900451,8.187375105759));
#1329 = CARTESIAN_POINT('',(4.236246412519,8.339287372136));
#1330 = CARTESIAN_POINT('',(4.237971338038,8.499109869103));
#1331 = CARTESIAN_POINT('',(4.23913083998,8.664293215364));
#1332 = CARTESIAN_POINT('',(4.239710410416,8.832157219499));
#1333 = CARTESIAN_POINT('',(4.239710410416,9.162571401663));
#1334 = CARTESIAN_POINT('',(4.23916666265,9.32506007161));
#1335 = CARTESIAN_POINT('',(4.238080113237,9.486204725114));
#1336 = CARTESIAN_POINT('',(4.236440794106,9.644620718036));
#1337 = CARTESIAN_POINT('',(4.234231384817,9.79860732423));
#1338 = CARTESIAN_POINT('',(4.231430565385,9.945949195024));
#1339 = CARTESIAN_POINT('',(4.22440836801,10.229242927002));
#1340 = CARTESIAN_POINT('',(4.220019540202,10.367868698083));
#1341 = CARTESIAN_POINT('',(4.21485795217,10.491043915982));
#1342 = CARTESIAN_POINT('',(4.209001217236,10.591368496401));
#1343 = CARTESIAN_POINT('',(4.202582287726,10.662642498571));
#1344 = CARTESIAN_POINT('',(4.195775670981,10.7));
#1345 = CARTESIAN_POINT('',(4.188790204786,10.7));
#1346 = ( GEOMETRIC_REPRESENTATION_CONTEXT(2) 
PARAMETRIC_REPRESENTATION_CONTEXT() REPRESENTATION_CONTEXT('2D SPACE',''
  ) );
#1347 = ORIENTED_EDGE('',*,*,#1163,.T.);
#1348 = ADVANCED_FACE('',(#1349,#1399,#1402),#782,.F.);
#1349 = FACE_BOUND('',#1350,.F.);
#1350 = EDGE_LOOP('',(#1351,#1372,#1373,#1374,#1375,#1396,#1397,#1398));
#1351 = ORIENTED_EDGE('',*,*,#1352,.T.);
#1352 = EDGE_CURVE('',#698,#946,#1353,.T.);
#1353 = SEAM_CURVE('',#1354,(#1358,#1365),.PCURVE_S1.);
#1354 = LINE('',#1355,#1356);
#1355 = CARTESIAN_POINT('',(33.4,-8.180640618304E-15,-1.));
#1356 = VECTOR('',#1357,1.);
#1357 = DIRECTION('',(0.,0.,1.));
#1358 = PCURVE('',#782,#1359);
#1359 = DEFINITIONAL_REPRESENTATION('',(#1360),#1364);
#1360 = LINE('',#1361,#1362);
#1361 = CARTESIAN_POINT('',(6.28318530718,-0.));
#1362 = VECTOR('',#1363,1.);
#1363 = DIRECTION('',(0.,1.));
#1364 = ( GEOMETRIC_REPRESENTATION_CONTEXT(2) 
PARAMETRIC_REPRESENTATION_CONTEXT() REPRESENTATION_CONTEXT('2D SPACE',''
  ) );
#1365 = PCURVE('',#782,#1366);
#1366 = DEFINITIONAL_REPRESENTATION('',(#1367),#1371);
#1367 = LINE('',#1368,#1369);
#1368 = CARTESIAN_POINT('',(0.,-0.));
#1369 = VECTOR('',#1370,1.);
#1370 = DIRECTION('',(0.,1.));
#1371 = ( GEOMETRIC_REPRESENTATION_CONTEXT(2) 
PARAMETRIC_REPRESENTATION_CONTEXT() REPRESENTATION_CONTEXT('2D SPACE',''
  ) );
#1372 = ORIENTED_EDGE('',*,*,#945,.F.);
#1373 = ORIENTED_EDGE('',*,*,#1352,.F.);
#1374 = ORIENTED_EDGE('',*,*,#817,.F.);
#1375 = ORIENTED_EDGE('',*,*,#1376,.F.);
#1376 = EDGE_CURVE('',#916,#721,#1377,.T.);
#1377 = SEAM_CURVE('',#1378,(#1382,#1389),.PCURVE_S1.);
#1378 = LINE('',#1379,#1380);
#1379 = CARTESIAN_POINT('',(33.4,-8.180640618304E-15,-1.));
#1380 = VECTOR('',#1381,1.);
#1381 = DIRECTION('',(0.,0.,1.));
#1382 = PCURVE('',#782,#1383);
#1383 = DEFINITIONAL_REPRESENTATION('',(#1384),#1388);
#1384 = LINE('',#1385,#1386);
#1385 = CARTESIAN_POINT('',(6.28318530718,-0.));
#1386 = VECTOR('',#1387,1.);
#1387 = DIRECTION('',(0.,1.));
#1388 = ( GEOMETRIC_REPRESENTATION_CONTEXT(2) 
PARAMETRIC_REPRESENTATION_CONTEXT() REPRESENTATION_CONTEXT('2D SPACE',''
  ) );
#1389 = PCURVE('',#782,#1390);
#1390 = DEFINITIONAL_REPRESENTATION('',(#1391),#1395);
#1391 = LINE('',#1392,#1393);
#1392 = CARTESIAN_POINT('',(0.,-0.));
#1393 = VECTOR('',#1394,1.);
#1394 = DIRECTION('',(0.,1.));
#1395 = ( GEOMETRIC_REPRESENTATION_CONTEXT(2) 
PARAMETRIC_REPRESENTATION_CONTEXT() REPRESENTATION_CONTEXT('2D SPACE',''
  ) );
#1396 = ORIENTED_EDGE('',*,*,#915,.T.);
#1397 = ORIENTED_EDGE('',*,*,#1376,.T.);
#1398 = ORIENTED_EDGE('',*,*,#720,.F.);
#1399 = FACE_BOUND('',#1400,.F.);
#1400 = EDGE_LOOP('',(#1401));
#1401 = ORIENTED_EDGE('',*,*,#996,.F.);
#1402 = FACE_BOUND('',#1403,.F.);
#1403 = EDGE_LOOP('',(#1404));
#1404 = ORIENTED_EDGE('',*,*,#1186,.F.);
#1405 = ( GEOMETRIC_REPRESENTATION_CONTEXT(3) 
GLOBAL_UNCERTAINTY_ASSIGNED_CONTEXT((#1409)) 
GLOBAL_UNIT_ASSIGNED_CONTEXT((#1406,#1407,#1408)) REPRESENTATION_CONTEXT
('Context #1','3D Context with UNIT and UNCERTAINTY') );
#1406 = ( LENGTH_UNIT() NAMED_UNIT(*) SI_UNIT(.MILLI.,.METRE.) );
#1407 = ( NAMED_UNIT(*) PLANE_ANGLE_UNIT() SI_UNIT($,.RADIAN.) );
#1408 = ( NAMED_UNIT(*) SI_UNIT($,.STERADIAN.) SOLID_ANGLE_UNIT() );
#1409 = UNCERTAINTY_MEASURE_WITH_UNIT(LENGTH_MEASURE(1.E-07),#1406,
  'distance_accuracy_value','confusion accuracy');
#1410 = CONTEXT_DEPENDENT_SHAPE_REPRESENTATION(#1411,#1413);
#1411 = ( REPRESENTATION_RELATIONSHIP('','',#48,#10) 
REPRESENTATION_RELATIONSHIP_WITH_TRANSFORMATION(#1412) 
SHAPE_REPRESENTATION_RELATIONSHIP() );
#1412 = ITEM_DEFINED_TRANSFORMATION('','',#11,#15);
#1413 = PRODUCT_DEFINITION_SHAPE('Placement','Placement of an item',
  #1414);
#1414 = NEXT_ASSEMBLY_USAGE_OCCURRENCE('1','','',#5,#43,$);
#1415 = PRODUCT_RELATED_PRODUCT_CATEGORY('part',$,(#45));
#1416 = SHAPE_DEFINITION_REPRESENTATION(#1417,#1423);
#1417 = PRODUCT_DEFINITION_SHAPE('','',#1418);
#1418 = PRODUCT_DEFINITION('design','',#1419,#1422);
#1419 = PRODUCT_DEFINITION_FORMATION('','',#1420);
#1420 = PRODUCT('Open CASCADE STEP translator 7.9 2.2',
  'Open CASCADE STEP translator 7.9 2.2','',(#1421));
#1421 = PRODUCT_CONTEXT('',#2,'mechanical');
#1422 = PRODUCT_DEFINITION_CONTEXT('part definition',#2,'design');
#1423 = ADVANCED_BREP_SHAPE_REPRESENTATION('',(#11,#1424),#1606);
#1424 = MANIFOLD_SOLID_BREP('',#1425);
#1425 = CLOSED_SHELL('',(#1426,#1514,#1549,#1579));
#1426 = ADVANCED_FACE('',(#1427),#1440,.T.);
#1427 = FACE_BOUND('',#1428,.T.);
#1428 = EDGE_LOOP('',(#1429,#1463,#1486,#1513));
#1429 = ORIENTED_EDGE('',*,*,#1430,.F.);
#1430 = EDGE_CURVE('',#1431,#1431,#1433,.T.);
#1431 = VERTEX_POINT('',#1432);
#1432 = CARTESIAN_POINT('',(31.,-9.797174393179E-16,36.));
#1433 = SURFACE_CURVE('',#1434,(#1439,#1451),.PCURVE_S1.);
#1434 = CIRCLE('',#1435,4.);
#1435 = AXIS2_PLACEMENT_3D('',#1436,#1437,#1438);
#1436 = CARTESIAN_POINT('',(27.,0.,36.));
#1437 = DIRECTION('',(0.,0.,1.));
#1438 = DIRECTION('',(1.,0.,-0.));
#1439 = PCURVE('',#1440,#1445);
#1440 = CYLINDRICAL_SURFACE('',#1441,4.);
#1441 = AXIS2_PLACEMENT_3D('',#1442,#1443,#1444);
#1442 = CARTESIAN_POINT('',(27.,0.,30.));
#1443 = DIRECTION('',(0.,0.,1.));
#1444 = DIRECTION('',(1.,0.,-0.));
#1445 = DEFINITIONAL_REPRESENTATION('',(#1446),#1450);
#1446 = LINE('',#1447,#1448);
#1447 = CARTESIAN_POINT('',(0.,6.));
#1448 = VECTOR('',#1449,1.);
#1449 = DIRECTION('',(1.,0.));
#1450 = ( GEOMETRIC_REPRESENTATION_CONTEXT(2) 
PARAMETRIC_REPRESENTATION_CONTEXT() REPRESENTATION_CONTEXT('2D SPACE',''
  ) );
#1451 = PCURVE('',#1452,#1457);
#1452 = PLANE('',#1453);
#1453 = AXIS2_PLACEMENT_3D('',#1454,#1455,#1456);
#1454 = CARTESIAN_POINT('',(27.,0.,36.));
#1455 = DIRECTION('',(0.,0.,1.));
#1456 = DIRECTION('',(1.,0.,-0.));
#1457 = DEFINITIONAL_REPRESENTATION('',(#1458),#1462);
#1458 = CIRCLE('',#1459,4.);
#1459 = AXIS2_PLACEMENT_2D('',#1460,#1461);
#1460 = CARTESIAN_POINT('',(0.,0.));
#1461 = DIRECTION('',(1.,0.));
#1462 = ( GEOMETRIC_REPRESENTATION_CONTEXT(2) 
PARAMETRIC_REPRESENTATION_CONTEXT() REPRESENTATION_CONTEXT('2D SPACE',''
  ) );
#1463 = ORIENTED_EDGE('',*,*,#1464,.F.);
#1464 = EDGE_CURVE('',#1465,#1431,#1467,.T.);
#1465 = VERTEX_POINT('',#1466);
#1466 = CARTESIAN_POINT('',(31.,-9.797174393179E-16,30.));
#1467 = SEAM_CURVE('',#1468,(#1472,#1479),.PCURVE_S1.);
#1468 = LINE('',#1469,#1470);
#1469 = CARTESIAN_POINT('',(31.,-9.797174393179E-16,30.));
#1470 = VECTOR('',#1471,1.);
#1471 = DIRECTION('',(0.,0.,1.));
#1472 = PCURVE('',#1440,#1473);
#1473 = DEFINITIONAL_REPRESENTATION('',(#1474),#1478);
#1474 = LINE('',#1475,#1476);
#1475 = CARTESIAN_POINT('',(6.28318530718,-0.));
#1476 = VECTOR('',#1477,1.);
#1477 = DIRECTION('',(0.,1.));
#1478 = ( GEOMETRIC_REPRESENTATION_CONTEXT(2) 
PARAMETRIC_REPRESENTATION_CONTEXT() REPRESENTATION_CONTEXT('2D SPACE',''
  ) );
#1479 = PCURVE('',#1440,#1480);
#1480 = DEFINITIONAL_REPRESENTATION('',(#1481),#1485);
#1481 = LINE('',#1482,#1483);
#1482 = CARTESIAN_POINT('',(0.,-0.));
#1483 = VECTOR('',#1484,1.);
#1484 = DIRECTION('',(0.,1.));
#1485 = ( GEOMETRIC_REPRESENTATION_CONTEXT(2) 
PARAMETRIC_REPRESENTATION_CONTEXT() REPRESENTATION_CONTEXT('2D SPACE',''
  ) );
#1486 = ORIENTED_EDGE('',*,*,#1487,.T.);
#1487 = EDGE_CURVE('',#1465,#1465,#1488,.T.);
#1488 = SURFACE_CURVE('',#1489,(#1494,#1501),.PCURVE_S1.);
#1489 = CIRCLE('',#1490,4.);
#1490 = AXIS2_PLACEMENT_3D('',#1491,#1492,#1493);
#1491 = CARTESIAN_POINT('',(27.,0.,30.));
#1492 = DIRECTION('',(0.,0.,1.));
#1493 = DIRECTION('',(1.,0.,-0.));
#1494 = PCURVE('',#1440,#1495);
#1495 = DEFINITIONAL_REPRESENTATION('',(#1496),#1500);
#1496 = LINE('',#1497,#1498);
#1497 = CARTESIAN_POINT('',(0.,0.));
#1498 = VECTOR('',#1499,1.);
#1499 = DIRECTION('',(1.,0.));
#1500 = ( GEOMETRIC_REPRESENTATION_CONTEXT(2) 
PARAMETRIC_REPRESENTATION_CONTEXT() REPRESENTATION_CONTEXT('2D SPACE',''
  ) );
#1501 = PCURVE('',#1502,#1507);
#1502 = PLANE('',#1503);
#1503 = AXIS2_PLACEMENT_3D('',#1504,#1505,#1506);
#1504 = CARTESIAN_POINT('',(27.,0.,30.));
#1505 = DIRECTION('',(0.,0.,1.));
#1506 = DIRECTION('',(1.,0.,-0.));
#1507 = DEFINITIONAL_REPRESENTATION('',(#1508),#1512);
#1508 = CIRCLE('',#1509,4.);
#1509 = AXIS2_PLACEMENT_2D('',#1510,#1511);
#1510 = CARTESIAN_POINT('',(0.,0.));
#1511 = DIRECTION('',(1.,0.));
#1512 = ( GEOMETRIC_REPRESENTATION_CONTEXT(2) 
PARAMETRIC_REPRESENTATION_CONTEXT() REPRESENTATION_CONTEXT('2D SPACE',''
  ) );
#1513 = ORIENTED_EDGE('',*,*,#1464,.T.);
#1514 = ADVANCED_FACE('',(#1515,#1518),#1452,.T.);
#1515 = FACE_BOUND('',#1516,.T.);
#1516 = EDGE_LOOP('',(#1517));
#1517 = ORIENTED_EDGE('',*,*,#1430,.T.);
#1518 = FACE_BOUND('',#1519,.T.);
#1519 = EDGE_LOOP('',(#1520));
#1520 = ORIENTED_EDGE('',*,*,#1521,.F.);
#1521 = EDGE_CURVE('',#1522,#1522,#1524,.T.);
#1522 = VERTEX_POINT('',#1523);
#1523 = CARTESIAN_POINT('',(29.1,-5.143516556419E-16,36.));
#1524 = SURFACE_CURVE('',#1525,(#1530,#1537),.PCURVE_S1.);
#1525 = CIRCLE('',#1526,2.1);
#1526 = AXIS2_PLACEMENT_3D('',#1527,#1528,#1529);
#1527 = CARTESIAN_POINT('',(27.,0.,36.));
#1528 = DIRECTION('',(0.,0.,1.));
#1529 = DIRECTION('',(1.,0.,-0.));
#1530 = PCURVE('',#1452,#1531);
#1531 = DEFINITIONAL_REPRESENTATION('',(#1532),#1536);
#1532 = CIRCLE('',#1533,2.1);
#1533 = AXIS2_PLACEMENT_2D('',#1534,#1535);
#1534 = CARTESIAN_POINT('',(0.,0.));
#1535 = DIRECTION('',(1.,0.));
#1536 = ( GEOMETRIC_REPRESENTATION_CONTEXT(2) 
PARAMETRIC_REPRESENTATION_CONTEXT() REPRESENTATION_CONTEXT('2D SPACE',''
  ) );
#1537 = PCURVE('',#1538,#1543);
#1538 = CYLINDRICAL_SURFACE('',#1539,2.1);
#1539 = AXIS2_PLACEMENT_3D('',#1540,#1541,#1542);
#1540 = CARTESIAN_POINT('',(27.,0.,29.5));
#1541 = DIRECTION('',(0.,0.,1.));
#1542 = DIRECTION('',(1.,0.,-0.));
#1543 = DEFINITIONAL_REPRESENTATION('',(#1544),#1548);
#1544 = LINE('',#1545,#1546);
#1545 = CARTESIAN_POINT('',(0.,6.5));
#1546 = VECTOR('',#1547,1.);
#1547 = DIRECTION('',(1.,0.));
#1548 = ( GEOMETRIC_REPRESENTATION_CONTEXT(2) 
PARAMETRIC_REPRESENTATION_CONTEXT() REPRESENTATION_CONTEXT('2D SPACE',''
  ) );
#1549 = ADVANCED_FACE('',(#1550,#1553),#1502,.F.);
#1550 = FACE_BOUND('',#1551,.F.);
#1551 = EDGE_LOOP('',(#1552));
#1552 = ORIENTED_EDGE('',*,*,#1487,.T.);
#1553 = FACE_BOUND('',#1554,.F.);
#1554 = EDGE_LOOP('',(#1555));
#1555 = ORIENTED_EDGE('',*,*,#1556,.F.);
#1556 = EDGE_CURVE('',#1557,#1557,#1559,.T.);
#1557 = VERTEX_POINT('',#1558);
#1558 = CARTESIAN_POINT('',(29.1,-5.143516556419E-16,30.));
#1559 = SURFACE_CURVE('',#1560,(#1565,#1572),.PCURVE_S1.);
#1560 = CIRCLE('',#1561,2.1);
#1561 = AXIS2_PLACEMENT_3D('',#1562,#1563,#1564);
#1562 = CARTESIAN_POINT('',(27.,0.,30.));
#1563 = DIRECTION('',(0.,0.,1.));
#1564 = DIRECTION('',(1.,0.,-0.));
#1565 = PCURVE('',#1502,#1566);
#1566 = DEFINITIONAL_REPRESENTATION('',(#1567),#1571);
#1567 = CIRCLE('',#1568,2.1);
#1568 = AXIS2_PLACEMENT_2D('',#1569,#1570);
#1569 = CARTESIAN_POINT('',(0.,0.));
#1570 = DIRECTION('',(1.,0.));
#1571 = ( GEOMETRIC_REPRESENTATION_CONTEXT(2) 
PARAMETRIC_REPRESENTATION_CONTEXT() REPRESENTATION_CONTEXT('2D SPACE',''
  ) );
#1572 = PCURVE('',#1538,#1573);
#1573 = DEFINITIONAL_REPRESENTATION('',(#1574),#1578);
#1574 = LINE('',#1575,#1576);
#1575 = CARTESIAN_POINT('',(0.,0.5));
#1576 = VECTOR('',#1577,1.);
#1577 = DIRECTION('',(1.,0.));
#1578 = ( GEOMETRIC_REPRESENTATION_CONTEXT(2) 
PARAMETRIC_REPRESENTATION_CONTEXT() REPRESENTATION_CONTEXT('2D SPACE',''
  ) );
#1579 = ADVANCED_FACE('',(#1580),#1538,.F.);
#1580 = FACE_BOUND('',#1581,.F.);
#1581 = EDGE_LOOP('',(#1582,#1583,#1604,#1605));
#1582 = ORIENTED_EDGE('',*,*,#1521,.F.);
#1583 = ORIENTED_EDGE('',*,*,#1584,.F.);
#1584 = EDGE_CURVE('',#1557,#1522,#1585,.T.);
#1585 = SEAM_CURVE('',#1586,(#1590,#1597),.PCURVE_S1.);
#1586 = LINE('',#1587,#1588);
#1587 = CARTESIAN_POINT('',(29.1,-5.143516556419E-16,29.5));
#1588 = VECTOR('',#1589,1.);
#1589 = DIRECTION('',(0.,0.,1.));
#1590 = PCURVE('',#1538,#1591);
#1591 = DEFINITIONAL_REPRESENTATION('',(#1592),#1596);
#1592 = LINE('',#1593,#1594);
#1593 = CARTESIAN_POINT('',(6.28318530718,-0.));
#1594 = VECTOR('',#1595,1.);
#1595 = DIRECTION('',(0.,1.));
#1596 = ( GEOMETRIC_REPRESENTATION_CONTEXT(2) 
PARAMETRIC_REPRESENTATION_CONTEXT() REPRESENTATION_CONTEXT('2D SPACE',''
  ) );
#1597 = PCURVE('',#1538,#1598);
#1598 = DEFINITIONAL_REPRESENTATION('',(#1599),#1603);
#1599 = LINE('',#1600,#1601);
#1600 = CARTESIAN_POINT('',(0.,-0.));
#1601 = VECTOR('',#1602,1.);
#1602 = DIRECTION('',(0.,1.));
#1603 = ( GEOMETRIC_REPRESENTATION_CONTEXT(2) 
PARAMETRIC_REPRESENTATION_CONTEXT() REPRESENTATION_CONTEXT('2D SPACE',''
  ) );
#1604 = ORIENTED_EDGE('',*,*,#1556,.T.);
#1605 = ORIENTED_EDGE('',*,*,#1584,.T.);
#1606 = ( GEOMETRIC_REPRESENTATION_CONTEXT(3) 
GLOBAL_UNCERTAINTY_ASSIGNED_CONTEXT((#1610)) 
GLOBAL_UNIT_ASSIGNED_CONTEXT((#1607,#1608,#1609)) REPRESENTATION_CONTEXT
('Context #1','3D Context with UNIT and UNCERTAINTY') );
#1607 = ( LENGTH_UNIT() NAMED_UNIT(*) SI_UNIT(.MILLI.,.METRE.) );
#1608 = ( NAMED_UNIT(*) PLANE_ANGLE_UNIT() SI_UNIT($,.RADIAN.) );
#1609 = ( NAMED_UNIT(*) SI_UNIT($,.STERADIAN.) SOLID_ANGLE_UNIT() );
#1610 = UNCERTAINTY_MEASURE_WITH_UNIT(LENGTH_MEASURE(1.E-07),#1607,
  'distance_accuracy_value','confusion accuracy');
#1611 = CONTEXT_DEPENDENT_SHAPE_REPRESENTATION(#1612,#1614);
#1612 = ( REPRESENTATION_RELATIONSHIP('','',#1423,#10) 
REPRESENTATION_RELATIONSHIP_WITH_TRANSFORMATION(#1613) 
SHAPE_REPRESENTATION_RELATIONSHIP() );
#1613 = ITEM_DEFINED_TRANSFORMATION('','',#11,#19);
#1614 = PRODUCT_DEFINITION_SHAPE('Placement','Placement of an item',
  #1615);
#1615 = NEXT_ASSEMBLY_USAGE_OCCURRENCE('2','','',#5,#1418,$);
#1616 = PRODUCT_RELATED_PRODUCT_CATEGORY('part',$,(#1420));
#1617 = SHAPE_DEFINITION_REPRESENTATION(#1618,#1624);
#1618 = PRODUCT_DEFINITION_SHAPE('','',#1619);
#1619 = PRODUCT_DEFINITION('design','',#1620,#1623);
#1620 = PRODUCT_DEFINITION_FORMATION('','',#1621);
#1621 = PRODUCT('Open CASCADE STEP translator 7.9 2.3',
  'Open CASCADE STEP translator 7.9 2.3','',(#1622));
#1622 = PRODUCT_CONTEXT('',#2,'mechanical');
#1623 = PRODUCT_DEFINITION_CONTEXT('part definition',#2,'design');
#1624 = ADVANCED_BREP_SHAPE_REPRESENTATION('',(#11,#1625),#1807);
#1625 = MANIFOLD_SOLID_BREP('',#1626);
#1626 = CLOSED_SHELL('',(#1627,#1715,#1750,#1780));
#1627 = ADVANCED_FACE('',(#1628),#1641,.T.);
#1628 = FACE_BOUND('',#1629,.T.);
#1629 = EDGE_LOOP('',(#1630,#1664,#1687,#1714));
#1630 = ORIENTED_EDGE('',*,*,#1631,.F.);
#1631 = EDGE_CURVE('',#1632,#1632,#1634,.T.);
#1632 = VERTEX_POINT('',#1633);
#1633 = CARTESIAN_POINT('',(4.,27.,36.));
#1634 = SURFACE_CURVE('',#1635,(#1640,#1652),.PCURVE_S1.);
#1635 = CIRCLE('',#1636,4.);
#1636 = AXIS2_PLACEMENT_3D('',#1637,#1638,#1639);
#1637 = CARTESIAN_POINT('',(1.653273178849E-15,27.,36.));
#1638 = DIRECTION('',(0.,0.,1.));
#1639 = DIRECTION('',(1.,0.,-0.));
#1640 = PCURVE('',#1641,#1646);
#1641 = CYLINDRICAL_SURFACE('',#1642,4.);
#1642 = AXIS2_PLACEMENT_3D('',#1643,#1644,#1645);
#1643 = CARTESIAN_POINT('',(1.653273178849E-15,27.,30.));
#1644 = DIRECTION('',(0.,0.,1.));
#1645 = DIRECTION('',(1.,0.,-0.));
#1646 = DEFINITIONAL_REPRESENTATION('',(#1647),#1651);
#1647 = LINE('',#1648,#1649);
#1648 = CARTESIAN_POINT('',(0.,6.));
#1649 = VECTOR('',#1650,1.);
#1650 = DIRECTION('',(1.,0.));
#1651 = ( GEOMETRIC_REPRESENTATION_CONTEXT(2) 
PARAMETRIC_REPRESENTATION_CONTEXT() REPRESENTATION_CONTEXT('2D SPACE',''
  ) );
#1652 = PCURVE('',#1653,#1658);
#1653 = PLANE('',#1654);
#1654 = AXIS2_PLACEMENT_3D('',#1655,#1656,#1657);
#1655 = CARTESIAN_POINT('',(1.653273178849E-15,27.,36.));
#1656 = DIRECTION('',(0.,0.,1.));
#1657 = DIRECTION('',(1.,0.,-0.));
#1658 = DEFINITIONAL_REPRESENTATION('',(#1659),#1663);
#1659 = CIRCLE('',#1660,4.);
#1660 = AXIS2_PLACEMENT_2D('',#1661,#1662);
#1661 = CARTESIAN_POINT('',(0.,0.));
#1662 = DIRECTION('',(1.,0.));
#1663 = ( GEOMETRIC_REPRESENTATION_CONTEXT(2) 
PARAMETRIC_REPRESENTATION_CONTEXT() REPRESENTATION_CONTEXT('2D SPACE',''
  ) );
#1664 = ORIENTED_EDGE('',*,*,#1665,.F.);
#1665 = EDGE_CURVE('',#1666,#1632,#1668,.T.);
#1666 = VERTEX_POINT('',#1667);
#1667 = CARTESIAN_POINT('',(4.,27.,30.));
#1668 = SEAM_CURVE('',#1669,(#1673,#1680),.PCURVE_S1.);
#1669 = LINE('',#1670,#1671);
#1670 = CARTESIAN_POINT('',(4.,27.,30.));
#1671 = VECTOR('',#1672,1.);
#1672 = DIRECTION('',(0.,0.,1.));
#1673 = PCURVE('',#1641,#1674);
#1674 = DEFINITIONAL_REPRESENTATION('',(#1675),#1679);
#1675 = LINE('',#1676,#1677);
#1676 = CARTESIAN_POINT('',(6.28318530718,-0.));
#1677 = VECTOR('',#1678,1.);
#1678 = DIRECTION('',(0.,1.));
#1679 = ( GEOMETRIC_REPRESENTATION_CONTEXT(2) 
PARAMETRIC_REPRESENTATION_CONTEXT() REPRESENTATION_CONTEXT('2D SPACE',''
  ) );
#1680 = PCURVE('',#1641,#1681);
#1681 = DEFINITIONAL_REPRESENTATION('',(#1682),#1686);
#1682 = LINE('',#1683,#1684);
#1683 = CARTESIAN_POINT('',(0.,-0.));
#1684 = VECTOR('',#1685,1.);
#1685 = DIRECTION('',(0.,1.));
#1686 = ( GEOMETRIC_REPRESENTATION_CONTEXT(2) 
PARAMETRIC_REPRESENTATION_CONTEXT() REPRESENTATION_CONTEXT('2D SPACE',''
  ) );
#1687 = ORIENTED_EDGE('',*,*,#1688,.T.);
#1688 = EDGE_CURVE('',#1666,#1666,#1689,.T.);
#1689 = SURFACE_CURVE('',#1690,(#1695,#1702),.PCURVE_S1.);
#1690 = CIRCLE('',#1691,4.);
#1691 = AXIS2_PLACEMENT_3D('',#1692,#1693,#1694);
#1692 = CARTESIAN_POINT('',(1.653273178849E-15,27.,30.));
#1693 = DIRECTION('',(0.,0.,1.));
#1694 = DIRECTION('',(1.,0.,-0.));
#1695 = PCURVE('',#1641,#1696);
#1696 = DEFINITIONAL_REPRESENTATION('',(#1697),#1701);
#1697 = LINE('',#1698,#1699);
#1698 = CARTESIAN_POINT('',(0.,0.));
#1699 = VECTOR('',#1700,1.);
#1700 = DIRECTION('',(1.,0.));
#1701 = ( GEOMETRIC_REPRESENTATION_CONTEXT(2) 
PARAMETRIC_REPRESENTATION_CONTEXT() REPRESENTATION_CONTEXT('2D SPACE',''
  ) );
#1702 = PCURVE('',#1703,#1708);
#1703 = PLANE('',#1704);
#1704 = AXIS2_PLACEMENT_3D('',#1705,#1706,#1707);
#1705 = CARTESIAN_POINT('',(1.653273178849E-15,27.,30.));
#1706 = DIRECTION('',(0.,0.,1.));
#1707 = DIRECTION('',(1.,0.,-0.));
#1708 = DEFINITIONAL_REPRESENTATION('',(#1709),#1713);
#1709 = CIRCLE('',#1710,4.);
#1710 = AXIS2_PLACEMENT_2D('',#1711,#1712);
#1711 = CARTESIAN_POINT('',(0.,0.));
#1712 = DIRECTION('',(1.,0.));
#1713 = ( GEOMETRIC_REPRESENTATION_CONTEXT(2) 
PARAMETRIC_REPRESENTATION_CONTEXT() REPRESENTATION_CONTEXT('2D SPACE',''
  ) );
#1714 = ORIENTED_EDGE('',*,*,#1665,.T.);
#1715 = ADVANCED_FACE('',(#1716,#1719),#1653,.T.);
#1716 = FACE_BOUND('',#1717,.T.);
#1717 = EDGE_LOOP('',(#1718));
#1718 = ORIENTED_EDGE('',*,*,#1631,.T.);
#1719 = FACE_BOUND('',#1720,.T.);
#1720 = EDGE_LOOP('',(#1721));
#1721 = ORIENTED_EDGE('',*,*,#1722,.F.);
#1722 = EDGE_CURVE('',#1723,#1723,#1725,.T.);
#1723 = VERTEX_POINT('',#1724);
#1724 = CARTESIAN_POINT('',(2.1,27.,36.));
#1725 = SURFACE_CURVE('',#1726,(#1731,#1738),.PCURVE_S1.);
#1726 = CIRCLE('',#1727,2.1);
#1727 = AXIS2_PLACEMENT_3D('',#1728,#1729,#1730);
#1728 = CARTESIAN_POINT('',(1.653273178849E-15,27.,36.));
#1729 = DIRECTION('',(0.,0.,1.));
#1730 = DIRECTION('',(1.,0.,-0.));
#1731 = PCURVE('',#1653,#1732);
#1732 = DEFINITIONAL_REPRESENTATION('',(#1733),#1737);
#1733 = CIRCLE('',#1734,2.1);
#1734 = AXIS2_PLACEMENT_2D('',#1735,#1736);
#1735 = CARTESIAN_POINT('',(0.,0.));
#1736 = DIRECTION('',(1.,0.));
#1737 = ( GEOMETRIC_REPRESENTATION_CONTEXT(2) 
PARAMETRIC_REPRESENTATION_CONTEXT() REPRESENTATION_CONTEXT('2D SPACE',''
  ) );
#1738 = PCURVE('',#1739,#1744);
#1739 = CYLINDRICAL_SURFACE('',#1740,2.1);
#1740 = AXIS2_PLACEMENT_3D('',#1741,#1742,#1743);
#1741 = CARTESIAN_POINT('',(1.653273178849E-15,27.,29.5));
#1742 = DIRECTION('',(0.,0.,1.));
#1743 = DIRECTION('',(1.,0.,-0.));
#1744 = DEFINITIONAL_REPRESENTATION('',(#1745),#1749);
#1745 = LINE('',#1746,#1747);
#1746 = CARTESIAN_POINT('',(0.,6.5));
#1747 = VECTOR('',#1748,1.);
#1748 = DIRECTION('',(1.,0.));
#1749 = ( GEOMETRIC_REPRESENTATION_CONTEXT(2) 
PARAMETRIC_REPRESENTATION_CONTEXT() REPRESENTATION_CONTEXT('2D SPACE',''
  ) );
#1750 = ADVANCED_FACE('',(#1751,#1754),#1703,.F.);
#1751 = FACE_BOUND('',#1752,.F.);
#1752 = EDGE_LOOP('',(#1753));
#1753 = ORIENTED_EDGE('',*,*,#1688,.T.);
#1754 = FACE_BOUND('',#1755,.F.);
#1755 = EDGE_LOOP('',(#1756));
#1756 = ORIENTED_EDGE('',*,*,#1757,.F.);
#1757 = EDGE_CURVE('',#1758,#1758,#1760,.T.);
#1758 = VERTEX_POINT('',#1759);
#1759 = CARTESIAN_POINT('',(2.1,27.,30.));
#1760 = SURFACE_CURVE('',#1761,(#1766,#1773),.PCURVE_S1.);
#1761 = CIRCLE('',#1762,2.1);
#1762 = AXIS2_PLACEMENT_3D('',#1763,#1764,#1765);
#1763 = CARTESIAN_POINT('',(1.653273178849E-15,27.,30.));
#1764 = DIRECTION('',(0.,0.,1.));
#1765 = DIRECTION('',(1.,0.,-0.));
#1766 = PCURVE('',#1703,#1767);
#1767 = DEFINITIONAL_REPRESENTATION('',(#1768),#1772);
#1768 = CIRCLE('',#1769,2.1);
#1769 = AXIS2_PLACEMENT_2D('',#1770,#1771);
#1770 = CARTESIAN_POINT('',(0.,0.));
#1771 = DIRECTION('',(1.,0.));
#1772 = ( GEOMETRIC_REPRESENTATION_CONTEXT(2) 
PARAMETRIC_REPRESENTATION_CONTEXT() REPRESENTATION_CONTEXT('2D SPACE',''
  ) );
#1773 = PCURVE('',#1739,#1774);
#1774 = DEFINITIONAL_REPRESENTATION('',(#1775),#1779);
#1775 = LINE('',#1776,#1777);
#1776 = CARTESIAN_POINT('',(0.,0.5));
#1777 = VECTOR('',#1778,1.);
#1778 = DIRECTION('',(1.,0.));
#1779 = ( GEOMETRIC_REPRESENTATION_CONTEXT(2) 
PARAMETRIC_REPRESENTATION_CONTEXT() REPRESENTATION_CONTEXT('2D SPACE',''
  ) );
#1780 = ADVANCED_FACE('',(#1781),#1739,.F.);
#1781 = FACE_BOUND('',#1782,.F.);
#1782 = EDGE_LOOP('',(#1783,#1784,#1805,#1806));
#1783 = ORIENTED_EDGE('',*,*,#1722,.F.);
#1784 = ORIENTED_EDGE('',*,*,#1785,.F.);
#1785 = EDGE_CURVE('',#1758,#1723,#1786,.T.);
#1786 = SEAM_CURVE('',#1787,(#1791,#1798),.PCURVE_S1.);
#1787 = LINE('',#1788,#1789);
#1788 = CARTESIAN_POINT('',(2.1,27.,29.5));
#1789 = VECTOR('',#1790,1.);
#1790 = DIRECTION('',(0.,0.,1.));
#1791 = PCURVE('',#1739,#1792);
#1792 = DEFINITIONAL_REPRESENTATION('',(#1793),#1797);
#1793 = LINE('',#1794,#1795);
#1794 = CARTESIAN_POINT('',(6.28318530718,-0.));
#1795 = VECTOR('',#1796,1.);
#1796 = DIRECTION('',(0.,1.));
#1797 = ( GEOMETRIC_REPRESENTATION_CONTEXT(2) 
PARAMETRIC_REPRESENTATION_CONTEXT() REPRESENTATION_CONTEXT('2D SPACE',''
  ) );
#1798 = PCURVE('',#1739,#1799);
#1799 = DEFINITIONAL_REPRESENTATION('',(#1800),#1804);
#1800 = LINE('',#1801,#1802);
#1801 = CARTESIAN_POINT('',(0.,-0.));
#1802 = VECTOR('',#1803,1.);
#1803 = DIRECTION('',(0.,1.));
#1804 = ( GEOMETRIC_REPRESENTATION_CONTEXT(2) 
PARAMETRIC_REPRESENTATION_CONTEXT() REPRESENTATION_CONTEXT('2D SPACE',''
  ) );
#1805 = ORIENTED_EDGE('',*,*,#1757,.T.);
#1806 = ORIENTED_EDGE('',*,*,#1785,.T.);
#1807 = ( GEOMETRIC_REPRESENTATION_CONTEXT(3) 
GLOBAL_UNCERTAINTY_ASSIGNED_CONTEXT((#1811)) 
GLOBAL_UNIT_ASSIGNED_CONTEXT((#1808,#1809,#1810)) REPRESENTATION_CONTEXT
('Context #1','3D Context with UNIT and UNCERTAINTY') );
#1808 = ( LENGTH_UNIT() NAMED_UNIT(*) SI_UNIT(.MILLI.,.METRE.) );
#1809 = ( NAMED_UNIT(*) PLANE_ANGLE_UNIT() SI_UNIT($,.RADIAN.) );
#1810 = ( NAMED_UNIT(*) SI_UNIT($,.STERADIAN.) SOLID_ANGLE_UNIT() );
#1811 = UNCERTAINTY_MEASURE_WITH_UNIT(LENGTH_MEASURE(1.E-07),#1808,
  'distance_accuracy_value','confusion accuracy');
#1812 = CONTEXT_DEPENDENT_SHAPE_REPRESENTATION(#1813,#1815);
#1813 = ( REPRESENTATION_RELATIONSHIP('','',#1624,#10) 
REPRESENTATION_RELATIONSHIP_WITH_TRANSFORMATION(#1814) 
SHAPE_REPRESENTATION_RELATIONSHIP() );
#1814 = ITEM_DEFINED_TRANSFORMATION('','',#11,#23);
#1815 = PRODUCT_DEFINITION_SHAPE('Placement','Placement of an item',
  #1816);
#1816 = NEXT_ASSEMBLY_USAGE_OCCURRENCE('3','','',#5,#1619,$);
#1817 = PRODUCT_RELATED_PRODUCT_CATEGORY('part',$,(#1621));
#1818 = SHAPE_DEFINITION_REPRESENTATION(#1819,#1825);
#1819 = PRODUCT_DEFINITION_SHAPE('','',#1820);
#1820 = PRODUCT_DEFINITION('design','',#1821,#1824);
#1821 = PRODUCT_DEFINITION_FORMATION('','',#1822);
#1822 = PRODUCT('Open CASCADE STEP translator 7.9 2.4',
  'Open CASCADE STEP translator 7.9 2.4','',(#1823));
#1823 = PRODUCT_CONTEXT('',#2,'mechanical');
#1824 = PRODUCT_DEFINITION_CONTEXT('part definition',#2,'design');
#1825 = ADVANCED_BREP_SHAPE_REPRESENTATION('',(#11,#1826),#2008);
#1826 = MANIFOLD_SOLID_BREP('',#1827);
#1827 = CLOSED_SHELL('',(#1828,#1916,#1951,#1981));
#1828 = ADVANCED_FACE('',(#1829),#1842,.T.);
#1829 = FACE_BOUND('',#1830,.T.);
#1830 = EDGE_LOOP('',(#1831,#1865,#1888,#1915));
#1831 = ORIENTED_EDGE('',*,*,#1832,.F.);
#1832 = EDGE_CURVE('',#1833,#1833,#1835,.T.);
#1833 = VERTEX_POINT('',#1834);
#1834 = CARTESIAN_POINT('',(-23.,2.32682891838E-15,36.));
#1835 = SURFACE_CURVE('',#1836,(#1841,#1853),.PCURVE_S1.);
#1836 = CIRCLE('',#1837,4.);
#1837 = AXIS2_PLACEMENT_3D('',#1838,#1839,#1840);
#1838 = CARTESIAN_POINT('',(-27.,3.306546357698E-15,36.));
#1839 = DIRECTION('',(0.,0.,1.));
#1840 = DIRECTION('',(1.,0.,-0.));
#1841 = PCURVE('',#1842,#1847);
#1842 = CYLINDRICAL_SURFACE('',#1843,4.);
#1843 = AXIS2_PLACEMENT_3D('',#1844,#1845,#1846);
#1844 = CARTESIAN_POINT('',(-27.,3.306546357698E-15,30.));
#1845 = DIRECTION('',(0.,0.,1.));
#1846 = DIRECTION('',(1.,0.,-0.));
#1847 = DEFINITIONAL_REPRESENTATION('',(#1848),#1852);
#1848 = LINE('',#1849,#1850);
#1849 = CARTESIAN_POINT('',(0.,6.));
#1850 = VECTOR('',#1851,1.);
#1851 = DIRECTION('',(1.,0.));
#1852 = ( GEOMETRIC_REPRESENTATION_CONTEXT(2) 
PARAMETRIC_REPRESENTATION_CONTEXT() REPRESENTATION_CONTEXT('2D SPACE',''
  ) );
#1853 = PCURVE('',#1854,#1859);
#1854 = PLANE('',#1855);
#1855 = AXIS2_PLACEMENT_3D('',#1856,#1857,#1858);
#1856 = CARTESIAN_POINT('',(-27.,3.306546357698E-15,36.));
#1857 = DIRECTION('',(0.,0.,1.));
#1858 = DIRECTION('',(1.,0.,-0.));
#1859 = DEFINITIONAL_REPRESENTATION('',(#1860),#1864);
#1860 = CIRCLE('',#1861,4.);
#1861 = AXIS2_PLACEMENT_2D('',#1862,#1863);
#1862 = CARTESIAN_POINT('',(0.,0.));
#1863 = DIRECTION('',(1.,0.));
#1864 = ( GEOMETRIC_REPRESENTATION_CONTEXT(2) 
PARAMETRIC_REPRESENTATION_CONTEXT() REPRESENTATION_CONTEXT('2D SPACE',''
  ) );
#1865 = ORIENTED_EDGE('',*,*,#1866,.F.);
#1866 = EDGE_CURVE('',#1867,#1833,#1869,.T.);
#1867 = VERTEX_POINT('',#1868);
#1868 = CARTESIAN_POINT('',(-23.,2.32682891838E-15,30.));
#1869 = SEAM_CURVE('',#1870,(#1874,#1881),.PCURVE_S1.);
#1870 = LINE('',#1871,#1872);
#1871 = CARTESIAN_POINT('',(-23.,2.32682891838E-15,30.));
#1872 = VECTOR('',#1873,1.);
#1873 = DIRECTION('',(0.,0.,1.));
#1874 = PCURVE('',#1842,#1875);
#1875 = DEFINITIONAL_REPRESENTATION('',(#1876),#1880);
#1876 = LINE('',#1877,#1878);
#1877 = CARTESIAN_POINT('',(6.28318530718,-0.));
#1878 = VECTOR('',#1879,1.);
#1879 = DIRECTION('',(0.,1.));
#1880 = ( GEOMETRIC_REPRESENTATION_CONTEXT(2) 
PARAMETRIC_REPRESENTATION_CONTEXT() REPRESENTATION_CONTEXT('2D SPACE',''
  ) );
#1881 = PCURVE('',#1842,#1882);
#1882 = DEFINITIONAL_REPRESENTATION('',(#1883),#1887);
#1883 = LINE('',#1884,#1885);
#1884 = CARTESIAN_POINT('',(0.,-0.));
#1885 = VECTOR('',#1886,1.);
#1886 = DIRECTION('',(0.,1.));
#1887 = ( GEOMETRIC_REPRESENTATION_CONTEXT(2) 
PARAMETRIC_REPRESENTATION_CONTEXT() REPRESENTATION_CONTEXT('2D SPACE',''
  ) );
#1888 = ORIENTED_EDGE('',*,*,#1889,.T.);
#1889 = EDGE_CURVE('',#1867,#1867,#1890,.T.);
#1890 = SURFACE_CURVE('',#1891,(#1896,#1903),.PCURVE_S1.);
#1891 = CIRCLE('',#1892,4.);
#1892 = AXIS2_PLACEMENT_3D('',#1893,#1894,#1895);
#1893 = CARTESIAN_POINT('',(-27.,3.306546357698E-15,30.));
#1894 = DIRECTION('',(0.,0.,1.));
#1895 = DIRECTION('',(1.,0.,-0.));
#1896 = PCURVE('',#1842,#1897);
#1897 = DEFINITIONAL_REPRESENTATION('',(#1898),#1902);
#1898 = LINE('',#1899,#1900);
#1899 = CARTESIAN_POINT('',(0.,0.));
#1900 = VECTOR('',#1901,1.);
#1901 = DIRECTION('',(1.,0.));
#1902 = ( GEOMETRIC_REPRESENTATION_CONTEXT(2) 
PARAMETRIC_REPRESENTATION_CONTEXT() REPRESENTATION_CONTEXT('2D SPACE',''
  ) );
#1903 = PCURVE('',#1904,#1909);
#1904 = PLANE('',#1905);
#1905 = AXIS2_PLACEMENT_3D('',#1906,#1907,#1908);
#1906 = CARTESIAN_POINT('',(-27.,3.306546357698E-15,30.));
#1907 = DIRECTION('',(0.,0.,1.));
#1908 = DIRECTION('',(1.,0.,-0.));
#1909 = DEFINITIONAL_REPRESENTATION('',(#1910),#1914);
#1910 = CIRCLE('',#1911,4.);
#1911 = AXIS2_PLACEMENT_2D('',#1912,#1913);
#1912 = CARTESIAN_POINT('',(0.,0.));
#1913 = DIRECTION('',(1.,0.));
#1914 = ( GEOMETRIC_REPRESENTATION_CONTEXT(2) 
PARAMETRIC_REPRESENTATION_CONTEXT() REPRESENTATION_CONTEXT('2D SPACE',''
  ) );
#1915 = ORIENTED_EDGE('',*,*,#1866,.T.);
#1916 = ADVANCED_FACE('',(#1917,#1920),#1854,.T.);
#1917 = FACE_BOUND('',#1918,.T.);
#1918 = EDGE_LOOP('',(#1919));
#1919 = ORIENTED_EDGE('',*,*,#1832,.T.);
#1920 = FACE_BOUND('',#1921,.T.);
#1921 = EDGE_LOOP('',(#1922));
#1922 = ORIENTED_EDGE('',*,*,#1923,.F.);
#1923 = EDGE_CURVE('',#1924,#1924,#1926,.T.);
#1924 = VERTEX_POINT('',#1925);
#1925 = CARTESIAN_POINT('',(-24.9,2.792194702056E-15,36.));
#1926 = SURFACE_CURVE('',#1927,(#1932,#1939),.PCURVE_S1.);
#1927 = CIRCLE('',#1928,2.1);
#1928 = AXIS2_PLACEMENT_3D('',#1929,#1930,#1931);
#1929 = CARTESIAN_POINT('',(-27.,3.306546357698E-15,36.));
#1930 = DIRECTION('',(0.,0.,1.));
#1931 = DIRECTION('',(1.,0.,-0.));
#1932 = PCURVE('',#1854,#1933);
#1933 = DEFINITIONAL_REPRESENTATION('',(#1934),#1938);
#1934 = CIRCLE('',#1935,2.1);
#1935 = AXIS2_PLACEMENT_2D('',#1936,#1937);
#1936 = CARTESIAN_POINT('',(0.,0.));
#1937 = DIRECTION('',(1.,0.));
#1938 = ( GEOMETRIC_REPRESENTATION_CONTEXT(2) 
PARAMETRIC_REPRESENTATION_CONTEXT() REPRESENTATION_CONTEXT('2D SPACE',''
  ) );
#1939 = PCURVE('',#1940,#1945);
#1940 = CYLINDRICAL_SURFACE('',#1941,2.1);
#1941 = AXIS2_PLACEMENT_3D('',#1942,#1943,#1944);
#1942 = CARTESIAN_POINT('',(-27.,3.306546357698E-15,29.5));
#1943 = DIRECTION('',(0.,0.,1.));
#1944 = DIRECTION('',(1.,0.,-0.));
#1945 = DEFINITIONAL_REPRESENTATION('',(#1946),#1950);
#1946 = LINE('',#1947,#1948);
#1947 = CARTESIAN_POINT('',(0.,6.5));
#1948 = VECTOR('',#1949,1.);
#1949 = DIRECTION('',(1.,0.));
#1950 = ( GEOMETRIC_REPRESENTATION_CONTEXT(2) 
PARAMETRIC_REPRESENTATION_CONTEXT() REPRESENTATION_CONTEXT('2D SPACE',''
  ) );
#1951 = ADVANCED_FACE('',(#1952,#1955),#1904,.F.);
#1952 = FACE_BOUND('',#1953,.F.);
#1953 = EDGE_LOOP('',(#1954));
#1954 = ORIENTED_EDGE('',*,*,#1889,.T.);
#1955 = FACE_BOUND('',#1956,.F.);
#1956 = EDGE_LOOP('',(#1957));
#1957 = ORIENTED_EDGE('',*,*,#1958,.F.);
#1958 = EDGE_CURVE('',#1959,#1959,#1961,.T.);
#1959 = VERTEX_POINT('',#1960);
#1960 = CARTESIAN_POINT('',(-24.9,2.792194702056E-15,30.));
#1961 = SURFACE_CURVE('',#1962,(#1967,#1974),.PCURVE_S1.);
#1962 = CIRCLE('',#1963,2.1);
#1963 = AXIS2_PLACEMENT_3D('',#1964,#1965,#1966);
#1964 = CARTESIAN_POINT('',(-27.,3.306546357698E-15,30.));
#1965 = DIRECTION('',(0.,0.,1.));
#1966 = DIRECTION('',(1.,0.,-0.));
#1967 = PCURVE('',#1904,#1968);
#1968 = DEFINITIONAL_REPRESENTATION('',(#1969),#1973);
#1969 = CIRCLE('',#1970,2.1);
#1970 = AXIS2_PLACEMENT_2D('',#1971,#1972);
#1971 = CARTESIAN_POINT('',(0.,0.));
#1972 = DIRECTION('',(1.,0.));
#1973 = ( GEOMETRIC_REPRESENTATION_CONTEXT(2) 
PARAMETRIC_REPRESENTATION_CONTEXT() REPRESENTATION_CONTEXT('2D SPACE',''
  ) );
#1974 = PCURVE('',#1940,#1975);
#1975 = DEFINITIONAL_REPRESENTATION('',(#1976),#1980);
#1976 = LINE('',#1977,#1978);
#1977 = CARTESIAN_POINT('',(0.,0.5));
#1978 = VECTOR('',#1979,1.);
#1979 = DIRECTION('',(1.,0.));
#1980 = ( GEOMETRIC_REPRESENTATION_CONTEXT(2) 
PARAMETRIC_REPRESENTATION_CONTEXT() REPRESENTATION_CONTEXT('2D SPACE',''
  ) );
#1981 = ADVANCED_FACE('',(#1982),#1940,.F.);
#1982 = FACE_BOUND('',#1983,.F.);
#1983 = EDGE_LOOP('',(#1984,#1985,#2006,#2007));
#1984 = ORIENTED_EDGE('',*,*,#1923,.F.);
#1985 = ORIENTED_EDGE('',*,*,#1986,.F.);
#1986 = EDGE_CURVE('',#1959,#1924,#1987,.T.);
#1987 = SEAM_CURVE('',#1988,(#1992,#1999),.PCURVE_S1.);
#1988 = LINE('',#1989,#1990);
#1989 = CARTESIAN_POINT('',(-24.9,2.792194702056E-15,29.5));
#1990 = VECTOR('',#1991,1.);
#1991 = DIRECTION('',(0.,0.,1.));
#1992 = PCURVE('',#1940,#1993);
#1993 = DEFINITIONAL_REPRESENTATION('',(#1994),#1998);
#1994 = LINE('',#1995,#1996);
#1995 = CARTESIAN_POINT('',(6.28318530718,-0.));
#1996 = VECTOR('',#1997,1.);
#1997 = DIRECTION('',(0.,1.));
#1998 = ( GEOMETRIC_REPRESENTATION_CONTEXT(2) 
PARAMETRIC_REPRESENTATION_CONTEXT() REPRESENTATION_CONTEXT('2D SPACE',''
  ) );
#1999 = PCURVE('',#1940,#2000);
#2000 = DEFINITIONAL_REPRESENTATION('',(#2001),#2005);
#2001 = LINE('',#2002,#2003);
#2002 = CARTESIAN_POINT('',(0.,-0.));
#2003 = VECTOR('',#2004,1.);
#2004 = DIRECTION('',(0.,1.));
#2005 = ( GEOMETRIC_REPRESENTATION_CONTEXT(2) 
PARAMETRIC_REPRESENTATION_CONTEXT() REPRESENTATION_CONTEXT('2D SPACE',''
  ) );
#2006 = ORIENTED_EDGE('',*,*,#1958,.T.);
#2007 = ORIENTED_EDGE('',*,*,#1986,.T.);
#2008 = ( GEOMETRIC_REPRESENTATION_CONTEXT(3) 
GLOBAL_UNCERTAINTY_ASSIGNED_CONTEXT((#2012)) 
GLOBAL_UNIT_ASSIGNED_CONTEXT((#2009,#2010,#2011)) REPRESENTATION_CONTEXT
('Context #1','3D Context with UNIT and UNCERTAINTY') );
#2009 = ( LENGTH_UNIT() NAMED_UNIT(*) SI_UNIT(.MILLI.,.METRE.) );
#2010 = ( NAMED_UNIT(*) PLANE_ANGLE_UNIT() SI_UNIT($,.RADIAN.) );
#2011 = ( NAMED_UNIT(*) SI_UNIT($,.STERADIAN.) SOLID_ANGLE_UNIT() );
#2012 = UNCERTAINTY_MEASURE_WITH_UNIT(LENGTH_MEASURE(1.E-07),#2009,
  'distance_accuracy_value','confusion accuracy');
#2013 = CONTEXT_DEPENDENT_SHAPE_REPRESENTATION(#2014,#2016);
#2014 = ( REPRESENTATION_RELATIONSHIP('','',#1825,#10) 
REPRESENTATION_RELATIONSHIP_WITH_TRANSFORMATION(#2015) 
SHAPE_REPRESENTATION_RELATIONSHIP() );
#2015 = ITEM_DEFINED_TRANSFORMATION('','',#11,#27);
#2016 = PRODUCT_DEFINITION_SHAPE('Placement','Placement of an item',
  #2017);
#2017 = NEXT_ASSEMBLY_USAGE_OCCURRENCE('4','','',#5,#1820,$);
#2018 = PRODUCT_RELATED_PRODUCT_CATEGORY('part',$,(#1822));
#2019 = SHAPE_DEFINITION_REPRESENTATION(#2020,#2026);
#2020 = PRODUCT_DEFINITION_SHAPE('','',#2021);
#2021 = PRODUCT_DEFINITION('design','',#2022,#2025);
#2022 = PRODUCT_DEFINITION_FORMATION('','',#2023);
#2023 = PRODUCT('Open CASCADE STEP translator 7.9 2.5',
  'Open CASCADE STEP translator 7.9 2.5','',(#2024));
#2024 = PRODUCT_CONTEXT('',#2,'mechanical');
#2025 = PRODUCT_DEFINITION_CONTEXT('part definition',#2,'design');
#2026 = ADVANCED_BREP_SHAPE_REPRESENTATION('',(#11,#2027),#2209);
#2027 = MANIFOLD_SOLID_BREP('',#2028);
#2028 = CLOSED_SHELL('',(#2029,#2117,#2152,#2182));
#2029 = ADVANCED_FACE('',(#2030),#2043,.T.);
#2030 = FACE_BOUND('',#2031,.T.);
#2031 = EDGE_LOOP('',(#2032,#2066,#2089,#2116));
#2032 = ORIENTED_EDGE('',*,*,#2033,.F.);
#2033 = EDGE_CURVE('',#2034,#2034,#2036,.T.);
#2034 = VERTEX_POINT('',#2035);
#2035 = CARTESIAN_POINT('',(4.,-27.,36.));
#2036 = SURFACE_CURVE('',#2037,(#2042,#2054),.PCURVE_S1.);
#2037 = CIRCLE('',#2038,4.);
#2038 = AXIS2_PLACEMENT_3D('',#2039,#2040,#2041);
#2039 = CARTESIAN_POINT('',(-4.959819536547E-15,-27.,36.));
#2040 = DIRECTION('',(0.,0.,1.));
#2041 = DIRECTION('',(1.,0.,-0.));
#2042 = PCURVE('',#2043,#2048);
#2043 = CYLINDRICAL_SURFACE('',#2044,4.);
#2044 = AXIS2_PLACEMENT_3D('',#2045,#2046,#2047);
#2045 = CARTESIAN_POINT('',(-4.959819536547E-15,-27.,30.));
#2046 = DIRECTION('',(0.,0.,1.));
#2047 = DIRECTION('',(1.,0.,-0.));
#2048 = DEFINITIONAL_REPRESENTATION('',(#2049),#2053);
#2049 = LINE('',#2050,#2051);
#2050 = CARTESIAN_POINT('',(0.,6.));
#2051 = VECTOR('',#2052,1.);
#2052 = DIRECTION('',(1.,0.));
#2053 = ( GEOMETRIC_REPRESENTATION_CONTEXT(2) 
PARAMETRIC_REPRESENTATION_CONTEXT() REPRESENTATION_CONTEXT('2D SPACE',''
  ) );
#2054 = PCURVE('',#2055,#2060);
#2055 = PLANE('',#2056);
#2056 = AXIS2_PLACEMENT_3D('',#2057,#2058,#2059);
#2057 = CARTESIAN_POINT('',(-4.959819536547E-15,-27.,36.));
#2058 = DIRECTION('',(0.,0.,1.));
#2059 = DIRECTION('',(1.,0.,-0.));
#2060 = DEFINITIONAL_REPRESENTATION('',(#2061),#2065);
#2061 = CIRCLE('',#2062,4.);
#2062 = AXIS2_PLACEMENT_2D('',#2063,#2064);
#2063 = CARTESIAN_POINT('',(0.,0.));
#2064 = DIRECTION('',(1.,0.));
#2065 = ( GEOMETRIC_REPRESENTATION_CONTEXT(2) 
PARAMETRIC_REPRESENTATION_CONTEXT() REPRESENTATION_CONTEXT('2D SPACE',''
  ) );
#2066 = ORIENTED_EDGE('',*,*,#2067,.F.);
#2067 = EDGE_CURVE('',#2068,#2034,#2070,.T.);
#2068 = VERTEX_POINT('',#2069);
#2069 = CARTESIAN_POINT('',(4.,-27.,30.));
#2070 = SEAM_CURVE('',#2071,(#2075,#2082),.PCURVE_S1.);
#2071 = LINE('',#2072,#2073);
#2072 = CARTESIAN_POINT('',(4.,-27.,30.));
#2073 = VECTOR('',#2074,1.);
#2074 = DIRECTION('',(0.,0.,1.));
#2075 = PCURVE('',#2043,#2076);
#2076 = DEFINITIONAL_REPRESENTATION('',(#2077),#2081);
#2077 = LINE('',#2078,#2079);
#2078 = CARTESIAN_POINT('',(6.28318530718,-0.));
#2079 = VECTOR('',#2080,1.);
#2080 = DIRECTION('',(0.,1.));
#2081 = ( GEOMETRIC_REPRESENTATION_CONTEXT(2) 
PARAMETRIC_REPRESENTATION_CONTEXT() REPRESENTATION_CONTEXT('2D SPACE',''
  ) );
#2082 = PCURVE('',#2043,#2083);
#2083 = DEFINITIONAL_REPRESENTATION('',(#2084),#2088);
#2084 = LINE('',#2085,#2086);
#2085 = CARTESIAN_POINT('',(0.,-0.));
#2086 = VECTOR('',#2087,1.);
#2087 = DIRECTION('',(0.,1.));
#2088 = ( GEOMETRIC_REPRESENTATION_CONTEXT(2) 
PARAMETRIC_REPRESENTATION_CONTEXT() REPRESENTATION_CONTEXT('2D SPACE',''
  ) );
#2089 = ORIENTED_EDGE('',*,*,#2090,.T.);
#2090 = EDGE_CURVE('',#2068,#2068,#2091,.T.);
#2091 = SURFACE_CURVE('',#2092,(#2097,#2104),.PCURVE_S1.);
#2092 = CIRCLE('',#2093,4.);
#2093 = AXIS2_PLACEMENT_3D('',#2094,#2095,#2096);
#2094 = CARTESIAN_POINT('',(-4.959819536547E-15,-27.,30.));
#2095 = DIRECTION('',(0.,0.,1.));
#2096 = DIRECTION('',(1.,0.,-0.));
#2097 = PCURVE('',#2043,#2098);
#2098 = DEFINITIONAL_REPRESENTATION('',(#2099),#2103);
#2099 = LINE('',#2100,#2101);
#2100 = CARTESIAN_POINT('',(0.,0.));
#2101 = VECTOR('',#2102,1.);
#2102 = DIRECTION('',(1.,0.));
#2103 = ( GEOMETRIC_REPRESENTATION_CONTEXT(2) 
PARAMETRIC_REPRESENTATION_CONTEXT() REPRESENTATION_CONTEXT('2D SPACE',''
  ) );
#2104 = PCURVE('',#2105,#2110);
#2105 = PLANE('',#2106);
#2106 = AXIS2_PLACEMENT_3D('',#2107,#2108,#2109);
#2107 = CARTESIAN_POINT('',(-4.959819536547E-15,-27.,30.));
#2108 = DIRECTION('',(0.,0.,1.));
#2109 = DIRECTION('',(1.,0.,-0.));
#2110 = DEFINITIONAL_REPRESENTATION('',(#2111),#2115);
#2111 = CIRCLE('',#2112,4.);
#2112 = AXIS2_PLACEMENT_2D('',#2113,#2114);
#2113 = CARTESIAN_POINT('',(0.,0.));
#2114 = DIRECTION('',(1.,0.));
#2115 = ( GEOMETRIC_REPRESENTATION_CONTEXT(2) 
PARAMETRIC_REPRESENTATION_CONTEXT() REPRESENTATION_CONTEXT('2D SPACE',''
  ) );
#2116 = ORIENTED_EDGE('',*,*,#2067,.T.);
#2117 = ADVANCED_FACE('',(#2118,#2121),#2055,.T.);
#2118 = FACE_BOUND('',#2119,.T.);
#2119 = EDGE_LOOP('',(#2120));
#2120 = ORIENTED_EDGE('',*,*,#2033,.T.);
#2121 = FACE_BOUND('',#2122,.T.);
#2122 = EDGE_LOOP('',(#2123));
#2123 = ORIENTED_EDGE('',*,*,#2124,.F.);
#2124 = EDGE_CURVE('',#2125,#2125,#2127,.T.);
#2125 = VERTEX_POINT('',#2126);
#2126 = CARTESIAN_POINT('',(2.1,-27.,36.));
#2127 = SURFACE_CURVE('',#2128,(#2133,#2140),.PCURVE_S1.);
#2128 = CIRCLE('',#2129,2.1);
#2129 = AXIS2_PLACEMENT_3D('',#2130,#2131,#2132);
#2130 = CARTESIAN_POINT('',(-4.959819536547E-15,-27.,36.));
#2131 = DIRECTION('',(0.,0.,1.));
#2132 = DIRECTION('',(1.,0.,-0.));
#2133 = PCURVE('',#2055,#2134);
#2134 = DEFINITIONAL_REPRESENTATION('',(#2135),#2139);
#2135 = CIRCLE('',#2136,2.1);
#2136 = AXIS2_PLACEMENT_2D('',#2137,#2138);
#2137 = CARTESIAN_POINT('',(0.,0.));
#2138 = DIRECTION('',(1.,0.));
#2139 = ( GEOMETRIC_REPRESENTATION_CONTEXT(2) 
PARAMETRIC_REPRESENTATION_CONTEXT() REPRESENTATION_CONTEXT('2D SPACE',''
  ) );
#2140 = PCURVE('',#2141,#2146);
#2141 = CYLINDRICAL_SURFACE('',#2142,2.1);
#2142 = AXIS2_PLACEMENT_3D('',#2143,#2144,#2145);
#2143 = CARTESIAN_POINT('',(-4.959819536547E-15,-27.,29.5));
#2144 = DIRECTION('',(0.,0.,1.));
#2145 = DIRECTION('',(1.,0.,-0.));
#2146 = DEFINITIONAL_REPRESENTATION('',(#2147),#2151);
#2147 = LINE('',#2148,#2149);
#2148 = CARTESIAN_POINT('',(0.,6.5));
#2149 = VECTOR('',#2150,1.);
#2150 = DIRECTION('',(1.,0.));
#2151 = ( GEOMETRIC_REPRESENTATION_CONTEXT(2) 
PARAMETRIC_REPRESENTATION_CONTEXT() REPRESENTATION_CONTEXT('2D SPACE',''
  ) );
#2152 = ADVANCED_FACE('',(#2153,#2156),#2105,.F.);
#2153 = FACE_BOUND('',#2154,.F.);
#2154 = EDGE_LOOP('',(#2155));
#2155 = ORIENTED_EDGE('',*,*,#2090,.T.);
#2156 = FACE_BOUND('',#2157,.F.);
#2157 = EDGE_LOOP('',(#2158));
#2158 = ORIENTED_EDGE('',*,*,#2159,.F.);
#2159 = EDGE_CURVE('',#2160,#2160,#2162,.T.);
#2160 = VERTEX_POINT('',#2161);
#2161 = CARTESIAN_POINT('',(2.1,-27.,30.));
#2162 = SURFACE_CURVE('',#2163,(#2168,#2175),.PCURVE_S1.);
#2163 = CIRCLE('',#2164,2.1);
#2164 = AXIS2_PLACEMENT_3D('',#2165,#2166,#2167);
#2165 = CARTESIAN_POINT('',(-4.959819536547E-15,-27.,30.));
#2166 = DIRECTION('',(0.,0.,1.));
#2167 = DIRECTION('',(1.,0.,-0.));
#2168 = PCURVE('',#2105,#2169);
#2169 = DEFINITIONAL_REPRESENTATION('',(#2170),#2174);
#2170 = CIRCLE('',#2171,2.1);
#2171 = AXIS2_PLACEMENT_2D('',#2172,#2173);
#2172 = CARTESIAN_POINT('',(0.,0.));
#2173 = DIRECTION('',(1.,0.));
#2174 = ( GEOMETRIC_REPRESENTATION_CONTEXT(2) 
PARAMETRIC_REPRESENTATION_CONTEXT() REPRESENTATION_CONTEXT('2D SPACE',''
  ) );
#2175 = PCURVE('',#2141,#2176);
#2176 = DEFINITIONAL_REPRESENTATION('',(#2177),#2181);
#2177 = LINE('',#2178,#2179);
#2178 = CARTESIAN_POINT('',(0.,0.5));
#2179 = VECTOR('',#2180,1.);
#2180 = DIRECTION('',(1.,0.));
#2181 = ( GEOMETRIC_REPRESENTATION_CONTEXT(2) 
PARAMETRIC_REPRESENTATION_CONTEXT() REPRESENTATION_CONTEXT('2D SPACE',''
  ) );
#2182 = ADVANCED_FACE('',(#2183),#2141,.F.);
#2183 = FACE_BOUND('',#2184,.F.);
#2184 = EDGE_LOOP('',(#2185,#2186,#2207,#2208));
#2185 = ORIENTED_EDGE('',*,*,#2124,.F.);
#2186 = ORIENTED_EDGE('',*,*,#2187,.F.);
#2187 = EDGE_CURVE('',#2160,#2125,#2188,.T.);
#2188 = SEAM_CURVE('',#2189,(#2193,#2200),.PCURVE_S1.);
#2189 = LINE('',#2190,#2191);
#2190 = CARTESIAN_POINT('',(2.1,-27.,29.5));
#2191 = VECTOR('',#2192,1.);
#2192 = DIRECTION('',(0.,0.,1.));
#2193 = PCURVE('',#2141,#2194);
#2194 = DEFINITIONAL_REPRESENTATION('',(#2195),#2199);
#2195 = LINE('',#2196,#2197);
#2196 = CARTESIAN_POINT('',(6.28318530718,-0.));
#2197 = VECTOR('',#2198,1.);
#2198 = DIRECTION('',(0.,1.));
#2199 = ( GEOMETRIC_REPRESENTATION_CONTEXT(2) 
PARAMETRIC_REPRESENTATION_CONTEXT() REPRESENTATION_CONTEXT('2D SPACE',''
  ) );
#2200 = PCURVE('',#2141,#2201);
#2201 = DEFINITIONAL_REPRESENTATION('',(#2202),#2206);
#2202 = LINE('',#2203,#2204);
#2203 = CARTESIAN_POINT('',(0.,-0.));
#2204 = VECTOR('',#2205,1.);
#2205 = DIRECTION('',(0.,1.));
#2206 = ( GEOMETRIC_REPRESENTATION_CONTEXT(2) 
PARAMETRIC_REPRESENTATION_CONTEXT() REPRESENTATION_CONTEXT('2D SPACE',''
  ) );
#2207 = ORIENTED_EDGE('',*,*,#2159,.T.);
#2208 = ORIENTED_EDGE('',*,*,#2187,.T.);
#2209 = ( GEOMETRIC_REPRESENTATION_CONTEXT(3) 
GLOBAL_UNCERTAINTY_ASSIGNED_CONTEXT((#2213)) 
GLOBAL_UNIT_ASSIGNED_CONTEXT((#2210,#2211,#2212)) REPRESENTATION_CONTEXT
('Context #1','3D Context with UNIT and UNCERTAINTY') );
#2210 = ( LENGTH_UNIT() NAMED_UNIT(*) SI_UNIT(.MILLI.,.METRE.) );
#2211 = ( NAMED_UNIT(*) PLANE_ANGLE_UNIT() SI_UNIT($,.RADIAN.) );
#2212 = ( NAMED_UNIT(*) SI_UNIT($,.STERADIAN.) SOLID_ANGLE_UNIT() );
#2213 = UNCERTAINTY_MEASURE_WITH_UNIT(LENGTH_MEASURE(1.E-07),#2210,
  'distance_accuracy_value','confusion accuracy');
#2214 = CONTEXT_DEPENDENT_SHAPE_REPRESENTATION(#2215,#2217);
#2215 = ( REPRESENTATION_RELATIONSHIP('','',#2026,#10) 
REPRESENTATION_RELATIONSHIP_WITH_TRANSFORMATION(#2216) 
SHAPE_REPRESENTATION_RELATIONSHIP() );
#2216 = ITEM_DEFINED_TRANSFORMATION('','',#11,#31);
#2217 = PRODUCT_DEFINITION_SHAPE('Placement','Placement of an item',
  #2218);
#2218 = NEXT_ASSEMBLY_USAGE_OCCURRENCE('5','','',#5,#2021,$);
#2219 = PRODUCT_RELATED_PRODUCT_CATEGORY('part',$,(#2023));
ENDSEC;
END-ISO-10303-21;
