ISO-10303-21;
HEADER;
FILE_DESCRIPTION(('Open CASCADE Model'),'2;1');
FILE_NAME('Open CASCADE Shape Model','2026-08-12T18:05:09',('Author'),(
    'Open CASCADE'),'Open CASCADE STEP processor 7.9','Open CASCADE 7.9'
  ,'Unknown');
FILE_SCHEMA(('AUTOMOTIVE_DESIGN { 1 0 10303 214 1 1 1 1 }'));
ENDSEC;
DATA;
#1 = APPLICATION_PROTOCOL_DEFINITION('international standard',
  'automotive_design',2000,#2);
#2 = APPLICATION_CONTEXT(
  'core data for automotive mechanical design processes');
#3 = SHAPE_DEFINITION_REPRESENTATION(#4,#10);
#4 = PRODUCT_DEFINITION_SHAPE('','',#5);
#5 = PRODUCT_DEFINITION('design','',#6,#9);
#6 = PRODUCT_DEFINITION_FORMATION('','',#7);
#7 = PRODUCT('Open CASCADE STEP translator 7.9 3',
  'Open CASCADE STEP translator 7.9 3','',(#8));
#8 = PRODUCT_CONTEXT('',#2,'mechanical');
#9 = PRODUCT_DEFINITION_CONTEXT('part definition',#2,'design');
#10 = ADVANCED_BREP_SHAPE_REPRESENTATION('',(#11,#15),#2205);
#11 = AXIS2_PLACEMENT_3D('',#12,#13,#14);
#12 = CARTESIAN_POINT('',(0.,0.,0.));
#13 = DIRECTION('',(0.,0.,1.));
#14 = DIRECTION('',(1.,0.,-0.));
#15 = MANIFOLD_SOLID_BREP('',#16);
#16 = CLOSED_SHELL('',(#17,#1064,#1280,#1491,#1521,#1551,#1741,#1931,
    #2121));
#17 = ADVANCED_FACE('',(#18,#527,#722,#893),#55,.T.);
#18 = FACE_BOUND('',#19,.T.);
#19 = EDGE_LOOP('',(#20,#124,#147,#174,#175,#265,#288,#385,#408,#435,
    #436,#526));
#20 = ORIENTED_EDGE('',*,*,#21,.F.);
#21 = EDGE_CURVE('',#22,#24,#26,.T.);
#22 = VERTEX_POINT('',#23);
#23 = CARTESIAN_POINT('',(35.,-4.078073841161E-15,415.3));
#24 = VERTEX_POINT('',#25);
#25 = CARTESIAN_POINT('',(35.,-8.572527594031E-15,411.89999999999));
#26 = SURFACE_CURVE('',#27,(#54,#89),.PCURVE_S1.);
#27 = B_SPLINE_CURVE_WITH_KNOTS('',7,(#28,#29,#30,#31,#32,#33,#34,#35,
    #36,#37,#38,#39,#40,#41,#42,#43,#44,#45,#46,#47,#48,#49,#50,#51,#52,
    #53),.UNSPECIFIED.,.F.,.F.,(8,6,6,6,8),(0.,0.257092656721,
    0.500016533685,0.742967294819,1.),.UNSPECIFIED.);
#28 = CARTESIAN_POINT('',(35.,-2.6645352591E-15,415.3));
#29 = CARTESIAN_POINT('',(35.,-0.233415850512,415.3));
#30 = CARTESIAN_POINT('',(34.998183886,-0.46077126925,415.26261005672));
#31 = CARTESIAN_POINT('',(34.994721535655,-0.675097767351,415.1913227564
    ));
#32 = CARTESIAN_POINT('',(34.990100269679,-0.870593748237,
    415.09102152205));
#33 = CARTESIAN_POINT('',(34.984995105977,-1.042863793205,414.9678940508
    ));
#34 = CARTESIAN_POINT('',(34.979993919937,-1.189356865545,
    414.82929917498));
#35 = CARTESIAN_POINT('',(34.971215760399,-1.423746353456,
    414.54597095497));
#36 = CARTESIAN_POINT('',(34.967282183986,-1.517212538641,
    414.39862959102));
#37 = CARTESIAN_POINT('',(34.963934124472,-1.590936025586,
    414.24462617363));
#38 = CARTESIAN_POINT('',(34.961334055035,-1.645626291909,
    414.08618982876));
#39 = CARTESIAN_POINT('',(34.959571689487,-1.681866988125,
    413.92503424419));
#40 = CARTESIAN_POINT('',(34.958689906803,-1.7,413.76255057629));
#41 = CARTESIAN_POINT('',(34.958689906803,-1.7,413.43743143438));
#42 = CARTESIAN_POINT('',(34.959571882879,-1.681862996546,
    413.27494536596));
#43 = CARTESIAN_POINT('',(34.961334340928,-1.645620458608,
    413.11380213755));
#44 = CARTESIAN_POINT('',(34.963934093618,-1.590936046132,
    412.95538590918));
#45 = CARTESIAN_POINT('',(34.967281564456,-1.517225015881,412.8013975873
    ));
#46 = CARTESIAN_POINT('',(34.971215010695,-1.423766371622,
    412.65405324282));
#47 = CARTESIAN_POINT('',(34.979993161274,-1.189377122951,
    412.37072531201));
#48 = CARTESIAN_POINT('',(34.984994434615,-1.042886111128,
    412.23211995537));
#49 = CARTESIAN_POINT('',(34.990100408413,-0.870597582854,
    412.10897131912));
#50 = CARTESIAN_POINT('',(34.994722512316,-0.675070780744,412.0086570877
    ));
#51 = CARTESIAN_POINT('',(34.998184655714,-0.46071851498,411.93737411263
    ));
#52 = CARTESIAN_POINT('',(35.,-0.233366446665,411.9));
#53 = CARTESIAN_POINT('',(35.,-2.22044604925E-15,411.9));
#54 = PCURVE('',#55,#60);
#55 = CYLINDRICAL_SURFACE('',#56,35.);
#56 = AXIS2_PLACEMENT_3D('',#57,#58,#59);
#57 = CARTESIAN_POINT('',(0.,0.,0.));
#58 = DIRECTION('',(0.,0.,1.));
#59 = DIRECTION('',(1.,0.,-0.));
#60 = DEFINITIONAL_REPRESENTATION('',(#61),#88);
#61 = B_SPLINE_CURVE_WITH_KNOTS('',7,(#62,#63,#64,#65,#66,#67,#68,#69,
    #70,#71,#72,#73,#74,#75,#76,#77,#78,#79,#80,#81,#82,#83,#84,#85,#86,
    #87),.UNSPECIFIED.,.F.,.F.,(8,6,6,6,8),(0.,0.257092656721,
    0.500016533685,0.742967294819,1.),.UNSPECIFIED.);
#62 = CARTESIAN_POINT('',(6.28318530718,415.3));
#63 = CARTESIAN_POINT('',(6.276516282879,415.3));
#64 = CARTESIAN_POINT('',(6.270020413127,415.26261005672));
#65 = CARTESIAN_POINT('',(6.26389631807,415.1913227564));
#66 = CARTESIAN_POINT('',(6.258309367422,415.09102152205));
#67 = CARTESIAN_POINT('',(6.253385285772,414.9678940508));
#68 = CARTESIAN_POINT('',(6.249197354481,414.82929917498));
#69 = CARTESIAN_POINT('',(6.242495817153,414.54597095497));
#70 = CARTESIAN_POINT('',(6.23982301942,414.39862959102));
#71 = CARTESIAN_POINT('',(6.237714473339,414.24462617363));
#72 = CARTESIAN_POINT('',(6.236150130523,414.08618982876));
#73 = CARTESIAN_POINT('',(6.235113458404,413.92503424419));
#74 = CARTESIAN_POINT('',(6.234594760151,413.76255057629));
#75 = CARTESIAN_POINT('',(6.234594760151,413.43743143438));
#76 = CARTESIAN_POINT('',(6.235113572581,413.27494536596));
#77 = CARTESIAN_POINT('',(6.236150297396,413.11380213755));
#78 = CARTESIAN_POINT('',(6.237714472695,412.95538590918));
#79 = CARTESIAN_POINT('',(6.239822662514,412.8013975873));
#80 = CARTESIAN_POINT('',(6.242495244804,412.65405324282));
#81 = CARTESIAN_POINT('',(6.249196775292,412.37072531201));
#82 = CARTESIAN_POINT('',(6.253384647833,412.23211995537));
#83 = CARTESIAN_POINT('',(6.258309258102,412.10897131912));
#84 = CARTESIAN_POINT('',(6.263897089441,412.0086570877));
#85 = CARTESIAN_POINT('',(6.270021920393,411.93737411263));
#86 = CARTESIAN_POINT('',(6.276517694418,411.9));
#87 = CARTESIAN_POINT('',(6.28318530718,411.9));
#88 = ( GEOMETRIC_REPRESENTATION_CONTEXT(2) 
PARAMETRIC_REPRESENTATION_CONTEXT() REPRESENTATION_CONTEXT('2D SPACE',''
  ) );
#89 = PCURVE('',#90,#95);
#90 = CYLINDRICAL_SURFACE('',#91,1.7);
#91 = AXIS2_PLACEMENT_3D('',#92,#93,#94);
#92 = CARTESIAN_POINT('',(30.9,0.,413.6));
#93 = DIRECTION('',(1.,0.,0.));
#94 = DIRECTION('',(0.,0.,1.));
#95 = DEFINITIONAL_REPRESENTATION('',(#96),#123);
#96 = B_SPLINE_CURVE_WITH_KNOTS('',7,(#97,#98,#99,#100,#101,#102,#103,
    #104,#105,#106,#107,#108,#109,#110,#111,#112,#113,#114,#115,#116,
    #117,#118,#119,#120,#121,#122),.UNSPECIFIED.,.F.,.F.,(8,6,6,6,8),(0.
    ,0.257092656721,0.500016533685,0.742967294819,1.),.UNSPECIFIED.);
#97 = CARTESIAN_POINT('',(-1.7763568394E-15,4.1));
#98 = CARTESIAN_POINT('',(0.137303441478,4.1));
#99 = CARTESIAN_POINT('',(0.271041857555,4.098183886));
#100 = CARTESIAN_POINT('',(0.401344265923,4.094721535655));
#101 = CARTESIAN_POINT('',(0.528038129094,4.090100269679));
#102 = CARTESIAN_POINT('',(0.650684659794,4.084995105977));
#103 = CARTESIAN_POINT('',(0.768430239955,4.079993919937));
#104 = CARTESIAN_POINT('',(0.984732374134,4.071215760399));
#105 = CARTESIAN_POINT('',(1.086559530131,4.067282183986));
#106 = CARTESIAN_POINT('',(1.185898563972,4.063934124472));
#107 = CARTESIAN_POINT('',(1.28337415116,4.061334055035));
#108 = CARTESIAN_POINT('',(1.379599787099,4.059571689487));
#109 = CARTESIAN_POINT('',(1.475178340741,4.058689906803));
#110 = CARTESIAN_POINT('',(1.666424894807,4.058689906803));
#111 = CARTESIAN_POINT('',(1.762004848784,4.059571882879));
#112 = CARTESIAN_POINT('',(1.858223731765,4.061334340928));
#113 = CARTESIAN_POINT('',(1.955687611352,4.063934093618));
#114 = CARTESIAN_POINT('',(2.055016125946,4.067281564456));
#115 = CARTESIAN_POINT('',(2.156841806051,4.071215010695));
#116 = CARTESIAN_POINT('',(2.373143719452,4.079993161274));
#117 = CARTESIAN_POINT('',(2.490893281345,4.084994434615));
#118 = CARTESIAN_POINT('',(2.613555176267,4.090100408413));
#119 = CARTESIAN_POINT('',(2.740266908345,4.094722512316));
#120 = CARTESIAN_POINT('',(2.870581835995,4.098184655714));
#121 = CARTESIAN_POINT('',(3.004318273199,4.1));
#122 = CARTESIAN_POINT('',(3.14159265359,4.1));
#123 = ( GEOMETRIC_REPRESENTATION_CONTEXT(2) 
PARAMETRIC_REPRESENTATION_CONTEXT() REPRESENTATION_CONTEXT('2D SPACE',''
  ) );
#124 = ORIENTED_EDGE('',*,*,#125,.T.);
#125 = EDGE_CURVE('',#22,#126,#128,.T.);
#126 = VERTEX_POINT('',#127);
#127 = CARTESIAN_POINT('',(35.,-8.572527594031E-15,421.6));
#128 = SEAM_CURVE('',#129,(#133,#140),.PCURVE_S1.);
#129 = LINE('',#130,#131);
#130 = CARTESIAN_POINT('',(35.,-8.572527594031E-15,0.));
#131 = VECTOR('',#132,1.);
#132 = DIRECTION('',(0.,0.,1.));
#133 = PCURVE('',#55,#134);
#134 = DEFINITIONAL_REPRESENTATION('',(#135),#139);
#135 = LINE('',#136,#137);
#136 = CARTESIAN_POINT('',(0.,-0.));
#137 = VECTOR('',#138,1.);
#138 = DIRECTION('',(0.,1.));
#139 = ( GEOMETRIC_REPRESENTATION_CONTEXT(2) 
PARAMETRIC_REPRESENTATION_CONTEXT() REPRESENTATION_CONTEXT('2D SPACE',''
  ) );
#140 = PCURVE('',#55,#141);
#141 = DEFINITIONAL_REPRESENTATION('',(#142),#146);
#142 = LINE('',#143,#144);
#143 = CARTESIAN_POINT('',(6.28318530718,-0.));
#144 = VECTOR('',#145,1.);
#145 = DIRECTION('',(0.,1.));
#146 = ( GEOMETRIC_REPRESENTATION_CONTEXT(2) 
PARAMETRIC_REPRESENTATION_CONTEXT() REPRESENTATION_CONTEXT('2D SPACE',''
  ) );
#147 = ORIENTED_EDGE('',*,*,#148,.F.);
#148 = EDGE_CURVE('',#126,#126,#149,.T.);
#149 = SURFACE_CURVE('',#150,(#155,#162),.PCURVE_S1.);
#150 = CIRCLE('',#151,35.);
#151 = AXIS2_PLACEMENT_3D('',#152,#153,#154);
#152 = CARTESIAN_POINT('',(0.,0.,421.6));
#153 = DIRECTION('',(0.,0.,1.));
#154 = DIRECTION('',(1.,0.,-0.));
#155 = PCURVE('',#55,#156);
#156 = DEFINITIONAL_REPRESENTATION('',(#157),#161);
#157 = LINE('',#158,#159);
#158 = CARTESIAN_POINT('',(0.,421.6));
#159 = VECTOR('',#160,1.);
#160 = DIRECTION('',(1.,0.));
#161 = ( GEOMETRIC_REPRESENTATION_CONTEXT(2) 
PARAMETRIC_REPRESENTATION_CONTEXT() REPRESENTATION_CONTEXT('2D SPACE',''
  ) );
#162 = PCURVE('',#163,#168);
#163 = PLANE('',#164);
#164 = AXIS2_PLACEMENT_3D('',#165,#166,#167);
#165 = CARTESIAN_POINT('',(0.,0.,421.6));
#166 = DIRECTION('',(0.,0.,1.));
#167 = DIRECTION('',(1.,0.,-0.));
#168 = DEFINITIONAL_REPRESENTATION('',(#169),#173);
#169 = CIRCLE('',#170,35.);
#170 = AXIS2_PLACEMENT_2D('',#171,#172);
#171 = CARTESIAN_POINT('',(0.,0.));
#172 = DIRECTION('',(1.,0.));
#173 = ( GEOMETRIC_REPRESENTATION_CONTEXT(2) 
PARAMETRIC_REPRESENTATION_CONTEXT() REPRESENTATION_CONTEXT('2D SPACE',''
  ) );
#174 = ORIENTED_EDGE('',*,*,#125,.F.);
#175 = ORIENTED_EDGE('',*,*,#176,.F.);
#176 = EDGE_CURVE('',#24,#22,#177,.T.);
#177 = SURFACE_CURVE('',#178,(#205,#235),.PCURVE_S1.);
#178 = B_SPLINE_CURVE_WITH_KNOTS('',7,(#179,#180,#181,#182,#183,#184,
    #185,#186,#187,#188,#189,#190,#191,#192,#193,#194,#195,#196,#197,
    #198,#199,#200,#201,#202,#203,#204),.UNSPECIFIED.,.F.,.F.,(8,6,6,6,8
    ),(0.,0.257087761762,0.500049716916,0.7430116687,1.),.UNSPECIFIED.);
#179 = CARTESIAN_POINT('',(35.,2.160759992308E-15,411.9));
#180 = CARTESIAN_POINT('',(35.,0.233415850512,411.9));
#181 = CARTESIAN_POINT('',(34.998183886,0.460771269249,411.93738994327)
  );
#182 = CARTESIAN_POINT('',(34.994721535655,0.675097767352,412.0086772436
    ));
#183 = CARTESIAN_POINT('',(34.990100269679,0.870593748236,
    412.10897847794));
#184 = CARTESIAN_POINT('',(34.984995105977,1.042863793206,
    412.23210594919));
#185 = CARTESIAN_POINT('',(34.979993919937,1.189356865545,
    412.37070082501));
#186 = CARTESIAN_POINT('',(34.971215010695,1.423766371622,
    412.65405324282));
#187 = CARTESIAN_POINT('',(34.967281564456,1.51722501588,412.8013975873)
  );
#188 = CARTESIAN_POINT('',(34.963934093618,1.590936046133,
    412.95538590918));
#189 = CARTESIAN_POINT('',(34.961334340928,1.645620458608,
    413.11380213755));
#190 = CARTESIAN_POINT('',(34.959571882879,1.681862996546,
    413.27494536596));
#191 = CARTESIAN_POINT('',(34.958689906803,1.7,413.43743143438));
#192 = CARTESIAN_POINT('',(34.958689906803,1.7,413.76256856336));
#193 = CARTESIAN_POINT('',(34.959571882862,1.68186299709,413.9250546396)
  );
#194 = CARTESIAN_POINT('',(34.961334341021,1.645620455996,
    414.08619785837));
#195 = CARTESIAN_POINT('',(34.963934093432,1.590936051108,
    414.24461408873));
#196 = CARTESIAN_POINT('',(34.967281564627,1.517225011358,
    414.39860241735));
#197 = CARTESIAN_POINT('',(34.97121501063,1.423766373363,414.54594675506
    ));
#198 = CARTESIAN_POINT('',(34.97999217446,1.18940347229,414.8292428371)
  );
#199 = CARTESIAN_POINT('',(34.984993789784,1.042908947724,
    414.96786927536));
#200 = CARTESIAN_POINT('',(34.990100959168,0.870590692954,
    415.09104537126));
#201 = CARTESIAN_POINT('',(34.994723854677,0.675025950965,
    415.19137037791));
#202 = CARTESIAN_POINT('',(34.998185522607,0.460650857439,
    415.26264377342));
#203 = CARTESIAN_POINT('',(35.,0.233310587497,415.3));
#204 = CARTESIAN_POINT('',(35.,1.718093269345E-15,415.3));
#205 = PCURVE('',#55,#206);
#206 = DEFINITIONAL_REPRESENTATION('',(#207),#234);
#207 = B_SPLINE_CURVE_WITH_KNOTS('',7,(#208,#209,#210,#211,#212,#213,
    #214,#215,#216,#217,#218,#219,#220,#221,#222,#223,#224,#225,#226,
    #227,#228,#229,#230,#231,#232,#233),.UNSPECIFIED.,.F.,.F.,(8,6,6,6,8
    ),(0.,0.257087761762,0.500049716916,0.7430116687,1.),.UNSPECIFIED.);
#208 = CARTESIAN_POINT('',(0.,411.9));
#209 = CARTESIAN_POINT('',(6.669024300343E-03,411.9));
#210 = CARTESIAN_POINT('',(1.316489405274E-02,411.93738994327));
#211 = CARTESIAN_POINT('',(1.928898910921E-02,412.0086772436));
#212 = CARTESIAN_POINT('',(2.487593975805E-02,412.10897847794));
#213 = CARTESIAN_POINT('',(2.980002140727E-02,412.23210594919));
#214 = CARTESIAN_POINT('',(3.398795269903E-02,412.37070082501));
#215 = CARTESIAN_POINT('',(4.069006237523E-02,412.65405324282));
#216 = CARTESIAN_POINT('',(4.336264466577E-02,412.8013975873));
#217 = CARTESIAN_POINT('',(4.547083448424E-02,412.95538590918));
#218 = CARTESIAN_POINT('',(4.703500978404E-02,413.11380213755));
#219 = CARTESIAN_POINT('',(4.807173459868E-02,413.27494536596));
#220 = CARTESIAN_POINT('',(4.859054702872E-02,413.43743143438));
#221 = CARTESIAN_POINT('',(4.859054702872E-02,413.76256856336));
#222 = CARTESIAN_POINT('',(4.807173461422E-02,413.9250546396));
#223 = CARTESIAN_POINT('',(4.703500970935E-02,414.08619785837));
#224 = CARTESIAN_POINT('',(4.54708346265E-02,414.24461408873));
#225 = CARTESIAN_POINT('',(4.336264453646E-02,414.39860241735));
#226 = CARTESIAN_POINT('',(4.0690062425E-02,414.54594675506));
#227 = CARTESIAN_POINT('',(3.398928525384E-02,414.8292428371));
#228 = CARTESIAN_POINT('',(2.980131205753E-02,414.96786927536));
#229 = CARTESIAN_POINT('',(2.487585179316E-02,415.09104537126));
#230 = CARTESIAN_POINT('',(1.928693650082E-02,415.19137037791));
#231 = CARTESIAN_POINT('',(1.316145372246E-02,415.26264377342));
#232 = CARTESIAN_POINT('',(6.66601678563E-03,415.3));
#233 = CARTESIAN_POINT('',(0.,415.3));
#234 = ( GEOMETRIC_REPRESENTATION_CONTEXT(2) 
PARAMETRIC_REPRESENTATION_CONTEXT() REPRESENTATION_CONTEXT('2D SPACE',''
  ) );
#235 = PCURVE('',#90,#236);
#236 = DEFINITIONAL_REPRESENTATION('',(#237),#264);
#237 = B_SPLINE_CURVE_WITH_KNOTS('',7,(#238,#239,#240,#241,#242,#243,
    #244,#245,#246,#247,#248,#249,#250,#251,#252,#253,#254,#255,#256,
    #257,#258,#259,#260,#261,#262,#263),.UNSPECIFIED.,.F.,.F.,(8,6,6,6,8
    ),(0.,0.257087761762,0.500049716916,0.7430116687,1.),.UNSPECIFIED.);
#238 = CARTESIAN_POINT('',(3.14159265359,4.1));
#239 = CARTESIAN_POINT('',(3.278896095067,4.1));
#240 = CARTESIAN_POINT('',(3.412634511144,4.098183886));
#241 = CARTESIAN_POINT('',(3.542936919513,4.094721535655));
#242 = CARTESIAN_POINT('',(3.669630782683,4.090100269679));
#243 = CARTESIAN_POINT('',(3.792277313384,4.084995105977));
#244 = CARTESIAN_POINT('',(3.910022893544,4.079993919937));
#245 = CARTESIAN_POINT('',(4.126343501129,4.071215010695));
#246 = CARTESIAN_POINT('',(4.228169181234,4.067281564456));
#247 = CARTESIAN_POINT('',(4.327497695828,4.063934093618));
#248 = CARTESIAN_POINT('',(4.424961575414,4.061334340928));
#249 = CARTESIAN_POINT('',(4.521180458396,4.059571882879));
#250 = CARTESIAN_POINT('',(4.616760412373,4.058689906803));
#251 = CARTESIAN_POINT('',(4.808017547071,4.058689906803));
#252 = CARTESIAN_POINT('',(4.903597505498,4.059571882862));
#253 = CARTESIAN_POINT('',(4.999816383567,4.061334341021));
#254 = CARTESIAN_POINT('',(5.097280262664,4.063934093432));
#255 = CARTESIAN_POINT('',(5.196608783207,4.067281564627));
#256 = CARTESIAN_POINT('',(5.298434458034,4.07121501063));
#257 = CARTESIAN_POINT('',(5.514712057027,4.07999217446));
#258 = CARTESIAN_POINT('',(5.632472501842,4.084993789784));
#259 = CARTESIAN_POINT('',(5.755156457153,4.090100959168));
#260 = CARTESIAN_POINT('',(5.881888934397,4.094723854677));
#261 = CARTESIAN_POINT('',(6.012214293464,4.098185522607));
#262 = CARTESIAN_POINT('',(6.145943785122,4.1));
#263 = CARTESIAN_POINT('',(6.28318530718,4.1));
#264 = ( GEOMETRIC_REPRESENTATION_CONTEXT(2) 
PARAMETRIC_REPRESENTATION_CONTEXT() REPRESENTATION_CONTEXT('2D SPACE',''
  ) );
#265 = ORIENTED_EDGE('',*,*,#266,.F.);
#266 = EDGE_CURVE('',#267,#24,#269,.T.);
#267 = VERTEX_POINT('',#268);
#268 = CARTESIAN_POINT('',(35.,-4.078073841161E-15,9.7));
#269 = SEAM_CURVE('',#270,(#274,#281),.PCURVE_S1.);
#270 = LINE('',#271,#272);
#271 = CARTESIAN_POINT('',(35.,-8.572527594031E-15,0.));
#272 = VECTOR('',#273,1.);
#273 = DIRECTION('',(0.,0.,1.));
#274 = PCURVE('',#55,#275);
#275 = DEFINITIONAL_REPRESENTATION('',(#276),#280);
#276 = LINE('',#277,#278);
#277 = CARTESIAN_POINT('',(6.28318530718,-0.));
#278 = VECTOR('',#279,1.);
#279 = DIRECTION('',(0.,1.));
#280 = ( GEOMETRIC_REPRESENTATION_CONTEXT(2) 
PARAMETRIC_REPRESENTATION_CONTEXT() REPRESENTATION_CONTEXT('2D SPACE',''
  ) );
#281 = PCURVE('',#55,#282);
#282 = DEFINITIONAL_REPRESENTATION('',(#283),#287);
#283 = LINE('',#284,#285);
#284 = CARTESIAN_POINT('',(0.,-0.));
#285 = VECTOR('',#286,1.);
#286 = DIRECTION('',(0.,1.));
#287 = ( GEOMETRIC_REPRESENTATION_CONTEXT(2) 
PARAMETRIC_REPRESENTATION_CONTEXT() REPRESENTATION_CONTEXT('2D SPACE',''
  ) );
#288 = ORIENTED_EDGE('',*,*,#289,.F.);
#289 = EDGE_CURVE('',#290,#267,#292,.T.);
#290 = VERTEX_POINT('',#291);
#291 = CARTESIAN_POINT('',(35.,-8.572527594031E-15,6.3));
#292 = SURFACE_CURVE('',#293,(#320,#350),.PCURVE_S1.);
#293 = B_SPLINE_CURVE_WITH_KNOTS('',7,(#294,#295,#296,#297,#298,#299,
    #300,#301,#302,#303,#304,#305,#306,#307,#308,#309,#310,#311,#312,
    #313,#314,#315,#316,#317,#318,#319),.UNSPECIFIED.,.F.,.F.,(8,6,6,6,8
    ),(0.,0.257087754269,0.500049706056,0.74301166121,1.),
  .UNSPECIFIED.);
#294 = CARTESIAN_POINT('',(35.,2.160759992308E-15,6.3));
#295 = CARTESIAN_POINT('',(35.,0.233415850512,6.3));
#296 = CARTESIAN_POINT('',(34.998183886,0.46077126925,6.337389943275));
#297 = CARTESIAN_POINT('',(34.994721535655,0.675097767351,6.4086772436)
  );
#298 = CARTESIAN_POINT('',(34.990100269679,0.870593748236,6.508978477946
    ));
#299 = CARTESIAN_POINT('',(34.984995105977,1.042863793206,6.632105949198
    ));
#300 = CARTESIAN_POINT('',(34.979993919937,1.189356865545,6.770700825019
    ));
#301 = CARTESIAN_POINT('',(34.97121501063,1.423766373363,7.054053244933)
  );
#302 = CARTESIAN_POINT('',(34.967281564627,1.517225011358,7.201397582651
    ));
#303 = CARTESIAN_POINT('',(34.963934093432,1.590936051108,7.355385911264
    ));
#304 = CARTESIAN_POINT('',(34.961334341021,1.645620455996,7.513802141626
    ));
#305 = CARTESIAN_POINT('',(34.959571882862,1.681862997089,7.674945360392
    ));
#306 = CARTESIAN_POINT('',(34.958689906803,1.7,7.837431436634));
#307 = CARTESIAN_POINT('',(34.958689906803,1.7,8.16256856562));
#308 = CARTESIAN_POINT('',(34.959571882879,1.681862996546,8.325054634031
    ));
#309 = CARTESIAN_POINT('',(34.961334340928,1.645620458609,8.486197862443
    ));
#310 = CARTESIAN_POINT('',(34.963934093618,1.590936046132,8.644614090821
    ));
#311 = CARTESIAN_POINT('',(34.967281564456,1.51722501588,8.798602412698)
  );
#312 = CARTESIAN_POINT('',(34.971215010695,1.423766371622,8.945946757172
    ));
#313 = CARTESIAN_POINT('',(34.97999217446,1.189403472292,9.229242837102)
  );
#314 = CARTESIAN_POINT('',(34.984993789784,1.042908947724,9.367869275362
    ));
#315 = CARTESIAN_POINT('',(34.990100959169,0.870590692953,9.491045371262
    ));
#316 = CARTESIAN_POINT('',(34.994723854677,0.675025950963,9.591370377915
    ));
#317 = CARTESIAN_POINT('',(34.998185522607,0.46065085744,9.662643773426)
  );
#318 = CARTESIAN_POINT('',(35.,0.233310587499,9.7));
#319 = CARTESIAN_POINT('',(35.,1.718093269345E-15,9.7));
#320 = PCURVE('',#55,#321);
#321 = DEFINITIONAL_REPRESENTATION('',(#322),#349);
#322 = B_SPLINE_CURVE_WITH_KNOTS('',7,(#323,#324,#325,#326,#327,#328,
    #329,#330,#331,#332,#333,#334,#335,#336,#337,#338,#339,#340,#341,
    #342,#343,#344,#345,#346,#347,#348),.UNSPECIFIED.,.F.,.F.,(8,6,6,6,8
    ),(0.,0.257087754269,0.500049706056,0.74301166121,1.),
  .UNSPECIFIED.);
#323 = CARTESIAN_POINT('',(0.,6.3));
#324 = CARTESIAN_POINT('',(6.669024300335E-03,6.3));
#325 = CARTESIAN_POINT('',(1.316489405275E-02,6.337389943275));
#326 = CARTESIAN_POINT('',(1.92889891092E-02,6.4086772436));
#327 = CARTESIAN_POINT('',(2.487593975806E-02,6.508978477946));
#328 = CARTESIAN_POINT('',(2.980002140727E-02,6.632105949198));
#329 = CARTESIAN_POINT('',(3.398795269903E-02,6.770700825019));
#330 = CARTESIAN_POINT('',(4.069006242501E-02,7.054053244933));
#331 = CARTESIAN_POINT('',(4.336264453647E-02,7.201397582651));
#332 = CARTESIAN_POINT('',(4.547083462649E-02,7.355385911264));
#333 = CARTESIAN_POINT('',(4.703500970936E-02,7.513802141626));
#334 = CARTESIAN_POINT('',(4.807173461421E-02,7.674945360392));
#335 = CARTESIAN_POINT('',(4.859054702872E-02,7.837431436634));
#336 = CARTESIAN_POINT('',(4.859054702872E-02,8.16256856562));
#337 = CARTESIAN_POINT('',(4.807173459868E-02,8.325054634031));
#338 = CARTESIAN_POINT('',(4.703500978405E-02,8.486197862443));
#339 = CARTESIAN_POINT('',(4.547083448423E-02,8.644614090821));
#340 = CARTESIAN_POINT('',(4.336264466577E-02,8.798602412698));
#341 = CARTESIAN_POINT('',(4.069006237522E-02,8.945946757172));
#342 = CARTESIAN_POINT('',(3.39892852539E-02,9.229242837102));
#343 = CARTESIAN_POINT('',(2.980131205754E-02,9.367869275362));
#344 = CARTESIAN_POINT('',(2.487585179312E-02,9.491045371262));
#345 = CARTESIAN_POINT('',(1.928693650074E-02,9.591370377915));
#346 = CARTESIAN_POINT('',(1.316145372249E-02,9.662643773426));
#347 = CARTESIAN_POINT('',(6.6660167857E-03,9.7));
#348 = CARTESIAN_POINT('',(0.,9.7));
#349 = ( GEOMETRIC_REPRESENTATION_CONTEXT(2) 
PARAMETRIC_REPRESENTATION_CONTEXT() REPRESENTATION_CONTEXT('2D SPACE',''
  ) );
#350 = PCURVE('',#351,#356);
#351 = CYLINDRICAL_SURFACE('',#352,1.7);
#352 = AXIS2_PLACEMENT_3D('',#353,#354,#355);
#353 = CARTESIAN_POINT('',(30.9,0.,8.));
#354 = DIRECTION('',(1.,0.,0.));
#355 = DIRECTION('',(0.,0.,1.));
#356 = DEFINITIONAL_REPRESENTATION('',(#357),#384);
#357 = B_SPLINE_CURVE_WITH_KNOTS('',7,(#358,#359,#360,#361,#362,#363,
    #364,#365,#366,#367,#368,#369,#370,#371,#372,#373,#374,#375,#376,
    #377,#378,#379,#380,#381,#382,#383),.UNSPECIFIED.,.F.,.F.,(8,6,6,6,8
    ),(0.,0.257087754269,0.500049706056,0.74301166121,1.),
  .UNSPECIFIED.);
#358 = CARTESIAN_POINT('',(3.14159265359,4.1));
#359 = CARTESIAN_POINT('',(3.278896095067,4.1));
#360 = CARTESIAN_POINT('',(3.412634511145,4.098183886));
#361 = CARTESIAN_POINT('',(3.542936919513,4.094721535655));
#362 = CARTESIAN_POINT('',(3.669630782683,4.090100269679));
#363 = CARTESIAN_POINT('',(3.792277313384,4.084995105977));
#364 = CARTESIAN_POINT('',(3.910022893544,4.079993919937));
#365 = CARTESIAN_POINT('',(4.126343502736,4.07121501063));
#366 = CARTESIAN_POINT('',(4.228169177563,4.067281564627));
#367 = CARTESIAN_POINT('',(4.327497698105,4.063934093432));
#368 = CARTESIAN_POINT('',(4.424961577203,4.061334341021));
#369 = CARTESIAN_POINT('',(4.52118045527,4.059571882862));
#370 = CARTESIAN_POINT('',(4.616760413699,4.058689906803));
#371 = CARTESIAN_POINT('',(4.808017548396,4.058689906803));
#372 = CARTESIAN_POINT('',(4.903597502374,4.059571882879));
#373 = CARTESIAN_POINT('',(4.999816385354,4.061334340928));
#374 = CARTESIAN_POINT('',(5.097280264942,4.063934093618));
#375 = CARTESIAN_POINT('',(5.196608779536,4.067281564456));
#376 = CARTESIAN_POINT('',(5.298434459641,4.071215010695));
#377 = CARTESIAN_POINT('',(5.514712057025,4.07999217446));
#378 = CARTESIAN_POINT('',(5.632472501842,4.084993789784));
#379 = CARTESIAN_POINT('',(5.755156457154,4.090100959169));
#380 = CARTESIAN_POINT('',(5.881888934398,4.094723854677));
#381 = CARTESIAN_POINT('',(6.012214293464,4.098185522607));
#382 = CARTESIAN_POINT('',(6.145943785121,4.1));
#383 = CARTESIAN_POINT('',(6.28318530718,4.1));
#384 = ( GEOMETRIC_REPRESENTATION_CONTEXT(2) 
PARAMETRIC_REPRESENTATION_CONTEXT() REPRESENTATION_CONTEXT('2D SPACE',''
  ) );
#385 = ORIENTED_EDGE('',*,*,#386,.F.);
#386 = EDGE_CURVE('',#387,#290,#389,.T.);
#387 = VERTEX_POINT('',#388);
#388 = CARTESIAN_POINT('',(35.,-8.572527594031E-15,0.));
#389 = SEAM_CURVE('',#390,(#394,#401),.PCURVE_S1.);
#390 = LINE('',#391,#392);
#391 = CARTESIAN_POINT('',(35.,-8.572527594031E-15,0.));
#392 = VECTOR('',#393,1.);
#393 = DIRECTION('',(0.,0.,1.));
#394 = PCURVE('',#55,#395);
#395 = DEFINITIONAL_REPRESENTATION('',(#396),#400);
#396 = LINE('',#397,#398);
#397 = CARTESIAN_POINT('',(6.28318530718,-0.));
#398 = VECTOR('',#399,1.);
#399 = DIRECTION('',(0.,1.));
#400 = ( GEOMETRIC_REPRESENTATION_CONTEXT(2) 
PARAMETRIC_REPRESENTATION_CONTEXT() REPRESENTATION_CONTEXT('2D SPACE',''
  ) );
#401 = PCURVE('',#55,#402);
#402 = DEFINITIONAL_REPRESENTATION('',(#403),#407);
#403 = LINE('',#404,#405);
#404 = CARTESIAN_POINT('',(0.,-0.));
#405 = VECTOR('',#406,1.);
#406 = DIRECTION('',(0.,1.));
#407 = ( GEOMETRIC_REPRESENTATION_CONTEXT(2) 
PARAMETRIC_REPRESENTATION_CONTEXT() REPRESENTATION_CONTEXT('2D SPACE',''
  ) );
#408 = ORIENTED_EDGE('',*,*,#409,.T.);
#409 = EDGE_CURVE('',#387,#387,#410,.T.);
#410 = SURFACE_CURVE('',#411,(#416,#423),.PCURVE_S1.);
#411 = CIRCLE('',#412,35.);
#412 = AXIS2_PLACEMENT_3D('',#413,#414,#415);
#413 = CARTESIAN_POINT('',(0.,0.,0.));
#414 = DIRECTION('',(0.,0.,1.));
#415 = DIRECTION('',(1.,0.,-0.));
#416 = PCURVE('',#55,#417);
#417 = DEFINITIONAL_REPRESENTATION('',(#418),#422);
#418 = LINE('',#419,#420);
#419 = CARTESIAN_POINT('',(0.,0.));
#420 = VECTOR('',#421,1.);
#421 = DIRECTION('',(1.,0.));
#422 = ( GEOMETRIC_REPRESENTATION_CONTEXT(2) 
PARAMETRIC_REPRESENTATION_CONTEXT() REPRESENTATION_CONTEXT('2D SPACE',''
  ) );
#423 = PCURVE('',#424,#429);
#424 = PLANE('',#425);
#425 = AXIS2_PLACEMENT_3D('',#426,#427,#428);
#426 = CARTESIAN_POINT('',(0.,0.,0.));
#427 = DIRECTION('',(0.,0.,1.));
#428 = DIRECTION('',(1.,0.,-0.));
#429 = DEFINITIONAL_REPRESENTATION('',(#430),#434);
#430 = CIRCLE('',#431,35.);
#431 = AXIS2_PLACEMENT_2D('',#432,#433);
#432 = CARTESIAN_POINT('',(0.,0.));
#433 = DIRECTION('',(1.,0.));
#434 = ( GEOMETRIC_REPRESENTATION_CONTEXT(2) 
PARAMETRIC_REPRESENTATION_CONTEXT() REPRESENTATION_CONTEXT('2D SPACE',''
  ) );
#435 = ORIENTED_EDGE('',*,*,#386,.T.);
#436 = ORIENTED_EDGE('',*,*,#437,.F.);
#437 = EDGE_CURVE('',#267,#290,#438,.T.);
#438 = SURFACE_CURVE('',#439,(#466,#496),.PCURVE_S1.);
#439 = B_SPLINE_CURVE_WITH_KNOTS('',7,(#440,#441,#442,#443,#444,#445,
    #446,#447,#448,#449,#450,#451,#452,#453,#454,#455,#456,#457,#458,
    #459,#460,#461,#462,#463,#464,#465),.UNSPECIFIED.,.F.,.F.,(8,6,6,6,8
    ),(0.,0.257092659514,0.500016539117,0.742967299521,1.),
  .UNSPECIFIED.);
#440 = CARTESIAN_POINT('',(35.,-2.6645352591E-15,9.7));
#441 = CARTESIAN_POINT('',(35.,-0.233415850512,9.7));
#442 = CARTESIAN_POINT('',(34.998183886,-0.460771269249,9.662610056725)
  );
#443 = CARTESIAN_POINT('',(34.994721535655,-0.675097767352,9.5913227564)
  );
#444 = CARTESIAN_POINT('',(34.990100269679,-0.870593748236,
    9.491021522054));
#445 = CARTESIAN_POINT('',(34.984995105977,-1.042863793206,
    9.367894050802));
#446 = CARTESIAN_POINT('',(34.979993919937,-1.189356865545,
    9.229299174981));
#447 = CARTESIAN_POINT('',(34.971215760399,-1.423746353457,
    8.945970954977));
#448 = CARTESIAN_POINT('',(34.967282183986,-1.517212538641,
    8.798629591029));
#449 = CARTESIAN_POINT('',(34.963934124472,-1.590936025587,
    8.644626173637));
#450 = CARTESIAN_POINT('',(34.961334055035,-1.645626291909,
    8.486189828764));
#451 = CARTESIAN_POINT('',(34.959571689487,-1.681866988125,
    8.325034244193));
#452 = CARTESIAN_POINT('',(34.958689906803,-1.7,8.162550576292));
#453 = CARTESIAN_POINT('',(34.958689906803,-1.7,7.837431436634));
#454 = CARTESIAN_POINT('',(34.959571882862,-1.681862997089,
    7.674945360392));
#455 = CARTESIAN_POINT('',(34.961334341021,-1.645620455996,
    7.513802141627));
#456 = CARTESIAN_POINT('',(34.963934093432,-1.590936051108,
    7.355385911263));
#457 = CARTESIAN_POINT('',(34.967281564627,-1.517225011358,
    7.201397582651));
#458 = CARTESIAN_POINT('',(34.97121501063,-1.423766373363,7.054053244933
    ));
#459 = CARTESIAN_POINT('',(34.979993161274,-1.189377122951,
    6.770725312016));
#460 = CARTESIAN_POINT('',(34.984994434615,-1.042886111128,6.63211995537
    ));
#461 = CARTESIAN_POINT('',(34.990100408413,-0.870597582854,
    6.508971319129));
#462 = CARTESIAN_POINT('',(34.994722512316,-0.675070780744,
    6.408657087699));
#463 = CARTESIAN_POINT('',(34.998184655714,-0.46071851498,6.337374112639
    ));
#464 = CARTESIAN_POINT('',(35.,-0.233366446664,6.3));
#465 = CARTESIAN_POINT('',(35.,-2.22044604925E-15,6.3));
#466 = PCURVE('',#55,#467);
#467 = DEFINITIONAL_REPRESENTATION('',(#468),#495);
#468 = B_SPLINE_CURVE_WITH_KNOTS('',7,(#469,#470,#471,#472,#473,#474,
    #475,#476,#477,#478,#479,#480,#481,#482,#483,#484,#485,#486,#487,
    #488,#489,#490,#491,#492,#493,#494),.UNSPECIFIED.,.F.,.F.,(8,6,6,6,8
    ),(0.,0.257092659514,0.500016539117,0.742967299521,1.),
  .UNSPECIFIED.);
#469 = CARTESIAN_POINT('',(6.28318530718,9.7));
#470 = CARTESIAN_POINT('',(6.276516282879,9.7));
#471 = CARTESIAN_POINT('',(6.270020413127,9.662610056725));
#472 = CARTESIAN_POINT('',(6.26389631807,9.5913227564));
#473 = CARTESIAN_POINT('',(6.258309367422,9.491021522054));
#474 = CARTESIAN_POINT('',(6.253385285772,9.367894050802));
#475 = CARTESIAN_POINT('',(6.249197354481,9.229299174981));
#476 = CARTESIAN_POINT('',(6.242495817153,8.945970954977));
#477 = CARTESIAN_POINT('',(6.23982301942,8.798629591029));
#478 = CARTESIAN_POINT('',(6.237714473339,8.644626173637));
#479 = CARTESIAN_POINT('',(6.236150130523,8.486189828764));
#480 = CARTESIAN_POINT('',(6.235113458404,8.325034244193));
#481 = CARTESIAN_POINT('',(6.234594760151,8.162550576292));
#482 = CARTESIAN_POINT('',(6.234594760151,7.837431436634));
#483 = CARTESIAN_POINT('',(6.235113572565,7.674945360392));
#484 = CARTESIAN_POINT('',(6.23615029747,7.513802141627));
#485 = CARTESIAN_POINT('',(6.237714472553,7.355385911263));
#486 = CARTESIAN_POINT('',(6.239822662643,7.201397582651));
#487 = CARTESIAN_POINT('',(6.242495244755,7.054053244933));
#488 = CARTESIAN_POINT('',(6.249196775292,6.770725312016));
#489 = CARTESIAN_POINT('',(6.253384647833,6.63211995537));
#490 = CARTESIAN_POINT('',(6.258309258102,6.508971319129));
#491 = CARTESIAN_POINT('',(6.263897089441,6.408657087699));
#492 = CARTESIAN_POINT('',(6.270021920393,6.337374112639));
#493 = CARTESIAN_POINT('',(6.276517694418,6.3));
#494 = CARTESIAN_POINT('',(6.28318530718,6.3));
#495 = ( GEOMETRIC_REPRESENTATION_CONTEXT(2) 
PARAMETRIC_REPRESENTATION_CONTEXT() REPRESENTATION_CONTEXT('2D SPACE',''
  ) );
#496 = PCURVE('',#351,#497);
#497 = DEFINITIONAL_REPRESENTATION('',(#498),#525);
#498 = B_SPLINE_CURVE_WITH_KNOTS('',7,(#499,#500,#501,#502,#503,#504,
    #505,#506,#507,#508,#509,#510,#511,#512,#513,#514,#515,#516,#517,
    #518,#519,#520,#521,#522,#523,#524),.UNSPECIFIED.,.F.,.F.,(8,6,6,6,8
    ),(0.,0.257092659514,0.500016539117,0.742967299521,1.),
  .UNSPECIFIED.);
#499 = CARTESIAN_POINT('',(-1.7763568394E-15,4.1));
#500 = CARTESIAN_POINT('',(0.137303441478,4.1));
#501 = CARTESIAN_POINT('',(0.271041857555,4.098183886));
#502 = CARTESIAN_POINT('',(0.401344265923,4.094721535655));
#503 = CARTESIAN_POINT('',(0.528038129093,4.090100269679));
#504 = CARTESIAN_POINT('',(0.650684659795,4.084995105977));
#505 = CARTESIAN_POINT('',(0.768430239955,4.079993919937));
#506 = CARTESIAN_POINT('',(0.984732374134,4.071215760399));
#507 = CARTESIAN_POINT('',(1.086559530131,4.067282183986));
#508 = CARTESIAN_POINT('',(1.185898563972,4.063934124472));
#509 = CARTESIAN_POINT('',(1.283374151159,4.061334055035));
#510 = CARTESIAN_POINT('',(1.379599787098,4.059571689487));
#511 = CARTESIAN_POINT('',(1.475178340741,4.058689906803));
#512 = CARTESIAN_POINT('',(1.666424893481,4.058689906803));
#513 = CARTESIAN_POINT('',(1.762004851909,4.059571882862));
#514 = CARTESIAN_POINT('',(1.858223729977,4.061334341021));
#515 = CARTESIAN_POINT('',(1.955687609075,4.063934093432));
#516 = CARTESIAN_POINT('',(2.055016129617,4.067281564627));
#517 = CARTESIAN_POINT('',(2.156841804444,4.07121501063));
#518 = CARTESIAN_POINT('',(2.373143719452,4.079993161274));
#519 = CARTESIAN_POINT('',(2.490893281345,4.084994434615));
#520 = CARTESIAN_POINT('',(2.613555176267,4.090100408413));
#521 = CARTESIAN_POINT('',(2.740266908345,4.094722512316));
#522 = CARTESIAN_POINT('',(2.870581835994,4.098184655714));
#523 = CARTESIAN_POINT('',(3.004318273199,4.1));
#524 = CARTESIAN_POINT('',(3.14159265359,4.1));
#525 = ( GEOMETRIC_REPRESENTATION_CONTEXT(2) 
PARAMETRIC_REPRESENTATION_CONTEXT() REPRESENTATION_CONTEXT('2D SPACE',''
  ) );
#526 = ORIENTED_EDGE('',*,*,#266,.T.);
#527 = FACE_BOUND('',#528,.T.);
#528 = EDGE_LOOP('',(#529));
#529 = ORIENTED_EDGE('',*,*,#530,.F.);
#530 = EDGE_CURVE('',#531,#531,#533,.T.);
#531 = VERTEX_POINT('',#532);
#532 = CARTESIAN_POINT('',(-35.,3.869883885306E-15,9.7));
#533 = SURFACE_CURVE('',#534,(#593,#655),.PCURVE_S1.);
#534 = B_SPLINE_CURVE_WITH_KNOTS('',8,(#535,#536,#537,#538,#539,#540,
    #541,#542,#543,#544,#545,#546,#547,#548,#549,#550,#551,#552,#553,
    #554,#555,#556,#557,#558,#559,#560,#561,#562,#563,#564,#565,#566,
    #567,#568,#569,#570,#571,#572,#573,#574,#575,#576,#577,#578,#579,
    #580,#581,#582,#583,#584,#585,#586,#587,#588,#589,#590,#591,#592),
  .UNSPECIFIED.,.T.,.F.,(9,7,7,7,7,7,7,7,9),(0.,0.127925235797,
    0.2488003111,0.369688763541,0.464341644077,0.583621039496,
    0.660841322572,0.813603138046,1.),.UNSPECIFIED.);
#535 = CARTESIAN_POINT('',(-35.,3.996802888651E-15,9.7));
#536 = CARTESIAN_POINT('',(-35.,0.204238869198,9.7));
#537 = CARTESIAN_POINT('',(-34.9986379145,0.403932414565,9.671957542544)
  );
#538 = CARTESIAN_POINT('',(-34.99601991703,0.594725330564,9.618055494022
    ));
#539 = CARTESIAN_POINT('',(-34.99241090266,0.772845757794,9.541172139227
    ));
#540 = CARTESIAN_POINT('',(-34.98818583329,0.935195015099,9.444848720335
    ));
#541 = CARTESIAN_POINT('',(-34.98374480946,1.079487061291,9.333245331847
    ));
#542 = CARTESIAN_POINT('',(-34.9794297385,1.204421321441,9.21108937593)
  );
#543 = CARTESIAN_POINT('',(-34.9717488489,1.409512123363,8.963177183428)
  );
#544 = CARTESIAN_POINT('',(-34.96826557808,1.493845992344,8.835464932017
    ));
#545 = CARTESIAN_POINT('',(-34.96518964679,1.563289717982,8.70237745516)
  );
#546 = CARTESIAN_POINT('',(-34.96263408975,1.618281158748,8.565408001201
    ));
#547 = CARTESIAN_POINT('',(-34.96067316795,1.65921655299,8.425756484549)
  );
#548 = CARTESIAN_POINT('',(-34.95935124381,1.686400241094,8.284413327217
    ));
#549 = CARTESIAN_POINT('',(-34.9586899068,1.7,8.142231754255));
#550 = CARTESIAN_POINT('',(-34.9586899068,1.7,7.857752505083));
#551 = CARTESIAN_POINT('',(-34.95935138886,1.686397247409,7.715566883072
    ));
#552 = CARTESIAN_POINT('',(-34.96067341915,1.659211410335,7.574230848211
    ));
#553 = CARTESIAN_POINT('',(-34.96263421727,1.618278252371,7.434594023368
    ));
#554 = CARTESIAN_POINT('',(-34.96518939518,1.563294409788,7.297640288476
    ));
#555 = CARTESIAN_POINT('',(-34.96826492601,1.493860354816,7.164561501184
    ));
#556 = CARTESIAN_POINT('',(-34.97174819291,1.409529639259,7.036843989653
    ));
#557 = CARTESIAN_POINT('',(-34.97840275447,1.231843272518,6.822058068764
    ));
#558 = CARTESIAN_POINT('',(-34.98149500498,1.143955776281,6.731624919879
    ));
#559 = CARTESIAN_POINT('',(-34.98466954375,1.04620168862,6.646553909928)
  );
#560 = CARTESIAN_POINT('',(-34.987815672,0.938767210782,6.568320945989)
  );
#561 = CARTESIAN_POINT('',(-34.99080424086,0.82203003367,6.49840357337)
  );
#562 = CARTESIAN_POINT('',(-34.99349558634,0.696562906379,6.438283214474
    ));
#563 = CARTESIAN_POINT('',(-34.99575082683,0.563143820207,6.38944977623)
  );
#564 = CARTESIAN_POINT('',(-34.99958340124,0.245880468994,6.307990392895
    ));
#565 = CARTESIAN_POINT('',(-35.00079740727,6.076544138661E-02,
    6.283610485444));
#566 = CARTESIAN_POINT('',(-35.00086811899,-0.127947962795,
    6.282670710045));
#567 = CARTESIAN_POINT('',(-34.99970231388,-0.31514026348,6.305824597136
    ));
#568 = CARTESIAN_POINT('',(-34.99741154361,-0.495689190579,
    6.352030374865));
#569 = CARTESIAN_POINT('',(-34.99428180695,-0.664925677405,
    6.418594598368));
#570 = CARTESIAN_POINT('',(-34.99068150399,-0.819054643661,
    6.501206487249));
#571 = CARTESIAN_POINT('',(-34.98454061073,-1.043902119763,
    6.654012674215));
#572 = CARTESIAN_POINT('',(-34.98204175665,-1.126051651981,
    6.719118464863));
#573 = CARTESIAN_POINT('',(-34.979520746,-1.201965392316,6.788566572403)
  );
#574 = CARTESIAN_POINT('',(-34.97703388582,-1.271664382241,
    6.861722916102));
#575 = CARTESIAN_POINT('',(-34.97462966299,-1.335203947528,
    6.938023493517));
#576 = CARTESIAN_POINT('',(-34.97234862566,-1.392663191509,
    7.016965427862));
#577 = CARTESIAN_POINT('',(-34.97022381894,-1.444135685454,
    7.098098726995));
#578 = CARTESIAN_POINT('',(-34.96443990607,-1.579901675626,
    7.345056146328));
#579 = CARTESIAN_POINT('',(-34.96130668389,-1.647197779807,
    7.516363530657));
#580 = CARTESIAN_POINT('',(-34.95908216907,-1.692461278694,
    7.692246736288));
#581 = CARTESIAN_POINT('',(-34.95787843367,-1.716315492249,
    7.870639763065));
#582 = CARTESIAN_POINT('',(-34.95774216794,-1.719113290117,
    8.049839832078));
#583 = CARTESIAN_POINT('',(-34.95866951825,-1.700879135722,
    8.228282575745));
#584 = CARTESIAN_POINT('',(-34.96060701454,-1.661258437146,
    8.404306326635));
#585 = CARTESIAN_POINT('',(-34.9668799787,-1.524137631947,8.785174014969
    ));
#586 = CARTESIAN_POINT('',(-34.97176483964,-1.413294521968,
    8.994825937706));
#587 = CARTESIAN_POINT('',(-34.97793389624,-1.263604489378,
    9.195093087245));
#588 = CARTESIAN_POINT('',(-34.98485886209,-1.074534175696,
    9.375961377364));
#589 = CARTESIAN_POINT('',(-34.99161045564,-0.847967988539,
    9.527265557291));
#590 = CARTESIAN_POINT('',(-34.9970241794,-0.588181294662,9.638734682856
    ));
#591 = CARTESIAN_POINT('',(-35.,-0.301883451037,9.7));
#592 = CARTESIAN_POINT('',(-35.,3.996802888651E-15,9.7));
#593 = PCURVE('',#55,#594);
#594 = DEFINITIONAL_REPRESENTATION('',(#595),#654);
#595 = B_SPLINE_CURVE_WITH_KNOTS('',8,(#596,#597,#598,#599,#600,#601,
    #602,#603,#604,#605,#606,#607,#608,#609,#610,#611,#612,#613,#614,
    #615,#616,#617,#618,#619,#620,#621,#622,#623,#624,#625,#626,#627,
    #628,#629,#630,#631,#632,#633,#634,#635,#636,#637,#638,#639,#640,
    #641,#642,#643,#644,#645,#646,#647,#648,#649,#650,#651,#652,#653),
  .UNSPECIFIED.,.F.,.F.,(9,7,7,7,7,7,7,7,9),(0.,0.127925235797,
    0.2488003111,0.369688763541,0.464341644077,0.583621039496,
    0.660841322572,0.813603138046,1.),.UNSPECIFIED.);
#596 = CARTESIAN_POINT('',(3.14159265359,9.7));
#597 = CARTESIAN_POINT('',(3.135757257327,9.7));
#598 = CARTESIAN_POINT('',(3.130051726975,9.671957542544));
#599 = CARTESIAN_POINT('',(3.124600200127,9.618055494022));
#600 = CARTESIAN_POINT('',(3.119510189156,9.541172139227));
#601 = CARTESIAN_POINT('',(3.114870183213,9.444848720335));
#602 = CARTESIAN_POINT('',(3.11074564936,9.333245331847));
#603 = CARTESIAN_POINT('',(3.107173986124,9.21108937593));
#604 = CARTESIAN_POINT('',(3.101310140963,8.963177183428));
#605 = CARTESIAN_POINT('',(3.098898565264,8.835464932017));
#606 = CARTESIAN_POINT('',(3.096912524529,8.70237745516));
#607 = CARTESIAN_POINT('',(3.095339648341,8.565408001201));
#608 = CARTESIAN_POINT('',(3.094168724888,8.425756484549));
#609 = CARTESIAN_POINT('',(3.093391130251,8.284413327217));
#610 = CARTESIAN_POINT('',(3.093002106561,8.142231754255));
#611 = CARTESIAN_POINT('',(3.093002106561,7.857752505083));
#612 = CARTESIAN_POINT('',(3.093391215884,7.715566883072));
#613 = CARTESIAN_POINT('',(3.094168872,7.574230848211));
#614 = CARTESIAN_POINT('',(3.095339731456,7.434594023368));
#615 = CARTESIAN_POINT('',(3.096912390287,7.297640288476));
#616 = CARTESIAN_POINT('',(3.098898154497,7.164561501184));
#617 = CARTESIAN_POINT('',(3.101309640158,7.036843989653));
#618 = CARTESIAN_POINT('',(3.106389952547,6.822058068764));
#619 = CARTESIAN_POINT('',(3.108902570912,6.731624919879));
#620 = CARTESIAN_POINT('',(3.111697000363,6.646553909928));
#621 = CARTESIAN_POINT('',(3.114767838867,6.568320945989));
#622 = CARTESIAN_POINT('',(3.118104228463,6.49840357337));
#623 = CARTESIAN_POINT('',(3.121689769968,6.438283214474));
#624 = CARTESIAN_POINT('',(3.125502243774,6.38944977623));
#625 = CARTESIAN_POINT('',(3.134567572326,6.307990392895));
#626 = CARTESIAN_POINT('',(3.139856606954,6.283610485444));
#627 = CARTESIAN_POINT('',(3.145248243534,6.282670710045));
#628 = CARTESIAN_POINT('',(3.150596473483,6.305824597136));
#629 = CARTESIAN_POINT('',(3.155755241758,6.352030374865));
#630 = CARTESIAN_POINT('',(3.160591302421,6.418594598368));
#631 = CARTESIAN_POINT('',(3.164996153371,6.501206487249));
#632 = CARTESIAN_POINT('',(3.171422762474,6.654012674215));
#633 = CARTESIAN_POINT('',(3.173770966257,6.719118464863));
#634 = CARTESIAN_POINT('',(3.175941112855,6.788566572403));
#635 = CARTESIAN_POINT('',(3.177933769234,6.861722916102));
#636 = CARTESIAN_POINT('',(3.179750477743,6.938023493517));
#637 = CARTESIAN_POINT('',(3.181393460047,7.016965427862));
#638 = CARTESIAN_POINT('',(3.182865353944,7.098098726995));
#639 = CARTESIAN_POINT('',(3.186747900734,7.345056146328));
#640 = CARTESIAN_POINT('',(3.188672714538,7.516363530657));
#641 = CARTESIAN_POINT('',(3.189967516246,7.692246736288));
#642 = CARTESIAN_POINT('',(3.190649935045,7.870639763065));
#643 = CARTESIAN_POINT('',(3.190729965548,8.049839832078));
#644 = CARTESIAN_POINT('',(3.190208315336,8.228282575745));
#645 = CARTESIAN_POINT('',(3.189074948149,8.404306326635));
#646 = CARTESIAN_POINT('',(3.185153113375,8.785174014969));
#647 = CARTESIAN_POINT('',(3.181983097699,8.994825937706));
#648 = CARTESIAN_POINT('',(3.177702639134,9.195093087245));
#649 = CARTESIAN_POINT('',(3.172297122049,9.375961377364));
#650 = CARTESIAN_POINT('',(3.165821286539,9.527265557291));
#651 = CARTESIAN_POINT('',(3.158397833747,9.638734682856));
#652 = CARTESIAN_POINT('',(3.150217895048,9.7));
#653 = CARTESIAN_POINT('',(3.14159265359,9.7));
#654 = ( GEOMETRIC_REPRESENTATION_CONTEXT(2) 
PARAMETRIC_REPRESENTATION_CONTEXT() REPRESENTATION_CONTEXT('2D SPACE',''
  ) );
#655 = PCURVE('',#656,#661);
#656 = CYLINDRICAL_SURFACE('',#657,1.7);
#657 = AXIS2_PLACEMENT_3D('',#658,#659,#660);
#658 = CARTESIAN_POINT('',(-30.9,3.784158609365E-15,8.));
#659 = DIRECTION('',(-1.,1.224646799147E-16,0.));
#660 = DIRECTION('',(0.,0.,1.));
#661 = DEFINITIONAL_REPRESENTATION('',(#662),#721);
#662 = B_SPLINE_CURVE_WITH_KNOTS('',8,(#663,#664,#665,#666,#667,#668,
    #669,#670,#671,#672,#673,#674,#675,#676,#677,#678,#679,#680,#681,
    #682,#683,#684,#685,#686,#687,#688,#689,#690,#691,#692,#693,#694,
    #695,#696,#697,#698,#699,#700,#701,#702,#703,#704,#705,#706,#707,
    #708,#709,#710,#711,#712,#713,#714,#715,#716,#717,#718,#719,#720),
  .UNSPECIFIED.,.F.,.F.,(9,7,7,7,7,7,7,7,9),(0.,0.127925235797,
    0.2488003111,0.369688763541,0.464341644077,0.583621039496,
    0.660841322572,0.813603138046,1.),.UNSPECIFIED.);
#663 = CARTESIAN_POINT('',(0.,4.1));
#664 = CARTESIAN_POINT('',(0.120140511293,4.1));
#665 = CARTESIAN_POINT('',(0.237607253535,4.0986379145));
#666 = CARTESIAN_POINT('',(0.352480862785,4.096019917035));
#667 = CARTESIAN_POINT('',(0.464691197508,4.092410902667));
#668 = CARTESIAN_POINT('',(0.574030578106,4.088185833291));
#669 = CARTESIAN_POINT('',(0.680121054835,4.083744809467));
#670 = CARTESIAN_POINT('',(0.782332202836,4.079429738504));
#671 = CARTESIAN_POINT('',(0.971596570242,4.071748848908));
#672 = CARTESIAN_POINT('',(1.061102741131,4.068265578089));
#673 = CARTESIAN_POINT('',(1.148646426281,4.06518964679));
#674 = CARTESIAN_POINT('',(1.234636357566,4.062634089754));
#675 = CARTESIAN_POINT('',(1.319458764637,4.060673167955));
#676 = CARTESIAN_POINT('',(1.403494425509,4.059351243816));
#677 = CARTESIAN_POINT('',(1.487130588998,4.058689906803));
#678 = CARTESIAN_POINT('',(1.654471323805,4.058689906803));
#679 = CARTESIAN_POINT('',(1.738109860289,4.05935138886));
#680 = CARTESIAN_POINT('',(1.822141650647,4.060673419159));
#681 = CARTESIAN_POINT('',(1.906955671558,4.062634217273));
#682 = CARTESIAN_POINT('',(1.992935804325,4.065189395182));
#683 = CARTESIAN_POINT('',(2.080472545972,4.068264926016));
#684 = CARTESIAN_POINT('',(2.169979919118,4.071748192917));
#685 = CARTESIAN_POINT('',(2.333954595129,4.078402754472));
#686 = CARTESIAN_POINT('',(2.407896911812,4.081495004989));
#687 = CARTESIAN_POINT('',(2.483676581785,4.084669543756));
#688 = CARTESIAN_POINT('',(2.561253591907,4.087815672006));
#689 = CARTESIAN_POINT('',(2.640631848958,4.090804240868));
#690 = CARTESIAN_POINT('',(2.721855652936,4.09349558634));
#691 = CARTESIAN_POINT('',(2.805015789465,4.095750826838));
#692 = CARTESIAN_POINT('',(2.997694650923,4.099583401247));
#693 = CARTESIAN_POINT('',(3.106730933002,4.100797407273));
#694 = CARTESIAN_POINT('',(3.216279424354,4.100868118991));
#695 = CARTESIAN_POINT('',(3.325449778328,4.099702313888));
#696 = CARTESIAN_POINT('',(3.433384400331,4.097411543612));
#697 = CARTESIAN_POINT('',(3.539121598854,4.094281806951));
#698 = CARTESIAN_POINT('',(3.641423060532,4.090681503997));
#699 = CARTESIAN_POINT('',(3.801338823699,4.084540610738));
#700 = CARTESIAN_POINT('',(3.862832519307,4.082041756651));
#701 = CARTESIAN_POINT('',(3.923106045101,4.079520746009));
#702 = CARTESIAN_POINT('',(3.982270603013,4.077033885828));
#703 = CARTESIAN_POINT('',(4.040425769078,4.074629662991));
#704 = CARTESIAN_POINT('',(4.097663992588,4.072348625661));
#705 = CARTESIAN_POINT('',(4.154072721748,4.070223818942));
#706 = CARTESIAN_POINT('',(4.319846957531,4.064439906072));
#707 = CARTESIAN_POINT('',(4.427222281241,4.061306683896));
#708 = CARTESIAN_POINT('',(4.532746470621,4.059082169075));
#709 = CARTESIAN_POINT('',(4.637144143687,4.057878433678));
#710 = CARTESIAN_POINT('',(4.741121945466,4.057742167943));
#711 = CARTESIAN_POINT('',(4.845396350616,4.058669518256));
#712 = CARTESIAN_POINT('',(4.950712889638,4.060607014542));
#713 = CARTESIAN_POINT('',(5.188830007194,4.066879978703));
#714 = CARTESIAN_POINT('',(5.326951087878,4.071764839644));
#715 = CARTESIAN_POINT('',(5.471027580294,4.077933896242));
#716 = CARTESIAN_POINT('',(5.620654656486,4.084858862096));
#717 = CARTESIAN_POINT('',(5.775853427365,4.09161045564));
#718 = CARTESIAN_POINT('',(5.93719530702,4.097024179405));
#719 = CARTESIAN_POINT('',(6.10560680657,4.1));
#720 = CARTESIAN_POINT('',(6.28318530718,4.1));
#721 = ( GEOMETRIC_REPRESENTATION_CONTEXT(2) 
PARAMETRIC_REPRESENTATION_CONTEXT() REPRESENTATION_CONTEXT('2D SPACE',''
  ) );
#722 = FACE_BOUND('',#723,.T.);
#723 = EDGE_LOOP('',(#724));
#724 = ORIENTED_EDGE('',*,*,#725,.F.);
#725 = EDGE_CURVE('',#726,#726,#728,.T.);
#726 = VERTEX_POINT('',#727);
#727 = CARTESIAN_POINT('',(-17.5,30.310889132455,415.3));
#728 = SURFACE_CURVE('',#729,(#780,#834),.PCURVE_S1.);
#729 = B_SPLINE_CURVE_WITH_KNOTS('',7,(#730,#731,#732,#733,#734,#735,
    #736,#737,#738,#739,#740,#741,#742,#743,#744,#745,#746,#747,#748,
    #749,#750,#751,#752,#753,#754,#755,#756,#757,#758,#759,#760,#761,
    #762,#763,#764,#765,#766,#767,#768,#769,#770,#771,#772,#773,#774,
    #775,#776,#777,#778,#779),.UNSPECIFIED.,.T.,.F.,(8,6,6,6,6,6,6,6,8),
  (0.,0.142506670571,0.277159574896,0.445450476593,0.591980022022,
    0.687032214915,0.791596319852,0.892874720128,1.),.UNSPECIFIED.);
#730 = CARTESIAN_POINT('',(-17.5,30.310889132455,415.3));
#731 = CARTESIAN_POINT('',(-17.29785594381,30.427597057711,415.3));
#732 = CARTESIAN_POINT('',(-17.10005231849,30.53970196622,
    415.26261005672));
#733 = CARTESIAN_POINT('',(-16.91270895126,30.643866731916,
    415.1913227564));
#734 = CARTESIAN_POINT('',(-16.74109383249,30.737612588625,
    415.09102152205));
#735 = CARTESIAN_POINT('',(-16.58935101538,30.819326409653,
    414.9678940508));
#736 = CARTESIAN_POINT('',(-16.45998370024,30.888241791663,
    414.82929917498));
#737 = CARTESIAN_POINT('',(-16.25260736956,30.99783442646,
    414.54597095497));
#738 = CARTESIAN_POINT('',(-16.16969649058,31.041160941951,
    414.39862959102));
#739 = CARTESIAN_POINT('',(-16.10417604828,31.075123180832,
    414.24462617363));
#740 = CARTESIAN_POINT('',(-16.05551285358,31.100216587809,
    414.08618982876));
#741 = CARTESIAN_POINT('',(-16.02324630724,31.116810682582,
    413.92503424419));
#742 = CARTESIAN_POINT('',(-16.00710176696,31.125113542314,
    413.76255057629));
#743 = CARTESIAN_POINT('',(-16.00710176696,31.125113542314,
    413.39684223528));
#744 = CARTESIAN_POINT('',(-16.03231920378,31.112144575749,
    413.19377979574));
#745 = CARTESIAN_POINT('',(-16.08271957117,31.086224961191,
    412.99327245904));
#746 = CARTESIAN_POINT('',(-16.1589749951,31.046844301523,
    412.79812053595));
#747 = CARTESIAN_POINT('',(-16.2621540666,30.993133256997,
    412.61200563689));
#748 = CARTESIAN_POINT('',(-16.39338774574,30.923934477283,
    412.44007566829));
#749 = CARTESIAN_POINT('',(-16.69228641533,30.763493051896,
    412.1595688024));
#750 = CARTESIAN_POINT('',(-16.85792107637,30.673640705337,
    412.04109971222));
#751 = CARTESIAN_POINT('',(-17.04646146094,30.569896778076,
    411.94825148151));
#752 = CARTESIAN_POINT('',(-17.25073544675,30.455385230516,
    411.89035270911));
#753 = CARTESIAN_POINT('',(-17.46141033425,30.334750917893,
    411.87242265524));
#754 = CARTESIAN_POINT('',(-17.66891235818,30.213597216337,
    411.89490811259));
#755 = CARTESIAN_POINT('',(-17.99196137291,30.021844947988,
    411.99135730104));
#756 = CARTESIAN_POINT('',(-18.11528655764,29.947795939187,
    412.04478466117));
#757 = CARTESIAN_POINT('',(-18.23318149071,29.876204829561,
    412.11318519652));
#758 = CARTESIAN_POINT('',(-18.34411939585,29.808124174948,
    412.19575704263));
#759 = CARTESIAN_POINT('',(-18.44670691872,29.744574905124,
    412.29141421862));
#760 = CARTESIAN_POINT('',(-18.53971405224,29.686503259752,
    412.39881111309));
#761 = CARTESIAN_POINT('',(-18.7127788676,29.577751279722,
    412.64571241032));
#762 = CARTESIAN_POINT('',(-18.79062247951,29.528384040332,
    412.78737503917));
#763 = CARTESIAN_POINT('',(-18.85429353847,29.487696814175,
    412.9392872865));
#764 = CARTESIAN_POINT('',(-18.90276088449,29.456561574213,
    413.09910985337));
#765 = CARTESIAN_POINT('',(-18.93531566916,29.435593908716,
    413.2642933035));
#766 = CARTESIAN_POINT('',(-18.95158813983,29.425113542314,
    413.43215733786));
#767 = CARTESIAN_POINT('',(-18.95158813983,29.425113542314,
    413.76256856336));
#768 = CARTESIAN_POINT('',(-18.93632202259,29.434945857442,
    413.9250546396));
#769 = CARTESIAN_POINT('',(-18.90581629039,29.454593461527,
    414.08619785837));
#770 = CARTESIAN_POINT('',(-18.85975808277,29.484187115603,
    414.24461408873));
#771 = CARTESIAN_POINT('',(-18.7975961854,29.523941630572,
    414.39860241735));
#772 = CARTESIAN_POINT('',(-18.7186253537,29.574077413732,
    414.54594675506));
#773 = CARTESIAN_POINT('',(-18.52004970958,29.698860111118,
    414.8292428371));
#774 = CARTESIAN_POINT('',(-18.39568253745,29.776438899332,
    414.96786927536));
#775 = CARTESIAN_POINT('',(-18.24900413598,29.867020965145,
    415.09104537126));
#776 = CARTESIAN_POINT('',(-18.08195154908,29.96880688109,
    415.19137037791));
#777 = CARTESIAN_POINT('',(-17.89802810612,30.078992320219,
    415.26264377342));
#778 = CARTESIAN_POINT('',(-17.70205289574,30.194233838706,415.3));
#779 = CARTESIAN_POINT('',(-17.5,30.310889132455,415.3));
#780 = PCURVE('',#55,#781);
#781 = DEFINITIONAL_REPRESENTATION('',(#782),#833);
#782 = B_SPLINE_CURVE_WITH_KNOTS('',7,(#783,#784,#785,#786,#787,#788,
    #789,#790,#791,#792,#793,#794,#795,#796,#797,#798,#799,#800,#801,
    #802,#803,#804,#805,#806,#807,#808,#809,#810,#811,#812,#813,#814,
    #815,#816,#817,#818,#819,#820,#821,#822,#823,#824,#825,#826,#827,
    #828,#829,#830,#831,#832),.UNSPECIFIED.,.T.,.F.,(8,6,6,6,6,6,6,6,8),
  (0.,0.142506670571,0.277159574896,0.445450476593,0.591980022022,
    0.687032214915,0.791596319852,0.892874720128,1.),.UNSPECIFIED.);
#783 = CARTESIAN_POINT('',(2.094395102393,415.3));
#784 = CARTESIAN_POINT('',(2.087726078093,415.3));
#785 = CARTESIAN_POINT('',(2.08123020834,415.26261005672));
#786 = CARTESIAN_POINT('',(2.075106113284,415.1913227564));
#787 = CARTESIAN_POINT('',(2.069519162635,415.09102152205));
#788 = CARTESIAN_POINT('',(2.064595080986,414.9678940508));
#789 = CARTESIAN_POINT('',(2.060407149694,414.82929917498));
#790 = CARTESIAN_POINT('',(2.053705612367,414.54597095497));
#791 = CARTESIAN_POINT('',(2.051032814634,414.39862959102));
#792 = CARTESIAN_POINT('',(2.048924268552,414.24462617363));
#793 = CARTESIAN_POINT('',(2.047359925737,414.08618982876));
#794 = CARTESIAN_POINT('',(2.046323253617,413.92503424419));
#795 = CARTESIAN_POINT('',(2.045804555364,413.76255057629));
#796 = CARTESIAN_POINT('',(2.045804555364,413.39684223528));
#797 = CARTESIAN_POINT('',(2.046614752261,413.19377979574));
#798 = CARTESIAN_POINT('',(2.048234029738,412.99327245904));
#799 = CARTESIAN_POINT('',(2.05068613498,412.79812053595));
#800 = CARTESIAN_POINT('',(2.054009580262,412.61200563689));
#801 = CARTESIAN_POINT('',(2.058248327386,412.44007566829));
#802 = CARTESIAN_POINT('',(2.067940818301,412.1595688024));
#803 = CARTESIAN_POINT('',(2.073324661437,412.04109971222));
#804 = CARTESIAN_POINT('',(2.079473012099,411.94825148151));
#805 = CARTESIAN_POINT('',(2.086163453393,411.89035270911));
#806 = CARTESIAN_POINT('',(2.093099286249,411.87242265524));
#807 = CARTESIAN_POINT('',(2.099964302649,411.89490811259));
#808 = CARTESIAN_POINT('',(2.110697793944,411.99135730104));
#809 = CARTESIAN_POINT('',(2.114807695058,412.04478466117));
#810 = CARTESIAN_POINT('',(2.118748457111,412.11318519652));
#811 = CARTESIAN_POINT('',(2.122467312366,412.19575704263));
#812 = CARTESIAN_POINT('',(2.125915163587,412.29141421862));
#813 = CARTESIAN_POINT('',(2.12904794525,412.39881111309));
#814 = CARTESIAN_POINT('',(2.134887879795,412.64571241032));
#815 = CARTESIAN_POINT('',(2.137521508953,412.78737503917));
#816 = CARTESIAN_POINT('',(2.139680379057,412.9392872865));
#817 = CARTESIAN_POINT('',(2.141326270751,413.09910985337));
#818 = CARTESIAN_POINT('',(2.142432638499,413.2642933035));
#819 = CARTESIAN_POINT('',(2.142985649422,413.43215733786));
#820 = CARTESIAN_POINT('',(2.142985649422,413.76256856336));
#821 = CARTESIAN_POINT('',(2.142466837007,413.9250546396));
#822 = CARTESIAN_POINT('',(2.141430112103,414.08619785837));
#823 = CARTESIAN_POINT('',(2.13986593702,414.24461408873));
#824 = CARTESIAN_POINT('',(2.13775774693,414.39860241735));
#825 = CARTESIAN_POINT('',(2.135085164818,414.54594675506));
#826 = CARTESIAN_POINT('',(2.128384387647,414.8292428371));
#827 = CARTESIAN_POINT('',(2.124196414451,414.96786927536));
#828 = CARTESIAN_POINT('',(2.119270954186,415.09104537126));
#829 = CARTESIAN_POINT('',(2.113682038894,415.19137037791));
#830 = CARTESIAN_POINT('',(2.107556556116,415.26264377342));
#831 = CARTESIAN_POINT('',(2.101061119179,415.3));
#832 = CARTESIAN_POINT('',(2.094395102393,415.3));
#833 = ( GEOMETRIC_REPRESENTATION_CONTEXT(2) 
PARAMETRIC_REPRESENTATION_CONTEXT() REPRESENTATION_CONTEXT('2D SPACE',''
  ) );
#834 = PCURVE('',#835,#840);
#835 = CYLINDRICAL_SURFACE('',#836,1.7);
#836 = AXIS2_PLACEMENT_3D('',#837,#838,#839);
#837 = CARTESIAN_POINT('',(-15.45,26.760184976939,413.6));
#838 = DIRECTION('',(-0.5,0.866025403784,0.));
#839 = DIRECTION('',(0.,0.,1.));
#840 = DEFINITIONAL_REPRESENTATION('',(#841),#892);
#841 = B_SPLINE_CURVE_WITH_KNOTS('',7,(#842,#843,#844,#845,#846,#847,
    #848,#849,#850,#851,#852,#853,#854,#855,#856,#857,#858,#859,#860,
    #861,#862,#863,#864,#865,#866,#867,#868,#869,#870,#871,#872,#873,
    #874,#875,#876,#877,#878,#879,#880,#881,#882,#883,#884,#885,#886,
    #887,#888,#889,#890,#891),.UNSPECIFIED.,.F.,.F.,(8,6,6,6,6,6,6,6,8),
  (0.,0.142506670571,0.277159574896,0.445450476593,0.591980022022,
    0.687032214915,0.791596319852,0.892874720128,1.),.UNSPECIFIED.);
#842 = CARTESIAN_POINT('',(0.,4.1));
#843 = CARTESIAN_POINT('',(0.137303441478,4.1));
#844 = CARTESIAN_POINT('',(0.271041857555,4.098183886001));
#845 = CARTESIAN_POINT('',(0.401344265923,4.094721535655));
#846 = CARTESIAN_POINT('',(0.528038129093,4.090100269679));
#847 = CARTESIAN_POINT('',(0.650684659795,4.084995105977));
#848 = CARTESIAN_POINT('',(0.768430239954,4.079993919937));
#849 = CARTESIAN_POINT('',(0.984732374134,4.071215760399));
#850 = CARTESIAN_POINT('',(1.086559530131,4.067282183986));
#851 = CARTESIAN_POINT('',(1.185898563972,4.063934124472));
#852 = CARTESIAN_POINT('',(1.28337415116,4.061334055035));
#853 = CARTESIAN_POINT('',(1.379599787098,4.059571689487));
#854 = CARTESIAN_POINT('',(1.475178340741,4.058689906803));
#855 = CARTESIAN_POINT('',(1.690300894276,4.058689906803));
#856 = CARTESIAN_POINT('',(1.809748620559,4.060067170706));
#857 = CARTESIAN_POINT('',(1.930485221659,4.062820309735));
#858 = CARTESIAN_POINT('',(2.053624604806,4.06684337001));
#859 = CARTESIAN_POINT('',(2.180404808788,4.071917776735));
#860 = CARTESIAN_POINT('',(2.312065280891,4.077606715166));
#861 = CARTESIAN_POINT('',(2.570926010027,4.088109699756));
#862 = CARTESIAN_POINT('',(2.700725396407,4.093112615564));
#863 = CARTESIAN_POINT('',(2.835904405353,4.097537931354));
#864 = CARTESIAN_POINT('',(2.974331420097,4.100505015047));
#865 = CARTESIAN_POINT('',(3.114358183434,4.101370079495));
#866 = CARTESIAN_POINT('',(3.254546659742,4.10019890815));
#867 = CARTESIAN_POINT('',(3.482681455996,4.095661079893));
#868 = CARTESIAN_POINT('',(3.572443459939,4.093195349511));
#869 = CARTESIAN_POINT('',(3.662197812133,4.090143096424));
#870 = CARTESIAN_POINT('',(3.751954140477,4.086652472592));
#871 = CARTESIAN_POINT('',(3.841717997549,4.082910951971));
#872 = CARTESIAN_POINT('',(3.931483217206,4.079122998596));
#873 = CARTESIAN_POINT('',(4.119975833723,4.071473428859));
#874 = CARTESIAN_POINT('',(4.218716014353,4.067641951389));
#875 = CARTESIAN_POINT('',(4.317445211478,4.064241309405));
#876 = CARTESIAN_POINT('',(4.416175164575,4.061511073656));
#877 = CARTESIAN_POINT('',(4.514914736122,4.059629935011));
#878 = CARTESIAN_POINT('',(4.613658002657,4.058689906803));
#879 = CARTESIAN_POINT('',(4.80801754707,4.058689906803));
#880 = CARTESIAN_POINT('',(4.903597505499,4.059571882862));
#881 = CARTESIAN_POINT('',(4.999816383566,4.061334341021));
#882 = CARTESIAN_POINT('',(5.097280262665,4.063934093432));
#883 = CARTESIAN_POINT('',(5.196608783207,4.067281564627));
#884 = CARTESIAN_POINT('',(5.298434458034,4.07121501063));
#885 = CARTESIAN_POINT('',(5.514712057025,4.07999217446));
#886 = CARTESIAN_POINT('',(5.632472501843,4.084993789784));
#887 = CARTESIAN_POINT('',(5.755156457153,4.090100959169));
#888 = CARTESIAN_POINT('',(5.881888934399,4.094723854677));
#889 = CARTESIAN_POINT('',(6.012214293464,4.098185522607));
#890 = CARTESIAN_POINT('',(6.145943785121,4.1));
#891 = CARTESIAN_POINT('',(6.28318530718,4.1));
#892 = ( GEOMETRIC_REPRESENTATION_CONTEXT(2) 
PARAMETRIC_REPRESENTATION_CONTEXT() REPRESENTATION_CONTEXT('2D SPACE',''
  ) );
#893 = FACE_BOUND('',#894,.T.);
#894 = EDGE_LOOP('',(#895));
#895 = ORIENTED_EDGE('',*,*,#896,.F.);
#896 = EDGE_CURVE('',#897,#897,#899,.T.);
#897 = VERTEX_POINT('',#898);
#898 = CARTESIAN_POINT('',(-17.5,-30.31088913245,415.3));
#899 = SURFACE_CURVE('',#900,(#951,#1005),.PCURVE_S1.);
#900 = B_SPLINE_CURVE_WITH_KNOTS('',7,(#901,#902,#903,#904,#905,#906,
    #907,#908,#909,#910,#911,#912,#913,#914,#915,#916,#917,#918,#919,
    #920,#921,#922,#923,#924,#925,#926,#927,#928,#929,#930,#931,#932,
    #933,#934,#935,#936,#937,#938,#939,#940,#941,#942,#943,#944,#945,
    #946,#947,#948,#949,#950),.UNSPECIFIED.,.T.,.F.,(8,6,6,6,6,6,6,6,8),
  (0.,0.142506666907,0.277159569696,0.445450471486,0.591980017193,
    0.687032210155,0.79159631517,0.892874716924,1.),.UNSPECIFIED.);
#901 = CARTESIAN_POINT('',(-17.5,-30.31088913245,415.3));
#902 = CARTESIAN_POINT('',(-17.70214405618,-30.19418120719,415.3));
#903 = CARTESIAN_POINT('',(-17.8981315675,-30.07893069697,
    415.26261005672));
#904 = CARTESIAN_POINT('',(-18.08201258439,-29.96876896456,
    415.1913227564));
#905 = CARTESIAN_POINT('',(-18.24900643718,-29.86701884038,
    415.09102152205));
#906 = CARTESIAN_POINT('',(-18.39564409059,-29.77646261644,
    414.9678940508));
#907 = CARTESIAN_POINT('',(-18.52001021969,-29.69888492611,
    414.82929917498));
#908 = CARTESIAN_POINT('',(-18.71860839221,-29.57408807213,414.545970953
    ));
#909 = CARTESIAN_POINT('',(-18.79758568989,-29.52394840551,
    414.39862959526));
#910 = CARTESIAN_POINT('',(-18.85975807992,-29.48418715289,
    414.24462617192));
#911 = CARTESIAN_POINT('',(-18.90582119955,-29.45459029708,
    414.08618982502));
#912 = CARTESIAN_POINT('',(-18.93632538263,-29.43494369421,
    413.92503424897));
#913 = CARTESIAN_POINT('',(-18.95158813983,-29.42511354231,
    413.76255057434));
#914 = CARTESIAN_POINT('',(-18.95158813983,-29.42511354231,
    413.39684223528));
#915 = CARTESIAN_POINT('',(-18.92774796691,-29.44046799993,
    413.19377979574));
#916 = CARTESIAN_POINT('',(-18.88010073856,-29.47115619117,
    412.99327245904));
#917 = CARTESIAN_POINT('',(-18.8078683749,-29.51750499563,
    412.79812053595));
#918 = CARTESIAN_POINT('',(-18.70976371013,-29.58000517043,
    412.61200563689));
#919 = CARTESIAN_POINT('',(-18.58421896941,-29.65905748054,
    412.44007566829));
#920 = CARTESIAN_POINT('',(-18.29582328423,-29.83769060898,
    412.15956880223));
#921 = CARTESIAN_POINT('',(-18.13519153935,-29.93620825969,
    412.04109971249));
#922 = CARTESIAN_POINT('',(-17.95107647063,-30.04761705871,
    411.94825148146));
#923 = CARTESIAN_POINT('',(-17.74976956807,-30.16726774624,
    411.89035270896));
#924 = CARTESIAN_POINT('',(-17.53995974502,-30.28940039443,
    411.8724226554));
#925 = CARTESIAN_POINT('',(-17.33128655019,-30.40852556746,
    411.89490811252));
#926 = CARTESIAN_POINT('',(-17.00369970697,-30.59241808684,
    411.99135730104));
#927 = CARTESIAN_POINT('',(-16.87790879186,-30.66219632534,
    412.04478466117));
#928 = CARTESIAN_POINT('',(-16.75696160571,-30.72850077755,
    412.11318519652));
#929 = CARTESIAN_POINT('',(-16.64253307674,-30.79053549433,
    412.19575704263));
#930 = CARTESIAN_POINT('',(-16.53620403324,-30.84760426034,
    412.29141421862));
#931 = CARTESIAN_POINT('',(-16.43940894635,-30.89911497801,
    412.39881111309));
#932 = CARTESIAN_POINT('',(-16.25869456125,-30.9946175146,
    412.64571241032));
#933 = CARTESIAN_POINT('',(-16.17701947187,-31.03734844035,
    412.78737503917));
#934 = CARTESIAN_POINT('',(-16.10994777093,-31.07214558181,
    412.9392872865));
#935 = CARTESIAN_POINT('',(-16.05875018916,-31.09855191474,
    413.09910985337));
#936 = CARTESIAN_POINT('',(-16.02431426585,-31.11626135252,
    413.2642933035));
#937 = CARTESIAN_POINT('',(-16.00710176696,-31.12511354231,
    413.43215733786));
#938 = CARTESIAN_POINT('',(-16.00710176696,-31.12511354231,
    413.76256856562));
#939 = CARTESIAN_POINT('',(-16.02324986074,-31.11680885427,
    413.92505463403));
#940 = CARTESIAN_POINT('',(-16.05551804832,-31.10021391874,
    414.08619786244));
#941 = CARTESIAN_POINT('',(-16.10417601506,-31.07512316438,
    414.24461409082));
#942 = CARTESIAN_POINT('',(-16.16968537521,-31.04116664404,
    414.39860241269));
#943 = CARTESIAN_POINT('',(-16.25258965846,-30.99784378628,
    414.54594675717));
#944 = CARTESIAN_POINT('',(-16.45994246487,-30.8882635834,414.8292428371
    ));
#945 = CARTESIAN_POINT('',(-16.58931125233,-30.81934784705,
    414.96786927536));
#946 = CARTESIAN_POINT('',(-16.74109682318,-30.7376116581,
    415.09104537125));
#947 = CARTESIAN_POINT('',(-16.91277230558,-30.64383283205,
    415.19137037791));
#948 = CARTESIAN_POINT('',(-17.10015741648,-30.53964317765,
    415.26264377342));
#949 = CARTESIAN_POINT('',(-17.29794710425,-30.4275444262,415.3));
#950 = CARTESIAN_POINT('',(-17.5,-30.31088913245,415.3));
#951 = PCURVE('',#55,#952);
#952 = DEFINITIONAL_REPRESENTATION('',(#953),#1004);
#953 = B_SPLINE_CURVE_WITH_KNOTS('',7,(#954,#955,#956,#957,#958,#959,
    #960,#961,#962,#963,#964,#965,#966,#967,#968,#969,#970,#971,#972,
    #973,#974,#975,#976,#977,#978,#979,#980,#981,#982,#983,#984,#985,
    #986,#987,#988,#989,#990,#991,#992,#993,#994,#995,#996,#997,#998,
    #999,#1000,#1001,#1002,#1003),.UNSPECIFIED.,.T.,.F.,(8,6,6,6,6,6,6,6
    ,8),(0.,0.142506666907,0.277159569696,0.445450471486,0.591980017193,
    0.687032210155,0.79159631517,0.892874716924,1.),.UNSPECIFIED.);
#954 = CARTESIAN_POINT('',(4.188790204786,415.3));
#955 = CARTESIAN_POINT('',(4.182121180486,415.3));
#956 = CARTESIAN_POINT('',(4.175625310734,415.26261005672));
#957 = CARTESIAN_POINT('',(4.169501215677,415.1913227564));
#958 = CARTESIAN_POINT('',(4.163914265028,415.09102152205));
#959 = CARTESIAN_POINT('',(4.158990183379,414.9678940508));
#960 = CARTESIAN_POINT('',(4.154802252087,414.82929917498));
#961 = CARTESIAN_POINT('',(4.148100714713,414.545970953));
#962 = CARTESIAN_POINT('',(4.145427917145,414.39862959526));
#963 = CARTESIAN_POINT('',(4.14331937082,414.24462617192));
#964 = CARTESIAN_POINT('',(4.141755028193,414.08618982502));
#965 = CARTESIAN_POINT('',(4.140718355997,413.92503424897));
#966 = CARTESIAN_POINT('',(4.140199657758,413.76255057434));
#967 = CARTESIAN_POINT('',(4.140199657758,413.39684223528));
#968 = CARTESIAN_POINT('',(4.141009854654,413.19377979574));
#969 = CARTESIAN_POINT('',(4.142629132131,412.99327245904));
#970 = CARTESIAN_POINT('',(4.145081237373,412.79812053595));
#971 = CARTESIAN_POINT('',(4.148404682655,412.61200563689));
#972 = CARTESIAN_POINT('',(4.152643429779,412.44007566829));
#973 = CARTESIAN_POINT('',(4.1623359207,412.15956880223));
#974 = CARTESIAN_POINT('',(4.167719763825,412.04109971249));
#975 = CARTESIAN_POINT('',(4.173868114485,411.94825148146));
#976 = CARTESIAN_POINT('',(4.180558555793,411.89035270896));
#977 = CARTESIAN_POINT('',(4.187494388649,411.8724226554));
#978 = CARTESIAN_POINT('',(4.194359405035,411.89490811252));
#979 = CARTESIAN_POINT('',(4.205092896337,411.99135730104));
#980 = CARTESIAN_POINT('',(4.209202797452,412.04478466117));
#981 = CARTESIAN_POINT('',(4.213143559504,412.11318519652));
#982 = CARTESIAN_POINT('',(4.216862414759,412.19575704263));
#983 = CARTESIAN_POINT('',(4.22031026598,412.29141421862));
#984 = CARTESIAN_POINT('',(4.223443047643,412.39881111309));
#985 = CARTESIAN_POINT('',(4.229282982188,412.64571241032));
#986 = CARTESIAN_POINT('',(4.231916611347,412.78737503917));
#987 = CARTESIAN_POINT('',(4.23407548145,412.9392872865));
#988 = CARTESIAN_POINT('',(4.235721373144,413.09910985337));
#989 = CARTESIAN_POINT('',(4.236827740892,413.2642933035));
#990 = CARTESIAN_POINT('',(4.237380751815,413.43215733786));
#991 = CARTESIAN_POINT('',(4.237380751815,413.76256856562));
#992 = CARTESIAN_POINT('',(4.236861939385,413.92505463403));
#993 = CARTESIAN_POINT('',(4.23582521457,414.08619786244));
#994 = CARTESIAN_POINT('',(4.234261039271,414.24461409082));
#995 = CARTESIAN_POINT('',(4.232152849452,414.39860241269));
#996 = CARTESIAN_POINT('',(4.229480267162,414.54594675717));
#997 = CARTESIAN_POINT('',(4.22277949004,414.8292428371));
#998 = CARTESIAN_POINT('',(4.218591516844,414.96786927536));
#999 = CARTESIAN_POINT('',(4.21366605658,415.09104537125));
#1000 = CARTESIAN_POINT('',(4.208077141287,415.19137037791));
#1001 = CARTESIAN_POINT('',(4.201951658509,415.26264377342));
#1002 = CARTESIAN_POINT('',(4.195456221572,415.3));
#1003 = CARTESIAN_POINT('',(4.188790204786,415.3));
#1004 = ( GEOMETRIC_REPRESENTATION_CONTEXT(2) 
PARAMETRIC_REPRESENTATION_CONTEXT() REPRESENTATION_CONTEXT('2D SPACE',''
  ) );
#1005 = PCURVE('',#1006,#1011);
#1006 = CYLINDRICAL_SURFACE('',#1007,1.7);
#1007 = AXIS2_PLACEMENT_3D('',#1008,#1009,#1010);
#1008 = CARTESIAN_POINT('',(-15.45,-26.76018497693,413.6));
#1009 = DIRECTION('',(-0.5,-0.866025403784,0.));
#1010 = DIRECTION('',(0.,0.,1.));
#1011 = DEFINITIONAL_REPRESENTATION('',(#1012),#1063);
#1012 = B_SPLINE_CURVE_WITH_KNOTS('',7,(#1013,#1014,#1015,#1016,#1017,
    #1018,#1019,#1020,#1021,#1022,#1023,#1024,#1025,#1026,#1027,#1028,
    #1029,#1030,#1031,#1032,#1033,#1034,#1035,#1036,#1037,#1038,#1039,
    #1040,#1041,#1042,#1043,#1044,#1045,#1046,#1047,#1048,#1049,#1050,
    #1051,#1052,#1053,#1054,#1055,#1056,#1057,#1058,#1059,#1060,#1061,
    #1062),.UNSPECIFIED.,.F.,.F.,(8,6,6,6,6,6,6,6,8),(0.,0.142506666907,
    0.277159569696,0.445450471486,0.591980017193,0.687032210155,
    0.79159631517,0.892874716924,1.),.UNSPECIFIED.);
#1013 = CARTESIAN_POINT('',(0.,4.1));
#1014 = CARTESIAN_POINT('',(0.137303441478,4.1));
#1015 = CARTESIAN_POINT('',(0.271041857555,4.098183886));
#1016 = CARTESIAN_POINT('',(0.401344265923,4.094721535655));
#1017 = CARTESIAN_POINT('',(0.528038129093,4.090100269679));
#1018 = CARTESIAN_POINT('',(0.650684659795,4.084995105977));
#1019 = CARTESIAN_POINT('',(0.768430239955,4.079993919937));
#1020 = CARTESIAN_POINT('',(0.984732375637,4.071215760338));
#1021 = CARTESIAN_POINT('',(1.086559526787,4.067282184142));
#1022 = CARTESIAN_POINT('',(1.185898565909,4.063934124307));
#1023 = CARTESIAN_POINT('',(1.283374152848,4.061334055115));
#1024 = CARTESIAN_POINT('',(1.379599784414,4.059571689472));
#1025 = CARTESIAN_POINT('',(1.475178341884,4.058689906803));
#1026 = CARTESIAN_POINT('',(1.690300894276,4.058689906803));
#1027 = CARTESIAN_POINT('',(1.809748620559,4.060067170706));
#1028 = CARTESIAN_POINT('',(1.930485221659,4.062820309735));
#1029 = CARTESIAN_POINT('',(2.053624604807,4.06684337001));
#1030 = CARTESIAN_POINT('',(2.180404808787,4.071917776736));
#1031 = CARTESIAN_POINT('',(2.312065280892,4.077606715166));
#1032 = CARTESIAN_POINT('',(2.570926010189,4.088109699763));
#1033 = CARTESIAN_POINT('',(2.70072539622,4.093112615555));
#1034 = CARTESIAN_POINT('',(2.835904405267,4.097537931353));
#1035 = CARTESIAN_POINT('',(2.974331420203,4.100505015056));
#1036 = CARTESIAN_POINT('',(3.114358183599,4.101370079487));
#1037 = CARTESIAN_POINT('',(3.254546659581,4.100198908153));
#1038 = CARTESIAN_POINT('',(3.482681455996,4.095661079893));
#1039 = CARTESIAN_POINT('',(3.572443459939,4.093195349511));
#1040 = CARTESIAN_POINT('',(3.662197812133,4.090143096424));
#1041 = CARTESIAN_POINT('',(3.751954140477,4.086652472592));
#1042 = CARTESIAN_POINT('',(3.841717997549,4.082910951971));
#1043 = CARTESIAN_POINT('',(3.931483217206,4.079122998596));
#1044 = CARTESIAN_POINT('',(4.119975833723,4.071473428859));
#1045 = CARTESIAN_POINT('',(4.218716014353,4.067641951389));
#1046 = CARTESIAN_POINT('',(4.317445211478,4.064241309405));
#1047 = CARTESIAN_POINT('',(4.416175164575,4.061511073656));
#1048 = CARTESIAN_POINT('',(4.514914736122,4.059629935011));
#1049 = CARTESIAN_POINT('',(4.613658002657,4.058689906803));
#1050 = CARTESIAN_POINT('',(4.808017548397,4.058689906803));
#1051 = CARTESIAN_POINT('',(4.903597502373,4.059571882879));
#1052 = CARTESIAN_POINT('',(4.999816385355,4.061334340928));
#1053 = CARTESIAN_POINT('',(5.097280264941,4.063934093618));
#1054 = CARTESIAN_POINT('',(5.196608779536,4.067281564456));
#1055 = CARTESIAN_POINT('',(5.298434459641,4.071215010695));
#1056 = CARTESIAN_POINT('',(5.514712057027,4.07999217446));
#1057 = CARTESIAN_POINT('',(5.632472501843,4.084993789784));
#1058 = CARTESIAN_POINT('',(5.755156457151,4.090100959168));
#1059 = CARTESIAN_POINT('',(5.881888934398,4.094723854677));
#1060 = CARTESIAN_POINT('',(6.012214293464,4.098185522607));
#1061 = CARTESIAN_POINT('',(6.145943785123,4.1));
#1062 = CARTESIAN_POINT('',(6.28318530718,4.1));
#1063 = ( GEOMETRIC_REPRESENTATION_CONTEXT(2) 
PARAMETRIC_REPRESENTATION_CONTEXT() REPRESENTATION_CONTEXT('2D SPACE',''
  ) );
#1064 = ADVANCED_FACE('',(#1065),#90,.F.);
#1065 = FACE_BOUND('',#1066,.F.);
#1066 = EDGE_LOOP('',(#1067,#1068,#1091,#1188,#1278,#1279));
#1067 = ORIENTED_EDGE('',*,*,#21,.F.);
#1068 = ORIENTED_EDGE('',*,*,#1069,.F.);
#1069 = EDGE_CURVE('',#1070,#22,#1072,.T.);
#1070 = VERTEX_POINT('',#1071);
#1071 = CARTESIAN_POINT('',(33.4,-3.882130353297E-15,415.3));
#1072 = SEAM_CURVE('',#1073,(#1077,#1084),.PCURVE_S1.);
#1073 = LINE('',#1074,#1075);
#1074 = CARTESIAN_POINT('',(30.9,4.163799117101E-16,415.3));
#1075 = VECTOR('',#1076,1.);
#1076 = DIRECTION('',(1.,0.,0.));
#1077 = PCURVE('',#90,#1078);
#1078 = DEFINITIONAL_REPRESENTATION('',(#1079),#1083);
#1079 = LINE('',#1080,#1081);
#1080 = CARTESIAN_POINT('',(6.28318530718,-0.));
#1081 = VECTOR('',#1082,1.);
#1082 = DIRECTION('',(0.,1.));
#1083 = ( GEOMETRIC_REPRESENTATION_CONTEXT(2) 
PARAMETRIC_REPRESENTATION_CONTEXT() REPRESENTATION_CONTEXT('2D SPACE',''
  ) );
#1084 = PCURVE('',#90,#1085);
#1085 = DEFINITIONAL_REPRESENTATION('',(#1086),#1090);
#1086 = LINE('',#1087,#1088);
#1087 = CARTESIAN_POINT('',(0.,-0.));
#1088 = VECTOR('',#1089,1.);
#1089 = DIRECTION('',(0.,1.));
#1090 = ( GEOMETRIC_REPRESENTATION_CONTEXT(2) 
PARAMETRIC_REPRESENTATION_CONTEXT() REPRESENTATION_CONTEXT('2D SPACE',''
  ) );
#1091 = ORIENTED_EDGE('',*,*,#1092,.T.);
#1092 = EDGE_CURVE('',#1070,#1093,#1095,.T.);
#1093 = VERTEX_POINT('',#1094);
#1094 = CARTESIAN_POINT('',(33.4,-8.180640618304E-15,411.9));
#1095 = SURFACE_CURVE('',#1096,(#1123,#1153),.PCURVE_S1.);
#1096 = B_SPLINE_CURVE_WITH_KNOTS('',7,(#1097,#1098,#1099,#1100,#1101,
    #1102,#1103,#1104,#1105,#1106,#1107,#1108,#1109,#1110,#1111,#1112,
    #1113,#1114,#1115,#1116,#1117,#1118,#1119,#1120,#1121,#1122),
  .UNSPECIFIED.,.F.,.F.,(8,6,6,6,8),(0.,0.257093895626,0.500016741231,
    0.742965102655,1.),.UNSPECIFIED.);
#1097 = CARTESIAN_POINT('',(33.4,-2.442490654175E-15,415.3));
#1098 = CARTESIAN_POINT('',(33.4,-0.233419874158,415.3));
#1099 = CARTESIAN_POINT('',(33.398096820416,-0.460776001765,
    415.26260876842));
#1100 = CARTESIAN_POINT('',(33.394468580704,-0.67510118242,
    415.19132085729));
#1101 = CARTESIAN_POINT('',(33.389625908545,-0.870595411799,
    415.09102005599));
#1102 = CARTESIAN_POINT('',(33.384276023061,-1.042864217618,
    414.96789348025));
#1103 = CARTESIAN_POINT('',(33.379034990257,-1.189356773794,
    414.82929928588));
#1104 = CARTESIAN_POINT('',(33.369835720663,-1.423745407945,
    414.5459720979));
#1105 = CARTESIAN_POINT('',(33.365713427355,-1.517210154838,
    414.39863304353));
#1106 = CARTESIAN_POINT('',(33.362204670368,-1.590933187722,
    414.24463212187));
#1107 = CARTESIAN_POINT('',(33.359479712803,-1.645624199859,
    414.08619705819));
#1108 = CARTESIAN_POINT('',(33.35763264431,-1.68186615173,
    413.92504070463));
#1109 = CARTESIAN_POINT('',(33.356708470711,-1.7,413.76255432521));
#1110 = CARTESIAN_POINT('',(33.356708470711,-1.7,413.4374286006));
#1111 = CARTESIAN_POINT('',(33.357632836609,-1.68186236419,
    413.27493992277));
#1112 = CARTESIAN_POINT('',(33.359479997775,-1.645618652698,
    413.11379527898));
#1113 = CARTESIAN_POINT('',(33.362204640387,-1.590933191985,
    412.95537928406));
#1114 = CARTESIAN_POINT('',(33.365712813203,-1.517221955181,
    412.80139267108));
#1115 = CARTESIAN_POINT('',(33.369834976967,-1.423764356609,
    412.65405080709));
#1116 = CARTESIAN_POINT('',(33.379034194971,-1.189377036926,
    412.37072520803));
#1117 = CARTESIAN_POINT('',(33.384275319178,-1.042886544827,
    412.23212053351));
#1118 = CARTESIAN_POINT('',(33.389626054117,-0.870599247752,
    412.10897277996));
#1119 = CARTESIAN_POINT('',(33.394469604512,-0.675074182563,
    412.00865898002));
#1120 = CARTESIAN_POINT('',(33.398097627296,-0.460723230383,
    411.93737539515));
#1121 = CARTESIAN_POINT('',(33.4,-0.233370452721,411.9));
#1122 = CARTESIAN_POINT('',(33.4,-1.998401444325E-15,411.9));
#1123 = PCURVE('',#90,#1124);
#1124 = DEFINITIONAL_REPRESENTATION('',(#1125),#1152);
#1125 = B_SPLINE_CURVE_WITH_KNOTS('',7,(#1126,#1127,#1128,#1129,#1130,
    #1131,#1132,#1133,#1134,#1135,#1136,#1137,#1138,#1139,#1140,#1141,
    #1142,#1143,#1144,#1145,#1146,#1147,#1148,#1149,#1150,#1151),
  .UNSPECIFIED.,.F.,.F.,(8,6,6,6,8),(0.,0.257093895626,0.500016741231,
    0.742965102655,1.),.UNSPECIFIED.);
#1126 = CARTESIAN_POINT('',(-1.7763568394E-15,2.5));
#1127 = CARTESIAN_POINT('',(0.137305808328,2.5));
#1128 = CARTESIAN_POINT('',(0.271044641496,2.498096820416));
#1129 = CARTESIAN_POINT('',(0.401346492649,2.494468580704));
#1130 = CARTESIAN_POINT('',(0.528039411361,2.489625908545));
#1131 = CARTESIAN_POINT('',(0.650685077773,2.484276023061));
#1132 = CARTESIAN_POINT('',(0.768430155284,2.479034990257));
#1133 = CARTESIAN_POINT('',(0.984731501586,2.469835720663));
#1134 = CARTESIAN_POINT('',(1.08655707182,2.465713427355));
#1135 = CARTESIAN_POINT('',(1.185894755148,2.462204670368));
#1136 = CARTESIAN_POINT('',(1.283369798506,2.459479712803));
#1137 = CARTESIAN_POINT('',(1.379595987123,2.45763264431));
#1138 = CARTESIAN_POINT('',(1.47517613549,2.456708470711));
#1139 = CARTESIAN_POINT('',(1.666426561731,2.456708470711));
#1140 = CARTESIAN_POINT('',(1.762008050386,2.457632836609));
#1141 = CARTESIAN_POINT('',(1.858227842136,2.459479997775));
#1142 = CARTESIAN_POINT('',(1.955691786228,2.462204640387));
#1143 = CARTESIAN_POINT('',(2.055019501539,2.465712813203));
#1144 = CARTESIAN_POINT('',(2.156843665569,2.469834976967));
#1145 = CARTESIAN_POINT('',(2.373143798838,2.479034194971));
#1146 = CARTESIAN_POINT('',(2.490892856547,2.484275319178));
#1147 = CARTESIAN_POINT('',(2.613553895086,2.489626054117));
#1148 = CARTESIAN_POINT('',(2.740264690024,2.494469604512));
#1149 = CARTESIAN_POINT('',(2.870579062212,2.498097627296));
#1150 = CARTESIAN_POINT('',(3.004315916695,2.5));
#1151 = CARTESIAN_POINT('',(3.14159265359,2.5));
#1152 = ( GEOMETRIC_REPRESENTATION_CONTEXT(2) 
PARAMETRIC_REPRESENTATION_CONTEXT() REPRESENTATION_CONTEXT('2D SPACE',''
  ) );
#1153 = PCURVE('',#1154,#1159);
#1154 = CYLINDRICAL_SURFACE('',#1155,33.4);
#1155 = AXIS2_PLACEMENT_3D('',#1156,#1157,#1158);
#1156 = CARTESIAN_POINT('',(0.,0.,-1.));
#1157 = DIRECTION('',(0.,0.,1.));
#1158 = DIRECTION('',(1.,0.,-0.));
#1159 = DEFINITIONAL_REPRESENTATION('',(#1160),#1187);
#1160 = B_SPLINE_CURVE_WITH_KNOTS('',7,(#1161,#1162,#1163,#1164,#1165,
    #1166,#1167,#1168,#1169,#1170,#1171,#1172,#1173,#1174,#1175,#1176,
    #1177,#1178,#1179,#1180,#1181,#1182,#1183,#1184,#1185,#1186),
  .UNSPECIFIED.,.F.,.F.,(8,6,6,6,8),(0.,0.257093895626,0.500016741231,
    0.742965102655,1.),.UNSPECIFIED.);
#1161 = CARTESIAN_POINT('',(6.28318530718,416.3));
#1162 = CARTESIAN_POINT('',(6.276196688193,416.3));
#1163 = CARTESIAN_POINT('',(6.269389617762,416.26260876842));
#1164 = CARTESIAN_POINT('',(6.262972142863,416.19132085729));
#1165 = CARTESIAN_POINT('',(6.2571174674,416.09102005599));
#1166 = CARTESIAN_POINT('',(6.251957324738,415.96789348025));
#1167 = CARTESIAN_POINT('',(6.247568540962,415.82929928588));
#1168 = CARTESIAN_POINT('',(6.24054551429,415.5459720979));
#1169 = CARTESIAN_POINT('',(6.23774448104,415.39863304353));
#1170 = CARTESIAN_POINT('',(6.235534717899,415.24463212187));
#1171 = CARTESIAN_POINT('',(6.233895232499,415.08619705819));
#1172 = CARTESIAN_POINT('',(6.232808735756,414.92504070463));
#1173 = CARTESIAN_POINT('',(6.23226510155,414.76255432521));
#1174 = CARTESIAN_POINT('',(6.23226510155,414.4374286006));
#1175 = CARTESIAN_POINT('',(6.232808849299,414.27493992277));
#1176 = CARTESIAN_POINT('',(6.233895398808,414.11379527898));
#1177 = CARTESIAN_POINT('',(6.23553471771,413.95537928406));
#1178 = CARTESIAN_POINT('',(6.237744127286,413.80139267108));
#1179 = CARTESIAN_POINT('',(6.240544946528,413.65405080709));
#1180 = CARTESIAN_POINT('',(6.247567933815,413.37072520803));
#1181 = CARTESIAN_POINT('',(6.251956655931,413.23212053351));
#1182 = CARTESIAN_POINT('',(6.257117352829,413.10897277996));
#1183 = CARTESIAN_POINT('',(6.262972951616,413.00865898002));
#1184 = CARTESIAN_POINT('',(6.269391197745,412.93737539515));
#1185 = CARTESIAN_POINT('',(6.276198167877,412.9));
#1186 = CARTESIAN_POINT('',(6.28318530718,412.9));
#1187 = ( GEOMETRIC_REPRESENTATION_CONTEXT(2) 
PARAMETRIC_REPRESENTATION_CONTEXT() REPRESENTATION_CONTEXT('2D SPACE',''
  ) );
#1188 = ORIENTED_EDGE('',*,*,#1189,.T.);
#1189 = EDGE_CURVE('',#1093,#1070,#1190,.T.);
#1190 = SURFACE_CURVE('',#1191,(#1218,#1248),.PCURVE_S1.);
#1191 = B_SPLINE_CURVE_WITH_KNOTS('',7,(#1192,#1193,#1194,#1195,#1196,
    #1197,#1198,#1199,#1200,#1201,#1202,#1203,#1204,#1205,#1206,#1207,
    #1208,#1209,#1210,#1211,#1212,#1213,#1214,#1215,#1216,#1217),
  .UNSPECIFIED.,.F.,.F.,(8,6,6,6,8),(0.,0.25709007378,0.500049730417,
    0.743009387054,1.),.UNSPECIFIED.);
#1192 = CARTESIAN_POINT('',(33.4,2.160759992308E-15,411.9));
#1193 = CARTESIAN_POINT('',(33.4,0.233419874158,411.9));
#1194 = CARTESIAN_POINT('',(33.398096820416,0.460776001765,
    411.93739123157));
#1195 = CARTESIAN_POINT('',(33.394468580704,0.67510118242,412.0086791427
    ));
#1196 = CARTESIAN_POINT('',(33.389625908545,0.870595411799,
    412.10897994401));
#1197 = CARTESIAN_POINT('',(33.384276023061,1.042864217618,
    412.23210651974));
#1198 = CARTESIAN_POINT('',(33.379034990257,1.189356773794,
    412.37070071411));
#1199 = CARTESIAN_POINT('',(33.369834976967,1.423764356609,
    412.65405080709));
#1200 = CARTESIAN_POINT('',(33.365712813203,1.517221955182,
    412.80139267108));
#1201 = CARTESIAN_POINT('',(33.362204640387,1.590933191985,
    412.95537928406));
#1202 = CARTESIAN_POINT('',(33.359479997775,1.645618652698,
    413.11379527898));
#1203 = CARTESIAN_POINT('',(33.357632836609,1.68186236419,
    413.27493992277));
#1204 = CARTESIAN_POINT('',(33.356708470711,1.7,413.4374286006));
#1205 = CARTESIAN_POINT('',(33.356708470711,1.7,413.76257139939));
#1206 = CARTESIAN_POINT('',(33.357632836609,1.68186236419,
    413.92506007723));
#1207 = CARTESIAN_POINT('',(33.359479997775,1.645618652698,
    414.08620472101));
#1208 = CARTESIAN_POINT('',(33.362204640387,1.590933191985,
    414.24462071593));
#1209 = CARTESIAN_POINT('',(33.365712813203,1.517221955182,
    414.39860732891));
#1210 = CARTESIAN_POINT('',(33.369834976967,1.423764356609,
    414.5459491929));
#1211 = CARTESIAN_POINT('',(33.379033160357,1.189403397904,
    414.82924292702));
#1212 = CARTESIAN_POINT('',(33.384274643337,1.042909386923,
    414.96786869807));
#1213 = CARTESIAN_POINT('',(33.389626631576,0.870592351597,
    415.09104391596));
#1214 = CARTESIAN_POINT('',(33.394471011688,0.675029337434,
    415.19136849639));
#1215 = CARTESIAN_POINT('',(33.398098536119,0.46065554513,
    415.26264249857));
#1216 = CARTESIAN_POINT('',(33.4,0.233314570882,415.3));
#1217 = CARTESIAN_POINT('',(33.4,1.718093269345E-15,415.3));
#1218 = PCURVE('',#90,#1219);
#1219 = DEFINITIONAL_REPRESENTATION('',(#1220),#1247);
#1220 = B_SPLINE_CURVE_WITH_KNOTS('',7,(#1221,#1222,#1223,#1224,#1225,
    #1226,#1227,#1228,#1229,#1230,#1231,#1232,#1233,#1234,#1235,#1236,
    #1237,#1238,#1239,#1240,#1241,#1242,#1243,#1244,#1245,#1246),
  .UNSPECIFIED.,.F.,.F.,(8,6,6,6,8),(0.,0.25709007378,0.500049730417,
    0.743009387054,1.),.UNSPECIFIED.);
#1221 = CARTESIAN_POINT('',(3.14159265359,2.5));
#1222 = CARTESIAN_POINT('',(3.278898461918,2.5));
#1223 = CARTESIAN_POINT('',(3.412637295086,2.498096820416));
#1224 = CARTESIAN_POINT('',(3.542939146239,2.494468580704));
#1225 = CARTESIAN_POINT('',(3.669632064951,2.489625908545));
#1226 = CARTESIAN_POINT('',(3.792277731363,2.484276023061));
#1227 = CARTESIAN_POINT('',(3.910022808874,2.479034990257));
#1228 = CARTESIAN_POINT('',(4.12634164161,2.469834976967));
#1229 = CARTESIAN_POINT('',(4.228165805641,2.465712813203));
#1230 = CARTESIAN_POINT('',(4.327493520952,2.462204640387));
#1231 = CARTESIAN_POINT('',(4.424957465045,2.459479997775));
#1232 = CARTESIAN_POINT('',(4.521177256793,2.457632836609));
#1233 = CARTESIAN_POINT('',(4.616758745448,2.456708470711));
#1234 = CARTESIAN_POINT('',(4.808019215321,2.456708470711));
#1235 = CARTESIAN_POINT('',(4.903600703976,2.457632836609));
#1236 = CARTESIAN_POINT('',(4.999820495725,2.459479997775));
#1237 = CARTESIAN_POINT('',(5.097284439818,2.462204640387));
#1238 = CARTESIAN_POINT('',(5.196612155129,2.465712813203));
#1239 = CARTESIAN_POINT('',(5.298436319159,2.469834976967));
#1240 = CARTESIAN_POINT('',(5.514712125672,2.479033160357));
#1241 = CARTESIAN_POINT('',(5.63247207529,2.484274643337));
#1242 = CARTESIAN_POINT('',(5.755155180531,2.489626631576));
#1243 = CARTESIAN_POINT('',(5.881886726749,2.494471011688));
#1244 = CARTESIAN_POINT('',(6.012211535916,2.498098536119));
#1245 = CARTESIAN_POINT('',(6.145941441955,2.5));
#1246 = CARTESIAN_POINT('',(6.28318530718,2.5));
#1247 = ( GEOMETRIC_REPRESENTATION_CONTEXT(2) 
PARAMETRIC_REPRESENTATION_CONTEXT() REPRESENTATION_CONTEXT('2D SPACE',''
  ) );
#1248 = PCURVE('',#1154,#1249);
#1249 = DEFINITIONAL_REPRESENTATION('',(#1250),#1277);
#1250 = B_SPLINE_CURVE_WITH_KNOTS('',7,(#1251,#1252,#1253,#1254,#1255,
    #1256,#1257,#1258,#1259,#1260,#1261,#1262,#1263,#1264,#1265,#1266,
    #1267,#1268,#1269,#1270,#1271,#1272,#1273,#1274,#1275,#1276),
  .UNSPECIFIED.,.F.,.F.,(8,6,6,6,8),(0.,0.25709007378,0.500049730417,
    0.743009387054,1.),.UNSPECIFIED.);
#1251 = CARTESIAN_POINT('',(0.,412.9));
#1252 = CARTESIAN_POINT('',(6.988618986756E-03,412.9));
#1253 = CARTESIAN_POINT('',(1.379568941773E-02,412.93739123157));
#1254 = CARTESIAN_POINT('',(2.021316431668E-02,413.0086791427));
#1255 = CARTESIAN_POINT('',(2.606783977923E-02,413.10897994401));
#1256 = CARTESIAN_POINT('',(3.122798244146E-02,413.23210651974));
#1257 = CARTESIAN_POINT('',(3.56167662173E-02,413.37070071411));
#1258 = CARTESIAN_POINT('',(4.26403606514E-02,413.65405080709));
#1259 = CARTESIAN_POINT('',(4.544117989401E-02,413.80139267108));
#1260 = CARTESIAN_POINT('',(4.765058946948E-02,413.95537928406));
#1261 = CARTESIAN_POINT('',(4.928990837181E-02,414.11379527898));
#1262 = CARTESIAN_POINT('',(5.037645788047E-02,414.27493992277));
#1263 = CARTESIAN_POINT('',(5.09202056299E-02,414.4374286006));
#1264 = CARTESIAN_POINT('',(5.09202056299E-02,414.76257139939));
#1265 = CARTESIAN_POINT('',(5.037645788047E-02,414.92506007723));
#1266 = CARTESIAN_POINT('',(4.928990837181E-02,415.08620472101));
#1267 = CARTESIAN_POINT('',(4.765058946949E-02,415.24462071593));
#1268 = CARTESIAN_POINT('',(4.544117989401E-02,415.39860732891));
#1269 = CARTESIAN_POINT('',(4.264036065138E-02,415.5459491929));
#1270 = CARTESIAN_POINT('',(3.561816322348E-02,415.82924292702));
#1271 = CARTESIAN_POINT('',(3.122933541577E-02,415.96786869807));
#1272 = CARTESIAN_POINT('',(2.606774738374E-02,416.09104391596));
#1273 = CARTESIAN_POINT('',(2.021101245003E-02,416.19136849639));
#1274 = CARTESIAN_POINT('',(1.379208293988E-02,416.26264249857));
#1275 = CARTESIAN_POINT('',(6.985466194079E-03,416.3));
#1276 = CARTESIAN_POINT('',(0.,416.3));
#1277 = ( GEOMETRIC_REPRESENTATION_CONTEXT(2) 
PARAMETRIC_REPRESENTATION_CONTEXT() REPRESENTATION_CONTEXT('2D SPACE',''
  ) );
#1278 = ORIENTED_EDGE('',*,*,#1069,.T.);
#1279 = ORIENTED_EDGE('',*,*,#176,.F.);
#1280 = ADVANCED_FACE('',(#1281),#351,.F.);
#1281 = FACE_BOUND('',#1282,.F.);
#1282 = EDGE_LOOP('',(#1283,#1284,#1307,#1399,#1489,#1490));
#1283 = ORIENTED_EDGE('',*,*,#437,.F.);
#1284 = ORIENTED_EDGE('',*,*,#1285,.F.);
#1285 = EDGE_CURVE('',#1286,#267,#1288,.T.);
#1286 = VERTEX_POINT('',#1287);
#1287 = CARTESIAN_POINT('',(33.4,-3.882130353297E-15,9.7));
#1288 = SEAM_CURVE('',#1289,(#1293,#1300),.PCURVE_S1.);
#1289 = LINE('',#1290,#1291);
#1290 = CARTESIAN_POINT('',(30.9,4.163799117101E-16,9.7));
#1291 = VECTOR('',#1292,1.);
#1292 = DIRECTION('',(1.,0.,0.));
#1293 = PCURVE('',#351,#1294);
#1294 = DEFINITIONAL_REPRESENTATION('',(#1295),#1299);
#1295 = LINE('',#1296,#1297);
#1296 = CARTESIAN_POINT('',(6.28318530718,-0.));
#1297 = VECTOR('',#1298,1.);
#1298 = DIRECTION('',(0.,1.));
#1299 = ( GEOMETRIC_REPRESENTATION_CONTEXT(2) 
PARAMETRIC_REPRESENTATION_CONTEXT() REPRESENTATION_CONTEXT('2D SPACE',''
  ) );
#1300 = PCURVE('',#351,#1301);
#1301 = DEFINITIONAL_REPRESENTATION('',(#1302),#1306);
#1302 = LINE('',#1303,#1304);
#1303 = CARTESIAN_POINT('',(0.,-0.));
#1304 = VECTOR('',#1305,1.);
#1305 = DIRECTION('',(0.,1.));
#1306 = ( GEOMETRIC_REPRESENTATION_CONTEXT(2) 
PARAMETRIC_REPRESENTATION_CONTEXT() REPRESENTATION_CONTEXT('2D SPACE',''
  ) );
#1307 = ORIENTED_EDGE('',*,*,#1308,.T.);
#1308 = EDGE_CURVE('',#1286,#1309,#1311,.T.);
#1309 = VERTEX_POINT('',#1310);
#1310 = CARTESIAN_POINT('',(33.4,-8.180640618304E-15,6.3));
#1311 = SURFACE_CURVE('',#1312,(#1339,#1369),.PCURVE_S1.);
#1312 = B_SPLINE_CURVE_WITH_KNOTS('',7,(#1313,#1314,#1315,#1316,#1317,
    #1318,#1319,#1320,#1321,#1322,#1323,#1324,#1325,#1326,#1327,#1328,
    #1329,#1330,#1331,#1332,#1333,#1334,#1335,#1336,#1337,#1338),
  .UNSPECIFIED.,.F.,.F.,(8,6,6,6,8),(0.,0.257093891299,0.500016736337,
    0.742965100139,1.),.UNSPECIFIED.);
#1313 = CARTESIAN_POINT('',(33.4,-2.442490654175E-15,9.7));
#1314 = CARTESIAN_POINT('',(33.4,-0.233419874157,9.7));
#1315 = CARTESIAN_POINT('',(33.398096820416,-0.460776001765,
    9.662608768425));
#1316 = CARTESIAN_POINT('',(33.394468580704,-0.67510118242,
    9.591320857292));
#1317 = CARTESIAN_POINT('',(33.389625908545,-0.870595411799,
    9.49102005599));
#1318 = CARTESIAN_POINT('',(33.384276023061,-1.042864217618,
    9.367893480257));
#1319 = CARTESIAN_POINT('',(33.379034990257,-1.189356773794,
    9.229299285889));
#1320 = CARTESIAN_POINT('',(33.369835720598,-1.423745409596,
    8.945972095909));
#1321 = CARTESIAN_POINT('',(33.365713427521,-1.517210150647,
    8.79863304782));
#1322 = CARTESIAN_POINT('',(33.362204670193,-1.590933192191,
    8.644632120132));
#1323 = CARTESIAN_POINT('',(33.359479712888,-1.645624197601,8.4861970544
    ));
#1324 = CARTESIAN_POINT('',(33.357632644294,-1.6818661522,8.325040709475
    ));
#1325 = CARTESIAN_POINT('',(33.356708470711,-1.7,8.162554323248));
#1326 = CARTESIAN_POINT('',(33.356708470711,-1.7,7.837428600608));
#1327 = CARTESIAN_POINT('',(33.357632836609,-1.68186236419,7.67493992277
    ));
#1328 = CARTESIAN_POINT('',(33.359479997775,-1.645618652698,
    7.513795278985));
#1329 = CARTESIAN_POINT('',(33.362204640387,-1.590933191985,
    7.355379284065));
#1330 = CARTESIAN_POINT('',(33.365712813203,-1.517221955181,
    7.201392671085));
#1331 = CARTESIAN_POINT('',(33.369834976967,-1.423764356609,
    7.054050807096));
#1332 = CARTESIAN_POINT('',(33.379034194971,-1.189377036926,
    6.77072520803));
#1333 = CARTESIAN_POINT('',(33.384275319178,-1.042886544827,
    6.632120533519));
#1334 = CARTESIAN_POINT('',(33.389626054117,-0.870599247752,
    6.508972779969));
#1335 = CARTESIAN_POINT('',(33.394469604512,-0.675074182563,
    6.408658980023));
#1336 = CARTESIAN_POINT('',(33.398097627296,-0.460723230383,
    6.337375395155));
#1337 = CARTESIAN_POINT('',(33.4,-0.23337045272,6.3));
#1338 = CARTESIAN_POINT('',(33.4,-1.998401444325E-15,6.3));
#1339 = PCURVE('',#351,#1340);
#1340 = DEFINITIONAL_REPRESENTATION('',(#1341),#1368);
#1341 = B_SPLINE_CURVE_WITH_KNOTS('',7,(#1342,#1343,#1344,#1345,#1346,
    #1347,#1348,#1349,#1350,#1351,#1352,#1353,#1354,#1355,#1356,#1357,
    #1358,#1359,#1360,#1361,#1362,#1363,#1364,#1365,#1366,#1367),
  .UNSPECIFIED.,.F.,.F.,(8,6,6,6,8),(0.,0.257093891299,0.500016736337,
    0.742965100139,1.),.UNSPECIFIED.);
#1342 = CARTESIAN_POINT('',(-1.7763568394E-15,2.5));
#1343 = CARTESIAN_POINT('',(0.137305808328,2.5));
#1344 = CARTESIAN_POINT('',(0.271044641496,2.498096820416));
#1345 = CARTESIAN_POINT('',(0.401346492649,2.494468580704));
#1346 = CARTESIAN_POINT('',(0.528039411362,2.489625908545));
#1347 = CARTESIAN_POINT('',(0.650685077773,2.484276023061));
#1348 = CARTESIAN_POINT('',(0.768430155284,2.479034990257));
#1349 = CARTESIAN_POINT('',(0.984731503109,2.469835720598));
#1350 = CARTESIAN_POINT('',(1.086557068432,2.465713427521));
#1351 = CARTESIAN_POINT('',(1.185894757113,2.462204670193));
#1352 = CARTESIAN_POINT('',(1.283369800217,2.459479712888));
#1353 = CARTESIAN_POINT('',(1.3795959844,2.457632644294));
#1354 = CARTESIAN_POINT('',(1.475176136649,2.456708470711));
#1355 = CARTESIAN_POINT('',(1.666426561731,2.456708470711));
#1356 = CARTESIAN_POINT('',(1.762008050386,2.457632836609));
#1357 = CARTESIAN_POINT('',(1.858227842135,2.459479997775));
#1358 = CARTESIAN_POINT('',(1.955691786228,2.462204640387));
#1359 = CARTESIAN_POINT('',(2.055019501539,2.465712813203));
#1360 = CARTESIAN_POINT('',(2.156843665569,2.469834976967));
#1361 = CARTESIAN_POINT('',(2.373143798838,2.479034194971));
#1362 = CARTESIAN_POINT('',(2.490892856547,2.484275319178));
#1363 = CARTESIAN_POINT('',(2.613553895087,2.489626054117));
#1364 = CARTESIAN_POINT('',(2.740264690024,2.494469604512));
#1365 = CARTESIAN_POINT('',(2.870579062212,2.498097627296));
#1366 = CARTESIAN_POINT('',(3.004315916695,2.5));
#1367 = CARTESIAN_POINT('',(3.14159265359,2.5));
#1368 = ( GEOMETRIC_REPRESENTATION_CONTEXT(2) 
PARAMETRIC_REPRESENTATION_CONTEXT() REPRESENTATION_CONTEXT('2D SPACE',''
  ) );
#1369 = PCURVE('',#1154,#1370);
#1370 = DEFINITIONAL_REPRESENTATION('',(#1371),#1398);
#1371 = B_SPLINE_CURVE_WITH_KNOTS('',7,(#1372,#1373,#1374,#1375,#1376,
    #1377,#1378,#1379,#1380,#1381,#1382,#1383,#1384,#1385,#1386,#1387,
    #1388,#1389,#1390,#1391,#1392,#1393,#1394,#1395,#1396,#1397),
  .UNSPECIFIED.,.F.,.F.,(8,6,6,6,8),(0.,0.257093891299,0.500016736337,
    0.742965100139,1.),.UNSPECIFIED.);
#1372 = CARTESIAN_POINT('',(6.28318530718,10.7));
#1373 = CARTESIAN_POINT('',(6.276196688193,10.7));
#1374 = CARTESIAN_POINT('',(6.269389617762,10.662608768425));
#1375 = CARTESIAN_POINT('',(6.262972142863,10.591320857292));
#1376 = CARTESIAN_POINT('',(6.2571174674,10.49102005599));
#1377 = CARTESIAN_POINT('',(6.251957324738,10.367893480257));
#1378 = CARTESIAN_POINT('',(6.247568540962,10.229299285889));
#1379 = CARTESIAN_POINT('',(6.240545514241,9.945972095909));
#1380 = CARTESIAN_POINT('',(6.237744481165,9.79863304782));
#1381 = CARTESIAN_POINT('',(6.235534717765,9.644632120132));
#1382 = CARTESIAN_POINT('',(6.233895232566,9.4861970544));
#1383 = CARTESIAN_POINT('',(6.232808735742,9.325040709475));
#1384 = CARTESIAN_POINT('',(6.23226510155,9.162554323248));
#1385 = CARTESIAN_POINT('',(6.23226510155,8.837428600608));
#1386 = CARTESIAN_POINT('',(6.232808849299,8.67493992277));
#1387 = CARTESIAN_POINT('',(6.233895398808,8.513795278985));
#1388 = CARTESIAN_POINT('',(6.23553471771,8.355379284065));
#1389 = CARTESIAN_POINT('',(6.237744127286,8.201392671085));
#1390 = CARTESIAN_POINT('',(6.240544946528,8.054050807096));
#1391 = CARTESIAN_POINT('',(6.247567933815,7.77072520803));
#1392 = CARTESIAN_POINT('',(6.251956655931,7.632120533519));
#1393 = CARTESIAN_POINT('',(6.257117352829,7.508972779969));
#1394 = CARTESIAN_POINT('',(6.262972951616,7.408658980023));
#1395 = CARTESIAN_POINT('',(6.269391197745,7.337375395155));
#1396 = CARTESIAN_POINT('',(6.276198167877,7.3));
#1397 = CARTESIAN_POINT('',(6.28318530718,7.3));
#1398 = ( GEOMETRIC_REPRESENTATION_CONTEXT(2) 
PARAMETRIC_REPRESENTATION_CONTEXT() REPRESENTATION_CONTEXT('2D SPACE',''
  ) );
#1399 = ORIENTED_EDGE('',*,*,#1400,.T.);
#1400 = EDGE_CURVE('',#1309,#1286,#1401,.T.);
#1401 = SURFACE_CURVE('',#1402,(#1429,#1459),.PCURVE_S1.);
#1402 = B_SPLINE_CURVE_WITH_KNOTS('',7,(#1403,#1404,#1405,#1406,#1407,
    #1408,#1409,#1410,#1411,#1412,#1413,#1414,#1415,#1416,#1417,#1418,
    #1419,#1420,#1421,#1422,#1423,#1424,#1425,#1426,#1427,#1428),
  .UNSPECIFIED.,.F.,.F.,(8,6,6,6,8),(0.,0.257090073789,0.500049730435,
    0.743009387082,1.),.UNSPECIFIED.);
#1403 = CARTESIAN_POINT('',(33.4,2.160759992308E-15,6.3));
#1404 = CARTESIAN_POINT('',(33.4,0.233419874157,6.3));
#1405 = CARTESIAN_POINT('',(33.398096820416,0.460776001765,
    6.337391231575));
#1406 = CARTESIAN_POINT('',(33.394468580704,0.67510118242,6.408679142708
    ));
#1407 = CARTESIAN_POINT('',(33.389625908545,0.870595411799,6.50897994401
    ));
#1408 = CARTESIAN_POINT('',(33.384276023061,1.042864217618,
    6.632106519743));
#1409 = CARTESIAN_POINT('',(33.379034990257,1.189356773794,
    6.770700714111));
#1410 = CARTESIAN_POINT('',(33.369834976967,1.423764356609,
    7.054050807096));
#1411 = CARTESIAN_POINT('',(33.365712813203,1.517221955181,
    7.201392671085));
#1412 = CARTESIAN_POINT('',(33.362204640387,1.590933191985,
    7.355379284065));
#1413 = CARTESIAN_POINT('',(33.359479997775,1.645618652698,
    7.513795278985));
#1414 = CARTESIAN_POINT('',(33.357632836609,1.68186236419,7.67493992277)
  );
#1415 = CARTESIAN_POINT('',(33.356708470711,1.7,7.837428600608));
#1416 = CARTESIAN_POINT('',(33.356708470711,1.7,8.162571399392));
#1417 = CARTESIAN_POINT('',(33.357632836609,1.68186236419,8.325060077229
    ));
#1418 = CARTESIAN_POINT('',(33.359479997775,1.645618652698,
    8.486204721016));
#1419 = CARTESIAN_POINT('',(33.362204640387,1.590933191986,
    8.644620715935));
#1420 = CARTESIAN_POINT('',(33.365712813203,1.517221955181,
    8.798607328915));
#1421 = CARTESIAN_POINT('',(33.369834976967,1.423764356609,
    8.945949192904));
#1422 = CARTESIAN_POINT('',(33.379033160356,1.189403397921,
    9.229242927001));
#1423 = CARTESIAN_POINT('',(33.384274643336,1.042909386928,
    9.367868698084));
#1424 = CARTESIAN_POINT('',(33.389626631577,0.870592351581,
    9.491043915981));
#1425 = CARTESIAN_POINT('',(33.394471011688,0.675029337413,
    9.591368496401));
#1426 = CARTESIAN_POINT('',(33.398098536118,0.460655545134,
    9.662642498571));
#1427 = CARTESIAN_POINT('',(33.4,0.233314570906,9.7));
#1428 = CARTESIAN_POINT('',(33.4,1.718093269345E-15,9.7));
#1429 = PCURVE('',#351,#1430);
#1430 = DEFINITIONAL_REPRESENTATION('',(#1431),#1458);
#1431 = B_SPLINE_CURVE_WITH_KNOTS('',7,(#1432,#1433,#1434,#1435,#1436,
    #1437,#1438,#1439,#1440,#1441,#1442,#1443,#1444,#1445,#1446,#1447,
    #1448,#1449,#1450,#1451,#1452,#1453,#1454,#1455,#1456,#1457),
  .UNSPECIFIED.,.F.,.F.,(8,6,6,6,8),(0.,0.257090073789,0.500049730435,
    0.743009387082,1.),.UNSPECIFIED.);
#1432 = CARTESIAN_POINT('',(3.14159265359,2.5));
#1433 = CARTESIAN_POINT('',(3.278898461918,2.5));
#1434 = CARTESIAN_POINT('',(3.412637295086,2.498096820416));
#1435 = CARTESIAN_POINT('',(3.542939146239,2.494468580704));
#1436 = CARTESIAN_POINT('',(3.669632064951,2.489625908545));
#1437 = CARTESIAN_POINT('',(3.792277731363,2.484276023061));
#1438 = CARTESIAN_POINT('',(3.910022808874,2.479034990257));
#1439 = CARTESIAN_POINT('',(4.12634164161,2.469834976967));
#1440 = CARTESIAN_POINT('',(4.22816580564,2.465712813203));
#1441 = CARTESIAN_POINT('',(4.327493520952,2.462204640387));
#1442 = CARTESIAN_POINT('',(4.424957465044,2.459479997775));
#1443 = CARTESIAN_POINT('',(4.521177256793,2.457632836609));
#1444 = CARTESIAN_POINT('',(4.616758745448,2.456708470711));
#1445 = CARTESIAN_POINT('',(4.808019215321,2.456708470711));
#1446 = CARTESIAN_POINT('',(4.903600703976,2.457632836609));
#1447 = CARTESIAN_POINT('',(4.999820495725,2.459479997775));
#1448 = CARTESIAN_POINT('',(5.097284439817,2.462204640387));
#1449 = CARTESIAN_POINT('',(5.196612155129,2.465712813203));
#1450 = CARTESIAN_POINT('',(5.298436319159,2.469834976967));
#1451 = CARTESIAN_POINT('',(5.514712125656,2.479033160356));
#1452 = CARTESIAN_POINT('',(5.632472075291,2.484274643336));
#1453 = CARTESIAN_POINT('',(5.755155180543,2.489626631577));
#1454 = CARTESIAN_POINT('',(5.88188672676,2.494471011688));
#1455 = CARTESIAN_POINT('',(6.012211535914,2.498098536118));
#1456 = CARTESIAN_POINT('',(6.145941441941,2.5));
#1457 = CARTESIAN_POINT('',(6.28318530718,2.5));
#1458 = ( GEOMETRIC_REPRESENTATION_CONTEXT(2) 
PARAMETRIC_REPRESENTATION_CONTEXT() REPRESENTATION_CONTEXT('2D SPACE',''
  ) );
#1459 = PCURVE('',#1154,#1460);
#1460 = DEFINITIONAL_REPRESENTATION('',(#1461),#1488);
#1461 = B_SPLINE_CURVE_WITH_KNOTS('',7,(#1462,#1463,#1464,#1465,#1466,
    #1467,#1468,#1469,#1470,#1471,#1472,#1473,#1474,#1475,#1476,#1477,
    #1478,#1479,#1480,#1481,#1482,#1483,#1484,#1485,#1486,#1487),
  .UNSPECIFIED.,.F.,.F.,(8,6,6,6,8),(0.,0.257090073789,0.500049730435,
    0.743009387082,1.),.UNSPECIFIED.);
#1462 = CARTESIAN_POINT('',(0.,7.3));
#1463 = CARTESIAN_POINT('',(6.988618986749E-03,7.3));
#1464 = CARTESIAN_POINT('',(1.379568941774E-02,7.337391231575));
#1465 = CARTESIAN_POINT('',(2.021316431668E-02,7.408679142708));
#1466 = CARTESIAN_POINT('',(2.606783977923E-02,7.50897994401));
#1467 = CARTESIAN_POINT('',(3.122798244146E-02,7.632106519743));
#1468 = CARTESIAN_POINT('',(3.56167662173E-02,7.770700714111));
#1469 = CARTESIAN_POINT('',(4.264036065139E-02,8.054050807096));
#1470 = CARTESIAN_POINT('',(4.5441179894E-02,8.201392671085));
#1471 = CARTESIAN_POINT('',(4.76505894695E-02,8.355379284065));
#1472 = CARTESIAN_POINT('',(4.928990837181E-02,8.513795278985));
#1473 = CARTESIAN_POINT('',(5.037645788047E-02,8.67493992277));
#1474 = CARTESIAN_POINT('',(5.09202056299E-02,8.837428600608));
#1475 = CARTESIAN_POINT('',(5.09202056299E-02,9.162571399392));
#1476 = CARTESIAN_POINT('',(5.037645788047E-02,9.325060077229));
#1477 = CARTESIAN_POINT('',(4.928990837181E-02,9.486204721016));
#1478 = CARTESIAN_POINT('',(4.76505894695E-02,9.644620715935));
#1479 = CARTESIAN_POINT('',(4.5441179894E-02,9.798607328915));
#1480 = CARTESIAN_POINT('',(4.264036065139E-02,9.945949192904));
#1481 = CARTESIAN_POINT('',(3.561816322399E-02,10.229242927001));
#1482 = CARTESIAN_POINT('',(3.12293354159E-02,10.367868698084));
#1483 = CARTESIAN_POINT('',(2.606774738324E-02,10.491043915981));
#1484 = CARTESIAN_POINT('',(2.021101244939E-02,10.591368496401));
#1485 = CARTESIAN_POINT('',(1.379208293999E-02,10.662642498571));
#1486 = CARTESIAN_POINT('',(6.985466194798E-03,10.7));
#1487 = CARTESIAN_POINT('',(0.,10.7));
#1488 = ( GEOMETRIC_REPRESENTATION_CONTEXT(2) 
PARAMETRIC_REPRESENTATION_CONTEXT() REPRESENTATION_CONTEXT('2D SPACE',''
  ) );
#1489 = ORIENTED_EDGE('',*,*,#1285,.T.);
#1490 = ORIENTED_EDGE('',*,*,#289,.F.);
#1491 = ADVANCED_FACE('',(#1492,#1495),#424,.F.);
#1492 = FACE_BOUND('',#1493,.F.);
#1493 = EDGE_LOOP('',(#1494));
#1494 = ORIENTED_EDGE('',*,*,#409,.T.);
#1495 = FACE_BOUND('',#1496,.F.);
#1496 = EDGE_LOOP('',(#1497));
#1497 = ORIENTED_EDGE('',*,*,#1498,.F.);
#1498 = EDGE_CURVE('',#1499,#1499,#1501,.T.);
#1499 = VERTEX_POINT('',#1500);
#1500 = CARTESIAN_POINT('',(33.4,-8.180640618304E-15,0.));
#1501 = SURFACE_CURVE('',#1502,(#1507,#1514),.PCURVE_S1.);
#1502 = CIRCLE('',#1503,33.4);
#1503 = AXIS2_PLACEMENT_3D('',#1504,#1505,#1506);
#1504 = CARTESIAN_POINT('',(0.,0.,0.));
#1505 = DIRECTION('',(0.,0.,1.));
#1506 = DIRECTION('',(1.,0.,-0.));
#1507 = PCURVE('',#424,#1508);
#1508 = DEFINITIONAL_REPRESENTATION('',(#1509),#1513);
#1509 = CIRCLE('',#1510,33.4);
#1510 = AXIS2_PLACEMENT_2D('',#1511,#1512);
#1511 = CARTESIAN_POINT('',(0.,0.));
#1512 = DIRECTION('',(1.,0.));
#1513 = ( GEOMETRIC_REPRESENTATION_CONTEXT(2) 
PARAMETRIC_REPRESENTATION_CONTEXT() REPRESENTATION_CONTEXT('2D SPACE',''
  ) );
#1514 = PCURVE('',#1154,#1515);
#1515 = DEFINITIONAL_REPRESENTATION('',(#1516),#1520);
#1516 = LINE('',#1517,#1518);
#1517 = CARTESIAN_POINT('',(0.,1.));
#1518 = VECTOR('',#1519,1.);
#1519 = DIRECTION('',(1.,0.));
#1520 = ( GEOMETRIC_REPRESENTATION_CONTEXT(2) 
PARAMETRIC_REPRESENTATION_CONTEXT() REPRESENTATION_CONTEXT('2D SPACE',''
  ) );
#1521 = ADVANCED_FACE('',(#1522,#1525),#163,.T.);
#1522 = FACE_BOUND('',#1523,.T.);
#1523 = EDGE_LOOP('',(#1524));
#1524 = ORIENTED_EDGE('',*,*,#148,.T.);
#1525 = FACE_BOUND('',#1526,.T.);
#1526 = EDGE_LOOP('',(#1527));
#1527 = ORIENTED_EDGE('',*,*,#1528,.F.);
#1528 = EDGE_CURVE('',#1529,#1529,#1531,.T.);
#1529 = VERTEX_POINT('',#1530);
#1530 = CARTESIAN_POINT('',(33.4,-8.180640618304E-15,421.6));
#1531 = SURFACE_CURVE('',#1532,(#1537,#1544),.PCURVE_S1.);
#1532 = CIRCLE('',#1533,33.4);
#1533 = AXIS2_PLACEMENT_3D('',#1534,#1535,#1536);
#1534 = CARTESIAN_POINT('',(0.,0.,421.6));
#1535 = DIRECTION('',(0.,0.,1.));
#1536 = DIRECTION('',(1.,0.,-0.));
#1537 = PCURVE('',#163,#1538);
#1538 = DEFINITIONAL_REPRESENTATION('',(#1539),#1543);
#1539 = CIRCLE('',#1540,33.4);
#1540 = AXIS2_PLACEMENT_2D('',#1541,#1542);
#1541 = CARTESIAN_POINT('',(0.,0.));
#1542 = DIRECTION('',(1.,0.));
#1543 = ( GEOMETRIC_REPRESENTATION_CONTEXT(2) 
PARAMETRIC_REPRESENTATION_CONTEXT() REPRESENTATION_CONTEXT('2D SPACE',''
  ) );
#1544 = PCURVE('',#1154,#1545);
#1545 = DEFINITIONAL_REPRESENTATION('',(#1546),#1550);
#1546 = LINE('',#1547,#1548);
#1547 = CARTESIAN_POINT('',(0.,422.6));
#1548 = VECTOR('',#1549,1.);
#1549 = DIRECTION('',(1.,0.));
#1550 = ( GEOMETRIC_REPRESENTATION_CONTEXT(2) 
PARAMETRIC_REPRESENTATION_CONTEXT() REPRESENTATION_CONTEXT('2D SPACE',''
  ) );
#1551 = ADVANCED_FACE('',(#1552),#656,.F.);
#1552 = FACE_BOUND('',#1553,.F.);
#1553 = EDGE_LOOP('',(#1554,#1555,#1578,#1740));
#1554 = ORIENTED_EDGE('',*,*,#530,.F.);
#1555 = ORIENTED_EDGE('',*,*,#1556,.F.);
#1556 = EDGE_CURVE('',#1557,#531,#1559,.T.);
#1557 = VERTEX_POINT('',#1558);
#1558 = CARTESIAN_POINT('',(-33.4,3.673940397442E-15,9.7));
#1559 = SEAM_CURVE('',#1560,(#1564,#1571),.PCURVE_S1.);
#1560 = LINE('',#1561,#1562);
#1561 = CARTESIAN_POINT('',(-30.9,3.367778697655E-15,9.7));
#1562 = VECTOR('',#1563,1.);
#1563 = DIRECTION('',(-1.,1.224646799147E-16,0.));
#1564 = PCURVE('',#656,#1565);
#1565 = DEFINITIONAL_REPRESENTATION('',(#1566),#1570);
#1566 = LINE('',#1567,#1568);
#1567 = CARTESIAN_POINT('',(6.28318530718,-0.));
#1568 = VECTOR('',#1569,1.);
#1569 = DIRECTION('',(0.,1.));
#1570 = ( GEOMETRIC_REPRESENTATION_CONTEXT(2) 
PARAMETRIC_REPRESENTATION_CONTEXT() REPRESENTATION_CONTEXT('2D SPACE',''
  ) );
#1571 = PCURVE('',#656,#1572);
#1572 = DEFINITIONAL_REPRESENTATION('',(#1573),#1577);
#1573 = LINE('',#1574,#1575);
#1574 = CARTESIAN_POINT('',(0.,-0.));
#1575 = VECTOR('',#1576,1.);
#1576 = DIRECTION('',(0.,1.));
#1577 = ( GEOMETRIC_REPRESENTATION_CONTEXT(2) 
PARAMETRIC_REPRESENTATION_CONTEXT() REPRESENTATION_CONTEXT('2D SPACE',''
  ) );
#1578 = ORIENTED_EDGE('',*,*,#1579,.T.);
#1579 = EDGE_CURVE('',#1557,#1557,#1580,.T.);
#1580 = SURFACE_CURVE('',#1581,(#1632,#1686),.PCURVE_S1.);
#1581 = B_SPLINE_CURVE_WITH_KNOTS('',7,(#1582,#1583,#1584,#1585,#1586,
    #1587,#1588,#1589,#1590,#1591,#1592,#1593,#1594,#1595,#1596,#1597,
    #1598,#1599,#1600,#1601,#1602,#1603,#1604,#1605,#1606,#1607,#1608,
    #1609,#1610,#1611,#1612,#1613,#1614,#1615,#1616,#1617,#1618,#1619,
    #1620,#1621,#1622,#1623,#1624,#1625,#1626,#1627,#1628,#1629,#1630,
    #1631),.UNSPECIFIED.,.T.,.F.,(8,6,6,6,6,6,6,6,8),(0.,0.127714437245,
    0.248389239324,0.369076718151,0.463574537753,0.582658269785,
    0.687380122871,0.840085446902,1.),.UNSPECIFIED.);
#1582 = CARTESIAN_POINT('',(-33.4,3.774758283726E-15,9.7));
#1583 = CARTESIAN_POINT('',(-33.4,0.233419874158,9.7));
#1584 = CARTESIAN_POINT('',(-33.39809682041,0.460776001765,
    9.662608768426));
#1585 = CARTESIAN_POINT('',(-33.3944685807,0.67510118242,9.591320857291)
  );
#1586 = CARTESIAN_POINT('',(-33.38962590854,0.870595411799,
    9.491020055991));
#1587 = CARTESIAN_POINT('',(-33.38427602306,1.042864217618,
    9.367893480256));
#1588 = CARTESIAN_POINT('',(-33.37903499025,1.189356773794,9.22929928589
    ));
#1589 = CARTESIAN_POINT('',(-33.36983572059,1.423745409596,
    8.945972095908));
#1590 = CARTESIAN_POINT('',(-33.36571342752,1.517210150647,
    8.798633047818));
#1591 = CARTESIAN_POINT('',(-33.36220467019,1.59093319219,8.644632120133
    ));
#1592 = CARTESIAN_POINT('',(-33.35947971288,1.645624197601,
    8.486197054399));
#1593 = CARTESIAN_POINT('',(-33.35763264429,1.681866152199,
    8.325040709477));
#1594 = CARTESIAN_POINT('',(-33.35670847071,1.7,8.162554323248));
#1595 = CARTESIAN_POINT('',(-33.35670847071,1.7,7.837428600608));
#1596 = CARTESIAN_POINT('',(-33.3576328366,1.68186236419,7.67493992277)
  );
#1597 = CARTESIAN_POINT('',(-33.35947999777,1.645618652698,
    7.513795278985));
#1598 = CARTESIAN_POINT('',(-33.36220464038,1.590933191985,
    7.355379284064));
#1599 = CARTESIAN_POINT('',(-33.3657128132,1.517221955181,7.201392671085
    ));
#1600 = CARTESIAN_POINT('',(-33.36983497696,1.423764356609,
    7.054050807096));
#1601 = CARTESIAN_POINT('',(-33.37780500417,1.220695648452,
    6.808582906068));
#1602 = CARTESIAN_POINT('',(-33.38154244081,1.11837497221,6.705971513335
    ));
#1603 = CARTESIAN_POINT('',(-33.38537029043,1.002897128498,
    6.610903086663));
#1604 = CARTESIAN_POINT('',(-33.38909330201,0.874637635277,
    6.525739345805));
#1605 = CARTESIAN_POINT('',(-33.39248076914,0.734352780523,
    6.452845372307));
#1606 = CARTESIAN_POINT('',(-33.39529338769,0.583198010279,
    6.394598817083));
#1607 = CARTESIAN_POINT('',(-33.39988335845,0.220609077223,
    6.301501802322));
#1608 = CARTESIAN_POINT('',(-33.40115304099,7.481646591936E-03,
    6.277646372895));
#1609 = CARTESIAN_POINT('',(-33.40076368948,-0.209210180223,
    6.285685361848));
#1610 = CARTESIAN_POINT('',(-33.39861237635,-0.421077171657,
    6.325964802967));
#1611 = CARTESIAN_POINT('',(-33.39507939059,-0.620052637101,
    6.395475814215));
#1612 = CARTESIAN_POINT('',(-33.3907929696,-0.799559425325,
    6.487957550549));
#1613 = CARTESIAN_POINT('',(-33.38240272059,-1.092712093062,
    6.687183897815));
#1614 = CARTESIAN_POINT('',(-33.37825893748,-1.214497805385,
    6.792772349414));
#1615 = CARTESIAN_POINT('',(-33.37416361112,-1.320893619173,
    6.907866267216));
#1616 = CARTESIAN_POINT('',(-33.37032769407,-1.41218388576,
    7.030206864179));
#1617 = CARTESIAN_POINT('',(-33.36690513605,-1.488777028908,
    7.15797782869));
#1618 = CARTESIAN_POINT('',(-33.3639994875,-1.551092082821,
    7.289694852522));
#1619 = CARTESIAN_POINT('',(-33.35829462829,-1.670081767477,
    7.620201416167));
#1620 = CARTESIAN_POINT('',(-33.35615133274,-1.711143672833,
    7.822219959263));
#1621 = CARTESIAN_POINT('',(-33.3554534704,-1.723896352671,
    8.026923426196));
#1622 = CARTESIAN_POINT('',(-33.3562624895,-1.708736308223,
    8.231804054362));
#1623 = CARTESIAN_POINT('',(-33.3585482179,-1.66533330569,8.434351212766
    ));
#1624 = CARTESIAN_POINT('',(-33.3621594721,-1.592783184037,
    8.631512476858));
#1625 = CARTESIAN_POINT('',(-33.37157947952,-1.38179397198,
    9.015300428838));
#1626 = CARTESIAN_POINT('',(-33.37765753322,-1.236516760055,
    9.208061463946));
#1627 = CARTESIAN_POINT('',(-33.38459413058,-1.051489069843,
    9.38454367603));
#1628 = CARTESIAN_POINT('',(-33.3914824844,-0.828529195986,
    9.532648973347));
#1629 = CARTESIAN_POINT('',(-33.39700474535,-0.5729503356,9.641153298896
    ));
#1630 = CARTESIAN_POINT('',(-33.4,-0.292828496923,9.7));
#1631 = CARTESIAN_POINT('',(-33.4,3.774758283726E-15,9.7));
#1632 = PCURVE('',#656,#1633);
#1633 = DEFINITIONAL_REPRESENTATION('',(#1634),#1685);
#1634 = B_SPLINE_CURVE_WITH_KNOTS('',7,(#1635,#1636,#1637,#1638,#1639,
    #1640,#1641,#1642,#1643,#1644,#1645,#1646,#1647,#1648,#1649,#1650,
    #1651,#1652,#1653,#1654,#1655,#1656,#1657,#1658,#1659,#1660,#1661,
    #1662,#1663,#1664,#1665,#1666,#1667,#1668,#1669,#1670,#1671,#1672,
    #1673,#1674,#1675,#1676,#1677,#1678,#1679,#1680,#1681,#1682,#1683,
    #1684),.UNSPECIFIED.,.F.,.F.,(8,6,6,6,6,6,6,6,8),(0.,0.127714437245,
    0.248389239324,0.369076718151,0.463574537753,0.582658269785,
    0.687380122871,0.840085446902,1.),.UNSPECIFIED.);
#1635 = CARTESIAN_POINT('',(0.,2.5));
#1636 = CARTESIAN_POINT('',(0.137305808328,2.5));
#1637 = CARTESIAN_POINT('',(0.271044641496,2.498096820416));
#1638 = CARTESIAN_POINT('',(0.401346492649,2.494468580704));
#1639 = CARTESIAN_POINT('',(0.528039411361,2.489625908545));
#1640 = CARTESIAN_POINT('',(0.650685077773,2.484276023061));
#1641 = CARTESIAN_POINT('',(0.768430155284,2.479034990257));
#1642 = CARTESIAN_POINT('',(0.98473150311,2.469835720598));
#1643 = CARTESIAN_POINT('',(1.086557068433,2.465713427521));
#1644 = CARTESIAN_POINT('',(1.185894757112,2.462204670193));
#1645 = CARTESIAN_POINT('',(1.283369800217,2.459479712888));
#1646 = CARTESIAN_POINT('',(1.379595984399,2.457632644294));
#1647 = CARTESIAN_POINT('',(1.475176136649,2.456708470711));
#1648 = CARTESIAN_POINT('',(1.666426561731,2.456708470711));
#1649 = CARTESIAN_POINT('',(1.762008050387,2.457632836609));
#1650 = CARTESIAN_POINT('',(1.858227842135,2.459479997775));
#1651 = CARTESIAN_POINT('',(1.955691786228,2.462204640387));
#1652 = CARTESIAN_POINT('',(2.055019501539,2.465712813203));
#1653 = CARTESIAN_POINT('',(2.156843665569,2.469834976967));
#1654 = CARTESIAN_POINT('',(2.344241980019,2.477805004179));
#1655 = CARTESIAN_POINT('',(2.429115877756,2.481542440817));
#1656 = CARTESIAN_POINT('',(2.516413361158,2.485370290434));
#1657 = CARTESIAN_POINT('',(2.606093481418,2.489093302011));
#1658 = CARTESIAN_POINT('',(2.698194346362,2.492480769144));
#1659 = CARTESIAN_POINT('',(2.79283657464,2.495293387698));
#1660 = CARTESIAN_POINT('',(3.013042351738,2.499883358456));
#1661 = CARTESIAN_POINT('',(3.137961980411,2.501153040998));
#1662 = CARTESIAN_POINT('',(3.263272471014,2.500763689481));
#1663 = CARTESIAN_POINT('',(3.387631073675,2.498612376354));
#1664 = CARTESIAN_POINT('',(3.509645998997,2.495079390591));
#1665 = CARTESIAN_POINT('',(3.627557693784,2.490792969602));
#1666 = CARTESIAN_POINT('',(3.836053396732,2.48240272059));
#1667 = CARTESIAN_POINT('',(3.930216605722,2.47825893748));
#1668 = CARTESIAN_POINT('',(4.021548028978,2.474163611127));
#1669 = CARTESIAN_POINT('',(4.110492547029,2.470327694074));
#1670 = CARTESIAN_POINT('',(4.197438307514,2.466905136059));
#1671 = CARTESIAN_POINT('',(4.282755701956,2.463999487505));
#1672 = CARTESIAN_POINT('',(4.489387224343,2.458294628296));
#1673 = CARTESIAN_POINT('',(4.609377980403,2.456151332743));
#1674 = CARTESIAN_POINT('',(4.728222500258,2.455453470405));
#1675 = CARTESIAN_POINT('',(4.847049153965,2.456262489504));
#1676 = CARTESIAN_POINT('',(4.967011078749,2.4585482179));
#1677 = CARTESIAN_POINT('',(5.089202305573,2.4621594721));
#1678 = CARTESIAN_POINT('',(5.346826290365,2.471579479526));
#1679 = CARTESIAN_POINT('',(5.487358164505,2.47765753322));
#1680 = CARTESIAN_POINT('',(5.634506076011,2.48459413058));
#1681 = CARTESIAN_POINT('',(5.787475337922,2.491482484408));
#1682 = CARTESIAN_POINT('',(5.946154183787,2.497004745351));
#1683 = CARTESIAN_POINT('',(6.110933250166,2.5));
#1684 = CARTESIAN_POINT('',(6.28318530718,2.5));
#1685 = ( GEOMETRIC_REPRESENTATION_CONTEXT(2) 
PARAMETRIC_REPRESENTATION_CONTEXT() REPRESENTATION_CONTEXT('2D SPACE',''
  ) );
#1686 = PCURVE('',#1154,#1687);
#1687 = DEFINITIONAL_REPRESENTATION('',(#1688),#1739);
#1688 = B_SPLINE_CURVE_WITH_KNOTS('',7,(#1689,#1690,#1691,#1692,#1693,
    #1694,#1695,#1696,#1697,#1698,#1699,#1700,#1701,#1702,#1703,#1704,
    #1705,#1706,#1707,#1708,#1709,#1710,#1711,#1712,#1713,#1714,#1715,
    #1716,#1717,#1718,#1719,#1720,#1721,#1722,#1723,#1724,#1725,#1726,
    #1727,#1728,#1729,#1730,#1731,#1732,#1733,#1734,#1735,#1736,#1737,
    #1738),.UNSPECIFIED.,.T.,.F.,(8,6,6,6,6,6,6,6,8),(0.,0.127714437245,
    0.248389239324,0.369076718151,0.463574537753,0.582658269785,
    0.687380122871,0.840085446902,1.),.UNSPECIFIED.);
#1689 = CARTESIAN_POINT('',(3.14159265359,10.7));
#1690 = CARTESIAN_POINT('',(3.134604034603,10.7));
#1691 = CARTESIAN_POINT('',(3.127796964172,10.662608768426));
#1692 = CARTESIAN_POINT('',(3.121379489273,10.591320857291));
#1693 = CARTESIAN_POINT('',(3.115524813811,10.491020055991));
#1694 = CARTESIAN_POINT('',(3.110364671148,10.367893480256));
#1695 = CARTESIAN_POINT('',(3.105975887373,10.22929928589));
#1696 = CARTESIAN_POINT('',(3.098952860651,9.945972095908));
#1697 = CARTESIAN_POINT('',(3.096151827576,9.798633047818));
#1698 = CARTESIAN_POINT('',(3.093942064175,9.644632120133));
#1699 = CARTESIAN_POINT('',(3.092302578976,9.486197054399));
#1700 = CARTESIAN_POINT('',(3.091216082152,9.325040709477));
#1701 = CARTESIAN_POINT('',(3.09067244796,9.162554323248));
#1702 = CARTESIAN_POINT('',(3.09067244796,8.837428600608));
#1703 = CARTESIAN_POINT('',(3.091216195709,8.67493992277));
#1704 = CARTESIAN_POINT('',(3.092302745218,8.513795278985));
#1705 = CARTESIAN_POINT('',(3.09394206412,8.355379284064));
#1706 = CARTESIAN_POINT('',(3.096151473696,8.201392671085));
#1707 = CARTESIAN_POINT('',(3.098952292938,8.054050807096));
#1708 = CARTESIAN_POINT('',(3.105036875319,7.808582906068));
#1709 = CARTESIAN_POINT('',(3.10810239982,7.705971513335));
#1710 = CARTESIAN_POINT('',(3.111561687788,7.610903086663));
#1711 = CARTESIAN_POINT('',(3.115403342293,7.525739345805));
#1712 = CARTESIAN_POINT('',(3.119604617642,7.452845372307));
#1713 = CARTESIAN_POINT('',(3.124130912452,7.394598817083));
#1714 = CARTESIAN_POINT('',(3.134987738316,7.301501802322));
#1715 = CARTESIAN_POINT('',(3.141368770199,7.277646372895));
#1716 = CARTESIAN_POINT('',(3.14785623887,7.285685361848));
#1717 = CARTESIAN_POINT('',(3.154199515283,7.325964802967));
#1718 = CARTESIAN_POINT('',(3.160157624895,7.395475814215));
#1719 = CARTESIAN_POINT('',(3.165533550246,7.487957550549));
#1720 = CARTESIAN_POINT('',(3.174314170329,7.687183897815));
#1721 = CARTESIAN_POINT('',(3.177962505974,7.792772349414));
#1722 = CARTESIAN_POINT('',(3.181150326917,7.907866267216));
#1723 = CARTESIAN_POINT('',(3.18388596024,8.030206864179));
#1724 = CARTESIAN_POINT('',(3.186181449477,8.15797782869));
#1725 = CARTESIAN_POINT('',(3.188049195104,8.289694852522));
#1726 = CARTESIAN_POINT('',(3.191615852693,8.620201416167));
#1727 = CARTESIAN_POINT('',(3.192846913786,8.822219959263));
#1728 = CARTESIAN_POINT('',(3.193229307437,9.026923426196));
#1729 = CARTESIAN_POINT('',(3.192774766165,9.231804054362));
#1730 = CARTESIAN_POINT('',(3.191473468819,9.434351212766));
#1731 = CARTESIAN_POINT('',(3.18929864852,9.631512476858));
#1732 = CARTESIAN_POINT('',(3.182975313362,10.015300428838));
#1733 = CARTESIAN_POINT('',(3.178621908645,10.208061463946));
#1734 = CARTESIAN_POINT('',(3.173078350641,10.38454367603));
#1735 = CARTESIAN_POINT('',(3.16640001279,10.532648973347));
#1736 = CARTESIAN_POINT('',(3.158746856185,10.641153298896));
#1737 = CARTESIAN_POINT('',(3.150359973857,10.7));
#1738 = CARTESIAN_POINT('',(3.14159265359,10.7));
#1739 = ( GEOMETRIC_REPRESENTATION_CONTEXT(2) 
PARAMETRIC_REPRESENTATION_CONTEXT() REPRESENTATION_CONTEXT('2D SPACE',''
  ) );
#1740 = ORIENTED_EDGE('',*,*,#1556,.T.);
#1741 = ADVANCED_FACE('',(#1742),#835,.F.);
#1742 = FACE_BOUND('',#1743,.F.);
#1743 = EDGE_LOOP('',(#1744,#1745,#1768,#1930));
#1744 = ORIENTED_EDGE('',*,*,#725,.F.);
#1745 = ORIENTED_EDGE('',*,*,#1746,.F.);
#1746 = EDGE_CURVE('',#1747,#726,#1749,.T.);
#1747 = VERTEX_POINT('',#1748);
#1748 = CARTESIAN_POINT('',(-16.7,28.9252484864,415.3));
#1749 = SEAM_CURVE('',#1750,(#1754,#1761),.PCURVE_S1.);
#1750 = LINE('',#1751,#1752);
#1751 = CARTESIAN_POINT('',(-15.45,26.760184976939,415.3));
#1752 = VECTOR('',#1753,1.);
#1753 = DIRECTION('',(-0.5,0.866025403784,0.));
#1754 = PCURVE('',#835,#1755);
#1755 = DEFINITIONAL_REPRESENTATION('',(#1756),#1760);
#1756 = LINE('',#1757,#1758);
#1757 = CARTESIAN_POINT('',(6.28318530718,-0.));
#1758 = VECTOR('',#1759,1.);
#1759 = DIRECTION('',(0.,1.));
#1760 = ( GEOMETRIC_REPRESENTATION_CONTEXT(2) 
PARAMETRIC_REPRESENTATION_CONTEXT() REPRESENTATION_CONTEXT('2D SPACE',''
  ) );
#1761 = PCURVE('',#835,#1762);
#1762 = DEFINITIONAL_REPRESENTATION('',(#1763),#1767);
#1763 = LINE('',#1764,#1765);
#1764 = CARTESIAN_POINT('',(0.,-0.));
#1765 = VECTOR('',#1766,1.);
#1766 = DIRECTION('',(0.,1.));
#1767 = ( GEOMETRIC_REPRESENTATION_CONTEXT(2) 
PARAMETRIC_REPRESENTATION_CONTEXT() REPRESENTATION_CONTEXT('2D SPACE',''
  ) );
#1768 = ORIENTED_EDGE('',*,*,#1769,.T.);
#1769 = EDGE_CURVE('',#1747,#1747,#1770,.T.);
#1770 = SURFACE_CURVE('',#1771,(#1822,#1876),.PCURVE_S1.);
#1771 = B_SPLINE_CURVE_WITH_KNOTS('',7,(#1772,#1773,#1774,#1775,#1776,
    #1777,#1778,#1779,#1780,#1781,#1782,#1783,#1784,#1785,#1786,#1787,
    #1788,#1789,#1790,#1791,#1792,#1793,#1794,#1795,#1796,#1797,#1798,
    #1799,#1800,#1801,#1802,#1803,#1804,#1805,#1806,#1807,#1808,#1809,
    #1810,#1811,#1812,#1813,#1814,#1815,#1816,#1817,#1818,#1819,#1820,
    #1821),.UNSPECIFIED.,.T.,.F.,(8,6,6,6,6,6,6,6,8),(0.,0.142507094936,
    0.277159182461,0.445448594436,0.59197819992,0.687029532936,
    0.791592712485,0.892871911826,1.),.UNSPECIFIED.);
#1772 = CARTESIAN_POINT('',(-16.7,28.9252484864,415.3));
#1773 = CARTESIAN_POINT('',(-16.49785245792,29.041958424234,415.3));
#1774 = CARTESIAN_POINT('',(-16.30000469041,29.153988283565,
    415.26260876811));
#1775 = CARTESIAN_POINT('',(-16.11257951362,29.258008729555,
    415.19132085886));
#1776 = CARTESIAN_POINT('',(-15.94085521108,29.351561965531,
    415.09102005306));
#1777 = CARTESIAN_POINT('',(-15.78899110779,29.433063231009,
    414.96789348277));
#1778 = CARTESIAN_POINT('',(-15.6595043142,29.501770642615,
    414.82929928499));
#1779 = CARTESIAN_POINT('',(-15.45191816706,29.61099815895,
    414.5459720959));
#1780 = CARTESIAN_POINT('',(-15.36891418042,29.654160518948,
    414.39863304781));
#1781 = CARTESIAN_POINT('',(-15.30331377493,29.687983366739,
    414.24463212013));
#1782 = CARTESIAN_POINT('',(-15.25458749623,29.712968987193,
    414.0861970544));
#1783 = CARTESIAN_POINT('',(-15.22227750857,29.729490356168,
    413.92504070947));
#1784 = CARTESIAN_POINT('',(-15.20611104892,29.737756922267,
    413.76255432324));
#1785 = CARTESIAN_POINT('',(-15.20611104892,29.737756922267,
    413.39683811832));
#1786 = CARTESIAN_POINT('',(-15.23136258232,29.724844714502,
    413.19377161105));
#1787 = CARTESIAN_POINT('',(-15.28183107916,29.699038574212,
    412.99326170765));
#1788 = CARTESIAN_POINT('',(-15.35818519507,29.65982412139,
    412.79810971046));
#1789 = CARTESIAN_POINT('',(-15.46148688495,29.606323521488,
    412.61199729601));
#1790 = CARTESIAN_POINT('',(-15.59285551142,29.537361825183,
    412.44007147023));
#1791 = CARTESIAN_POINT('',(-15.89199892285,29.377360367708,
    412.15957124842));
#1792 = CARTESIAN_POINT('',(-16.0577525299,29.287716270252,
    412.04110167509));
#1793 = CARTESIAN_POINT('',(-16.24639887848,29.184156048489,
    411.94825270861));
#1794 = CARTESIAN_POINT('',(-16.45074396512,29.069767543904,
    411.8903533592));
#1795 = CARTESIAN_POINT('',(-16.66143999519,28.949168939138,
    411.87242248643));
#1796 = CARTESIAN_POINT('',(-16.86891520851,28.827965972662,
    411.89490753932));
#1797 = CARTESIAN_POINT('',(-17.19185747879,28.636024250622,
    411.99135731406));
#1798 = CARTESIAN_POINT('',(-17.3151235587,28.56187293986,
    412.04478467675));
#1799 = CARTESIAN_POINT('',(-17.43294531586,28.490155176121,
    412.11318518862));
#1800 = CARTESIAN_POINT('',(-17.54379955537,28.421929615922,
    412.19575701538));
#1801 = CARTESIAN_POINT('',(-17.64629740326,28.358224958382,
    412.29141420645));
#1802 = CARTESIAN_POINT('',(-17.73921371236,28.299995955771,
    412.39881113959));
#1803 = CARTESIAN_POINT('',(-17.91209500755,28.1909261595,
    412.64571240658));
#1804 = CARTESIAN_POINT('',(-17.98984673106,28.141399648662,
    412.78737510575));
#1805 = CARTESIAN_POINT('',(-18.05343614068,28.100571055435,
    412.93928737213));
#1806 = CARTESIAN_POINT('',(-18.10183789299,28.069322302885,
    413.0991098691));
#1807 = CARTESIAN_POINT('',(-18.13434750146,28.048276400191,
    413.26429321536));
#1808 = CARTESIAN_POINT('',(-18.15059742178,28.037756922267,
    413.43215721949));
#1809 = CARTESIAN_POINT('',(-18.15059742178,28.037756922267,
    413.76257139939));
#1810 = CARTESIAN_POINT('',(-18.13535195136,28.047626264522,
    413.92506007723));
#1811 = CARTESIAN_POINT('',(-18.10488755706,28.067347808763,
    414.08620472101));
#1812 = CARTESIAN_POINT('',(-18.05889088017,28.097050148838,
    414.24462071593));
#1813 = CARTESIAN_POINT('',(-17.99680916296,28.136943934019,
    414.39860732891));
#1814 = CARTESIAN_POINT('',(-17.91793359031,28.187242631844,
    414.5459491929));
#1815 = CARTESIAN_POINT('',(-17.7195701381,28.312388971685,
    414.82924292703));
#1816 = CARTESIAN_POINT('',(-17.59532334458,28.390175234586,
    414.96786869807));
#1817 = CARTESIAN_POINT('',(-17.44876840861,28.480968710019,
    415.09104391595));
#1818 = CARTESIAN_POINT('',(-17.28182806037,28.582945573342,
    415.19136849639));
#1819 = CARTESIAN_POINT('',(-17.09798867253,28.693273997811,
    415.26264249858));
#1820 = CARTESIAN_POINT('',(-16.90205634544,28.808591200965,415.3));
#1821 = CARTESIAN_POINT('',(-16.7,28.9252484864,415.3));
#1822 = PCURVE('',#835,#1823);
#1823 = DEFINITIONAL_REPRESENTATION('',(#1824),#1875);
#1824 = B_SPLINE_CURVE_WITH_KNOTS('',7,(#1825,#1826,#1827,#1828,#1829,
    #1830,#1831,#1832,#1833,#1834,#1835,#1836,#1837,#1838,#1839,#1840,
    #1841,#1842,#1843,#1844,#1845,#1846,#1847,#1848,#1849,#1850,#1851,
    #1852,#1853,#1854,#1855,#1856,#1857,#1858,#1859,#1860,#1861,#1862,
    #1863,#1864,#1865,#1866,#1867,#1868,#1869,#1870,#1871,#1872,#1873,
    #1874),.UNSPECIFIED.,.F.,.F.,(8,6,6,6,6,6,6,6,8),(0.,0.142507094936,
    0.277159182461,0.445448594436,0.59197819992,0.687029532936,
    0.791592712485,0.892871911826,1.),.UNSPECIFIED.);
#1825 = CARTESIAN_POINT('',(0.,2.5));
#1826 = CARTESIAN_POINT('',(0.137305809216,2.5));
#1827 = CARTESIAN_POINT('',(0.271044639435,2.498096820408));
#1828 = CARTESIAN_POINT('',(0.401346494013,2.494468580755));
#1829 = CARTESIAN_POINT('',(0.52803941219,2.489625908445));
#1830 = CARTESIAN_POINT('',(0.650685076177,2.484276023146));
#1831 = CARTESIAN_POINT('',(0.768430155968,2.479034990228));
#1832 = CARTESIAN_POINT('',(0.98473150311,2.469835720598));
#1833 = CARTESIAN_POINT('',(1.086557068433,2.465713427521));
#1834 = CARTESIAN_POINT('',(1.185894757113,2.462204670193));
#1835 = CARTESIAN_POINT('',(1.283369800216,2.459479712888));
#1836 = CARTESIAN_POINT('',(1.3795959844,2.457632644294));
#1837 = CARTESIAN_POINT('',(1.475176136648,2.456708470711));
#1838 = CARTESIAN_POINT('',(1.690303316018,2.456708470711));
#1839 = CARTESIAN_POINT('',(1.809753435507,2.458151937466));
#1840 = CARTESIAN_POINT('',(1.930491713998,2.461037412824));
#1841 = CARTESIAN_POINT('',(2.053631646026,2.465253758441));
#1842 = CARTESIAN_POINT('',(2.180410995102,2.470571724748));
#1843 = CARTESIAN_POINT('',(2.312069154993,2.476533457093));
#1844 = CARTESIAN_POINT('',(2.570923752766,2.487539835995));
#1845 = CARTESIAN_POINT('',(2.700722817098,2.492782573821));
#1846 = CARTESIAN_POINT('',(2.835901891915,2.497419965243));
#1847 = CARTESIAN_POINT('',(2.974329040864,2.500529157689));
#1848 = CARTESIAN_POINT('',(3.114356083421,2.501435717337));
#1849 = CARTESIAN_POINT('',(3.254545303772,2.500208476017));
#1850 = CARTESIAN_POINT('',(3.482681486789,2.495453203822));
#1851 = CARTESIAN_POINT('',(3.572443470928,2.492869324936));
#1852 = CARTESIAN_POINT('',(3.662197795461,2.489670798212));
#1853 = CARTESIAN_POINT('',(3.751954116004,2.48601284965));
#1854 = CARTESIAN_POINT('',(3.841717992013,2.482091921826));
#1855 = CARTESIAN_POINT('',(3.931483237432,2.478122280876));
#1856 = CARTESIAN_POINT('',(4.119975830866,2.470105714114));
#1857 = CARTESIAN_POINT('',(4.218716064436,2.466090359323));
#1858 = CARTESIAN_POINT('',(4.317445262625,2.462526465199));
#1859 = CARTESIAN_POINT('',(4.41617516845,2.459665127806));
#1860 = CARTESIAN_POINT('',(4.514914685161,2.457693645668));
#1861 = CARTESIAN_POINT('',(4.613657933031,2.456708470711));
#1862 = CARTESIAN_POINT('',(4.808019215321,2.456708470711));
#1863 = CARTESIAN_POINT('',(4.903600703976,2.457632836609));
#1864 = CARTESIAN_POINT('',(4.999820495726,2.459479997775));
#1865 = CARTESIAN_POINT('',(5.097284439817,2.462204640387));
#1866 = CARTESIAN_POINT('',(5.196612155129,2.465712813203));
#1867 = CARTESIAN_POINT('',(5.298436319159,2.469834976967));
#1868 = CARTESIAN_POINT('',(5.51471212568,2.479033160357));
#1869 = CARTESIAN_POINT('',(5.63247207529,2.484274643337));
#1870 = CARTESIAN_POINT('',(5.755155180526,2.489626631575));
#1871 = CARTESIAN_POINT('',(5.881886726743,2.494471011688));
#1872 = CARTESIAN_POINT('',(6.012211535917,2.498098536119));
#1873 = CARTESIAN_POINT('',(6.145941441962,2.5));
#1874 = CARTESIAN_POINT('',(6.28318530718,2.5));
#1875 = ( GEOMETRIC_REPRESENTATION_CONTEXT(2) 
PARAMETRIC_REPRESENTATION_CONTEXT() REPRESENTATION_CONTEXT('2D SPACE',''
  ) );
#1876 = PCURVE('',#1154,#1877);
#1877 = DEFINITIONAL_REPRESENTATION('',(#1878),#1929);
#1878 = B_SPLINE_CURVE_WITH_KNOTS('',7,(#1879,#1880,#1881,#1882,#1883,
    #1884,#1885,#1886,#1887,#1888,#1889,#1890,#1891,#1892,#1893,#1894,
    #1895,#1896,#1897,#1898,#1899,#1900,#1901,#1902,#1903,#1904,#1905,
    #1906,#1907,#1908,#1909,#1910,#1911,#1912,#1913,#1914,#1915,#1916,
    #1917,#1918,#1919,#1920,#1921,#1922,#1923,#1924,#1925,#1926,#1927,
    #1928),.UNSPECIFIED.,.T.,.F.,(8,6,6,6,6,6,6,6,8),(0.,0.142507094936,
    0.277159182461,0.445448594436,0.59197819992,0.687029532936,
    0.791592712485,0.892871911826,1.),.UNSPECIFIED.);
#1879 = CARTESIAN_POINT('',(2.094395102393,416.3));
#1880 = CARTESIAN_POINT('',(2.087406483361,416.3));
#1881 = CARTESIAN_POINT('',(2.080599413086,416.26260876811));
#1882 = CARTESIAN_POINT('',(2.074181937985,416.19132085886));
#1883 = CARTESIAN_POINT('',(2.06832726261,416.09102005306));
#1884 = CARTESIAN_POINT('',(2.063167119999,415.96789348277));
#1885 = CARTESIAN_POINT('',(2.058778336154,415.82929928499));
#1886 = CARTESIAN_POINT('',(2.051755309454,415.5459720959));
#1887 = CARTESIAN_POINT('',(2.048954276379,415.39863304781));
#1888 = CARTESIAN_POINT('',(2.046744512979,415.24463212013));
#1889 = CARTESIAN_POINT('',(2.04510502778,415.0861970544));
#1890 = CARTESIAN_POINT('',(2.044018530955,414.92504070947));
#1891 = CARTESIAN_POINT('',(2.043474896763,414.76255432324));
#1892 = CARTESIAN_POINT('',(2.043474896763,414.39683811832));
#1893 = CARTESIAN_POINT('',(2.044324038428,414.19377161105));
#1894 = CARTESIAN_POINT('',(2.046021150876,413.99326170765));
#1895 = CARTESIAN_POINT('',(2.048591070406,413.79810971046));
#1896 = CARTESIAN_POINT('',(2.052074073286,413.61199729601));
#1897 = CARTESIAN_POINT('',(2.056516132865,413.44007147023));
#1898 = CARTESIAN_POINT('',(2.06667317219,413.15957124842));
#1899 = CARTESIAN_POINT('',(2.072315080212,413.04110167509));
#1900 = CARTESIAN_POINT('',(2.078758076252,412.94825270861));
#1901 = CARTESIAN_POINT('',(2.085769028758,412.8903533592));
#1902 = CARTESIAN_POINT('',(2.093037093126,412.87242248643));
#1903 = CARTESIAN_POINT('',(2.100231005199,412.89490753932));
#1904 = CARTESIAN_POINT('',(2.111478824602,412.99135731406));
#1905 = CARTESIAN_POINT('',(2.115785662825,413.04478467675));
#1906 = CARTESIAN_POINT('',(2.119915293946,413.11318518862));
#1907 = CARTESIAN_POINT('',(2.12381242879,413.19575701538));
#1908 = CARTESIAN_POINT('',(2.127425614347,413.29141420645));
#1909 = CARTESIAN_POINT('',(2.13070866114,413.39881113959));
#1910 = CARTESIAN_POINT('',(2.136828773353,413.64571240658));
#1911 = CARTESIAN_POINT('',(2.139588798057,413.78737510575));
#1912 = CARTESIAN_POINT('',(2.141851310126,413.93928737213));
#1913 = CARTESIAN_POINT('',(2.143576235645,414.0991098691));
#1914 = CARTESIAN_POINT('',(2.144735737586,414.26429321536));
#1915 = CARTESIAN_POINT('',(2.145315308023,414.43215721949));
#1916 = CARTESIAN_POINT('',(2.145315308023,414.76257139939));
#1917 = CARTESIAN_POINT('',(2.144771560274,414.92506007723));
#1918 = CARTESIAN_POINT('',(2.143685010765,415.08620472101));
#1919 = CARTESIAN_POINT('',(2.142045691863,415.24462071593));
#1920 = CARTESIAN_POINT('',(2.139836282287,415.39860732891));
#1921 = CARTESIAN_POINT('',(2.137035463045,415.5459491929));
#1922 = CARTESIAN_POINT('',(2.130013265616,415.82924292703));
#1923 = CARTESIAN_POINT('',(2.125624437809,415.96786869807));
#1924 = CARTESIAN_POINT('',(2.120462849777,416.09104391595));
#1925 = CARTESIAN_POINT('',(2.114606114844,416.19136849639));
#1926 = CARTESIAN_POINT('',(2.108187185333,416.26264249858));
#1927 = CARTESIAN_POINT('',(2.101380568587,416.3));
#1928 = CARTESIAN_POINT('',(2.094395102393,416.3));
#1929 = ( GEOMETRIC_REPRESENTATION_CONTEXT(2) 
PARAMETRIC_REPRESENTATION_CONTEXT() REPRESENTATION_CONTEXT('2D SPACE',''
  ) );
#1930 = ORIENTED_EDGE('',*,*,#1746,.T.);
#1931 = ADVANCED_FACE('',(#1932),#1006,.F.);
#1932 = FACE_BOUND('',#1933,.F.);
#1933 = EDGE_LOOP('',(#1934,#1935,#1958,#2120));
#1934 = ORIENTED_EDGE('',*,*,#896,.F.);
#1935 = ORIENTED_EDGE('',*,*,#1936,.F.);
#1936 = EDGE_CURVE('',#1937,#897,#1939,.T.);
#1937 = VERTEX_POINT('',#1938);
#1938 = CARTESIAN_POINT('',(-16.7,-28.9252484864,415.3));
#1939 = SEAM_CURVE('',#1940,(#1944,#1951),.PCURVE_S1.);
#1940 = LINE('',#1941,#1942);
#1941 = CARTESIAN_POINT('',(-15.45,-26.76018497693,415.3));
#1942 = VECTOR('',#1943,1.);
#1943 = DIRECTION('',(-0.5,-0.866025403784,0.));
#1944 = PCURVE('',#1006,#1945);
#1945 = DEFINITIONAL_REPRESENTATION('',(#1946),#1950);
#1946 = LINE('',#1947,#1948);
#1947 = CARTESIAN_POINT('',(6.28318530718,-0.));
#1948 = VECTOR('',#1949,1.);
#1949 = DIRECTION('',(0.,1.));
#1950 = ( GEOMETRIC_REPRESENTATION_CONTEXT(2) 
PARAMETRIC_REPRESENTATION_CONTEXT() REPRESENTATION_CONTEXT('2D SPACE',''
  ) );
#1951 = PCURVE('',#1006,#1952);
#1952 = DEFINITIONAL_REPRESENTATION('',(#1953),#1957);
#1953 = LINE('',#1954,#1955);
#1954 = CARTESIAN_POINT('',(0.,-0.));
#1955 = VECTOR('',#1956,1.);
#1956 = DIRECTION('',(0.,1.));
#1957 = ( GEOMETRIC_REPRESENTATION_CONTEXT(2) 
PARAMETRIC_REPRESENTATION_CONTEXT() REPRESENTATION_CONTEXT('2D SPACE',''
  ) );
#1958 = ORIENTED_EDGE('',*,*,#1959,.T.);
#1959 = EDGE_CURVE('',#1937,#1937,#1960,.T.);
#1960 = SURFACE_CURVE('',#1961,(#2012,#2066),.PCURVE_S1.);
#1961 = B_SPLINE_CURVE_WITH_KNOTS('',7,(#1962,#1963,#1964,#1965,#1966,
    #1967,#1968,#1969,#1970,#1971,#1972,#1973,#1974,#1975,#1976,#1977,
    #1978,#1979,#1980,#1981,#1982,#1983,#1984,#1985,#1986,#1987,#1988,
    #1989,#1990,#1991,#1992,#1993,#1994,#1995,#1996,#1997,#1998,#1999,
    #2000,#2001,#2002,#2003,#2004,#2005,#2006,#2007,#2008,#2009,#2010,
    #2011),.UNSPECIFIED.,.T.,.F.,(8,6,6,6,6,6,6,6,8),(0.,0.142507095686,
    0.277159183092,0.445448594918,0.591978200273,0.687029533232,
    0.7915927127,0.892871911948,1.),.UNSPECIFIED.);
#1962 = CARTESIAN_POINT('',(-16.7,-28.9252484864,415.3));
#1963 = CARTESIAN_POINT('',(-16.90214754076,-28.80853854932,415.3));
#1964 = CARTESIAN_POINT('',(-17.09809213319,-28.69321228365,
    415.26260876842));
#1965 = CARTESIAN_POINT('',(-17.28188906445,-28.58290754556,
    415.19132085729));
#1966 = CARTESIAN_POINT('',(-17.4487706973,-28.48096655375,
    415.09102005599));
#1967 = CARTESIAN_POINT('',(-17.59528491668,-28.39019901411,
    414.96789348025));
#1968 = CARTESIAN_POINT('',(-17.71953067539,-28.31241386847,
    414.82929928588));
#1969 = CARTESIAN_POINT('',(-17.91791755353,-28.18725274935,
    414.5459720959));
#1970 = CARTESIAN_POINT('',(-17.9967992471,-28.1369503683,
    414.39863304781));
#1971 = CARTESIAN_POINT('',(-18.05889089525,-28.09705017454,
    414.24463212013));
#1972 = CARTESIAN_POINT('',(-18.10489221664,-28.06734478959,
    414.0861970544));
#1973 = CARTESIAN_POINT('',(-18.13535513571,-28.04762420396,
    413.92504070947));
#1974 = CARTESIAN_POINT('',(-18.15059742178,-28.03775692226,
    413.76255432325));
#1975 = CARTESIAN_POINT('',(-18.15059742178,-28.03775692226,
    413.39683811832));
#1976 = CARTESIAN_POINT('',(-18.12678935514,-28.05316928779,
    413.19377161105));
#1977 = CARTESIAN_POINT('',(-18.07920633365,-28.083973218,
    412.99326170765));
#1978 = CARTESIAN_POINT('',(-18.00706856336,-28.13049059565,
    412.79810971046));
#1979 = CARTESIAN_POINT('',(-17.90908483979,-28.19320218339,
    412.61199729601));
#1980 = CARTESIAN_POINT('',(-17.78367794566,-28.27248990302,
    412.44007147023));
#1981 = CARTESIAN_POINT('',(-17.49554091313,-28.45155496796,
    412.15957124842));
#1982 = CARTESIAN_POINT('',(-17.33503004391,-28.5502797537,
    412.04110167509));
#1983 = CARTESIAN_POINT('',(-17.15102108675,-28.66187217302,
    411.94825270861));
#1984 = CARTESIAN_POINT('',(-16.94978519256,-28.7816459569,
    411.8903533592));
#1985 = CARTESIAN_POINT('',(-16.73999572214,-28.90381476903,
    411.87242248643));
#1986 = CARTESIAN_POINT('',(-16.5312932675,-29.02289209119,
    411.89490753932));
#1987 = CARTESIAN_POINT('',(-16.20359572499,-29.2065974402,
    411.99135731407));
#1988 = CARTESIAN_POINT('',(-16.07774576626,-29.27627334141,
    412.04478467674));
#1989 = CARTESIAN_POINT('',(-15.95672548237,-29.34245109436,
    412.11318518859));
#1990 = CARTESIAN_POINT('',(-15.84221329424,-29.40434090183,
    412.19575701539));
#1991 = CARTESIAN_POINT('',(-15.73579451853,-29.46125431316,
    412.2914142065));
#1992 = CARTESIAN_POINT('',(-15.63890856854,-29.51260769593,
    412.39881113955));
#1993 = CARTESIAN_POINT('',(-15.45801070655,-29.60779239129,
    412.64571240659));
#1994 = CARTESIAN_POINT('',(-15.37624362827,-29.65036410361,
    412.78737510574));
#1995 = CARTESIAN_POINT('',(-15.30909032451,-29.68501985115,
    412.93928737211));
#1996 = CARTESIAN_POINT('',(-15.2578272348,-29.71131262196,
    413.09910986911));
#1997 = CARTESIAN_POINT('',(-15.2233461442,-29.72894381742,
    413.26429321538));
#1998 = CARTESIAN_POINT('',(-15.20611104892,-29.73775692226,
    413.43215721947));
#1999 = CARTESIAN_POINT('',(-15.20611104892,-29.73775692226,
    413.76257139939));
#2000 = CARTESIAN_POINT('',(-15.22228088524,-29.72948862871,
    413.92506007723));
#2001 = CARTESIAN_POINT('',(-15.25459244071,-29.71296646146,
    414.08620472101));
#2002 = CARTESIAN_POINT('',(-15.30331376021,-29.68798334082,
    414.24462071593));
#2003 = CARTESIAN_POINT('',(-15.36890365023,-29.6541658892,
    414.39860732891));
#2004 = CARTESIAN_POINT('',(-15.45190138665,-29.61100698845,
    414.5459491929));
#2005 = CARTESIAN_POINT('',(-15.65946302223,-29.50179236959,
    414.82924292699));
#2006 = CARTESIAN_POINT('',(-15.78895129874,-29.43308462151,
    414.96786869808));
#2007 = CARTESIAN_POINT('',(-15.94085822298,-29.35156106161,
    415.09104391598));
#2008 = CARTESIAN_POINT('',(-16.11264295134,-29.25797491077,
    415.1913684964));
#2009 = CARTESIAN_POINT('',(-16.30010986357,-29.15392954294,
    415.26264249857));
#2010 = CARTESIAN_POINT('',(-16.49794365452,-29.04190577185,415.3));
#2011 = CARTESIAN_POINT('',(-16.7,-28.9252484864,415.3));
#2012 = PCURVE('',#1006,#2013);
#2013 = DEFINITIONAL_REPRESENTATION('',(#2014),#2065);
#2014 = B_SPLINE_CURVE_WITH_KNOTS('',7,(#2015,#2016,#2017,#2018,#2019,
    #2020,#2021,#2022,#2023,#2024,#2025,#2026,#2027,#2028,#2029,#2030,
    #2031,#2032,#2033,#2034,#2035,#2036,#2037,#2038,#2039,#2040,#2041,
    #2042,#2043,#2044,#2045,#2046,#2047,#2048,#2049,#2050,#2051,#2052,
    #2053,#2054,#2055,#2056,#2057,#2058,#2059,#2060,#2061,#2062,#2063,
    #2064),.UNSPECIFIED.,.F.,.F.,(8,6,6,6,6,6,6,6,8),(0.,0.142507095686,
    0.277159183092,0.445448594918,0.591978200273,0.687029533232,
    0.7915927127,0.892871911948,1.),.UNSPECIFIED.);
#2015 = CARTESIAN_POINT('',(0.,2.5));
#2016 = CARTESIAN_POINT('',(0.137305808328,2.5));
#2017 = CARTESIAN_POINT('',(0.271044641496,2.498096820416));
#2018 = CARTESIAN_POINT('',(0.401346492649,2.494468580704));
#2019 = CARTESIAN_POINT('',(0.528039411362,2.489625908545));
#2020 = CARTESIAN_POINT('',(0.650685077773,2.484276023061));
#2021 = CARTESIAN_POINT('',(0.768430155284,2.479034990257));
#2022 = CARTESIAN_POINT('',(0.984731503111,2.469835720598));
#2023 = CARTESIAN_POINT('',(1.086557068433,2.465713427521));
#2024 = CARTESIAN_POINT('',(1.185894757113,2.462204670193));
#2025 = CARTESIAN_POINT('',(1.283369800216,2.459479712888));
#2026 = CARTESIAN_POINT('',(1.3795959844,2.457632644294));
#2027 = CARTESIAN_POINT('',(1.475176136648,2.456708470711));
#2028 = CARTESIAN_POINT('',(1.690303316018,2.456708470711));
#2029 = CARTESIAN_POINT('',(1.809753435507,2.458151937466));
#2030 = CARTESIAN_POINT('',(1.930491713997,2.461037412824));
#2031 = CARTESIAN_POINT('',(2.053631646027,2.465253758441));
#2032 = CARTESIAN_POINT('',(2.180410995102,2.470571724748));
#2033 = CARTESIAN_POINT('',(2.312069154993,2.476533457093));
#2034 = CARTESIAN_POINT('',(2.570923752766,2.487539835995));
#2035 = CARTESIAN_POINT('',(2.700722817099,2.492782573821));
#2036 = CARTESIAN_POINT('',(2.835901891913,2.497419965243));
#2037 = CARTESIAN_POINT('',(2.974329040865,2.500529157689));
#2038 = CARTESIAN_POINT('',(3.114356083421,2.501435717337));
#2039 = CARTESIAN_POINT('',(3.254545303772,2.500208476017));
#2040 = CARTESIAN_POINT('',(3.482681486815,2.495453203822));
#2041 = CARTESIAN_POINT('',(3.572443470904,2.492869324936));
#2042 = CARTESIAN_POINT('',(3.662197795438,2.489670798213));
#2043 = CARTESIAN_POINT('',(3.751954116024,2.48601284965));
#2044 = CARTESIAN_POINT('',(3.841717992043,2.482091921825));
#2045 = CARTESIAN_POINT('',(3.931483237404,2.478122280877));
#2046 = CARTESIAN_POINT('',(4.119975830877,2.470105714113));
#2047 = CARTESIAN_POINT('',(4.218716064425,2.466090359324));
#2048 = CARTESIAN_POINT('',(4.317445262615,2.462526465199));
#2049 = CARTESIAN_POINT('',(4.416175168459,2.459665127806));
#2050 = CARTESIAN_POINT('',(4.514914685174,2.457693645668));
#2051 = CARTESIAN_POINT('',(4.613657933018,2.456708470711));
#2052 = CARTESIAN_POINT('',(4.808019215321,2.456708470711));
#2053 = CARTESIAN_POINT('',(4.903600703976,2.457632836609));
#2054 = CARTESIAN_POINT('',(4.999820495725,2.459479997775));
#2055 = CARTESIAN_POINT('',(5.097284439818,2.462204640388));
#2056 = CARTESIAN_POINT('',(5.196612155128,2.465712813203));
#2057 = CARTESIAN_POINT('',(5.298436319159,2.469834976967));
#2058 = CARTESIAN_POINT('',(5.514712125655,2.479033160356));
#2059 = CARTESIAN_POINT('',(5.632472075291,2.484274643336));
#2060 = CARTESIAN_POINT('',(5.755155180544,2.489626631577));
#2061 = CARTESIAN_POINT('',(5.881886726761,2.494471011688));
#2062 = CARTESIAN_POINT('',(6.012211535914,2.498098536118));
#2063 = CARTESIAN_POINT('',(6.145941441939,2.5));
#2064 = CARTESIAN_POINT('',(6.28318530718,2.5));
#2065 = ( GEOMETRIC_REPRESENTATION_CONTEXT(2) 
PARAMETRIC_REPRESENTATION_CONTEXT() REPRESENTATION_CONTEXT('2D SPACE',''
  ) );
#2066 = PCURVE('',#1154,#2067);
#2067 = DEFINITIONAL_REPRESENTATION('',(#2068),#2119);
#2068 = B_SPLINE_CURVE_WITH_KNOTS('',7,(#2069,#2070,#2071,#2072,#2073,
    #2074,#2075,#2076,#2077,#2078,#2079,#2080,#2081,#2082,#2083,#2084,
    #2085,#2086,#2087,#2088,#2089,#2090,#2091,#2092,#2093,#2094,#2095,
    #2096,#2097,#2098,#2099,#2100,#2101,#2102,#2103,#2104,#2105,#2106,
    #2107,#2108,#2109,#2110,#2111,#2112,#2113,#2114,#2115,#2116,#2117,
    #2118),.UNSPECIFIED.,.T.,.F.,(8,6,6,6,6,6,6,6,8),(0.,0.142507095686,
    0.277159183092,0.445448594918,0.591978200273,0.687029533232,
    0.7915927127,0.892871911948,1.),.UNSPECIFIED.);
#2069 = CARTESIAN_POINT('',(4.188790204786,416.3));
#2070 = CARTESIAN_POINT('',(4.1818015858,416.3));
#2071 = CARTESIAN_POINT('',(4.174994515369,416.26260876842));
#2072 = CARTESIAN_POINT('',(4.16857704047,416.19132085729));
#2073 = CARTESIAN_POINT('',(4.162722365007,416.09102005599));
#2074 = CARTESIAN_POINT('',(4.157562222345,415.96789348025));
#2075 = CARTESIAN_POINT('',(4.153173438569,415.82929928588));
#2076 = CARTESIAN_POINT('',(4.146150411848,415.5459720959));
#2077 = CARTESIAN_POINT('',(4.143349378772,415.39863304781));
#2078 = CARTESIAN_POINT('',(4.141139615372,415.24463212013));
#2079 = CARTESIAN_POINT('',(4.139500130173,415.0861970544));
#2080 = CARTESIAN_POINT('',(4.138413633348,414.92504070947));
#2081 = CARTESIAN_POINT('',(4.137869999156,414.76255432325));
#2082 = CARTESIAN_POINT('',(4.137869999156,414.39683811832));
#2083 = CARTESIAN_POINT('',(4.138719140821,414.19377161105));
#2084 = CARTESIAN_POINT('',(4.140416253269,413.99326170765));
#2085 = CARTESIAN_POINT('',(4.142986172799,413.79810971046));
#2086 = CARTESIAN_POINT('',(4.14646917568,413.61199729601));
#2087 = CARTESIAN_POINT('',(4.150911235259,413.44007147023));
#2088 = CARTESIAN_POINT('',(4.161068274583,413.15957124842));
#2089 = CARTESIAN_POINT('',(4.166710182605,413.04110167509));
#2090 = CARTESIAN_POINT('',(4.173153178645,412.94825270861));
#2091 = CARTESIAN_POINT('',(4.180164131151,412.8903533592));
#2092 = CARTESIAN_POINT('',(4.187432195519,412.87242248643));
#2093 = CARTESIAN_POINT('',(4.194626107593,412.89490753932));
#2094 = CARTESIAN_POINT('',(4.205873926996,412.99135731407));
#2095 = CARTESIAN_POINT('',(4.210180765217,413.04478467674));
#2096 = CARTESIAN_POINT('',(4.214310396339,413.11318518859));
#2097 = CARTESIAN_POINT('',(4.218207531185,413.19575701539));
#2098 = CARTESIAN_POINT('',(4.221820716741,413.2914142065));
#2099 = CARTESIAN_POINT('',(4.225103763532,413.39881113955));
#2100 = CARTESIAN_POINT('',(4.231223875746,413.64571240659));
#2101 = CARTESIAN_POINT('',(4.23398390045,413.78737510574));
#2102 = CARTESIAN_POINT('',(4.236246412519,413.93928737211));
#2103 = CARTESIAN_POINT('',(4.237971338039,414.09910986911));
#2104 = CARTESIAN_POINT('',(4.23913083998,414.26429321538));
#2105 = CARTESIAN_POINT('',(4.239710410416,414.43215721947));
#2106 = CARTESIAN_POINT('',(4.239710410416,414.76257139939));
#2107 = CARTESIAN_POINT('',(4.239166662667,414.92506007723));
#2108 = CARTESIAN_POINT('',(4.238080113158,415.08620472101));
#2109 = CARTESIAN_POINT('',(4.236440794256,415.24462071593));
#2110 = CARTESIAN_POINT('',(4.23423138468,415.39860732891));
#2111 = CARTESIAN_POINT('',(4.231430565438,415.5459491929));
#2112 = CARTESIAN_POINT('',(4.22440836801,415.82924292699));
#2113 = CARTESIAN_POINT('',(4.220019540202,415.96786869808));
#2114 = CARTESIAN_POINT('',(4.21485795217,416.09104391598));
#2115 = CARTESIAN_POINT('',(4.209001217236,416.1913684964));
#2116 = CARTESIAN_POINT('',(4.202582287726,416.26264249857));
#2117 = CARTESIAN_POINT('',(4.195775670981,416.3));
#2118 = CARTESIAN_POINT('',(4.188790204786,416.3));
#2119 = ( GEOMETRIC_REPRESENTATION_CONTEXT(2) 
PARAMETRIC_REPRESENTATION_CONTEXT() REPRESENTATION_CONTEXT('2D SPACE',''
  ) );
#2120 = ORIENTED_EDGE('',*,*,#1936,.T.);
#2121 = ADVANCED_FACE('',(#2122,#2196,#2199,#2202),#1154,.F.);
#2122 = FACE_BOUND('',#2123,.F.);
#2123 = EDGE_LOOP('',(#2124,#2125,#2146,#2147,#2148,#2149,#2170,#2171,
    #2192,#2193,#2194,#2195));
#2124 = ORIENTED_EDGE('',*,*,#1092,.F.);
#2125 = ORIENTED_EDGE('',*,*,#2126,.T.);
#2126 = EDGE_CURVE('',#1070,#1529,#2127,.T.);
#2127 = SEAM_CURVE('',#2128,(#2132,#2139),.PCURVE_S1.);
#2128 = LINE('',#2129,#2130);
#2129 = CARTESIAN_POINT('',(33.4,-8.180640618304E-15,-1.));
#2130 = VECTOR('',#2131,1.);
#2131 = DIRECTION('',(0.,0.,1.));
#2132 = PCURVE('',#1154,#2133);
#2133 = DEFINITIONAL_REPRESENTATION('',(#2134),#2138);
#2134 = LINE('',#2135,#2136);
#2135 = CARTESIAN_POINT('',(0.,-0.));
#2136 = VECTOR('',#2137,1.);
#2137 = DIRECTION('',(0.,1.));
#2138 = ( GEOMETRIC_REPRESENTATION_CONTEXT(2) 
PARAMETRIC_REPRESENTATION_CONTEXT() REPRESENTATION_CONTEXT('2D SPACE',''
  ) );
#2139 = PCURVE('',#1154,#2140);
#2140 = DEFINITIONAL_REPRESENTATION('',(#2141),#2145);
#2141 = LINE('',#2142,#2143);
#2142 = CARTESIAN_POINT('',(6.28318530718,-0.));
#2143 = VECTOR('',#2144,1.);
#2144 = DIRECTION('',(0.,1.));
#2145 = ( GEOMETRIC_REPRESENTATION_CONTEXT(2) 
PARAMETRIC_REPRESENTATION_CONTEXT() REPRESENTATION_CONTEXT('2D SPACE',''
  ) );
#2146 = ORIENTED_EDGE('',*,*,#1528,.F.);
#2147 = ORIENTED_EDGE('',*,*,#2126,.F.);
#2148 = ORIENTED_EDGE('',*,*,#1189,.F.);
#2149 = ORIENTED_EDGE('',*,*,#2150,.F.);
#2150 = EDGE_CURVE('',#1286,#1093,#2151,.T.);
#2151 = SEAM_CURVE('',#2152,(#2156,#2163),.PCURVE_S1.);
#2152 = LINE('',#2153,#2154);
#2153 = CARTESIAN_POINT('',(33.4,-8.180640618304E-15,-1.));
#2154 = VECTOR('',#2155,1.);
#2155 = DIRECTION('',(0.,0.,1.));
#2156 = PCURVE('',#1154,#2157);
#2157 = DEFINITIONAL_REPRESENTATION('',(#2158),#2162);
#2158 = LINE('',#2159,#2160);
#2159 = CARTESIAN_POINT('',(6.28318530718,-0.));
#2160 = VECTOR('',#2161,1.);
#2161 = DIRECTION('',(0.,1.));
#2162 = ( GEOMETRIC_REPRESENTATION_CONTEXT(2) 
PARAMETRIC_REPRESENTATION_CONTEXT() REPRESENTATION_CONTEXT('2D SPACE',''
  ) );
#2163 = PCURVE('',#1154,#2164);
#2164 = DEFINITIONAL_REPRESENTATION('',(#2165),#2169);
#2165 = LINE('',#2166,#2167);
#2166 = CARTESIAN_POINT('',(0.,-0.));
#2167 = VECTOR('',#2168,1.);
#2168 = DIRECTION('',(0.,1.));
#2169 = ( GEOMETRIC_REPRESENTATION_CONTEXT(2) 
PARAMETRIC_REPRESENTATION_CONTEXT() REPRESENTATION_CONTEXT('2D SPACE',''
  ) );
#2170 = ORIENTED_EDGE('',*,*,#1400,.F.);
#2171 = ORIENTED_EDGE('',*,*,#2172,.F.);
#2172 = EDGE_CURVE('',#1499,#1309,#2173,.T.);
#2173 = SEAM_CURVE('',#2174,(#2178,#2185),.PCURVE_S1.);
#2174 = LINE('',#2175,#2176);
#2175 = CARTESIAN_POINT('',(33.4,-8.180640618304E-15,-1.));
#2176 = VECTOR('',#2177,1.);
#2177 = DIRECTION('',(0.,0.,1.));
#2178 = PCURVE('',#1154,#2179);
#2179 = DEFINITIONAL_REPRESENTATION('',(#2180),#2184);
#2180 = LINE('',#2181,#2182);
#2181 = CARTESIAN_POINT('',(6.28318530718,-0.));
#2182 = VECTOR('',#2183,1.);
#2183 = DIRECTION('',(0.,1.));
#2184 = ( GEOMETRIC_REPRESENTATION_CONTEXT(2) 
PARAMETRIC_REPRESENTATION_CONTEXT() REPRESENTATION_CONTEXT('2D SPACE',''
  ) );
#2185 = PCURVE('',#1154,#2186);
#2186 = DEFINITIONAL_REPRESENTATION('',(#2187),#2191);
#2187 = LINE('',#2188,#2189);
#2188 = CARTESIAN_POINT('',(0.,-0.));
#2189 = VECTOR('',#2190,1.);
#2190 = DIRECTION('',(0.,1.));
#2191 = ( GEOMETRIC_REPRESENTATION_CONTEXT(2) 
PARAMETRIC_REPRESENTATION_CONTEXT() REPRESENTATION_CONTEXT('2D SPACE',''
  ) );
#2192 = ORIENTED_EDGE('',*,*,#1498,.T.);
#2193 = ORIENTED_EDGE('',*,*,#2172,.T.);
#2194 = ORIENTED_EDGE('',*,*,#1308,.F.);
#2195 = ORIENTED_EDGE('',*,*,#2150,.T.);
#2196 = FACE_BOUND('',#2197,.F.);
#2197 = EDGE_LOOP('',(#2198));
#2198 = ORIENTED_EDGE('',*,*,#1579,.F.);
#2199 = FACE_BOUND('',#2200,.F.);
#2200 = EDGE_LOOP('',(#2201));
#2201 = ORIENTED_EDGE('',*,*,#1769,.F.);
#2202 = FACE_BOUND('',#2203,.F.);
#2203 = EDGE_LOOP('',(#2204));
#2204 = ORIENTED_EDGE('',*,*,#1959,.F.);
#2205 = ( GEOMETRIC_REPRESENTATION_CONTEXT(3) 
GLOBAL_UNCERTAINTY_ASSIGNED_CONTEXT((#2209)) 
GLOBAL_UNIT_ASSIGNED_CONTEXT((#2206,#2207,#2208)) REPRESENTATION_CONTEXT
('Context #1','3D Context with UNIT and UNCERTAINTY') );
#2206 = ( LENGTH_UNIT() NAMED_UNIT(*) SI_UNIT(.MILLI.,.METRE.) );
#2207 = ( NAMED_UNIT(*) PLANE_ANGLE_UNIT() SI_UNIT($,.RADIAN.) );
#2208 = ( NAMED_UNIT(*) SI_UNIT($,.STERADIAN.) SOLID_ANGLE_UNIT() );
#2209 = UNCERTAINTY_MEASURE_WITH_UNIT(LENGTH_MEASURE(1.E-07),#2206,
  'distance_accuracy_value','confusion accuracy');
#2210 = PRODUCT_RELATED_PRODUCT_CATEGORY('part',$,(#7));
ENDSEC;
END-ISO-10303-21;
