ISO-10303-21;
HEADER;
FILE_DESCRIPTION(('Open CASCADE Model'),'2;1');
FILE_NAME('Open CASCADE Shape Model','2026-08-14T00:02:55',('Author'),(
    'Open CASCADE'),'Open CASCADE STEP processor 7.9','Open CASCADE 7.9'
  ,'Unknown');
FILE_SCHEMA(('AUTOMOTIVE_DESIGN { 1 0 10303 214 1 1 1 1 }'));
ENDSEC;
DATA;
#1 = APPLICATION_PROTOCOL_DEFINITION('international standard',
  'automotive_design',2000,#2);
#2 = APPLICATION_CONTEXT(
  'core data for automotive mechanical design processes');
#3 = SHAPE_DEFINITION_REPRESENTATION(#4,#10);
#4 = PRODUCT_DEFINITION_SHAPE('','',#5);
#5 = PRODUCT_DEFINITION('design','',#6,#9);
#6 = PRODUCT_DEFINITION_FORMATION('','',#7);
#7 = PRODUCT('Open CASCADE STEP translator 7.9 8',
  'Open CASCADE STEP translator 7.9 8','',(#8));
#8 = PRODUCT_CONTEXT('',#2,'mechanical');
#9 = PRODUCT_DEFINITION_CONTEXT('part definition',#2,'design');
#10 = ADVANCED_BREP_SHAPE_REPRESENTATION('',(#11,#15),#3861);
#11 = AXIS2_PLACEMENT_3D('',#12,#13,#14);
#12 = CARTESIAN_POINT('',(0.,0.,0.));
#13 = DIRECTION('',(0.,0.,1.));
#14 = DIRECTION('',(1.,0.,-0.));
#15 = MANIFOLD_SOLID_BREP('',#16);
#16 = CLOSED_SHELL('',(#17,#1331,#1547,#1598,#1648,#1748,#1797,#1847,
    #1877,#1904,#1911,#1941,#2017,#2066,#2162,#2212,#2239,#2246,#2273,
    #2463,#2653,#2843,#3195,#3202,#3209,#3311,#3358,#3433,#3458,#3530,
    #3577,#3627,#3652,#3769,#3804,#3834));
#17 = ADVANCED_FACE('',(#18,#601,#818,#989,#1160),#55,.T.);
#18 = FACE_BOUND('',#19,.T.);
#19 = EDGE_LOOP('',(#20,#124,#147,#174,#175,#265,#288,#317,#343,#372,
    #398,#427,#450,#477,#478,#502,#528,#552,#578,#600));
#20 = ORIENTED_EDGE('',*,*,#21,.F.);
#21 = EDGE_CURVE('',#22,#24,#26,.T.);
#22 = VERTEX_POINT('',#23);
#23 = CARTESIAN_POINT('',(31.,-3.600461589493E-15,21.6));
#24 = VERTEX_POINT('',#25);
#25 = CARTESIAN_POINT('',(31.,-7.592810154714E-15,18.4));
#26 = SURFACE_CURVE('',#27,(#54,#89),.PCURVE_S1.);
#27 = B_SPLINE_CURVE_WITH_KNOTS('',7,(#28,#29,#30,#31,#32,#33,#34,#35,
    #36,#37,#38,#39,#40,#41,#42,#43,#44,#45,#46,#47,#48,#49,#50,#51,#52,
    #53),.UNSPECIFIED.,.F.,.F.,(8,6,6,6,8),(0.,0.257629408207,
    0.500073930268,0.742449574183,1.),.UNSPECIFIED.);
#28 = CARTESIAN_POINT('',(31.,-2.22044604925E-15,21.6));
#29 = CARTESIAN_POINT('',(31.,-0.219099362862,21.6));
#30 = CARTESIAN_POINT('',(30.998193358681,-0.432722669317,
    21.564996973897));
#31 = CARTESIAN_POINT('',(30.994742783863,-0.634327002332,
    21.498138425736));
#32 = CARTESIAN_POINT('',(30.990127132525,-0.818422291694,
    21.403909920696));
#33 = CARTESIAN_POINT('',(30.985017965797,-0.980816623436,
    21.288049097398));
#34 = CARTESIAN_POINT('',(30.980005259218,-1.119036059689,
    21.157420976823));
#35 = CARTESIAN_POINT('',(30.971214904991,-1.339899729474,
    20.890442662305));
#36 = CARTESIAN_POINT('',(30.967283694541,-1.427806126032,20.75190151816
    ));
#37 = CARTESIAN_POINT('',(30.963935069623,-1.497207137146,
    20.607046637142));
#38 = CARTESIAN_POINT('',(30.961330996596,-1.548747355427,
    20.457919033465));
#39 = CARTESIAN_POINT('',(30.959564920533,-1.582918858236,
    20.306129554488));
#40 = CARTESIAN_POINT('',(30.958682142494,-1.6,20.153054909831));
#41 = CARTESIAN_POINT('',(30.958682142494,-1.6,19.846988572852));
#42 = CARTESIAN_POINT('',(30.959564417335,-1.582928573848,
    19.693905997327));
#43 = CARTESIAN_POINT('',(30.961330563471,-1.548755806974,
    19.542087911412));
#44 = CARTESIAN_POINT('',(30.963935274611,-1.497204339721,
    19.392935779073));
#45 = CARTESIAN_POINT('',(30.967284374303,-1.427792078812,
    19.248072521562));
#46 = CARTESIAN_POINT('',(30.971215499408,-1.339884794336,
    19.109539284215));
#47 = CARTESIAN_POINT('',(30.980004525775,-1.11905448795,18.842601299117
    ));
#48 = CARTESIAN_POINT('',(30.985017315243,-0.980836974461,
    18.711963666559));
#49 = CARTESIAN_POINT('',(30.990127266411,-0.818425832825,
    18.596083583783));
#50 = CARTESIAN_POINT('',(30.994743727964,-0.634302440372,
    18.501843238214));
#51 = CARTESIAN_POINT('',(30.998194104198,-0.432674567652,
    18.434988597246));
#52 = CARTESIAN_POINT('',(31.,-0.219054211548,18.4));
#53 = CARTESIAN_POINT('',(31.,-1.7763568394E-15,18.4));
#54 = PCURVE('',#55,#60);
#55 = CYLINDRICAL_SURFACE('',#56,31.);
#56 = AXIS2_PLACEMENT_3D('',#57,#58,#59);
#57 = CARTESIAN_POINT('',(0.,0.,0.));
#58 = DIRECTION('',(0.,0.,1.));
#59 = DIRECTION('',(1.,0.,-0.));
#60 = DEFINITIONAL_REPRESENTATION('',(#61),#88);
#61 = B_SPLINE_CURVE_WITH_KNOTS('',7,(#62,#63,#64,#65,#66,#67,#68,#69,
    #70,#71,#72,#73,#74,#75,#76,#77,#78,#79,#80,#81,#82,#83,#84,#85,#86,
    #87),.UNSPECIFIED.,.F.,.F.,(8,6,6,6,8),(0.,0.257629408207,
    0.500073930268,0.742449574183,1.),.UNSPECIFIED.);
#62 = CARTESIAN_POINT('',(6.28318530718,21.6));
#63 = CARTESIAN_POINT('',(6.276117585797,21.6));
#64 = CARTESIAN_POINT('',(6.269226510605,21.564996973897));
#65 = CARTESIAN_POINT('',(6.262722572814,21.498138425736));
#66 = CARTESIAN_POINT('',(6.256782401477,21.403909920696));
#67 = CARTESIAN_POINT('',(6.251541379973,21.288049097398));
#68 = CARTESIAN_POINT('',(6.247079785762,21.157420976823));
#69 = CARTESIAN_POINT('',(6.239949510658,20.890442662305));
#70 = CARTESIAN_POINT('',(6.237111020517,20.75190151816));
#71 = CARTESIAN_POINT('',(6.234869686048,20.607046637142));
#72 = CARTESIAN_POINT('',(6.233204979008,20.457919033465));
#73 = CARTESIAN_POINT('',(6.232101201168,20.306129554488));
#74 = CARTESIAN_POINT('',(6.231549461242,20.153054909831));
#75 = CARTESIAN_POINT('',(6.231549461242,19.846988572852));
#76 = CARTESIAN_POINT('',(6.23210088734,19.693905997327));
#77 = CARTESIAN_POINT('',(6.233204706023,19.542087911412));
#78 = CARTESIAN_POINT('',(6.234869776507,19.392935779073));
#79 = CARTESIAN_POINT('',(6.237111474167,19.248072521562));
#80 = CARTESIAN_POINT('',(6.239949992818,19.109539284215));
#81 = CARTESIAN_POINT('',(6.247079190831,18.842601299117));
#82 = CARTESIAN_POINT('',(6.251540723157,18.711963666559));
#83 = CARTESIAN_POINT('',(6.256782287528,18.596083583783));
#84 = CARTESIAN_POINT('',(6.26272336551,18.501843238214));
#85 = CARTESIAN_POINT('',(6.269228062275,18.434988597246));
#86 = CARTESIAN_POINT('',(6.276119042291,18.4));
#87 = CARTESIAN_POINT('',(6.28318530718,18.4));
#88 = ( GEOMETRIC_REPRESENTATION_CONTEXT(2) 
PARAMETRIC_REPRESENTATION_CONTEXT() REPRESENTATION_CONTEXT('2D SPACE',''
  ) );
#89 = PCURVE('',#90,#95);
#90 = CYLINDRICAL_SURFACE('',#91,1.6);
#91 = AXIS2_PLACEMENT_3D('',#92,#93,#94);
#92 = CARTESIAN_POINT('',(-34.,0.,20.));
#93 = DIRECTION('',(1.,0.,0.));
#94 = DIRECTION('',(0.,0.,1.));
#95 = DEFINITIONAL_REPRESENTATION('',(#96),#123);
#96 = B_SPLINE_CURVE_WITH_KNOTS('',7,(#97,#98,#99,#100,#101,#102,#103,
    #104,#105,#106,#107,#108,#109,#110,#111,#112,#113,#114,#115,#116,
    #117,#118,#119,#120,#121,#122),.UNSPECIFIED.,.F.,.F.,(8,6,6,6,8),(0.
    ,0.257629408207,0.500073930268,0.742449574183,1.),.UNSPECIFIED.);
#97 = CARTESIAN_POINT('',(-1.7763568394E-15,65.));
#98 = CARTESIAN_POINT('',(0.136937101789,65.));
#99 = CARTESIAN_POINT('',(0.27045160068,64.998193358681));
#100 = CARTESIAN_POINT('',(0.400648581511,64.994742783863));
#101 = CARTESIAN_POINT('',(0.527347478765,64.990127132525));
#102 = CARTESIAN_POINT('',(0.650106603939,64.985017965797));
#103 = CARTESIAN_POINT('',(0.768078592837,64.980005259218));
#104 = CARTESIAN_POINT('',(0.984637423121,64.971214904991));
#105 = CARTESIAN_POINT('',(1.086375908246,64.967283694541));
#106 = CARTESIAN_POINT('',(1.185672206926,64.963935069623));
#107 = CARTESIAN_POINT('',(1.283166817834,64.961330996596));
#108 = CARTESIAN_POINT('',(1.379465451237,64.959564920533));
#109 = CARTESIAN_POINT('',(1.475137008151,64.958682142494));
#110 = CARTESIAN_POINT('',(1.666428468762,64.958682142494));
#111 = CARTESIAN_POINT('',(1.762104968631,64.959564417335));
#112 = CARTESIAN_POINT('',(1.858420314722,64.961330563471));
#113 = CARTESIAN_POINT('',(1.955930823214,64.963935274611));
#114 = CARTESIAN_POINT('',(2.055234843146,64.967284374303));
#115 = CARTESIAN_POINT('',(2.156969874506,64.971215499408));
#116 = CARTESIAN_POINT('',(2.373495991676,64.980004525775));
#117 = CARTESIAN_POINT('',(2.491471799501,64.985017315243));
#118 = CARTESIAN_POINT('',(2.614245767282,64.990127266411));
#119 = CARTESIAN_POINT('',(2.740961978974,64.994743727964));
#120 = CARTESIAN_POINT('',(2.871171124196,64.998194104198));
#121 = CARTESIAN_POINT('',(3.004683771372,65.));
#122 = CARTESIAN_POINT('',(3.14159265359,65.));
#123 = ( GEOMETRIC_REPRESENTATION_CONTEXT(2) 
PARAMETRIC_REPRESENTATION_CONTEXT() REPRESENTATION_CONTEXT('2D SPACE',''
  ) );
#124 = ORIENTED_EDGE('',*,*,#125,.T.);
#125 = EDGE_CURVE('',#22,#126,#128,.T.);
#126 = VERTEX_POINT('',#127);
#127 = CARTESIAN_POINT('',(31.,-7.592810154714E-15,40.));
#128 = SEAM_CURVE('',#129,(#133,#140),.PCURVE_S1.);
#129 = LINE('',#130,#131);
#130 = CARTESIAN_POINT('',(31.,-7.592810154714E-15,0.));
#131 = VECTOR('',#132,1.);
#132 = DIRECTION('',(0.,0.,1.));
#133 = PCURVE('',#55,#134);
#134 = DEFINITIONAL_REPRESENTATION('',(#135),#139);
#135 = LINE('',#136,#137);
#136 = CARTESIAN_POINT('',(0.,-0.));
#137 = VECTOR('',#138,1.);
#138 = DIRECTION('',(0.,1.));
#139 = ( GEOMETRIC_REPRESENTATION_CONTEXT(2) 
PARAMETRIC_REPRESENTATION_CONTEXT() REPRESENTATION_CONTEXT('2D SPACE',''
  ) );
#140 = PCURVE('',#55,#141);
#141 = DEFINITIONAL_REPRESENTATION('',(#142),#146);
#142 = LINE('',#143,#144);
#143 = CARTESIAN_POINT('',(6.28318530718,-0.));
#144 = VECTOR('',#145,1.);
#145 = DIRECTION('',(0.,1.));
#146 = ( GEOMETRIC_REPRESENTATION_CONTEXT(2) 
PARAMETRIC_REPRESENTATION_CONTEXT() REPRESENTATION_CONTEXT('2D SPACE',''
  ) );
#147 = ORIENTED_EDGE('',*,*,#148,.F.);
#148 = EDGE_CURVE('',#126,#126,#149,.T.);
#149 = SURFACE_CURVE('',#150,(#155,#162),.PCURVE_S1.);
#150 = CIRCLE('',#151,31.);
#151 = AXIS2_PLACEMENT_3D('',#152,#153,#154);
#152 = CARTESIAN_POINT('',(0.,0.,40.));
#153 = DIRECTION('',(0.,0.,1.));
#154 = DIRECTION('',(1.,0.,-0.));
#155 = PCURVE('',#55,#156);
#156 = DEFINITIONAL_REPRESENTATION('',(#157),#161);
#157 = LINE('',#158,#159);
#158 = CARTESIAN_POINT('',(0.,40.));
#159 = VECTOR('',#160,1.);
#160 = DIRECTION('',(1.,0.));
#161 = ( GEOMETRIC_REPRESENTATION_CONTEXT(2) 
PARAMETRIC_REPRESENTATION_CONTEXT() REPRESENTATION_CONTEXT('2D SPACE',''
  ) );
#162 = PCURVE('',#163,#168);
#163 = PLANE('',#164);
#164 = AXIS2_PLACEMENT_3D('',#165,#166,#167);
#165 = CARTESIAN_POINT('',(0.,0.,40.));
#166 = DIRECTION('',(0.,0.,1.));
#167 = DIRECTION('',(1.,0.,-0.));
#168 = DEFINITIONAL_REPRESENTATION('',(#169),#173);
#169 = CIRCLE('',#170,31.);
#170 = AXIS2_PLACEMENT_2D('',#171,#172);
#171 = CARTESIAN_POINT('',(0.,0.));
#172 = DIRECTION('',(1.,0.));
#173 = ( GEOMETRIC_REPRESENTATION_CONTEXT(2) 
PARAMETRIC_REPRESENTATION_CONTEXT() REPRESENTATION_CONTEXT('2D SPACE',''
  ) );
#174 = ORIENTED_EDGE('',*,*,#125,.F.);
#175 = ORIENTED_EDGE('',*,*,#176,.F.);
#176 = EDGE_CURVE('',#24,#22,#177,.T.);
#177 = SURFACE_CURVE('',#178,(#205,#235),.PCURVE_S1.);
#178 = B_SPLINE_CURVE_WITH_KNOTS('',7,(#179,#180,#181,#182,#183,#184,
    #185,#186,#187,#188,#189,#190,#191,#192,#193,#194,#195,#196,#197,
    #198,#199,#200,#201,#202,#203,#204),.UNSPECIFIED.,.F.,.F.,(8,6,6,6,8
    ),(0.,0.257633463892,0.500047992828,0.742462527892,1.),
  .UNSPECIFIED.);
#179 = CARTESIAN_POINT('',(31.,2.033656463349E-15,18.4));
#180 = CARTESIAN_POINT('',(31.,0.219099362862,18.4));
#181 = CARTESIAN_POINT('',(30.998193358681,0.432722669317,
    18.435003026103));
#182 = CARTESIAN_POINT('',(30.994742783863,0.634327002332,
    18.501861574263));
#183 = CARTESIAN_POINT('',(30.990127132525,0.818422291694,
    18.596090079305));
#184 = CARTESIAN_POINT('',(30.985017965797,0.980816623436,
    18.711950902602));
#185 = CARTESIAN_POINT('',(30.980005259218,1.119036059689,
    18.842579023177));
#186 = CARTESIAN_POINT('',(30.971215499293,1.33988479722,19.109539287701
    ));
#187 = CARTESIAN_POINT('',(30.967284374606,1.427792071264,
    19.248072513784));
#188 = CARTESIAN_POINT('',(30.963935274278,1.497204348093,
    19.392935782635));
#189 = CARTESIAN_POINT('',(30.96133056364,1.548755802544,19.542087918232
    ));
#190 = CARTESIAN_POINT('',(30.959564417303,1.582928574776,
    19.693905987849));
#191 = CARTESIAN_POINT('',(30.958682142494,1.6,19.84698857672));
#192 = CARTESIAN_POINT('',(30.958682142494,1.6,20.153011427147));
#193 = CARTESIAN_POINT('',(30.959564417335,1.582928573848,
    20.306094002673));
#194 = CARTESIAN_POINT('',(30.961330563471,1.548755806974,
    20.457912088587));
#195 = CARTESIAN_POINT('',(30.963935274611,1.497204339721,
    20.607064220928));
#196 = CARTESIAN_POINT('',(30.967284374303,1.427792078812,
    20.751927478438));
#197 = CARTESIAN_POINT('',(30.971215499408,1.339884794336,
    20.890460715785));
#198 = CARTESIAN_POINT('',(30.980003571655,1.119078460887,21.15736972258
    ));
#199 = CARTESIAN_POINT('',(30.985016691844,0.980857766625,
    21.288026566633));
#200 = CARTESIAN_POINT('',(30.99012780188,0.818419514147,21.403931636073
    ));
#201 = CARTESIAN_POINT('',(30.99474502528,0.634261580081,21.498181733136
    ));
#202 = CARTESIAN_POINT('',(30.998194938547,0.43261299844,21.56502760494)
  );
#203 = CARTESIAN_POINT('',(31.,0.219003479524,21.6));
#204 = CARTESIAN_POINT('',(31.,1.617028959384E-15,21.6));
#205 = PCURVE('',#55,#206);
#206 = DEFINITIONAL_REPRESENTATION('',(#207),#234);
#207 = B_SPLINE_CURVE_WITH_KNOTS('',7,(#208,#209,#210,#211,#212,#213,
    #214,#215,#216,#217,#218,#219,#220,#221,#222,#223,#224,#225,#226,
    #227,#228,#229,#230,#231,#232,#233),.UNSPECIFIED.,.F.,.F.,(8,6,6,6,8
    ),(0.,0.257633463892,0.500047992828,0.742462527892,1.),
  .UNSPECIFIED.);
#208 = CARTESIAN_POINT('',(0.,18.4));
#209 = CARTESIAN_POINT('',(7.06772138265E-03,18.4));
#210 = CARTESIAN_POINT('',(1.395879657434E-02,18.435003026103));
#211 = CARTESIAN_POINT('',(2.046273436554E-02,18.501861574263));
#212 = CARTESIAN_POINT('',(2.640290570255E-02,18.596090079305));
#213 = CARTESIAN_POINT('',(3.164392720655E-02,18.711950902602));
#214 = CARTESIAN_POINT('',(3.610552141761E-02,18.842579023177));
#215 = CARTESIAN_POINT('',(4.323531445454E-02,19.109539287701));
#216 = CARTESIAN_POINT('',(4.607383276845E-02,19.248072513784));
#217 = CARTESIAN_POINT('',(4.831553094237E-02,19.392935782635));
#218 = CARTESIAN_POINT('',(4.998060101364E-02,19.542087918232));
#219 = CARTESIAN_POINT('',(5.108441986997E-02,19.693905987849));
#220 = CARTESIAN_POINT('',(5.163584593717E-02,19.84698857672));
#221 = CARTESIAN_POINT('',(5.163584593717E-02,20.153011427147));
#222 = CARTESIAN_POINT('',(5.108441984004E-02,20.306094002673));
#223 = CARTESIAN_POINT('',(4.998060115666E-02,20.457912088587));
#224 = CARTESIAN_POINT('',(4.831553067208E-02,20.607064220928));
#225 = CARTESIAN_POINT('',(4.607383301213E-02,20.751927478438));
#226 = CARTESIAN_POINT('',(4.323531436144E-02,20.890460715785));
#227 = CARTESIAN_POINT('',(3.610689028106E-02,21.15736972258));
#228 = CARTESIAN_POINT('',(3.164525501098E-02,21.288026566633));
#229 = CARTESIAN_POINT('',(2.640281532282E-02,21.403931636073));
#230 = CARTESIAN_POINT('',(2.046062314936E-02,21.498181733136));
#231 = CARTESIAN_POINT('',(1.395525881188E-02,21.56502760494));
#232 = CARTESIAN_POINT('',(7.06462837174E-03,21.6));
#233 = CARTESIAN_POINT('',(0.,21.6));
#234 = ( GEOMETRIC_REPRESENTATION_CONTEXT(2) 
PARAMETRIC_REPRESENTATION_CONTEXT() REPRESENTATION_CONTEXT('2D SPACE',''
  ) );
#235 = PCURVE('',#90,#236);
#236 = DEFINITIONAL_REPRESENTATION('',(#237),#264);
#237 = B_SPLINE_CURVE_WITH_KNOTS('',7,(#238,#239,#240,#241,#242,#243,
    #244,#245,#246,#247,#248,#249,#250,#251,#252,#253,#254,#255,#256,
    #257,#258,#259,#260,#261,#262,#263),.UNSPECIFIED.,.F.,.F.,(8,6,6,6,8
    ),(0.,0.257633463892,0.500047992828,0.742462527892,1.),
  .UNSPECIFIED.);
#238 = CARTESIAN_POINT('',(3.14159265359,65.));
#239 = CARTESIAN_POINT('',(3.278529755379,65.));
#240 = CARTESIAN_POINT('',(3.41204425427,64.998193358681));
#241 = CARTESIAN_POINT('',(3.5422412351,64.994742783863));
#242 = CARTESIAN_POINT('',(3.668940132355,64.990127132525));
#243 = CARTESIAN_POINT('',(3.791699257529,64.985017965797));
#244 = CARTESIAN_POINT('',(3.909671246427,64.980005259218));
#245 = CARTESIAN_POINT('',(4.126215435501,64.971215499293));
#246 = CARTESIAN_POINT('',(4.22795045752,64.967284374606));
#247 = CARTESIAN_POINT('',(4.32725448806,64.963935274278));
#248 = CARTESIAN_POINT('',(4.42476499564,64.96133056364));
#249 = CARTESIAN_POINT('',(4.521080332901,64.959564417303));
#250 = CARTESIAN_POINT('',(4.616756840835,64.958682142494));
#251 = CARTESIAN_POINT('',(4.808021122352,64.958682142494));
#252 = CARTESIAN_POINT('',(4.903697622221,64.959564417335));
#253 = CARTESIAN_POINT('',(5.000012968311,64.961330563471));
#254 = CARTESIAN_POINT('',(5.097523476805,64.963935274611));
#255 = CARTESIAN_POINT('',(5.196827496735,64.967284374303));
#256 = CARTESIAN_POINT('',(5.298562528096,64.971215499408));
#257 = CARTESIAN_POINT('',(5.515065139584,64.980003571655));
#258 = CARTESIAN_POINT('',(5.633051475835,64.985016691844));
#259 = CARTESIAN_POINT('',(5.755846791451,64.99012780188));
#260 = CARTESIAN_POINT('',(5.882583053737,64.99474502528));
#261 = CARTESIAN_POINT('',(6.012802263323,64.998194938547));
#262 = CARTESIAN_POINT('',(6.146308132477,65.));
#263 = CARTESIAN_POINT('',(6.28318530718,65.));
#264 = ( GEOMETRIC_REPRESENTATION_CONTEXT(2) 
PARAMETRIC_REPRESENTATION_CONTEXT() REPRESENTATION_CONTEXT('2D SPACE',''
  ) );
#265 = ORIENTED_EDGE('',*,*,#266,.F.);
#266 = EDGE_CURVE('',#267,#24,#269,.T.);
#267 = VERTEX_POINT('',#268);
#268 = CARTESIAN_POINT('',(31.,-7.592810154714E-15,7.));
#269 = SEAM_CURVE('',#270,(#274,#281),.PCURVE_S1.);
#270 = LINE('',#271,#272);
#271 = CARTESIAN_POINT('',(31.,-7.592810154714E-15,0.));
#272 = VECTOR('',#273,1.);
#273 = DIRECTION('',(0.,0.,1.));
#274 = PCURVE('',#55,#275);
#275 = DEFINITIONAL_REPRESENTATION('',(#276),#280);
#276 = LINE('',#277,#278);
#277 = CARTESIAN_POINT('',(6.28318530718,-0.));
#278 = VECTOR('',#279,1.);
#279 = DIRECTION('',(0.,1.));
#280 = ( GEOMETRIC_REPRESENTATION_CONTEXT(2) 
PARAMETRIC_REPRESENTATION_CONTEXT() REPRESENTATION_CONTEXT('2D SPACE',''
  ) );
#281 = PCURVE('',#55,#282);
#282 = DEFINITIONAL_REPRESENTATION('',(#283),#287);
#283 = LINE('',#284,#285);
#284 = CARTESIAN_POINT('',(0.,-0.));
#285 = VECTOR('',#286,1.);
#286 = DIRECTION('',(0.,1.));
#287 = ( GEOMETRIC_REPRESENTATION_CONTEXT(2) 
PARAMETRIC_REPRESENTATION_CONTEXT() REPRESENTATION_CONTEXT('2D SPACE',''
  ) );
#288 = ORIENTED_EDGE('',*,*,#289,.T.);
#289 = EDGE_CURVE('',#267,#290,#292,.T.);
#290 = VERTEX_POINT('',#291);
#291 = CARTESIAN_POINT('',(30.9965,0.465819439268,7.));
#292 = SURFACE_CURVE('',#293,(#298,#305),.PCURVE_S1.);
#293 = CIRCLE('',#294,31.);
#294 = AXIS2_PLACEMENT_3D('',#295,#296,#297);
#295 = CARTESIAN_POINT('',(0.,0.,7.));
#296 = DIRECTION('',(0.,0.,1.));
#297 = DIRECTION('',(1.,0.,-0.));
#298 = PCURVE('',#55,#299);
#299 = DEFINITIONAL_REPRESENTATION('',(#300),#304);
#300 = LINE('',#301,#302);
#301 = CARTESIAN_POINT('',(0.,7.));
#302 = VECTOR('',#303,1.);
#303 = DIRECTION('',(1.,0.));
#304 = ( GEOMETRIC_REPRESENTATION_CONTEXT(2) 
PARAMETRIC_REPRESENTATION_CONTEXT() REPRESENTATION_CONTEXT('2D SPACE',''
  ) );
#305 = PCURVE('',#306,#311);
#306 = PLANE('',#307);
#307 = AXIS2_PLACEMENT_3D('',#308,#309,#310);
#308 = CARTESIAN_POINT('',(30.,0.,7.));
#309 = DIRECTION('',(0.,0.,1.));
#310 = DIRECTION('',(1.,0.,0.));
#311 = DEFINITIONAL_REPRESENTATION('',(#312),#316);
#312 = CIRCLE('',#313,31.);
#313 = AXIS2_PLACEMENT_2D('',#314,#315);
#314 = CARTESIAN_POINT('',(-30.,0.));
#315 = DIRECTION('',(1.,0.));
#316 = ( GEOMETRIC_REPRESENTATION_CONTEXT(2) 
PARAMETRIC_REPRESENTATION_CONTEXT() REPRESENTATION_CONTEXT('2D SPACE',''
  ) );
#317 = ORIENTED_EDGE('',*,*,#318,.T.);
#318 = EDGE_CURVE('',#290,#319,#321,.T.);
#319 = VERTEX_POINT('',#320);
#320 = CARTESIAN_POINT('',(30.9965,0.465819439268,16.));
#321 = SURFACE_CURVE('',#322,(#326,#332),.PCURVE_S1.);
#322 = LINE('',#323,#324);
#323 = CARTESIAN_POINT('',(30.9965,0.465819439268,0.));
#324 = VECTOR('',#325,1.);
#325 = DIRECTION('',(0.,0.,1.));
#326 = PCURVE('',#55,#327);
#327 = DEFINITIONAL_REPRESENTATION('',(#328),#331);
#328 = B_SPLINE_CURVE_WITH_KNOTS('',1,(#329,#330),.UNSPECIFIED.,.F.,.F.,
  (2,2),(6.9999994,16.0000006),.PIECEWISE_BEZIER_KNOTS.);
#329 = CARTESIAN_POINT('',(1.502699906126E-02,6.9999994));
#330 = CARTESIAN_POINT('',(1.502699906126E-02,16.0000006));
#331 = ( GEOMETRIC_REPRESENTATION_CONTEXT(2) 
PARAMETRIC_REPRESENTATION_CONTEXT() REPRESENTATION_CONTEXT('2D SPACE',''
  ) );
#332 = PCURVE('',#333,#338);
#333 = CYLINDRICAL_SURFACE('',#334,1.1);
#334 = AXIS2_PLACEMENT_3D('',#335,#336,#337);
#335 = CARTESIAN_POINT('',(30.,0.,7.));
#336 = DIRECTION('',(0.,0.,1.));
#337 = DIRECTION('',(1.,0.,0.));
#338 = DEFINITIONAL_REPRESENTATION('',(#339),#342);
#339 = B_SPLINE_CURVE_WITH_KNOTS('',1,(#340,#341),.UNSPECIFIED.,.F.,.F.,
  (2,2),(6.9999994,16.0000006),.PIECEWISE_BEZIER_KNOTS.);
#340 = CARTESIAN_POINT('',(0.437274756172,-5.999999999062E-07));
#341 = CARTESIAN_POINT('',(0.437274756172,9.0000006));
#342 = ( GEOMETRIC_REPRESENTATION_CONTEXT(2) 
PARAMETRIC_REPRESENTATION_CONTEXT() REPRESENTATION_CONTEXT('2D SPACE',''
  ) );
#343 = ORIENTED_EDGE('',*,*,#344,.T.);
#344 = EDGE_CURVE('',#319,#345,#347,.T.);
#345 = VERTEX_POINT('',#346);
#346 = CARTESIAN_POINT('',(30.854497241083,3.,16.));
#347 = SURFACE_CURVE('',#348,(#353,#360),.PCURVE_S1.);
#348 = CIRCLE('',#349,31.);
#349 = AXIS2_PLACEMENT_3D('',#350,#351,#352);
#350 = CARTESIAN_POINT('',(0.,0.,16.));
#351 = DIRECTION('',(0.,0.,1.));
#352 = DIRECTION('',(1.,0.,-0.));
#353 = PCURVE('',#55,#354);
#354 = DEFINITIONAL_REPRESENTATION('',(#355),#359);
#355 = LINE('',#356,#357);
#356 = CARTESIAN_POINT('',(0.,16.));
#357 = VECTOR('',#358,1.);
#358 = DIRECTION('',(1.,0.));
#359 = ( GEOMETRIC_REPRESENTATION_CONTEXT(2) 
PARAMETRIC_REPRESENTATION_CONTEXT() REPRESENTATION_CONTEXT('2D SPACE',''
  ) );
#360 = PCURVE('',#361,#366);
#361 = PLANE('',#362);
#362 = AXIS2_PLACEMENT_3D('',#363,#364,#365);
#363 = CARTESIAN_POINT('',(26.,-3.,16.));
#364 = DIRECTION('',(0.,0.,1.));
#365 = DIRECTION('',(1.,0.,0.));
#366 = DEFINITIONAL_REPRESENTATION('',(#367),#371);
#367 = CIRCLE('',#368,31.);
#368 = AXIS2_PLACEMENT_2D('',#369,#370);
#369 = CARTESIAN_POINT('',(-26.,3.));
#370 = DIRECTION('',(1.,0.));
#371 = ( GEOMETRIC_REPRESENTATION_CONTEXT(2) 
PARAMETRIC_REPRESENTATION_CONTEXT() REPRESENTATION_CONTEXT('2D SPACE',''
  ) );
#372 = ORIENTED_EDGE('',*,*,#373,.F.);
#373 = EDGE_CURVE('',#374,#345,#376,.T.);
#374 = VERTEX_POINT('',#375);
#375 = CARTESIAN_POINT('',(30.854497241083,3.,6.));
#376 = SURFACE_CURVE('',#377,(#381,#387),.PCURVE_S1.);
#377 = LINE('',#378,#379);
#378 = CARTESIAN_POINT('',(30.854497241083,3.,0.));
#379 = VECTOR('',#380,1.);
#380 = DIRECTION('',(0.,0.,1.));
#381 = PCURVE('',#55,#382);
#382 = DEFINITIONAL_REPRESENTATION('',(#383),#386);
#383 = B_SPLINE_CURVE_WITH_KNOTS('',1,(#384,#385),.UNSPECIFIED.,.F.,.F.,
  (2,2),(5.,17.),.PIECEWISE_BEZIER_KNOTS.);
#384 = CARTESIAN_POINT('',(9.692588604001E-02,5.));
#385 = CARTESIAN_POINT('',(9.692588604001E-02,17.));
#386 = ( GEOMETRIC_REPRESENTATION_CONTEXT(2) 
PARAMETRIC_REPRESENTATION_CONTEXT() REPRESENTATION_CONTEXT('2D SPACE',''
  ) );
#387 = PCURVE('',#388,#393);
#388 = PLANE('',#389);
#389 = AXIS2_PLACEMENT_3D('',#390,#391,#392);
#390 = CARTESIAN_POINT('',(26.,3.,6.));
#391 = DIRECTION('',(0.,1.,0.));
#392 = DIRECTION('',(0.,0.,1.));
#393 = DEFINITIONAL_REPRESENTATION('',(#394),#397);
#394 = B_SPLINE_CURVE_WITH_KNOTS('',1,(#395,#396),.UNSPECIFIED.,.F.,.F.,
  (2,2),(5.,17.),.PIECEWISE_BEZIER_KNOTS.);
#395 = CARTESIAN_POINT('',(-1.,4.854497241083));
#396 = CARTESIAN_POINT('',(11.,4.854497241083));
#397 = ( GEOMETRIC_REPRESENTATION_CONTEXT(2) 
PARAMETRIC_REPRESENTATION_CONTEXT() REPRESENTATION_CONTEXT('2D SPACE',''
  ) );
#398 = ORIENTED_EDGE('',*,*,#399,.F.);
#399 = EDGE_CURVE('',#400,#374,#402,.T.);
#400 = VERTEX_POINT('',#401);
#401 = CARTESIAN_POINT('',(31.,-7.592810154714E-15,6.));
#402 = SURFACE_CURVE('',#403,(#408,#415),.PCURVE_S1.);
#403 = CIRCLE('',#404,31.);
#404 = AXIS2_PLACEMENT_3D('',#405,#406,#407);
#405 = CARTESIAN_POINT('',(0.,0.,6.));
#406 = DIRECTION('',(0.,0.,1.));
#407 = DIRECTION('',(1.,0.,-0.));
#408 = PCURVE('',#55,#409);
#409 = DEFINITIONAL_REPRESENTATION('',(#410),#414);
#410 = LINE('',#411,#412);
#411 = CARTESIAN_POINT('',(0.,6.));
#412 = VECTOR('',#413,1.);
#413 = DIRECTION('',(1.,0.));
#414 = ( GEOMETRIC_REPRESENTATION_CONTEXT(2) 
PARAMETRIC_REPRESENTATION_CONTEXT() REPRESENTATION_CONTEXT('2D SPACE',''
  ) );
#415 = PCURVE('',#416,#421);
#416 = PLANE('',#417);
#417 = AXIS2_PLACEMENT_3D('',#418,#419,#420);
#418 = CARTESIAN_POINT('',(26.,-3.,6.));
#419 = DIRECTION('',(0.,0.,1.));
#420 = DIRECTION('',(1.,0.,0.));
#421 = DEFINITIONAL_REPRESENTATION('',(#422),#426);
#422 = CIRCLE('',#423,31.);
#423 = AXIS2_PLACEMENT_2D('',#424,#425);
#424 = CARTESIAN_POINT('',(-26.,3.));
#425 = DIRECTION('',(1.,0.));
#426 = ( GEOMETRIC_REPRESENTATION_CONTEXT(2) 
PARAMETRIC_REPRESENTATION_CONTEXT() REPRESENTATION_CONTEXT('2D SPACE',''
  ) );
#427 = ORIENTED_EDGE('',*,*,#428,.F.);
#428 = EDGE_CURVE('',#429,#400,#431,.T.);
#429 = VERTEX_POINT('',#430);
#430 = CARTESIAN_POINT('',(31.,-7.592810154714E-15,0.));
#431 = SEAM_CURVE('',#432,(#436,#443),.PCURVE_S1.);
#432 = LINE('',#433,#434);
#433 = CARTESIAN_POINT('',(31.,-7.592810154714E-15,0.));
#434 = VECTOR('',#435,1.);
#435 = DIRECTION('',(0.,0.,1.));
#436 = PCURVE('',#55,#437);
#437 = DEFINITIONAL_REPRESENTATION('',(#438),#442);
#438 = LINE('',#439,#440);
#439 = CARTESIAN_POINT('',(6.28318530718,-0.));
#440 = VECTOR('',#441,1.);
#441 = DIRECTION('',(0.,1.));
#442 = ( GEOMETRIC_REPRESENTATION_CONTEXT(2) 
PARAMETRIC_REPRESENTATION_CONTEXT() REPRESENTATION_CONTEXT('2D SPACE',''
  ) );
#443 = PCURVE('',#55,#444);
#444 = DEFINITIONAL_REPRESENTATION('',(#445),#449);
#445 = LINE('',#446,#447);
#446 = CARTESIAN_POINT('',(0.,-0.));
#447 = VECTOR('',#448,1.);
#448 = DIRECTION('',(0.,1.));
#449 = ( GEOMETRIC_REPRESENTATION_CONTEXT(2) 
PARAMETRIC_REPRESENTATION_CONTEXT() REPRESENTATION_CONTEXT('2D SPACE',''
  ) );
#450 = ORIENTED_EDGE('',*,*,#451,.T.);
#451 = EDGE_CURVE('',#429,#429,#452,.T.);
#452 = SURFACE_CURVE('',#453,(#458,#465),.PCURVE_S1.);
#453 = CIRCLE('',#454,31.);
#454 = AXIS2_PLACEMENT_3D('',#455,#456,#457);
#455 = CARTESIAN_POINT('',(0.,0.,0.));
#456 = DIRECTION('',(0.,0.,1.));
#457 = DIRECTION('',(1.,0.,-0.));
#458 = PCURVE('',#55,#459);
#459 = DEFINITIONAL_REPRESENTATION('',(#460),#464);
#460 = LINE('',#461,#462);
#461 = CARTESIAN_POINT('',(0.,0.));
#462 = VECTOR('',#463,1.);
#463 = DIRECTION('',(1.,0.));
#464 = ( GEOMETRIC_REPRESENTATION_CONTEXT(2) 
PARAMETRIC_REPRESENTATION_CONTEXT() REPRESENTATION_CONTEXT('2D SPACE',''
  ) );
#465 = PCURVE('',#466,#471);
#466 = PLANE('',#467);
#467 = AXIS2_PLACEMENT_3D('',#468,#469,#470);
#468 = CARTESIAN_POINT('',(0.,0.,0.));
#469 = DIRECTION('',(0.,0.,1.));
#470 = DIRECTION('',(1.,0.,-0.));
#471 = DEFINITIONAL_REPRESENTATION('',(#472),#476);
#472 = CIRCLE('',#473,31.);
#473 = AXIS2_PLACEMENT_2D('',#474,#475);
#474 = CARTESIAN_POINT('',(0.,0.));
#475 = DIRECTION('',(1.,0.));
#476 = ( GEOMETRIC_REPRESENTATION_CONTEXT(2) 
PARAMETRIC_REPRESENTATION_CONTEXT() REPRESENTATION_CONTEXT('2D SPACE',''
  ) );
#477 = ORIENTED_EDGE('',*,*,#428,.T.);
#478 = ORIENTED_EDGE('',*,*,#479,.F.);
#479 = EDGE_CURVE('',#480,#400,#482,.T.);
#480 = VERTEX_POINT('',#481);
#481 = CARTESIAN_POINT('',(30.854497241083,-3.,6.));
#482 = SURFACE_CURVE('',#483,(#488,#495),.PCURVE_S1.);
#483 = CIRCLE('',#484,31.);
#484 = AXIS2_PLACEMENT_3D('',#485,#486,#487);
#485 = CARTESIAN_POINT('',(0.,0.,6.));
#486 = DIRECTION('',(0.,0.,1.));
#487 = DIRECTION('',(1.,0.,-0.));
#488 = PCURVE('',#55,#489);
#489 = DEFINITIONAL_REPRESENTATION('',(#490),#494);
#490 = LINE('',#491,#492);
#491 = CARTESIAN_POINT('',(0.,6.));
#492 = VECTOR('',#493,1.);
#493 = DIRECTION('',(1.,0.));
#494 = ( GEOMETRIC_REPRESENTATION_CONTEXT(2) 
PARAMETRIC_REPRESENTATION_CONTEXT() REPRESENTATION_CONTEXT('2D SPACE',''
  ) );
#495 = PCURVE('',#416,#496);
#496 = DEFINITIONAL_REPRESENTATION('',(#497),#501);
#497 = CIRCLE('',#498,31.);
#498 = AXIS2_PLACEMENT_2D('',#499,#500);
#499 = CARTESIAN_POINT('',(-26.,3.));
#500 = DIRECTION('',(1.,0.));
#501 = ( GEOMETRIC_REPRESENTATION_CONTEXT(2) 
PARAMETRIC_REPRESENTATION_CONTEXT() REPRESENTATION_CONTEXT('2D SPACE',''
  ) );
#502 = ORIENTED_EDGE('',*,*,#503,.T.);
#503 = EDGE_CURVE('',#480,#504,#506,.T.);
#504 = VERTEX_POINT('',#505);
#505 = CARTESIAN_POINT('',(30.854497241083,-3.,16.));
#506 = SURFACE_CURVE('',#507,(#511,#517),.PCURVE_S1.);
#507 = LINE('',#508,#509);
#508 = CARTESIAN_POINT('',(30.854497241083,-3.,0.));
#509 = VECTOR('',#510,1.);
#510 = DIRECTION('',(0.,0.,1.));
#511 = PCURVE('',#55,#512);
#512 = DEFINITIONAL_REPRESENTATION('',(#513),#516);
#513 = B_SPLINE_CURVE_WITH_KNOTS('',1,(#514,#515),.UNSPECIFIED.,.F.,.F.,
  (2,2),(5.,17.),.PIECEWISE_BEZIER_KNOTS.);
#514 = CARTESIAN_POINT('',(6.18625942114,5.));
#515 = CARTESIAN_POINT('',(6.18625942114,17.));
#516 = ( GEOMETRIC_REPRESENTATION_CONTEXT(2) 
PARAMETRIC_REPRESENTATION_CONTEXT() REPRESENTATION_CONTEXT('2D SPACE',''
  ) );
#517 = PCURVE('',#518,#523);
#518 = PLANE('',#519);
#519 = AXIS2_PLACEMENT_3D('',#520,#521,#522);
#520 = CARTESIAN_POINT('',(26.,-3.,6.));
#521 = DIRECTION('',(0.,1.,0.));
#522 = DIRECTION('',(0.,0.,1.));
#523 = DEFINITIONAL_REPRESENTATION('',(#524),#527);
#524 = B_SPLINE_CURVE_WITH_KNOTS('',1,(#525,#526),.UNSPECIFIED.,.F.,.F.,
  (2,2),(5.,17.),.PIECEWISE_BEZIER_KNOTS.);
#525 = CARTESIAN_POINT('',(-1.,4.854497241083));
#526 = CARTESIAN_POINT('',(11.,4.854497241083));
#527 = ( GEOMETRIC_REPRESENTATION_CONTEXT(2) 
PARAMETRIC_REPRESENTATION_CONTEXT() REPRESENTATION_CONTEXT('2D SPACE',''
  ) );
#528 = ORIENTED_EDGE('',*,*,#529,.T.);
#529 = EDGE_CURVE('',#504,#530,#532,.T.);
#530 = VERTEX_POINT('',#531);
#531 = CARTESIAN_POINT('',(30.9965,-0.465819439268,16.));
#532 = SURFACE_CURVE('',#533,(#538,#545),.PCURVE_S1.);
#533 = CIRCLE('',#534,31.);
#534 = AXIS2_PLACEMENT_3D('',#535,#536,#537);
#535 = CARTESIAN_POINT('',(0.,0.,16.));
#536 = DIRECTION('',(0.,0.,1.));
#537 = DIRECTION('',(1.,0.,-0.));
#538 = PCURVE('',#55,#539);
#539 = DEFINITIONAL_REPRESENTATION('',(#540),#544);
#540 = LINE('',#541,#542);
#541 = CARTESIAN_POINT('',(0.,16.));
#542 = VECTOR('',#543,1.);
#543 = DIRECTION('',(1.,0.));
#544 = ( GEOMETRIC_REPRESENTATION_CONTEXT(2) 
PARAMETRIC_REPRESENTATION_CONTEXT() REPRESENTATION_CONTEXT('2D SPACE',''
  ) );
#545 = PCURVE('',#361,#546);
#546 = DEFINITIONAL_REPRESENTATION('',(#547),#551);
#547 = CIRCLE('',#548,31.);
#548 = AXIS2_PLACEMENT_2D('',#549,#550);
#549 = CARTESIAN_POINT('',(-26.,3.));
#550 = DIRECTION('',(1.,0.));
#551 = ( GEOMETRIC_REPRESENTATION_CONTEXT(2) 
PARAMETRIC_REPRESENTATION_CONTEXT() REPRESENTATION_CONTEXT('2D SPACE',''
  ) );
#552 = ORIENTED_EDGE('',*,*,#553,.F.);
#553 = EDGE_CURVE('',#554,#530,#556,.T.);
#554 = VERTEX_POINT('',#555);
#555 = CARTESIAN_POINT('',(30.9965,-0.465819439268,7.));
#556 = SURFACE_CURVE('',#557,(#561,#567),.PCURVE_S1.);
#557 = LINE('',#558,#559);
#558 = CARTESIAN_POINT('',(30.9965,-0.465819439268,0.));
#559 = VECTOR('',#560,1.);
#560 = DIRECTION('',(0.,0.,1.));
#561 = PCURVE('',#55,#562);
#562 = DEFINITIONAL_REPRESENTATION('',(#563),#566);
#563 = B_SPLINE_CURVE_WITH_KNOTS('',1,(#564,#565),.UNSPECIFIED.,.F.,.F.,
  (2,2),(6.9999994,16.0000006),.PIECEWISE_BEZIER_KNOTS.);
#564 = CARTESIAN_POINT('',(6.268158308118,6.9999994));
#565 = CARTESIAN_POINT('',(6.268158308118,16.0000006));
#566 = ( GEOMETRIC_REPRESENTATION_CONTEXT(2) 
PARAMETRIC_REPRESENTATION_CONTEXT() REPRESENTATION_CONTEXT('2D SPACE',''
  ) );
#567 = PCURVE('',#568,#573);
#568 = CYLINDRICAL_SURFACE('',#569,1.1);
#569 = AXIS2_PLACEMENT_3D('',#570,#571,#572);
#570 = CARTESIAN_POINT('',(30.,0.,7.));
#571 = DIRECTION('',(0.,0.,1.));
#572 = DIRECTION('',(1.,0.,0.));
#573 = DEFINITIONAL_REPRESENTATION('',(#574),#577);
#574 = B_SPLINE_CURVE_WITH_KNOTS('',1,(#575,#576),.UNSPECIFIED.,.F.,.F.,
  (2,2),(6.9999994,16.0000006),.PIECEWISE_BEZIER_KNOTS.);
#575 = CARTESIAN_POINT('',(5.845910551008,-5.999999999062E-07));
#576 = CARTESIAN_POINT('',(5.845910551008,9.0000006));
#577 = ( GEOMETRIC_REPRESENTATION_CONTEXT(2) 
PARAMETRIC_REPRESENTATION_CONTEXT() REPRESENTATION_CONTEXT('2D SPACE',''
  ) );
#578 = ORIENTED_EDGE('',*,*,#579,.T.);
#579 = EDGE_CURVE('',#554,#267,#580,.T.);
#580 = SURFACE_CURVE('',#581,(#586,#593),.PCURVE_S1.);
#581 = CIRCLE('',#582,31.);
#582 = AXIS2_PLACEMENT_3D('',#583,#584,#585);
#583 = CARTESIAN_POINT('',(0.,0.,7.));
#584 = DIRECTION('',(0.,0.,1.));
#585 = DIRECTION('',(1.,0.,-0.));
#586 = PCURVE('',#55,#587);
#587 = DEFINITIONAL_REPRESENTATION('',(#588),#592);
#588 = LINE('',#589,#590);
#589 = CARTESIAN_POINT('',(0.,7.));
#590 = VECTOR('',#591,1.);
#591 = DIRECTION('',(1.,0.));
#592 = ( GEOMETRIC_REPRESENTATION_CONTEXT(2) 
PARAMETRIC_REPRESENTATION_CONTEXT() REPRESENTATION_CONTEXT('2D SPACE',''
  ) );
#593 = PCURVE('',#306,#594);
#594 = DEFINITIONAL_REPRESENTATION('',(#595),#599);
#595 = CIRCLE('',#596,31.);
#596 = AXIS2_PLACEMENT_2D('',#597,#598);
#597 = CARTESIAN_POINT('',(-30.,0.));
#598 = DIRECTION('',(1.,0.));
#599 = ( GEOMETRIC_REPRESENTATION_CONTEXT(2) 
PARAMETRIC_REPRESENTATION_CONTEXT() REPRESENTATION_CONTEXT('2D SPACE',''
  ) );
#600 = ORIENTED_EDGE('',*,*,#266,.T.);
#601 = FACE_BOUND('',#602,.T.);
#602 = EDGE_LOOP('',(#603,#634,#660,#689,#715,#744,#770,#794));
#603 = ORIENTED_EDGE('',*,*,#604,.F.);
#604 = EDGE_CURVE('',#605,#607,#609,.T.);
#605 = VERTEX_POINT('',#606);
#606 = CARTESIAN_POINT('',(3.,30.854497241083,6.));
#607 = VERTEX_POINT('',#608);
#608 = CARTESIAN_POINT('',(-3.,30.854497241083,6.));
#609 = SURFACE_CURVE('',#610,(#615,#622),.PCURVE_S1.);
#610 = CIRCLE('',#611,31.);
#611 = AXIS2_PLACEMENT_3D('',#612,#613,#614);
#612 = CARTESIAN_POINT('',(0.,0.,6.));
#613 = DIRECTION('',(0.,0.,1.));
#614 = DIRECTION('',(1.,0.,-0.));
#615 = PCURVE('',#55,#616);
#616 = DEFINITIONAL_REPRESENTATION('',(#617),#621);
#617 = LINE('',#618,#619);
#618 = CARTESIAN_POINT('',(0.,6.));
#619 = VECTOR('',#620,1.);
#620 = DIRECTION('',(1.,0.));
#621 = ( GEOMETRIC_REPRESENTATION_CONTEXT(2) 
PARAMETRIC_REPRESENTATION_CONTEXT() REPRESENTATION_CONTEXT('2D SPACE',''
  ) );
#622 = PCURVE('',#623,#628);
#623 = PLANE('',#624);
#624 = AXIS2_PLACEMENT_3D('',#625,#626,#627);
#625 = CARTESIAN_POINT('',(3.,26.,6.));
#626 = DIRECTION('',(0.,0.,1.));
#627 = DIRECTION('',(1.110223024625E-16,1.,0.));
#628 = DEFINITIONAL_REPRESENTATION('',(#629),#633);
#629 = CIRCLE('',#630,31.);
#630 = AXIS2_PLACEMENT_2D('',#631,#632);
#631 = CARTESIAN_POINT('',(-26.,3.));
#632 = DIRECTION('',(1.110223024625E-16,-1.));
#633 = ( GEOMETRIC_REPRESENTATION_CONTEXT(2) 
PARAMETRIC_REPRESENTATION_CONTEXT() REPRESENTATION_CONTEXT('2D SPACE',''
  ) );
#634 = ORIENTED_EDGE('',*,*,#635,.T.);
#635 = EDGE_CURVE('',#605,#636,#638,.T.);
#636 = VERTEX_POINT('',#637);
#637 = CARTESIAN_POINT('',(3.,30.854497241083,16.));
#638 = SURFACE_CURVE('',#639,(#643,#649),.PCURVE_S1.);
#639 = LINE('',#640,#641);
#640 = CARTESIAN_POINT('',(3.,30.854497241083,0.));
#641 = VECTOR('',#642,1.);
#642 = DIRECTION('',(0.,0.,1.));
#643 = PCURVE('',#55,#644);
#644 = DEFINITIONAL_REPRESENTATION('',(#645),#648);
#645 = B_SPLINE_CURVE_WITH_KNOTS('',1,(#646,#647),.UNSPECIFIED.,.F.,.F.,
  (2,2),(5.,17.),.PIECEWISE_BEZIER_KNOTS.);
#646 = CARTESIAN_POINT('',(1.473870440755,5.));
#647 = CARTESIAN_POINT('',(1.473870440755,17.));
#648 = ( GEOMETRIC_REPRESENTATION_CONTEXT(2) 
PARAMETRIC_REPRESENTATION_CONTEXT() REPRESENTATION_CONTEXT('2D SPACE',''
  ) );
#649 = PCURVE('',#650,#655);
#650 = PLANE('',#651);
#651 = AXIS2_PLACEMENT_3D('',#652,#653,#654);
#652 = CARTESIAN_POINT('',(3.,26.,6.));
#653 = DIRECTION('',(-1.,1.110223024625E-16,0.));
#654 = DIRECTION('',(0.,0.,1.));
#655 = DEFINITIONAL_REPRESENTATION('',(#656),#659);
#656 = B_SPLINE_CURVE_WITH_KNOTS('',1,(#657,#658),.UNSPECIFIED.,.F.,.F.,
  (2,2),(5.,17.),.PIECEWISE_BEZIER_KNOTS.);
#657 = CARTESIAN_POINT('',(-1.,4.854497241083));
#658 = CARTESIAN_POINT('',(11.,4.854497241083));
#659 = ( GEOMETRIC_REPRESENTATION_CONTEXT(2) 
PARAMETRIC_REPRESENTATION_CONTEXT() REPRESENTATION_CONTEXT('2D SPACE',''
  ) );
#660 = ORIENTED_EDGE('',*,*,#661,.T.);
#661 = EDGE_CURVE('',#636,#662,#664,.T.);
#662 = VERTEX_POINT('',#663);
#663 = CARTESIAN_POINT('',(0.465819439268,30.9965,16.));
#664 = SURFACE_CURVE('',#665,(#670,#677),.PCURVE_S1.);
#665 = CIRCLE('',#666,31.);
#666 = AXIS2_PLACEMENT_3D('',#667,#668,#669);
#667 = CARTESIAN_POINT('',(0.,0.,16.));
#668 = DIRECTION('',(0.,0.,1.));
#669 = DIRECTION('',(1.,0.,-0.));
#670 = PCURVE('',#55,#671);
#671 = DEFINITIONAL_REPRESENTATION('',(#672),#676);
#672 = LINE('',#673,#674);
#673 = CARTESIAN_POINT('',(0.,16.));
#674 = VECTOR('',#675,1.);
#675 = DIRECTION('',(1.,0.));
#676 = ( GEOMETRIC_REPRESENTATION_CONTEXT(2) 
PARAMETRIC_REPRESENTATION_CONTEXT() REPRESENTATION_CONTEXT('2D SPACE',''
  ) );
#677 = PCURVE('',#678,#683);
#678 = PLANE('',#679);
#679 = AXIS2_PLACEMENT_3D('',#680,#681,#682);
#680 = CARTESIAN_POINT('',(3.,26.,16.));
#681 = DIRECTION('',(0.,0.,1.));
#682 = DIRECTION('',(1.110223024625E-16,1.,0.));
#683 = DEFINITIONAL_REPRESENTATION('',(#684),#688);
#684 = CIRCLE('',#685,31.);
#685 = AXIS2_PLACEMENT_2D('',#686,#687);
#686 = CARTESIAN_POINT('',(-26.,3.));
#687 = DIRECTION('',(1.110223024625E-16,-1.));
#688 = ( GEOMETRIC_REPRESENTATION_CONTEXT(2) 
PARAMETRIC_REPRESENTATION_CONTEXT() REPRESENTATION_CONTEXT('2D SPACE',''
  ) );
#689 = ORIENTED_EDGE('',*,*,#690,.F.);
#690 = EDGE_CURVE('',#691,#662,#693,.T.);
#691 = VERTEX_POINT('',#692);
#692 = CARTESIAN_POINT('',(0.465819439268,30.9965,7.));
#693 = SURFACE_CURVE('',#694,(#698,#704),.PCURVE_S1.);
#694 = LINE('',#695,#696);
#695 = CARTESIAN_POINT('',(0.465819439268,30.9965,0.));
#696 = VECTOR('',#697,1.);
#697 = DIRECTION('',(0.,0.,1.));
#698 = PCURVE('',#55,#699);
#699 = DEFINITIONAL_REPRESENTATION('',(#700),#703);
#700 = B_SPLINE_CURVE_WITH_KNOTS('',1,(#701,#702),.UNSPECIFIED.,.F.,.F.,
  (2,2),(6.9999994,16.0000006),.PIECEWISE_BEZIER_KNOTS.);
#701 = CARTESIAN_POINT('',(1.555769327734,6.9999994));
#702 = CARTESIAN_POINT('',(1.555769327734,16.0000006));
#703 = ( GEOMETRIC_REPRESENTATION_CONTEXT(2) 
PARAMETRIC_REPRESENTATION_CONTEXT() REPRESENTATION_CONTEXT('2D SPACE',''
  ) );
#704 = PCURVE('',#705,#710);
#705 = CYLINDRICAL_SURFACE('',#706,1.1);
#706 = AXIS2_PLACEMENT_3D('',#707,#708,#709);
#707 = CARTESIAN_POINT('',(3.330669073875E-15,30.,7.));
#708 = DIRECTION('',(0.,0.,1.));
#709 = DIRECTION('',(1.110223024625E-16,1.,0.));
#710 = DEFINITIONAL_REPRESENTATION('',(#711),#714);
#711 = B_SPLINE_CURVE_WITH_KNOTS('',1,(#712,#713),.UNSPECIFIED.,.F.,.F.,
  (2,2),(6.9999994,16.0000006),.PIECEWISE_BEZIER_KNOTS.);
#712 = CARTESIAN_POINT('',(5.845910551008,-5.999999999062E-07));
#713 = CARTESIAN_POINT('',(5.845910551008,9.0000006));
#714 = ( GEOMETRIC_REPRESENTATION_CONTEXT(2) 
PARAMETRIC_REPRESENTATION_CONTEXT() REPRESENTATION_CONTEXT('2D SPACE',''
  ) );
#715 = ORIENTED_EDGE('',*,*,#716,.T.);
#716 = EDGE_CURVE('',#691,#717,#719,.T.);
#717 = VERTEX_POINT('',#718);
#718 = CARTESIAN_POINT('',(-0.465819439268,30.9965,7.));
#719 = SURFACE_CURVE('',#720,(#725,#732),.PCURVE_S1.);
#720 = CIRCLE('',#721,31.);
#721 = AXIS2_PLACEMENT_3D('',#722,#723,#724);
#722 = CARTESIAN_POINT('',(0.,0.,7.));
#723 = DIRECTION('',(0.,0.,1.));
#724 = DIRECTION('',(1.,0.,-0.));
#725 = PCURVE('',#55,#726);
#726 = DEFINITIONAL_REPRESENTATION('',(#727),#731);
#727 = LINE('',#728,#729);
#728 = CARTESIAN_POINT('',(0.,7.));
#729 = VECTOR('',#730,1.);
#730 = DIRECTION('',(1.,0.));
#731 = ( GEOMETRIC_REPRESENTATION_CONTEXT(2) 
PARAMETRIC_REPRESENTATION_CONTEXT() REPRESENTATION_CONTEXT('2D SPACE',''
  ) );
#732 = PCURVE('',#733,#738);
#733 = PLANE('',#734);
#734 = AXIS2_PLACEMENT_3D('',#735,#736,#737);
#735 = CARTESIAN_POINT('',(3.330669073875E-15,30.,7.));
#736 = DIRECTION('',(0.,0.,1.));
#737 = DIRECTION('',(1.110223024625E-16,1.,0.));
#738 = DEFINITIONAL_REPRESENTATION('',(#739),#743);
#739 = CIRCLE('',#740,31.);
#740 = AXIS2_PLACEMENT_2D('',#741,#742);
#741 = CARTESIAN_POINT('',(-30.,0.));
#742 = DIRECTION('',(1.110223024625E-16,-1.));
#743 = ( GEOMETRIC_REPRESENTATION_CONTEXT(2) 
PARAMETRIC_REPRESENTATION_CONTEXT() REPRESENTATION_CONTEXT('2D SPACE',''
  ) );
#744 = ORIENTED_EDGE('',*,*,#745,.T.);
#745 = EDGE_CURVE('',#717,#746,#748,.T.);
#746 = VERTEX_POINT('',#747);
#747 = CARTESIAN_POINT('',(-0.465819439268,30.9965,16.));
#748 = SURFACE_CURVE('',#749,(#753,#759),.PCURVE_S1.);
#749 = LINE('',#750,#751);
#750 = CARTESIAN_POINT('',(-0.465819439268,30.9965,0.));
#751 = VECTOR('',#752,1.);
#752 = DIRECTION('',(0.,0.,1.));
#753 = PCURVE('',#55,#754);
#754 = DEFINITIONAL_REPRESENTATION('',(#755),#758);
#755 = B_SPLINE_CURVE_WITH_KNOTS('',1,(#756,#757),.UNSPECIFIED.,.F.,.F.,
  (2,2),(6.9999994,16.0000006),.PIECEWISE_BEZIER_KNOTS.);
#756 = CARTESIAN_POINT('',(1.585823325856,6.9999994));
#757 = CARTESIAN_POINT('',(1.585823325856,16.0000006));
#758 = ( GEOMETRIC_REPRESENTATION_CONTEXT(2) 
PARAMETRIC_REPRESENTATION_CONTEXT() REPRESENTATION_CONTEXT('2D SPACE',''
  ) );
#759 = PCURVE('',#760,#765);
#760 = CYLINDRICAL_SURFACE('',#761,1.1);
#761 = AXIS2_PLACEMENT_3D('',#762,#763,#764);
#762 = CARTESIAN_POINT('',(3.330669073875E-15,30.,7.));
#763 = DIRECTION('',(0.,0.,1.));
#764 = DIRECTION('',(1.110223024625E-16,1.,0.));
#765 = DEFINITIONAL_REPRESENTATION('',(#766),#769);
#766 = B_SPLINE_CURVE_WITH_KNOTS('',1,(#767,#768),.UNSPECIFIED.,.F.,.F.,
  (2,2),(6.9999994,16.0000006),.PIECEWISE_BEZIER_KNOTS.);
#767 = CARTESIAN_POINT('',(0.437274756172,-5.999999999062E-07));
#768 = CARTESIAN_POINT('',(0.437274756172,9.0000006));
#769 = ( GEOMETRIC_REPRESENTATION_CONTEXT(2) 
PARAMETRIC_REPRESENTATION_CONTEXT() REPRESENTATION_CONTEXT('2D SPACE',''
  ) );
#770 = ORIENTED_EDGE('',*,*,#771,.T.);
#771 = EDGE_CURVE('',#746,#772,#774,.T.);
#772 = VERTEX_POINT('',#773);
#773 = CARTESIAN_POINT('',(-3.,30.854497241083,16.));
#774 = SURFACE_CURVE('',#775,(#780,#787),.PCURVE_S1.);
#775 = CIRCLE('',#776,31.);
#776 = AXIS2_PLACEMENT_3D('',#777,#778,#779);
#777 = CARTESIAN_POINT('',(0.,0.,16.));
#778 = DIRECTION('',(0.,0.,1.));
#779 = DIRECTION('',(1.,0.,-0.));
#780 = PCURVE('',#55,#781);
#781 = DEFINITIONAL_REPRESENTATION('',(#782),#786);
#782 = LINE('',#783,#784);
#783 = CARTESIAN_POINT('',(0.,16.));
#784 = VECTOR('',#785,1.);
#785 = DIRECTION('',(1.,0.));
#786 = ( GEOMETRIC_REPRESENTATION_CONTEXT(2) 
PARAMETRIC_REPRESENTATION_CONTEXT() REPRESENTATION_CONTEXT('2D SPACE',''
  ) );
#787 = PCURVE('',#678,#788);
#788 = DEFINITIONAL_REPRESENTATION('',(#789),#793);
#789 = CIRCLE('',#790,31.);
#790 = AXIS2_PLACEMENT_2D('',#791,#792);
#791 = CARTESIAN_POINT('',(-26.,3.));
#792 = DIRECTION('',(1.110223024625E-16,-1.));
#793 = ( GEOMETRIC_REPRESENTATION_CONTEXT(2) 
PARAMETRIC_REPRESENTATION_CONTEXT() REPRESENTATION_CONTEXT('2D SPACE',''
  ) );
#794 = ORIENTED_EDGE('',*,*,#795,.F.);
#795 = EDGE_CURVE('',#607,#772,#796,.T.);
#796 = SURFACE_CURVE('',#797,(#801,#807),.PCURVE_S1.);
#797 = LINE('',#798,#799);
#798 = CARTESIAN_POINT('',(-3.,30.854497241083,0.));
#799 = VECTOR('',#800,1.);
#800 = DIRECTION('',(0.,0.,1.));
#801 = PCURVE('',#55,#802);
#802 = DEFINITIONAL_REPRESENTATION('',(#803),#806);
#803 = B_SPLINE_CURVE_WITH_KNOTS('',1,(#804,#805),.UNSPECIFIED.,.F.,.F.,
  (2,2),(5.,17.),.PIECEWISE_BEZIER_KNOTS.);
#804 = CARTESIAN_POINT('',(1.667722212835,5.));
#805 = CARTESIAN_POINT('',(1.667722212835,17.));
#806 = ( GEOMETRIC_REPRESENTATION_CONTEXT(2) 
PARAMETRIC_REPRESENTATION_CONTEXT() REPRESENTATION_CONTEXT('2D SPACE',''
  ) );
#807 = PCURVE('',#808,#813);
#808 = PLANE('',#809);
#809 = AXIS2_PLACEMENT_3D('',#810,#811,#812);
#810 = CARTESIAN_POINT('',(-3.,26.,6.));
#811 = DIRECTION('',(-1.,1.110223024625E-16,0.));
#812 = DIRECTION('',(0.,0.,1.));
#813 = DEFINITIONAL_REPRESENTATION('',(#814),#817);
#814 = B_SPLINE_CURVE_WITH_KNOTS('',1,(#815,#816),.UNSPECIFIED.,.F.,.F.,
  (2,2),(5.,17.),.PIECEWISE_BEZIER_KNOTS.);
#815 = CARTESIAN_POINT('',(-1.,4.854497241083));
#816 = CARTESIAN_POINT('',(11.,4.854497241083));
#817 = ( GEOMETRIC_REPRESENTATION_CONTEXT(2) 
PARAMETRIC_REPRESENTATION_CONTEXT() REPRESENTATION_CONTEXT('2D SPACE',''
  ) );
#818 = FACE_BOUND('',#819,.T.);
#819 = EDGE_LOOP('',(#820));
#820 = ORIENTED_EDGE('',*,*,#821,.F.);
#821 = EDGE_CURVE('',#822,#822,#824,.T.);
#822 = VERTEX_POINT('',#823);
#823 = CARTESIAN_POINT('',(3.049804400611E-15,31.,21.6));
#824 = SURFACE_CURVE('',#825,(#876,#930),.PCURVE_S1.);
#825 = B_SPLINE_CURVE_WITH_KNOTS('',7,(#826,#827,#828,#829,#830,#831,
    #832,#833,#834,#835,#836,#837,#838,#839,#840,#841,#842,#843,#844,
    #845,#846,#847,#848,#849,#850,#851,#852,#853,#854,#855,#856,#857,
    #858,#859,#860,#861,#862,#863,#864,#865,#866,#867,#868,#869,#870,
    #871,#872,#873,#874,#875),.UNSPECIFIED.,.T.,.F.,(8,6,6,6,6,6,6,6,8),
  (0.,0.14239985024,0.276406541362,0.4439754193,0.590665105565,
    0.685911121311,0.790689250426,0.892178928055,1.),.UNSPECIFIED.);
#826 = CARTESIAN_POINT('',(2.442490654175E-15,31.,21.6));
#827 = CARTESIAN_POINT('',(0.219099362862,31.,21.6));
#828 = CARTESIAN_POINT('',(0.432722669317,30.998193358681,
    21.564996973897));
#829 = CARTESIAN_POINT('',(0.634327002332,30.994742783863,
    21.498138425737));
#830 = CARTESIAN_POINT('',(0.818422291694,30.990127132525,
    21.403909920695));
#831 = CARTESIAN_POINT('',(0.980816623435,30.985017965797,
    21.288049097398));
#832 = CARTESIAN_POINT('',(1.11903605969,30.980005259218,21.157420976823
    ));
#833 = CARTESIAN_POINT('',(1.339899732255,30.97121490488,20.890442658943
    ));
#834 = CARTESIAN_POINT('',(1.42780611891,30.967283694828,20.751901525461
    ));
#835 = CARTESIAN_POINT('',(1.497207144807,30.963935069318,
    20.607046634106));
#836 = CARTESIAN_POINT('',(1.548747351523,30.961330996745,
    20.457919026986));
#837 = CARTESIAN_POINT('',(1.582918859053,30.959564920505,
    20.306129562894));
#838 = CARTESIAN_POINT('',(1.6,30.958682142494,20.15305490638));
#839 = CARTESIAN_POINT('',(1.6,30.958682142494,19.808612251297));
#840 = CARTESIAN_POINT('',(1.573292213788,30.960062379884,
    19.617281716103));
#841 = CARTESIAN_POINT('',(1.519897858272,30.962822251912,19.42839640343
    ));
#842 = CARTESIAN_POINT('',(1.439062358976,30.966853510695,19.24465999411
    ));
#843 = CARTESIAN_POINT('',(1.329585959846,30.971931587161,
    19.069584814499));
#844 = CARTESIAN_POINT('',(1.190116508623,30.977615065029,
    18.908012036527));
#845 = CARTESIAN_POINT('',(0.870852040177,30.988124332384,
    18.643893498436));
#846 = CARTESIAN_POINT('',(0.693272067237,30.993132079742,
    18.532385974812));
#847 = CARTESIAN_POINT('',(0.490705154672,30.997551321121,
    18.445169547279));
#848 = CARTESIAN_POINT('',(0.270449792988,31.000507742857,
    18.390864486207));
#849 = CARTESIAN_POINT('',(4.22127268942E-02,31.001367465333,
    18.374096130446));
#850 = CARTESIAN_POINT('',(-0.183663682171,31.000196355047,
    18.395259424298));
#851 = CARTESIAN_POINT('',(-0.537010528392,30.995660560109,
    18.485983474481));
#852 = CARTESIAN_POINT('',(-0.672376809444,30.993194519725,
    18.536267998625));
#853 = CARTESIAN_POINT('',(-0.802160631041,30.990141860825,
    18.600644821159));
#854 = CARTESIAN_POINT('',(-0.924622210359,30.986650713593,
    18.678359351756));
#855 = CARTESIAN_POINT('',(-1.038145246067,30.9829085522,18.768389738556
    ));
#856 = CARTESIAN_POINT('',(-1.141281851527,30.979119878701,
    18.869469566179));
#857 = CARTESIAN_POINT('',(-1.333521678506,30.971468750847,
    19.101847598475));
#858 = CARTESIAN_POINT('',(-1.42020180908,30.967636446091,
    19.235176780154));
#859 = CARTESIAN_POINT('',(-1.491245688321,30.964235001243,
    19.37815256931));
#860 = CARTESIAN_POINT('',(-1.545402574839,30.96150406282,
    19.528573519001));
#861 = CARTESIAN_POINT('',(-1.581804688462,30.959622416354,
    19.684040433597));
#862 = CARTESIAN_POINT('',(-1.6,30.958682142494,19.842030722294));
#863 = CARTESIAN_POINT('',(-1.6,30.958682142494,20.153011427146));
#864 = CARTESIAN_POINT('',(-1.582928573849,30.959564417335,
    20.306094002672));
#865 = CARTESIAN_POINT('',(-1.548755806974,30.961330563471,
    20.457912088588));
#866 = CARTESIAN_POINT('',(-1.497204339721,30.963935274611,
    20.607064220928));
#867 = CARTESIAN_POINT('',(-1.427792078812,30.967284374303,
    20.751927478439));
#868 = CARTESIAN_POINT('',(-1.339884794336,30.971215499408,
    20.890460715785));
#869 = CARTESIAN_POINT('',(-1.119078460869,30.980003571655,
    21.157369722602));
#870 = CARTESIAN_POINT('',(-0.98085776662,30.985016691844,
    21.288026566627));
#871 = CARTESIAN_POINT('',(-0.818419514164,30.990127801879,
    21.403931636058));
#872 = CARTESIAN_POINT('',(-0.634261580104,30.99474502528,
    21.498181733132));
#873 = CARTESIAN_POINT('',(-0.432612998436,30.998194938548,
    21.565027604949));
#874 = CARTESIAN_POINT('',(-0.219003479498,31.,21.6));
#875 = CARTESIAN_POINT('',(2.442490654175E-15,31.,21.6));
#876 = PCURVE('',#55,#877);
#877 = DEFINITIONAL_REPRESENTATION('',(#878),#929);
#878 = B_SPLINE_CURVE_WITH_KNOTS('',7,(#879,#880,#881,#882,#883,#884,
    #885,#886,#887,#888,#889,#890,#891,#892,#893,#894,#895,#896,#897,
    #898,#899,#900,#901,#902,#903,#904,#905,#906,#907,#908,#909,#910,
    #911,#912,#913,#914,#915,#916,#917,#918,#919,#920,#921,#922,#923,
    #924,#925,#926,#927,#928),.UNSPECIFIED.,.T.,.F.,(8,6,6,6,6,6,6,6,8),
  (0.,0.14239985024,0.276406541362,0.4439754193,0.590665105565,
    0.685911121311,0.790689250426,0.892178928055,1.),.UNSPECIFIED.);
#879 = CARTESIAN_POINT('',(1.570796326795,21.6));
#880 = CARTESIAN_POINT('',(1.563728605412,21.6));
#881 = CARTESIAN_POINT('',(1.556837530221,21.564996973897));
#882 = CARTESIAN_POINT('',(1.550333592429,21.498138425737));
#883 = CARTESIAN_POINT('',(1.544393421092,21.403909920695));
#884 = CARTESIAN_POINT('',(1.539152399588,21.288049097398));
#885 = CARTESIAN_POINT('',(1.534690805377,21.157420976823));
#886 = CARTESIAN_POINT('',(1.527560530184,20.890442658943));
#887 = CARTESIAN_POINT('',(1.524722040363,20.751901525461));
#888 = CARTESIAN_POINT('',(1.522480705416,20.607046634106));
#889 = CARTESIAN_POINT('',(1.52081599875,20.457919026986));
#890 = CARTESIAN_POINT('',(1.519712220757,20.306129562894));
#891 = CARTESIAN_POINT('',(1.519160480858,20.15305490638));
#892 = CARTESIAN_POINT('',(1.519160480858,19.808612251297));
#893 = CARTESIAN_POINT('',(1.520023172119,19.617281716103));
#894 = CARTESIAN_POINT('',(1.521747869777,19.42839640343));
#895 = CARTESIAN_POINT('',(1.524358703015,19.24465999411));
#896 = CARTESIAN_POINT('',(1.527893948908,19.069584814499));
#897 = CARTESIAN_POINT('',(1.532396559604,18.908012036527));
#898 = CARTESIAN_POINT('',(1.542700991508,18.643893498436));
#899 = CARTESIAN_POINT('',(1.548431588775,18.532385974812));
#900 = CARTESIAN_POINT('',(1.554967354149,18.445169547279));
#901 = CARTESIAN_POINT('',(1.562072472953,18.390864486207));
#902 = CARTESIAN_POINT('',(1.569434521649,18.374096130446));
#903 = CARTESIAN_POINT('',(1.576720744809,18.395259424298));
#904 = CARTESIAN_POINT('',(1.588119969237,18.485983474481));
#905 = CARTESIAN_POINT('',(1.592487284834,18.536267998625));
#906 = CARTESIAN_POINT('',(1.596674926262,18.600644821159));
#907 = CARTESIAN_POINT('',(1.600626827549,18.678359351756));
#908 = CARTESIAN_POINT('',(1.604290806848,18.768389738556));
#909 = CARTESIAN_POINT('',(1.607620022532,18.869469566179));
#910 = CARTESIAN_POINT('',(1.613826216849,19.101847598475));
#911 = CARTESIAN_POINT('',(1.616625053827,19.235176780154));
#912 = CARTESIAN_POINT('',(1.61891940072,19.37815256931));
#913 = CARTESIAN_POINT('',(1.620668613392,19.528573519001));
#914 = CARTESIAN_POINT('',(1.621844444501,19.684040433597));
#915 = CARTESIAN_POINT('',(1.622432172732,19.842030722294));
#916 = CARTESIAN_POINT('',(1.622432172732,20.153011427146));
#917 = CARTESIAN_POINT('',(1.621880746635,20.306094002672));
#918 = CARTESIAN_POINT('',(1.620776927952,20.457912088588));
#919 = CARTESIAN_POINT('',(1.619111857467,20.607064220928));
#920 = CARTESIAN_POINT('',(1.616870159807,20.751927478439));
#921 = CARTESIAN_POINT('',(1.614031641156,20.890460715785));
#922 = CARTESIAN_POINT('',(1.606903217075,21.157369722602));
#923 = CARTESIAN_POINT('',(1.602441581806,21.288026566627));
#924 = CARTESIAN_POINT('',(1.597199142118,21.403931636058));
#925 = CARTESIAN_POINT('',(1.591256949945,21.498181733132));
#926 = CARTESIAN_POINT('',(1.584751585607,21.565027604949));
#927 = CARTESIAN_POINT('',(1.577860955166,21.6));
#928 = CARTESIAN_POINT('',(1.570796326795,21.6));
#929 = ( GEOMETRIC_REPRESENTATION_CONTEXT(2) 
PARAMETRIC_REPRESENTATION_CONTEXT() REPRESENTATION_CONTEXT('2D SPACE',''
  ) );
#930 = PCURVE('',#931,#936);
#931 = CYLINDRICAL_SURFACE('',#932,1.6);
#932 = AXIS2_PLACEMENT_3D('',#933,#934,#935);
#933 = CARTESIAN_POINT('',(-3.774758283726E-15,-34.,20.));
#934 = DIRECTION('',(1.110223024625E-16,1.,0.));
#935 = DIRECTION('',(0.,0.,1.));
#936 = DEFINITIONAL_REPRESENTATION('',(#937),#988);
#937 = B_SPLINE_CURVE_WITH_KNOTS('',7,(#938,#939,#940,#941,#942,#943,
    #944,#945,#946,#947,#948,#949,#950,#951,#952,#953,#954,#955,#956,
    #957,#958,#959,#960,#961,#962,#963,#964,#965,#966,#967,#968,#969,
    #970,#971,#972,#973,#974,#975,#976,#977,#978,#979,#980,#981,#982,
    #983,#984,#985,#986,#987),.UNSPECIFIED.,.F.,.F.,(8,6,6,6,6,6,6,6,8),
  (0.,0.14239985024,0.276406541362,0.4439754193,0.590665105565,
    0.685911121311,0.790689250426,0.892178928055,1.),.UNSPECIFIED.);
#938 = CARTESIAN_POINT('',(0.,65.));
#939 = CARTESIAN_POINT('',(0.136937101789,65.));
#940 = CARTESIAN_POINT('',(0.270451600681,64.998193358681));
#941 = CARTESIAN_POINT('',(0.400648581511,64.994742783863));
#942 = CARTESIAN_POINT('',(0.527347478765,64.990127132525));
#943 = CARTESIAN_POINT('',(0.650106603939,64.985017965797));
#944 = CARTESIAN_POINT('',(0.768078592837,64.980005259218));
#945 = CARTESIAN_POINT('',(0.984637425848,64.97121490488));
#946 = CARTESIAN_POINT('',(1.086375902125,64.967283694828));
#947 = CARTESIAN_POINT('',(1.185672210528,64.963935069318));
#948 = CARTESIAN_POINT('',(1.28316682094,64.961330996745));
#949 = CARTESIAN_POINT('',(1.379465446216,64.959564920505));
#950 = CARTESIAN_POINT('',(1.475137010307,64.958682142494));
#951 = CARTESIAN_POINT('',(1.690413669734,64.958682142494));
#952 = CARTESIAN_POINT('',(1.809994543598,64.960062379884));
#953 = CARTESIAN_POINT('',(1.930846609098,64.962822251912));
#954 = CARTESIAN_POINT('',(2.054054477123,64.966853510695));
#955 = CARTESIAN_POINT('',(2.18082001948,64.971931587161));
#956 = CARTESIAN_POINT('',(2.312354016109,64.977615065029));
#957 = CARTESIAN_POINT('',(2.57132463686,64.988124332384));
#958 = CARTESIAN_POINT('',(2.701266725321,64.993132079742));
#959 = CARTESIAN_POINT('',(2.836440764125,64.997551321121));
#960 = CARTESIAN_POINT('',(2.974770824569,65.000507742857));
#961 = CARTESIAN_POINT('',(3.114650686167,65.001367465333));
#962 = CARTESIAN_POINT('',(3.254676814103,65.000196355047));
#963 = CARTESIAN_POINT('',(3.482681788535,64.995660560109));
#964 = CARTESIAN_POINT('',(3.572443455656,64.993194519725));
#965 = CARTESIAN_POINT('',(3.66219765788,64.990141860825));
#966 = CARTESIAN_POINT('',(3.751953967023,64.986650713593));
#967 = CARTESIAN_POINT('',(3.841717927007,64.9829085522));
#968 = CARTESIAN_POINT('',(3.931483446975,64.979119878701));
#969 = CARTESIAN_POINT('',(4.119976339922,64.971468750847));
#970 = CARTESIAN_POINT('',(4.218716150036,64.967636446091));
#971 = CARTESIAN_POINT('',(4.317445074268,64.964235001243));
#972 = CARTESIAN_POINT('',(4.416174888313,64.96150406282));
#973 = CARTESIAN_POINT('',(4.51491453104,64.959622416354));
#974 = CARTESIAN_POINT('',(4.613658181818,64.958682142494));
#975 = CARTESIAN_POINT('',(4.808021122351,64.958682142494));
#976 = CARTESIAN_POINT('',(4.903697622221,64.959564417335));
#977 = CARTESIAN_POINT('',(5.000012968312,64.961330563471));
#978 = CARTESIAN_POINT('',(5.097523476804,64.963935274611));
#979 = CARTESIAN_POINT('',(5.196827496736,64.967284374303));
#980 = CARTESIAN_POINT('',(5.298562528096,64.971215499408));
#981 = CARTESIAN_POINT('',(5.515065139602,64.980003571655));
#982 = CARTESIAN_POINT('',(5.633051475834,64.985016691844));
#983 = CARTESIAN_POINT('',(5.755846791438,64.990127801879));
#984 = CARTESIAN_POINT('',(5.882583053723,64.99474502528));
#985 = CARTESIAN_POINT('',(6.012802263325,64.998194938548));
#986 = CARTESIAN_POINT('',(6.146308132493,65.));
#987 = CARTESIAN_POINT('',(6.28318530718,65.));
#988 = ( GEOMETRIC_REPRESENTATION_CONTEXT(2) 
PARAMETRIC_REPRESENTATION_CONTEXT() REPRESENTATION_CONTEXT('2D SPACE',''
  ) );
#989 = FACE_BOUND('',#990,.T.);
#990 = EDGE_LOOP('',(#991));
#991 = ORIENTED_EDGE('',*,*,#992,.T.);
#992 = EDGE_CURVE('',#993,#993,#995,.T.);
#993 = VERTEX_POINT('',#994);
#994 = CARTESIAN_POINT('',(-31.,3.918869757272E-16,21.6));
#995 = SURFACE_CURVE('',#996,(#1047,#1101),.PCURVE_S1.);
#996 = B_SPLINE_CURVE_WITH_KNOTS('',7,(#997,#998,#999,#1000,#1001,#1002,
    #1003,#1004,#1005,#1006,#1007,#1008,#1009,#1010,#1011,#1012,#1013,
    #1014,#1015,#1016,#1017,#1018,#1019,#1020,#1021,#1022,#1023,#1024,
    #1025,#1026,#1027,#1028,#1029,#1030,#1031,#1032,#1033,#1034,#1035,
    #1036,#1037,#1038,#1039,#1040,#1041,#1042,#1043,#1044,#1045,#1046),
  .UNSPECIFIED.,.T.,.F.,(8,6,6,6,6,6,6,6,8),(0.,0.128073412714,
    0.248598077801,0.36908850167,0.47231340808,0.587590888952,
    0.749371470877,0.870895132127,1.),.UNSPECIFIED.);
#997 = CARTESIAN_POINT('',(-31.,3.552713678801E-15,21.6));
#998 = CARTESIAN_POINT('',(-31.,-0.219099362862,21.6));
#999 = CARTESIAN_POINT('',(-30.99819335868,-0.432722669317,
    21.564996973897));
#1000 = CARTESIAN_POINT('',(-30.99474278386,-0.634327002332,
    21.498138425737));
#1001 = CARTESIAN_POINT('',(-30.99012713252,-0.818422291694,
    21.403909920695));
#1002 = CARTESIAN_POINT('',(-30.98501796579,-0.980816623436,
    21.288049097398));
#1003 = CARTESIAN_POINT('',(-30.98000525921,-1.119036059689,
    21.157420976823));
#1004 = CARTESIAN_POINT('',(-30.97121490488,-1.339899732255,
    20.890442658943));
#1005 = CARTESIAN_POINT('',(-30.96728369482,-1.42780611891,
    20.751901525462));
#1006 = CARTESIAN_POINT('',(-30.96393506931,-1.497207144807,
    20.607046634104));
#1007 = CARTESIAN_POINT('',(-30.96133099674,-1.548747351523,
    20.457919026987));
#1008 = CARTESIAN_POINT('',(-30.9595649205,-1.582918859053,
    20.306129562892));
#1009 = CARTESIAN_POINT('',(-30.95868214249,-1.6,20.15305490638));
#1010 = CARTESIAN_POINT('',(-30.95868214249,-1.6,19.846988576722));
#1011 = CARTESIAN_POINT('',(-30.9595644173,-1.582928574776,
    19.69390598785));
#1012 = CARTESIAN_POINT('',(-30.96133056364,-1.548755802544,
    19.542087918232));
#1013 = CARTESIAN_POINT('',(-30.96393527427,-1.497204348093,
    19.392935782635));
#1014 = CARTESIAN_POINT('',(-30.9672843746,-1.427792071264,
    19.248072513783));
#1015 = CARTESIAN_POINT('',(-30.97121549929,-1.339884797219,
    19.1095392877));
#1016 = CARTESIAN_POINT('',(-30.97912715142,-1.141099119242,
    18.86924868079));
#1017 = CARTESIAN_POINT('',(-30.98305457045,-1.034443582964,
    18.764010691802));
#1018 = CARTESIAN_POINT('',(-30.98707127195,-0.912911017549,
    18.667541180964));
#1019 = CARTESIAN_POINT('',(-30.99091951635,-0.777172600195,
    18.582876902126));
#1020 = CARTESIAN_POINT('',(-30.99429990047,-0.62846023238,
    18.512939293313));
#1021 = CARTESIAN_POINT('',(-30.9969181436,-0.468553856391,
    18.46052999129));
#1022 = CARTESIAN_POINT('',(-31.00037279535,-0.11136377346,
    18.392392338839));
#1023 = CARTESIAN_POINT('',(-31.00092163378,8.36031372574E-02,
    18.382520486257));
#1024 = CARTESIAN_POINT('',(-30.99997145526,0.278847509677,
    18.400696455958));
#1025 = CARTESIAN_POINT('',(-30.99754308984,0.467671039685,
    18.446311616631));
#1026 = CARTESIAN_POINT('',(-30.99401554376,0.64384739631,
    18.516309522818));
#1027 = CARTESIAN_POINT('',(-30.98992069098,0.802424949925,
    18.605287087653));
#1028 = CARTESIAN_POINT('',(-30.97985180794,1.134169943742,
    18.846313934114));
#1029 = CARTESIAN_POINT('',(-30.97361636103,1.293012169918,
    19.01339334546));
#1030 = CARTESIAN_POINT('',(-30.96792641505,1.417490877891,
    19.197294393698));
#1031 = CARTESIAN_POINT('',(-30.96337296413,1.509248980304,
    19.391874381563));
#1032 = CARTESIAN_POINT('',(-30.96024566889,1.569743959629,
    19.592626823823));
#1033 = CARTESIAN_POINT('',(-30.95868214249,1.6,19.796300757643));
#1034 = CARTESIAN_POINT('',(-30.95868214249,1.6,20.153011427146));
#1035 = CARTESIAN_POINT('',(-30.95956441733,1.582928573849,
    20.306094002673));
#1036 = CARTESIAN_POINT('',(-30.96133056347,1.548755806974,
    20.457912088588));
#1037 = CARTESIAN_POINT('',(-30.96393527461,1.497204339721,
    20.607064220928));
#1038 = CARTESIAN_POINT('',(-30.9672843743,1.427792078812,
    20.751927478439));
#1039 = CARTESIAN_POINT('',(-30.9712154994,1.339884794336,
    20.890460715785));
#1040 = CARTESIAN_POINT('',(-30.98000357165,1.119078460886,
    21.157369722582));
#1041 = CARTESIAN_POINT('',(-30.98501669184,0.980857766624,
    21.288026566633));
#1042 = CARTESIAN_POINT('',(-30.99012780188,0.818419514149,
    21.403931636071));
#1043 = CARTESIAN_POINT('',(-30.99474502528,0.634261580082,
    21.498181733136));
#1044 = CARTESIAN_POINT('',(-30.99819493854,0.43261299844,
    21.565027604941));
#1045 = CARTESIAN_POINT('',(-31.,0.219003479522,21.6));
#1046 = CARTESIAN_POINT('',(-31.,3.552713678801E-15,21.6));
#1047 = PCURVE('',#55,#1048);
#1048 = DEFINITIONAL_REPRESENTATION('',(#1049),#1100);
#1049 = B_SPLINE_CURVE_WITH_KNOTS('',7,(#1050,#1051,#1052,#1053,#1054,
    #1055,#1056,#1057,#1058,#1059,#1060,#1061,#1062,#1063,#1064,#1065,
    #1066,#1067,#1068,#1069,#1070,#1071,#1072,#1073,#1074,#1075,#1076,
    #1077,#1078,#1079,#1080,#1081,#1082,#1083,#1084,#1085,#1086,#1087,
    #1088,#1089,#1090,#1091,#1092,#1093,#1094,#1095,#1096,#1097,#1098,
    #1099),.UNSPECIFIED.,.T.,.F.,(8,6,6,6,6,6,6,6,8),(0.,0.128073412714,
    0.248598077801,0.36908850167,0.47231340808,0.587590888952,
    0.749371470877,0.870895132127,1.),.UNSPECIFIED.);
#1050 = CARTESIAN_POINT('',(3.14159265359,21.6));
#1051 = CARTESIAN_POINT('',(3.148660374972,21.6));
#1052 = CARTESIAN_POINT('',(3.155551450164,21.564996973897));
#1053 = CARTESIAN_POINT('',(3.162055387955,21.498138425737));
#1054 = CARTESIAN_POINT('',(3.167995559292,21.403909920695));
#1055 = CARTESIAN_POINT('',(3.173236580796,21.288049097398));
#1056 = CARTESIAN_POINT('',(3.177698175007,21.157420976823));
#1057 = CARTESIAN_POINT('',(3.184828450201,20.890442658943));
#1058 = CARTESIAN_POINT('',(3.187666940022,20.751901525462));
#1059 = CARTESIAN_POINT('',(3.189908274969,20.607046634104));
#1060 = CARTESIAN_POINT('',(3.191572981635,20.457919026987));
#1061 = CARTESIAN_POINT('',(3.192676759628,20.306129562892));
#1062 = CARTESIAN_POINT('',(3.193228499527,20.15305490638));
#1063 = CARTESIAN_POINT('',(3.193228499527,19.846988576722));
#1064 = CARTESIAN_POINT('',(3.19267707346,19.69390598785));
#1065 = CARTESIAN_POINT('',(3.191573254603,19.542087918232));
#1066 = CARTESIAN_POINT('',(3.189908184532,19.392935782635));
#1067 = CARTESIAN_POINT('',(3.187666486358,19.248072513783));
#1068 = CARTESIAN_POINT('',(3.184827968044,19.1095392877));
#1069 = CARTESIAN_POINT('',(3.17841045007,18.86924868079));
#1070 = CARTESIAN_POINT('',(3.174967633153,18.764010691802));
#1071 = CARTESIAN_POINT('',(3.171045130937,18.667541180964));
#1072 = CARTESIAN_POINT('',(3.166664814334,18.582876902126));
#1073 = CARTESIAN_POINT('',(3.161866544376,18.512939293313));
#1074 = CARTESIAN_POINT('',(3.156707699477,18.46052999129));
#1075 = CARTESIAN_POINT('',(3.145184899839,18.392392338839));
#1076 = CARTESIAN_POINT('',(3.138895766684,18.382520486257));
#1077 = CARTESIAN_POINT('',(3.132597789817,18.400696455958));
#1078 = CARTESIAN_POINT('',(3.126506523512,18.446311616631));
#1079 = CARTESIAN_POINT('',(3.120822429617,18.516309522818));
#1080 = CARTESIAN_POINT('',(3.115705372766,18.605287087653));
#1081 = CARTESIAN_POINT('',(3.104998993399,18.846313934114));
#1082 = CARTESIAN_POINT('',(3.099871307229,19.01339334546));
#1083 = CARTESIAN_POINT('',(3.095851743943,19.197294393698));
#1084 = CARTESIAN_POINT('',(3.092888167213,19.391874381563));
#1085 = CARTESIAN_POINT('',(3.090934111494,19.592626823823));
#1086 = CARTESIAN_POINT('',(3.089956807653,19.796300757643));
#1087 = CARTESIAN_POINT('',(3.089956807653,20.153011427146));
#1088 = CARTESIAN_POINT('',(3.09050823375,20.306094002673));
#1089 = CARTESIAN_POINT('',(3.091612052433,20.457912088588));
#1090 = CARTESIAN_POINT('',(3.093277122918,20.607064220928));
#1091 = CARTESIAN_POINT('',(3.095518820578,20.751927478439));
#1092 = CARTESIAN_POINT('',(3.098357339228,20.890460715785));
#1093 = CARTESIAN_POINT('',(3.105485763309,21.157369722582));
#1094 = CARTESIAN_POINT('',(3.109947398579,21.288026566633));
#1095 = CARTESIAN_POINT('',(3.115189838267,21.403931636071));
#1096 = CARTESIAN_POINT('',(3.12113203044,21.498181733136));
#1097 = CARTESIAN_POINT('',(3.127637394778,21.565027604941));
#1098 = CARTESIAN_POINT('',(3.134528025218,21.6));
#1099 = CARTESIAN_POINT('',(3.14159265359,21.6));
#1100 = ( GEOMETRIC_REPRESENTATION_CONTEXT(2) 
PARAMETRIC_REPRESENTATION_CONTEXT() REPRESENTATION_CONTEXT('2D SPACE',''
  ) );
#1101 = PCURVE('',#1102,#1107);
#1102 = CYLINDRICAL_SURFACE('',#1103,1.6);
#1103 = AXIS2_PLACEMENT_3D('',#1104,#1105,#1106);
#1104 = CARTESIAN_POINT('',(-34.,0.,20.));
#1105 = DIRECTION('',(1.,0.,0.));
#1106 = DIRECTION('',(0.,0.,1.));
#1107 = DEFINITIONAL_REPRESENTATION('',(#1108),#1159);
#1108 = B_SPLINE_CURVE_WITH_KNOTS('',7,(#1109,#1110,#1111,#1112,#1113,
    #1114,#1115,#1116,#1117,#1118,#1119,#1120,#1121,#1122,#1123,#1124,
    #1125,#1126,#1127,#1128,#1129,#1130,#1131,#1132,#1133,#1134,#1135,
    #1136,#1137,#1138,#1139,#1140,#1141,#1142,#1143,#1144,#1145,#1146,
    #1147,#1148,#1149,#1150,#1151,#1152,#1153,#1154,#1155,#1156,#1157,
    #1158),.UNSPECIFIED.,.F.,.F.,(8,6,6,6,6,6,6,6,8),(0.,0.128073412714,
    0.248598077801,0.36908850167,0.47231340808,0.587590888952,
    0.749371470877,0.870895132127,1.),.UNSPECIFIED.);
#1109 = CARTESIAN_POINT('',(-1.7763568394E-15,3.));
#1110 = CARTESIAN_POINT('',(0.136937101789,3.));
#1111 = CARTESIAN_POINT('',(0.270451600681,3.001806641319));
#1112 = CARTESIAN_POINT('',(0.400648581511,3.005257216137));
#1113 = CARTESIAN_POINT('',(0.527347478765,3.009872867475));
#1114 = CARTESIAN_POINT('',(0.650106603939,3.014982034203));
#1115 = CARTESIAN_POINT('',(0.768078592837,3.019994740782));
#1116 = CARTESIAN_POINT('',(0.984637425848,3.02878509512));
#1117 = CARTESIAN_POINT('',(1.086375902125,3.032716305172));
#1118 = CARTESIAN_POINT('',(1.185672210528,3.036064930682));
#1119 = CARTESIAN_POINT('',(1.283166820939,3.038669003255));
#1120 = CARTESIAN_POINT('',(1.379465446216,3.040435079495));
#1121 = CARTESIAN_POINT('',(1.475137010307,3.041317857506));
#1122 = CARTESIAN_POINT('',(1.666428466344,3.041317857506));
#1123 = CARTESIAN_POINT('',(1.762104974278,3.040435582696));
#1124 = CARTESIAN_POINT('',(1.85842031154,3.03866943636));
#1125 = CARTESIAN_POINT('',(1.955930819119,3.036064725722));
#1126 = CARTESIAN_POINT('',(2.055234849661,3.032715625394));
#1127 = CARTESIAN_POINT('',(2.15696987168,3.028784500707));
#1128 = CARTESIAN_POINT('',(2.351881030867,3.020872848571));
#1129 = CARTESIAN_POINT('',(2.445051483565,3.016945429545));
#1130 = CARTESIAN_POINT('',(2.541112544269,3.012928728047));
#1131 = CARTESIAN_POINT('',(2.639911535415,3.009080483641));
#1132 = CARTESIAN_POINT('',(2.741421032478,3.005700099525));
#1133 = CARTESIAN_POINT('',(2.84573049099,3.003081856394));
#1134 = CARTESIAN_POINT('',(3.072999858139,2.999627204643));
#1135 = CARTESIAN_POINT('',(3.193851560845,2.999078366219));
#1136 = CARTESIAN_POINT('',(3.31440656708,3.000028544732));
#1137 = CARTESIAN_POINT('',(3.433631764667,3.002456910151));
#1138 = CARTESIAN_POINT('',(3.550405880943,3.005984456236));
#1139 = CARTESIAN_POINT('',(3.663276021895,3.010079309019));
#1140 = CARTESIAN_POINT('',(3.919563124116,3.020148192054));
#1141 = CARTESIAN_POINT('',(4.061260096458,3.026383638966));
#1142 = CARTESIAN_POINT('',(4.197225530165,3.032073584948));
#1143 = CARTESIAN_POINT('',(4.328937020516,3.036627035861));
#1144 = CARTESIAN_POINT('',(4.457781549053,3.039754331107));
#1145 = CARTESIAN_POINT('',(4.585076953912,3.041317857506));
#1146 = CARTESIAN_POINT('',(4.808021122351,3.041317857506));
#1147 = CARTESIAN_POINT('',(4.903697622221,3.040435582665));
#1148 = CARTESIAN_POINT('',(5.000012968312,3.038669436529));
#1149 = CARTESIAN_POINT('',(5.097523476804,3.036064725389));
#1150 = CARTESIAN_POINT('',(5.196827496736,3.032715625697));
#1151 = CARTESIAN_POINT('',(5.298562528096,3.028784500592));
#1152 = CARTESIAN_POINT('',(5.515065139585,3.019996428345));
#1153 = CARTESIAN_POINT('',(5.633051475835,3.014983308156));
#1154 = CARTESIAN_POINT('',(5.755846791449,3.00987219812));
#1155 = CARTESIAN_POINT('',(5.882583053737,3.00525497472));
#1156 = CARTESIAN_POINT('',(6.012802263323,3.001805061453));
#1157 = CARTESIAN_POINT('',(6.146308132478,3.));
#1158 = CARTESIAN_POINT('',(6.28318530718,3.));
#1159 = ( GEOMETRIC_REPRESENTATION_CONTEXT(2) 
PARAMETRIC_REPRESENTATION_CONTEXT() REPRESENTATION_CONTEXT('2D SPACE',''
  ) );
#1160 = FACE_BOUND('',#1161,.T.);
#1161 = EDGE_LOOP('',(#1162));
#1162 = ORIENTED_EDGE('',*,*,#1163,.T.);
#1163 = EDGE_CURVE('',#1164,#1164,#1166,.T.);
#1164 = VERTEX_POINT('',#1165);
#1165 = CARTESIAN_POINT('',(-3.833578352065E-15,-31.,21.6));
#1166 = SURFACE_CURVE('',#1167,(#1218,#1272),.PCURVE_S1.);
#1167 = B_SPLINE_CURVE_WITH_KNOTS('',7,(#1168,#1169,#1170,#1171,#1172,
    #1173,#1174,#1175,#1176,#1177,#1178,#1179,#1180,#1181,#1182,#1183,
    #1184,#1185,#1186,#1187,#1188,#1189,#1190,#1191,#1192,#1193,#1194,
    #1195,#1196,#1197,#1198,#1199,#1200,#1201,#1202,#1203,#1204,#1205,
    #1206,#1207,#1208,#1209,#1210,#1211,#1212,#1213,#1214,#1215,#1216,
    #1217),.UNSPECIFIED.,.T.,.F.,(8,6,6,6,6,6,6,6,8),(0.,0.142399850268,
    0.276406541416,0.443975419387,0.590665105561,0.685911121297,
    0.790689250411,0.89217892805,1.),.UNSPECIFIED.);
#1168 = CARTESIAN_POINT('',(-4.662936703426E-15,-31.,21.6));
#1169 = CARTESIAN_POINT('',(0.219099362862,-31.,21.6));
#1170 = CARTESIAN_POINT('',(0.432722669317,-30.99819335868,
    21.564996973897));
#1171 = CARTESIAN_POINT('',(0.634327002332,-30.99474278386,
    21.498138425737));
#1172 = CARTESIAN_POINT('',(0.818422291694,-30.99012713252,
    21.403909920695));
#1173 = CARTESIAN_POINT('',(0.980816623436,-30.98501796579,
    21.288049097398));
#1174 = CARTESIAN_POINT('',(1.11903605969,-30.98000525921,
    21.157420976823));
#1175 = CARTESIAN_POINT('',(1.339899732255,-30.97121490488,
    20.890442658943));
#1176 = CARTESIAN_POINT('',(1.42780611891,-30.96728369482,
    20.751901525461));
#1177 = CARTESIAN_POINT('',(1.497207144806,-30.96393506931,
    20.607046634106));
#1178 = CARTESIAN_POINT('',(1.548747351523,-30.96133099674,
    20.457919026986));
#1179 = CARTESIAN_POINT('',(1.582918859053,-30.9595649205,
    20.306129562893));
#1180 = CARTESIAN_POINT('',(1.6,-30.95868214249,20.15305490638));
#1181 = CARTESIAN_POINT('',(1.6,-30.95868214249,19.808612251297));
#1182 = CARTESIAN_POINT('',(1.573292213788,-30.96006237988,
    19.617281716103));
#1183 = CARTESIAN_POINT('',(1.519897858273,-30.96282225191,
    19.428396403431));
#1184 = CARTESIAN_POINT('',(1.439062358976,-30.96685351069,
    19.24465999411));
#1185 = CARTESIAN_POINT('',(1.329585959846,-30.97193158716,
    19.069584814499));
#1186 = CARTESIAN_POINT('',(1.190116508623,-30.97761506502,
    18.908012036527));
#1187 = CARTESIAN_POINT('',(0.870852040299,-30.98812433238,
    18.643893498536));
#1188 = CARTESIAN_POINT('',(0.693272067125,-30.99313207974,
    18.532385974661));
#1189 = CARTESIAN_POINT('',(0.490705154525,-30.99755132112,
    18.445169547308));
#1190 = CARTESIAN_POINT('',(0.270449793128,-31.00050774285,
    18.390864486295));
#1191 = CARTESIAN_POINT('',(4.221272703774E-02,-31.00136746533,
    18.374096130357));
#1192 = CARTESIAN_POINT('',(-0.183663682322,-31.00019635504,
    18.395259424337));
#1193 = CARTESIAN_POINT('',(-0.537010528366,-30.9956605601,
    18.485983474475));
#1194 = CARTESIAN_POINT('',(-0.672376809472,-30.99319451972,
    18.536267998626));
#1195 = CARTESIAN_POINT('',(-0.802160631057,-30.99014186082,
    18.600644821177));
#1196 = CARTESIAN_POINT('',(-0.924622210338,-30.98665071359,
    18.678359351751));
#1197 = CARTESIAN_POINT('',(-1.03814524605,-30.9829085522,
    18.768389738528));
#1198 = CARTESIAN_POINT('',(-1.141281851546,-30.9791198787,
    18.869469566201));
#1199 = CARTESIAN_POINT('',(-1.333521678495,-30.97146875084,
    19.101847598461));
#1200 = CARTESIAN_POINT('',(-1.420201809095,-30.96763644609,
    19.235176780166));
#1201 = CARTESIAN_POINT('',(-1.491245688321,-30.96423500124,
    19.378152569325));
#1202 = CARTESIAN_POINT('',(-1.54540257483,-30.96150406282,
    19.52857351899));
#1203 = CARTESIAN_POINT('',(-1.581804688465,-30.95962241635,
    19.684040433577));
#1204 = CARTESIAN_POINT('',(-1.6,-30.95868214249,19.842030722312));
#1205 = CARTESIAN_POINT('',(-1.6,-30.95868214249,20.153011427147));
#1206 = CARTESIAN_POINT('',(-1.582928573849,-30.95956441733,
    20.306094002672));
#1207 = CARTESIAN_POINT('',(-1.548755806974,-30.96133056347,
    20.457912088588));
#1208 = CARTESIAN_POINT('',(-1.497204339721,-30.96393527461,
    20.607064220927));
#1209 = CARTESIAN_POINT('',(-1.427792078812,-30.9672843743,
    20.751927478439));
#1210 = CARTESIAN_POINT('',(-1.339884794336,-30.9712154994,
    20.890460715785));
#1211 = CARTESIAN_POINT('',(-1.119078460876,-30.98000357165,
    21.157369722593));
#1212 = CARTESIAN_POINT('',(-0.980857766622,-30.98501669184,
    21.28802656663));
#1213 = CARTESIAN_POINT('',(-0.818419514158,-30.99012780187,
    21.403931636064));
#1214 = CARTESIAN_POINT('',(-0.634261580094,-30.99474502528,
    21.498181733134));
#1215 = CARTESIAN_POINT('',(-0.432612998437,-30.99819493854,
    21.565027604945));
#1216 = CARTESIAN_POINT('',(-0.219003479509,-31.,21.6));
#1217 = CARTESIAN_POINT('',(-4.662936703426E-15,-31.,21.6));
#1218 = PCURVE('',#55,#1219);
#1219 = DEFINITIONAL_REPRESENTATION('',(#1220),#1271);
#1220 = B_SPLINE_CURVE_WITH_KNOTS('',7,(#1221,#1222,#1223,#1224,#1225,
    #1226,#1227,#1228,#1229,#1230,#1231,#1232,#1233,#1234,#1235,#1236,
    #1237,#1238,#1239,#1240,#1241,#1242,#1243,#1244,#1245,#1246,#1247,
    #1248,#1249,#1250,#1251,#1252,#1253,#1254,#1255,#1256,#1257,#1258,
    #1259,#1260,#1261,#1262,#1263,#1264,#1265,#1266,#1267,#1268,#1269,
    #1270),.UNSPECIFIED.,.T.,.F.,(8,6,6,6,6,6,6,6,8),(0.,0.142399850268,
    0.276406541416,0.443975419387,0.590665105561,0.685911121297,
    0.790689250411,0.89217892805,1.),.UNSPECIFIED.);
#1221 = CARTESIAN_POINT('',(4.712388980385,21.6));
#1222 = CARTESIAN_POINT('',(4.719456701767,21.6));
#1223 = CARTESIAN_POINT('',(4.726347776959,21.564996973897));
#1224 = CARTESIAN_POINT('',(4.73285171475,21.498138425737));
#1225 = CARTESIAN_POINT('',(4.738791886087,21.403909920695));
#1226 = CARTESIAN_POINT('',(4.744032907591,21.288049097398));
#1227 = CARTESIAN_POINT('',(4.748494501802,21.157420976823));
#1228 = CARTESIAN_POINT('',(4.755624776996,20.890442658943));
#1229 = CARTESIAN_POINT('',(4.758463266817,20.751901525461));
#1230 = CARTESIAN_POINT('',(4.760704601764,20.607046634106));
#1231 = CARTESIAN_POINT('',(4.76236930843,20.457919026986));
#1232 = CARTESIAN_POINT('',(4.763473086423,20.306129562893));
#1233 = CARTESIAN_POINT('',(4.764024826322,20.15305490638));
#1234 = CARTESIAN_POINT('',(4.764024826322,19.808612251297));
#1235 = CARTESIAN_POINT('',(4.763162135061,19.617281716103));
#1236 = CARTESIAN_POINT('',(4.761437437403,19.428396403431));
#1237 = CARTESIAN_POINT('',(4.758826604165,19.24465999411));
#1238 = CARTESIAN_POINT('',(4.755291358272,19.069584814499));
#1239 = CARTESIAN_POINT('',(4.750788747576,18.908012036527));
#1240 = CARTESIAN_POINT('',(4.740484315676,18.643893498536));
#1241 = CARTESIAN_POINT('',(4.734753718401,18.532385974661));
#1242 = CARTESIAN_POINT('',(4.728217953026,18.445169547308));
#1243 = CARTESIAN_POINT('',(4.721112834231,18.390864486295));
#1244 = CARTESIAN_POINT('',(4.713750785535,18.374096130357));
#1245 = CARTESIAN_POINT('',(4.706464562366,18.395259424337));
#1246 = CARTESIAN_POINT('',(4.695065337944,18.485983474475));
#1247 = CARTESIAN_POINT('',(4.690698022345,18.536267998626));
#1248 = CARTESIAN_POINT('',(4.686510380917,18.600644821177));
#1249 = CARTESIAN_POINT('',(4.682558479631,18.678359351751));
#1250 = CARTESIAN_POINT('',(4.678894500332,18.768389738528));
#1251 = CARTESIAN_POINT('',(4.675565284647,18.869469566201));
#1252 = CARTESIAN_POINT('',(4.669359090331,19.101847598461));
#1253 = CARTESIAN_POINT('',(4.666560253352,19.235176780166));
#1254 = CARTESIAN_POINT('',(4.66426590646,19.378152569325));
#1255 = CARTESIAN_POINT('',(4.662516693788,19.52857351899));
#1256 = CARTESIAN_POINT('',(4.661340862678,19.684040433577));
#1257 = CARTESIAN_POINT('',(4.660753134448,19.842030722312));
#1258 = CARTESIAN_POINT('',(4.660753134448,20.153011427147));
#1259 = CARTESIAN_POINT('',(4.661304560545,20.306094002672));
#1260 = CARTESIAN_POINT('',(4.662408379228,20.457912088588));
#1261 = CARTESIAN_POINT('',(4.664073449713,20.607064220927));
#1262 = CARTESIAN_POINT('',(4.666315147373,20.751927478439));
#1263 = CARTESIAN_POINT('',(4.669153666023,20.890460715785));
#1264 = CARTESIAN_POINT('',(4.676282090104,21.157369722593));
#1265 = CARTESIAN_POINT('',(4.680743725374,21.28802656663));
#1266 = CARTESIAN_POINT('',(4.685986165062,21.403931636064));
#1267 = CARTESIAN_POINT('',(4.691928357235,21.498181733134));
#1268 = CARTESIAN_POINT('',(4.698433721573,21.565027604945));
#1269 = CARTESIAN_POINT('',(4.705324352013,21.6));
#1270 = CARTESIAN_POINT('',(4.712388980385,21.6));
#1271 = ( GEOMETRIC_REPRESENTATION_CONTEXT(2) 
PARAMETRIC_REPRESENTATION_CONTEXT() REPRESENTATION_CONTEXT('2D SPACE',''
  ) );
#1272 = PCURVE('',#1273,#1278);
#1273 = CYLINDRICAL_SURFACE('',#1274,1.6);
#1274 = AXIS2_PLACEMENT_3D('',#1275,#1276,#1277);
#1275 = CARTESIAN_POINT('',(-3.774758283726E-15,-34.,20.));
#1276 = DIRECTION('',(1.110223024625E-16,1.,0.));
#1277 = DIRECTION('',(0.,0.,1.));
#1278 = DEFINITIONAL_REPRESENTATION('',(#1279),#1330);
#1279 = B_SPLINE_CURVE_WITH_KNOTS('',7,(#1280,#1281,#1282,#1283,#1284,
    #1285,#1286,#1287,#1288,#1289,#1290,#1291,#1292,#1293,#1294,#1295,
    #1296,#1297,#1298,#1299,#1300,#1301,#1302,#1303,#1304,#1305,#1306,
    #1307,#1308,#1309,#1310,#1311,#1312,#1313,#1314,#1315,#1316,#1317,
    #1318,#1319,#1320,#1321,#1322,#1323,#1324,#1325,#1326,#1327,#1328,
    #1329),.UNSPECIFIED.,.F.,.F.,(8,6,6,6,6,6,6,6,8),(0.,0.142399850268,
    0.276406541416,0.443975419387,0.590665105561,0.685911121297,
    0.790689250411,0.89217892805,1.),.UNSPECIFIED.);
#1280 = CARTESIAN_POINT('',(0.,3.));
#1281 = CARTESIAN_POINT('',(0.136937101789,3.));
#1282 = CARTESIAN_POINT('',(0.270451600681,3.001806641319));
#1283 = CARTESIAN_POINT('',(0.400648581511,3.005257216137));
#1284 = CARTESIAN_POINT('',(0.527347478765,3.009872867475));
#1285 = CARTESIAN_POINT('',(0.650106603939,3.014982034203));
#1286 = CARTESIAN_POINT('',(0.768078592837,3.019994740782));
#1287 = CARTESIAN_POINT('',(0.984637425848,3.02878509512));
#1288 = CARTESIAN_POINT('',(1.086375902125,3.032716305172));
#1289 = CARTESIAN_POINT('',(1.185672210528,3.036064930682));
#1290 = CARTESIAN_POINT('',(1.283166820939,3.038669003255));
#1291 = CARTESIAN_POINT('',(1.379465446216,3.040435079495));
#1292 = CARTESIAN_POINT('',(1.475137010308,3.041317857506));
#1293 = CARTESIAN_POINT('',(1.690413669734,3.041317857506));
#1294 = CARTESIAN_POINT('',(1.809994543598,3.039937620116));
#1295 = CARTESIAN_POINT('',(1.930846609098,3.037177748088));
#1296 = CARTESIAN_POINT('',(2.054054477123,3.033146489305));
#1297 = CARTESIAN_POINT('',(2.18082001948,3.028068412839));
#1298 = CARTESIAN_POINT('',(2.312354016109,3.022384934971));
#1299 = CARTESIAN_POINT('',(2.571324636762,3.01187566762));
#1300 = CARTESIAN_POINT('',(2.701266725436,3.006867920253));
#1301 = CARTESIAN_POINT('',(2.836440764176,3.002448678878));
#1302 = CARTESIAN_POINT('',(2.974770824506,2.999492257148));
#1303 = CARTESIAN_POINT('',(3.114650686066,2.998632534663));
#1304 = CARTESIAN_POINT('',(3.254676814201,2.999803644955));
#1305 = CARTESIAN_POINT('',(3.482681788518,3.004339439891));
#1306 = CARTESIAN_POINT('',(3.572443455672,3.006805480275));
#1307 = CARTESIAN_POINT('',(3.662197657895,3.009858139176));
#1308 = CARTESIAN_POINT('',(3.75195396701,3.013349286407));
#1309 = CARTESIAN_POINT('',(3.841717926988,3.017091447799));
#1310 = CARTESIAN_POINT('',(3.931483446993,3.0208801213));
#1311 = CARTESIAN_POINT('',(4.119976339911,3.028531249153));
#1312 = CARTESIAN_POINT('',(4.218716150047,3.03236355391));
#1313 = CARTESIAN_POINT('',(4.317445074277,3.035764998757));
#1314 = CARTESIAN_POINT('',(4.416174888305,3.03849593718));
#1315 = CARTESIAN_POINT('',(4.514914531028,3.040377583646));
#1316 = CARTESIAN_POINT('',(4.61365818183,3.041317857506));
#1317 = CARTESIAN_POINT('',(4.808021122351,3.041317857506));
#1318 = CARTESIAN_POINT('',(4.903697622221,3.040435582665));
#1319 = CARTESIAN_POINT('',(5.000012968312,3.038669436529));
#1320 = CARTESIAN_POINT('',(5.097523476804,3.036064725389));
#1321 = CARTESIAN_POINT('',(5.196827496736,3.032715625697));
#1322 = CARTESIAN_POINT('',(5.298562528096,3.028784500592));
#1323 = CARTESIAN_POINT('',(5.515065139594,3.019996428345));
#1324 = CARTESIAN_POINT('',(5.633051475834,3.014983308156));
#1325 = CARTESIAN_POINT('',(5.755846791443,3.009872198121));
#1326 = CARTESIAN_POINT('',(5.882583053729,3.00525497472));
#1327 = CARTESIAN_POINT('',(6.012802263324,3.001805061452));
#1328 = CARTESIAN_POINT('',(6.146308132487,3.));
#1329 = CARTESIAN_POINT('',(6.28318530718,3.));
#1330 = ( GEOMETRIC_REPRESENTATION_CONTEXT(2) 
PARAMETRIC_REPRESENTATION_CONTEXT() REPRESENTATION_CONTEXT('2D SPACE',''
  ) );
#1331 = ADVANCED_FACE('',(#1332),#90,.F.);
#1332 = FACE_BOUND('',#1333,.F.);
#1333 = EDGE_LOOP('',(#1334,#1335,#1358,#1455,#1545,#1546));
#1334 = ORIENTED_EDGE('',*,*,#21,.F.);
#1335 = ORIENTED_EDGE('',*,*,#1336,.F.);
#1336 = EDGE_CURVE('',#1337,#22,#1339,.T.);
#1337 = VERTEX_POINT('',#1338);
#1338 = CARTESIAN_POINT('',(28.,-3.233067549749E-15,21.6));
#1339 = SEAM_CURVE('',#1340,(#1344,#1351),.PCURVE_S1.);
#1340 = LINE('',#1341,#1342);
#1341 = CARTESIAN_POINT('',(-34.,3.918869757272E-16,21.6));
#1342 = VECTOR('',#1343,1.);
#1343 = DIRECTION('',(1.,0.,0.));
#1344 = PCURVE('',#90,#1345);
#1345 = DEFINITIONAL_REPRESENTATION('',(#1346),#1350);
#1346 = LINE('',#1347,#1348);
#1347 = CARTESIAN_POINT('',(6.28318530718,-0.));
#1348 = VECTOR('',#1349,1.);
#1349 = DIRECTION('',(0.,1.));
#1350 = ( GEOMETRIC_REPRESENTATION_CONTEXT(2) 
PARAMETRIC_REPRESENTATION_CONTEXT() REPRESENTATION_CONTEXT('2D SPACE',''
  ) );
#1351 = PCURVE('',#90,#1352);
#1352 = DEFINITIONAL_REPRESENTATION('',(#1353),#1357);
#1353 = LINE('',#1354,#1355);
#1354 = CARTESIAN_POINT('',(0.,-0.));
#1355 = VECTOR('',#1356,1.);
#1356 = DIRECTION('',(0.,1.));
#1357 = ( GEOMETRIC_REPRESENTATION_CONTEXT(2) 
PARAMETRIC_REPRESENTATION_CONTEXT() REPRESENTATION_CONTEXT('2D SPACE',''
  ) );
#1358 = ORIENTED_EDGE('',*,*,#1359,.T.);
#1359 = EDGE_CURVE('',#1337,#1360,#1362,.T.);
#1360 = VERTEX_POINT('',#1361);
#1361 = CARTESIAN_POINT('',(28.,-6.858022075225E-15,18.4));
#1362 = SURFACE_CURVE('',#1363,(#1390,#1420),.PCURVE_S1.);
#1363 = B_SPLINE_CURVE_WITH_KNOTS('',7,(#1364,#1365,#1366,#1367,#1368,
    #1369,#1370,#1371,#1372,#1373,#1374,#1375,#1376,#1377,#1378,#1379,
    #1380,#1381,#1382,#1383,#1384,#1385,#1386,#1387,#1388,#1389),
  .UNSPECIFIED.,.F.,.F.,(8,6,6,6,8),(0.,0.257643461442,0.500082256292,
    0.742440688601,1.),.UNSPECIFIED.);
#1364 = CARTESIAN_POINT('',(28.,-1.7763568394E-15,21.6));
#1365 = CARTESIAN_POINT('',(28.,-0.219108222492,21.6));
#1366 = CARTESIAN_POINT('',(27.997999626871,-0.432732781732,
    21.564994144744));
#1367 = CARTESIAN_POINT('',(27.994179288256,-0.634333849005,
    21.49813442754));
#1368 = CARTESIAN_POINT('',(27.98906903257,-0.818425111688,
    21.403907152058));
#1369 = CARTESIAN_POINT('',(27.98341200032,-0.980816830605,
    21.288048460956));
#1370 = CARTESIAN_POINT('',(27.977861462155,-1.119035453375,
    21.157421709732));
#1371 = CARTESIAN_POINT('',(27.968127860601,-1.339891930025,
    20.890452090219));
#1372 = CARTESIAN_POINT('',(27.9637746587,-1.427796292261,
    20.751918106992));
#1373 = CARTESIAN_POINT('',(27.960066214658,-1.497199662077,
    20.607065769838));
#1374 = CARTESIAN_POINT('',(27.957182075909,-1.548743932351,
    20.457935217924));
#1375 = CARTESIAN_POINT('',(27.955226019612,-1.58291837006,
    20.306138809739));
#1376 = CARTESIAN_POINT('',(27.95424833545,-1.6,20.153057094222));
#1377 = CARTESIAN_POINT('',(27.95424833545,-1.6,19.846993640468));
#1378 = CARTESIAN_POINT('',(27.955225369703,-1.582929703145,
    19.693902844605));
#1379 = CARTESIAN_POINT('',(27.957181511393,-1.548753870341,
    19.542073026543));
#1380 = CARTESIAN_POINT('',(27.960066479121,-1.497196417848,
    19.392913507269));
#1381 = CARTESIAN_POINT('',(27.963775552044,-1.427779651218,
    19.248051026706));
#1382 = CARTESIAN_POINT('',(27.968128648381,-1.339874055205,
    19.109526302835));
#1383 = CARTESIAN_POINT('',(27.977860649351,-1.119053895988,
    18.842600583558));
#1384 = CARTESIAN_POINT('',(27.983411279297,-0.980837200264,
    18.71196431616));
#1385 = CARTESIAN_POINT('',(27.989069181086,-0.818428656467,
    18.596086345867));
#1386 = CARTESIAN_POINT('',(27.994180334547,-0.634309262167,
    18.501847217901));
#1387 = CARTESIAN_POINT('',(27.998000453028,-0.432684633422,
    18.434991413325));
#1388 = CARTESIAN_POINT('',(28.,-0.219063032128,18.4));
#1389 = CARTESIAN_POINT('',(28.,-1.33226762955E-15,18.4));
#1390 = PCURVE('',#90,#1391);
#1391 = DEFINITIONAL_REPRESENTATION('',(#1392),#1419);
#1392 = B_SPLINE_CURVE_WITH_KNOTS('',7,(#1393,#1394,#1395,#1396,#1397,
    #1398,#1399,#1400,#1401,#1402,#1403,#1404,#1405,#1406,#1407,#1408,
    #1409,#1410,#1411,#1412,#1413,#1414,#1415,#1416,#1417,#1418),
  .UNSPECIFIED.,.F.,.F.,(8,6,6,6,8),(0.,0.257643461442,0.500082256292,
    0.742440688601,1.),.UNSPECIFIED.);
#1393 = CARTESIAN_POINT('',(-1.7763568394E-15,62.));
#1394 = CARTESIAN_POINT('',(0.136942639058,62.));
#1395 = CARTESIAN_POINT('',(0.270457921153,61.997999626871));
#1396 = CARTESIAN_POINT('',(0.400653367836,61.994179288256));
#1397 = CARTESIAN_POINT('',(0.527349897431,61.98906903257));
#1398 = CARTESIAN_POINT('',(0.650106993509,61.98341200032));
#1399 = CARTESIAN_POINT('',(0.76807799834,61.977861462155));
#1400 = CARTESIAN_POINT('',(0.984629775691,61.968127860601));
#1401 = CARTESIAN_POINT('',(1.086364002452,61.9637746587));
#1402 = CARTESIAN_POINT('',(1.185659599755,61.960066214658));
#1403 = CARTESIAN_POINT('',(1.283156639158,61.957182075909));
#1404 = CARTESIAN_POINT('',(1.379459667143,61.955226019612));
#1405 = CARTESIAN_POINT('',(1.475135642906,61.95424833545));
#1406 = CARTESIAN_POINT('',(1.666425301502,61.95424833545));
#1407 = CARTESIAN_POINT('',(1.762106938135,61.955225369703));
#1408 = CARTESIAN_POINT('',(1.858429480419,61.957181511393));
#1409 = CARTESIAN_POINT('',(1.955945277809,61.960066479121));
#1410 = CARTESIAN_POINT('',(2.055250144365,61.963775552044));
#1411 = CARTESIAN_POINT('',(2.156980404322,61.968128648381));
#1412 = CARTESIAN_POINT('',(2.3734965721,61.977860649351));
#1413 = CARTESIAN_POINT('',(2.491471396166,61.983411279297));
#1414 = CARTESIAN_POINT('',(2.614243349444,61.989069181086));
#1415 = CARTESIAN_POINT('',(2.740957210552,61.994180334547));
#1416 = CARTESIAN_POINT('',(2.871164832902,61.998000453028));
#1417 = CARTESIAN_POINT('',(3.00467825851,62.));
#1418 = CARTESIAN_POINT('',(3.14159265359,62.));
#1419 = ( GEOMETRIC_REPRESENTATION_CONTEXT(2) 
PARAMETRIC_REPRESENTATION_CONTEXT() REPRESENTATION_CONTEXT('2D SPACE',''
  ) );
#1420 = PCURVE('',#1421,#1426);
#1421 = CYLINDRICAL_SURFACE('',#1422,28.);
#1422 = AXIS2_PLACEMENT_3D('',#1423,#1424,#1425);
#1423 = CARTESIAN_POINT('',(0.,0.,-1.));
#1424 = DIRECTION('',(0.,0.,1.));
#1425 = DIRECTION('',(1.,0.,-0.));
#1426 = DEFINITIONAL_REPRESENTATION('',(#1427),#1454);
#1427 = B_SPLINE_CURVE_WITH_KNOTS('',7,(#1428,#1429,#1430,#1431,#1432,
    #1433,#1434,#1435,#1436,#1437,#1438,#1439,#1440,#1441,#1442,#1443,
    #1444,#1445,#1446,#1447,#1448,#1449,#1450,#1451,#1452,#1453),
  .UNSPECIFIED.,.F.,.F.,(8,6,6,6,8),(0.,0.257643461442,0.500082256292,
    0.742440688601,1.),.UNSPECIFIED.);
#1428 = CARTESIAN_POINT('',(6.28318530718,22.6));
#1429 = CARTESIAN_POINT('',(6.275360013519,22.6));
#1430 = CARTESIAN_POINT('',(6.267730563906,22.564994144744));
#1431 = CARTESIAN_POINT('',(6.260529749131,22.49813442754));
#1432 = CARTESIAN_POINT('',(6.253952871384,22.403907152058));
#1433 = CARTESIAN_POINT('',(6.248149781274,22.288048460956));
#1434 = CARTESIAN_POINT('',(6.243209461825,22.157421709732));
#1435 = CARTESIAN_POINT('',(6.235314073876,21.890452090219));
#1436 = CARTESIAN_POINT('',(6.23217083155,21.751918106992));
#1437 = CARTESIAN_POINT('',(6.229688620572,21.607065769838));
#1438 = CARTESIAN_POINT('',(6.227844876138,21.457935217924));
#1439 = CARTESIAN_POINT('',(6.226622362736,21.306138809739));
#1440 = CARTESIAN_POINT('',(6.226011306099,21.153057094222));
#1441 = CARTESIAN_POINT('',(6.226011306099,20.846993640468));
#1442 = CARTESIAN_POINT('',(6.226621957316,20.693902844605));
#1443 = CARTESIAN_POINT('',(6.227844520641,20.542073026543));
#1444 = CARTESIAN_POINT('',(6.229688736788,20.392913507269));
#1445 = CARTESIAN_POINT('',(6.232171426702,20.248051026706));
#1446 = CARTESIAN_POINT('',(6.235314712882,20.109526302835));
#1447 = CARTESIAN_POINT('',(6.24320880252,19.842600583558));
#1448 = CARTESIAN_POINT('',(6.248149053336,19.71196431616));
#1449 = CARTESIAN_POINT('',(6.253952745166,19.596086345867));
#1450 = CARTESIAN_POINT('',(6.260530627741,19.501847217901));
#1451 = CARTESIAN_POINT('',(6.267732283492,19.434991413325));
#1452 = CARTESIAN_POINT('',(6.275361627461,19.4));
#1453 = CARTESIAN_POINT('',(6.28318530718,19.4));
#1454 = ( GEOMETRIC_REPRESENTATION_CONTEXT(2) 
PARAMETRIC_REPRESENTATION_CONTEXT() REPRESENTATION_CONTEXT('2D SPACE',''
  ) );
#1455 = ORIENTED_EDGE('',*,*,#1456,.T.);
#1456 = EDGE_CURVE('',#1360,#1337,#1457,.T.);
#1457 = SURFACE_CURVE('',#1458,(#1485,#1515),.PCURVE_S1.);
#1458 = B_SPLINE_CURVE_WITH_KNOTS('',7,(#1459,#1460,#1461,#1462,#1463,
    #1464,#1465,#1466,#1467,#1468,#1469,#1470,#1471,#1472,#1473,#1474,
    #1475,#1476,#1477,#1478,#1479,#1480,#1481,#1482,#1483,#1484),
  .UNSPECIFIED.,.F.,.F.,(8,6,6,6,8),(0.,0.257646687539,0.500048050556,
    0.742449413571,1.),.UNSPECIFIED.);
#1459 = CARTESIAN_POINT('',(28.,2.033656463349E-15,18.4));
#1460 = CARTESIAN_POINT('',(28.,0.219108222492,18.4));
#1461 = CARTESIAN_POINT('',(27.997999626871,0.432732781732,
    18.435005855256));
#1462 = CARTESIAN_POINT('',(27.994179288256,0.634333849005,
    18.50186557246));
#1463 = CARTESIAN_POINT('',(27.98906903257,0.818425111688,
    18.596092847942));
#1464 = CARTESIAN_POINT('',(27.98341200032,0.980816830605,
    18.711951539044));
#1465 = CARTESIAN_POINT('',(27.977861462155,1.119035453375,
    18.842578290269));
#1466 = CARTESIAN_POINT('',(27.968128648251,1.339874058149,
    19.109526306395));
#1467 = CARTESIAN_POINT('',(27.963775552388,1.427779643507,
    19.24805101876));
#1468 = CARTESIAN_POINT('',(27.960066478743,1.497196426404,
    19.392913510913));
#1469 = CARTESIAN_POINT('',(27.957181511585,1.548753865812,
    19.542073033509));
#1470 = CARTESIAN_POINT('',(27.955225369667,1.582929704093,
    19.693902834916));
#1471 = CARTESIAN_POINT('',(27.95424833545,1.6,19.846993644424));
#1472 = CARTESIAN_POINT('',(27.95424833545,1.6,20.153006355576));
#1473 = CARTESIAN_POINT('',(27.955225369667,1.582929704093,
    20.306097165084));
#1474 = CARTESIAN_POINT('',(27.957181511585,1.548753865812,
    20.457926966491));
#1475 = CARTESIAN_POINT('',(27.960066478743,1.497196426404,
    20.607086489087));
#1476 = CARTESIAN_POINT('',(27.963775552388,1.427779643507,
    20.75194898124));
#1477 = CARTESIAN_POINT('',(27.968128648251,1.339874058149,
    20.890473693606));
#1478 = CARTESIAN_POINT('',(27.977859591666,1.119077894967,
    21.15737040666));
#1479 = CARTESIAN_POINT('',(27.983410588614,0.980858008247,
    21.288025914619));
#1480 = CARTESIAN_POINT('',(27.989069775005,0.818422322425,
    21.403928892806));
#1481 = CARTESIAN_POINT('',(27.994181772086,0.634268359876,
    21.49817777558));
#1482 = CARTESIAN_POINT('',(27.998001377816,0.432623006882,
    21.565024806922));
#1483 = CARTESIAN_POINT('',(28.,0.219012245355,21.6));
#1484 = CARTESIAN_POINT('',(28.,1.617028959384E-15,21.6));
#1485 = PCURVE('',#90,#1486);
#1486 = DEFINITIONAL_REPRESENTATION('',(#1487),#1514);
#1487 = B_SPLINE_CURVE_WITH_KNOTS('',7,(#1488,#1489,#1490,#1491,#1492,
    #1493,#1494,#1495,#1496,#1497,#1498,#1499,#1500,#1501,#1502,#1503,
    #1504,#1505,#1506,#1507,#1508,#1509,#1510,#1511,#1512,#1513),
  .UNSPECIFIED.,.F.,.F.,(8,6,6,6,8),(0.,0.257646687539,0.500048050556,
    0.742449413571,1.),.UNSPECIFIED.);
#1488 = CARTESIAN_POINT('',(3.14159265359,62.));
#1489 = CARTESIAN_POINT('',(3.278535292647,62.));
#1490 = CARTESIAN_POINT('',(3.412050574743,61.997999626871));
#1491 = CARTESIAN_POINT('',(3.542246021426,61.994179288256));
#1492 = CARTESIAN_POINT('',(3.668942551022,61.98906903257));
#1493 = CARTESIAN_POINT('',(3.791699647099,61.98341200032));
#1494 = CARTESIAN_POINT('',(3.90967065193,61.977861462155));
#1495 = CARTESIAN_POINT('',(4.126204905745,61.968128648251));
#1496 = CARTESIAN_POINT('',(4.227935156159,61.963775552388));
#1497 = CARTESIAN_POINT('',(4.327240033557,61.960066478743));
#1498 = CARTESIAN_POINT('',(4.424755830011,61.957181511585));
#1499 = CARTESIAN_POINT('',(4.521078363271,61.955225369667));
#1500 = CARTESIAN_POINT('',(4.61676000815,61.95424833545));
#1501 = CARTESIAN_POINT('',(4.808017952619,61.95424833545));
#1502 = CARTESIAN_POINT('',(4.903699597498,61.955225369667));
#1503 = CARTESIAN_POINT('',(5.000022130758,61.957181511585));
#1504 = CARTESIAN_POINT('',(5.097537927213,61.960066478743));
#1505 = CARTESIAN_POINT('',(5.19684280461,61.963775552388));
#1506 = CARTESIAN_POINT('',(5.298573055025,61.968128648251));
#1507 = CARTESIAN_POINT('',(5.515065694474,61.977859591666));
#1508 = CARTESIAN_POINT('',(5.633051065109,61.983410588614));
#1509 = CARTESIAN_POINT('',(5.75584438693,61.989069775005));
#1510 = CARTESIAN_POINT('',(5.882578314687,61.994181772086));
#1511 = CARTESIAN_POINT('',(6.012796007904,61.998001377816));
#1512 = CARTESIAN_POINT('',(6.146302653833,62.));
#1513 = CARTESIAN_POINT('',(6.28318530718,62.));
#1514 = ( GEOMETRIC_REPRESENTATION_CONTEXT(2) 
PARAMETRIC_REPRESENTATION_CONTEXT() REPRESENTATION_CONTEXT('2D SPACE',''
  ) );
#1515 = PCURVE('',#1421,#1516);
#1516 = DEFINITIONAL_REPRESENTATION('',(#1517),#1544);
#1517 = B_SPLINE_CURVE_WITH_KNOTS('',7,(#1518,#1519,#1520,#1521,#1522,
    #1523,#1524,#1525,#1526,#1527,#1528,#1529,#1530,#1531,#1532,#1533,
    #1534,#1535,#1536,#1537,#1538,#1539,#1540,#1541,#1542,#1543),
  .UNSPECIFIED.,.F.,.F.,(8,6,6,6,8),(0.,0.257646687539,0.500048050556,
    0.742449413571,1.),.UNSPECIFIED.);
#1518 = CARTESIAN_POINT('',(0.,19.4));
#1519 = CARTESIAN_POINT('',(7.825293660426E-03,19.4));
#1520 = CARTESIAN_POINT('',(1.545474327378E-02,19.435005855256));
#1521 = CARTESIAN_POINT('',(2.265555804876E-02,19.50186557246));
#1522 = CARTESIAN_POINT('',(2.923243579609E-02,19.596092847942));
#1523 = CARTESIAN_POINT('',(3.503552590601E-02,19.711951539044));
#1524 = CARTESIAN_POINT('',(3.9975845355E-02,19.842578290269));
#1525 = CARTESIAN_POINT('',(4.787059440306E-02,20.109526306395));
#1526 = CARTESIAN_POINT('',(5.101388020239E-02,20.24805101876));
#1527 = CARTESIAN_POINT('',(5.349657069763E-02,20.392913510913));
#1528 = CARTESIAN_POINT('',(5.534078637655E-02,20.542073033509));
#1529 = CARTESIAN_POINT('',(5.656334989747E-02,20.693902834916));
#1530 = CARTESIAN_POINT('',(5.717400108066E-02,20.846993644424));
#1531 = CARTESIAN_POINT('',(5.717400108066E-02,21.153006355576));
#1532 = CARTESIAN_POINT('',(5.656334989748E-02,21.306097165084));
#1533 = CARTESIAN_POINT('',(5.534078637655E-02,21.457926966491));
#1534 = CARTESIAN_POINT('',(5.349657069763E-02,21.607086489087));
#1535 = CARTESIAN_POINT('',(5.101388020239E-02,21.75194898124));
#1536 = CARTESIAN_POINT('',(4.787059440306E-02,21.890473693606));
#1537 = CARTESIAN_POINT('',(3.997736259748E-02,22.15737040666));
#1538 = CARTESIAN_POINT('',(3.503699735742E-02,22.288025914619));
#1539 = CARTESIAN_POINT('',(2.923233511767E-02,22.403928892806));
#1540 = CARTESIAN_POINT('',(2.265321803617E-02,22.49817777558));
#1541 = CARTESIAN_POINT('',(1.545082275397E-02,22.565024806922));
#1542 = CARTESIAN_POINT('',(7.821865905546E-03,22.6));
#1543 = CARTESIAN_POINT('',(0.,22.6));
#1544 = ( GEOMETRIC_REPRESENTATION_CONTEXT(2) 
PARAMETRIC_REPRESENTATION_CONTEXT() REPRESENTATION_CONTEXT('2D SPACE',''
  ) );
#1545 = ORIENTED_EDGE('',*,*,#1336,.T.);
#1546 = ORIENTED_EDGE('',*,*,#176,.F.);
#1547 = ADVANCED_FACE('',(#1548),#306,.T.);
#1548 = FACE_BOUND('',#1549,.T.);
#1549 = EDGE_LOOP('',(#1550,#1574,#1596,#1597));
#1550 = ORIENTED_EDGE('',*,*,#1551,.T.);
#1551 = EDGE_CURVE('',#554,#1552,#1554,.T.);
#1552 = VERTEX_POINT('',#1553);
#1553 = CARTESIAN_POINT('',(31.1,-2.694222958124E-16,7.));
#1554 = SURFACE_CURVE('',#1555,(#1560,#1567),.PCURVE_S1.);
#1555 = CIRCLE('',#1556,1.1);
#1556 = AXIS2_PLACEMENT_3D('',#1557,#1558,#1559);
#1557 = CARTESIAN_POINT('',(30.,0.,7.));
#1558 = DIRECTION('',(0.,0.,1.));
#1559 = DIRECTION('',(1.,0.,0.));
#1560 = PCURVE('',#306,#1561);
#1561 = DEFINITIONAL_REPRESENTATION('',(#1562),#1566);
#1562 = CIRCLE('',#1563,1.1);
#1563 = AXIS2_PLACEMENT_2D('',#1564,#1565);
#1564 = CARTESIAN_POINT('',(0.,0.));
#1565 = DIRECTION('',(1.,0.));
#1566 = ( GEOMETRIC_REPRESENTATION_CONTEXT(2) 
PARAMETRIC_REPRESENTATION_CONTEXT() REPRESENTATION_CONTEXT('2D SPACE',''
  ) );
#1567 = PCURVE('',#568,#1568);
#1568 = DEFINITIONAL_REPRESENTATION('',(#1569),#1573);
#1569 = LINE('',#1570,#1571);
#1570 = CARTESIAN_POINT('',(0.,0.));
#1571 = VECTOR('',#1572,1.);
#1572 = DIRECTION('',(1.,0.));
#1573 = ( GEOMETRIC_REPRESENTATION_CONTEXT(2) 
PARAMETRIC_REPRESENTATION_CONTEXT() REPRESENTATION_CONTEXT('2D SPACE',''
  ) );
#1574 = ORIENTED_EDGE('',*,*,#1575,.T.);
#1575 = EDGE_CURVE('',#1552,#290,#1576,.T.);
#1576 = SURFACE_CURVE('',#1577,(#1582,#1589),.PCURVE_S1.);
#1577 = CIRCLE('',#1578,1.1);
#1578 = AXIS2_PLACEMENT_3D('',#1579,#1580,#1581);
#1579 = CARTESIAN_POINT('',(30.,0.,7.));
#1580 = DIRECTION('',(0.,0.,1.));
#1581 = DIRECTION('',(1.,0.,0.));
#1582 = PCURVE('',#306,#1583);
#1583 = DEFINITIONAL_REPRESENTATION('',(#1584),#1588);
#1584 = CIRCLE('',#1585,1.1);
#1585 = AXIS2_PLACEMENT_2D('',#1586,#1587);
#1586 = CARTESIAN_POINT('',(0.,0.));
#1587 = DIRECTION('',(1.,0.));
#1588 = ( GEOMETRIC_REPRESENTATION_CONTEXT(2) 
PARAMETRIC_REPRESENTATION_CONTEXT() REPRESENTATION_CONTEXT('2D SPACE',''
  ) );
#1589 = PCURVE('',#333,#1590);
#1590 = DEFINITIONAL_REPRESENTATION('',(#1591),#1595);
#1591 = LINE('',#1592,#1593);
#1592 = CARTESIAN_POINT('',(0.,0.));
#1593 = VECTOR('',#1594,1.);
#1594 = DIRECTION('',(1.,0.));
#1595 = ( GEOMETRIC_REPRESENTATION_CONTEXT(2) 
PARAMETRIC_REPRESENTATION_CONTEXT() REPRESENTATION_CONTEXT('2D SPACE',''
  ) );
#1596 = ORIENTED_EDGE('',*,*,#289,.F.);
#1597 = ORIENTED_EDGE('',*,*,#579,.F.);
#1598 = ADVANCED_FACE('',(#1599),#568,.F.);
#1599 = FACE_BOUND('',#1600,.F.);
#1600 = EDGE_LOOP('',(#1601,#1624,#1646,#1647));
#1601 = ORIENTED_EDGE('',*,*,#1602,.T.);
#1602 = EDGE_CURVE('',#1552,#1603,#1605,.T.);
#1603 = VERTEX_POINT('',#1604);
#1604 = CARTESIAN_POINT('',(31.1,-2.694222958124E-16,16.));
#1605 = SURFACE_CURVE('',#1606,(#1610,#1617),.PCURVE_S1.);
#1606 = LINE('',#1607,#1608);
#1607 = CARTESIAN_POINT('',(31.1,-2.694222958124E-16,7.));
#1608 = VECTOR('',#1609,1.);
#1609 = DIRECTION('',(0.,0.,1.));
#1610 = PCURVE('',#568,#1611);
#1611 = DEFINITIONAL_REPRESENTATION('',(#1612),#1616);
#1612 = LINE('',#1613,#1614);
#1613 = CARTESIAN_POINT('',(6.28318530718,-0.));
#1614 = VECTOR('',#1615,1.);
#1615 = DIRECTION('',(0.,1.));
#1616 = ( GEOMETRIC_REPRESENTATION_CONTEXT(2) 
PARAMETRIC_REPRESENTATION_CONTEXT() REPRESENTATION_CONTEXT('2D SPACE',''
  ) );
#1617 = PCURVE('',#333,#1618);
#1618 = DEFINITIONAL_REPRESENTATION('',(#1619),#1623);
#1619 = LINE('',#1620,#1621);
#1620 = CARTESIAN_POINT('',(0.,-0.));
#1621 = VECTOR('',#1622,1.);
#1622 = DIRECTION('',(0.,1.));
#1623 = ( GEOMETRIC_REPRESENTATION_CONTEXT(2) 
PARAMETRIC_REPRESENTATION_CONTEXT() REPRESENTATION_CONTEXT('2D SPACE',''
  ) );
#1624 = ORIENTED_EDGE('',*,*,#1625,.F.);
#1625 = EDGE_CURVE('',#530,#1603,#1626,.T.);
#1626 = SURFACE_CURVE('',#1627,(#1632,#1639),.PCURVE_S1.);
#1627 = CIRCLE('',#1628,1.1);
#1628 = AXIS2_PLACEMENT_3D('',#1629,#1630,#1631);
#1629 = CARTESIAN_POINT('',(30.,0.,16.));
#1630 = DIRECTION('',(0.,0.,1.));
#1631 = DIRECTION('',(1.,0.,-0.));
#1632 = PCURVE('',#568,#1633);
#1633 = DEFINITIONAL_REPRESENTATION('',(#1634),#1638);
#1634 = LINE('',#1635,#1636);
#1635 = CARTESIAN_POINT('',(0.,9.));
#1636 = VECTOR('',#1637,1.);
#1637 = DIRECTION('',(1.,0.));
#1638 = ( GEOMETRIC_REPRESENTATION_CONTEXT(2) 
PARAMETRIC_REPRESENTATION_CONTEXT() REPRESENTATION_CONTEXT('2D SPACE',''
  ) );
#1639 = PCURVE('',#361,#1640);
#1640 = DEFINITIONAL_REPRESENTATION('',(#1641),#1645);
#1641 = CIRCLE('',#1642,1.1);
#1642 = AXIS2_PLACEMENT_2D('',#1643,#1644);
#1643 = CARTESIAN_POINT('',(4.,3.));
#1644 = DIRECTION('',(1.,0.));
#1645 = ( GEOMETRIC_REPRESENTATION_CONTEXT(2) 
PARAMETRIC_REPRESENTATION_CONTEXT() REPRESENTATION_CONTEXT('2D SPACE',''
  ) );
#1646 = ORIENTED_EDGE('',*,*,#553,.F.);
#1647 = ORIENTED_EDGE('',*,*,#1551,.T.);
#1648 = ADVANCED_FACE('',(#1649),#361,.T.);
#1649 = FACE_BOUND('',#1650,.T.);
#1650 = EDGE_LOOP('',(#1651,#1674,#1675,#1697,#1698,#1699,#1722));
#1651 = ORIENTED_EDGE('',*,*,#1652,.F.);
#1652 = EDGE_CURVE('',#345,#1653,#1655,.T.);
#1653 = VERTEX_POINT('',#1654);
#1654 = CARTESIAN_POINT('',(34.,3.,16.));
#1655 = SURFACE_CURVE('',#1656,(#1660,#1667),.PCURVE_S1.);
#1656 = LINE('',#1657,#1658);
#1657 = CARTESIAN_POINT('',(26.,3.,16.));
#1658 = VECTOR('',#1659,1.);
#1659 = DIRECTION('',(1.,0.,0.));
#1660 = PCURVE('',#361,#1661);
#1661 = DEFINITIONAL_REPRESENTATION('',(#1662),#1666);
#1662 = LINE('',#1663,#1664);
#1663 = CARTESIAN_POINT('',(0.,6.));
#1664 = VECTOR('',#1665,1.);
#1665 = DIRECTION('',(1.,0.));
#1666 = ( GEOMETRIC_REPRESENTATION_CONTEXT(2) 
PARAMETRIC_REPRESENTATION_CONTEXT() REPRESENTATION_CONTEXT('2D SPACE',''
  ) );
#1667 = PCURVE('',#388,#1668);
#1668 = DEFINITIONAL_REPRESENTATION('',(#1669),#1673);
#1669 = LINE('',#1670,#1671);
#1670 = CARTESIAN_POINT('',(10.,0.));
#1671 = VECTOR('',#1672,1.);
#1672 = DIRECTION('',(0.,1.));
#1673 = ( GEOMETRIC_REPRESENTATION_CONTEXT(2) 
PARAMETRIC_REPRESENTATION_CONTEXT() REPRESENTATION_CONTEXT('2D SPACE',''
  ) );
#1674 = ORIENTED_EDGE('',*,*,#344,.F.);
#1675 = ORIENTED_EDGE('',*,*,#1676,.F.);
#1676 = EDGE_CURVE('',#1603,#319,#1677,.T.);
#1677 = SURFACE_CURVE('',#1678,(#1683,#1690),.PCURVE_S1.);
#1678 = CIRCLE('',#1679,1.1);
#1679 = AXIS2_PLACEMENT_3D('',#1680,#1681,#1682);
#1680 = CARTESIAN_POINT('',(30.,0.,16.));
#1681 = DIRECTION('',(0.,0.,1.));
#1682 = DIRECTION('',(1.,0.,-0.));
#1683 = PCURVE('',#361,#1684);
#1684 = DEFINITIONAL_REPRESENTATION('',(#1685),#1689);
#1685 = CIRCLE('',#1686,1.1);
#1686 = AXIS2_PLACEMENT_2D('',#1687,#1688);
#1687 = CARTESIAN_POINT('',(4.,3.));
#1688 = DIRECTION('',(1.,0.));
#1689 = ( GEOMETRIC_REPRESENTATION_CONTEXT(2) 
PARAMETRIC_REPRESENTATION_CONTEXT() REPRESENTATION_CONTEXT('2D SPACE',''
  ) );
#1690 = PCURVE('',#333,#1691);
#1691 = DEFINITIONAL_REPRESENTATION('',(#1692),#1696);
#1692 = LINE('',#1693,#1694);
#1693 = CARTESIAN_POINT('',(0.,9.));
#1694 = VECTOR('',#1695,1.);
#1695 = DIRECTION('',(1.,0.));
#1696 = ( GEOMETRIC_REPRESENTATION_CONTEXT(2) 
PARAMETRIC_REPRESENTATION_CONTEXT() REPRESENTATION_CONTEXT('2D SPACE',''
  ) );
#1697 = ORIENTED_EDGE('',*,*,#1625,.F.);
#1698 = ORIENTED_EDGE('',*,*,#529,.F.);
#1699 = ORIENTED_EDGE('',*,*,#1700,.T.);
#1700 = EDGE_CURVE('',#504,#1701,#1703,.T.);
#1701 = VERTEX_POINT('',#1702);
#1702 = CARTESIAN_POINT('',(34.,-3.,16.));
#1703 = SURFACE_CURVE('',#1704,(#1708,#1715),.PCURVE_S1.);
#1704 = LINE('',#1705,#1706);
#1705 = CARTESIAN_POINT('',(26.,-3.,16.));
#1706 = VECTOR('',#1707,1.);
#1707 = DIRECTION('',(1.,0.,0.));
#1708 = PCURVE('',#361,#1709);
#1709 = DEFINITIONAL_REPRESENTATION('',(#1710),#1714);
#1710 = LINE('',#1711,#1712);
#1711 = CARTESIAN_POINT('',(0.,0.));
#1712 = VECTOR('',#1713,1.);
#1713 = DIRECTION('',(1.,0.));
#1714 = ( GEOMETRIC_REPRESENTATION_CONTEXT(2) 
PARAMETRIC_REPRESENTATION_CONTEXT() REPRESENTATION_CONTEXT('2D SPACE',''
  ) );
#1715 = PCURVE('',#518,#1716);
#1716 = DEFINITIONAL_REPRESENTATION('',(#1717),#1721);
#1717 = LINE('',#1718,#1719);
#1718 = CARTESIAN_POINT('',(10.,0.));
#1719 = VECTOR('',#1720,1.);
#1720 = DIRECTION('',(0.,1.));
#1721 = ( GEOMETRIC_REPRESENTATION_CONTEXT(2) 
PARAMETRIC_REPRESENTATION_CONTEXT() REPRESENTATION_CONTEXT('2D SPACE',''
  ) );
#1722 = ORIENTED_EDGE('',*,*,#1723,.T.);
#1723 = EDGE_CURVE('',#1701,#1653,#1724,.T.);
#1724 = SURFACE_CURVE('',#1725,(#1729,#1736),.PCURVE_S1.);
#1725 = LINE('',#1726,#1727);
#1726 = CARTESIAN_POINT('',(34.,-3.,16.));
#1727 = VECTOR('',#1728,1.);
#1728 = DIRECTION('',(0.,1.,0.));
#1729 = PCURVE('',#361,#1730);
#1730 = DEFINITIONAL_REPRESENTATION('',(#1731),#1735);
#1731 = LINE('',#1732,#1733);
#1732 = CARTESIAN_POINT('',(8.,0.));
#1733 = VECTOR('',#1734,1.);
#1734 = DIRECTION('',(0.,1.));
#1735 = ( GEOMETRIC_REPRESENTATION_CONTEXT(2) 
PARAMETRIC_REPRESENTATION_CONTEXT() REPRESENTATION_CONTEXT('2D SPACE',''
  ) );
#1736 = PCURVE('',#1737,#1742);
#1737 = PLANE('',#1738);
#1738 = AXIS2_PLACEMENT_3D('',#1739,#1740,#1741);
#1739 = CARTESIAN_POINT('',(34.,-3.,6.));
#1740 = DIRECTION('',(1.,0.,0.));
#1741 = DIRECTION('',(0.,0.,1.));
#1742 = DEFINITIONAL_REPRESENTATION('',(#1743),#1747);
#1743 = LINE('',#1744,#1745);
#1744 = CARTESIAN_POINT('',(10.,0.));
#1745 = VECTOR('',#1746,1.);
#1746 = DIRECTION('',(0.,-1.));
#1747 = ( GEOMETRIC_REPRESENTATION_CONTEXT(2) 
PARAMETRIC_REPRESENTATION_CONTEXT() REPRESENTATION_CONTEXT('2D SPACE',''
  ) );
#1748 = ADVANCED_FACE('',(#1749),#518,.F.);
#1749 = FACE_BOUND('',#1750,.F.);
#1750 = EDGE_LOOP('',(#1751,#1774,#1775,#1776));
#1751 = ORIENTED_EDGE('',*,*,#1752,.F.);
#1752 = EDGE_CURVE('',#480,#1753,#1755,.T.);
#1753 = VERTEX_POINT('',#1754);
#1754 = CARTESIAN_POINT('',(34.,-3.,6.));
#1755 = SURFACE_CURVE('',#1756,(#1760,#1767),.PCURVE_S1.);
#1756 = LINE('',#1757,#1758);
#1757 = CARTESIAN_POINT('',(26.,-3.,6.));
#1758 = VECTOR('',#1759,1.);
#1759 = DIRECTION('',(1.,0.,0.));
#1760 = PCURVE('',#518,#1761);
#1761 = DEFINITIONAL_REPRESENTATION('',(#1762),#1766);
#1762 = LINE('',#1763,#1764);
#1763 = CARTESIAN_POINT('',(0.,0.));
#1764 = VECTOR('',#1765,1.);
#1765 = DIRECTION('',(0.,1.));
#1766 = ( GEOMETRIC_REPRESENTATION_CONTEXT(2) 
PARAMETRIC_REPRESENTATION_CONTEXT() REPRESENTATION_CONTEXT('2D SPACE',''
  ) );
#1767 = PCURVE('',#416,#1768);
#1768 = DEFINITIONAL_REPRESENTATION('',(#1769),#1773);
#1769 = LINE('',#1770,#1771);
#1770 = CARTESIAN_POINT('',(0.,0.));
#1771 = VECTOR('',#1772,1.);
#1772 = DIRECTION('',(1.,0.));
#1773 = ( GEOMETRIC_REPRESENTATION_CONTEXT(2) 
PARAMETRIC_REPRESENTATION_CONTEXT() REPRESENTATION_CONTEXT('2D SPACE',''
  ) );
#1774 = ORIENTED_EDGE('',*,*,#503,.T.);
#1775 = ORIENTED_EDGE('',*,*,#1700,.T.);
#1776 = ORIENTED_EDGE('',*,*,#1777,.F.);
#1777 = EDGE_CURVE('',#1753,#1701,#1778,.T.);
#1778 = SURFACE_CURVE('',#1779,(#1783,#1790),.PCURVE_S1.);
#1779 = LINE('',#1780,#1781);
#1780 = CARTESIAN_POINT('',(34.,-3.,6.));
#1781 = VECTOR('',#1782,1.);
#1782 = DIRECTION('',(0.,0.,1.));
#1783 = PCURVE('',#518,#1784);
#1784 = DEFINITIONAL_REPRESENTATION('',(#1785),#1789);
#1785 = LINE('',#1786,#1787);
#1786 = CARTESIAN_POINT('',(0.,8.));
#1787 = VECTOR('',#1788,1.);
#1788 = DIRECTION('',(1.,0.));
#1789 = ( GEOMETRIC_REPRESENTATION_CONTEXT(2) 
PARAMETRIC_REPRESENTATION_CONTEXT() REPRESENTATION_CONTEXT('2D SPACE',''
  ) );
#1790 = PCURVE('',#1737,#1791);
#1791 = DEFINITIONAL_REPRESENTATION('',(#1792),#1796);
#1792 = LINE('',#1793,#1794);
#1793 = CARTESIAN_POINT('',(0.,0.));
#1794 = VECTOR('',#1795,1.);
#1795 = DIRECTION('',(1.,0.));
#1796 = ( GEOMETRIC_REPRESENTATION_CONTEXT(2) 
PARAMETRIC_REPRESENTATION_CONTEXT() REPRESENTATION_CONTEXT('2D SPACE',''
  ) );
#1797 = ADVANCED_FACE('',(#1798),#416,.F.);
#1798 = FACE_BOUND('',#1799,.F.);
#1799 = EDGE_LOOP('',(#1800,#1823,#1824,#1825,#1826));
#1800 = ORIENTED_EDGE('',*,*,#1801,.F.);
#1801 = EDGE_CURVE('',#374,#1802,#1804,.T.);
#1802 = VERTEX_POINT('',#1803);
#1803 = CARTESIAN_POINT('',(34.,3.,6.));
#1804 = SURFACE_CURVE('',#1805,(#1809,#1816),.PCURVE_S1.);
#1805 = LINE('',#1806,#1807);
#1806 = CARTESIAN_POINT('',(26.,3.,6.));
#1807 = VECTOR('',#1808,1.);
#1808 = DIRECTION('',(1.,0.,0.));
#1809 = PCURVE('',#416,#1810);
#1810 = DEFINITIONAL_REPRESENTATION('',(#1811),#1815);
#1811 = LINE('',#1812,#1813);
#1812 = CARTESIAN_POINT('',(0.,6.));
#1813 = VECTOR('',#1814,1.);
#1814 = DIRECTION('',(1.,0.));
#1815 = ( GEOMETRIC_REPRESENTATION_CONTEXT(2) 
PARAMETRIC_REPRESENTATION_CONTEXT() REPRESENTATION_CONTEXT('2D SPACE',''
  ) );
#1816 = PCURVE('',#388,#1817);
#1817 = DEFINITIONAL_REPRESENTATION('',(#1818),#1822);
#1818 = LINE('',#1819,#1820);
#1819 = CARTESIAN_POINT('',(0.,0.));
#1820 = VECTOR('',#1821,1.);
#1821 = DIRECTION('',(0.,1.));
#1822 = ( GEOMETRIC_REPRESENTATION_CONTEXT(2) 
PARAMETRIC_REPRESENTATION_CONTEXT() REPRESENTATION_CONTEXT('2D SPACE',''
  ) );
#1823 = ORIENTED_EDGE('',*,*,#399,.F.);
#1824 = ORIENTED_EDGE('',*,*,#479,.F.);
#1825 = ORIENTED_EDGE('',*,*,#1752,.T.);
#1826 = ORIENTED_EDGE('',*,*,#1827,.T.);
#1827 = EDGE_CURVE('',#1753,#1802,#1828,.T.);
#1828 = SURFACE_CURVE('',#1829,(#1833,#1840),.PCURVE_S1.);
#1829 = LINE('',#1830,#1831);
#1830 = CARTESIAN_POINT('',(34.,-3.,6.));
#1831 = VECTOR('',#1832,1.);
#1832 = DIRECTION('',(0.,1.,0.));
#1833 = PCURVE('',#416,#1834);
#1834 = DEFINITIONAL_REPRESENTATION('',(#1835),#1839);
#1835 = LINE('',#1836,#1837);
#1836 = CARTESIAN_POINT('',(8.,0.));
#1837 = VECTOR('',#1838,1.);
#1838 = DIRECTION('',(0.,1.));
#1839 = ( GEOMETRIC_REPRESENTATION_CONTEXT(2) 
PARAMETRIC_REPRESENTATION_CONTEXT() REPRESENTATION_CONTEXT('2D SPACE',''
  ) );
#1840 = PCURVE('',#1737,#1841);
#1841 = DEFINITIONAL_REPRESENTATION('',(#1842),#1846);
#1842 = LINE('',#1843,#1844);
#1843 = CARTESIAN_POINT('',(0.,0.));
#1844 = VECTOR('',#1845,1.);
#1845 = DIRECTION('',(0.,-1.));
#1846 = ( GEOMETRIC_REPRESENTATION_CONTEXT(2) 
PARAMETRIC_REPRESENTATION_CONTEXT() REPRESENTATION_CONTEXT('2D SPACE',''
  ) );
#1847 = ADVANCED_FACE('',(#1848,#1851),#466,.F.);
#1848 = FACE_BOUND('',#1849,.F.);
#1849 = EDGE_LOOP('',(#1850));
#1850 = ORIENTED_EDGE('',*,*,#451,.T.);
#1851 = FACE_BOUND('',#1852,.F.);
#1852 = EDGE_LOOP('',(#1853));
#1853 = ORIENTED_EDGE('',*,*,#1854,.F.);
#1854 = EDGE_CURVE('',#1855,#1855,#1857,.T.);
#1855 = VERTEX_POINT('',#1856);
#1856 = CARTESIAN_POINT('',(28.,-6.858022075225E-15,0.));
#1857 = SURFACE_CURVE('',#1858,(#1863,#1870),.PCURVE_S1.);
#1858 = CIRCLE('',#1859,28.);
#1859 = AXIS2_PLACEMENT_3D('',#1860,#1861,#1862);
#1860 = CARTESIAN_POINT('',(0.,0.,0.));
#1861 = DIRECTION('',(0.,0.,1.));
#1862 = DIRECTION('',(1.,0.,-0.));
#1863 = PCURVE('',#466,#1864);
#1864 = DEFINITIONAL_REPRESENTATION('',(#1865),#1869);
#1865 = CIRCLE('',#1866,28.);
#1866 = AXIS2_PLACEMENT_2D('',#1867,#1868);
#1867 = CARTESIAN_POINT('',(0.,0.));
#1868 = DIRECTION('',(1.,0.));
#1869 = ( GEOMETRIC_REPRESENTATION_CONTEXT(2) 
PARAMETRIC_REPRESENTATION_CONTEXT() REPRESENTATION_CONTEXT('2D SPACE',''
  ) );
#1870 = PCURVE('',#1421,#1871);
#1871 = DEFINITIONAL_REPRESENTATION('',(#1872),#1876);
#1872 = LINE('',#1873,#1874);
#1873 = CARTESIAN_POINT('',(0.,1.));
#1874 = VECTOR('',#1875,1.);
#1875 = DIRECTION('',(1.,0.));
#1876 = ( GEOMETRIC_REPRESENTATION_CONTEXT(2) 
PARAMETRIC_REPRESENTATION_CONTEXT() REPRESENTATION_CONTEXT('2D SPACE',''
  ) );
#1877 = ADVANCED_FACE('',(#1878),#388,.T.);
#1878 = FACE_BOUND('',#1879,.T.);
#1879 = EDGE_LOOP('',(#1880,#1881,#1882,#1883));
#1880 = ORIENTED_EDGE('',*,*,#1801,.F.);
#1881 = ORIENTED_EDGE('',*,*,#373,.T.);
#1882 = ORIENTED_EDGE('',*,*,#1652,.T.);
#1883 = ORIENTED_EDGE('',*,*,#1884,.F.);
#1884 = EDGE_CURVE('',#1802,#1653,#1885,.T.);
#1885 = SURFACE_CURVE('',#1886,(#1890,#1897),.PCURVE_S1.);
#1886 = LINE('',#1887,#1888);
#1887 = CARTESIAN_POINT('',(34.,3.,6.));
#1888 = VECTOR('',#1889,1.);
#1889 = DIRECTION('',(0.,0.,1.));
#1890 = PCURVE('',#388,#1891);
#1891 = DEFINITIONAL_REPRESENTATION('',(#1892),#1896);
#1892 = LINE('',#1893,#1894);
#1893 = CARTESIAN_POINT('',(0.,8.));
#1894 = VECTOR('',#1895,1.);
#1895 = DIRECTION('',(1.,0.));
#1896 = ( GEOMETRIC_REPRESENTATION_CONTEXT(2) 
PARAMETRIC_REPRESENTATION_CONTEXT() REPRESENTATION_CONTEXT('2D SPACE',''
  ) );
#1897 = PCURVE('',#1737,#1898);
#1898 = DEFINITIONAL_REPRESENTATION('',(#1899),#1903);
#1899 = LINE('',#1900,#1901);
#1900 = CARTESIAN_POINT('',(0.,-6.));
#1901 = VECTOR('',#1902,1.);
#1902 = DIRECTION('',(1.,0.));
#1903 = ( GEOMETRIC_REPRESENTATION_CONTEXT(2) 
PARAMETRIC_REPRESENTATION_CONTEXT() REPRESENTATION_CONTEXT('2D SPACE',''
  ) );
#1904 = ADVANCED_FACE('',(#1905),#333,.F.);
#1905 = FACE_BOUND('',#1906,.F.);
#1906 = EDGE_LOOP('',(#1907,#1908,#1909,#1910));
#1907 = ORIENTED_EDGE('',*,*,#1676,.F.);
#1908 = ORIENTED_EDGE('',*,*,#1602,.F.);
#1909 = ORIENTED_EDGE('',*,*,#1575,.T.);
#1910 = ORIENTED_EDGE('',*,*,#318,.T.);
#1911 = ADVANCED_FACE('',(#1912,#1915),#163,.T.);
#1912 = FACE_BOUND('',#1913,.T.);
#1913 = EDGE_LOOP('',(#1914));
#1914 = ORIENTED_EDGE('',*,*,#148,.T.);
#1915 = FACE_BOUND('',#1916,.T.);
#1916 = EDGE_LOOP('',(#1917));
#1917 = ORIENTED_EDGE('',*,*,#1918,.F.);
#1918 = EDGE_CURVE('',#1919,#1919,#1921,.T.);
#1919 = VERTEX_POINT('',#1920);
#1920 = CARTESIAN_POINT('',(28.,-6.858022075225E-15,40.));
#1921 = SURFACE_CURVE('',#1922,(#1927,#1934),.PCURVE_S1.);
#1922 = CIRCLE('',#1923,28.);
#1923 = AXIS2_PLACEMENT_3D('',#1924,#1925,#1926);
#1924 = CARTESIAN_POINT('',(0.,0.,40.));
#1925 = DIRECTION('',(0.,0.,1.));
#1926 = DIRECTION('',(1.,0.,-0.));
#1927 = PCURVE('',#163,#1928);
#1928 = DEFINITIONAL_REPRESENTATION('',(#1929),#1933);
#1929 = CIRCLE('',#1930,28.);
#1930 = AXIS2_PLACEMENT_2D('',#1931,#1932);
#1931 = CARTESIAN_POINT('',(0.,0.));
#1932 = DIRECTION('',(1.,0.));
#1933 = ( GEOMETRIC_REPRESENTATION_CONTEXT(2) 
PARAMETRIC_REPRESENTATION_CONTEXT() REPRESENTATION_CONTEXT('2D SPACE',''
  ) );
#1934 = PCURVE('',#1421,#1935);
#1935 = DEFINITIONAL_REPRESENTATION('',(#1936),#1940);
#1936 = LINE('',#1937,#1938);
#1937 = CARTESIAN_POINT('',(0.,41.));
#1938 = VECTOR('',#1939,1.);
#1939 = DIRECTION('',(1.,0.));
#1940 = ( GEOMETRIC_REPRESENTATION_CONTEXT(2) 
PARAMETRIC_REPRESENTATION_CONTEXT() REPRESENTATION_CONTEXT('2D SPACE',''
  ) );
#1941 = ADVANCED_FACE('',(#1942),#623,.F.);
#1942 = FACE_BOUND('',#1943,.F.);
#1943 = EDGE_LOOP('',(#1944,#1967,#1968,#1991));
#1944 = ORIENTED_EDGE('',*,*,#1945,.F.);
#1945 = EDGE_CURVE('',#607,#1946,#1948,.T.);
#1946 = VERTEX_POINT('',#1947);
#1947 = CARTESIAN_POINT('',(-3.,34.,6.));
#1948 = SURFACE_CURVE('',#1949,(#1953,#1960),.PCURVE_S1.);
#1949 = LINE('',#1950,#1951);
#1950 = CARTESIAN_POINT('',(-3.,26.,6.));
#1951 = VECTOR('',#1952,1.);
#1952 = DIRECTION('',(1.110223024625E-16,1.,0.));
#1953 = PCURVE('',#623,#1954);
#1954 = DEFINITIONAL_REPRESENTATION('',(#1955),#1959);
#1955 = LINE('',#1956,#1957);
#1956 = CARTESIAN_POINT('',(-6.661338147751E-16,6.));
#1957 = VECTOR('',#1958,1.);
#1958 = DIRECTION('',(1.,0.));
#1959 = ( GEOMETRIC_REPRESENTATION_CONTEXT(2) 
PARAMETRIC_REPRESENTATION_CONTEXT() REPRESENTATION_CONTEXT('2D SPACE',''
  ) );
#1960 = PCURVE('',#808,#1961);
#1961 = DEFINITIONAL_REPRESENTATION('',(#1962),#1966);
#1962 = LINE('',#1963,#1964);
#1963 = CARTESIAN_POINT('',(0.,0.));
#1964 = VECTOR('',#1965,1.);
#1965 = DIRECTION('',(0.,1.));
#1966 = ( GEOMETRIC_REPRESENTATION_CONTEXT(2) 
PARAMETRIC_REPRESENTATION_CONTEXT() REPRESENTATION_CONTEXT('2D SPACE',''
  ) );
#1967 = ORIENTED_EDGE('',*,*,#604,.F.);
#1968 = ORIENTED_EDGE('',*,*,#1969,.T.);
#1969 = EDGE_CURVE('',#605,#1970,#1972,.T.);
#1970 = VERTEX_POINT('',#1971);
#1971 = CARTESIAN_POINT('',(3.,34.,6.));
#1972 = SURFACE_CURVE('',#1973,(#1977,#1984),.PCURVE_S1.);
#1973 = LINE('',#1974,#1975);
#1974 = CARTESIAN_POINT('',(3.,26.,6.));
#1975 = VECTOR('',#1976,1.);
#1976 = DIRECTION('',(1.110223024625E-16,1.,0.));
#1977 = PCURVE('',#623,#1978);
#1978 = DEFINITIONAL_REPRESENTATION('',(#1979),#1983);
#1979 = LINE('',#1980,#1981);
#1980 = CARTESIAN_POINT('',(0.,0.));
#1981 = VECTOR('',#1982,1.);
#1982 = DIRECTION('',(1.,0.));
#1983 = ( GEOMETRIC_REPRESENTATION_CONTEXT(2) 
PARAMETRIC_REPRESENTATION_CONTEXT() REPRESENTATION_CONTEXT('2D SPACE',''
  ) );
#1984 = PCURVE('',#650,#1985);
#1985 = DEFINITIONAL_REPRESENTATION('',(#1986),#1990);
#1986 = LINE('',#1987,#1988);
#1987 = CARTESIAN_POINT('',(0.,0.));
#1988 = VECTOR('',#1989,1.);
#1989 = DIRECTION('',(0.,1.));
#1990 = ( GEOMETRIC_REPRESENTATION_CONTEXT(2) 
PARAMETRIC_REPRESENTATION_CONTEXT() REPRESENTATION_CONTEXT('2D SPACE',''
  ) );
#1991 = ORIENTED_EDGE('',*,*,#1992,.T.);
#1992 = EDGE_CURVE('',#1970,#1946,#1993,.T.);
#1993 = SURFACE_CURVE('',#1994,(#1998,#2005),.PCURVE_S1.);
#1994 = LINE('',#1995,#1996);
#1995 = CARTESIAN_POINT('',(3.,34.,6.));
#1996 = VECTOR('',#1997,1.);
#1997 = DIRECTION('',(-1.,1.110223024625E-16,0.));
#1998 = PCURVE('',#623,#1999);
#1999 = DEFINITIONAL_REPRESENTATION('',(#2000),#2004);
#2000 = LINE('',#2001,#2002);
#2001 = CARTESIAN_POINT('',(8.,0.));
#2002 = VECTOR('',#2003,1.);
#2003 = DIRECTION('',(0.,1.));
#2004 = ( GEOMETRIC_REPRESENTATION_CONTEXT(2) 
PARAMETRIC_REPRESENTATION_CONTEXT() REPRESENTATION_CONTEXT('2D SPACE',''
  ) );
#2005 = PCURVE('',#2006,#2011);
#2006 = PLANE('',#2007);
#2007 = AXIS2_PLACEMENT_3D('',#2008,#2009,#2010);
#2008 = CARTESIAN_POINT('',(3.,34.,6.));
#2009 = DIRECTION('',(1.110223024625E-16,1.,0.));
#2010 = DIRECTION('',(0.,0.,1.));
#2011 = DEFINITIONAL_REPRESENTATION('',(#2012),#2016);
#2012 = LINE('',#2013,#2014);
#2013 = CARTESIAN_POINT('',(0.,0.));
#2014 = VECTOR('',#2015,1.);
#2015 = DIRECTION('',(0.,-1.));
#2016 = ( GEOMETRIC_REPRESENTATION_CONTEXT(2) 
PARAMETRIC_REPRESENTATION_CONTEXT() REPRESENTATION_CONTEXT('2D SPACE',''
  ) );
#2017 = ADVANCED_FACE('',(#2018),#808,.T.);
#2018 = FACE_BOUND('',#2019,.T.);
#2019 = EDGE_LOOP('',(#2020,#2021,#2022,#2045));
#2020 = ORIENTED_EDGE('',*,*,#1945,.F.);
#2021 = ORIENTED_EDGE('',*,*,#795,.T.);
#2022 = ORIENTED_EDGE('',*,*,#2023,.T.);
#2023 = EDGE_CURVE('',#772,#2024,#2026,.T.);
#2024 = VERTEX_POINT('',#2025);
#2025 = CARTESIAN_POINT('',(-3.,34.,16.));
#2026 = SURFACE_CURVE('',#2027,(#2031,#2038),.PCURVE_S1.);
#2027 = LINE('',#2028,#2029);
#2028 = CARTESIAN_POINT('',(-3.,26.,16.));
#2029 = VECTOR('',#2030,1.);
#2030 = DIRECTION('',(1.110223024625E-16,1.,0.));
#2031 = PCURVE('',#808,#2032);
#2032 = DEFINITIONAL_REPRESENTATION('',(#2033),#2037);
#2033 = LINE('',#2034,#2035);
#2034 = CARTESIAN_POINT('',(10.,0.));
#2035 = VECTOR('',#2036,1.);
#2036 = DIRECTION('',(0.,1.));
#2037 = ( GEOMETRIC_REPRESENTATION_CONTEXT(2) 
PARAMETRIC_REPRESENTATION_CONTEXT() REPRESENTATION_CONTEXT('2D SPACE',''
  ) );
#2038 = PCURVE('',#678,#2039);
#2039 = DEFINITIONAL_REPRESENTATION('',(#2040),#2044);
#2040 = LINE('',#2041,#2042);
#2041 = CARTESIAN_POINT('',(-6.661338147751E-16,6.));
#2042 = VECTOR('',#2043,1.);
#2043 = DIRECTION('',(1.,0.));
#2044 = ( GEOMETRIC_REPRESENTATION_CONTEXT(2) 
PARAMETRIC_REPRESENTATION_CONTEXT() REPRESENTATION_CONTEXT('2D SPACE',''
  ) );
#2045 = ORIENTED_EDGE('',*,*,#2046,.F.);
#2046 = EDGE_CURVE('',#1946,#2024,#2047,.T.);
#2047 = SURFACE_CURVE('',#2048,(#2052,#2059),.PCURVE_S1.);
#2048 = LINE('',#2049,#2050);
#2049 = CARTESIAN_POINT('',(-3.,34.,6.));
#2050 = VECTOR('',#2051,1.);
#2051 = DIRECTION('',(0.,0.,1.));
#2052 = PCURVE('',#808,#2053);
#2053 = DEFINITIONAL_REPRESENTATION('',(#2054),#2058);
#2054 = LINE('',#2055,#2056);
#2055 = CARTESIAN_POINT('',(0.,8.));
#2056 = VECTOR('',#2057,1.);
#2057 = DIRECTION('',(1.,0.));
#2058 = ( GEOMETRIC_REPRESENTATION_CONTEXT(2) 
PARAMETRIC_REPRESENTATION_CONTEXT() REPRESENTATION_CONTEXT('2D SPACE',''
  ) );
#2059 = PCURVE('',#2006,#2060);
#2060 = DEFINITIONAL_REPRESENTATION('',(#2061),#2065);
#2061 = LINE('',#2062,#2063);
#2062 = CARTESIAN_POINT('',(0.,-6.));
#2063 = VECTOR('',#2064,1.);
#2064 = DIRECTION('',(1.,0.));
#2065 = ( GEOMETRIC_REPRESENTATION_CONTEXT(2) 
PARAMETRIC_REPRESENTATION_CONTEXT() REPRESENTATION_CONTEXT('2D SPACE',''
  ) );
#2066 = ADVANCED_FACE('',(#2067),#678,.T.);
#2067 = FACE_BOUND('',#2068,.T.);
#2068 = EDGE_LOOP('',(#2069,#2070,#2071,#2095,#2117,#2118,#2141));
#2069 = ORIENTED_EDGE('',*,*,#2023,.F.);
#2070 = ORIENTED_EDGE('',*,*,#771,.F.);
#2071 = ORIENTED_EDGE('',*,*,#2072,.F.);
#2072 = EDGE_CURVE('',#2073,#746,#2075,.T.);
#2073 = VERTEX_POINT('',#2074);
#2074 = CARTESIAN_POINT('',(3.722215902397E-15,31.1,16.));
#2075 = SURFACE_CURVE('',#2076,(#2081,#2088),.PCURVE_S1.);
#2076 = CIRCLE('',#2077,1.1);
#2077 = AXIS2_PLACEMENT_3D('',#2078,#2079,#2080);
#2078 = CARTESIAN_POINT('',(3.330669073875E-15,30.,16.));
#2079 = DIRECTION('',(0.,0.,1.));
#2080 = DIRECTION('',(1.110223024625E-16,1.,-0.));
#2081 = PCURVE('',#678,#2082);
#2082 = DEFINITIONAL_REPRESENTATION('',(#2083),#2087);
#2083 = CIRCLE('',#2084,1.1);
#2084 = AXIS2_PLACEMENT_2D('',#2085,#2086);
#2085 = CARTESIAN_POINT('',(4.,3.));
#2086 = DIRECTION('',(1.,0.));
#2087 = ( GEOMETRIC_REPRESENTATION_CONTEXT(2) 
PARAMETRIC_REPRESENTATION_CONTEXT() REPRESENTATION_CONTEXT('2D SPACE',''
  ) );
#2088 = PCURVE('',#760,#2089);
#2089 = DEFINITIONAL_REPRESENTATION('',(#2090),#2094);
#2090 = LINE('',#2091,#2092);
#2091 = CARTESIAN_POINT('',(0.,9.));
#2092 = VECTOR('',#2093,1.);
#2093 = DIRECTION('',(1.,0.));
#2094 = ( GEOMETRIC_REPRESENTATION_CONTEXT(2) 
PARAMETRIC_REPRESENTATION_CONTEXT() REPRESENTATION_CONTEXT('2D SPACE',''
  ) );
#2095 = ORIENTED_EDGE('',*,*,#2096,.F.);
#2096 = EDGE_CURVE('',#662,#2073,#2097,.T.);
#2097 = SURFACE_CURVE('',#2098,(#2103,#2110),.PCURVE_S1.);
#2098 = CIRCLE('',#2099,1.1);
#2099 = AXIS2_PLACEMENT_3D('',#2100,#2101,#2102);
#2100 = CARTESIAN_POINT('',(3.330669073875E-15,30.,16.));
#2101 = DIRECTION('',(0.,0.,1.));
#2102 = DIRECTION('',(1.110223024625E-16,1.,-0.));
#2103 = PCURVE('',#678,#2104);
#2104 = DEFINITIONAL_REPRESENTATION('',(#2105),#2109);
#2105 = CIRCLE('',#2106,1.1);
#2106 = AXIS2_PLACEMENT_2D('',#2107,#2108);
#2107 = CARTESIAN_POINT('',(4.,3.));
#2108 = DIRECTION('',(1.,0.));
#2109 = ( GEOMETRIC_REPRESENTATION_CONTEXT(2) 
PARAMETRIC_REPRESENTATION_CONTEXT() REPRESENTATION_CONTEXT('2D SPACE',''
  ) );
#2110 = PCURVE('',#705,#2111);
#2111 = DEFINITIONAL_REPRESENTATION('',(#2112),#2116);
#2112 = LINE('',#2113,#2114);
#2113 = CARTESIAN_POINT('',(0.,9.));
#2114 = VECTOR('',#2115,1.);
#2115 = DIRECTION('',(1.,0.));
#2116 = ( GEOMETRIC_REPRESENTATION_CONTEXT(2) 
PARAMETRIC_REPRESENTATION_CONTEXT() REPRESENTATION_CONTEXT('2D SPACE',''
  ) );
#2117 = ORIENTED_EDGE('',*,*,#661,.F.);
#2118 = ORIENTED_EDGE('',*,*,#2119,.T.);
#2119 = EDGE_CURVE('',#636,#2120,#2122,.T.);
#2120 = VERTEX_POINT('',#2121);
#2121 = CARTESIAN_POINT('',(3.,34.,16.));
#2122 = SURFACE_CURVE('',#2123,(#2127,#2134),.PCURVE_S1.);
#2123 = LINE('',#2124,#2125);
#2124 = CARTESIAN_POINT('',(3.,26.,16.));
#2125 = VECTOR('',#2126,1.);
#2126 = DIRECTION('',(1.110223024625E-16,1.,0.));
#2127 = PCURVE('',#678,#2128);
#2128 = DEFINITIONAL_REPRESENTATION('',(#2129),#2133);
#2129 = LINE('',#2130,#2131);
#2130 = CARTESIAN_POINT('',(0.,0.));
#2131 = VECTOR('',#2132,1.);
#2132 = DIRECTION('',(1.,0.));
#2133 = ( GEOMETRIC_REPRESENTATION_CONTEXT(2) 
PARAMETRIC_REPRESENTATION_CONTEXT() REPRESENTATION_CONTEXT('2D SPACE',''
  ) );
#2134 = PCURVE('',#650,#2135);
#2135 = DEFINITIONAL_REPRESENTATION('',(#2136),#2140);
#2136 = LINE('',#2137,#2138);
#2137 = CARTESIAN_POINT('',(10.,0.));
#2138 = VECTOR('',#2139,1.);
#2139 = DIRECTION('',(0.,1.));
#2140 = ( GEOMETRIC_REPRESENTATION_CONTEXT(2) 
PARAMETRIC_REPRESENTATION_CONTEXT() REPRESENTATION_CONTEXT('2D SPACE',''
  ) );
#2141 = ORIENTED_EDGE('',*,*,#2142,.T.);
#2142 = EDGE_CURVE('',#2120,#2024,#2143,.T.);
#2143 = SURFACE_CURVE('',#2144,(#2148,#2155),.PCURVE_S1.);
#2144 = LINE('',#2145,#2146);
#2145 = CARTESIAN_POINT('',(3.,34.,16.));
#2146 = VECTOR('',#2147,1.);
#2147 = DIRECTION('',(-1.,1.110223024625E-16,0.));
#2148 = PCURVE('',#678,#2149);
#2149 = DEFINITIONAL_REPRESENTATION('',(#2150),#2154);
#2150 = LINE('',#2151,#2152);
#2151 = CARTESIAN_POINT('',(8.,0.));
#2152 = VECTOR('',#2153,1.);
#2153 = DIRECTION('',(0.,1.));
#2154 = ( GEOMETRIC_REPRESENTATION_CONTEXT(2) 
PARAMETRIC_REPRESENTATION_CONTEXT() REPRESENTATION_CONTEXT('2D SPACE',''
  ) );
#2155 = PCURVE('',#2006,#2156);
#2156 = DEFINITIONAL_REPRESENTATION('',(#2157),#2161);
#2157 = LINE('',#2158,#2159);
#2158 = CARTESIAN_POINT('',(10.,0.));
#2159 = VECTOR('',#2160,1.);
#2160 = DIRECTION('',(0.,-1.));
#2161 = ( GEOMETRIC_REPRESENTATION_CONTEXT(2) 
PARAMETRIC_REPRESENTATION_CONTEXT() REPRESENTATION_CONTEXT('2D SPACE',''
  ) );
#2162 = ADVANCED_FACE('',(#2163),#760,.F.);
#2163 = FACE_BOUND('',#2164,.F.);
#2164 = EDGE_LOOP('',(#2165,#2166,#2189,#2211));
#2165 = ORIENTED_EDGE('',*,*,#2072,.F.);
#2166 = ORIENTED_EDGE('',*,*,#2167,.F.);
#2167 = EDGE_CURVE('',#2168,#2073,#2170,.T.);
#2168 = VERTEX_POINT('',#2169);
#2169 = CARTESIAN_POINT('',(3.722215902397E-15,31.1,7.));
#2170 = SURFACE_CURVE('',#2171,(#2175,#2182),.PCURVE_S1.);
#2171 = LINE('',#2172,#2173);
#2172 = CARTESIAN_POINT('',(3.722215902397E-15,31.1,7.));
#2173 = VECTOR('',#2174,1.);
#2174 = DIRECTION('',(0.,0.,1.));
#2175 = PCURVE('',#760,#2176);
#2176 = DEFINITIONAL_REPRESENTATION('',(#2177),#2181);
#2177 = LINE('',#2178,#2179);
#2178 = CARTESIAN_POINT('',(0.,-0.));
#2179 = VECTOR('',#2180,1.);
#2180 = DIRECTION('',(0.,1.));
#2181 = ( GEOMETRIC_REPRESENTATION_CONTEXT(2) 
PARAMETRIC_REPRESENTATION_CONTEXT() REPRESENTATION_CONTEXT('2D SPACE',''
  ) );
#2182 = PCURVE('',#705,#2183);
#2183 = DEFINITIONAL_REPRESENTATION('',(#2184),#2188);
#2184 = LINE('',#2185,#2186);
#2185 = CARTESIAN_POINT('',(6.28318530718,-0.));
#2186 = VECTOR('',#2187,1.);
#2187 = DIRECTION('',(0.,1.));
#2188 = ( GEOMETRIC_REPRESENTATION_CONTEXT(2) 
PARAMETRIC_REPRESENTATION_CONTEXT() REPRESENTATION_CONTEXT('2D SPACE',''
  ) );
#2189 = ORIENTED_EDGE('',*,*,#2190,.T.);
#2190 = EDGE_CURVE('',#2168,#717,#2191,.T.);
#2191 = SURFACE_CURVE('',#2192,(#2197,#2204),.PCURVE_S1.);
#2192 = CIRCLE('',#2193,1.1);
#2193 = AXIS2_PLACEMENT_3D('',#2194,#2195,#2196);
#2194 = CARTESIAN_POINT('',(3.330669073875E-15,30.,7.));
#2195 = DIRECTION('',(0.,-0.,1.));
#2196 = DIRECTION('',(1.110223024625E-16,1.,0.));
#2197 = PCURVE('',#760,#2198);
#2198 = DEFINITIONAL_REPRESENTATION('',(#2199),#2203);
#2199 = LINE('',#2200,#2201);
#2200 = CARTESIAN_POINT('',(0.,0.));
#2201 = VECTOR('',#2202,1.);
#2202 = DIRECTION('',(1.,0.));
#2203 = ( GEOMETRIC_REPRESENTATION_CONTEXT(2) 
PARAMETRIC_REPRESENTATION_CONTEXT() REPRESENTATION_CONTEXT('2D SPACE',''
  ) );
#2204 = PCURVE('',#733,#2205);
#2205 = DEFINITIONAL_REPRESENTATION('',(#2206),#2210);
#2206 = CIRCLE('',#2207,1.1);
#2207 = AXIS2_PLACEMENT_2D('',#2208,#2209);
#2208 = CARTESIAN_POINT('',(0.,0.));
#2209 = DIRECTION('',(1.,0.));
#2210 = ( GEOMETRIC_REPRESENTATION_CONTEXT(2) 
PARAMETRIC_REPRESENTATION_CONTEXT() REPRESENTATION_CONTEXT('2D SPACE',''
  ) );
#2211 = ORIENTED_EDGE('',*,*,#745,.T.);
#2212 = ADVANCED_FACE('',(#2213),#733,.T.);
#2213 = FACE_BOUND('',#2214,.T.);
#2214 = EDGE_LOOP('',(#2215,#2237,#2238));
#2215 = ORIENTED_EDGE('',*,*,#2216,.T.);
#2216 = EDGE_CURVE('',#691,#2168,#2217,.T.);
#2217 = SURFACE_CURVE('',#2218,(#2223,#2230),.PCURVE_S1.);
#2218 = CIRCLE('',#2219,1.1);
#2219 = AXIS2_PLACEMENT_3D('',#2220,#2221,#2222);
#2220 = CARTESIAN_POINT('',(3.330669073875E-15,30.,7.));
#2221 = DIRECTION('',(0.,-0.,1.));
#2222 = DIRECTION('',(1.110223024625E-16,1.,0.));
#2223 = PCURVE('',#733,#2224);
#2224 = DEFINITIONAL_REPRESENTATION('',(#2225),#2229);
#2225 = CIRCLE('',#2226,1.1);
#2226 = AXIS2_PLACEMENT_2D('',#2227,#2228);
#2227 = CARTESIAN_POINT('',(0.,0.));
#2228 = DIRECTION('',(1.,0.));
#2229 = ( GEOMETRIC_REPRESENTATION_CONTEXT(2) 
PARAMETRIC_REPRESENTATION_CONTEXT() REPRESENTATION_CONTEXT('2D SPACE',''
  ) );
#2230 = PCURVE('',#705,#2231);
#2231 = DEFINITIONAL_REPRESENTATION('',(#2232),#2236);
#2232 = LINE('',#2233,#2234);
#2233 = CARTESIAN_POINT('',(0.,0.));
#2234 = VECTOR('',#2235,1.);
#2235 = DIRECTION('',(1.,0.));
#2236 = ( GEOMETRIC_REPRESENTATION_CONTEXT(2) 
PARAMETRIC_REPRESENTATION_CONTEXT() REPRESENTATION_CONTEXT('2D SPACE',''
  ) );
#2237 = ORIENTED_EDGE('',*,*,#2190,.T.);
#2238 = ORIENTED_EDGE('',*,*,#716,.F.);
#2239 = ADVANCED_FACE('',(#2240),#705,.F.);
#2240 = FACE_BOUND('',#2241,.F.);
#2241 = EDGE_LOOP('',(#2242,#2243,#2244,#2245));
#2242 = ORIENTED_EDGE('',*,*,#2167,.T.);
#2243 = ORIENTED_EDGE('',*,*,#2096,.F.);
#2244 = ORIENTED_EDGE('',*,*,#690,.F.);
#2245 = ORIENTED_EDGE('',*,*,#2216,.T.);
#2246 = ADVANCED_FACE('',(#2247),#650,.F.);
#2247 = FACE_BOUND('',#2248,.F.);
#2248 = EDGE_LOOP('',(#2249,#2250,#2251,#2252));
#2249 = ORIENTED_EDGE('',*,*,#1969,.F.);
#2250 = ORIENTED_EDGE('',*,*,#635,.T.);
#2251 = ORIENTED_EDGE('',*,*,#2119,.T.);
#2252 = ORIENTED_EDGE('',*,*,#2253,.F.);
#2253 = EDGE_CURVE('',#1970,#2120,#2254,.T.);
#2254 = SURFACE_CURVE('',#2255,(#2259,#2266),.PCURVE_S1.);
#2255 = LINE('',#2256,#2257);
#2256 = CARTESIAN_POINT('',(3.,34.,6.));
#2257 = VECTOR('',#2258,1.);
#2258 = DIRECTION('',(0.,0.,1.));
#2259 = PCURVE('',#650,#2260);
#2260 = DEFINITIONAL_REPRESENTATION('',(#2261),#2265);
#2261 = LINE('',#2262,#2263);
#2262 = CARTESIAN_POINT('',(0.,8.));
#2263 = VECTOR('',#2264,1.);
#2264 = DIRECTION('',(1.,0.));
#2265 = ( GEOMETRIC_REPRESENTATION_CONTEXT(2) 
PARAMETRIC_REPRESENTATION_CONTEXT() REPRESENTATION_CONTEXT('2D SPACE',''
  ) );
#2266 = PCURVE('',#2006,#2267);
#2267 = DEFINITIONAL_REPRESENTATION('',(#2268),#2272);
#2268 = LINE('',#2269,#2270);
#2269 = CARTESIAN_POINT('',(0.,0.));
#2270 = VECTOR('',#2271,1.);
#2271 = DIRECTION('',(1.,0.));
#2272 = ( GEOMETRIC_REPRESENTATION_CONTEXT(2) 
PARAMETRIC_REPRESENTATION_CONTEXT() REPRESENTATION_CONTEXT('2D SPACE',''
  ) );
#2273 = ADVANCED_FACE('',(#2274),#931,.F.);
#2274 = FACE_BOUND('',#2275,.F.);
#2275 = EDGE_LOOP('',(#2276,#2277,#2300,#2462));
#2276 = ORIENTED_EDGE('',*,*,#821,.F.);
#2277 = ORIENTED_EDGE('',*,*,#2278,.F.);
#2278 = EDGE_CURVE('',#2279,#822,#2281,.T.);
#2279 = VERTEX_POINT('',#2280);
#2280 = CARTESIAN_POINT('',(2.716737493223E-15,28.,21.6));
#2281 = SEAM_CURVE('',#2282,(#2286,#2293),.PCURVE_S1.);
#2282 = LINE('',#2283,#2284);
#2283 = CARTESIAN_POINT('',(-4.166645259453E-15,-34.,21.6));
#2284 = VECTOR('',#2285,1.);
#2285 = DIRECTION('',(1.110223024625E-16,1.,0.));
#2286 = PCURVE('',#931,#2287);
#2287 = DEFINITIONAL_REPRESENTATION('',(#2288),#2292);
#2288 = LINE('',#2289,#2290);
#2289 = CARTESIAN_POINT('',(6.28318530718,-0.));
#2290 = VECTOR('',#2291,1.);
#2291 = DIRECTION('',(0.,1.));
#2292 = ( GEOMETRIC_REPRESENTATION_CONTEXT(2) 
PARAMETRIC_REPRESENTATION_CONTEXT() REPRESENTATION_CONTEXT('2D SPACE',''
  ) );
#2293 = PCURVE('',#931,#2294);
#2294 = DEFINITIONAL_REPRESENTATION('',(#2295),#2299);
#2295 = LINE('',#2296,#2297);
#2296 = CARTESIAN_POINT('',(0.,-0.));
#2297 = VECTOR('',#2298,1.);
#2298 = DIRECTION('',(0.,1.));
#2299 = ( GEOMETRIC_REPRESENTATION_CONTEXT(2) 
PARAMETRIC_REPRESENTATION_CONTEXT() REPRESENTATION_CONTEXT('2D SPACE',''
  ) );
#2300 = ORIENTED_EDGE('',*,*,#2301,.T.);
#2301 = EDGE_CURVE('',#2279,#2279,#2302,.T.);
#2302 = SURFACE_CURVE('',#2303,(#2354,#2408),.PCURVE_S1.);
#2303 = B_SPLINE_CURVE_WITH_KNOTS('',7,(#2304,#2305,#2306,#2307,#2308,
    #2309,#2310,#2311,#2312,#2313,#2314,#2315,#2316,#2317,#2318,#2319,
    #2320,#2321,#2322,#2323,#2324,#2325,#2326,#2327,#2328,#2329,#2330,
    #2331,#2332,#2333,#2334,#2335,#2336,#2337,#2338,#2339,#2340,#2341,
    #2342,#2343,#2344,#2345,#2346,#2347,#2348,#2349,#2350,#2351,#2352,
    #2353),.UNSPECIFIED.,.T.,.F.,(8,6,6,6,6,6,6,6,8),(0.,0.1424035967,
    0.276403338366,0.443970157991,0.590662528425,0.685908139342,
    0.790685919047,0.892171707557,1.),.UNSPECIFIED.);
#2304 = CARTESIAN_POINT('',(2.22044604925E-15,28.,21.6));
#2305 = CARTESIAN_POINT('',(0.219108222492,28.,21.6));
#2306 = CARTESIAN_POINT('',(0.432732781733,27.997999626871,
    21.564994144743));
#2307 = CARTESIAN_POINT('',(0.634333849005,27.994179288256,
    21.49813442754));
#2308 = CARTESIAN_POINT('',(0.818425111689,27.98906903257,
    21.403907152058));
#2309 = CARTESIAN_POINT('',(0.980816830605,27.98341200032,
    21.288048460957));
#2310 = CARTESIAN_POINT('',(1.119035453375,27.977861462155,
    21.157421709731));
#2311 = CARTESIAN_POINT('',(1.339891932843,27.968127860476,
    20.890452086813));
#2312 = CARTESIAN_POINT('',(1.427796285042,27.963774659021,
    20.751918114393));
#2313 = CARTESIAN_POINT('',(1.497199669844,27.960066214315,
    20.607065766759));
#2314 = CARTESIAN_POINT('',(1.548743928391,27.957182076077,
    20.457935211352));
#2315 = CARTESIAN_POINT('',(1.582918370889,27.95522601958,
    20.306138818267));
#2316 = CARTESIAN_POINT('',(1.6,27.95424833545,20.15305709072));
#2317 = CARTESIAN_POINT('',(1.6,27.95424833545,19.808601945091));
#2318 = CARTESIAN_POINT('',(1.573289334592,27.955777081547,
    19.617261487223));
#2319 = CARTESIAN_POINT('',(1.51988943317,27.958833891314,19.42836997665
    ));
#2320 = CARTESIAN_POINT('',(1.439048153604,27.96329862082,
    19.244633383162));
#2321 = CARTESIAN_POINT('',(1.329569328314,27.96892208213,
    19.069564222861));
#2322 = CARTESIAN_POINT('',(1.19010391033,27.975215243279,
    18.908001614312));
#2323 = CARTESIAN_POINT('',(0.870858511523,27.986851231905,
    18.643898851999));
#2324 = CARTESIAN_POINT('',(0.693280827873,27.99239597257,
    18.532390139237));
#2325 = CARTESIAN_POINT('',(0.490714022034,27.997288923033,
    18.445172162905));
#2326 = CARTESIAN_POINT('',(0.270458644071,28.0005620148,18.390865948919
    ));
#2327 = CARTESIAN_POINT('',(4.222079519617E-02,28.001513989825,
    18.374095785685));
#2328 = CARTESIAN_POINT('',(-0.183658659628,28.000217494812,
    18.395258134728));
#2329 = CARTESIAN_POINT('',(-0.537010652862,27.995195555281,
    18.48598350644));
#2330 = CARTESIAN_POINT('',(-0.672376846847,27.992465214786,
    18.536268036683));
#2331 = CARTESIAN_POINT('',(-0.802160558042,27.989085326247,
    18.600644801765));
#2332 = CARTESIAN_POINT('',(-0.924622128332,27.985219827606,
    18.6783592849));
#2333 = CARTESIAN_POINT('',(-1.038145244953,27.981076246094,
    18.76838970864));
#2334 = CARTESIAN_POINT('',(-1.141281905583,27.976881015011,
    18.869469631522));
#2335 = CARTESIAN_POINT('',(-1.333521711239,27.968408609313,
    19.101847638043));
#2336 = CARTESIAN_POINT('',(-1.420201954856,27.9641647853,19.23517697914
    ));
#2337 = CARTESIAN_POINT('',(-1.491245745053,27.960397947617,
    19.378152774717));
#2338 = CARTESIAN_POINT('',(-1.545402510709,27.957373551808,
    19.528573523473));
#2339 = CARTESIAN_POINT('',(-1.581804621891,27.95528967024,
    19.684040186217));
#2340 = CARTESIAN_POINT('',(-1.6,27.95424833545,19.842030427434));
#2341 = CARTESIAN_POINT('',(-1.6,27.95424833545,20.153006359532));
#2342 = CARTESIAN_POINT('',(-1.582929703145,27.955225369703,
    20.306097155394));
#2343 = CARTESIAN_POINT('',(-1.548753870341,27.957181511393,
    20.457926973459));
#2344 = CARTESIAN_POINT('',(-1.497196417849,27.960066479121,
    20.607086492729));
#2345 = CARTESIAN_POINT('',(-1.427779651217,27.963775552044,
    20.751948973295));
#2346 = CARTESIAN_POINT('',(-1.339874055205,27.968128648381,
    20.890473697164));
#2347 = CARTESIAN_POINT('',(-1.119077894984,27.977859591666,
    21.157370406639));
#2348 = CARTESIAN_POINT('',(-0.980858008252,27.983410588614,
    21.288025914624));
#2349 = CARTESIAN_POINT('',(-0.818422322407,27.989069775006,
    21.403928892821));
#2350 = CARTESIAN_POINT('',(-0.634268359854,27.994181772086,
    21.498177775584));
#2351 = CARTESIAN_POINT('',(-0.432623006886,27.998001377815,
    21.565024806914));
#2352 = CARTESIAN_POINT('',(-0.219012245381,28.,21.6));
#2353 = CARTESIAN_POINT('',(2.22044604925E-15,28.,21.6));
#2354 = PCURVE('',#931,#2355);
#2355 = DEFINITIONAL_REPRESENTATION('',(#2356),#2407);
#2356 = B_SPLINE_CURVE_WITH_KNOTS('',7,(#2357,#2358,#2359,#2360,#2361,
    #2362,#2363,#2364,#2365,#2366,#2367,#2368,#2369,#2370,#2371,#2372,
    #2373,#2374,#2375,#2376,#2377,#2378,#2379,#2380,#2381,#2382,#2383,
    #2384,#2385,#2386,#2387,#2388,#2389,#2390,#2391,#2392,#2393,#2394,
    #2395,#2396,#2397,#2398,#2399,#2400,#2401,#2402,#2403,#2404,#2405,
    #2406),.UNSPECIFIED.,.F.,.F.,(8,6,6,6,6,6,6,6,8),(0.,0.1424035967,
    0.276403338366,0.443970157991,0.590662528425,0.685908139342,
    0.790685919047,0.892171707557,1.),.UNSPECIFIED.);
#2357 = CARTESIAN_POINT('',(0.,62.));
#2358 = CARTESIAN_POINT('',(0.136942639057,62.));
#2359 = CARTESIAN_POINT('',(0.270457921153,61.997999626871));
#2360 = CARTESIAN_POINT('',(0.400653367836,61.994179288256));
#2361 = CARTESIAN_POINT('',(0.527349897432,61.98906903257));
#2362 = CARTESIAN_POINT('',(0.650106993509,61.98341200032));
#2363 = CARTESIAN_POINT('',(0.76807799834,61.977861462155));
#2364 = CARTESIAN_POINT('',(0.984629778454,61.968127860476));
#2365 = CARTESIAN_POINT('',(1.086363996248,61.963774659021));
#2366 = CARTESIAN_POINT('',(1.185659603406,61.960066214315));
#2367 = CARTESIAN_POINT('',(1.283156642309,61.957182076077));
#2368 = CARTESIAN_POINT('',(1.379459662048,61.95522601958));
#2369 = CARTESIAN_POINT('',(1.475135645095,61.95424833545));
#2370 = CARTESIAN_POINT('',(1.690420111113,61.95424833545));
#2371 = CARTESIAN_POINT('',(1.81000718787,61.955777081547));
#2372 = CARTESIAN_POINT('',(1.930863573129,61.958833891314));
#2373 = CARTESIAN_POINT('',(2.054072870638,61.96329862082));
#2374 = CARTESIAN_POINT('',(2.180836232802,61.96892208213));
#2375 = CARTESIAN_POINT('',(2.312364235185,61.975215243279));
#2376 = CARTESIAN_POINT('',(2.571319387643,61.986851231905));
#2377 = CARTESIAN_POINT('',(2.701260852166,61.99239597257));
#2378 = CARTESIAN_POINT('',(2.836435053233,61.997288923033));
#2379 = CARTESIAN_POINT('',(2.974765367961,62.0005620148));
#2380 = CARTESIAN_POINT('',(3.114645753556,62.001513989825));
#2381 = CARTESIAN_POINT('',(3.254673573195,62.000217494812));
#2382 = CARTESIAN_POINT('',(3.482681868852,61.995195555281));
#2383 = CARTESIAN_POINT('',(3.572443484013,61.992465214786));
#2384 = CARTESIAN_POINT('',(3.662197614392,61.989085326247));
#2385 = CARTESIAN_POINT('',(3.751953903304,61.985219827606));
#2386 = CARTESIAN_POINT('',(3.84171791254,61.981076246094));
#2387 = CARTESIAN_POINT('',(3.931483499978,61.976881015011));
#2388 = CARTESIAN_POINT('',(4.119976372018,61.968408609313));
#2389 = CARTESIAN_POINT('',(4.218716302116,61.9641647853));
#2390 = CARTESIAN_POINT('',(4.317445202349,61.960397947617));
#2391 = CARTESIAN_POINT('',(4.41617487701,61.957373551808));
#2392 = CARTESIAN_POINT('',(4.514914378685,61.95528967024));
#2393 = CARTESIAN_POINT('',(4.613657997531,61.95424833545));
#2394 = CARTESIAN_POINT('',(4.808017955092,61.95424833545));
#2395 = CARTESIAN_POINT('',(4.903699591724,61.955225369703));
#2396 = CARTESIAN_POINT('',(5.00002213401,61.957181511393));
#2397 = CARTESIAN_POINT('',(5.097537931397,61.960066479121));
#2398 = CARTESIAN_POINT('',(5.196842797956,61.963775552044));
#2399 = CARTESIAN_POINT('',(5.298573057911,61.968128648381));
#2400 = CARTESIAN_POINT('',(5.515065694457,61.977859591666));
#2401 = CARTESIAN_POINT('',(5.633051065109,61.983410588614));
#2402 = CARTESIAN_POINT('',(5.755844386943,61.989069775006));
#2403 = CARTESIAN_POINT('',(5.8825783147,61.994181772086));
#2404 = CARTESIAN_POINT('',(6.012796007901,61.998001377815));
#2405 = CARTESIAN_POINT('',(6.146302653817,62.));
#2406 = CARTESIAN_POINT('',(6.28318530718,62.));
#2407 = ( GEOMETRIC_REPRESENTATION_CONTEXT(2) 
PARAMETRIC_REPRESENTATION_CONTEXT() REPRESENTATION_CONTEXT('2D SPACE',''
  ) );
#2408 = PCURVE('',#1421,#2409);
#2409 = DEFINITIONAL_REPRESENTATION('',(#2410),#2461);
#2410 = B_SPLINE_CURVE_WITH_KNOTS('',7,(#2411,#2412,#2413,#2414,#2415,
    #2416,#2417,#2418,#2419,#2420,#2421,#2422,#2423,#2424,#2425,#2426,
    #2427,#2428,#2429,#2430,#2431,#2432,#2433,#2434,#2435,#2436,#2437,
    #2438,#2439,#2440,#2441,#2442,#2443,#2444,#2445,#2446,#2447,#2448,
    #2449,#2450,#2451,#2452,#2453,#2454,#2455,#2456,#2457,#2458,#2459,
    #2460),.UNSPECIFIED.,.T.,.F.,(8,6,6,6,6,6,6,6,8),(0.,0.1424035967,
    0.276403338366,0.443970157991,0.590662528425,0.685908139342,
    0.790685919047,0.892171707557,1.),.UNSPECIFIED.);
#2411 = CARTESIAN_POINT('',(1.570796326795,22.6));
#2412 = CARTESIAN_POINT('',(1.562971033134,22.6));
#2413 = CARTESIAN_POINT('',(1.555341583521,22.564994144743));
#2414 = CARTESIAN_POINT('',(1.548140768746,22.49813442754));
#2415 = CARTESIAN_POINT('',(1.541563890999,22.403907152058));
#2416 = CARTESIAN_POINT('',(1.535760800889,22.288048460957));
#2417 = CARTESIAN_POINT('',(1.53082048144,22.157421709731));
#2418 = CARTESIAN_POINT('',(1.52292509339,21.890452086813));
#2419 = CARTESIAN_POINT('',(1.519781851423,21.751918114393));
#2420 = CARTESIAN_POINT('',(1.51729963991,21.607065766759));
#2421 = CARTESIAN_POINT('',(1.515455895894,21.457935211352));
#2422 = CARTESIAN_POINT('',(1.514233382321,21.306138818267));
#2423 = CARTESIAN_POINT('',(1.513622325714,21.15305709072));
#2424 = CARTESIAN_POINT('',(1.513622325714,20.808601945091));
#2425 = CARTESIAN_POINT('',(1.514577839275,20.617261487223));
#2426 = CARTESIAN_POINT('',(1.516488100435,20.42836997665));
#2427 = CARTESIAN_POINT('',(1.519379683341,20.244633383162));
#2428 = CARTESIAN_POINT('',(1.523294730879,20.069564222861));
#2429 = CARTESIAN_POINT('',(1.528280519831,19.908001614312));
#2430 = CARTESIAN_POINT('',(1.539689712156,19.643898851999));
#2431 = CARTESIAN_POINT('',(1.546034773278,19.532390139237));
#2432 = CARTESIAN_POINT('',(1.553271132562,19.445172162905));
#2433 = CARTESIAN_POINT('',(1.561137541432,19.390865948919));
#2434 = CARTESIAN_POINT('',(1.569288299781,19.374095785685));
#2435 = CARTESIAN_POINT('',(1.57735527026,19.395258134728));
#2436 = CARTESIAN_POINT('',(1.589976258761,19.48598350644));
#2437 = CARTESIAN_POINT('',(1.594811663271,19.536268036683));
#2438 = CARTESIAN_POINT('',(1.599448243294,19.600644801765));
#2439 = CARTESIAN_POINT('',(1.603823944334,19.6783592849));
#2440 = CARTESIAN_POINT('',(1.607880982536,19.76838970864));
#2441 = CARTESIAN_POINT('',(1.611567459539,19.869469631522));
#2442 = CARTESIAN_POINT('',(1.618439831443,20.101847638043));
#2443 = CARTESIAN_POINT('',(1.621539224825,20.23517697914));
#2444 = CARTESIAN_POINT('',(1.624080044838,20.378152774717));
#2445 = CARTESIAN_POINT('',(1.626017224094,20.528573523473));
#2446 = CARTESIAN_POINT('',(1.627319430264,20.684040186217));
#2447 = CARTESIAN_POINT('',(1.627970327876,20.842030427434));
#2448 = CARTESIAN_POINT('',(1.627970327876,21.153006359532));
#2449 = CARTESIAN_POINT('',(1.627359676658,21.306097155394));
#2450 = CARTESIAN_POINT('',(1.626137113333,21.457926973459));
#2451 = CARTESIAN_POINT('',(1.624292897187,21.607086492729));
#2452 = CARTESIAN_POINT('',(1.621810207273,21.751948973295));
#2453 = CARTESIAN_POINT('',(1.618666921093,21.890473697164));
#2454 = CARTESIAN_POINT('',(1.610773689393,22.157370406639));
#2455 = CARTESIAN_POINT('',(1.605833324153,22.288025914624));
#2456 = CARTESIAN_POINT('',(1.600028661912,22.403928892821));
#2457 = CARTESIAN_POINT('',(1.59344954483,22.498177775584));
#2458 = CARTESIAN_POINT('',(1.586247149549,22.565024806914));
#2459 = CARTESIAN_POINT('',(1.578618192701,22.6));
#2460 = CARTESIAN_POINT('',(1.570796326795,22.6));
#2461 = ( GEOMETRIC_REPRESENTATION_CONTEXT(2) 
PARAMETRIC_REPRESENTATION_CONTEXT() REPRESENTATION_CONTEXT('2D SPACE',''
  ) );
#2462 = ORIENTED_EDGE('',*,*,#2278,.T.);
#2463 = ADVANCED_FACE('',(#2464),#1102,.F.);
#2464 = FACE_BOUND('',#2465,.F.);
#2465 = EDGE_LOOP('',(#2466,#2630,#2651,#2652));
#2466 = ORIENTED_EDGE('',*,*,#2467,.F.);
#2467 = EDGE_CURVE('',#2468,#2468,#2470,.T.);
#2468 = VERTEX_POINT('',#2469);
#2469 = CARTESIAN_POINT('',(-28.,3.918869757272E-16,21.6));
#2470 = SURFACE_CURVE('',#2471,(#2522,#2576),.PCURVE_S1.);
#2471 = B_SPLINE_CURVE_WITH_KNOTS('',7,(#2472,#2473,#2474,#2475,#2476,
    #2477,#2478,#2479,#2480,#2481,#2482,#2483,#2484,#2485,#2486,#2487,
    #2488,#2489,#2490,#2491,#2492,#2493,#2494,#2495,#2496,#2497,#2498,
    #2499,#2500,#2501,#2502,#2503,#2504,#2505,#2506,#2507,#2508,#2509,
    #2510,#2511,#2512,#2513,#2514,#2515,#2516,#2517,#2518,#2519,#2520,
    #2521),.UNSPECIFIED.,.T.,.F.,(8,6,6,6,6,6,6,6,8),(0.,0.128248967638,
    0.248929406409,0.369569842201,0.472935389028,0.588369808871,
    0.687998652064,0.840041096744,1.),.UNSPECIFIED.);
#2472 = CARTESIAN_POINT('',(-28.,3.330669073875E-15,21.6));
#2473 = CARTESIAN_POINT('',(-28.,-0.219108222492,21.6));
#2474 = CARTESIAN_POINT('',(-27.99799962687,-0.432732781732,
    21.564994144744));
#2475 = CARTESIAN_POINT('',(-27.99417928825,-0.634333849005,
    21.49813442754));
#2476 = CARTESIAN_POINT('',(-27.98906903257,-0.818425111688,
    21.403907152058));
#2477 = CARTESIAN_POINT('',(-27.98341200032,-0.980816830605,
    21.288048460956));
#2478 = CARTESIAN_POINT('',(-27.97786146215,-1.119035453375,
    21.157421709731));
#2479 = CARTESIAN_POINT('',(-27.96812786047,-1.339891932842,
    20.890452086813));
#2480 = CARTESIAN_POINT('',(-27.96377465902,-1.427796285042,
    20.751918114393));
#2481 = CARTESIAN_POINT('',(-27.96006621431,-1.497199669844,
    20.607065766759));
#2482 = CARTESIAN_POINT('',(-27.95718207607,-1.548743928391,
    20.457935211353));
#2483 = CARTESIAN_POINT('',(-27.95522601958,-1.582918370889,
    20.306138818266));
#2484 = CARTESIAN_POINT('',(-27.95424833545,-1.6,20.15305709072));
#2485 = CARTESIAN_POINT('',(-27.95424833545,-1.6,19.846993644425));
#2486 = CARTESIAN_POINT('',(-27.95522536966,-1.582929704093,
    19.693902834917));
#2487 = CARTESIAN_POINT('',(-27.95718151158,-1.548753865812,
    19.542073033509));
#2488 = CARTESIAN_POINT('',(-27.96006647874,-1.497196426404,
    19.392913510912));
#2489 = CARTESIAN_POINT('',(-27.96377555238,-1.427779643507,
    19.24805101876));
#2490 = CARTESIAN_POINT('',(-27.96812864825,-1.339874058149,
    19.109526306394));
#2491 = CARTESIAN_POINT('',(-27.97688913946,-1.141097560754,
    18.869246796902));
#2492 = CARTESIAN_POINT('',(-27.98123799878,-1.034441912391,
    18.76400947932));
#2493 = CARTESIAN_POINT('',(-27.9856855012,-0.912910732858,
    18.667541586817));
#2494 = CARTESIAN_POINT('',(-27.9899462987,-0.777174600682,
    18.582878567994));
#2495 = CARTESIAN_POINT('',(-27.99368899444,-0.628464187715,
    18.512941056384));
#2496 = CARTESIAN_POINT('',(-27.99658787546,-0.46855774973,
    18.460530733984));
#2497 = CARTESIAN_POINT('',(-28.00041279496,-0.111359625792,
    18.392391547629));
#2498 = CARTESIAN_POINT('',(-28.00102037737,8.361001270899E-02,
    18.382520377367));
#2499 = CARTESIAN_POINT('',(-27.99996831358,0.278855575485,
    18.400697684105));
#2500 = CARTESIAN_POINT('',(-27.99727976737,0.46767943104,
    18.446314029853));
#2501 = CARTESIAN_POINT('',(-27.9933741164,0.643855373143,
    18.516313169922));
#2502 = CARTESIAN_POINT('',(-27.98884023644,0.802430594591,
    18.605291188743));
#2503 = CARTESIAN_POINT('',(-27.98019818287,1.059583365175,
    18.792123612767));
#2504 = CARTESIAN_POINT('',(-27.97604173899,1.165635296939,
    18.888716337221));
#2505 = CARTESIAN_POINT('',(-27.9719655716,1.258639025381,18.99314110745
    ));
#2506 = CARTESIAN_POINT('',(-27.96815591592,1.338809363242,
    19.103613525403));
#2507 = CARTESIAN_POINT('',(-27.96475068007,1.406453965854,
    19.218683222973));
#2508 = CARTESIAN_POINT('',(-27.96184474057,1.461895229281,
    19.337154540063));
#2509 = CARTESIAN_POINT('',(-27.95592636193,1.571815452507,
    19.642469705479));
#2510 = CARTESIAN_POINT('',(-27.95365964583,1.610487307743,
    19.832609962131));
#2511 = CARTESIAN_POINT('',(-27.95291997761,1.622520030019,
    20.025365674645));
#2512 = CARTESIAN_POINT('',(-27.95377631874,1.608231230978,
    20.218326530001));
#2513 = CARTESIAN_POINT('',(-27.95619677277,1.567315530217,
    20.409044424501));
#2514 = CARTESIAN_POINT('',(-27.9600155879,1.498979436628,
    20.594565899198));
#2515 = CARTESIAN_POINT('',(-27.96998405136,1.300157191868,
    20.956222219826));
#2516 = CARTESIAN_POINT('',(-27.97642795573,1.162964569813,
    21.138012354598));
#2517 = CARTESIAN_POINT('',(-27.98377187592,0.98836918429,
    21.304157635667));
#2518 = CARTESIAN_POINT('',(-27.99104611131,0.778252800887,
    21.443300158776));
#2519 = CARTESIAN_POINT('',(-27.996856969,0.537771108323,21.544998208946
    ));
#2520 = CARTESIAN_POINT('',(-28.,0.274647762158,21.6));
#2521 = CARTESIAN_POINT('',(-28.,3.330669073875E-15,21.6));
#2522 = PCURVE('',#1102,#2523);
#2523 = DEFINITIONAL_REPRESENTATION('',(#2524),#2575);
#2524 = B_SPLINE_CURVE_WITH_KNOTS('',7,(#2525,#2526,#2527,#2528,#2529,
    #2530,#2531,#2532,#2533,#2534,#2535,#2536,#2537,#2538,#2539,#2540,
    #2541,#2542,#2543,#2544,#2545,#2546,#2547,#2548,#2549,#2550,#2551,
    #2552,#2553,#2554,#2555,#2556,#2557,#2558,#2559,#2560,#2561,#2562,
    #2563,#2564,#2565,#2566,#2567,#2568,#2569,#2570,#2571,#2572,#2573,
    #2574),.UNSPECIFIED.,.F.,.F.,(8,6,6,6,6,6,6,6,8),(0.,0.128248967638,
    0.248929406409,0.369569842201,0.472935389028,0.588369808871,
    0.687998652064,0.840041096744,1.),.UNSPECIFIED.);
#2525 = CARTESIAN_POINT('',(-1.7763568394E-15,6.));
#2526 = CARTESIAN_POINT('',(0.136942639057,6.));
#2527 = CARTESIAN_POINT('',(0.270457921153,6.002000373129));
#2528 = CARTESIAN_POINT('',(0.400653367836,6.005820711744));
#2529 = CARTESIAN_POINT('',(0.527349897432,6.01093096743));
#2530 = CARTESIAN_POINT('',(0.650106993509,6.01658799968));
#2531 = CARTESIAN_POINT('',(0.76807799834,6.022138537845));
#2532 = CARTESIAN_POINT('',(0.984629778454,6.031872139524));
#2533 = CARTESIAN_POINT('',(1.086363996248,6.036225340979));
#2534 = CARTESIAN_POINT('',(1.185659603406,6.039933785685));
#2535 = CARTESIAN_POINT('',(1.283156642309,6.042817923923));
#2536 = CARTESIAN_POINT('',(1.379459662048,6.04477398042));
#2537 = CARTESIAN_POINT('',(1.475135645095,6.04575166455));
#2538 = CARTESIAN_POINT('',(1.66642529903,6.04575166455));
#2539 = CARTESIAN_POINT('',(1.762106943908,6.044774630333));
#2540 = CARTESIAN_POINT('',(1.858429477168,6.042818488415));
#2541 = CARTESIAN_POINT('',(1.955945273623,6.039933521257));
#2542 = CARTESIAN_POINT('',(2.05525015102,6.036224447612));
#2543 = CARTESIAN_POINT('',(2.156980401435,6.031871351749));
#2544 = CARTESIAN_POINT('',(2.351882558979,6.023110860531));
#2545 = CARTESIAN_POINT('',(2.445052734898,6.018762001216));
#2546 = CARTESIAN_POINT('',(2.541112518858,6.014314498793));
#2547 = CARTESIAN_POINT('',(2.639909978214,6.010053701296));
#2548 = CARTESIAN_POINT('',(2.74141839572,6.006311005558));
#2549 = CARTESIAN_POINT('',(2.845728013775,6.003412124538));
#2550 = CARTESIAN_POINT('',(3.073002497176,5.999587205037));
#2551 = CARTESIAN_POINT('',(3.193855792801,5.998979622627));
#2552 = CARTESIAN_POINT('',(3.31441156904,6.000031686411));
#2553 = CARTESIAN_POINT('',(3.433637145819,6.002720232626));
#2554 = CARTESIAN_POINT('',(3.550411252274,6.0066258836));
#2555 = CARTESIAN_POINT('',(3.66328038264,6.011159763553));
#2556 = CARTESIAN_POINT('',(3.861941823293,6.019801817126));
#2557 = CARTESIAN_POINT('',(3.951050793637,6.023958261001));
#2558 = CARTESIAN_POINT('',(4.037710145401,6.028034428399));
#2559 = CARTESIAN_POINT('',(4.122290022603,6.031844084077));
#2560 = CARTESIAN_POINT('',(4.205121644576,6.035249319923));
#2561 = CARTESIAN_POINT('',(4.286526790702,6.038155259424));
#2562 = CARTESIAN_POINT('',(4.489338862839,6.04407363807));
#2563 = CARTESIAN_POINT('',(4.60933811718,6.046340354163));
#2564 = CARTESIAN_POINT('',(4.728240011302,6.047080022387));
#2565 = CARTESIAN_POINT('',(4.847143721083,6.046223681253));
#2566 = CARTESIAN_POINT('',(4.967161575252,6.043803227225));
#2567 = CARTESIAN_POINT('',(5.089345816331,6.039984412092));
#2568 = CARTESIAN_POINT('',(5.347286564176,6.03001594864));
#2569 = CARTESIAN_POINT('',(5.488158896885,6.023572044265));
#2570 = CARTESIAN_POINT('',(5.63550606643,6.01622812408));
#2571 = CARTESIAN_POINT('',(5.788523404041,6.008953888683));
#2572 = CARTESIAN_POINT('',(5.947076959632,6.003143030994));
#2573 = CARTESIAN_POINT('',(6.111530455831,6.));
#2574 = CARTESIAN_POINT('',(6.28318530718,6.));
#2575 = ( GEOMETRIC_REPRESENTATION_CONTEXT(2) 
PARAMETRIC_REPRESENTATION_CONTEXT() REPRESENTATION_CONTEXT('2D SPACE',''
  ) );
#2576 = PCURVE('',#1421,#2577);
#2577 = DEFINITIONAL_REPRESENTATION('',(#2578),#2629);
#2578 = B_SPLINE_CURVE_WITH_KNOTS('',7,(#2579,#2580,#2581,#2582,#2583,
    #2584,#2585,#2586,#2587,#2588,#2589,#2590,#2591,#2592,#2593,#2594,
    #2595,#2596,#2597,#2598,#2599,#2600,#2601,#2602,#2603,#2604,#2605,
    #2606,#2607,#2608,#2609,#2610,#2611,#2612,#2613,#2614,#2615,#2616,
    #2617,#2618,#2619,#2620,#2621,#2622,#2623,#2624,#2625,#2626,#2627,
    #2628),.UNSPECIFIED.,.T.,.F.,(8,6,6,6,6,6,6,6,8),(0.,0.128248967638,
    0.248929406409,0.369569842201,0.472935389028,0.588369808871,
    0.687998652064,0.840041096744,1.),.UNSPECIFIED.);
#2579 = CARTESIAN_POINT('',(3.14159265359,22.6));
#2580 = CARTESIAN_POINT('',(3.14941794725,22.6));
#2581 = CARTESIAN_POINT('',(3.157047396864,22.564994144744));
#2582 = CARTESIAN_POINT('',(3.164248211639,22.49813442754));
#2583 = CARTESIAN_POINT('',(3.170825089386,22.403907152058));
#2584 = CARTESIAN_POINT('',(3.176628179496,22.288048460956));
#2585 = CARTESIAN_POINT('',(3.181568498945,22.157421709731));
#2586 = CARTESIAN_POINT('',(3.189463886994,21.890452086813));
#2587 = CARTESIAN_POINT('',(3.192607128962,21.751918114393));
#2588 = CARTESIAN_POINT('',(3.195089340475,21.607065766759));
#2589 = CARTESIAN_POINT('',(3.19693308449,21.457935211353));
#2590 = CARTESIAN_POINT('',(3.198155598063,21.306138818266));
#2591 = CARTESIAN_POINT('',(3.19876665467,21.15305709072));
#2592 = CARTESIAN_POINT('',(3.19876665467,20.846993644425));
#2593 = CARTESIAN_POINT('',(3.198156003487,20.693902834917));
#2594 = CARTESIAN_POINT('',(3.196933439966,20.542073033509));
#2595 = CARTESIAN_POINT('',(3.195089224287,20.392913510912));
#2596 = CARTESIAN_POINT('',(3.192606533792,20.24805101876));
#2597 = CARTESIAN_POINT('',(3.189463247993,20.109526306394));
#2598 = CARTESIAN_POINT('',(3.182357196199,19.869246796902));
#2599 = CARTESIAN_POINT('',(3.178544922523,19.76400947932));
#2600 = CARTESIAN_POINT('',(3.174201677196,19.667541586817));
#2601 = CARTESIAN_POINT('',(3.169351707975,19.582878567994));
#2602 = CARTESIAN_POINT('',(3.164039133253,19.512941056384));
#2603 = CARTESIAN_POINT('',(3.158327409064,19.460530733984));
#2604 = CARTESIAN_POINT('',(3.145569601843,19.392391547629));
#2605 = CARTESIAN_POINT('',(3.138606566109,19.382520377367));
#2606 = CARTESIAN_POINT('',(3.131633820622,19.400697684105));
#2607 = CARTESIAN_POINT('',(3.124889860854,19.446314029853));
#2608 = CARTESIAN_POINT('',(3.118596525317,19.516313169922));
#2609 = CARTESIAN_POINT('',(3.112930882532,19.605291188743));
#2610 = CARTESIAN_POINT('',(3.10374167021,19.792123612767));
#2611 = CARTESIAN_POINT('',(3.099951252404,19.888716337221));
#2612 = CARTESIAN_POINT('',(3.096626548942,19.99314110745));
#2613 = CARTESIAN_POINT('',(3.09376011507,20.103613525403));
#2614 = CARTESIAN_POINT('',(3.091341185727,20.218683222973));
#2615 = CARTESIAN_POINT('',(3.08935842464,20.337154540063));
#2616 = CARTESIAN_POINT('',(3.085427016138,20.642469705479));
#2617 = CARTESIAN_POINT('',(3.084043523349,20.832609962131));
#2618 = CARTESIAN_POINT('',(3.083612964106,21.025365674645));
#2619 = CARTESIAN_POINT('',(3.084124196813,21.218326530001));
#2620 = CARTESIAN_POINT('',(3.085588034018,21.409044424501));
#2621 = CARTESIAN_POINT('',(3.08803237676,21.594565899198));
#2622 = CARTESIAN_POINT('',(3.095142090516,21.956222219826));
#2623 = CARTESIAN_POINT('',(3.100047203578,22.138012354598));
#2624 = CARTESIAN_POINT('',(3.10628814646,22.304157635667));
#2625 = CARTESIAN_POINT('',(3.113796377074,22.443300158776));
#2626 = CARTESIAN_POINT('',(3.122386541055,22.544998208946));
#2627 = CARTESIAN_POINT('',(3.131783804941,22.6));
#2628 = CARTESIAN_POINT('',(3.14159265359,22.6));
#2629 = ( GEOMETRIC_REPRESENTATION_CONTEXT(2) 
PARAMETRIC_REPRESENTATION_CONTEXT() REPRESENTATION_CONTEXT('2D SPACE',''
  ) );
#2630 = ORIENTED_EDGE('',*,*,#2631,.F.);
#2631 = EDGE_CURVE('',#993,#2468,#2632,.T.);
#2632 = SEAM_CURVE('',#2633,(#2637,#2644),.PCURVE_S1.);
#2633 = LINE('',#2634,#2635);
#2634 = CARTESIAN_POINT('',(-34.,3.918869757272E-16,21.6));
#2635 = VECTOR('',#2636,1.);
#2636 = DIRECTION('',(1.,0.,0.));
#2637 = PCURVE('',#1102,#2638);
#2638 = DEFINITIONAL_REPRESENTATION('',(#2639),#2643);
#2639 = LINE('',#2640,#2641);
#2640 = CARTESIAN_POINT('',(6.28318530718,-0.));
#2641 = VECTOR('',#2642,1.);
#2642 = DIRECTION('',(0.,1.));
#2643 = ( GEOMETRIC_REPRESENTATION_CONTEXT(2) 
PARAMETRIC_REPRESENTATION_CONTEXT() REPRESENTATION_CONTEXT('2D SPACE',''
  ) );
#2644 = PCURVE('',#1102,#2645);
#2645 = DEFINITIONAL_REPRESENTATION('',(#2646),#2650);
#2646 = LINE('',#2647,#2648);
#2647 = CARTESIAN_POINT('',(0.,-0.));
#2648 = VECTOR('',#2649,1.);
#2649 = DIRECTION('',(0.,1.));
#2650 = ( GEOMETRIC_REPRESENTATION_CONTEXT(2) 
PARAMETRIC_REPRESENTATION_CONTEXT() REPRESENTATION_CONTEXT('2D SPACE',''
  ) );
#2651 = ORIENTED_EDGE('',*,*,#992,.T.);
#2652 = ORIENTED_EDGE('',*,*,#2631,.T.);
#2653 = ADVANCED_FACE('',(#2654),#1273,.F.);
#2654 = FACE_BOUND('',#2655,.F.);
#2655 = EDGE_LOOP('',(#2656,#2820,#2841,#2842));
#2656 = ORIENTED_EDGE('',*,*,#2657,.F.);
#2657 = EDGE_CURVE('',#2658,#2658,#2660,.T.);
#2658 = VERTEX_POINT('',#2659);
#2659 = CARTESIAN_POINT('',(-3.500511444678E-15,-28.,21.6));
#2660 = SURFACE_CURVE('',#2661,(#2712,#2766),.PCURVE_S1.);
#2661 = B_SPLINE_CURVE_WITH_KNOTS('',7,(#2662,#2663,#2664,#2665,#2666,
    #2667,#2668,#2669,#2670,#2671,#2672,#2673,#2674,#2675,#2676,#2677,
    #2678,#2679,#2680,#2681,#2682,#2683,#2684,#2685,#2686,#2687,#2688,
    #2689,#2690,#2691,#2692,#2693,#2694,#2695,#2696,#2697,#2698,#2699,
    #2700,#2701,#2702,#2703,#2704,#2705,#2706,#2707,#2708,#2709,#2710,
    #2711),.UNSPECIFIED.,.T.,.F.,(8,6,6,6,6,6,6,6,8),(0.,0.142403597648,
    0.276403340205,0.443970160946,0.590662533786,0.685908145381,
    0.79068592586,0.892171712498,1.),.UNSPECIFIED.);
#2662 = CARTESIAN_POINT('',(-4.218847493576E-15,-28.,21.6));
#2663 = CARTESIAN_POINT('',(0.219108222492,-28.,21.6));
#2664 = CARTESIAN_POINT('',(0.432732781732,-27.99799962687,
    21.564994144744));
#2665 = CARTESIAN_POINT('',(0.634333849006,-27.99417928825,
    21.49813442754));
#2666 = CARTESIAN_POINT('',(0.818425111688,-27.98906903257,
    21.403907152058));
#2667 = CARTESIAN_POINT('',(0.980816830605,-27.98341200032,
    21.288048460956));
#2668 = CARTESIAN_POINT('',(1.119035453375,-27.97786146215,
    21.157421709732));
#2669 = CARTESIAN_POINT('',(1.339891932843,-27.96812786047,
    20.890452086813));
#2670 = CARTESIAN_POINT('',(1.427796285042,-27.96377465902,
    20.751918114394));
#2671 = CARTESIAN_POINT('',(1.497199669845,-27.96006621431,
    20.607065766758));
#2672 = CARTESIAN_POINT('',(1.548743928391,-27.95718207607,
    20.457935211353));
#2673 = CARTESIAN_POINT('',(1.582918370889,-27.95522601958,
    20.306138818266));
#2674 = CARTESIAN_POINT('',(1.6,-27.95424833545,20.15305709072));
#2675 = CARTESIAN_POINT('',(1.6,-27.95424833545,19.808601945091));
#2676 = CARTESIAN_POINT('',(1.573289334592,-27.95577708154,
    19.617261487223));
#2677 = CARTESIAN_POINT('',(1.51988943317,-27.95883389131,
    19.428369976649));
#2678 = CARTESIAN_POINT('',(1.439048153604,-27.96329862082,
    19.244633383162));
#2679 = CARTESIAN_POINT('',(1.329569328314,-27.96892208213,
    19.069564222861));
#2680 = CARTESIAN_POINT('',(1.19010391033,-27.97521524327,
    18.908001614312));
#2681 = CARTESIAN_POINT('',(0.87085851007,-27.98685123195,
    18.643898850797));
#2682 = CARTESIAN_POINT('',(0.693280834382,-27.99239597242,
    18.532390142518));
#2683 = CARTESIAN_POINT('',(0.490714009353,-27.99728892319,
    18.44517215915));
#2684 = CARTESIAN_POINT('',(0.270458657343,-28.00056201473,
    18.390865950563));
#2685 = CARTESIAN_POINT('',(4.222078766537E-02,-28.00151398979,
    18.374095786047));
#2686 = CARTESIAN_POINT('',(-0.183658657697,-28.00021749483,
    18.395258134232));
#2687 = CARTESIAN_POINT('',(-0.537010652823,-27.99519555528,
    18.48598350643));
#2688 = CARTESIAN_POINT('',(-0.672376846888,-27.99246521478,
    18.536268036685));
#2689 = CARTESIAN_POINT('',(-0.802160558065,-27.98908532624,
    18.600644801792));
#2690 = CARTESIAN_POINT('',(-0.924622128302,-27.9852198276,
    18.678359284893));
#2691 = CARTESIAN_POINT('',(-1.038145244928,-27.98107624609,
    18.768389708599));
#2692 = CARTESIAN_POINT('',(-1.141281905611,-27.97688101501,
    18.869469631554));
#2693 = CARTESIAN_POINT('',(-1.333521711238,-27.96840860931,
    19.101847638041));
#2694 = CARTESIAN_POINT('',(-1.420201954858,-27.9641647853,
    19.235176979142));
#2695 = CARTESIAN_POINT('',(-1.491245745053,-27.96039794761,
    19.378152774719));
#2696 = CARTESIAN_POINT('',(-1.545402510708,-27.9573735518,
    19.528573523471));
#2697 = CARTESIAN_POINT('',(-1.581804621891,-27.95528967024,
    19.684040186214));
#2698 = CARTESIAN_POINT('',(-1.6,-27.95424833545,19.842030427436));
#2699 = CARTESIAN_POINT('',(-1.6,-27.95424833545,20.153006355575));
#2700 = CARTESIAN_POINT('',(-1.582929704093,-27.95522536966,
    20.306097165084));
#2701 = CARTESIAN_POINT('',(-1.548753865813,-27.95718151158,
    20.457926966489));
#2702 = CARTESIAN_POINT('',(-1.497196426403,-27.96006647874,
    20.607086489089));
#2703 = CARTESIAN_POINT('',(-1.427779643507,-27.96377555238,
    20.75194898124));
#2704 = CARTESIAN_POINT('',(-1.339874058149,-27.96812864825,
    20.890473693606));
#2705 = CARTESIAN_POINT('',(-1.119077894969,-27.97785959166,
    21.157370406658));
#2706 = CARTESIAN_POINT('',(-0.980858008247,-27.98341058861,
    21.28802591462));
#2707 = CARTESIAN_POINT('',(-0.818422322423,-27.989069775,
    21.403928892807));
#2708 = CARTESIAN_POINT('',(-0.634268359873,-27.99418177208,
    21.498177775581));
#2709 = CARTESIAN_POINT('',(-0.432623006883,-27.99800137781,
    21.565024806921));
#2710 = CARTESIAN_POINT('',(-0.219012245359,-28.,21.6));
#2711 = CARTESIAN_POINT('',(-4.218847493576E-15,-28.,21.6));
#2712 = PCURVE('',#1273,#2713);
#2713 = DEFINITIONAL_REPRESENTATION('',(#2714),#2765);
#2714 = B_SPLINE_CURVE_WITH_KNOTS('',7,(#2715,#2716,#2717,#2718,#2719,
    #2720,#2721,#2722,#2723,#2724,#2725,#2726,#2727,#2728,#2729,#2730,
    #2731,#2732,#2733,#2734,#2735,#2736,#2737,#2738,#2739,#2740,#2741,
    #2742,#2743,#2744,#2745,#2746,#2747,#2748,#2749,#2750,#2751,#2752,
    #2753,#2754,#2755,#2756,#2757,#2758,#2759,#2760,#2761,#2762,#2763,
    #2764),.UNSPECIFIED.,.F.,.F.,(8,6,6,6,6,6,6,6,8),(0.,0.142403597648,
    0.276403340205,0.443970160946,0.590662533786,0.685908145381,
    0.79068592586,0.892171712498,1.),.UNSPECIFIED.);
#2715 = CARTESIAN_POINT('',(0.,6.));
#2716 = CARTESIAN_POINT('',(0.136942639058,6.));
#2717 = CARTESIAN_POINT('',(0.270457921153,6.002000373129));
#2718 = CARTESIAN_POINT('',(0.400653367837,6.005820711744));
#2719 = CARTESIAN_POINT('',(0.527349897431,6.01093096743));
#2720 = CARTESIAN_POINT('',(0.650106993509,6.01658799968));
#2721 = CARTESIAN_POINT('',(0.76807799834,6.022138537845));
#2722 = CARTESIAN_POINT('',(0.984629778454,6.031872139524));
#2723 = CARTESIAN_POINT('',(1.086363996248,6.036225340979));
#2724 = CARTESIAN_POINT('',(1.185659603407,6.039933785685));
#2725 = CARTESIAN_POINT('',(1.283156642308,6.042817923923));
#2726 = CARTESIAN_POINT('',(1.379459662048,6.04477398042));
#2727 = CARTESIAN_POINT('',(1.475135645095,6.04575166455));
#2728 = CARTESIAN_POINT('',(1.690420111113,6.04575166455));
#2729 = CARTESIAN_POINT('',(1.81000718787,6.044222918453));
#2730 = CARTESIAN_POINT('',(1.930863573129,6.041166108686));
#2731 = CARTESIAN_POINT('',(2.054072870638,6.03670137918));
#2732 = CARTESIAN_POINT('',(2.180836232802,6.03107791787));
#2733 = CARTESIAN_POINT('',(2.312364235185,6.024784756721));
#2734 = CARTESIAN_POINT('',(2.571319388822,6.013148768042));
#2735 = CARTESIAN_POINT('',(2.701260847314,6.007604027576));
#2736 = CARTESIAN_POINT('',(2.836435062208,6.002711076804));
#2737 = CARTESIAN_POINT('',(2.974765358906,5.999437985262));
#2738 = CARTESIAN_POINT('',(3.114645758549,5.998486010203));
#2739 = CARTESIAN_POINT('',(3.254673571948,5.999782505161));
#2740 = CARTESIAN_POINT('',(3.482681868827,6.004804444718));
#2741 = CARTESIAN_POINT('',(3.572443484036,6.007534785214));
#2742 = CARTESIAN_POINT('',(3.662197614414,6.010914673754));
#2743 = CARTESIAN_POINT('',(3.751953903285,6.014780172393));
#2744 = CARTESIAN_POINT('',(3.841717912512,6.018923753904));
#2745 = CARTESIAN_POINT('',(3.931483500004,6.02311898499));
#2746 = CARTESIAN_POINT('',(4.119976372016,6.031591390687));
#2747 = CARTESIAN_POINT('',(4.218716302118,6.0358352147));
#2748 = CARTESIAN_POINT('',(4.31744520235,6.039602052383));
#2749 = CARTESIAN_POINT('',(4.416174877009,6.042626448192));
#2750 = CARTESIAN_POINT('',(4.514914378683,6.04471032976));
#2751 = CARTESIAN_POINT('',(4.613657997532,6.04575166455));
#2752 = CARTESIAN_POINT('',(4.808017952619,6.04575166455));
#2753 = CARTESIAN_POINT('',(4.903699597498,6.044774630333));
#2754 = CARTESIAN_POINT('',(5.000022130757,6.042818488415));
#2755 = CARTESIAN_POINT('',(5.097537927214,6.039933521257));
#2756 = CARTESIAN_POINT('',(5.19684280461,6.036224447612));
#2757 = CARTESIAN_POINT('',(5.298573055025,6.031871351749));
#2758 = CARTESIAN_POINT('',(5.515065694472,6.022140408334));
#2759 = CARTESIAN_POINT('',(5.633051065109,6.016589411386));
#2760 = CARTESIAN_POINT('',(5.755844386932,6.010930224995));
#2761 = CARTESIAN_POINT('',(5.882578314689,6.005818227914));
#2762 = CARTESIAN_POINT('',(6.012796007903,6.001998622185));
#2763 = CARTESIAN_POINT('',(6.14630265383,6.));
#2764 = CARTESIAN_POINT('',(6.28318530718,6.));
#2765 = ( GEOMETRIC_REPRESENTATION_CONTEXT(2) 
PARAMETRIC_REPRESENTATION_CONTEXT() REPRESENTATION_CONTEXT('2D SPACE',''
  ) );
#2766 = PCURVE('',#1421,#2767);
#2767 = DEFINITIONAL_REPRESENTATION('',(#2768),#2819);
#2768 = B_SPLINE_CURVE_WITH_KNOTS('',7,(#2769,#2770,#2771,#2772,#2773,
    #2774,#2775,#2776,#2777,#2778,#2779,#2780,#2781,#2782,#2783,#2784,
    #2785,#2786,#2787,#2788,#2789,#2790,#2791,#2792,#2793,#2794,#2795,
    #2796,#2797,#2798,#2799,#2800,#2801,#2802,#2803,#2804,#2805,#2806,
    #2807,#2808,#2809,#2810,#2811,#2812,#2813,#2814,#2815,#2816,#2817,
    #2818),.UNSPECIFIED.,.T.,.F.,(8,6,6,6,6,6,6,6,8),(0.,0.142403597648,
    0.276403340205,0.443970160946,0.590662533786,0.685908145381,
    0.79068592586,0.892171712498,1.),.UNSPECIFIED.);
#2769 = CARTESIAN_POINT('',(4.712388980385,22.6));
#2770 = CARTESIAN_POINT('',(4.720214274045,22.6));
#2771 = CARTESIAN_POINT('',(4.727843723658,22.564994144744));
#2772 = CARTESIAN_POINT('',(4.735044538433,22.49813442754));
#2773 = CARTESIAN_POINT('',(4.741621416181,22.403907152058));
#2774 = CARTESIAN_POINT('',(4.747424506291,22.288048460956));
#2775 = CARTESIAN_POINT('',(4.75236482574,22.157421709732));
#2776 = CARTESIAN_POINT('',(4.760260213789,21.890452086813));
#2777 = CARTESIAN_POINT('',(4.763403455756,21.751918114394));
#2778 = CARTESIAN_POINT('',(4.76588566727,21.607065766758));
#2779 = CARTESIAN_POINT('',(4.767729411285,21.457935211353));
#2780 = CARTESIAN_POINT('',(4.768951924858,21.306138818266));
#2781 = CARTESIAN_POINT('',(4.769562981465,21.15305709072));
#2782 = CARTESIAN_POINT('',(4.769562981465,20.808601945091));
#2783 = CARTESIAN_POINT('',(4.768607467904,20.617261487223));
#2784 = CARTESIAN_POINT('',(4.766697206744,20.428369976649));
#2785 = CARTESIAN_POINT('',(4.763805623839,20.244633383162));
#2786 = CARTESIAN_POINT('',(4.759890576301,20.069564222861));
#2787 = CARTESIAN_POINT('',(4.754904787349,19.908001614312));
#2788 = CARTESIAN_POINT('',(4.743495594972,19.643898850797));
#2789 = CARTESIAN_POINT('',(4.737150534134,19.532390142518));
#2790 = CARTESIAN_POINT('',(4.729914174165,19.44517215915));
#2791 = CARTESIAN_POINT('',(4.722047766222,19.390865950563));
#2792 = CARTESIAN_POINT('',(4.713897007129,19.374095786047));
#2793 = CARTESIAN_POINT('',(4.705830036989,19.395258134232));
#2794 = CARTESIAN_POINT('',(4.693209048419,19.48598350643));
#2795 = CARTESIAN_POINT('',(4.688373643907,19.536268036685));
#2796 = CARTESIAN_POINT('',(4.683737063884,19.600644801792));
#2797 = CARTESIAN_POINT('',(4.679361362847,19.678359284893));
#2798 = CARTESIAN_POINT('',(4.675304324645,19.768389708599));
#2799 = CARTESIAN_POINT('',(4.67161784764,19.869469631554));
#2800 = CARTESIAN_POINT('',(4.664745475737,20.101847638041));
#2801 = CARTESIAN_POINT('',(4.661646082355,20.235176979142));
#2802 = CARTESIAN_POINT('',(4.659105262341,20.378152774719));
#2803 = CARTESIAN_POINT('',(4.657168083086,20.528573523471));
#2804 = CARTESIAN_POINT('',(4.655865876916,20.684040186214));
#2805 = CARTESIAN_POINT('',(4.655214979304,20.842030427436));
#2806 = CARTESIAN_POINT('',(4.655214979304,21.153006355575));
#2807 = CARTESIAN_POINT('',(4.655825630487,21.306097165084));
#2808 = CARTESIAN_POINT('',(4.657048194008,21.457926966489));
#2809 = CARTESIAN_POINT('',(4.658892409687,21.607086489089));
#2810 = CARTESIAN_POINT('',(4.661375100182,21.75194898124));
#2811 = CARTESIAN_POINT('',(4.664518385982,21.890473693606));
#2812 = CARTESIAN_POINT('',(4.672411617787,22.157370406658));
#2813 = CARTESIAN_POINT('',(4.677351983027,22.28802591462));
#2814 = CARTESIAN_POINT('',(4.683156645267,22.403928892807));
#2815 = CARTESIAN_POINT('',(4.689735762349,22.498177775581));
#2816 = CARTESIAN_POINT('',(4.696938157631,22.565024806921));
#2817 = CARTESIAN_POINT('',(4.704567114479,22.6));
#2818 = CARTESIAN_POINT('',(4.712388980385,22.6));
#2819 = ( GEOMETRIC_REPRESENTATION_CONTEXT(2) 
PARAMETRIC_REPRESENTATION_CONTEXT() REPRESENTATION_CONTEXT('2D SPACE',''
  ) );
#2820 = ORIENTED_EDGE('',*,*,#2821,.F.);
#2821 = EDGE_CURVE('',#1164,#2658,#2822,.T.);
#2822 = SEAM_CURVE('',#2823,(#2827,#2834),.PCURVE_S1.);
#2823 = LINE('',#2824,#2825);
#2824 = CARTESIAN_POINT('',(-4.166645259453E-15,-34.,21.6));
#2825 = VECTOR('',#2826,1.);
#2826 = DIRECTION('',(1.110223024625E-16,1.,0.));
#2827 = PCURVE('',#1273,#2828);
#2828 = DEFINITIONAL_REPRESENTATION('',(#2829),#2833);
#2829 = LINE('',#2830,#2831);
#2830 = CARTESIAN_POINT('',(6.28318530718,-0.));
#2831 = VECTOR('',#2832,1.);
#2832 = DIRECTION('',(0.,1.));
#2833 = ( GEOMETRIC_REPRESENTATION_CONTEXT(2) 
PARAMETRIC_REPRESENTATION_CONTEXT() REPRESENTATION_CONTEXT('2D SPACE',''
  ) );
#2834 = PCURVE('',#1273,#2835);
#2835 = DEFINITIONAL_REPRESENTATION('',(#2836),#2840);
#2836 = LINE('',#2837,#2838);
#2837 = CARTESIAN_POINT('',(0.,-0.));
#2838 = VECTOR('',#2839,1.);
#2839 = DIRECTION('',(0.,1.));
#2840 = ( GEOMETRIC_REPRESENTATION_CONTEXT(2) 
PARAMETRIC_REPRESENTATION_CONTEXT() REPRESENTATION_CONTEXT('2D SPACE',''
  ) );
#2841 = ORIENTED_EDGE('',*,*,#1163,.T.);
#2842 = ORIENTED_EDGE('',*,*,#2821,.T.);
#2843 = ADVANCED_FACE('',(#2844,#3074,#3186,#3189,#3192),#1421,.F.);
#2844 = FACE_BOUND('',#2845,.F.);
#2845 = EDGE_LOOP('',(#2846,#2847,#2868,#2869,#2870,#2871,#2894,#2923,
    #2949,#2978,#2999,#3000,#3001,#3025,#3051,#3073));
#2846 = ORIENTED_EDGE('',*,*,#1359,.F.);
#2847 = ORIENTED_EDGE('',*,*,#2848,.T.);
#2848 = EDGE_CURVE('',#1337,#1919,#2849,.T.);
#2849 = SEAM_CURVE('',#2850,(#2854,#2861),.PCURVE_S1.);
#2850 = LINE('',#2851,#2852);
#2851 = CARTESIAN_POINT('',(28.,-6.858022075225E-15,-1.));
#2852 = VECTOR('',#2853,1.);
#2853 = DIRECTION('',(0.,0.,1.));
#2854 = PCURVE('',#1421,#2855);
#2855 = DEFINITIONAL_REPRESENTATION('',(#2856),#2860);
#2856 = LINE('',#2857,#2858);
#2857 = CARTESIAN_POINT('',(0.,-0.));
#2858 = VECTOR('',#2859,1.);
#2859 = DIRECTION('',(0.,1.));
#2860 = ( GEOMETRIC_REPRESENTATION_CONTEXT(2) 
PARAMETRIC_REPRESENTATION_CONTEXT() REPRESENTATION_CONTEXT('2D SPACE',''
  ) );
#2861 = PCURVE('',#1421,#2862);
#2862 = DEFINITIONAL_REPRESENTATION('',(#2863),#2867);
#2863 = LINE('',#2864,#2865);
#2864 = CARTESIAN_POINT('',(6.28318530718,-0.));
#2865 = VECTOR('',#2866,1.);
#2866 = DIRECTION('',(0.,1.));
#2867 = ( GEOMETRIC_REPRESENTATION_CONTEXT(2) 
PARAMETRIC_REPRESENTATION_CONTEXT() REPRESENTATION_CONTEXT('2D SPACE',''
  ) );
#2868 = ORIENTED_EDGE('',*,*,#1918,.F.);
#2869 = ORIENTED_EDGE('',*,*,#2848,.F.);
#2870 = ORIENTED_EDGE('',*,*,#1456,.F.);
#2871 = ORIENTED_EDGE('',*,*,#2872,.F.);
#2872 = EDGE_CURVE('',#2873,#1360,#2875,.T.);
#2873 = VERTEX_POINT('',#2874);
#2874 = CARTESIAN_POINT('',(28.,-6.858022075225E-15,16.));
#2875 = SEAM_CURVE('',#2876,(#2880,#2887),.PCURVE_S1.);
#2876 = LINE('',#2877,#2878);
#2877 = CARTESIAN_POINT('',(28.,-6.858022075225E-15,-1.));
#2878 = VECTOR('',#2879,1.);
#2879 = DIRECTION('',(0.,0.,1.));
#2880 = PCURVE('',#1421,#2881);
#2881 = DEFINITIONAL_REPRESENTATION('',(#2882),#2886);
#2882 = LINE('',#2883,#2884);
#2883 = CARTESIAN_POINT('',(6.28318530718,-0.));
#2884 = VECTOR('',#2885,1.);
#2885 = DIRECTION('',(0.,1.));
#2886 = ( GEOMETRIC_REPRESENTATION_CONTEXT(2) 
PARAMETRIC_REPRESENTATION_CONTEXT() REPRESENTATION_CONTEXT('2D SPACE',''
  ) );
#2887 = PCURVE('',#1421,#2888);
#2888 = DEFINITIONAL_REPRESENTATION('',(#2889),#2893);
#2889 = LINE('',#2890,#2891);
#2890 = CARTESIAN_POINT('',(0.,-0.));
#2891 = VECTOR('',#2892,1.);
#2892 = DIRECTION('',(0.,1.));
#2893 = ( GEOMETRIC_REPRESENTATION_CONTEXT(2) 
PARAMETRIC_REPRESENTATION_CONTEXT() REPRESENTATION_CONTEXT('2D SPACE',''
  ) );
#2894 = ORIENTED_EDGE('',*,*,#2895,.T.);
#2895 = EDGE_CURVE('',#2873,#2896,#2898,.T.);
#2896 = VERTEX_POINT('',#2897);
#2897 = CARTESIAN_POINT('',(27.83882181415,3.,16.));
#2898 = SURFACE_CURVE('',#2899,(#2904,#2911),.PCURVE_S1.);
#2899 = CIRCLE('',#2900,28.);
#2900 = AXIS2_PLACEMENT_3D('',#2901,#2902,#2903);
#2901 = CARTESIAN_POINT('',(0.,0.,16.));
#2902 = DIRECTION('',(0.,0.,1.));
#2903 = DIRECTION('',(1.,0.,-0.));
#2904 = PCURVE('',#1421,#2905);
#2905 = DEFINITIONAL_REPRESENTATION('',(#2906),#2910);
#2906 = LINE('',#2907,#2908);
#2907 = CARTESIAN_POINT('',(0.,17.));
#2908 = VECTOR('',#2909,1.);
#2909 = DIRECTION('',(1.,0.));
#2910 = ( GEOMETRIC_REPRESENTATION_CONTEXT(2) 
PARAMETRIC_REPRESENTATION_CONTEXT() REPRESENTATION_CONTEXT('2D SPACE',''
  ) );
#2911 = PCURVE('',#2912,#2917);
#2912 = PLANE('',#2913);
#2913 = AXIS2_PLACEMENT_3D('',#2914,#2915,#2916);
#2914 = CARTESIAN_POINT('',(26.,-3.,16.));
#2915 = DIRECTION('',(0.,0.,1.));
#2916 = DIRECTION('',(1.,0.,0.));
#2917 = DEFINITIONAL_REPRESENTATION('',(#2918),#2922);
#2918 = CIRCLE('',#2919,28.);
#2919 = AXIS2_PLACEMENT_2D('',#2920,#2921);
#2920 = CARTESIAN_POINT('',(-26.,3.));
#2921 = DIRECTION('',(1.,0.));
#2922 = ( GEOMETRIC_REPRESENTATION_CONTEXT(2) 
PARAMETRIC_REPRESENTATION_CONTEXT() REPRESENTATION_CONTEXT('2D SPACE',''
  ) );
#2923 = ORIENTED_EDGE('',*,*,#2924,.F.);
#2924 = EDGE_CURVE('',#2925,#2896,#2927,.T.);
#2925 = VERTEX_POINT('',#2926);
#2926 = CARTESIAN_POINT('',(27.83882181415,3.,6.));
#2927 = SURFACE_CURVE('',#2928,(#2932,#2938),.PCURVE_S1.);
#2928 = LINE('',#2929,#2930);
#2929 = CARTESIAN_POINT('',(27.83882181415,3.,-1.));
#2930 = VECTOR('',#2931,1.);
#2931 = DIRECTION('',(0.,0.,1.));
#2932 = PCURVE('',#1421,#2933);
#2933 = DEFINITIONAL_REPRESENTATION('',(#2934),#2937);
#2934 = B_SPLINE_CURVE_WITH_KNOTS('',1,(#2935,#2936),.UNSPECIFIED.,.F.,
  .F.,(2,2),(6.,18.),.PIECEWISE_BEZIER_KNOTS.);
#2935 = CARTESIAN_POINT('',(0.107348916102,6.));
#2936 = CARTESIAN_POINT('',(0.107348916102,18.));
#2937 = ( GEOMETRIC_REPRESENTATION_CONTEXT(2) 
PARAMETRIC_REPRESENTATION_CONTEXT() REPRESENTATION_CONTEXT('2D SPACE',''
  ) );
#2938 = PCURVE('',#2939,#2944);
#2939 = PLANE('',#2940);
#2940 = AXIS2_PLACEMENT_3D('',#2941,#2942,#2943);
#2941 = CARTESIAN_POINT('',(26.,3.,6.));
#2942 = DIRECTION('',(0.,1.,0.));
#2943 = DIRECTION('',(0.,0.,1.));
#2944 = DEFINITIONAL_REPRESENTATION('',(#2945),#2948);
#2945 = B_SPLINE_CURVE_WITH_KNOTS('',1,(#2946,#2947),.UNSPECIFIED.,.F.,
  .F.,(2,2),(6.,18.),.PIECEWISE_BEZIER_KNOTS.);
#2946 = CARTESIAN_POINT('',(-1.,1.83882181415));
#2947 = CARTESIAN_POINT('',(11.,1.83882181415));
#2948 = ( GEOMETRIC_REPRESENTATION_CONTEXT(2) 
PARAMETRIC_REPRESENTATION_CONTEXT() REPRESENTATION_CONTEXT('2D SPACE',''
  ) );
#2949 = ORIENTED_EDGE('',*,*,#2950,.F.);
#2950 = EDGE_CURVE('',#2951,#2925,#2953,.T.);
#2951 = VERTEX_POINT('',#2952);
#2952 = CARTESIAN_POINT('',(28.,-6.858022075225E-15,6.));
#2953 = SURFACE_CURVE('',#2954,(#2959,#2966),.PCURVE_S1.);
#2954 = CIRCLE('',#2955,28.);
#2955 = AXIS2_PLACEMENT_3D('',#2956,#2957,#2958);
#2956 = CARTESIAN_POINT('',(0.,0.,6.));
#2957 = DIRECTION('',(0.,0.,1.));
#2958 = DIRECTION('',(1.,0.,-0.));
#2959 = PCURVE('',#1421,#2960);
#2960 = DEFINITIONAL_REPRESENTATION('',(#2961),#2965);
#2961 = LINE('',#2962,#2963);
#2962 = CARTESIAN_POINT('',(0.,7.));
#2963 = VECTOR('',#2964,1.);
#2964 = DIRECTION('',(1.,0.));
#2965 = ( GEOMETRIC_REPRESENTATION_CONTEXT(2) 
PARAMETRIC_REPRESENTATION_CONTEXT() REPRESENTATION_CONTEXT('2D SPACE',''
  ) );
#2966 = PCURVE('',#2967,#2972);
#2967 = PLANE('',#2968);
#2968 = AXIS2_PLACEMENT_3D('',#2969,#2970,#2971);
#2969 = CARTESIAN_POINT('',(26.,-3.,6.));
#2970 = DIRECTION('',(0.,0.,1.));
#2971 = DIRECTION('',(1.,0.,0.));
#2972 = DEFINITIONAL_REPRESENTATION('',(#2973),#2977);
#2973 = CIRCLE('',#2974,28.);
#2974 = AXIS2_PLACEMENT_2D('',#2975,#2976);
#2975 = CARTESIAN_POINT('',(-26.,3.));
#2976 = DIRECTION('',(1.,0.));
#2977 = ( GEOMETRIC_REPRESENTATION_CONTEXT(2) 
PARAMETRIC_REPRESENTATION_CONTEXT() REPRESENTATION_CONTEXT('2D SPACE',''
  ) );
#2978 = ORIENTED_EDGE('',*,*,#2979,.F.);
#2979 = EDGE_CURVE('',#1855,#2951,#2980,.T.);
#2980 = SEAM_CURVE('',#2981,(#2985,#2992),.PCURVE_S1.);
#2981 = LINE('',#2982,#2983);
#2982 = CARTESIAN_POINT('',(28.,-6.858022075225E-15,-1.));
#2983 = VECTOR('',#2984,1.);
#2984 = DIRECTION('',(0.,0.,1.));
#2985 = PCURVE('',#1421,#2986);
#2986 = DEFINITIONAL_REPRESENTATION('',(#2987),#2991);
#2987 = LINE('',#2988,#2989);
#2988 = CARTESIAN_POINT('',(6.28318530718,-0.));
#2989 = VECTOR('',#2990,1.);
#2990 = DIRECTION('',(0.,1.));
#2991 = ( GEOMETRIC_REPRESENTATION_CONTEXT(2) 
PARAMETRIC_REPRESENTATION_CONTEXT() REPRESENTATION_CONTEXT('2D SPACE',''
  ) );
#2992 = PCURVE('',#1421,#2993);
#2993 = DEFINITIONAL_REPRESENTATION('',(#2994),#2998);
#2994 = LINE('',#2995,#2996);
#2995 = CARTESIAN_POINT('',(0.,-0.));
#2996 = VECTOR('',#2997,1.);
#2997 = DIRECTION('',(0.,1.));
#2998 = ( GEOMETRIC_REPRESENTATION_CONTEXT(2) 
PARAMETRIC_REPRESENTATION_CONTEXT() REPRESENTATION_CONTEXT('2D SPACE',''
  ) );
#2999 = ORIENTED_EDGE('',*,*,#1854,.T.);
#3000 = ORIENTED_EDGE('',*,*,#2979,.T.);
#3001 = ORIENTED_EDGE('',*,*,#3002,.F.);
#3002 = EDGE_CURVE('',#3003,#2951,#3005,.T.);
#3003 = VERTEX_POINT('',#3004);
#3004 = CARTESIAN_POINT('',(27.83882181415,-3.,6.));
#3005 = SURFACE_CURVE('',#3006,(#3011,#3018),.PCURVE_S1.);
#3006 = CIRCLE('',#3007,28.);
#3007 = AXIS2_PLACEMENT_3D('',#3008,#3009,#3010);
#3008 = CARTESIAN_POINT('',(0.,0.,6.));
#3009 = DIRECTION('',(0.,0.,1.));
#3010 = DIRECTION('',(1.,0.,-0.));
#3011 = PCURVE('',#1421,#3012);
#3012 = DEFINITIONAL_REPRESENTATION('',(#3013),#3017);
#3013 = LINE('',#3014,#3015);
#3014 = CARTESIAN_POINT('',(0.,7.));
#3015 = VECTOR('',#3016,1.);
#3016 = DIRECTION('',(1.,0.));
#3017 = ( GEOMETRIC_REPRESENTATION_CONTEXT(2) 
PARAMETRIC_REPRESENTATION_CONTEXT() REPRESENTATION_CONTEXT('2D SPACE',''
  ) );
#3018 = PCURVE('',#2967,#3019);
#3019 = DEFINITIONAL_REPRESENTATION('',(#3020),#3024);
#3020 = CIRCLE('',#3021,28.);
#3021 = AXIS2_PLACEMENT_2D('',#3022,#3023);
#3022 = CARTESIAN_POINT('',(-26.,3.));
#3023 = DIRECTION('',(1.,0.));
#3024 = ( GEOMETRIC_REPRESENTATION_CONTEXT(2) 
PARAMETRIC_REPRESENTATION_CONTEXT() REPRESENTATION_CONTEXT('2D SPACE',''
  ) );
#3025 = ORIENTED_EDGE('',*,*,#3026,.T.);
#3026 = EDGE_CURVE('',#3003,#3027,#3029,.T.);
#3027 = VERTEX_POINT('',#3028);
#3028 = CARTESIAN_POINT('',(27.83882181415,-3.,16.));
#3029 = SURFACE_CURVE('',#3030,(#3034,#3040),.PCURVE_S1.);
#3030 = LINE('',#3031,#3032);
#3031 = CARTESIAN_POINT('',(27.83882181415,-3.,-1.));
#3032 = VECTOR('',#3033,1.);
#3033 = DIRECTION('',(0.,0.,1.));
#3034 = PCURVE('',#1421,#3035);
#3035 = DEFINITIONAL_REPRESENTATION('',(#3036),#3039);
#3036 = B_SPLINE_CURVE_WITH_KNOTS('',1,(#3037,#3038),.UNSPECIFIED.,.F.,
  .F.,(2,2),(6.,18.),.PIECEWISE_BEZIER_KNOTS.);
#3037 = CARTESIAN_POINT('',(6.175836391078,6.));
#3038 = CARTESIAN_POINT('',(6.175836391078,18.));
#3039 = ( GEOMETRIC_REPRESENTATION_CONTEXT(2) 
PARAMETRIC_REPRESENTATION_CONTEXT() REPRESENTATION_CONTEXT('2D SPACE',''
  ) );
#3040 = PCURVE('',#3041,#3046);
#3041 = PLANE('',#3042);
#3042 = AXIS2_PLACEMENT_3D('',#3043,#3044,#3045);
#3043 = CARTESIAN_POINT('',(26.,-3.,6.));
#3044 = DIRECTION('',(0.,1.,0.));
#3045 = DIRECTION('',(0.,0.,1.));
#3046 = DEFINITIONAL_REPRESENTATION('',(#3047),#3050);
#3047 = B_SPLINE_CURVE_WITH_KNOTS('',1,(#3048,#3049),.UNSPECIFIED.,.F.,
  .F.,(2,2),(6.,18.),.PIECEWISE_BEZIER_KNOTS.);
#3048 = CARTESIAN_POINT('',(-1.,1.83882181415));
#3049 = CARTESIAN_POINT('',(11.,1.83882181415));
#3050 = ( GEOMETRIC_REPRESENTATION_CONTEXT(2) 
PARAMETRIC_REPRESENTATION_CONTEXT() REPRESENTATION_CONTEXT('2D SPACE',''
  ) );
#3051 = ORIENTED_EDGE('',*,*,#3052,.T.);
#3052 = EDGE_CURVE('',#3027,#2873,#3053,.T.);
#3053 = SURFACE_CURVE('',#3054,(#3059,#3066),.PCURVE_S1.);
#3054 = CIRCLE('',#3055,28.);
#3055 = AXIS2_PLACEMENT_3D('',#3056,#3057,#3058);
#3056 = CARTESIAN_POINT('',(0.,0.,16.));
#3057 = DIRECTION('',(0.,0.,1.));
#3058 = DIRECTION('',(1.,0.,-0.));
#3059 = PCURVE('',#1421,#3060);
#3060 = DEFINITIONAL_REPRESENTATION('',(#3061),#3065);
#3061 = LINE('',#3062,#3063);
#3062 = CARTESIAN_POINT('',(0.,17.));
#3063 = VECTOR('',#3064,1.);
#3064 = DIRECTION('',(1.,0.));
#3065 = ( GEOMETRIC_REPRESENTATION_CONTEXT(2) 
PARAMETRIC_REPRESENTATION_CONTEXT() REPRESENTATION_CONTEXT('2D SPACE',''
  ) );
#3066 = PCURVE('',#2912,#3067);
#3067 = DEFINITIONAL_REPRESENTATION('',(#3068),#3072);
#3068 = CIRCLE('',#3069,28.);
#3069 = AXIS2_PLACEMENT_2D('',#3070,#3071);
#3070 = CARTESIAN_POINT('',(-26.,3.));
#3071 = DIRECTION('',(1.,0.));
#3072 = ( GEOMETRIC_REPRESENTATION_CONTEXT(2) 
PARAMETRIC_REPRESENTATION_CONTEXT() REPRESENTATION_CONTEXT('2D SPACE',''
  ) );
#3073 = ORIENTED_EDGE('',*,*,#2872,.T.);
#3074 = FACE_BOUND('',#3075,.F.);
#3075 = EDGE_LOOP('',(#3076,#3107,#3133,#3162));
#3076 = ORIENTED_EDGE('',*,*,#3077,.F.);
#3077 = EDGE_CURVE('',#3078,#3080,#3082,.T.);
#3078 = VERTEX_POINT('',#3079);
#3079 = CARTESIAN_POINT('',(3.,27.83882181415,6.));
#3080 = VERTEX_POINT('',#3081);
#3081 = CARTESIAN_POINT('',(-3.,27.83882181415,6.));
#3082 = SURFACE_CURVE('',#3083,(#3088,#3095),.PCURVE_S1.);
#3083 = CIRCLE('',#3084,28.);
#3084 = AXIS2_PLACEMENT_3D('',#3085,#3086,#3087);
#3085 = CARTESIAN_POINT('',(0.,0.,6.));
#3086 = DIRECTION('',(0.,0.,1.));
#3087 = DIRECTION('',(1.,0.,-0.));
#3088 = PCURVE('',#1421,#3089);
#3089 = DEFINITIONAL_REPRESENTATION('',(#3090),#3094);
#3090 = LINE('',#3091,#3092);
#3091 = CARTESIAN_POINT('',(0.,7.));
#3092 = VECTOR('',#3093,1.);
#3093 = DIRECTION('',(1.,0.));
#3094 = ( GEOMETRIC_REPRESENTATION_CONTEXT(2) 
PARAMETRIC_REPRESENTATION_CONTEXT() REPRESENTATION_CONTEXT('2D SPACE',''
  ) );
#3095 = PCURVE('',#3096,#3101);
#3096 = PLANE('',#3097);
#3097 = AXIS2_PLACEMENT_3D('',#3098,#3099,#3100);
#3098 = CARTESIAN_POINT('',(3.,26.,6.));
#3099 = DIRECTION('',(0.,0.,1.));
#3100 = DIRECTION('',(1.110223024625E-16,1.,0.));
#3101 = DEFINITIONAL_REPRESENTATION('',(#3102),#3106);
#3102 = CIRCLE('',#3103,28.);
#3103 = AXIS2_PLACEMENT_2D('',#3104,#3105);
#3104 = CARTESIAN_POINT('',(-26.,3.));
#3105 = DIRECTION('',(1.110223024625E-16,-1.));
#3106 = ( GEOMETRIC_REPRESENTATION_CONTEXT(2) 
PARAMETRIC_REPRESENTATION_CONTEXT() REPRESENTATION_CONTEXT('2D SPACE',''
  ) );
#3107 = ORIENTED_EDGE('',*,*,#3108,.T.);
#3108 = EDGE_CURVE('',#3078,#3109,#3111,.T.);
#3109 = VERTEX_POINT('',#3110);
#3110 = CARTESIAN_POINT('',(3.,27.83882181415,16.));
#3111 = SURFACE_CURVE('',#3112,(#3116,#3122),.PCURVE_S1.);
#3112 = LINE('',#3113,#3114);
#3113 = CARTESIAN_POINT('',(3.,27.83882181415,-1.));
#3114 = VECTOR('',#3115,1.);
#3115 = DIRECTION('',(0.,0.,1.));
#3116 = PCURVE('',#1421,#3117);
#3117 = DEFINITIONAL_REPRESENTATION('',(#3118),#3121);
#3118 = B_SPLINE_CURVE_WITH_KNOTS('',1,(#3119,#3120),.UNSPECIFIED.,.F.,
  .F.,(2,2),(6.,18.),.PIECEWISE_BEZIER_KNOTS.);
#3119 = CARTESIAN_POINT('',(1.463447410693,6.));
#3120 = CARTESIAN_POINT('',(1.463447410693,18.));
#3121 = ( GEOMETRIC_REPRESENTATION_CONTEXT(2) 
PARAMETRIC_REPRESENTATION_CONTEXT() REPRESENTATION_CONTEXT('2D SPACE',''
  ) );
#3122 = PCURVE('',#3123,#3128);
#3123 = PLANE('',#3124);
#3124 = AXIS2_PLACEMENT_3D('',#3125,#3126,#3127);
#3125 = CARTESIAN_POINT('',(3.,26.,6.));
#3126 = DIRECTION('',(-1.,1.110223024625E-16,0.));
#3127 = DIRECTION('',(0.,0.,1.));
#3128 = DEFINITIONAL_REPRESENTATION('',(#3129),#3132);
#3129 = B_SPLINE_CURVE_WITH_KNOTS('',1,(#3130,#3131),.UNSPECIFIED.,.F.,
  .F.,(2,2),(6.,18.),.PIECEWISE_BEZIER_KNOTS.);
#3130 = CARTESIAN_POINT('',(-1.,1.83882181415));
#3131 = CARTESIAN_POINT('',(11.,1.83882181415));
#3132 = ( GEOMETRIC_REPRESENTATION_CONTEXT(2) 
PARAMETRIC_REPRESENTATION_CONTEXT() REPRESENTATION_CONTEXT('2D SPACE',''
  ) );
#3133 = ORIENTED_EDGE('',*,*,#3134,.T.);
#3134 = EDGE_CURVE('',#3109,#3135,#3137,.T.);
#3135 = VERTEX_POINT('',#3136);
#3136 = CARTESIAN_POINT('',(-3.,27.83882181415,16.));
#3137 = SURFACE_CURVE('',#3138,(#3143,#3150),.PCURVE_S1.);
#3138 = CIRCLE('',#3139,28.);
#3139 = AXIS2_PLACEMENT_3D('',#3140,#3141,#3142);
#3140 = CARTESIAN_POINT('',(0.,0.,16.));
#3141 = DIRECTION('',(0.,0.,1.));
#3142 = DIRECTION('',(1.,0.,-0.));
#3143 = PCURVE('',#1421,#3144);
#3144 = DEFINITIONAL_REPRESENTATION('',(#3145),#3149);
#3145 = LINE('',#3146,#3147);
#3146 = CARTESIAN_POINT('',(0.,17.));
#3147 = VECTOR('',#3148,1.);
#3148 = DIRECTION('',(1.,0.));
#3149 = ( GEOMETRIC_REPRESENTATION_CONTEXT(2) 
PARAMETRIC_REPRESENTATION_CONTEXT() REPRESENTATION_CONTEXT('2D SPACE',''
  ) );
#3150 = PCURVE('',#3151,#3156);
#3151 = PLANE('',#3152);
#3152 = AXIS2_PLACEMENT_3D('',#3153,#3154,#3155);
#3153 = CARTESIAN_POINT('',(3.,26.,16.));
#3154 = DIRECTION('',(0.,0.,1.));
#3155 = DIRECTION('',(1.110223024625E-16,1.,0.));
#3156 = DEFINITIONAL_REPRESENTATION('',(#3157),#3161);
#3157 = CIRCLE('',#3158,28.);
#3158 = AXIS2_PLACEMENT_2D('',#3159,#3160);
#3159 = CARTESIAN_POINT('',(-26.,3.));
#3160 = DIRECTION('',(1.110223024625E-16,-1.));
#3161 = ( GEOMETRIC_REPRESENTATION_CONTEXT(2) 
PARAMETRIC_REPRESENTATION_CONTEXT() REPRESENTATION_CONTEXT('2D SPACE',''
  ) );
#3162 = ORIENTED_EDGE('',*,*,#3163,.F.);
#3163 = EDGE_CURVE('',#3080,#3135,#3164,.T.);
#3164 = SURFACE_CURVE('',#3165,(#3169,#3175),.PCURVE_S1.);
#3165 = LINE('',#3166,#3167);
#3166 = CARTESIAN_POINT('',(-3.,27.83882181415,-1.));
#3167 = VECTOR('',#3168,1.);
#3168 = DIRECTION('',(0.,0.,1.));
#3169 = PCURVE('',#1421,#3170);
#3170 = DEFINITIONAL_REPRESENTATION('',(#3171),#3174);
#3171 = B_SPLINE_CURVE_WITH_KNOTS('',1,(#3172,#3173),.UNSPECIFIED.,.F.,
  .F.,(2,2),(6.,18.),.PIECEWISE_BEZIER_KNOTS.);
#3172 = CARTESIAN_POINT('',(1.678145242897,6.));
#3173 = CARTESIAN_POINT('',(1.678145242897,18.));
#3174 = ( GEOMETRIC_REPRESENTATION_CONTEXT(2) 
PARAMETRIC_REPRESENTATION_CONTEXT() REPRESENTATION_CONTEXT('2D SPACE',''
  ) );
#3175 = PCURVE('',#3176,#3181);
#3176 = PLANE('',#3177);
#3177 = AXIS2_PLACEMENT_3D('',#3178,#3179,#3180);
#3178 = CARTESIAN_POINT('',(-3.,26.,6.));
#3179 = DIRECTION('',(-1.,1.110223024625E-16,0.));
#3180 = DIRECTION('',(0.,0.,1.));
#3181 = DEFINITIONAL_REPRESENTATION('',(#3182),#3185);
#3182 = B_SPLINE_CURVE_WITH_KNOTS('',1,(#3183,#3184),.UNSPECIFIED.,.F.,
  .F.,(2,2),(6.,18.),.PIECEWISE_BEZIER_KNOTS.);
#3183 = CARTESIAN_POINT('',(-1.,1.83882181415));
#3184 = CARTESIAN_POINT('',(11.,1.83882181415));
#3185 = ( GEOMETRIC_REPRESENTATION_CONTEXT(2) 
PARAMETRIC_REPRESENTATION_CONTEXT() REPRESENTATION_CONTEXT('2D SPACE',''
  ) );
#3186 = FACE_BOUND('',#3187,.F.);
#3187 = EDGE_LOOP('',(#3188));
#3188 = ORIENTED_EDGE('',*,*,#2301,.F.);
#3189 = FACE_BOUND('',#3190,.F.);
#3190 = EDGE_LOOP('',(#3191));
#3191 = ORIENTED_EDGE('',*,*,#2467,.T.);
#3192 = FACE_BOUND('',#3193,.F.);
#3193 = EDGE_LOOP('',(#3194));
#3194 = ORIENTED_EDGE('',*,*,#2657,.T.);
#3195 = ADVANCED_FACE('',(#3196),#1737,.T.);
#3196 = FACE_BOUND('',#3197,.T.);
#3197 = EDGE_LOOP('',(#3198,#3199,#3200,#3201));
#3198 = ORIENTED_EDGE('',*,*,#1777,.F.);
#3199 = ORIENTED_EDGE('',*,*,#1827,.T.);
#3200 = ORIENTED_EDGE('',*,*,#1884,.T.);
#3201 = ORIENTED_EDGE('',*,*,#1723,.F.);
#3202 = ADVANCED_FACE('',(#3203),#2006,.T.);
#3203 = FACE_BOUND('',#3204,.T.);
#3204 = EDGE_LOOP('',(#3205,#3206,#3207,#3208));
#3205 = ORIENTED_EDGE('',*,*,#2253,.F.);
#3206 = ORIENTED_EDGE('',*,*,#1992,.T.);
#3207 = ORIENTED_EDGE('',*,*,#2046,.T.);
#3208 = ORIENTED_EDGE('',*,*,#2142,.F.);
#3209 = ADVANCED_FACE('',(#3210),#2912,.T.);
#3210 = FACE_BOUND('',#3211,.T.);
#3211 = EDGE_LOOP('',(#3212,#3235,#3264,#3288,#3309,#3310));
#3212 = ORIENTED_EDGE('',*,*,#3213,.F.);
#3213 = EDGE_CURVE('',#3214,#2896,#3216,.T.);
#3214 = VERTEX_POINT('',#3215);
#3215 = CARTESIAN_POINT('',(26.832815729997,3.,16.));
#3216 = SURFACE_CURVE('',#3217,(#3221,#3228),.PCURVE_S1.);
#3217 = LINE('',#3218,#3219);
#3218 = CARTESIAN_POINT('',(26.,3.,16.));
#3219 = VECTOR('',#3220,1.);
#3220 = DIRECTION('',(1.,0.,0.));
#3221 = PCURVE('',#2912,#3222);
#3222 = DEFINITIONAL_REPRESENTATION('',(#3223),#3227);
#3223 = LINE('',#3224,#3225);
#3224 = CARTESIAN_POINT('',(0.,6.));
#3225 = VECTOR('',#3226,1.);
#3226 = DIRECTION('',(1.,0.));
#3227 = ( GEOMETRIC_REPRESENTATION_CONTEXT(2) 
PARAMETRIC_REPRESENTATION_CONTEXT() REPRESENTATION_CONTEXT('2D SPACE',''
  ) );
#3228 = PCURVE('',#2939,#3229);
#3229 = DEFINITIONAL_REPRESENTATION('',(#3230),#3234);
#3230 = LINE('',#3231,#3232);
#3231 = CARTESIAN_POINT('',(10.,0.));
#3232 = VECTOR('',#3233,1.);
#3233 = DIRECTION('',(0.,1.));
#3234 = ( GEOMETRIC_REPRESENTATION_CONTEXT(2) 
PARAMETRIC_REPRESENTATION_CONTEXT() REPRESENTATION_CONTEXT('2D SPACE',''
  ) );
#3235 = ORIENTED_EDGE('',*,*,#3236,.F.);
#3236 = EDGE_CURVE('',#3237,#3214,#3239,.T.);
#3237 = VERTEX_POINT('',#3238);
#3238 = CARTESIAN_POINT('',(27.,-6.613092715396E-15,16.));
#3239 = SURFACE_CURVE('',#3240,(#3245,#3252),.PCURVE_S1.);
#3240 = CIRCLE('',#3241,27.);
#3241 = AXIS2_PLACEMENT_3D('',#3242,#3243,#3244);
#3242 = CARTESIAN_POINT('',(0.,0.,16.));
#3243 = DIRECTION('',(0.,0.,1.));
#3244 = DIRECTION('',(1.,0.,-0.));
#3245 = PCURVE('',#2912,#3246);
#3246 = DEFINITIONAL_REPRESENTATION('',(#3247),#3251);
#3247 = CIRCLE('',#3248,27.);
#3248 = AXIS2_PLACEMENT_2D('',#3249,#3250);
#3249 = CARTESIAN_POINT('',(-26.,3.));
#3250 = DIRECTION('',(1.,0.));
#3251 = ( GEOMETRIC_REPRESENTATION_CONTEXT(2) 
PARAMETRIC_REPRESENTATION_CONTEXT() REPRESENTATION_CONTEXT('2D SPACE',''
  ) );
#3252 = PCURVE('',#3253,#3258);
#3253 = CYLINDRICAL_SURFACE('',#3254,27.);
#3254 = AXIS2_PLACEMENT_3D('',#3255,#3256,#3257);
#3255 = CARTESIAN_POINT('',(0.,0.,-2.));
#3256 = DIRECTION('',(0.,0.,1.));
#3257 = DIRECTION('',(1.,0.,-0.));
#3258 = DEFINITIONAL_REPRESENTATION('',(#3259),#3263);
#3259 = LINE('',#3260,#3261);
#3260 = CARTESIAN_POINT('',(0.,18.));
#3261 = VECTOR('',#3262,1.);
#3262 = DIRECTION('',(1.,0.));
#3263 = ( GEOMETRIC_REPRESENTATION_CONTEXT(2) 
PARAMETRIC_REPRESENTATION_CONTEXT() REPRESENTATION_CONTEXT('2D SPACE',''
  ) );
#3264 = ORIENTED_EDGE('',*,*,#3265,.F.);
#3265 = EDGE_CURVE('',#3266,#3237,#3268,.T.);
#3266 = VERTEX_POINT('',#3267);
#3267 = CARTESIAN_POINT('',(26.832815729997,-3.,16.));
#3268 = SURFACE_CURVE('',#3269,(#3274,#3281),.PCURVE_S1.);
#3269 = CIRCLE('',#3270,27.);
#3270 = AXIS2_PLACEMENT_3D('',#3271,#3272,#3273);
#3271 = CARTESIAN_POINT('',(0.,0.,16.));
#3272 = DIRECTION('',(0.,0.,1.));
#3273 = DIRECTION('',(1.,0.,-0.));
#3274 = PCURVE('',#2912,#3275);
#3275 = DEFINITIONAL_REPRESENTATION('',(#3276),#3280);
#3276 = CIRCLE('',#3277,27.);
#3277 = AXIS2_PLACEMENT_2D('',#3278,#3279);
#3278 = CARTESIAN_POINT('',(-26.,3.));
#3279 = DIRECTION('',(1.,0.));
#3280 = ( GEOMETRIC_REPRESENTATION_CONTEXT(2) 
PARAMETRIC_REPRESENTATION_CONTEXT() REPRESENTATION_CONTEXT('2D SPACE',''
  ) );
#3281 = PCURVE('',#3253,#3282);
#3282 = DEFINITIONAL_REPRESENTATION('',(#3283),#3287);
#3283 = LINE('',#3284,#3285);
#3284 = CARTESIAN_POINT('',(0.,18.));
#3285 = VECTOR('',#3286,1.);
#3286 = DIRECTION('',(1.,0.));
#3287 = ( GEOMETRIC_REPRESENTATION_CONTEXT(2) 
PARAMETRIC_REPRESENTATION_CONTEXT() REPRESENTATION_CONTEXT('2D SPACE',''
  ) );
#3288 = ORIENTED_EDGE('',*,*,#3289,.T.);
#3289 = EDGE_CURVE('',#3266,#3027,#3290,.T.);
#3290 = SURFACE_CURVE('',#3291,(#3295,#3302),.PCURVE_S1.);
#3291 = LINE('',#3292,#3293);
#3292 = CARTESIAN_POINT('',(26.,-3.,16.));
#3293 = VECTOR('',#3294,1.);
#3294 = DIRECTION('',(1.,0.,0.));
#3295 = PCURVE('',#2912,#3296);
#3296 = DEFINITIONAL_REPRESENTATION('',(#3297),#3301);
#3297 = LINE('',#3298,#3299);
#3298 = CARTESIAN_POINT('',(0.,0.));
#3299 = VECTOR('',#3300,1.);
#3300 = DIRECTION('',(1.,0.));
#3301 = ( GEOMETRIC_REPRESENTATION_CONTEXT(2) 
PARAMETRIC_REPRESENTATION_CONTEXT() REPRESENTATION_CONTEXT('2D SPACE',''
  ) );
#3302 = PCURVE('',#3041,#3303);
#3303 = DEFINITIONAL_REPRESENTATION('',(#3304),#3308);
#3304 = LINE('',#3305,#3306);
#3305 = CARTESIAN_POINT('',(10.,0.));
#3306 = VECTOR('',#3307,1.);
#3307 = DIRECTION('',(0.,1.));
#3308 = ( GEOMETRIC_REPRESENTATION_CONTEXT(2) 
PARAMETRIC_REPRESENTATION_CONTEXT() REPRESENTATION_CONTEXT('2D SPACE',''
  ) );
#3309 = ORIENTED_EDGE('',*,*,#3052,.T.);
#3310 = ORIENTED_EDGE('',*,*,#2895,.T.);
#3311 = ADVANCED_FACE('',(#3312),#3041,.F.);
#3312 = FACE_BOUND('',#3313,.F.);
#3313 = EDGE_LOOP('',(#3314,#3337,#3356,#3357));
#3314 = ORIENTED_EDGE('',*,*,#3315,.F.);
#3315 = EDGE_CURVE('',#3316,#3003,#3318,.T.);
#3316 = VERTEX_POINT('',#3317);
#3317 = CARTESIAN_POINT('',(26.832815729997,-3.,6.));
#3318 = SURFACE_CURVE('',#3319,(#3323,#3330),.PCURVE_S1.);
#3319 = LINE('',#3320,#3321);
#3320 = CARTESIAN_POINT('',(26.,-3.,6.));
#3321 = VECTOR('',#3322,1.);
#3322 = DIRECTION('',(1.,0.,0.));
#3323 = PCURVE('',#3041,#3324);
#3324 = DEFINITIONAL_REPRESENTATION('',(#3325),#3329);
#3325 = LINE('',#3326,#3327);
#3326 = CARTESIAN_POINT('',(0.,0.));
#3327 = VECTOR('',#3328,1.);
#3328 = DIRECTION('',(0.,1.));
#3329 = ( GEOMETRIC_REPRESENTATION_CONTEXT(2) 
PARAMETRIC_REPRESENTATION_CONTEXT() REPRESENTATION_CONTEXT('2D SPACE',''
  ) );
#3330 = PCURVE('',#2967,#3331);
#3331 = DEFINITIONAL_REPRESENTATION('',(#3332),#3336);
#3332 = LINE('',#3333,#3334);
#3333 = CARTESIAN_POINT('',(0.,0.));
#3334 = VECTOR('',#3335,1.);
#3335 = DIRECTION('',(1.,0.));
#3336 = ( GEOMETRIC_REPRESENTATION_CONTEXT(2) 
PARAMETRIC_REPRESENTATION_CONTEXT() REPRESENTATION_CONTEXT('2D SPACE',''
  ) );
#3337 = ORIENTED_EDGE('',*,*,#3338,.T.);
#3338 = EDGE_CURVE('',#3316,#3266,#3339,.T.);
#3339 = SURFACE_CURVE('',#3340,(#3344,#3350),.PCURVE_S1.);
#3340 = LINE('',#3341,#3342);
#3341 = CARTESIAN_POINT('',(26.832815729997,-3.,-2.));
#3342 = VECTOR('',#3343,1.);
#3343 = DIRECTION('',(0.,0.,1.));
#3344 = PCURVE('',#3041,#3345);
#3345 = DEFINITIONAL_REPRESENTATION('',(#3346),#3349);
#3346 = B_SPLINE_CURVE_WITH_KNOTS('',1,(#3347,#3348),.UNSPECIFIED.,.F.,
  .F.,(2,2),(7.,19.),.PIECEWISE_BEZIER_KNOTS.);
#3347 = CARTESIAN_POINT('',(-1.,0.832815729997));
#3348 = CARTESIAN_POINT('',(11.,0.832815729997));
#3349 = ( GEOMETRIC_REPRESENTATION_CONTEXT(2) 
PARAMETRIC_REPRESENTATION_CONTEXT() REPRESENTATION_CONTEXT('2D SPACE',''
  ) );
#3350 = PCURVE('',#3253,#3351);
#3351 = DEFINITIONAL_REPRESENTATION('',(#3352),#3355);
#3352 = B_SPLINE_CURVE_WITH_KNOTS('',1,(#3353,#3354),.UNSPECIFIED.,.F.,
  .F.,(2,2),(7.,19.),.PIECEWISE_BEZIER_KNOTS.);
#3353 = CARTESIAN_POINT('',(6.171844292839,7.));
#3354 = CARTESIAN_POINT('',(6.171844292839,19.));
#3355 = ( GEOMETRIC_REPRESENTATION_CONTEXT(2) 
PARAMETRIC_REPRESENTATION_CONTEXT() REPRESENTATION_CONTEXT('2D SPACE',''
  ) );
#3356 = ORIENTED_EDGE('',*,*,#3289,.T.);
#3357 = ORIENTED_EDGE('',*,*,#3026,.F.);
#3358 = ADVANCED_FACE('',(#3359),#2967,.F.);
#3359 = FACE_BOUND('',#3360,.F.);
#3360 = EDGE_LOOP('',(#3361,#3384,#3408,#3430,#3431,#3432));
#3361 = ORIENTED_EDGE('',*,*,#3362,.F.);
#3362 = EDGE_CURVE('',#3363,#2925,#3365,.T.);
#3363 = VERTEX_POINT('',#3364);
#3364 = CARTESIAN_POINT('',(26.832815729997,3.,6.));
#3365 = SURFACE_CURVE('',#3366,(#3370,#3377),.PCURVE_S1.);
#3366 = LINE('',#3367,#3368);
#3367 = CARTESIAN_POINT('',(26.,3.,6.));
#3368 = VECTOR('',#3369,1.);
#3369 = DIRECTION('',(1.,0.,0.));
#3370 = PCURVE('',#2967,#3371);
#3371 = DEFINITIONAL_REPRESENTATION('',(#3372),#3376);
#3372 = LINE('',#3373,#3374);
#3373 = CARTESIAN_POINT('',(0.,6.));
#3374 = VECTOR('',#3375,1.);
#3375 = DIRECTION('',(1.,0.));
#3376 = ( GEOMETRIC_REPRESENTATION_CONTEXT(2) 
PARAMETRIC_REPRESENTATION_CONTEXT() REPRESENTATION_CONTEXT('2D SPACE',''
  ) );
#3377 = PCURVE('',#2939,#3378);
#3378 = DEFINITIONAL_REPRESENTATION('',(#3379),#3383);
#3379 = LINE('',#3380,#3381);
#3380 = CARTESIAN_POINT('',(0.,0.));
#3381 = VECTOR('',#3382,1.);
#3382 = DIRECTION('',(0.,1.));
#3383 = ( GEOMETRIC_REPRESENTATION_CONTEXT(2) 
PARAMETRIC_REPRESENTATION_CONTEXT() REPRESENTATION_CONTEXT('2D SPACE',''
  ) );
#3384 = ORIENTED_EDGE('',*,*,#3385,.F.);
#3385 = EDGE_CURVE('',#3386,#3363,#3388,.T.);
#3386 = VERTEX_POINT('',#3387);
#3387 = CARTESIAN_POINT('',(27.,-6.613092715396E-15,6.));
#3388 = SURFACE_CURVE('',#3389,(#3394,#3401),.PCURVE_S1.);
#3389 = CIRCLE('',#3390,27.);
#3390 = AXIS2_PLACEMENT_3D('',#3391,#3392,#3393);
#3391 = CARTESIAN_POINT('',(0.,0.,6.));
#3392 = DIRECTION('',(0.,0.,1.));
#3393 = DIRECTION('',(1.,0.,-0.));
#3394 = PCURVE('',#2967,#3395);
#3395 = DEFINITIONAL_REPRESENTATION('',(#3396),#3400);
#3396 = CIRCLE('',#3397,27.);
#3397 = AXIS2_PLACEMENT_2D('',#3398,#3399);
#3398 = CARTESIAN_POINT('',(-26.,3.));
#3399 = DIRECTION('',(1.,0.));
#3400 = ( GEOMETRIC_REPRESENTATION_CONTEXT(2) 
PARAMETRIC_REPRESENTATION_CONTEXT() REPRESENTATION_CONTEXT('2D SPACE',''
  ) );
#3401 = PCURVE('',#3253,#3402);
#3402 = DEFINITIONAL_REPRESENTATION('',(#3403),#3407);
#3403 = LINE('',#3404,#3405);
#3404 = CARTESIAN_POINT('',(0.,8.));
#3405 = VECTOR('',#3406,1.);
#3406 = DIRECTION('',(1.,0.));
#3407 = ( GEOMETRIC_REPRESENTATION_CONTEXT(2) 
PARAMETRIC_REPRESENTATION_CONTEXT() REPRESENTATION_CONTEXT('2D SPACE',''
  ) );
#3408 = ORIENTED_EDGE('',*,*,#3409,.F.);
#3409 = EDGE_CURVE('',#3316,#3386,#3410,.T.);
#3410 = SURFACE_CURVE('',#3411,(#3416,#3423),.PCURVE_S1.);
#3411 = CIRCLE('',#3412,27.);
#3412 = AXIS2_PLACEMENT_3D('',#3413,#3414,#3415);
#3413 = CARTESIAN_POINT('',(0.,0.,6.));
#3414 = DIRECTION('',(0.,0.,1.));
#3415 = DIRECTION('',(1.,0.,-0.));
#3416 = PCURVE('',#2967,#3417);
#3417 = DEFINITIONAL_REPRESENTATION('',(#3418),#3422);
#3418 = CIRCLE('',#3419,27.);
#3419 = AXIS2_PLACEMENT_2D('',#3420,#3421);
#3420 = CARTESIAN_POINT('',(-26.,3.));
#3421 = DIRECTION('',(1.,0.));
#3422 = ( GEOMETRIC_REPRESENTATION_CONTEXT(2) 
PARAMETRIC_REPRESENTATION_CONTEXT() REPRESENTATION_CONTEXT('2D SPACE',''
  ) );
#3423 = PCURVE('',#3253,#3424);
#3424 = DEFINITIONAL_REPRESENTATION('',(#3425),#3429);
#3425 = LINE('',#3426,#3427);
#3426 = CARTESIAN_POINT('',(0.,8.));
#3427 = VECTOR('',#3428,1.);
#3428 = DIRECTION('',(1.,0.));
#3429 = ( GEOMETRIC_REPRESENTATION_CONTEXT(2) 
PARAMETRIC_REPRESENTATION_CONTEXT() REPRESENTATION_CONTEXT('2D SPACE',''
  ) );
#3430 = ORIENTED_EDGE('',*,*,#3315,.T.);
#3431 = ORIENTED_EDGE('',*,*,#3002,.T.);
#3432 = ORIENTED_EDGE('',*,*,#2950,.T.);
#3433 = ADVANCED_FACE('',(#3434),#2939,.T.);
#3434 = FACE_BOUND('',#3435,.T.);
#3435 = EDGE_LOOP('',(#3436,#3437,#3456,#3457));
#3436 = ORIENTED_EDGE('',*,*,#3362,.F.);
#3437 = ORIENTED_EDGE('',*,*,#3438,.T.);
#3438 = EDGE_CURVE('',#3363,#3214,#3439,.T.);
#3439 = SURFACE_CURVE('',#3440,(#3444,#3450),.PCURVE_S1.);
#3440 = LINE('',#3441,#3442);
#3441 = CARTESIAN_POINT('',(26.832815729997,3.,-2.));
#3442 = VECTOR('',#3443,1.);
#3443 = DIRECTION('',(0.,0.,1.));
#3444 = PCURVE('',#2939,#3445);
#3445 = DEFINITIONAL_REPRESENTATION('',(#3446),#3449);
#3446 = B_SPLINE_CURVE_WITH_KNOTS('',1,(#3447,#3448),.UNSPECIFIED.,.F.,
  .F.,(2,2),(7.,19.),.PIECEWISE_BEZIER_KNOTS.);
#3447 = CARTESIAN_POINT('',(-1.,0.832815729997));
#3448 = CARTESIAN_POINT('',(11.,0.832815729997));
#3449 = ( GEOMETRIC_REPRESENTATION_CONTEXT(2) 
PARAMETRIC_REPRESENTATION_CONTEXT() REPRESENTATION_CONTEXT('2D SPACE',''
  ) );
#3450 = PCURVE('',#3253,#3451);
#3451 = DEFINITIONAL_REPRESENTATION('',(#3452),#3455);
#3452 = B_SPLINE_CURVE_WITH_KNOTS('',1,(#3453,#3454),.UNSPECIFIED.,.F.,
  .F.,(2,2),(7.,19.),.PIECEWISE_BEZIER_KNOTS.);
#3453 = CARTESIAN_POINT('',(0.111341014341,7.));
#3454 = CARTESIAN_POINT('',(0.111341014341,19.));
#3455 = ( GEOMETRIC_REPRESENTATION_CONTEXT(2) 
PARAMETRIC_REPRESENTATION_CONTEXT() REPRESENTATION_CONTEXT('2D SPACE',''
  ) );
#3456 = ORIENTED_EDGE('',*,*,#3213,.T.);
#3457 = ORIENTED_EDGE('',*,*,#2924,.F.);
#3458 = ADVANCED_FACE('',(#3459),#3096,.F.);
#3459 = FACE_BOUND('',#3460,.F.);
#3460 = EDGE_LOOP('',(#3461,#3484,#3508,#3529));
#3461 = ORIENTED_EDGE('',*,*,#3462,.F.);
#3462 = EDGE_CURVE('',#3463,#3080,#3465,.T.);
#3463 = VERTEX_POINT('',#3464);
#3464 = CARTESIAN_POINT('',(-3.,26.832815729997,6.));
#3465 = SURFACE_CURVE('',#3466,(#3470,#3477),.PCURVE_S1.);
#3466 = LINE('',#3467,#3468);
#3467 = CARTESIAN_POINT('',(-3.,26.,6.));
#3468 = VECTOR('',#3469,1.);
#3469 = DIRECTION('',(1.110223024625E-16,1.,0.));
#3470 = PCURVE('',#3096,#3471);
#3471 = DEFINITIONAL_REPRESENTATION('',(#3472),#3476);
#3472 = LINE('',#3473,#3474);
#3473 = CARTESIAN_POINT('',(-6.661338147751E-16,6.));
#3474 = VECTOR('',#3475,1.);
#3475 = DIRECTION('',(1.,0.));
#3476 = ( GEOMETRIC_REPRESENTATION_CONTEXT(2) 
PARAMETRIC_REPRESENTATION_CONTEXT() REPRESENTATION_CONTEXT('2D SPACE',''
  ) );
#3477 = PCURVE('',#3176,#3478);
#3478 = DEFINITIONAL_REPRESENTATION('',(#3479),#3483);
#3479 = LINE('',#3480,#3481);
#3480 = CARTESIAN_POINT('',(0.,0.));
#3481 = VECTOR('',#3482,1.);
#3482 = DIRECTION('',(0.,1.));
#3483 = ( GEOMETRIC_REPRESENTATION_CONTEXT(2) 
PARAMETRIC_REPRESENTATION_CONTEXT() REPRESENTATION_CONTEXT('2D SPACE',''
  ) );
#3484 = ORIENTED_EDGE('',*,*,#3485,.F.);
#3485 = EDGE_CURVE('',#3486,#3463,#3488,.T.);
#3486 = VERTEX_POINT('',#3487);
#3487 = CARTESIAN_POINT('',(3.,26.832815729997,6.));
#3488 = SURFACE_CURVE('',#3489,(#3494,#3501),.PCURVE_S1.);
#3489 = CIRCLE('',#3490,27.);
#3490 = AXIS2_PLACEMENT_3D('',#3491,#3492,#3493);
#3491 = CARTESIAN_POINT('',(0.,0.,6.));
#3492 = DIRECTION('',(0.,0.,1.));
#3493 = DIRECTION('',(1.,0.,-0.));
#3494 = PCURVE('',#3096,#3495);
#3495 = DEFINITIONAL_REPRESENTATION('',(#3496),#3500);
#3496 = CIRCLE('',#3497,27.);
#3497 = AXIS2_PLACEMENT_2D('',#3498,#3499);
#3498 = CARTESIAN_POINT('',(-26.,3.));
#3499 = DIRECTION('',(1.110223024625E-16,-1.));
#3500 = ( GEOMETRIC_REPRESENTATION_CONTEXT(2) 
PARAMETRIC_REPRESENTATION_CONTEXT() REPRESENTATION_CONTEXT('2D SPACE',''
  ) );
#3501 = PCURVE('',#3253,#3502);
#3502 = DEFINITIONAL_REPRESENTATION('',(#3503),#3507);
#3503 = LINE('',#3504,#3505);
#3504 = CARTESIAN_POINT('',(0.,8.));
#3505 = VECTOR('',#3506,1.);
#3506 = DIRECTION('',(1.,0.));
#3507 = ( GEOMETRIC_REPRESENTATION_CONTEXT(2) 
PARAMETRIC_REPRESENTATION_CONTEXT() REPRESENTATION_CONTEXT('2D SPACE',''
  ) );
#3508 = ORIENTED_EDGE('',*,*,#3509,.T.);
#3509 = EDGE_CURVE('',#3486,#3078,#3510,.T.);
#3510 = SURFACE_CURVE('',#3511,(#3515,#3522),.PCURVE_S1.);
#3511 = LINE('',#3512,#3513);
#3512 = CARTESIAN_POINT('',(3.,26.,6.));
#3513 = VECTOR('',#3514,1.);
#3514 = DIRECTION('',(1.110223024625E-16,1.,0.));
#3515 = PCURVE('',#3096,#3516);
#3516 = DEFINITIONAL_REPRESENTATION('',(#3517),#3521);
#3517 = LINE('',#3518,#3519);
#3518 = CARTESIAN_POINT('',(0.,0.));
#3519 = VECTOR('',#3520,1.);
#3520 = DIRECTION('',(1.,0.));
#3521 = ( GEOMETRIC_REPRESENTATION_CONTEXT(2) 
PARAMETRIC_REPRESENTATION_CONTEXT() REPRESENTATION_CONTEXT('2D SPACE',''
  ) );
#3522 = PCURVE('',#3123,#3523);
#3523 = DEFINITIONAL_REPRESENTATION('',(#3524),#3528);
#3524 = LINE('',#3525,#3526);
#3525 = CARTESIAN_POINT('',(0.,0.));
#3526 = VECTOR('',#3527,1.);
#3527 = DIRECTION('',(0.,1.));
#3528 = ( GEOMETRIC_REPRESENTATION_CONTEXT(2) 
PARAMETRIC_REPRESENTATION_CONTEXT() REPRESENTATION_CONTEXT('2D SPACE',''
  ) );
#3529 = ORIENTED_EDGE('',*,*,#3077,.T.);
#3530 = ADVANCED_FACE('',(#3531),#3176,.T.);
#3531 = FACE_BOUND('',#3532,.T.);
#3532 = EDGE_LOOP('',(#3533,#3534,#3555,#3576));
#3533 = ORIENTED_EDGE('',*,*,#3462,.F.);
#3534 = ORIENTED_EDGE('',*,*,#3535,.T.);
#3535 = EDGE_CURVE('',#3463,#3536,#3538,.T.);
#3536 = VERTEX_POINT('',#3537);
#3537 = CARTESIAN_POINT('',(-3.,26.832815729997,16.));
#3538 = SURFACE_CURVE('',#3539,(#3543,#3549),.PCURVE_S1.);
#3539 = LINE('',#3540,#3541);
#3540 = CARTESIAN_POINT('',(-3.,26.832815729997,-2.));
#3541 = VECTOR('',#3542,1.);
#3542 = DIRECTION('',(0.,0.,1.));
#3543 = PCURVE('',#3176,#3544);
#3544 = DEFINITIONAL_REPRESENTATION('',(#3545),#3548);
#3545 = B_SPLINE_CURVE_WITH_KNOTS('',1,(#3546,#3547),.UNSPECIFIED.,.F.,
  .F.,(2,2),(7.,19.),.PIECEWISE_BEZIER_KNOTS.);
#3546 = CARTESIAN_POINT('',(-1.,0.832815729997));
#3547 = CARTESIAN_POINT('',(11.,0.832815729997));
#3548 = ( GEOMETRIC_REPRESENTATION_CONTEXT(2) 
PARAMETRIC_REPRESENTATION_CONTEXT() REPRESENTATION_CONTEXT('2D SPACE',''
  ) );
#3549 = PCURVE('',#3253,#3550);
#3550 = DEFINITIONAL_REPRESENTATION('',(#3551),#3554);
#3551 = B_SPLINE_CURVE_WITH_KNOTS('',1,(#3552,#3553),.UNSPECIFIED.,.F.,
  .F.,(2,2),(7.,19.),.PIECEWISE_BEZIER_KNOTS.);
#3552 = CARTESIAN_POINT('',(1.682137341136,7.));
#3553 = CARTESIAN_POINT('',(1.682137341136,19.));
#3554 = ( GEOMETRIC_REPRESENTATION_CONTEXT(2) 
PARAMETRIC_REPRESENTATION_CONTEXT() REPRESENTATION_CONTEXT('2D SPACE',''
  ) );
#3555 = ORIENTED_EDGE('',*,*,#3556,.T.);
#3556 = EDGE_CURVE('',#3536,#3135,#3557,.T.);
#3557 = SURFACE_CURVE('',#3558,(#3562,#3569),.PCURVE_S1.);
#3558 = LINE('',#3559,#3560);
#3559 = CARTESIAN_POINT('',(-3.,26.,16.));
#3560 = VECTOR('',#3561,1.);
#3561 = DIRECTION('',(1.110223024625E-16,1.,0.));
#3562 = PCURVE('',#3176,#3563);
#3563 = DEFINITIONAL_REPRESENTATION('',(#3564),#3568);
#3564 = LINE('',#3565,#3566);
#3565 = CARTESIAN_POINT('',(10.,0.));
#3566 = VECTOR('',#3567,1.);
#3567 = DIRECTION('',(0.,1.));
#3568 = ( GEOMETRIC_REPRESENTATION_CONTEXT(2) 
PARAMETRIC_REPRESENTATION_CONTEXT() REPRESENTATION_CONTEXT('2D SPACE',''
  ) );
#3569 = PCURVE('',#3151,#3570);
#3570 = DEFINITIONAL_REPRESENTATION('',(#3571),#3575);
#3571 = LINE('',#3572,#3573);
#3572 = CARTESIAN_POINT('',(-6.661338147751E-16,6.));
#3573 = VECTOR('',#3574,1.);
#3574 = DIRECTION('',(1.,0.));
#3575 = ( GEOMETRIC_REPRESENTATION_CONTEXT(2) 
PARAMETRIC_REPRESENTATION_CONTEXT() REPRESENTATION_CONTEXT('2D SPACE',''
  ) );
#3576 = ORIENTED_EDGE('',*,*,#3163,.F.);
#3577 = ADVANCED_FACE('',(#3578),#3151,.T.);
#3578 = FACE_BOUND('',#3579,.T.);
#3579 = EDGE_LOOP('',(#3580,#3581,#3605,#3626));
#3580 = ORIENTED_EDGE('',*,*,#3556,.F.);
#3581 = ORIENTED_EDGE('',*,*,#3582,.F.);
#3582 = EDGE_CURVE('',#3583,#3536,#3585,.T.);
#3583 = VERTEX_POINT('',#3584);
#3584 = CARTESIAN_POINT('',(3.,26.832815729997,16.));
#3585 = SURFACE_CURVE('',#3586,(#3591,#3598),.PCURVE_S1.);
#3586 = CIRCLE('',#3587,27.);
#3587 = AXIS2_PLACEMENT_3D('',#3588,#3589,#3590);
#3588 = CARTESIAN_POINT('',(0.,0.,16.));
#3589 = DIRECTION('',(0.,0.,1.));
#3590 = DIRECTION('',(1.,0.,-0.));
#3591 = PCURVE('',#3151,#3592);
#3592 = DEFINITIONAL_REPRESENTATION('',(#3593),#3597);
#3593 = CIRCLE('',#3594,27.);
#3594 = AXIS2_PLACEMENT_2D('',#3595,#3596);
#3595 = CARTESIAN_POINT('',(-26.,3.));
#3596 = DIRECTION('',(1.110223024625E-16,-1.));
#3597 = ( GEOMETRIC_REPRESENTATION_CONTEXT(2) 
PARAMETRIC_REPRESENTATION_CONTEXT() REPRESENTATION_CONTEXT('2D SPACE',''
  ) );
#3598 = PCURVE('',#3253,#3599);
#3599 = DEFINITIONAL_REPRESENTATION('',(#3600),#3604);
#3600 = LINE('',#3601,#3602);
#3601 = CARTESIAN_POINT('',(0.,18.));
#3602 = VECTOR('',#3603,1.);
#3603 = DIRECTION('',(1.,0.));
#3604 = ( GEOMETRIC_REPRESENTATION_CONTEXT(2) 
PARAMETRIC_REPRESENTATION_CONTEXT() REPRESENTATION_CONTEXT('2D SPACE',''
  ) );
#3605 = ORIENTED_EDGE('',*,*,#3606,.T.);
#3606 = EDGE_CURVE('',#3583,#3109,#3607,.T.);
#3607 = SURFACE_CURVE('',#3608,(#3612,#3619),.PCURVE_S1.);
#3608 = LINE('',#3609,#3610);
#3609 = CARTESIAN_POINT('',(3.,26.,16.));
#3610 = VECTOR('',#3611,1.);
#3611 = DIRECTION('',(1.110223024625E-16,1.,0.));
#3612 = PCURVE('',#3151,#3613);
#3613 = DEFINITIONAL_REPRESENTATION('',(#3614),#3618);
#3614 = LINE('',#3615,#3616);
#3615 = CARTESIAN_POINT('',(0.,0.));
#3616 = VECTOR('',#3617,1.);
#3617 = DIRECTION('',(1.,0.));
#3618 = ( GEOMETRIC_REPRESENTATION_CONTEXT(2) 
PARAMETRIC_REPRESENTATION_CONTEXT() REPRESENTATION_CONTEXT('2D SPACE',''
  ) );
#3619 = PCURVE('',#3123,#3620);
#3620 = DEFINITIONAL_REPRESENTATION('',(#3621),#3625);
#3621 = LINE('',#3622,#3623);
#3622 = CARTESIAN_POINT('',(10.,0.));
#3623 = VECTOR('',#3624,1.);
#3624 = DIRECTION('',(0.,1.));
#3625 = ( GEOMETRIC_REPRESENTATION_CONTEXT(2) 
PARAMETRIC_REPRESENTATION_CONTEXT() REPRESENTATION_CONTEXT('2D SPACE',''
  ) );
#3626 = ORIENTED_EDGE('',*,*,#3134,.T.);
#3627 = ADVANCED_FACE('',(#3628),#3123,.F.);
#3628 = FACE_BOUND('',#3629,.F.);
#3629 = EDGE_LOOP('',(#3630,#3631,#3650,#3651));
#3630 = ORIENTED_EDGE('',*,*,#3509,.F.);
#3631 = ORIENTED_EDGE('',*,*,#3632,.T.);
#3632 = EDGE_CURVE('',#3486,#3583,#3633,.T.);
#3633 = SURFACE_CURVE('',#3634,(#3638,#3644),.PCURVE_S1.);
#3634 = LINE('',#3635,#3636);
#3635 = CARTESIAN_POINT('',(3.,26.832815729997,-2.));
#3636 = VECTOR('',#3637,1.);
#3637 = DIRECTION('',(0.,0.,1.));
#3638 = PCURVE('',#3123,#3639);
#3639 = DEFINITIONAL_REPRESENTATION('',(#3640),#3643);
#3640 = B_SPLINE_CURVE_WITH_KNOTS('',1,(#3641,#3642),.UNSPECIFIED.,.F.,
  .F.,(2,2),(7.,19.),.PIECEWISE_BEZIER_KNOTS.);
#3641 = CARTESIAN_POINT('',(-1.,0.832815729997));
#3642 = CARTESIAN_POINT('',(11.,0.832815729997));
#3643 = ( GEOMETRIC_REPRESENTATION_CONTEXT(2) 
PARAMETRIC_REPRESENTATION_CONTEXT() REPRESENTATION_CONTEXT('2D SPACE',''
  ) );
#3644 = PCURVE('',#3253,#3645);
#3645 = DEFINITIONAL_REPRESENTATION('',(#3646),#3649);
#3646 = B_SPLINE_CURVE_WITH_KNOTS('',1,(#3647,#3648),.UNSPECIFIED.,.F.,
  .F.,(2,2),(7.,19.),.PIECEWISE_BEZIER_KNOTS.);
#3647 = CARTESIAN_POINT('',(1.459455312454,7.));
#3648 = CARTESIAN_POINT('',(1.459455312454,19.));
#3649 = ( GEOMETRIC_REPRESENTATION_CONTEXT(2) 
PARAMETRIC_REPRESENTATION_CONTEXT() REPRESENTATION_CONTEXT('2D SPACE',''
  ) );
#3650 = ORIENTED_EDGE('',*,*,#3606,.T.);
#3651 = ORIENTED_EDGE('',*,*,#3108,.F.);
#3652 = ADVANCED_FACE('',(#3653,#3763),#3253,.T.);
#3653 = FACE_BOUND('',#3654,.T.);
#3654 = EDGE_LOOP('',(#3655,#3656,#3679,#3706,#3707,#3708,#3709,#3710,
    #3733,#3760,#3761,#3762));
#3655 = ORIENTED_EDGE('',*,*,#3265,.T.);
#3656 = ORIENTED_EDGE('',*,*,#3657,.T.);
#3657 = EDGE_CURVE('',#3237,#3658,#3660,.T.);
#3658 = VERTEX_POINT('',#3659);
#3659 = CARTESIAN_POINT('',(27.,-6.613092715396E-15,42.));
#3660 = SEAM_CURVE('',#3661,(#3665,#3672),.PCURVE_S1.);
#3661 = LINE('',#3662,#3663);
#3662 = CARTESIAN_POINT('',(27.,-6.613092715396E-15,-2.));
#3663 = VECTOR('',#3664,1.);
#3664 = DIRECTION('',(0.,0.,1.));
#3665 = PCURVE('',#3253,#3666);
#3666 = DEFINITIONAL_REPRESENTATION('',(#3667),#3671);
#3667 = LINE('',#3668,#3669);
#3668 = CARTESIAN_POINT('',(0.,-0.));
#3669 = VECTOR('',#3670,1.);
#3670 = DIRECTION('',(0.,1.));
#3671 = ( GEOMETRIC_REPRESENTATION_CONTEXT(2) 
PARAMETRIC_REPRESENTATION_CONTEXT() REPRESENTATION_CONTEXT('2D SPACE',''
  ) );
#3672 = PCURVE('',#3253,#3673);
#3673 = DEFINITIONAL_REPRESENTATION('',(#3674),#3678);
#3674 = LINE('',#3675,#3676);
#3675 = CARTESIAN_POINT('',(6.28318530718,-0.));
#3676 = VECTOR('',#3677,1.);
#3677 = DIRECTION('',(0.,1.));
#3678 = ( GEOMETRIC_REPRESENTATION_CONTEXT(2) 
PARAMETRIC_REPRESENTATION_CONTEXT() REPRESENTATION_CONTEXT('2D SPACE',''
  ) );
#3679 = ORIENTED_EDGE('',*,*,#3680,.F.);
#3680 = EDGE_CURVE('',#3658,#3658,#3681,.T.);
#3681 = SURFACE_CURVE('',#3682,(#3687,#3694),.PCURVE_S1.);
#3682 = CIRCLE('',#3683,27.);
#3683 = AXIS2_PLACEMENT_3D('',#3684,#3685,#3686);
#3684 = CARTESIAN_POINT('',(0.,0.,42.));
#3685 = DIRECTION('',(0.,0.,1.));
#3686 = DIRECTION('',(1.,0.,-0.));
#3687 = PCURVE('',#3253,#3688);
#3688 = DEFINITIONAL_REPRESENTATION('',(#3689),#3693);
#3689 = LINE('',#3690,#3691);
#3690 = CARTESIAN_POINT('',(0.,44.));
#3691 = VECTOR('',#3692,1.);
#3692 = DIRECTION('',(1.,0.));
#3693 = ( GEOMETRIC_REPRESENTATION_CONTEXT(2) 
PARAMETRIC_REPRESENTATION_CONTEXT() REPRESENTATION_CONTEXT('2D SPACE',''
  ) );
#3694 = PCURVE('',#3695,#3700);
#3695 = PLANE('',#3696);
#3696 = AXIS2_PLACEMENT_3D('',#3697,#3698,#3699);
#3697 = CARTESIAN_POINT('',(0.,0.,42.));
#3698 = DIRECTION('',(0.,0.,1.));
#3699 = DIRECTION('',(1.,0.,-0.));
#3700 = DEFINITIONAL_REPRESENTATION('',(#3701),#3705);
#3701 = CIRCLE('',#3702,27.);
#3702 = AXIS2_PLACEMENT_2D('',#3703,#3704);
#3703 = CARTESIAN_POINT('',(0.,0.));
#3704 = DIRECTION('',(1.,0.));
#3705 = ( GEOMETRIC_REPRESENTATION_CONTEXT(2) 
PARAMETRIC_REPRESENTATION_CONTEXT() REPRESENTATION_CONTEXT('2D SPACE',''
  ) );
#3706 = ORIENTED_EDGE('',*,*,#3657,.F.);
#3707 = ORIENTED_EDGE('',*,*,#3236,.T.);
#3708 = ORIENTED_EDGE('',*,*,#3438,.F.);
#3709 = ORIENTED_EDGE('',*,*,#3385,.F.);
#3710 = ORIENTED_EDGE('',*,*,#3711,.F.);
#3711 = EDGE_CURVE('',#3712,#3386,#3714,.T.);
#3712 = VERTEX_POINT('',#3713);
#3713 = CARTESIAN_POINT('',(27.,-6.613092715396E-15,-2.));
#3714 = SEAM_CURVE('',#3715,(#3719,#3726),.PCURVE_S1.);
#3715 = LINE('',#3716,#3717);
#3716 = CARTESIAN_POINT('',(27.,-6.613092715396E-15,-2.));
#3717 = VECTOR('',#3718,1.);
#3718 = DIRECTION('',(0.,0.,1.));
#3719 = PCURVE('',#3253,#3720);
#3720 = DEFINITIONAL_REPRESENTATION('',(#3721),#3725);
#3721 = LINE('',#3722,#3723);
#3722 = CARTESIAN_POINT('',(6.28318530718,-0.));
#3723 = VECTOR('',#3724,1.);
#3724 = DIRECTION('',(0.,1.));
#3725 = ( GEOMETRIC_REPRESENTATION_CONTEXT(2) 
PARAMETRIC_REPRESENTATION_CONTEXT() REPRESENTATION_CONTEXT('2D SPACE',''
  ) );
#3726 = PCURVE('',#3253,#3727);
#3727 = DEFINITIONAL_REPRESENTATION('',(#3728),#3732);
#3728 = LINE('',#3729,#3730);
#3729 = CARTESIAN_POINT('',(0.,-0.));
#3730 = VECTOR('',#3731,1.);
#3731 = DIRECTION('',(0.,1.));
#3732 = ( GEOMETRIC_REPRESENTATION_CONTEXT(2) 
PARAMETRIC_REPRESENTATION_CONTEXT() REPRESENTATION_CONTEXT('2D SPACE',''
  ) );
#3733 = ORIENTED_EDGE('',*,*,#3734,.T.);
#3734 = EDGE_CURVE('',#3712,#3712,#3735,.T.);
#3735 = SURFACE_CURVE('',#3736,(#3741,#3748),.PCURVE_S1.);
#3736 = CIRCLE('',#3737,27.);
#3737 = AXIS2_PLACEMENT_3D('',#3738,#3739,#3740);
#3738 = CARTESIAN_POINT('',(0.,0.,-2.));
#3739 = DIRECTION('',(0.,0.,1.));
#3740 = DIRECTION('',(1.,0.,-0.));
#3741 = PCURVE('',#3253,#3742);
#3742 = DEFINITIONAL_REPRESENTATION('',(#3743),#3747);
#3743 = LINE('',#3744,#3745);
#3744 = CARTESIAN_POINT('',(0.,0.));
#3745 = VECTOR('',#3746,1.);
#3746 = DIRECTION('',(1.,0.));
#3747 = ( GEOMETRIC_REPRESENTATION_CONTEXT(2) 
PARAMETRIC_REPRESENTATION_CONTEXT() REPRESENTATION_CONTEXT('2D SPACE',''
  ) );
#3748 = PCURVE('',#3749,#3754);
#3749 = PLANE('',#3750);
#3750 = AXIS2_PLACEMENT_3D('',#3751,#3752,#3753);
#3751 = CARTESIAN_POINT('',(0.,0.,-2.));
#3752 = DIRECTION('',(0.,0.,1.));
#3753 = DIRECTION('',(1.,0.,-0.));
#3754 = DEFINITIONAL_REPRESENTATION('',(#3755),#3759);
#3755 = CIRCLE('',#3756,27.);
#3756 = AXIS2_PLACEMENT_2D('',#3757,#3758);
#3757 = CARTESIAN_POINT('',(0.,0.));
#3758 = DIRECTION('',(1.,0.));
#3759 = ( GEOMETRIC_REPRESENTATION_CONTEXT(2) 
PARAMETRIC_REPRESENTATION_CONTEXT() REPRESENTATION_CONTEXT('2D SPACE',''
  ) );
#3760 = ORIENTED_EDGE('',*,*,#3711,.T.);
#3761 = ORIENTED_EDGE('',*,*,#3409,.F.);
#3762 = ORIENTED_EDGE('',*,*,#3338,.T.);
#3763 = FACE_BOUND('',#3764,.T.);
#3764 = EDGE_LOOP('',(#3765,#3766,#3767,#3768));
#3765 = ORIENTED_EDGE('',*,*,#3485,.F.);
#3766 = ORIENTED_EDGE('',*,*,#3632,.T.);
#3767 = ORIENTED_EDGE('',*,*,#3582,.T.);
#3768 = ORIENTED_EDGE('',*,*,#3535,.F.);
#3769 = ADVANCED_FACE('',(#3770,#3773),#3749,.F.);
#3770 = FACE_BOUND('',#3771,.F.);
#3771 = EDGE_LOOP('',(#3772));
#3772 = ORIENTED_EDGE('',*,*,#3734,.T.);
#3773 = FACE_BOUND('',#3774,.F.);
#3774 = EDGE_LOOP('',(#3775));
#3775 = ORIENTED_EDGE('',*,*,#3776,.F.);
#3776 = EDGE_CURVE('',#3777,#3777,#3779,.T.);
#3777 = VERTEX_POINT('',#3778);
#3778 = CARTESIAN_POINT('',(16.,-3.918869757272E-15,-2.));
#3779 = SURFACE_CURVE('',#3780,(#3785,#3792),.PCURVE_S1.);
#3780 = CIRCLE('',#3781,16.);
#3781 = AXIS2_PLACEMENT_3D('',#3782,#3783,#3784);
#3782 = CARTESIAN_POINT('',(0.,0.,-2.));
#3783 = DIRECTION('',(0.,0.,1.));
#3784 = DIRECTION('',(1.,0.,-0.));
#3785 = PCURVE('',#3749,#3786);
#3786 = DEFINITIONAL_REPRESENTATION('',(#3787),#3791);
#3787 = CIRCLE('',#3788,16.);
#3788 = AXIS2_PLACEMENT_2D('',#3789,#3790);
#3789 = CARTESIAN_POINT('',(0.,0.));
#3790 = DIRECTION('',(1.,0.));
#3791 = ( GEOMETRIC_REPRESENTATION_CONTEXT(2) 
PARAMETRIC_REPRESENTATION_CONTEXT() REPRESENTATION_CONTEXT('2D SPACE',''
  ) );
#3792 = PCURVE('',#3793,#3798);
#3793 = CYLINDRICAL_SURFACE('',#3794,16.);
#3794 = AXIS2_PLACEMENT_3D('',#3795,#3796,#3797);
#3795 = CARTESIAN_POINT('',(0.,0.,-3.));
#3796 = DIRECTION('',(0.,0.,1.));
#3797 = DIRECTION('',(1.,0.,-0.));
#3798 = DEFINITIONAL_REPRESENTATION('',(#3799),#3803);
#3799 = LINE('',#3800,#3801);
#3800 = CARTESIAN_POINT('',(0.,1.));
#3801 = VECTOR('',#3802,1.);
#3802 = DIRECTION('',(1.,0.));
#3803 = ( GEOMETRIC_REPRESENTATION_CONTEXT(2) 
PARAMETRIC_REPRESENTATION_CONTEXT() REPRESENTATION_CONTEXT('2D SPACE',''
  ) );
#3804 = ADVANCED_FACE('',(#3805,#3808),#3695,.T.);
#3805 = FACE_BOUND('',#3806,.T.);
#3806 = EDGE_LOOP('',(#3807));
#3807 = ORIENTED_EDGE('',*,*,#3680,.T.);
#3808 = FACE_BOUND('',#3809,.T.);
#3809 = EDGE_LOOP('',(#3810));
#3810 = ORIENTED_EDGE('',*,*,#3811,.F.);
#3811 = EDGE_CURVE('',#3812,#3812,#3814,.T.);
#3812 = VERTEX_POINT('',#3813);
#3813 = CARTESIAN_POINT('',(16.,-3.918869757272E-15,42.));
#3814 = SURFACE_CURVE('',#3815,(#3820,#3827),.PCURVE_S1.);
#3815 = CIRCLE('',#3816,16.);
#3816 = AXIS2_PLACEMENT_3D('',#3817,#3818,#3819);
#3817 = CARTESIAN_POINT('',(0.,0.,42.));
#3818 = DIRECTION('',(0.,0.,1.));
#3819 = DIRECTION('',(1.,0.,-0.));
#3820 = PCURVE('',#3695,#3821);
#3821 = DEFINITIONAL_REPRESENTATION('',(#3822),#3826);
#3822 = CIRCLE('',#3823,16.);
#3823 = AXIS2_PLACEMENT_2D('',#3824,#3825);
#3824 = CARTESIAN_POINT('',(0.,0.));
#3825 = DIRECTION('',(1.,0.));
#3826 = ( GEOMETRIC_REPRESENTATION_CONTEXT(2) 
PARAMETRIC_REPRESENTATION_CONTEXT() REPRESENTATION_CONTEXT('2D SPACE',''
  ) );
#3827 = PCURVE('',#3793,#3828);
#3828 = DEFINITIONAL_REPRESENTATION('',(#3829),#3833);
#3829 = LINE('',#3830,#3831);
#3830 = CARTESIAN_POINT('',(0.,45.));
#3831 = VECTOR('',#3832,1.);
#3832 = DIRECTION('',(1.,0.));
#3833 = ( GEOMETRIC_REPRESENTATION_CONTEXT(2) 
PARAMETRIC_REPRESENTATION_CONTEXT() REPRESENTATION_CONTEXT('2D SPACE',''
  ) );
#3834 = ADVANCED_FACE('',(#3835),#3793,.F.);
#3835 = FACE_BOUND('',#3836,.F.);
#3836 = EDGE_LOOP('',(#3837,#3838,#3859,#3860));
#3837 = ORIENTED_EDGE('',*,*,#3811,.F.);
#3838 = ORIENTED_EDGE('',*,*,#3839,.F.);
#3839 = EDGE_CURVE('',#3777,#3812,#3840,.T.);
#3840 = SEAM_CURVE('',#3841,(#3845,#3852),.PCURVE_S1.);
#3841 = LINE('',#3842,#3843);
#3842 = CARTESIAN_POINT('',(16.,-3.918869757272E-15,-3.));
#3843 = VECTOR('',#3844,1.);
#3844 = DIRECTION('',(0.,0.,1.));
#3845 = PCURVE('',#3793,#3846);
#3846 = DEFINITIONAL_REPRESENTATION('',(#3847),#3851);
#3847 = LINE('',#3848,#3849);
#3848 = CARTESIAN_POINT('',(6.28318530718,-0.));
#3849 = VECTOR('',#3850,1.);
#3850 = DIRECTION('',(0.,1.));
#3851 = ( GEOMETRIC_REPRESENTATION_CONTEXT(2) 
PARAMETRIC_REPRESENTATION_CONTEXT() REPRESENTATION_CONTEXT('2D SPACE',''
  ) );
#3852 = PCURVE('',#3793,#3853);
#3853 = DEFINITIONAL_REPRESENTATION('',(#3854),#3858);
#3854 = LINE('',#3855,#3856);
#3855 = CARTESIAN_POINT('',(0.,-0.));
#3856 = VECTOR('',#3857,1.);
#3857 = DIRECTION('',(0.,1.));
#3858 = ( GEOMETRIC_REPRESENTATION_CONTEXT(2) 
PARAMETRIC_REPRESENTATION_CONTEXT() REPRESENTATION_CONTEXT('2D SPACE',''
  ) );
#3859 = ORIENTED_EDGE('',*,*,#3776,.T.);
#3860 = ORIENTED_EDGE('',*,*,#3839,.T.);
#3861 = ( GEOMETRIC_REPRESENTATION_CONTEXT(3) 
GLOBAL_UNCERTAINTY_ASSIGNED_CONTEXT((#3865)) 
GLOBAL_UNIT_ASSIGNED_CONTEXT((#3862,#3863,#3864)) REPRESENTATION_CONTEXT
('Context #1','3D Context with UNIT and UNCERTAINTY') );
#3862 = ( LENGTH_UNIT() NAMED_UNIT(*) SI_UNIT(.MILLI.,.METRE.) );
#3863 = ( NAMED_UNIT(*) PLANE_ANGLE_UNIT() SI_UNIT($,.RADIAN.) );
#3864 = ( NAMED_UNIT(*) SI_UNIT($,.STERADIAN.) SOLID_ANGLE_UNIT() );
#3865 = UNCERTAINTY_MEASURE_WITH_UNIT(LENGTH_MEASURE(1.E-07),#3862,
  'distance_accuracy_value','confusion accuracy');
#3866 = PRODUCT_RELATED_PRODUCT_CATEGORY('part',$,(#7));
ENDSEC;
END-ISO-10303-21;
