solid clusterring
 facet normal 0 0 0
  outer loop
   vertex 61.664 5.395 0.000
   vertex 61.900 0.000 0.000
   vertex 0.000 0.000 0.000
  endloop
 endfacet
 facet normal 0 0 0
  outer loop
   vertex 61.664 5.395 0.000
   vertex 0.000 0.000 0.000
   vertex 0.000 0.000 0.000
  endloop
 endfacet
 facet normal 0 0 0
  outer loop
   vertex 60.960 10.749 0.000
   vertex 61.664 5.395 0.000
   vertex 0.000 0.000 0.000
  endloop
 endfacet
 facet normal 0 0 0
  outer loop
   vertex 60.960 10.749 0.000
   vertex 0.000 0.000 0.000
   vertex 0.000 0.000 0.000
  endloop
 endfacet
 facet normal 0 0 0
  outer loop
   vertex 59.791 16.021 0.000
   vertex 60.960 10.749 0.000
   vertex 0.000 0.000 0.000
  endloop
 endfacet
 facet normal 0 0 0
  outer loop
   vertex 59.791 16.021 0.000
   vertex 0.000 0.000 0.000
   vertex 0.000 0.000 0.000
  endloop
 endfacet
 facet normal 0 0 0
  outer loop
   vertex 58.167 21.171 0.000
   vertex 59.791 16.021 0.000
   vertex 0.000 0.000 0.000
  endloop
 endfacet
 facet normal 0 0 0
  outer loop
   vertex 58.167 21.171 0.000
   vertex 0.000 0.000 0.000
   vertex 0.000 0.000 0.000
  endloop
 endfacet
 facet normal 0 0 0
  outer loop
   vertex 56.100 26.160 0.000
   vertex 58.167 21.171 0.000
   vertex 0.000 0.000 0.000
  endloop
 endfacet
 facet normal 0 0 0
  outer loop
   vertex 56.100 26.160 0.000
   vertex 0.000 0.000 0.000
   vertex 0.000 0.000 0.000
  endloop
 endfacet
 facet normal 0 0 0
  outer loop
   vertex 53.607 30.950 0.000
   vertex 56.100 26.160 0.000
   vertex 0.000 0.000 0.000
  endloop
 endfacet
 facet normal 0 0 0
  outer loop
   vertex 53.607 30.950 0.000
   vertex 0.000 0.000 0.000
   vertex 0.000 0.000 0.000
  endloop
 endfacet
 facet normal 0 0 0
  outer loop
   vertex 50.706 35.504 0.000
   vertex 53.607 30.950 0.000
   vertex 0.000 0.000 0.000
  endloop
 endfacet
 facet normal 0 0 0
  outer loop
   vertex 50.706 35.504 0.000
   vertex 0.000 0.000 0.000
   vertex 0.000 0.000 0.000
  endloop
 endfacet
 facet normal 0 0 0
  outer loop
   vertex 47.418 39.789 0.000
   vertex 50.706 35.504 0.000
   vertex 0.000 0.000 0.000
  endloop
 endfacet
 facet normal 0 0 0
  outer loop
   vertex 47.418 39.789 0.000
   vertex 0.000 0.000 0.000
   vertex 0.000 0.000 0.000
  endloop
 endfacet
 facet normal 0 0 0
  outer loop
   vertex 43.770 43.770 0.000
   vertex 47.418 39.789 0.000
   vertex 0.000 0.000 0.000
  endloop
 endfacet
 facet normal 0 0 0
  outer loop
   vertex 43.770 43.770 0.000
   vertex 0.000 0.000 0.000
   vertex 0.000 0.000 0.000
  endloop
 endfacet
 facet normal 0 0 0
  outer loop
   vertex 39.789 47.418 0.000
   vertex 43.770 43.770 0.000
   vertex 0.000 0.000 0.000
  endloop
 endfacet
 facet normal 0 0 0
  outer loop
   vertex 39.789 47.418 0.000
   vertex 0.000 0.000 0.000
   vertex 0.000 0.000 0.000
  endloop
 endfacet
 facet normal 0 0 0
  outer loop
   vertex 35.504 50.706 0.000
   vertex 39.789 47.418 0.000
   vertex 0.000 0.000 0.000
  endloop
 endfacet
 facet normal 0 0 0
  outer loop
   vertex 35.504 50.706 0.000
   vertex 0.000 0.000 0.000
   vertex 0.000 0.000 0.000
  endloop
 endfacet
 facet normal 0 0 0
  outer loop
   vertex 30.950 53.607 0.000
   vertex 35.504 50.706 0.000
   vertex 0.000 0.000 0.000
  endloop
 endfacet
 facet normal 0 0 0
  outer loop
   vertex 30.950 53.607 0.000
   vertex 0.000 0.000 0.000
   vertex 0.000 0.000 0.000
  endloop
 endfacet
 facet normal 0 0 0
  outer loop
   vertex 26.160 56.100 0.000
   vertex 30.950 53.607 0.000
   vertex 0.000 0.000 0.000
  endloop
 endfacet
 facet normal 0 0 0
  outer loop
   vertex 26.160 56.100 0.000
   vertex 0.000 0.000 0.000
   vertex 0.000 0.000 0.000
  endloop
 endfacet
 facet normal 0 0 0
  outer loop
   vertex 21.171 58.167 0.000
   vertex 26.160 56.100 0.000
   vertex 0.000 0.000 0.000
  endloop
 endfacet
 facet normal 0 0 0
  outer loop
   vertex 21.171 58.167 0.000
   vertex 0.000 0.000 0.000
   vertex 0.000 0.000 0.000
  endloop
 endfacet
 facet normal 0 0 0
  outer loop
   vertex 16.021 59.791 0.000
   vertex 21.171 58.167 0.000
   vertex 0.000 0.000 0.000
  endloop
 endfacet
 facet normal 0 0 0
  outer loop
   vertex 16.021 59.791 0.000
   vertex 0.000 0.000 0.000
   vertex 0.000 0.000 0.000
  endloop
 endfacet
 facet normal 0 0 0
  outer loop
   vertex 10.749 60.960 0.000
   vertex 16.021 59.791 0.000
   vertex 0.000 0.000 0.000
  endloop
 endfacet
 facet normal 0 0 0
  outer loop
   vertex 10.749 60.960 0.000
   vertex 0.000 0.000 0.000
   vertex 0.000 0.000 0.000
  endloop
 endfacet
 facet normal 0 0 0
  outer loop
   vertex 5.395 61.664 0.000
   vertex 10.749 60.960 0.000
   vertex 0.000 0.000 0.000
  endloop
 endfacet
 facet normal 0 0 0
  outer loop
   vertex 5.395 61.664 0.000
   vertex 0.000 0.000 0.000
   vertex 0.000 0.000 0.000
  endloop
 endfacet
 facet normal 0 0 0
  outer loop
   vertex 0.000 61.900 0.000
   vertex 5.395 61.664 0.000
   vertex 0.000 0.000 0.000
  endloop
 endfacet
 facet normal 0 0 0
  outer loop
   vertex 0.000 61.900 0.000
   vertex 0.000 0.000 0.000
   vertex 0.000 0.000 0.000
  endloop
 endfacet
 facet normal 0 0 0
  outer loop
   vertex -5.395 61.664 0.000
   vertex 0.000 61.900 0.000
   vertex 0.000 0.000 0.000
  endloop
 endfacet
 facet normal 0 0 0
  outer loop
   vertex -5.395 61.664 0.000
   vertex 0.000 0.000 0.000
   vertex 0.000 0.000 0.000
  endloop
 endfacet
 facet normal 0 0 0
  outer loop
   vertex -10.749 60.960 0.000
   vertex -5.395 61.664 0.000
   vertex 0.000 0.000 0.000
  endloop
 endfacet
 facet normal 0 0 0
  outer loop
   vertex -10.749 60.960 0.000
   vertex 0.000 0.000 0.000
   vertex 0.000 0.000 0.000
  endloop
 endfacet
 facet normal 0 0 0
  outer loop
   vertex -16.021 59.791 0.000
   vertex -10.749 60.960 0.000
   vertex 0.000 0.000 0.000
  endloop
 endfacet
 facet normal 0 0 0
  outer loop
   vertex -16.021 59.791 0.000
   vertex 0.000 0.000 0.000
   vertex 0.000 0.000 0.000
  endloop
 endfacet
 facet normal 0 0 0
  outer loop
   vertex -21.171 58.167 0.000
   vertex -16.021 59.791 0.000
   vertex 0.000 0.000 0.000
  endloop
 endfacet
 facet normal 0 0 0
  outer loop
   vertex -21.171 58.167 0.000
   vertex 0.000 0.000 0.000
   vertex 0.000 0.000 0.000
  endloop
 endfacet
 facet normal 0 0 0
  outer loop
   vertex -26.160 56.100 0.000
   vertex -21.171 58.167 0.000
   vertex 0.000 0.000 0.000
  endloop
 endfacet
 facet normal 0 0 0
  outer loop
   vertex -26.160 56.100 0.000
   vertex 0.000 0.000 0.000
   vertex 0.000 0.000 0.000
  endloop
 endfacet
 facet normal 0 0 0
  outer loop
   vertex -30.950 53.607 0.000
   vertex -26.160 56.100 0.000
   vertex 0.000 0.000 0.000
  endloop
 endfacet
 facet normal 0 0 0
  outer loop
   vertex -30.950 53.607 0.000
   vertex 0.000 0.000 0.000
   vertex 0.000 0.000 0.000
  endloop
 endfacet
 facet normal 0 0 0
  outer loop
   vertex -35.504 50.706 0.000
   vertex -30.950 53.607 0.000
   vertex 0.000 0.000 0.000
  endloop
 endfacet
 facet normal 0 0 0
  outer loop
   vertex -35.504 50.706 0.000
   vertex 0.000 0.000 0.000
   vertex 0.000 0.000 0.000
  endloop
 endfacet
 facet normal 0 0 0
  outer loop
   vertex -39.789 47.418 0.000
   vertex -35.504 50.706 0.000
   vertex 0.000 0.000 0.000
  endloop
 endfacet
 facet normal 0 0 0
  outer loop
   vertex -39.789 47.418 0.000
   vertex 0.000 0.000 0.000
   vertex 0.000 0.000 0.000
  endloop
 endfacet
 facet normal 0 0 0
  outer loop
   vertex -43.770 43.770 0.000
   vertex -39.789 47.418 0.000
   vertex 0.000 0.000 0.000
  endloop
 endfacet
 facet normal 0 0 0
  outer loop
   vertex -43.770 43.770 0.000
   vertex 0.000 0.000 0.000
   vertex 0.000 0.000 0.000
  endloop
 endfacet
 facet normal 0 0 0
  outer loop
   vertex -47.418 39.789 0.000
   vertex -43.770 43.770 0.000
   vertex 0.000 0.000 0.000
  endloop
 endfacet
 facet normal 0 0 0
  outer loop
   vertex -47.418 39.789 0.000
   vertex 0.000 0.000 0.000
   vertex 0.000 0.000 0.000
  endloop
 endfacet
 facet normal 0 0 0
  outer loop
   vertex -50.706 35.504 0.000
   vertex -47.418 39.789 0.000
   vertex 0.000 0.000 0.000
  endloop
 endfacet
 facet normal 0 0 0
  outer loop
   vertex -50.706 35.504 0.000
   vertex 0.000 0.000 0.000
   vertex 0.000 0.000 0.000
  endloop
 endfacet
 facet normal 0 0 0
  outer loop
   vertex -53.607 30.950 0.000
   vertex -50.706 35.504 0.000
   vertex 0.000 0.000 0.000
  endloop
 endfacet
 facet normal 0 0 0
  outer loop
   vertex -53.607 30.950 0.000
   vertex 0.000 0.000 0.000
   vertex 0.000 0.000 0.000
  endloop
 endfacet
 facet normal 0 0 0
  outer loop
   vertex -56.100 26.160 0.000
   vertex -53.607 30.950 0.000
   vertex 0.000 0.000 0.000
  endloop
 endfacet
 facet normal 0 0 0
  outer loop
   vertex -56.100 26.160 0.000
   vertex 0.000 0.000 0.000
   vertex 0.000 0.000 0.000
  endloop
 endfacet
 facet normal 0 0 0
  outer loop
   vertex -58.167 21.171 0.000
   vertex -56.100 26.160 0.000
   vertex 0.000 0.000 0.000
  endloop
 endfacet
 facet normal 0 0 0
  outer loop
   vertex -58.167 21.171 0.000
   vertex 0.000 0.000 0.000
   vertex 0.000 0.000 0.000
  endloop
 endfacet
 facet normal 0 0 0
  outer loop
   vertex -59.791 16.021 0.000
   vertex -58.167 21.171 0.000
   vertex 0.000 0.000 0.000
  endloop
 endfacet
 facet normal 0 0 0
  outer loop
   vertex -59.791 16.021 0.000
   vertex 0.000 0.000 0.000
   vertex 0.000 0.000 0.000
  endloop
 endfacet
 facet normal 0 0 0
  outer loop
   vertex -60.960 10.749 0.000
   vertex -59.791 16.021 0.000
   vertex 0.000 0.000 0.000
  endloop
 endfacet
 facet normal 0 0 0
  outer loop
   vertex -60.960 10.749 0.000
   vertex 0.000 0.000 0.000
   vertex 0.000 0.000 0.000
  endloop
 endfacet
 facet normal 0 0 0
  outer loop
   vertex -61.664 5.395 0.000
   vertex -60.960 10.749 0.000
   vertex 0.000 0.000 0.000
  endloop
 endfacet
 facet normal 0 0 0
  outer loop
   vertex -61.664 5.395 0.000
   vertex 0.000 0.000 0.000
   vertex 0.000 0.000 0.000
  endloop
 endfacet
 facet normal 0 0 0
  outer loop
   vertex -61.900 0.000 0.000
   vertex -61.664 5.395 0.000
   vertex 0.000 0.000 0.000
  endloop
 endfacet
 facet normal 0 0 0
  outer loop
   vertex -61.900 0.000 0.000
   vertex 0.000 0.000 0.000
   vertex 0.000 0.000 0.000
  endloop
 endfacet
 facet normal 0 0 0
  outer loop
   vertex -61.664 -5.395 0.000
   vertex -61.900 0.000 0.000
   vertex 0.000 0.000 0.000
  endloop
 endfacet
 facet normal 0 0 0
  outer loop
   vertex -61.664 -5.395 0.000
   vertex 0.000 0.000 0.000
   vertex 0.000 0.000 0.000
  endloop
 endfacet
 facet normal 0 0 0
  outer loop
   vertex -60.960 -10.749 0.000
   vertex -61.664 -5.395 0.000
   vertex 0.000 0.000 0.000
  endloop
 endfacet
 facet normal 0 0 0
  outer loop
   vertex -60.960 -10.749 0.000
   vertex 0.000 0.000 0.000
   vertex 0.000 0.000 0.000
  endloop
 endfacet
 facet normal 0 0 0
  outer loop
   vertex -59.791 -16.021 0.000
   vertex -60.960 -10.749 0.000
   vertex 0.000 0.000 0.000
  endloop
 endfacet
 facet normal 0 0 0
  outer loop
   vertex -59.791 -16.021 0.000
   vertex 0.000 0.000 0.000
   vertex 0.000 0.000 0.000
  endloop
 endfacet
 facet normal 0 0 0
  outer loop
   vertex -58.167 -21.171 0.000
   vertex -59.791 -16.021 0.000
   vertex 0.000 0.000 0.000
  endloop
 endfacet
 facet normal 0 0 0
  outer loop
   vertex -58.167 -21.171 0.000
   vertex 0.000 0.000 0.000
   vertex 0.000 0.000 0.000
  endloop
 endfacet
 facet normal 0 0 0
  outer loop
   vertex -56.100 -26.160 0.000
   vertex -58.167 -21.171 0.000
   vertex 0.000 0.000 0.000
  endloop
 endfacet
 facet normal 0 0 0
  outer loop
   vertex -56.100 -26.160 0.000
   vertex 0.000 0.000 0.000
   vertex 0.000 0.000 0.000
  endloop
 endfacet
 facet normal 0 0 0
  outer loop
   vertex -53.607 -30.950 0.000
   vertex -56.100 -26.160 0.000
   vertex 0.000 0.000 0.000
  endloop
 endfacet
 facet normal 0 0 0
  outer loop
   vertex -53.607 -30.950 0.000
   vertex 0.000 0.000 0.000
   vertex 0.000 0.000 0.000
  endloop
 endfacet
 facet normal 0 0 0
  outer loop
   vertex -50.706 -35.504 0.000
   vertex -53.607 -30.950 0.000
   vertex 0.000 0.000 0.000
  endloop
 endfacet
 facet normal 0 0 0
  outer loop
   vertex -50.706 -35.504 0.000
   vertex 0.000 0.000 0.000
   vertex 0.000 0.000 0.000
  endloop
 endfacet
 facet normal 0 0 0
  outer loop
   vertex -47.418 -39.789 0.000
   vertex -50.706 -35.504 0.000
   vertex 0.000 0.000 0.000
  endloop
 endfacet
 facet normal 0 0 0
  outer loop
   vertex -47.418 -39.789 0.000
   vertex 0.000 0.000 0.000
   vertex 0.000 0.000 0.000
  endloop
 endfacet
 facet normal 0 0 0
  outer loop
   vertex -43.770 -43.770 0.000
   vertex -47.418 -39.789 0.000
   vertex 0.000 0.000 0.000
  endloop
 endfacet
 facet normal 0 0 0
  outer loop
   vertex -43.770 -43.770 0.000
   vertex 0.000 0.000 0.000
   vertex 0.000 0.000 0.000
  endloop
 endfacet
 facet normal 0 0 0
  outer loop
   vertex -39.789 -47.418 0.000
   vertex -43.770 -43.770 0.000
   vertex 0.000 0.000 0.000
  endloop
 endfacet
 facet normal 0 0 0
  outer loop
   vertex -39.789 -47.418 0.000
   vertex 0.000 0.000 0.000
   vertex 0.000 0.000 0.000
  endloop
 endfacet
 facet normal 0 0 0
  outer loop
   vertex -35.504 -50.706 0.000
   vertex -39.789 -47.418 0.000
   vertex 0.000 0.000 0.000
  endloop
 endfacet
 facet normal 0 0 0
  outer loop
   vertex -35.504 -50.706 0.000
   vertex 0.000 0.000 0.000
   vertex 0.000 0.000 0.000
  endloop
 endfacet
 facet normal 0 0 0
  outer loop
   vertex -30.950 -53.607 0.000
   vertex -35.504 -50.706 0.000
   vertex 0.000 0.000 0.000
  endloop
 endfacet
 facet normal 0 0 0
  outer loop
   vertex -30.950 -53.607 0.000
   vertex 0.000 0.000 0.000
   vertex 0.000 0.000 0.000
  endloop
 endfacet
 facet normal 0 0 0
  outer loop
   vertex -26.160 -56.100 0.000
   vertex -30.950 -53.607 0.000
   vertex 0.000 0.000 0.000
  endloop
 endfacet
 facet normal 0 0 0
  outer loop
   vertex -26.160 -56.100 0.000
   vertex 0.000 0.000 0.000
   vertex 0.000 0.000 0.000
  endloop
 endfacet
 facet normal 0 0 0
  outer loop
   vertex -21.171 -58.167 0.000
   vertex -26.160 -56.100 0.000
   vertex 0.000 0.000 0.000
  endloop
 endfacet
 facet normal 0 0 0
  outer loop
   vertex -21.171 -58.167 0.000
   vertex 0.000 0.000 0.000
   vertex 0.000 0.000 0.000
  endloop
 endfacet
 facet normal 0 0 0
  outer loop
   vertex -16.021 -59.791 0.000
   vertex -21.171 -58.167 0.000
   vertex 0.000 0.000 0.000
  endloop
 endfacet
 facet normal 0 0 0
  outer loop
   vertex -16.021 -59.791 0.000
   vertex 0.000 0.000 0.000
   vertex 0.000 0.000 0.000
  endloop
 endfacet
 facet normal 0 0 0
  outer loop
   vertex -10.749 -60.960 0.000
   vertex -16.021 -59.791 0.000
   vertex 0.000 0.000 0.000
  endloop
 endfacet
 facet normal 0 0 0
  outer loop
   vertex -10.749 -60.960 0.000
   vertex 0.000 0.000 0.000
   vertex 0.000 0.000 0.000
  endloop
 endfacet
 facet normal 0 0 0
  outer loop
   vertex -5.395 -61.664 0.000
   vertex -10.749 -60.960 0.000
   vertex 0.000 0.000 0.000
  endloop
 endfacet
 facet normal 0 0 0
  outer loop
   vertex -5.395 -61.664 0.000
   vertex 0.000 0.000 0.000
   vertex 0.000 0.000 0.000
  endloop
 endfacet
 facet normal 0 0 0
  outer loop
   vertex -0.000 -61.900 0.000
   vertex -5.395 -61.664 0.000
   vertex 0.000 0.000 0.000
  endloop
 endfacet
 facet normal 0 0 0
  outer loop
   vertex -0.000 -61.900 0.000
   vertex 0.000 0.000 0.000
   vertex 0.000 0.000 0.000
  endloop
 endfacet
 facet normal 0 0 0
  outer loop
   vertex 5.395 -61.664 0.000
   vertex -0.000 -61.900 0.000
   vertex 0.000 0.000 0.000
  endloop
 endfacet
 facet normal 0 0 0
  outer loop
   vertex 5.395 -61.664 0.000
   vertex 0.000 0.000 0.000
   vertex 0.000 0.000 0.000
  endloop
 endfacet
 facet normal 0 0 0
  outer loop
   vertex 10.749 -60.960 0.000
   vertex 5.395 -61.664 0.000
   vertex 0.000 0.000 0.000
  endloop
 endfacet
 facet normal 0 0 0
  outer loop
   vertex 10.749 -60.960 0.000
   vertex 0.000 0.000 0.000
   vertex 0.000 0.000 0.000
  endloop
 endfacet
 facet normal 0 0 0
  outer loop
   vertex 16.021 -59.791 0.000
   vertex 10.749 -60.960 0.000
   vertex 0.000 0.000 0.000
  endloop
 endfacet
 facet normal 0 0 0
  outer loop
   vertex 16.021 -59.791 0.000
   vertex 0.000 0.000 0.000
   vertex 0.000 0.000 0.000
  endloop
 endfacet
 facet normal 0 0 0
  outer loop
   vertex 21.171 -58.167 0.000
   vertex 16.021 -59.791 0.000
   vertex 0.000 0.000 0.000
  endloop
 endfacet
 facet normal 0 0 0
  outer loop
   vertex 21.171 -58.167 0.000
   vertex 0.000 0.000 0.000
   vertex 0.000 0.000 0.000
  endloop
 endfacet
 facet normal 0 0 0
  outer loop
   vertex 26.160 -56.100 0.000
   vertex 21.171 -58.167 0.000
   vertex 0.000 0.000 0.000
  endloop
 endfacet
 facet normal 0 0 0
  outer loop
   vertex 26.160 -56.100 0.000
   vertex 0.000 0.000 0.000
   vertex 0.000 0.000 0.000
  endloop
 endfacet
 facet normal 0 0 0
  outer loop
   vertex 30.950 -53.607 0.000
   vertex 26.160 -56.100 0.000
   vertex 0.000 0.000 0.000
  endloop
 endfacet
 facet normal 0 0 0
  outer loop
   vertex 30.950 -53.607 0.000
   vertex 0.000 0.000 0.000
   vertex 0.000 0.000 0.000
  endloop
 endfacet
 facet normal 0 0 0
  outer loop
   vertex 35.504 -50.706 0.000
   vertex 30.950 -53.607 0.000
   vertex 0.000 0.000 0.000
  endloop
 endfacet
 facet normal 0 0 0
  outer loop
   vertex 35.504 -50.706 0.000
   vertex 0.000 0.000 0.000
   vertex 0.000 0.000 0.000
  endloop
 endfacet
 facet normal 0 0 0
  outer loop
   vertex 39.789 -47.418 0.000
   vertex 35.504 -50.706 0.000
   vertex 0.000 0.000 0.000
  endloop
 endfacet
 facet normal 0 0 0
  outer loop
   vertex 39.789 -47.418 0.000
   vertex 0.000 0.000 0.000
   vertex 0.000 0.000 0.000
  endloop
 endfacet
 facet normal 0 0 0
  outer loop
   vertex 43.770 -43.770 0.000
   vertex 39.789 -47.418 0.000
   vertex 0.000 0.000 0.000
  endloop
 endfacet
 facet normal 0 0 0
  outer loop
   vertex 43.770 -43.770 0.000
   vertex 0.000 0.000 0.000
   vertex 0.000 0.000 0.000
  endloop
 endfacet
 facet normal 0 0 0
  outer loop
   vertex 47.418 -39.789 0.000
   vertex 43.770 -43.770 0.000
   vertex 0.000 0.000 0.000
  endloop
 endfacet
 facet normal 0 0 0
  outer loop
   vertex 47.418 -39.789 0.000
   vertex 0.000 0.000 0.000
   vertex 0.000 0.000 0.000
  endloop
 endfacet
 facet normal 0 0 0
  outer loop
   vertex 50.706 -35.504 0.000
   vertex 47.418 -39.789 0.000
   vertex 0.000 0.000 0.000
  endloop
 endfacet
 facet normal 0 0 0
  outer loop
   vertex 50.706 -35.504 0.000
   vertex 0.000 0.000 0.000
   vertex 0.000 0.000 0.000
  endloop
 endfacet
 facet normal 0 0 0
  outer loop
   vertex 53.607 -30.950 0.000
   vertex 50.706 -35.504 0.000
   vertex 0.000 0.000 0.000
  endloop
 endfacet
 facet normal 0 0 0
  outer loop
   vertex 53.607 -30.950 0.000
   vertex 0.000 0.000 0.000
   vertex 0.000 0.000 0.000
  endloop
 endfacet
 facet normal 0 0 0
  outer loop
   vertex 56.100 -26.160 0.000
   vertex 53.607 -30.950 0.000
   vertex 0.000 0.000 0.000
  endloop
 endfacet
 facet normal 0 0 0
  outer loop
   vertex 56.100 -26.160 0.000
   vertex 0.000 0.000 0.000
   vertex 0.000 0.000 0.000
  endloop
 endfacet
 facet normal 0 0 0
  outer loop
   vertex 58.167 -21.171 0.000
   vertex 56.100 -26.160 0.000
   vertex 0.000 0.000 0.000
  endloop
 endfacet
 facet normal 0 0 0
  outer loop
   vertex 58.167 -21.171 0.000
   vertex 0.000 0.000 0.000
   vertex 0.000 0.000 0.000
  endloop
 endfacet
 facet normal 0 0 0
  outer loop
   vertex 59.791 -16.021 0.000
   vertex 58.167 -21.171 0.000
   vertex 0.000 0.000 0.000
  endloop
 endfacet
 facet normal 0 0 0
  outer loop
   vertex 59.791 -16.021 0.000
   vertex 0.000 0.000 0.000
   vertex 0.000 0.000 0.000
  endloop
 endfacet
 facet normal 0 0 0
  outer loop
   vertex 60.960 -10.749 0.000
   vertex 59.791 -16.021 0.000
   vertex 0.000 0.000 0.000
  endloop
 endfacet
 facet normal 0 0 0
  outer loop
   vertex 60.960 -10.749 0.000
   vertex 0.000 0.000 0.000
   vertex 0.000 0.000 0.000
  endloop
 endfacet
 facet normal 0 0 0
  outer loop
   vertex 61.664 -5.395 0.000
   vertex 60.960 -10.749 0.000
   vertex 0.000 0.000 0.000
  endloop
 endfacet
 facet normal 0 0 0
  outer loop
   vertex 61.664 -5.395 0.000
   vertex 0.000 0.000 0.000
   vertex 0.000 0.000 0.000
  endloop
 endfacet
 facet normal 0 0 0
  outer loop
   vertex 61.900 -0.000 0.000
   vertex 61.664 -5.395 0.000
   vertex 0.000 0.000 0.000
  endloop
 endfacet
 facet normal 0 0 0
  outer loop
   vertex 61.900 -0.000 0.000
   vertex 0.000 0.000 0.000
   vertex 0.000 0.000 0.000
  endloop
 endfacet
 facet normal 0 0 0
  outer loop
   vertex 61.900 0.000 5.000
   vertex 61.664 5.395 5.000
   vertex 0.000 0.000 5.000
  endloop
 endfacet
 facet normal 0 0 0
  outer loop
   vertex 61.900 0.000 5.000
   vertex 0.000 0.000 5.000
   vertex 0.000 0.000 5.000
  endloop
 endfacet
 facet normal 0 0 0
  outer loop
   vertex 61.664 5.395 5.000
   vertex 60.960 10.749 5.000
   vertex 0.000 0.000 5.000
  endloop
 endfacet
 facet normal 0 0 0
  outer loop
   vertex 61.664 5.395 5.000
   vertex 0.000 0.000 5.000
   vertex 0.000 0.000 5.000
  endloop
 endfacet
 facet normal 0 0 0
  outer loop
   vertex 60.960 10.749 5.000
   vertex 59.791 16.021 5.000
   vertex 0.000 0.000 5.000
  endloop
 endfacet
 facet normal 0 0 0
  outer loop
   vertex 60.960 10.749 5.000
   vertex 0.000 0.000 5.000
   vertex 0.000 0.000 5.000
  endloop
 endfacet
 facet normal 0 0 0
  outer loop
   vertex 59.791 16.021 5.000
   vertex 58.167 21.171 5.000
   vertex 0.000 0.000 5.000
  endloop
 endfacet
 facet normal 0 0 0
  outer loop
   vertex 59.791 16.021 5.000
   vertex 0.000 0.000 5.000
   vertex 0.000 0.000 5.000
  endloop
 endfacet
 facet normal 0 0 0
  outer loop
   vertex 58.167 21.171 5.000
   vertex 56.100 26.160 5.000
   vertex 0.000 0.000 5.000
  endloop
 endfacet
 facet normal 0 0 0
  outer loop
   vertex 58.167 21.171 5.000
   vertex 0.000 0.000 5.000
   vertex 0.000 0.000 5.000
  endloop
 endfacet
 facet normal 0 0 0
  outer loop
   vertex 56.100 26.160 5.000
   vertex 53.607 30.950 5.000
   vertex 0.000 0.000 5.000
  endloop
 endfacet
 facet normal 0 0 0
  outer loop
   vertex 56.100 26.160 5.000
   vertex 0.000 0.000 5.000
   vertex 0.000 0.000 5.000
  endloop
 endfacet
 facet normal 0 0 0
  outer loop
   vertex 53.607 30.950 5.000
   vertex 50.706 35.504 5.000
   vertex 0.000 0.000 5.000
  endloop
 endfacet
 facet normal 0 0 0
  outer loop
   vertex 53.607 30.950 5.000
   vertex 0.000 0.000 5.000
   vertex 0.000 0.000 5.000
  endloop
 endfacet
 facet normal 0 0 0
  outer loop
   vertex 50.706 35.504 5.000
   vertex 47.418 39.789 5.000
   vertex 0.000 0.000 5.000
  endloop
 endfacet
 facet normal 0 0 0
  outer loop
   vertex 50.706 35.504 5.000
   vertex 0.000 0.000 5.000
   vertex 0.000 0.000 5.000
  endloop
 endfacet
 facet normal 0 0 0
  outer loop
   vertex 47.418 39.789 5.000
   vertex 43.770 43.770 5.000
   vertex 0.000 0.000 5.000
  endloop
 endfacet
 facet normal 0 0 0
  outer loop
   vertex 47.418 39.789 5.000
   vertex 0.000 0.000 5.000
   vertex 0.000 0.000 5.000
  endloop
 endfacet
 facet normal 0 0 0
  outer loop
   vertex 43.770 43.770 5.000
   vertex 39.789 47.418 5.000
   vertex 0.000 0.000 5.000
  endloop
 endfacet
 facet normal 0 0 0
  outer loop
   vertex 43.770 43.770 5.000
   vertex 0.000 0.000 5.000
   vertex 0.000 0.000 5.000
  endloop
 endfacet
 facet normal 0 0 0
  outer loop
   vertex 39.789 47.418 5.000
   vertex 35.504 50.706 5.000
   vertex 0.000 0.000 5.000
  endloop
 endfacet
 facet normal 0 0 0
  outer loop
   vertex 39.789 47.418 5.000
   vertex 0.000 0.000 5.000
   vertex 0.000 0.000 5.000
  endloop
 endfacet
 facet normal 0 0 0
  outer loop
   vertex 35.504 50.706 5.000
   vertex 30.950 53.607 5.000
   vertex 0.000 0.000 5.000
  endloop
 endfacet
 facet normal 0 0 0
  outer loop
   vertex 35.504 50.706 5.000
   vertex 0.000 0.000 5.000
   vertex 0.000 0.000 5.000
  endloop
 endfacet
 facet normal 0 0 0
  outer loop
   vertex 30.950 53.607 5.000
   vertex 26.160 56.100 5.000
   vertex 0.000 0.000 5.000
  endloop
 endfacet
 facet normal 0 0 0
  outer loop
   vertex 30.950 53.607 5.000
   vertex 0.000 0.000 5.000
   vertex 0.000 0.000 5.000
  endloop
 endfacet
 facet normal 0 0 0
  outer loop
   vertex 26.160 56.100 5.000
   vertex 21.171 58.167 5.000
   vertex 0.000 0.000 5.000
  endloop
 endfacet
 facet normal 0 0 0
  outer loop
   vertex 26.160 56.100 5.000
   vertex 0.000 0.000 5.000
   vertex 0.000 0.000 5.000
  endloop
 endfacet
 facet normal 0 0 0
  outer loop
   vertex 21.171 58.167 5.000
   vertex 16.021 59.791 5.000
   vertex 0.000 0.000 5.000
  endloop
 endfacet
 facet normal 0 0 0
  outer loop
   vertex 21.171 58.167 5.000
   vertex 0.000 0.000 5.000
   vertex 0.000 0.000 5.000
  endloop
 endfacet
 facet normal 0 0 0
  outer loop
   vertex 16.021 59.791 5.000
   vertex 10.749 60.960 5.000
   vertex 0.000 0.000 5.000
  endloop
 endfacet
 facet normal 0 0 0
  outer loop
   vertex 16.021 59.791 5.000
   vertex 0.000 0.000 5.000
   vertex 0.000 0.000 5.000
  endloop
 endfacet
 facet normal 0 0 0
  outer loop
   vertex 10.749 60.960 5.000
   vertex 5.395 61.664 5.000
   vertex 0.000 0.000 5.000
  endloop
 endfacet
 facet normal 0 0 0
  outer loop
   vertex 10.749 60.960 5.000
   vertex 0.000 0.000 5.000
   vertex 0.000 0.000 5.000
  endloop
 endfacet
 facet normal 0 0 0
  outer loop
   vertex 5.395 61.664 5.000
   vertex 0.000 61.900 5.000
   vertex 0.000 0.000 5.000
  endloop
 endfacet
 facet normal 0 0 0
  outer loop
   vertex 5.395 61.664 5.000
   vertex 0.000 0.000 5.000
   vertex 0.000 0.000 5.000
  endloop
 endfacet
 facet normal 0 0 0
  outer loop
   vertex 0.000 61.900 5.000
   vertex -5.395 61.664 5.000
   vertex 0.000 0.000 5.000
  endloop
 endfacet
 facet normal 0 0 0
  outer loop
   vertex 0.000 61.900 5.000
   vertex 0.000 0.000 5.000
   vertex 0.000 0.000 5.000
  endloop
 endfacet
 facet normal 0 0 0
  outer loop
   vertex -5.395 61.664 5.000
   vertex -10.749 60.960 5.000
   vertex 0.000 0.000 5.000
  endloop
 endfacet
 facet normal 0 0 0
  outer loop
   vertex -5.395 61.664 5.000
   vertex 0.000 0.000 5.000
   vertex 0.000 0.000 5.000
  endloop
 endfacet
 facet normal 0 0 0
  outer loop
   vertex -10.749 60.960 5.000
   vertex -16.021 59.791 5.000
   vertex 0.000 0.000 5.000
  endloop
 endfacet
 facet normal 0 0 0
  outer loop
   vertex -10.749 60.960 5.000
   vertex 0.000 0.000 5.000
   vertex 0.000 0.000 5.000
  endloop
 endfacet
 facet normal 0 0 0
  outer loop
   vertex -16.021 59.791 5.000
   vertex -21.171 58.167 5.000
   vertex 0.000 0.000 5.000
  endloop
 endfacet
 facet normal 0 0 0
  outer loop
   vertex -16.021 59.791 5.000
   vertex 0.000 0.000 5.000
   vertex 0.000 0.000 5.000
  endloop
 endfacet
 facet normal 0 0 0
  outer loop
   vertex -21.171 58.167 5.000
   vertex -26.160 56.100 5.000
   vertex 0.000 0.000 5.000
  endloop
 endfacet
 facet normal 0 0 0
  outer loop
   vertex -21.171 58.167 5.000
   vertex 0.000 0.000 5.000
   vertex 0.000 0.000 5.000
  endloop
 endfacet
 facet normal 0 0 0
  outer loop
   vertex -26.160 56.100 5.000
   vertex -30.950 53.607 5.000
   vertex 0.000 0.000 5.000
  endloop
 endfacet
 facet normal 0 0 0
  outer loop
   vertex -26.160 56.100 5.000
   vertex 0.000 0.000 5.000
   vertex 0.000 0.000 5.000
  endloop
 endfacet
 facet normal 0 0 0
  outer loop
   vertex -30.950 53.607 5.000
   vertex -35.504 50.706 5.000
   vertex 0.000 0.000 5.000
  endloop
 endfacet
 facet normal 0 0 0
  outer loop
   vertex -30.950 53.607 5.000
   vertex 0.000 0.000 5.000
   vertex 0.000 0.000 5.000
  endloop
 endfacet
 facet normal 0 0 0
  outer loop
   vertex -35.504 50.706 5.000
   vertex -39.789 47.418 5.000
   vertex 0.000 0.000 5.000
  endloop
 endfacet
 facet normal 0 0 0
  outer loop
   vertex -35.504 50.706 5.000
   vertex 0.000 0.000 5.000
   vertex 0.000 0.000 5.000
  endloop
 endfacet
 facet normal 0 0 0
  outer loop
   vertex -39.789 47.418 5.000
   vertex -43.770 43.770 5.000
   vertex 0.000 0.000 5.000
  endloop
 endfacet
 facet normal 0 0 0
  outer loop
   vertex -39.789 47.418 5.000
   vertex 0.000 0.000 5.000
   vertex 0.000 0.000 5.000
  endloop
 endfacet
 facet normal 0 0 0
  outer loop
   vertex -43.770 43.770 5.000
   vertex -47.418 39.789 5.000
   vertex 0.000 0.000 5.000
  endloop
 endfacet
 facet normal 0 0 0
  outer loop
   vertex -43.770 43.770 5.000
   vertex 0.000 0.000 5.000
   vertex 0.000 0.000 5.000
  endloop
 endfacet
 facet normal 0 0 0
  outer loop
   vertex -47.418 39.789 5.000
   vertex -50.706 35.504 5.000
   vertex 0.000 0.000 5.000
  endloop
 endfacet
 facet normal 0 0 0
  outer loop
   vertex -47.418 39.789 5.000
   vertex 0.000 0.000 5.000
   vertex 0.000 0.000 5.000
  endloop
 endfacet
 facet normal 0 0 0
  outer loop
   vertex -50.706 35.504 5.000
   vertex -53.607 30.950 5.000
   vertex 0.000 0.000 5.000
  endloop
 endfacet
 facet normal 0 0 0
  outer loop
   vertex -50.706 35.504 5.000
   vertex 0.000 0.000 5.000
   vertex 0.000 0.000 5.000
  endloop
 endfacet
 facet normal 0 0 0
  outer loop
   vertex -53.607 30.950 5.000
   vertex -56.100 26.160 5.000
   vertex 0.000 0.000 5.000
  endloop
 endfacet
 facet normal 0 0 0
  outer loop
   vertex -53.607 30.950 5.000
   vertex 0.000 0.000 5.000
   vertex 0.000 0.000 5.000
  endloop
 endfacet
 facet normal 0 0 0
  outer loop
   vertex -56.100 26.160 5.000
   vertex -58.167 21.171 5.000
   vertex 0.000 0.000 5.000
  endloop
 endfacet
 facet normal 0 0 0
  outer loop
   vertex -56.100 26.160 5.000
   vertex 0.000 0.000 5.000
   vertex 0.000 0.000 5.000
  endloop
 endfacet
 facet normal 0 0 0
  outer loop
   vertex -58.167 21.171 5.000
   vertex -59.791 16.021 5.000
   vertex 0.000 0.000 5.000
  endloop
 endfacet
 facet normal 0 0 0
  outer loop
   vertex -58.167 21.171 5.000
   vertex 0.000 0.000 5.000
   vertex 0.000 0.000 5.000
  endloop
 endfacet
 facet normal 0 0 0
  outer loop
   vertex -59.791 16.021 5.000
   vertex -60.960 10.749 5.000
   vertex 0.000 0.000 5.000
  endloop
 endfacet
 facet normal 0 0 0
  outer loop
   vertex -59.791 16.021 5.000
   vertex 0.000 0.000 5.000
   vertex 0.000 0.000 5.000
  endloop
 endfacet
 facet normal 0 0 0
  outer loop
   vertex -60.960 10.749 5.000
   vertex -61.664 5.395 5.000
   vertex 0.000 0.000 5.000
  endloop
 endfacet
 facet normal 0 0 0
  outer loop
   vertex -60.960 10.749 5.000
   vertex 0.000 0.000 5.000
   vertex 0.000 0.000 5.000
  endloop
 endfacet
 facet normal 0 0 0
  outer loop
   vertex -61.664 5.395 5.000
   vertex -61.900 0.000 5.000
   vertex 0.000 0.000 5.000
  endloop
 endfacet
 facet normal 0 0 0
  outer loop
   vertex -61.664 5.395 5.000
   vertex 0.000 0.000 5.000
   vertex 0.000 0.000 5.000
  endloop
 endfacet
 facet normal 0 0 0
  outer loop
   vertex -61.900 0.000 5.000
   vertex -61.664 -5.395 5.000
   vertex 0.000 0.000 5.000
  endloop
 endfacet
 facet normal 0 0 0
  outer loop
   vertex -61.900 0.000 5.000
   vertex 0.000 0.000 5.000
   vertex 0.000 0.000 5.000
  endloop
 endfacet
 facet normal 0 0 0
  outer loop
   vertex -61.664 -5.395 5.000
   vertex -60.960 -10.749 5.000
   vertex 0.000 0.000 5.000
  endloop
 endfacet
 facet normal 0 0 0
  outer loop
   vertex -61.664 -5.395 5.000
   vertex 0.000 0.000 5.000
   vertex 0.000 0.000 5.000
  endloop
 endfacet
 facet normal 0 0 0
  outer loop
   vertex -60.960 -10.749 5.000
   vertex -59.791 -16.021 5.000
   vertex 0.000 0.000 5.000
  endloop
 endfacet
 facet normal 0 0 0
  outer loop
   vertex -60.960 -10.749 5.000
   vertex 0.000 0.000 5.000
   vertex 0.000 0.000 5.000
  endloop
 endfacet
 facet normal 0 0 0
  outer loop
   vertex -59.791 -16.021 5.000
   vertex -58.167 -21.171 5.000
   vertex 0.000 0.000 5.000
  endloop
 endfacet
 facet normal 0 0 0
  outer loop
   vertex -59.791 -16.021 5.000
   vertex 0.000 0.000 5.000
   vertex 0.000 0.000 5.000
  endloop
 endfacet
 facet normal 0 0 0
  outer loop
   vertex -58.167 -21.171 5.000
   vertex -56.100 -26.160 5.000
   vertex 0.000 0.000 5.000
  endloop
 endfacet
 facet normal 0 0 0
  outer loop
   vertex -58.167 -21.171 5.000
   vertex 0.000 0.000 5.000
   vertex 0.000 0.000 5.000
  endloop
 endfacet
 facet normal 0 0 0
  outer loop
   vertex -56.100 -26.160 5.000
   vertex -53.607 -30.950 5.000
   vertex 0.000 0.000 5.000
  endloop
 endfacet
 facet normal 0 0 0
  outer loop
   vertex -56.100 -26.160 5.000
   vertex 0.000 0.000 5.000
   vertex 0.000 0.000 5.000
  endloop
 endfacet
 facet normal 0 0 0
  outer loop
   vertex -53.607 -30.950 5.000
   vertex -50.706 -35.504 5.000
   vertex 0.000 0.000 5.000
  endloop
 endfacet
 facet normal 0 0 0
  outer loop
   vertex -53.607 -30.950 5.000
   vertex 0.000 0.000 5.000
   vertex 0.000 0.000 5.000
  endloop
 endfacet
 facet normal 0 0 0
  outer loop
   vertex -50.706 -35.504 5.000
   vertex -47.418 -39.789 5.000
   vertex 0.000 0.000 5.000
  endloop
 endfacet
 facet normal 0 0 0
  outer loop
   vertex -50.706 -35.504 5.000
   vertex 0.000 0.000 5.000
   vertex 0.000 0.000 5.000
  endloop
 endfacet
 facet normal 0 0 0
  outer loop
   vertex -47.418 -39.789 5.000
   vertex -43.770 -43.770 5.000
   vertex 0.000 0.000 5.000
  endloop
 endfacet
 facet normal 0 0 0
  outer loop
   vertex -47.418 -39.789 5.000
   vertex 0.000 0.000 5.000
   vertex 0.000 0.000 5.000
  endloop
 endfacet
 facet normal 0 0 0
  outer loop
   vertex -43.770 -43.770 5.000
   vertex -39.789 -47.418 5.000
   vertex 0.000 0.000 5.000
  endloop
 endfacet
 facet normal 0 0 0
  outer loop
   vertex -43.770 -43.770 5.000
   vertex 0.000 0.000 5.000
   vertex 0.000 0.000 5.000
  endloop
 endfacet
 facet normal 0 0 0
  outer loop
   vertex -39.789 -47.418 5.000
   vertex -35.504 -50.706 5.000
   vertex 0.000 0.000 5.000
  endloop
 endfacet
 facet normal 0 0 0
  outer loop
   vertex -39.789 -47.418 5.000
   vertex 0.000 0.000 5.000
   vertex 0.000 0.000 5.000
  endloop
 endfacet
 facet normal 0 0 0
  outer loop
   vertex -35.504 -50.706 5.000
   vertex -30.950 -53.607 5.000
   vertex 0.000 0.000 5.000
  endloop
 endfacet
 facet normal 0 0 0
  outer loop
   vertex -35.504 -50.706 5.000
   vertex 0.000 0.000 5.000
   vertex 0.000 0.000 5.000
  endloop
 endfacet
 facet normal 0 0 0
  outer loop
   vertex -30.950 -53.607 5.000
   vertex -26.160 -56.100 5.000
   vertex 0.000 0.000 5.000
  endloop
 endfacet
 facet normal 0 0 0
  outer loop
   vertex -30.950 -53.607 5.000
   vertex 0.000 0.000 5.000
   vertex 0.000 0.000 5.000
  endloop
 endfacet
 facet normal 0 0 0
  outer loop
   vertex -26.160 -56.100 5.000
   vertex -21.171 -58.167 5.000
   vertex 0.000 0.000 5.000
  endloop
 endfacet
 facet normal 0 0 0
  outer loop
   vertex -26.160 -56.100 5.000
   vertex 0.000 0.000 5.000
   vertex 0.000 0.000 5.000
  endloop
 endfacet
 facet normal 0 0 0
  outer loop
   vertex -21.171 -58.167 5.000
   vertex -16.021 -59.791 5.000
   vertex 0.000 0.000 5.000
  endloop
 endfacet
 facet normal 0 0 0
  outer loop
   vertex -21.171 -58.167 5.000
   vertex 0.000 0.000 5.000
   vertex 0.000 0.000 5.000
  endloop
 endfacet
 facet normal 0 0 0
  outer loop
   vertex -16.021 -59.791 5.000
   vertex -10.749 -60.960 5.000
   vertex 0.000 0.000 5.000
  endloop
 endfacet
 facet normal 0 0 0
  outer loop
   vertex -16.021 -59.791 5.000
   vertex 0.000 0.000 5.000
   vertex 0.000 0.000 5.000
  endloop
 endfacet
 facet normal 0 0 0
  outer loop
   vertex -10.749 -60.960 5.000
   vertex -5.395 -61.664 5.000
   vertex 0.000 0.000 5.000
  endloop
 endfacet
 facet normal 0 0 0
  outer loop
   vertex -10.749 -60.960 5.000
   vertex 0.000 0.000 5.000
   vertex 0.000 0.000 5.000
  endloop
 endfacet
 facet normal 0 0 0
  outer loop
   vertex -5.395 -61.664 5.000
   vertex -0.000 -61.900 5.000
   vertex 0.000 0.000 5.000
  endloop
 endfacet
 facet normal 0 0 0
  outer loop
   vertex -5.395 -61.664 5.000
   vertex 0.000 0.000 5.000
   vertex 0.000 0.000 5.000
  endloop
 endfacet
 facet normal 0 0 0
  outer loop
   vertex -0.000 -61.900 5.000
   vertex 5.395 -61.664 5.000
   vertex 0.000 0.000 5.000
  endloop
 endfacet
 facet normal 0 0 0
  outer loop
   vertex -0.000 -61.900 5.000
   vertex 0.000 0.000 5.000
   vertex 0.000 0.000 5.000
  endloop
 endfacet
 facet normal 0 0 0
  outer loop
   vertex 5.395 -61.664 5.000
   vertex 10.749 -60.960 5.000
   vertex 0.000 0.000 5.000
  endloop
 endfacet
 facet normal 0 0 0
  outer loop
   vertex 5.395 -61.664 5.000
   vertex 0.000 0.000 5.000
   vertex 0.000 0.000 5.000
  endloop
 endfacet
 facet normal 0 0 0
  outer loop
   vertex 10.749 -60.960 5.000
   vertex 16.021 -59.791 5.000
   vertex 0.000 0.000 5.000
  endloop
 endfacet
 facet normal 0 0 0
  outer loop
   vertex 10.749 -60.960 5.000
   vertex 0.000 0.000 5.000
   vertex 0.000 0.000 5.000
  endloop
 endfacet
 facet normal 0 0 0
  outer loop
   vertex 16.021 -59.791 5.000
   vertex 21.171 -58.167 5.000
   vertex 0.000 0.000 5.000
  endloop
 endfacet
 facet normal 0 0 0
  outer loop
   vertex 16.021 -59.791 5.000
   vertex 0.000 0.000 5.000
   vertex 0.000 0.000 5.000
  endloop
 endfacet
 facet normal 0 0 0
  outer loop
   vertex 21.171 -58.167 5.000
   vertex 26.160 -56.100 5.000
   vertex 0.000 0.000 5.000
  endloop
 endfacet
 facet normal 0 0 0
  outer loop
   vertex 21.171 -58.167 5.000
   vertex 0.000 0.000 5.000
   vertex 0.000 0.000 5.000
  endloop
 endfacet
 facet normal 0 0 0
  outer loop
   vertex 26.160 -56.100 5.000
   vertex 30.950 -53.607 5.000
   vertex 0.000 0.000 5.000
  endloop
 endfacet
 facet normal 0 0 0
  outer loop
   vertex 26.160 -56.100 5.000
   vertex 0.000 0.000 5.000
   vertex 0.000 0.000 5.000
  endloop
 endfacet
 facet normal 0 0 0
  outer loop
   vertex 30.950 -53.607 5.000
   vertex 35.504 -50.706 5.000
   vertex 0.000 0.000 5.000
  endloop
 endfacet
 facet normal 0 0 0
  outer loop
   vertex 30.950 -53.607 5.000
   vertex 0.000 0.000 5.000
   vertex 0.000 0.000 5.000
  endloop
 endfacet
 facet normal 0 0 0
  outer loop
   vertex 35.504 -50.706 5.000
   vertex 39.789 -47.418 5.000
   vertex 0.000 0.000 5.000
  endloop
 endfacet
 facet normal 0 0 0
  outer loop
   vertex 35.504 -50.706 5.000
   vertex 0.000 0.000 5.000
   vertex 0.000 0.000 5.000
  endloop
 endfacet
 facet normal 0 0 0
  outer loop
   vertex 39.789 -47.418 5.000
   vertex 43.770 -43.770 5.000
   vertex 0.000 0.000 5.000
  endloop
 endfacet
 facet normal 0 0 0
  outer loop
   vertex 39.789 -47.418 5.000
   vertex 0.000 0.000 5.000
   vertex 0.000 0.000 5.000
  endloop
 endfacet
 facet normal 0 0 0
  outer loop
   vertex 43.770 -43.770 5.000
   vertex 47.418 -39.789 5.000
   vertex 0.000 0.000 5.000
  endloop
 endfacet
 facet normal 0 0 0
  outer loop
   vertex 43.770 -43.770 5.000
   vertex 0.000 0.000 5.000
   vertex 0.000 0.000 5.000
  endloop
 endfacet
 facet normal 0 0 0
  outer loop
   vertex 47.418 -39.789 5.000
   vertex 50.706 -35.504 5.000
   vertex 0.000 0.000 5.000
  endloop
 endfacet
 facet normal 0 0 0
  outer loop
   vertex 47.418 -39.789 5.000
   vertex 0.000 0.000 5.000
   vertex 0.000 0.000 5.000
  endloop
 endfacet
 facet normal 0 0 0
  outer loop
   vertex 50.706 -35.504 5.000
   vertex 53.607 -30.950 5.000
   vertex 0.000 0.000 5.000
  endloop
 endfacet
 facet normal 0 0 0
  outer loop
   vertex 50.706 -35.504 5.000
   vertex 0.000 0.000 5.000
   vertex 0.000 0.000 5.000
  endloop
 endfacet
 facet normal 0 0 0
  outer loop
   vertex 53.607 -30.950 5.000
   vertex 56.100 -26.160 5.000
   vertex 0.000 0.000 5.000
  endloop
 endfacet
 facet normal 0 0 0
  outer loop
   vertex 53.607 -30.950 5.000
   vertex 0.000 0.000 5.000
   vertex 0.000 0.000 5.000
  endloop
 endfacet
 facet normal 0 0 0
  outer loop
   vertex 56.100 -26.160 5.000
   vertex 58.167 -21.171 5.000
   vertex 0.000 0.000 5.000
  endloop
 endfacet
 facet normal 0 0 0
  outer loop
   vertex 56.100 -26.160 5.000
   vertex 0.000 0.000 5.000
   vertex 0.000 0.000 5.000
  endloop
 endfacet
 facet normal 0 0 0
  outer loop
   vertex 58.167 -21.171 5.000
   vertex 59.791 -16.021 5.000
   vertex 0.000 0.000 5.000
  endloop
 endfacet
 facet normal 0 0 0
  outer loop
   vertex 58.167 -21.171 5.000
   vertex 0.000 0.000 5.000
   vertex 0.000 0.000 5.000
  endloop
 endfacet
 facet normal 0 0 0
  outer loop
   vertex 59.791 -16.021 5.000
   vertex 60.960 -10.749 5.000
   vertex 0.000 0.000 5.000
  endloop
 endfacet
 facet normal 0 0 0
  outer loop
   vertex 59.791 -16.021 5.000
   vertex 0.000 0.000 5.000
   vertex 0.000 0.000 5.000
  endloop
 endfacet
 facet normal 0 0 0
  outer loop
   vertex 60.960 -10.749 5.000
   vertex 61.664 -5.395 5.000
   vertex 0.000 0.000 5.000
  endloop
 endfacet
 facet normal 0 0 0
  outer loop
   vertex 60.960 -10.749 5.000
   vertex 0.000 0.000 5.000
   vertex 0.000 0.000 5.000
  endloop
 endfacet
 facet normal 0 0 0
  outer loop
   vertex 61.664 -5.395 5.000
   vertex 61.900 -0.000 5.000
   vertex 0.000 0.000 5.000
  endloop
 endfacet
 facet normal 0 0 0
  outer loop
   vertex 61.664 -5.395 5.000
   vertex 0.000 0.000 5.000
   vertex 0.000 0.000 5.000
  endloop
 endfacet
 facet normal 0 0 0
  outer loop
   vertex 61.900 0.000 0.000
   vertex 61.664 5.395 0.000
   vertex 61.664 5.395 5.000
  endloop
 endfacet
 facet normal 0 0 0
  outer loop
   vertex 61.900 0.000 0.000
   vertex 61.664 5.395 5.000
   vertex 61.900 0.000 5.000
  endloop
 endfacet
 facet normal 0 0 0
  outer loop
   vertex 61.664 5.395 0.000
   vertex 60.960 10.749 0.000
   vertex 60.960 10.749 5.000
  endloop
 endfacet
 facet normal 0 0 0
  outer loop
   vertex 61.664 5.395 0.000
   vertex 60.960 10.749 5.000
   vertex 61.664 5.395 5.000
  endloop
 endfacet
 facet normal 0 0 0
  outer loop
   vertex 60.960 10.749 0.000
   vertex 59.791 16.021 0.000
   vertex 59.791 16.021 5.000
  endloop
 endfacet
 facet normal 0 0 0
  outer loop
   vertex 60.960 10.749 0.000
   vertex 59.791 16.021 5.000
   vertex 60.960 10.749 5.000
  endloop
 endfacet
 facet normal 0 0 0
  outer loop
   vertex 59.791 16.021 0.000
   vertex 58.167 21.171 0.000
   vertex 58.167 21.171 5.000
  endloop
 endfacet
 facet normal 0 0 0
  outer loop
   vertex 59.791 16.021 0.000
   vertex 58.167 21.171 5.000
   vertex 59.791 16.021 5.000
  endloop
 endfacet
 facet normal 0 0 0
  outer loop
   vertex 58.167 21.171 0.000
   vertex 56.100 26.160 0.000
   vertex 56.100 26.160 5.000
  endloop
 endfacet
 facet normal 0 0 0
  outer loop
   vertex 58.167 21.171 0.000
   vertex 56.100 26.160 5.000
   vertex 58.167 21.171 5.000
  endloop
 endfacet
 facet normal 0 0 0
  outer loop
   vertex 56.100 26.160 0.000
   vertex 53.607 30.950 0.000
   vertex 53.607 30.950 5.000
  endloop
 endfacet
 facet normal 0 0 0
  outer loop
   vertex 56.100 26.160 0.000
   vertex 53.607 30.950 5.000
   vertex 56.100 26.160 5.000
  endloop
 endfacet
 facet normal 0 0 0
  outer loop
   vertex 53.607 30.950 0.000
   vertex 50.706 35.504 0.000
   vertex 50.706 35.504 5.000
  endloop
 endfacet
 facet normal 0 0 0
  outer loop
   vertex 53.607 30.950 0.000
   vertex 50.706 35.504 5.000
   vertex 53.607 30.950 5.000
  endloop
 endfacet
 facet normal 0 0 0
  outer loop
   vertex 50.706 35.504 0.000
   vertex 47.418 39.789 0.000
   vertex 47.418 39.789 5.000
  endloop
 endfacet
 facet normal 0 0 0
  outer loop
   vertex 50.706 35.504 0.000
   vertex 47.418 39.789 5.000
   vertex 50.706 35.504 5.000
  endloop
 endfacet
 facet normal 0 0 0
  outer loop
   vertex 47.418 39.789 0.000
   vertex 43.770 43.770 0.000
   vertex 43.770 43.770 5.000
  endloop
 endfacet
 facet normal 0 0 0
  outer loop
   vertex 47.418 39.789 0.000
   vertex 43.770 43.770 5.000
   vertex 47.418 39.789 5.000
  endloop
 endfacet
 facet normal 0 0 0
  outer loop
   vertex 43.770 43.770 0.000
   vertex 39.789 47.418 0.000
   vertex 39.789 47.418 5.000
  endloop
 endfacet
 facet normal 0 0 0
  outer loop
   vertex 43.770 43.770 0.000
   vertex 39.789 47.418 5.000
   vertex 43.770 43.770 5.000
  endloop
 endfacet
 facet normal 0 0 0
  outer loop
   vertex 39.789 47.418 0.000
   vertex 35.504 50.706 0.000
   vertex 35.504 50.706 5.000
  endloop
 endfacet
 facet normal 0 0 0
  outer loop
   vertex 39.789 47.418 0.000
   vertex 35.504 50.706 5.000
   vertex 39.789 47.418 5.000
  endloop
 endfacet
 facet normal 0 0 0
  outer loop
   vertex 35.504 50.706 0.000
   vertex 30.950 53.607 0.000
   vertex 30.950 53.607 5.000
  endloop
 endfacet
 facet normal 0 0 0
  outer loop
   vertex 35.504 50.706 0.000
   vertex 30.950 53.607 5.000
   vertex 35.504 50.706 5.000
  endloop
 endfacet
 facet normal 0 0 0
  outer loop
   vertex 30.950 53.607 0.000
   vertex 26.160 56.100 0.000
   vertex 26.160 56.100 5.000
  endloop
 endfacet
 facet normal 0 0 0
  outer loop
   vertex 30.950 53.607 0.000
   vertex 26.160 56.100 5.000
   vertex 30.950 53.607 5.000
  endloop
 endfacet
 facet normal 0 0 0
  outer loop
   vertex 26.160 56.100 0.000
   vertex 21.171 58.167 0.000
   vertex 21.171 58.167 5.000
  endloop
 endfacet
 facet normal 0 0 0
  outer loop
   vertex 26.160 56.100 0.000
   vertex 21.171 58.167 5.000
   vertex 26.160 56.100 5.000
  endloop
 endfacet
 facet normal 0 0 0
  outer loop
   vertex 21.171 58.167 0.000
   vertex 16.021 59.791 0.000
   vertex 16.021 59.791 5.000
  endloop
 endfacet
 facet normal 0 0 0
  outer loop
   vertex 21.171 58.167 0.000
   vertex 16.021 59.791 5.000
   vertex 21.171 58.167 5.000
  endloop
 endfacet
 facet normal 0 0 0
  outer loop
   vertex 16.021 59.791 0.000
   vertex 10.749 60.960 0.000
   vertex 10.749 60.960 5.000
  endloop
 endfacet
 facet normal 0 0 0
  outer loop
   vertex 16.021 59.791 0.000
   vertex 10.749 60.960 5.000
   vertex 16.021 59.791 5.000
  endloop
 endfacet
 facet normal 0 0 0
  outer loop
   vertex 10.749 60.960 0.000
   vertex 5.395 61.664 0.000
   vertex 5.395 61.664 5.000
  endloop
 endfacet
 facet normal 0 0 0
  outer loop
   vertex 10.749 60.960 0.000
   vertex 5.395 61.664 5.000
   vertex 10.749 60.960 5.000
  endloop
 endfacet
 facet normal 0 0 0
  outer loop
   vertex 5.395 61.664 0.000
   vertex 0.000 61.900 0.000
   vertex 0.000 61.900 5.000
  endloop
 endfacet
 facet normal 0 0 0
  outer loop
   vertex 5.395 61.664 0.000
   vertex 0.000 61.900 5.000
   vertex 5.395 61.664 5.000
  endloop
 endfacet
 facet normal 0 0 0
  outer loop
   vertex 0.000 61.900 0.000
   vertex -5.395 61.664 0.000
   vertex -5.395 61.664 5.000
  endloop
 endfacet
 facet normal 0 0 0
  outer loop
   vertex 0.000 61.900 0.000
   vertex -5.395 61.664 5.000
   vertex 0.000 61.900 5.000
  endloop
 endfacet
 facet normal 0 0 0
  outer loop
   vertex -5.395 61.664 0.000
   vertex -10.749 60.960 0.000
   vertex -10.749 60.960 5.000
  endloop
 endfacet
 facet normal 0 0 0
  outer loop
   vertex -5.395 61.664 0.000
   vertex -10.749 60.960 5.000
   vertex -5.395 61.664 5.000
  endloop
 endfacet
 facet normal 0 0 0
  outer loop
   vertex -10.749 60.960 0.000
   vertex -16.021 59.791 0.000
   vertex -16.021 59.791 5.000
  endloop
 endfacet
 facet normal 0 0 0
  outer loop
   vertex -10.749 60.960 0.000
   vertex -16.021 59.791 5.000
   vertex -10.749 60.960 5.000
  endloop
 endfacet
 facet normal 0 0 0
  outer loop
   vertex -16.021 59.791 0.000
   vertex -21.171 58.167 0.000
   vertex -21.171 58.167 5.000
  endloop
 endfacet
 facet normal 0 0 0
  outer loop
   vertex -16.021 59.791 0.000
   vertex -21.171 58.167 5.000
   vertex -16.021 59.791 5.000
  endloop
 endfacet
 facet normal 0 0 0
  outer loop
   vertex -21.171 58.167 0.000
   vertex -26.160 56.100 0.000
   vertex -26.160 56.100 5.000
  endloop
 endfacet
 facet normal 0 0 0
  outer loop
   vertex -21.171 58.167 0.000
   vertex -26.160 56.100 5.000
   vertex -21.171 58.167 5.000
  endloop
 endfacet
 facet normal 0 0 0
  outer loop
   vertex -26.160 56.100 0.000
   vertex -30.950 53.607 0.000
   vertex -30.950 53.607 5.000
  endloop
 endfacet
 facet normal 0 0 0
  outer loop
   vertex -26.160 56.100 0.000
   vertex -30.950 53.607 5.000
   vertex -26.160 56.100 5.000
  endloop
 endfacet
 facet normal 0 0 0
  outer loop
   vertex -30.950 53.607 0.000
   vertex -35.504 50.706 0.000
   vertex -35.504 50.706 5.000
  endloop
 endfacet
 facet normal 0 0 0
  outer loop
   vertex -30.950 53.607 0.000
   vertex -35.504 50.706 5.000
   vertex -30.950 53.607 5.000
  endloop
 endfacet
 facet normal 0 0 0
  outer loop
   vertex -35.504 50.706 0.000
   vertex -39.789 47.418 0.000
   vertex -39.789 47.418 5.000
  endloop
 endfacet
 facet normal 0 0 0
  outer loop
   vertex -35.504 50.706 0.000
   vertex -39.789 47.418 5.000
   vertex -35.504 50.706 5.000
  endloop
 endfacet
 facet normal 0 0 0
  outer loop
   vertex -39.789 47.418 0.000
   vertex -43.770 43.770 0.000
   vertex -43.770 43.770 5.000
  endloop
 endfacet
 facet normal 0 0 0
  outer loop
   vertex -39.789 47.418 0.000
   vertex -43.770 43.770 5.000
   vertex -39.789 47.418 5.000
  endloop
 endfacet
 facet normal 0 0 0
  outer loop
   vertex -43.770 43.770 0.000
   vertex -47.418 39.789 0.000
   vertex -47.418 39.789 5.000
  endloop
 endfacet
 facet normal 0 0 0
  outer loop
   vertex -43.770 43.770 0.000
   vertex -47.418 39.789 5.000
   vertex -43.770 43.770 5.000
  endloop
 endfacet
 facet normal 0 0 0
  outer loop
   vertex -47.418 39.789 0.000
   vertex -50.706 35.504 0.000
   vertex -50.706 35.504 5.000
  endloop
 endfacet
 facet normal 0 0 0
  outer loop
   vertex -47.418 39.789 0.000
   vertex -50.706 35.504 5.000
   vertex -47.418 39.789 5.000
  endloop
 endfacet
 facet normal 0 0 0
  outer loop
   vertex -50.706 35.504 0.000
   vertex -53.607 30.950 0.000
   vertex -53.607 30.950 5.000
  endloop
 endfacet
 facet normal 0 0 0
  outer loop
   vertex -50.706 35.504 0.000
   vertex -53.607 30.950 5.000
   vertex -50.706 35.504 5.000
  endloop
 endfacet
 facet normal 0 0 0
  outer loop
   vertex -53.607 30.950 0.000
   vertex -56.100 26.160 0.000
   vertex -56.100 26.160 5.000
  endloop
 endfacet
 facet normal 0 0 0
  outer loop
   vertex -53.607 30.950 0.000
   vertex -56.100 26.160 5.000
   vertex -53.607 30.950 5.000
  endloop
 endfacet
 facet normal 0 0 0
  outer loop
   vertex -56.100 26.160 0.000
   vertex -58.167 21.171 0.000
   vertex -58.167 21.171 5.000
  endloop
 endfacet
 facet normal 0 0 0
  outer loop
   vertex -56.100 26.160 0.000
   vertex -58.167 21.171 5.000
   vertex -56.100 26.160 5.000
  endloop
 endfacet
 facet normal 0 0 0
  outer loop
   vertex -58.167 21.171 0.000
   vertex -59.791 16.021 0.000
   vertex -59.791 16.021 5.000
  endloop
 endfacet
 facet normal 0 0 0
  outer loop
   vertex -58.167 21.171 0.000
   vertex -59.791 16.021 5.000
   vertex -58.167 21.171 5.000
  endloop
 endfacet
 facet normal 0 0 0
  outer loop
   vertex -59.791 16.021 0.000
   vertex -60.960 10.749 0.000
   vertex -60.960 10.749 5.000
  endloop
 endfacet
 facet normal 0 0 0
  outer loop
   vertex -59.791 16.021 0.000
   vertex -60.960 10.749 5.000
   vertex -59.791 16.021 5.000
  endloop
 endfacet
 facet normal 0 0 0
  outer loop
   vertex -60.960 10.749 0.000
   vertex -61.664 5.395 0.000
   vertex -61.664 5.395 5.000
  endloop
 endfacet
 facet normal 0 0 0
  outer loop
   vertex -60.960 10.749 0.000
   vertex -61.664 5.395 5.000
   vertex -60.960 10.749 5.000
  endloop
 endfacet
 facet normal 0 0 0
  outer loop
   vertex -61.664 5.395 0.000
   vertex -61.900 0.000 0.000
   vertex -61.900 0.000 5.000
  endloop
 endfacet
 facet normal 0 0 0
  outer loop
   vertex -61.664 5.395 0.000
   vertex -61.900 0.000 5.000
   vertex -61.664 5.395 5.000
  endloop
 endfacet
 facet normal 0 0 0
  outer loop
   vertex -61.900 0.000 0.000
   vertex -61.664 -5.395 0.000
   vertex -61.664 -5.395 5.000
  endloop
 endfacet
 facet normal 0 0 0
  outer loop
   vertex -61.900 0.000 0.000
   vertex -61.664 -5.395 5.000
   vertex -61.900 0.000 5.000
  endloop
 endfacet
 facet normal 0 0 0
  outer loop
   vertex -61.664 -5.395 0.000
   vertex -60.960 -10.749 0.000
   vertex -60.960 -10.749 5.000
  endloop
 endfacet
 facet normal 0 0 0
  outer loop
   vertex -61.664 -5.395 0.000
   vertex -60.960 -10.749 5.000
   vertex -61.664 -5.395 5.000
  endloop
 endfacet
 facet normal 0 0 0
  outer loop
   vertex -60.960 -10.749 0.000
   vertex -59.791 -16.021 0.000
   vertex -59.791 -16.021 5.000
  endloop
 endfacet
 facet normal 0 0 0
  outer loop
   vertex -60.960 -10.749 0.000
   vertex -59.791 -16.021 5.000
   vertex -60.960 -10.749 5.000
  endloop
 endfacet
 facet normal 0 0 0
  outer loop
   vertex -59.791 -16.021 0.000
   vertex -58.167 -21.171 0.000
   vertex -58.167 -21.171 5.000
  endloop
 endfacet
 facet normal 0 0 0
  outer loop
   vertex -59.791 -16.021 0.000
   vertex -58.167 -21.171 5.000
   vertex -59.791 -16.021 5.000
  endloop
 endfacet
 facet normal 0 0 0
  outer loop
   vertex -58.167 -21.171 0.000
   vertex -56.100 -26.160 0.000
   vertex -56.100 -26.160 5.000
  endloop
 endfacet
 facet normal 0 0 0
  outer loop
   vertex -58.167 -21.171 0.000
   vertex -56.100 -26.160 5.000
   vertex -58.167 -21.171 5.000
  endloop
 endfacet
 facet normal 0 0 0
  outer loop
   vertex -56.100 -26.160 0.000
   vertex -53.607 -30.950 0.000
   vertex -53.607 -30.950 5.000
  endloop
 endfacet
 facet normal 0 0 0
  outer loop
   vertex -56.100 -26.160 0.000
   vertex -53.607 -30.950 5.000
   vertex -56.100 -26.160 5.000
  endloop
 endfacet
 facet normal 0 0 0
  outer loop
   vertex -53.607 -30.950 0.000
   vertex -50.706 -35.504 0.000
   vertex -50.706 -35.504 5.000
  endloop
 endfacet
 facet normal 0 0 0
  outer loop
   vertex -53.607 -30.950 0.000
   vertex -50.706 -35.504 5.000
   vertex -53.607 -30.950 5.000
  endloop
 endfacet
 facet normal 0 0 0
  outer loop
   vertex -50.706 -35.504 0.000
   vertex -47.418 -39.789 0.000
   vertex -47.418 -39.789 5.000
  endloop
 endfacet
 facet normal 0 0 0
  outer loop
   vertex -50.706 -35.504 0.000
   vertex -47.418 -39.789 5.000
   vertex -50.706 -35.504 5.000
  endloop
 endfacet
 facet normal 0 0 0
  outer loop
   vertex -47.418 -39.789 0.000
   vertex -43.770 -43.770 0.000
   vertex -43.770 -43.770 5.000
  endloop
 endfacet
 facet normal 0 0 0
  outer loop
   vertex -47.418 -39.789 0.000
   vertex -43.770 -43.770 5.000
   vertex -47.418 -39.789 5.000
  endloop
 endfacet
 facet normal 0 0 0
  outer loop
   vertex -43.770 -43.770 0.000
   vertex -39.789 -47.418 0.000
   vertex -39.789 -47.418 5.000
  endloop
 endfacet
 facet normal 0 0 0
  outer loop
   vertex -43.770 -43.770 0.000
   vertex -39.789 -47.418 5.000
   vertex -43.770 -43.770 5.000
  endloop
 endfacet
 facet normal 0 0 0
  outer loop
   vertex -39.789 -47.418 0.000
   vertex -35.504 -50.706 0.000
   vertex -35.504 -50.706 5.000
  endloop
 endfacet
 facet normal 0 0 0
  outer loop
   vertex -39.789 -47.418 0.000
   vertex -35.504 -50.706 5.000
   vertex -39.789 -47.418 5.000
  endloop
 endfacet
 facet normal 0 0 0
  outer loop
   vertex -35.504 -50.706 0.000
   vertex -30.950 -53.607 0.000
   vertex -30.950 -53.607 5.000
  endloop
 endfacet
 facet normal 0 0 0
  outer loop
   vertex -35.504 -50.706 0.000
   vertex -30.950 -53.607 5.000
   vertex -35.504 -50.706 5.000
  endloop
 endfacet
 facet normal 0 0 0
  outer loop
   vertex -30.950 -53.607 0.000
   vertex -26.160 -56.100 0.000
   vertex -26.160 -56.100 5.000
  endloop
 endfacet
 facet normal 0 0 0
  outer loop
   vertex -30.950 -53.607 0.000
   vertex -26.160 -56.100 5.000
   vertex -30.950 -53.607 5.000
  endloop
 endfacet
 facet normal 0 0 0
  outer loop
   vertex -26.160 -56.100 0.000
   vertex -21.171 -58.167 0.000
   vertex -21.171 -58.167 5.000
  endloop
 endfacet
 facet normal 0 0 0
  outer loop
   vertex -26.160 -56.100 0.000
   vertex -21.171 -58.167 5.000
   vertex -26.160 -56.100 5.000
  endloop
 endfacet
 facet normal 0 0 0
  outer loop
   vertex -21.171 -58.167 0.000
   vertex -16.021 -59.791 0.000
   vertex -16.021 -59.791 5.000
  endloop
 endfacet
 facet normal 0 0 0
  outer loop
   vertex -21.171 -58.167 0.000
   vertex -16.021 -59.791 5.000
   vertex -21.171 -58.167 5.000
  endloop
 endfacet
 facet normal 0 0 0
  outer loop
   vertex -16.021 -59.791 0.000
   vertex -10.749 -60.960 0.000
   vertex -10.749 -60.960 5.000
  endloop
 endfacet
 facet normal 0 0 0
  outer loop
   vertex -16.021 -59.791 0.000
   vertex -10.749 -60.960 5.000
   vertex -16.021 -59.791 5.000
  endloop
 endfacet
 facet normal 0 0 0
  outer loop
   vertex -10.749 -60.960 0.000
   vertex -5.395 -61.664 0.000
   vertex -5.395 -61.664 5.000
  endloop
 endfacet
 facet normal 0 0 0
  outer loop
   vertex -10.749 -60.960 0.000
   vertex -5.395 -61.664 5.000
   vertex -10.749 -60.960 5.000
  endloop
 endfacet
 facet normal 0 0 0
  outer loop
   vertex -5.395 -61.664 0.000
   vertex -0.000 -61.900 0.000
   vertex -0.000 -61.900 5.000
  endloop
 endfacet
 facet normal 0 0 0
  outer loop
   vertex -5.395 -61.664 0.000
   vertex -0.000 -61.900 5.000
   vertex -5.395 -61.664 5.000
  endloop
 endfacet
 facet normal 0 0 0
  outer loop
   vertex -0.000 -61.900 0.000
   vertex 5.395 -61.664 0.000
   vertex 5.395 -61.664 5.000
  endloop
 endfacet
 facet normal 0 0 0
  outer loop
   vertex -0.000 -61.900 0.000
   vertex 5.395 -61.664 5.000
   vertex -0.000 -61.900 5.000
  endloop
 endfacet
 facet normal 0 0 0
  outer loop
   vertex 5.395 -61.664 0.000
   vertex 10.749 -60.960 0.000
   vertex 10.749 -60.960 5.000
  endloop
 endfacet
 facet normal 0 0 0
  outer loop
   vertex 5.395 -61.664 0.000
   vertex 10.749 -60.960 5.000
   vertex 5.395 -61.664 5.000
  endloop
 endfacet
 facet normal 0 0 0
  outer loop
   vertex 10.749 -60.960 0.000
   vertex 16.021 -59.791 0.000
   vertex 16.021 -59.791 5.000
  endloop
 endfacet
 facet normal 0 0 0
  outer loop
   vertex 10.749 -60.960 0.000
   vertex 16.021 -59.791 5.000
   vertex 10.749 -60.960 5.000
  endloop
 endfacet
 facet normal 0 0 0
  outer loop
   vertex 16.021 -59.791 0.000
   vertex 21.171 -58.167 0.000
   vertex 21.171 -58.167 5.000
  endloop
 endfacet
 facet normal 0 0 0
  outer loop
   vertex 16.021 -59.791 0.000
   vertex 21.171 -58.167 5.000
   vertex 16.021 -59.791 5.000
  endloop
 endfacet
 facet normal 0 0 0
  outer loop
   vertex 21.171 -58.167 0.000
   vertex 26.160 -56.100 0.000
   vertex 26.160 -56.100 5.000
  endloop
 endfacet
 facet normal 0 0 0
  outer loop
   vertex 21.171 -58.167 0.000
   vertex 26.160 -56.100 5.000
   vertex 21.171 -58.167 5.000
  endloop
 endfacet
 facet normal 0 0 0
  outer loop
   vertex 26.160 -56.100 0.000
   vertex 30.950 -53.607 0.000
   vertex 30.950 -53.607 5.000
  endloop
 endfacet
 facet normal 0 0 0
  outer loop
   vertex 26.160 -56.100 0.000
   vertex 30.950 -53.607 5.000
   vertex 26.160 -56.100 5.000
  endloop
 endfacet
 facet normal 0 0 0
  outer loop
   vertex 30.950 -53.607 0.000
   vertex 35.504 -50.706 0.000
   vertex 35.504 -50.706 5.000
  endloop
 endfacet
 facet normal 0 0 0
  outer loop
   vertex 30.950 -53.607 0.000
   vertex 35.504 -50.706 5.000
   vertex 30.950 -53.607 5.000
  endloop
 endfacet
 facet normal 0 0 0
  outer loop
   vertex 35.504 -50.706 0.000
   vertex 39.789 -47.418 0.000
   vertex 39.789 -47.418 5.000
  endloop
 endfacet
 facet normal 0 0 0
  outer loop
   vertex 35.504 -50.706 0.000
   vertex 39.789 -47.418 5.000
   vertex 35.504 -50.706 5.000
  endloop
 endfacet
 facet normal 0 0 0
  outer loop
   vertex 39.789 -47.418 0.000
   vertex 43.770 -43.770 0.000
   vertex 43.770 -43.770 5.000
  endloop
 endfacet
 facet normal 0 0 0
  outer loop
   vertex 39.789 -47.418 0.000
   vertex 43.770 -43.770 5.000
   vertex 39.789 -47.418 5.000
  endloop
 endfacet
 facet normal 0 0 0
  outer loop
   vertex 43.770 -43.770 0.000
   vertex 47.418 -39.789 0.000
   vertex 47.418 -39.789 5.000
  endloop
 endfacet
 facet normal 0 0 0
  outer loop
   vertex 43.770 -43.770 0.000
   vertex 47.418 -39.789 5.000
   vertex 43.770 -43.770 5.000
  endloop
 endfacet
 facet normal 0 0 0
  outer loop
   vertex 47.418 -39.789 0.000
   vertex 50.706 -35.504 0.000
   vertex 50.706 -35.504 5.000
  endloop
 endfacet
 facet normal 0 0 0
  outer loop
   vertex 47.418 -39.789 0.000
   vertex 50.706 -35.504 5.000
   vertex 47.418 -39.789 5.000
  endloop
 endfacet
 facet normal 0 0 0
  outer loop
   vertex 50.706 -35.504 0.000
   vertex 53.607 -30.950 0.000
   vertex 53.607 -30.950 5.000
  endloop
 endfacet
 facet normal 0 0 0
  outer loop
   vertex 50.706 -35.504 0.000
   vertex 53.607 -30.950 5.000
   vertex 50.706 -35.504 5.000
  endloop
 endfacet
 facet normal 0 0 0
  outer loop
   vertex 53.607 -30.950 0.000
   vertex 56.100 -26.160 0.000
   vertex 56.100 -26.160 5.000
  endloop
 endfacet
 facet normal 0 0 0
  outer loop
   vertex 53.607 -30.950 0.000
   vertex 56.100 -26.160 5.000
   vertex 53.607 -30.950 5.000
  endloop
 endfacet
 facet normal 0 0 0
  outer loop
   vertex 56.100 -26.160 0.000
   vertex 58.167 -21.171 0.000
   vertex 58.167 -21.171 5.000
  endloop
 endfacet
 facet normal 0 0 0
  outer loop
   vertex 56.100 -26.160 0.000
   vertex 58.167 -21.171 5.000
   vertex 56.100 -26.160 5.000
  endloop
 endfacet
 facet normal 0 0 0
  outer loop
   vertex 58.167 -21.171 0.000
   vertex 59.791 -16.021 0.000
   vertex 59.791 -16.021 5.000
  endloop
 endfacet
 facet normal 0 0 0
  outer loop
   vertex 58.167 -21.171 0.000
   vertex 59.791 -16.021 5.000
   vertex 58.167 -21.171 5.000
  endloop
 endfacet
 facet normal 0 0 0
  outer loop
   vertex 59.791 -16.021 0.000
   vertex 60.960 -10.749 0.000
   vertex 60.960 -10.749 5.000
  endloop
 endfacet
 facet normal 0 0 0
  outer loop
   vertex 59.791 -16.021 0.000
   vertex 60.960 -10.749 5.000
   vertex 59.791 -16.021 5.000
  endloop
 endfacet
 facet normal 0 0 0
  outer loop
   vertex 60.960 -10.749 0.000
   vertex 61.664 -5.395 0.000
   vertex 61.664 -5.395 5.000
  endloop
 endfacet
 facet normal 0 0 0
  outer loop
   vertex 60.960 -10.749 0.000
   vertex 61.664 -5.395 5.000
   vertex 60.960 -10.749 5.000
  endloop
 endfacet
 facet normal 0 0 0
  outer loop
   vertex 61.664 -5.395 0.000
   vertex 61.900 -0.000 0.000
   vertex 61.900 -0.000 5.000
  endloop
 endfacet
 facet normal 0 0 0
  outer loop
   vertex 61.664 -5.395 0.000
   vertex 61.900 -0.000 5.000
   vertex 61.664 -5.395 5.000
  endloop
 endfacet
 facet normal 0 0 0
  outer loop
   vertex 14.544 34.272 0.000
   vertex 14.600 33.000 0.000
   vertex 14.600 33.000 5.000
  endloop
 endfacet
 facet normal 0 0 0
  outer loop
   vertex 14.544 34.272 0.000
   vertex 14.600 33.000 5.000
   vertex 14.544 34.272 5.000
  endloop
 endfacet
 facet normal 0 0 0
  outer loop
   vertex 14.378 35.535 0.000
   vertex 14.544 34.272 0.000
   vertex 14.544 34.272 5.000
  endloop
 endfacet
 facet normal 0 0 0
  outer loop
   vertex 14.378 35.535 0.000
   vertex 14.544 34.272 5.000
   vertex 14.378 35.535 5.000
  endloop
 endfacet
 facet normal 0 0 0
  outer loop
   vertex 14.103 36.779 0.000
   vertex 14.378 35.535 0.000
   vertex 14.378 35.535 5.000
  endloop
 endfacet
 facet normal 0 0 0
  outer loop
   vertex 14.103 36.779 0.000
   vertex 14.378 35.535 5.000
   vertex 14.103 36.779 5.000
  endloop
 endfacet
 facet normal 0 0 0
  outer loop
   vertex 13.720 37.993 0.000
   vertex 14.103 36.779 0.000
   vertex 14.103 36.779 5.000
  endloop
 endfacet
 facet normal 0 0 0
  outer loop
   vertex 13.720 37.993 0.000
   vertex 14.103 36.779 5.000
   vertex 13.720 37.993 5.000
  endloop
 endfacet
 facet normal 0 0 0
  outer loop
   vertex 13.232 39.170 0.000
   vertex 13.720 37.993 0.000
   vertex 13.720 37.993 5.000
  endloop
 endfacet
 facet normal 0 0 0
  outer loop
   vertex 13.232 39.170 0.000
   vertex 13.720 37.993 5.000
   vertex 13.232 39.170 5.000
  endloop
 endfacet
 facet normal 0 0 0
  outer loop
   vertex 12.644 40.300 0.000
   vertex 13.232 39.170 0.000
   vertex 13.232 39.170 5.000
  endloop
 endfacet
 facet normal 0 0 0
  outer loop
   vertex 12.644 40.300 0.000
   vertex 13.232 39.170 5.000
   vertex 12.644 40.300 5.000
  endloop
 endfacet
 facet normal 0 0 0
  outer loop
   vertex 11.960 41.374 0.000
   vertex 12.644 40.300 0.000
   vertex 12.644 40.300 5.000
  endloop
 endfacet
 facet normal 0 0 0
  outer loop
   vertex 11.960 41.374 0.000
   vertex 12.644 40.300 5.000
   vertex 11.960 41.374 5.000
  endloop
 endfacet
 facet normal 0 0 0
  outer loop
   vertex 11.184 42.385 0.000
   vertex 11.960 41.374 0.000
   vertex 11.960 41.374 5.000
  endloop
 endfacet
 facet normal 0 0 0
  outer loop
   vertex 11.184 42.385 0.000
   vertex 11.960 41.374 5.000
   vertex 11.184 42.385 5.000
  endloop
 endfacet
 facet normal 0 0 0
  outer loop
   vertex 10.324 43.324 0.000
   vertex 11.184 42.385 0.000
   vertex 11.184 42.385 5.000
  endloop
 endfacet
 facet normal 0 0 0
  outer loop
   vertex 10.324 43.324 0.000
   vertex 11.184 42.385 5.000
   vertex 10.324 43.324 5.000
  endloop
 endfacet
 facet normal 0 0 0
  outer loop
   vertex 9.385 44.184 0.000
   vertex 10.324 43.324 0.000
   vertex 10.324 43.324 5.000
  endloop
 endfacet
 facet normal 0 0 0
  outer loop
   vertex 9.385 44.184 0.000
   vertex 10.324 43.324 5.000
   vertex 9.385 44.184 5.000
  endloop
 endfacet
 facet normal 0 0 0
  outer loop
   vertex 8.374 44.960 0.000
   vertex 9.385 44.184 0.000
   vertex 9.385 44.184 5.000
  endloop
 endfacet
 facet normal 0 0 0
  outer loop
   vertex 8.374 44.960 0.000
   vertex 9.385 44.184 5.000
   vertex 8.374 44.960 5.000
  endloop
 endfacet
 facet normal 0 0 0
  outer loop
   vertex 7.300 45.644 0.000
   vertex 8.374 44.960 0.000
   vertex 8.374 44.960 5.000
  endloop
 endfacet
 facet normal 0 0 0
  outer loop
   vertex 7.300 45.644 0.000
   vertex 8.374 44.960 5.000
   vertex 7.300 45.644 5.000
  endloop
 endfacet
 facet normal 0 0 0
  outer loop
   vertex 6.170 46.232 0.000
   vertex 7.300 45.644 0.000
   vertex 7.300 45.644 5.000
  endloop
 endfacet
 facet normal 0 0 0
  outer loop
   vertex 6.170 46.232 0.000
   vertex 7.300 45.644 5.000
   vertex 6.170 46.232 5.000
  endloop
 endfacet
 facet normal 0 0 0
  outer loop
   vertex 4.993 46.720 0.000
   vertex 6.170 46.232 0.000
   vertex 6.170 46.232 5.000
  endloop
 endfacet
 facet normal 0 0 0
  outer loop
   vertex 4.993 46.720 0.000
   vertex 6.170 46.232 5.000
   vertex 4.993 46.720 5.000
  endloop
 endfacet
 facet normal 0 0 0
  outer loop
   vertex 3.779 47.103 0.000
   vertex 4.993 46.720 0.000
   vertex 4.993 46.720 5.000
  endloop
 endfacet
 facet normal 0 0 0
  outer loop
   vertex 3.779 47.103 0.000
   vertex 4.993 46.720 5.000
   vertex 3.779 47.103 5.000
  endloop
 endfacet
 facet normal 0 0 0
  outer loop
   vertex 2.535 47.378 0.000
   vertex 3.779 47.103 0.000
   vertex 3.779 47.103 5.000
  endloop
 endfacet
 facet normal 0 0 0
  outer loop
   vertex 2.535 47.378 0.000
   vertex 3.779 47.103 5.000
   vertex 2.535 47.378 5.000
  endloop
 endfacet
 facet normal 0 0 0
  outer loop
   vertex 1.272 47.544 0.000
   vertex 2.535 47.378 0.000
   vertex 2.535 47.378 5.000
  endloop
 endfacet
 facet normal 0 0 0
  outer loop
   vertex 1.272 47.544 0.000
   vertex 2.535 47.378 5.000
   vertex 1.272 47.544 5.000
  endloop
 endfacet
 facet normal 0 0 0
  outer loop
   vertex 0.000 47.600 0.000
   vertex 1.272 47.544 0.000
   vertex 1.272 47.544 5.000
  endloop
 endfacet
 facet normal 0 0 0
  outer loop
   vertex 0.000 47.600 0.000
   vertex 1.272 47.544 5.000
   vertex 0.000 47.600 5.000
  endloop
 endfacet
 facet normal 0 0 0
  outer loop
   vertex -1.272 47.544 0.000
   vertex 0.000 47.600 0.000
   vertex 0.000 47.600 5.000
  endloop
 endfacet
 facet normal 0 0 0
  outer loop
   vertex -1.272 47.544 0.000
   vertex 0.000 47.600 5.000
   vertex -1.272 47.544 5.000
  endloop
 endfacet
 facet normal 0 0 0
  outer loop
   vertex -2.535 47.378 0.000
   vertex -1.272 47.544 0.000
   vertex -1.272 47.544 5.000
  endloop
 endfacet
 facet normal 0 0 0
  outer loop
   vertex -2.535 47.378 0.000
   vertex -1.272 47.544 5.000
   vertex -2.535 47.378 5.000
  endloop
 endfacet
 facet normal 0 0 0
  outer loop
   vertex -3.779 47.103 0.000
   vertex -2.535 47.378 0.000
   vertex -2.535 47.378 5.000
  endloop
 endfacet
 facet normal 0 0 0
  outer loop
   vertex -3.779 47.103 0.000
   vertex -2.535 47.378 5.000
   vertex -3.779 47.103 5.000
  endloop
 endfacet
 facet normal 0 0 0
  outer loop
   vertex -4.993 46.720 0.000
   vertex -3.779 47.103 0.000
   vertex -3.779 47.103 5.000
  endloop
 endfacet
 facet normal 0 0 0
  outer loop
   vertex -4.993 46.720 0.000
   vertex -3.779 47.103 5.000
   vertex -4.993 46.720 5.000
  endloop
 endfacet
 facet normal 0 0 0
  outer loop
   vertex -6.170 46.232 0.000
   vertex -4.993 46.720 0.000
   vertex -4.993 46.720 5.000
  endloop
 endfacet
 facet normal 0 0 0
  outer loop
   vertex -6.170 46.232 0.000
   vertex -4.993 46.720 5.000
   vertex -6.170 46.232 5.000
  endloop
 endfacet
 facet normal 0 0 0
  outer loop
   vertex -7.300 45.644 0.000
   vertex -6.170 46.232 0.000
   vertex -6.170 46.232 5.000
  endloop
 endfacet
 facet normal 0 0 0
  outer loop
   vertex -7.300 45.644 0.000
   vertex -6.170 46.232 5.000
   vertex -7.300 45.644 5.000
  endloop
 endfacet
 facet normal 0 0 0
  outer loop
   vertex -8.374 44.960 0.000
   vertex -7.300 45.644 0.000
   vertex -7.300 45.644 5.000
  endloop
 endfacet
 facet normal 0 0 0
  outer loop
   vertex -8.374 44.960 0.000
   vertex -7.300 45.644 5.000
   vertex -8.374 44.960 5.000
  endloop
 endfacet
 facet normal 0 0 0
  outer loop
   vertex -9.385 44.184 0.000
   vertex -8.374 44.960 0.000
   vertex -8.374 44.960 5.000
  endloop
 endfacet
 facet normal 0 0 0
  outer loop
   vertex -9.385 44.184 0.000
   vertex -8.374 44.960 5.000
   vertex -9.385 44.184 5.000
  endloop
 endfacet
 facet normal 0 0 0
  outer loop
   vertex -10.324 43.324 0.000
   vertex -9.385 44.184 0.000
   vertex -9.385 44.184 5.000
  endloop
 endfacet
 facet normal 0 0 0
  outer loop
   vertex -10.324 43.324 0.000
   vertex -9.385 44.184 5.000
   vertex -10.324 43.324 5.000
  endloop
 endfacet
 facet normal 0 0 0
  outer loop
   vertex -11.184 42.385 0.000
   vertex -10.324 43.324 0.000
   vertex -10.324 43.324 5.000
  endloop
 endfacet
 facet normal 0 0 0
  outer loop
   vertex -11.184 42.385 0.000
   vertex -10.324 43.324 5.000
   vertex -11.184 42.385 5.000
  endloop
 endfacet
 facet normal 0 0 0
  outer loop
   vertex -11.960 41.374 0.000
   vertex -11.184 42.385 0.000
   vertex -11.184 42.385 5.000
  endloop
 endfacet
 facet normal 0 0 0
  outer loop
   vertex -11.960 41.374 0.000
   vertex -11.184 42.385 5.000
   vertex -11.960 41.374 5.000
  endloop
 endfacet
 facet normal 0 0 0
  outer loop
   vertex -12.644 40.300 0.000
   vertex -11.960 41.374 0.000
   vertex -11.960 41.374 5.000
  endloop
 endfacet
 facet normal 0 0 0
  outer loop
   vertex -12.644 40.300 0.000
   vertex -11.960 41.374 5.000
   vertex -12.644 40.300 5.000
  endloop
 endfacet
 facet normal 0 0 0
  outer loop
   vertex -13.232 39.170 0.000
   vertex -12.644 40.300 0.000
   vertex -12.644 40.300 5.000
  endloop
 endfacet
 facet normal 0 0 0
  outer loop
   vertex -13.232 39.170 0.000
   vertex -12.644 40.300 5.000
   vertex -13.232 39.170 5.000
  endloop
 endfacet
 facet normal 0 0 0
  outer loop
   vertex -13.720 37.993 0.000
   vertex -13.232 39.170 0.000
   vertex -13.232 39.170 5.000
  endloop
 endfacet
 facet normal 0 0 0
  outer loop
   vertex -13.720 37.993 0.000
   vertex -13.232 39.170 5.000
   vertex -13.720 37.993 5.000
  endloop
 endfacet
 facet normal 0 0 0
  outer loop
   vertex -14.103 36.779 0.000
   vertex -13.720 37.993 0.000
   vertex -13.720 37.993 5.000
  endloop
 endfacet
 facet normal 0 0 0
  outer loop
   vertex -14.103 36.779 0.000
   vertex -13.720 37.993 5.000
   vertex -14.103 36.779 5.000
  endloop
 endfacet
 facet normal 0 0 0
  outer loop
   vertex -14.378 35.535 0.000
   vertex -14.103 36.779 0.000
   vertex -14.103 36.779 5.000
  endloop
 endfacet
 facet normal 0 0 0
  outer loop
   vertex -14.378 35.535 0.000
   vertex -14.103 36.779 5.000
   vertex -14.378 35.535 5.000
  endloop
 endfacet
 facet normal 0 0 0
  outer loop
   vertex -14.544 34.272 0.000
   vertex -14.378 35.535 0.000
   vertex -14.378 35.535 5.000
  endloop
 endfacet
 facet normal 0 0 0
  outer loop
   vertex -14.544 34.272 0.000
   vertex -14.378 35.535 5.000
   vertex -14.544 34.272 5.000
  endloop
 endfacet
 facet normal 0 0 0
  outer loop
   vertex -14.600 33.000 0.000
   vertex -14.544 34.272 0.000
   vertex -14.544 34.272 5.000
  endloop
 endfacet
 facet normal 0 0 0
  outer loop
   vertex -14.600 33.000 0.000
   vertex -14.544 34.272 5.000
   vertex -14.600 33.000 5.000
  endloop
 endfacet
 facet normal 0 0 0
  outer loop
   vertex -14.544 31.728 0.000
   vertex -14.600 33.000 0.000
   vertex -14.600 33.000 5.000
  endloop
 endfacet
 facet normal 0 0 0
  outer loop
   vertex -14.544 31.728 0.000
   vertex -14.600 33.000 5.000
   vertex -14.544 31.728 5.000
  endloop
 endfacet
 facet normal 0 0 0
  outer loop
   vertex -14.378 30.465 0.000
   vertex -14.544 31.728 0.000
   vertex -14.544 31.728 5.000
  endloop
 endfacet
 facet normal 0 0 0
  outer loop
   vertex -14.378 30.465 0.000
   vertex -14.544 31.728 5.000
   vertex -14.378 30.465 5.000
  endloop
 endfacet
 facet normal 0 0 0
  outer loop
   vertex -14.103 29.221 0.000
   vertex -14.378 30.465 0.000
   vertex -14.378 30.465 5.000
  endloop
 endfacet
 facet normal 0 0 0
  outer loop
   vertex -14.103 29.221 0.000
   vertex -14.378 30.465 5.000
   vertex -14.103 29.221 5.000
  endloop
 endfacet
 facet normal 0 0 0
  outer loop
   vertex -13.720 28.007 0.000
   vertex -14.103 29.221 0.000
   vertex -14.103 29.221 5.000
  endloop
 endfacet
 facet normal 0 0 0
  outer loop
   vertex -13.720 28.007 0.000
   vertex -14.103 29.221 5.000
   vertex -13.720 28.007 5.000
  endloop
 endfacet
 facet normal 0 0 0
  outer loop
   vertex -13.232 26.830 0.000
   vertex -13.720 28.007 0.000
   vertex -13.720 28.007 5.000
  endloop
 endfacet
 facet normal 0 0 0
  outer loop
   vertex -13.232 26.830 0.000
   vertex -13.720 28.007 5.000
   vertex -13.232 26.830 5.000
  endloop
 endfacet
 facet normal 0 0 0
  outer loop
   vertex -12.644 25.700 0.000
   vertex -13.232 26.830 0.000
   vertex -13.232 26.830 5.000
  endloop
 endfacet
 facet normal 0 0 0
  outer loop
   vertex -12.644 25.700 0.000
   vertex -13.232 26.830 5.000
   vertex -12.644 25.700 5.000
  endloop
 endfacet
 facet normal 0 0 0
  outer loop
   vertex -11.960 24.626 0.000
   vertex -12.644 25.700 0.000
   vertex -12.644 25.700 5.000
  endloop
 endfacet
 facet normal 0 0 0
  outer loop
   vertex -11.960 24.626 0.000
   vertex -12.644 25.700 5.000
   vertex -11.960 24.626 5.000
  endloop
 endfacet
 facet normal 0 0 0
  outer loop
   vertex -11.184 23.615 0.000
   vertex -11.960 24.626 0.000
   vertex -11.960 24.626 5.000
  endloop
 endfacet
 facet normal 0 0 0
  outer loop
   vertex -11.184 23.615 0.000
   vertex -11.960 24.626 5.000
   vertex -11.184 23.615 5.000
  endloop
 endfacet
 facet normal 0 0 0
  outer loop
   vertex -10.324 22.676 0.000
   vertex -11.184 23.615 0.000
   vertex -11.184 23.615 5.000
  endloop
 endfacet
 facet normal 0 0 0
  outer loop
   vertex -10.324 22.676 0.000
   vertex -11.184 23.615 5.000
   vertex -10.324 22.676 5.000
  endloop
 endfacet
 facet normal 0 0 0
  outer loop
   vertex -9.385 21.816 0.000
   vertex -10.324 22.676 0.000
   vertex -10.324 22.676 5.000
  endloop
 endfacet
 facet normal 0 0 0
  outer loop
   vertex -9.385 21.816 0.000
   vertex -10.324 22.676 5.000
   vertex -9.385 21.816 5.000
  endloop
 endfacet
 facet normal 0 0 0
  outer loop
   vertex -8.374 21.040 0.000
   vertex -9.385 21.816 0.000
   vertex -9.385 21.816 5.000
  endloop
 endfacet
 facet normal 0 0 0
  outer loop
   vertex -8.374 21.040 0.000
   vertex -9.385 21.816 5.000
   vertex -8.374 21.040 5.000
  endloop
 endfacet
 facet normal 0 0 0
  outer loop
   vertex -7.300 20.356 0.000
   vertex -8.374 21.040 0.000
   vertex -8.374 21.040 5.000
  endloop
 endfacet
 facet normal 0 0 0
  outer loop
   vertex -7.300 20.356 0.000
   vertex -8.374 21.040 5.000
   vertex -7.300 20.356 5.000
  endloop
 endfacet
 facet normal 0 0 0
  outer loop
   vertex -6.170 19.768 0.000
   vertex -7.300 20.356 0.000
   vertex -7.300 20.356 5.000
  endloop
 endfacet
 facet normal 0 0 0
  outer loop
   vertex -6.170 19.768 0.000
   vertex -7.300 20.356 5.000
   vertex -6.170 19.768 5.000
  endloop
 endfacet
 facet normal 0 0 0
  outer loop
   vertex -4.993 19.280 0.000
   vertex -6.170 19.768 0.000
   vertex -6.170 19.768 5.000
  endloop
 endfacet
 facet normal 0 0 0
  outer loop
   vertex -4.993 19.280 0.000
   vertex -6.170 19.768 5.000
   vertex -4.993 19.280 5.000
  endloop
 endfacet
 facet normal 0 0 0
  outer loop
   vertex -3.779 18.897 0.000
   vertex -4.993 19.280 0.000
   vertex -4.993 19.280 5.000
  endloop
 endfacet
 facet normal 0 0 0
  outer loop
   vertex -3.779 18.897 0.000
   vertex -4.993 19.280 5.000
   vertex -3.779 18.897 5.000
  endloop
 endfacet
 facet normal 0 0 0
  outer loop
   vertex -2.535 18.622 0.000
   vertex -3.779 18.897 0.000
   vertex -3.779 18.897 5.000
  endloop
 endfacet
 facet normal 0 0 0
  outer loop
   vertex -2.535 18.622 0.000
   vertex -3.779 18.897 5.000
   vertex -2.535 18.622 5.000
  endloop
 endfacet
 facet normal 0 0 0
  outer loop
   vertex -1.272 18.456 0.000
   vertex -2.535 18.622 0.000
   vertex -2.535 18.622 5.000
  endloop
 endfacet
 facet normal 0 0 0
  outer loop
   vertex -1.272 18.456 0.000
   vertex -2.535 18.622 5.000
   vertex -1.272 18.456 5.000
  endloop
 endfacet
 facet normal 0 0 0
  outer loop
   vertex -0.000 18.400 0.000
   vertex -1.272 18.456 0.000
   vertex -1.272 18.456 5.000
  endloop
 endfacet
 facet normal 0 0 0
  outer loop
   vertex -0.000 18.400 0.000
   vertex -1.272 18.456 5.000
   vertex -0.000 18.400 5.000
  endloop
 endfacet
 facet normal 0 0 0
  outer loop
   vertex 1.272 18.456 0.000
   vertex -0.000 18.400 0.000
   vertex -0.000 18.400 5.000
  endloop
 endfacet
 facet normal 0 0 0
  outer loop
   vertex 1.272 18.456 0.000
   vertex -0.000 18.400 5.000
   vertex 1.272 18.456 5.000
  endloop
 endfacet
 facet normal 0 0 0
  outer loop
   vertex 2.535 18.622 0.000
   vertex 1.272 18.456 0.000
   vertex 1.272 18.456 5.000
  endloop
 endfacet
 facet normal 0 0 0
  outer loop
   vertex 2.535 18.622 0.000
   vertex 1.272 18.456 5.000
   vertex 2.535 18.622 5.000
  endloop
 endfacet
 facet normal 0 0 0
  outer loop
   vertex 3.779 18.897 0.000
   vertex 2.535 18.622 0.000
   vertex 2.535 18.622 5.000
  endloop
 endfacet
 facet normal 0 0 0
  outer loop
   vertex 3.779 18.897 0.000
   vertex 2.535 18.622 5.000
   vertex 3.779 18.897 5.000
  endloop
 endfacet
 facet normal 0 0 0
  outer loop
   vertex 4.993 19.280 0.000
   vertex 3.779 18.897 0.000
   vertex 3.779 18.897 5.000
  endloop
 endfacet
 facet normal 0 0 0
  outer loop
   vertex 4.993 19.280 0.000
   vertex 3.779 18.897 5.000
   vertex 4.993 19.280 5.000
  endloop
 endfacet
 facet normal 0 0 0
  outer loop
   vertex 6.170 19.768 0.000
   vertex 4.993 19.280 0.000
   vertex 4.993 19.280 5.000
  endloop
 endfacet
 facet normal 0 0 0
  outer loop
   vertex 6.170 19.768 0.000
   vertex 4.993 19.280 5.000
   vertex 6.170 19.768 5.000
  endloop
 endfacet
 facet normal 0 0 0
  outer loop
   vertex 7.300 20.356 0.000
   vertex 6.170 19.768 0.000
   vertex 6.170 19.768 5.000
  endloop
 endfacet
 facet normal 0 0 0
  outer loop
   vertex 7.300 20.356 0.000
   vertex 6.170 19.768 5.000
   vertex 7.300 20.356 5.000
  endloop
 endfacet
 facet normal 0 0 0
  outer loop
   vertex 8.374 21.040 0.000
   vertex 7.300 20.356 0.000
   vertex 7.300 20.356 5.000
  endloop
 endfacet
 facet normal 0 0 0
  outer loop
   vertex 8.374 21.040 0.000
   vertex 7.300 20.356 5.000
   vertex 8.374 21.040 5.000
  endloop
 endfacet
 facet normal 0 0 0
  outer loop
   vertex 9.385 21.816 0.000
   vertex 8.374 21.040 0.000
   vertex 8.374 21.040 5.000
  endloop
 endfacet
 facet normal 0 0 0
  outer loop
   vertex 9.385 21.816 0.000
   vertex 8.374 21.040 5.000
   vertex 9.385 21.816 5.000
  endloop
 endfacet
 facet normal 0 0 0
  outer loop
   vertex 10.324 22.676 0.000
   vertex 9.385 21.816 0.000
   vertex 9.385 21.816 5.000
  endloop
 endfacet
 facet normal 0 0 0
  outer loop
   vertex 10.324 22.676 0.000
   vertex 9.385 21.816 5.000
   vertex 10.324 22.676 5.000
  endloop
 endfacet
 facet normal 0 0 0
  outer loop
   vertex 11.184 23.615 0.000
   vertex 10.324 22.676 0.000
   vertex 10.324 22.676 5.000
  endloop
 endfacet
 facet normal 0 0 0
  outer loop
   vertex 11.184 23.615 0.000
   vertex 10.324 22.676 5.000
   vertex 11.184 23.615 5.000
  endloop
 endfacet
 facet normal 0 0 0
  outer loop
   vertex 11.960 24.626 0.000
   vertex 11.184 23.615 0.000
   vertex 11.184 23.615 5.000
  endloop
 endfacet
 facet normal 0 0 0
  outer loop
   vertex 11.960 24.626 0.000
   vertex 11.184 23.615 5.000
   vertex 11.960 24.626 5.000
  endloop
 endfacet
 facet normal 0 0 0
  outer loop
   vertex 12.644 25.700 0.000
   vertex 11.960 24.626 0.000
   vertex 11.960 24.626 5.000
  endloop
 endfacet
 facet normal 0 0 0
  outer loop
   vertex 12.644 25.700 0.000
   vertex 11.960 24.626 5.000
   vertex 12.644 25.700 5.000
  endloop
 endfacet
 facet normal 0 0 0
  outer loop
   vertex 13.232 26.830 0.000
   vertex 12.644 25.700 0.000
   vertex 12.644 25.700 5.000
  endloop
 endfacet
 facet normal 0 0 0
  outer loop
   vertex 13.232 26.830 0.000
   vertex 12.644 25.700 5.000
   vertex 13.232 26.830 5.000
  endloop
 endfacet
 facet normal 0 0 0
  outer loop
   vertex 13.720 28.007 0.000
   vertex 13.232 26.830 0.000
   vertex 13.232 26.830 5.000
  endloop
 endfacet
 facet normal 0 0 0
  outer loop
   vertex 13.720 28.007 0.000
   vertex 13.232 26.830 5.000
   vertex 13.720 28.007 5.000
  endloop
 endfacet
 facet normal 0 0 0
  outer loop
   vertex 14.103 29.221 0.000
   vertex 13.720 28.007 0.000
   vertex 13.720 28.007 5.000
  endloop
 endfacet
 facet normal 0 0 0
  outer loop
   vertex 14.103 29.221 0.000
   vertex 13.720 28.007 5.000
   vertex 14.103 29.221 5.000
  endloop
 endfacet
 facet normal 0 0 0
  outer loop
   vertex 14.378 30.465 0.000
   vertex 14.103 29.221 0.000
   vertex 14.103 29.221 5.000
  endloop
 endfacet
 facet normal 0 0 0
  outer loop
   vertex 14.378 30.465 0.000
   vertex 14.103 29.221 5.000
   vertex 14.378 30.465 5.000
  endloop
 endfacet
 facet normal 0 0 0
  outer loop
   vertex 14.544 31.728 0.000
   vertex 14.378 30.465 0.000
   vertex 14.378 30.465 5.000
  endloop
 endfacet
 facet normal 0 0 0
  outer loop
   vertex 14.544 31.728 0.000
   vertex 14.378 30.465 5.000
   vertex 14.544 31.728 5.000
  endloop
 endfacet
 facet normal 0 0 0
  outer loop
   vertex 14.600 33.000 0.000
   vertex 14.544 31.728 0.000
   vertex 14.544 31.728 5.000
  endloop
 endfacet
 facet normal 0 0 0
  outer loop
   vertex 14.600 33.000 0.000
   vertex 14.544 31.728 5.000
   vertex 14.600 33.000 5.000
  endloop
 endfacet
 facet normal 0 0 0
  outer loop
   vertex -14.034 -15.228 0.000
   vertex -13.979 -16.500 0.000
   vertex -13.979 -16.500 5.000
  endloop
 endfacet
 facet normal 0 0 0
  outer loop
   vertex -14.034 -15.228 0.000
   vertex -13.979 -16.500 5.000
   vertex -14.034 -15.228 5.000
  endloop
 endfacet
 facet normal 0 0 0
  outer loop
   vertex -14.201 -13.965 0.000
   vertex -14.034 -15.228 0.000
   vertex -14.034 -15.228 5.000
  endloop
 endfacet
 facet normal 0 0 0
  outer loop
   vertex -14.201 -13.965 0.000
   vertex -14.034 -15.228 5.000
   vertex -14.201 -13.965 5.000
  endloop
 endfacet
 facet normal 0 0 0
  outer loop
   vertex -14.476 -12.721 0.000
   vertex -14.201 -13.965 0.000
   vertex -14.201 -13.965 5.000
  endloop
 endfacet
 facet normal 0 0 0
  outer loop
   vertex -14.476 -12.721 0.000
   vertex -14.201 -13.965 5.000
   vertex -14.476 -12.721 5.000
  endloop
 endfacet
 facet normal 0 0 0
  outer loop
   vertex -14.859 -11.507 0.000
   vertex -14.476 -12.721 0.000
   vertex -14.476 -12.721 5.000
  endloop
 endfacet
 facet normal 0 0 0
  outer loop
   vertex -14.859 -11.507 0.000
   vertex -14.476 -12.721 5.000
   vertex -14.859 -11.507 5.000
  endloop
 endfacet
 facet normal 0 0 0
  outer loop
   vertex -15.347 -10.330 0.000
   vertex -14.859 -11.507 0.000
   vertex -14.859 -11.507 5.000
  endloop
 endfacet
 facet normal 0 0 0
  outer loop
   vertex -15.347 -10.330 0.000
   vertex -14.859 -11.507 5.000
   vertex -15.347 -10.330 5.000
  endloop
 endfacet
 facet normal 0 0 0
  outer loop
   vertex -15.935 -9.200 0.000
   vertex -15.347 -10.330 0.000
   vertex -15.347 -10.330 5.000
  endloop
 endfacet
 facet normal 0 0 0
  outer loop
   vertex -15.935 -9.200 0.000
   vertex -15.347 -10.330 5.000
   vertex -15.935 -9.200 5.000
  endloop
 endfacet
 facet normal 0 0 0
  outer loop
   vertex -16.619 -8.126 0.000
   vertex -15.935 -9.200 0.000
   vertex -15.935 -9.200 5.000
  endloop
 endfacet
 facet normal 0 0 0
  outer loop
   vertex -16.619 -8.126 0.000
   vertex -15.935 -9.200 5.000
   vertex -16.619 -8.126 5.000
  endloop
 endfacet
 facet normal 0 0 0
  outer loop
   vertex -17.395 -7.115 0.000
   vertex -16.619 -8.126 0.000
   vertex -16.619 -8.126 5.000
  endloop
 endfacet
 facet normal 0 0 0
  outer loop
   vertex -17.395 -7.115 0.000
   vertex -16.619 -8.126 5.000
   vertex -17.395 -7.115 5.000
  endloop
 endfacet
 facet normal 0 0 0
  outer loop
   vertex -18.255 -6.176 0.000
   vertex -17.395 -7.115 0.000
   vertex -17.395 -7.115 5.000
  endloop
 endfacet
 facet normal 0 0 0
  outer loop
   vertex -18.255 -6.176 0.000
   vertex -17.395 -7.115 5.000
   vertex -18.255 -6.176 5.000
  endloop
 endfacet
 facet normal 0 0 0
  outer loop
   vertex -19.194 -5.316 0.000
   vertex -18.255 -6.176 0.000
   vertex -18.255 -6.176 5.000
  endloop
 endfacet
 facet normal 0 0 0
  outer loop
   vertex -19.194 -5.316 0.000
   vertex -18.255 -6.176 5.000
   vertex -19.194 -5.316 5.000
  endloop
 endfacet
 facet normal 0 0 0
  outer loop
   vertex -20.205 -4.540 0.000
   vertex -19.194 -5.316 0.000
   vertex -19.194 -5.316 5.000
  endloop
 endfacet
 facet normal 0 0 0
  outer loop
   vertex -20.205 -4.540 0.000
   vertex -19.194 -5.316 5.000
   vertex -20.205 -4.540 5.000
  endloop
 endfacet
 facet normal 0 0 0
  outer loop
   vertex -21.279 -3.856 0.000
   vertex -20.205 -4.540 0.000
   vertex -20.205 -4.540 5.000
  endloop
 endfacet
 facet normal 0 0 0
  outer loop
   vertex -21.279 -3.856 0.000
   vertex -20.205 -4.540 5.000
   vertex -21.279 -3.856 5.000
  endloop
 endfacet
 facet normal 0 0 0
  outer loop
   vertex -22.409 -3.268 0.000
   vertex -21.279 -3.856 0.000
   vertex -21.279 -3.856 5.000
  endloop
 endfacet
 facet normal 0 0 0
  outer loop
   vertex -22.409 -3.268 0.000
   vertex -21.279 -3.856 5.000
   vertex -22.409 -3.268 5.000
  endloop
 endfacet
 facet normal 0 0 0
  outer loop
   vertex -23.585 -2.780 0.000
   vertex -22.409 -3.268 0.000
   vertex -22.409 -3.268 5.000
  endloop
 endfacet
 facet normal 0 0 0
  outer loop
   vertex -23.585 -2.780 0.000
   vertex -22.409 -3.268 5.000
   vertex -23.585 -2.780 5.000
  endloop
 endfacet
 facet normal 0 0 0
  outer loop
   vertex -24.800 -2.397 0.000
   vertex -23.585 -2.780 0.000
   vertex -23.585 -2.780 5.000
  endloop
 endfacet
 facet normal 0 0 0
  outer loop
   vertex -24.800 -2.397 0.000
   vertex -23.585 -2.780 5.000
   vertex -24.800 -2.397 5.000
  endloop
 endfacet
 facet normal 0 0 0
  outer loop
   vertex -26.044 -2.122 0.000
   vertex -24.800 -2.397 0.000
   vertex -24.800 -2.397 5.000
  endloop
 endfacet
 facet normal 0 0 0
  outer loop
   vertex -26.044 -2.122 0.000
   vertex -24.800 -2.397 5.000
   vertex -26.044 -2.122 5.000
  endloop
 endfacet
 facet normal 0 0 0
  outer loop
   vertex -27.306 -1.956 0.000
   vertex -26.044 -2.122 0.000
   vertex -26.044 -2.122 5.000
  endloop
 endfacet
 facet normal 0 0 0
  outer loop
   vertex -27.306 -1.956 0.000
   vertex -26.044 -2.122 5.000
   vertex -27.306 -1.956 5.000
  endloop
 endfacet
 facet normal 0 0 0
  outer loop
   vertex -28.579 -1.900 0.000
   vertex -27.306 -1.956 0.000
   vertex -27.306 -1.956 5.000
  endloop
 endfacet
 facet normal 0 0 0
  outer loop
   vertex -28.579 -1.900 0.000
   vertex -27.306 -1.956 5.000
   vertex -28.579 -1.900 5.000
  endloop
 endfacet
 facet normal 0 0 0
  outer loop
   vertex -29.851 -1.956 0.000
   vertex -28.579 -1.900 0.000
   vertex -28.579 -1.900 5.000
  endloop
 endfacet
 facet normal 0 0 0
  outer loop
   vertex -29.851 -1.956 0.000
   vertex -28.579 -1.900 5.000
   vertex -29.851 -1.956 5.000
  endloop
 endfacet
 facet normal 0 0 0
  outer loop
   vertex -31.114 -2.122 0.000
   vertex -29.851 -1.956 0.000
   vertex -29.851 -1.956 5.000
  endloop
 endfacet
 facet normal 0 0 0
  outer loop
   vertex -31.114 -2.122 0.000
   vertex -29.851 -1.956 5.000
   vertex -31.114 -2.122 5.000
  endloop
 endfacet
 facet normal 0 0 0
  outer loop
   vertex -32.358 -2.397 0.000
   vertex -31.114 -2.122 0.000
   vertex -31.114 -2.122 5.000
  endloop
 endfacet
 facet normal 0 0 0
  outer loop
   vertex -32.358 -2.397 0.000
   vertex -31.114 -2.122 5.000
   vertex -32.358 -2.397 5.000
  endloop
 endfacet
 facet normal 0 0 0
  outer loop
   vertex -33.572 -2.780 0.000
   vertex -32.358 -2.397 0.000
   vertex -32.358 -2.397 5.000
  endloop
 endfacet
 facet normal 0 0 0
  outer loop
   vertex -33.572 -2.780 0.000
   vertex -32.358 -2.397 5.000
   vertex -33.572 -2.780 5.000
  endloop
 endfacet
 facet normal 0 0 0
  outer loop
   vertex -34.749 -3.268 0.000
   vertex -33.572 -2.780 0.000
   vertex -33.572 -2.780 5.000
  endloop
 endfacet
 facet normal 0 0 0
  outer loop
   vertex -34.749 -3.268 0.000
   vertex -33.572 -2.780 5.000
   vertex -34.749 -3.268 5.000
  endloop
 endfacet
 facet normal 0 0 0
  outer loop
   vertex -35.879 -3.856 0.000
   vertex -34.749 -3.268 0.000
   vertex -34.749 -3.268 5.000
  endloop
 endfacet
 facet normal 0 0 0
  outer loop
   vertex -35.879 -3.856 0.000
   vertex -34.749 -3.268 5.000
   vertex -35.879 -3.856 5.000
  endloop
 endfacet
 facet normal 0 0 0
  outer loop
   vertex -36.953 -4.540 0.000
   vertex -35.879 -3.856 0.000
   vertex -35.879 -3.856 5.000
  endloop
 endfacet
 facet normal 0 0 0
  outer loop
   vertex -36.953 -4.540 0.000
   vertex -35.879 -3.856 5.000
   vertex -36.953 -4.540 5.000
  endloop
 endfacet
 facet normal 0 0 0
  outer loop
   vertex -37.964 -5.316 0.000
   vertex -36.953 -4.540 0.000
   vertex -36.953 -4.540 5.000
  endloop
 endfacet
 facet normal 0 0 0
  outer loop
   vertex -37.964 -5.316 0.000
   vertex -36.953 -4.540 5.000
   vertex -37.964 -5.316 5.000
  endloop
 endfacet
 facet normal 0 0 0
  outer loop
   vertex -38.903 -6.176 0.000
   vertex -37.964 -5.316 0.000
   vertex -37.964 -5.316 5.000
  endloop
 endfacet
 facet normal 0 0 0
  outer loop
   vertex -38.903 -6.176 0.000
   vertex -37.964 -5.316 5.000
   vertex -38.903 -6.176 5.000
  endloop
 endfacet
 facet normal 0 0 0
  outer loop
   vertex -39.763 -7.115 0.000
   vertex -38.903 -6.176 0.000
   vertex -38.903 -6.176 5.000
  endloop
 endfacet
 facet normal 0 0 0
  outer loop
   vertex -39.763 -7.115 0.000
   vertex -38.903 -6.176 5.000
   vertex -39.763 -7.115 5.000
  endloop
 endfacet
 facet normal 0 0 0
  outer loop
   vertex -40.538 -8.126 0.000
   vertex -39.763 -7.115 0.000
   vertex -39.763 -7.115 5.000
  endloop
 endfacet
 facet normal 0 0 0
  outer loop
   vertex -40.538 -8.126 0.000
   vertex -39.763 -7.115 5.000
   vertex -40.538 -8.126 5.000
  endloop
 endfacet
 facet normal 0 0 0
  outer loop
   vertex -41.223 -9.200 0.000
   vertex -40.538 -8.126 0.000
   vertex -40.538 -8.126 5.000
  endloop
 endfacet
 facet normal 0 0 0
  outer loop
   vertex -41.223 -9.200 0.000
   vertex -40.538 -8.126 5.000
   vertex -41.223 -9.200 5.000
  endloop
 endfacet
 facet normal 0 0 0
  outer loop
   vertex -41.811 -10.330 0.000
   vertex -41.223 -9.200 0.000
   vertex -41.223 -9.200 5.000
  endloop
 endfacet
 facet normal 0 0 0
  outer loop
   vertex -41.811 -10.330 0.000
   vertex -41.223 -9.200 5.000
   vertex -41.811 -10.330 5.000
  endloop
 endfacet
 facet normal 0 0 0
  outer loop
   vertex -42.298 -11.507 0.000
   vertex -41.811 -10.330 0.000
   vertex -41.811 -10.330 5.000
  endloop
 endfacet
 facet normal 0 0 0
  outer loop
   vertex -42.298 -11.507 0.000
   vertex -41.811 -10.330 5.000
   vertex -42.298 -11.507 5.000
  endloop
 endfacet
 facet normal 0 0 0
  outer loop
   vertex -42.681 -12.721 0.000
   vertex -42.298 -11.507 0.000
   vertex -42.298 -11.507 5.000
  endloop
 endfacet
 facet normal 0 0 0
  outer loop
   vertex -42.681 -12.721 0.000
   vertex -42.298 -11.507 5.000
   vertex -42.681 -12.721 5.000
  endloop
 endfacet
 facet normal 0 0 0
  outer loop
   vertex -42.957 -13.965 0.000
   vertex -42.681 -12.721 0.000
   vertex -42.681 -12.721 5.000
  endloop
 endfacet
 facet normal 0 0 0
  outer loop
   vertex -42.957 -13.965 0.000
   vertex -42.681 -12.721 5.000
   vertex -42.957 -13.965 5.000
  endloop
 endfacet
 facet normal 0 0 0
  outer loop
   vertex -43.123 -15.228 0.000
   vertex -42.957 -13.965 0.000
   vertex -42.957 -13.965 5.000
  endloop
 endfacet
 facet normal 0 0 0
  outer loop
   vertex -43.123 -15.228 0.000
   vertex -42.957 -13.965 5.000
   vertex -43.123 -15.228 5.000
  endloop
 endfacet
 facet normal 0 0 0
  outer loop
   vertex -43.179 -16.500 0.000
   vertex -43.123 -15.228 0.000
   vertex -43.123 -15.228 5.000
  endloop
 endfacet
 facet normal 0 0 0
  outer loop
   vertex -43.179 -16.500 0.000
   vertex -43.123 -15.228 5.000
   vertex -43.179 -16.500 5.000
  endloop
 endfacet
 facet normal 0 0 0
  outer loop
   vertex -43.123 -17.772 0.000
   vertex -43.179 -16.500 0.000
   vertex -43.179 -16.500 5.000
  endloop
 endfacet
 facet normal 0 0 0
  outer loop
   vertex -43.123 -17.772 0.000
   vertex -43.179 -16.500 5.000
   vertex -43.123 -17.772 5.000
  endloop
 endfacet
 facet normal 0 0 0
  outer loop
   vertex -42.957 -19.035 0.000
   vertex -43.123 -17.772 0.000
   vertex -43.123 -17.772 5.000
  endloop
 endfacet
 facet normal 0 0 0
  outer loop
   vertex -42.957 -19.035 0.000
   vertex -43.123 -17.772 5.000
   vertex -42.957 -19.035 5.000
  endloop
 endfacet
 facet normal 0 0 0
  outer loop
   vertex -42.681 -20.279 0.000
   vertex -42.957 -19.035 0.000
   vertex -42.957 -19.035 5.000
  endloop
 endfacet
 facet normal 0 0 0
  outer loop
   vertex -42.681 -20.279 0.000
   vertex -42.957 -19.035 5.000
   vertex -42.681 -20.279 5.000
  endloop
 endfacet
 facet normal 0 0 0
  outer loop
   vertex -42.298 -21.493 0.000
   vertex -42.681 -20.279 0.000
   vertex -42.681 -20.279 5.000
  endloop
 endfacet
 facet normal 0 0 0
  outer loop
   vertex -42.298 -21.493 0.000
   vertex -42.681 -20.279 5.000
   vertex -42.298 -21.493 5.000
  endloop
 endfacet
 facet normal 0 0 0
  outer loop
   vertex -41.811 -22.670 0.000
   vertex -42.298 -21.493 0.000
   vertex -42.298 -21.493 5.000
  endloop
 endfacet
 facet normal 0 0 0
  outer loop
   vertex -41.811 -22.670 0.000
   vertex -42.298 -21.493 5.000
   vertex -41.811 -22.670 5.000
  endloop
 endfacet
 facet normal 0 0 0
  outer loop
   vertex -41.223 -23.800 0.000
   vertex -41.811 -22.670 0.000
   vertex -41.811 -22.670 5.000
  endloop
 endfacet
 facet normal 0 0 0
  outer loop
   vertex -41.223 -23.800 0.000
   vertex -41.811 -22.670 5.000
   vertex -41.223 -23.800 5.000
  endloop
 endfacet
 facet normal 0 0 0
  outer loop
   vertex -40.538 -24.874 0.000
   vertex -41.223 -23.800 0.000
   vertex -41.223 -23.800 5.000
  endloop
 endfacet
 facet normal 0 0 0
  outer loop
   vertex -40.538 -24.874 0.000
   vertex -41.223 -23.800 5.000
   vertex -40.538 -24.874 5.000
  endloop
 endfacet
 facet normal 0 0 0
  outer loop
   vertex -39.763 -25.885 0.000
   vertex -40.538 -24.874 0.000
   vertex -40.538 -24.874 5.000
  endloop
 endfacet
 facet normal 0 0 0
  outer loop
   vertex -39.763 -25.885 0.000
   vertex -40.538 -24.874 5.000
   vertex -39.763 -25.885 5.000
  endloop
 endfacet
 facet normal 0 0 0
  outer loop
   vertex -38.903 -26.824 0.000
   vertex -39.763 -25.885 0.000
   vertex -39.763 -25.885 5.000
  endloop
 endfacet
 facet normal 0 0 0
  outer loop
   vertex -38.903 -26.824 0.000
   vertex -39.763 -25.885 5.000
   vertex -38.903 -26.824 5.000
  endloop
 endfacet
 facet normal 0 0 0
  outer loop
   vertex -37.964 -27.684 0.000
   vertex -38.903 -26.824 0.000
   vertex -38.903 -26.824 5.000
  endloop
 endfacet
 facet normal 0 0 0
  outer loop
   vertex -37.964 -27.684 0.000
   vertex -38.903 -26.824 5.000
   vertex -37.964 -27.684 5.000
  endloop
 endfacet
 facet normal 0 0 0
  outer loop
   vertex -36.953 -28.460 0.000
   vertex -37.964 -27.684 0.000
   vertex -37.964 -27.684 5.000
  endloop
 endfacet
 facet normal 0 0 0
  outer loop
   vertex -36.953 -28.460 0.000
   vertex -37.964 -27.684 5.000
   vertex -36.953 -28.460 5.000
  endloop
 endfacet
 facet normal 0 0 0
  outer loop
   vertex -35.879 -29.144 0.000
   vertex -36.953 -28.460 0.000
   vertex -36.953 -28.460 5.000
  endloop
 endfacet
 facet normal 0 0 0
  outer loop
   vertex -35.879 -29.144 0.000
   vertex -36.953 -28.460 5.000
   vertex -35.879 -29.144 5.000
  endloop
 endfacet
 facet normal 0 0 0
  outer loop
   vertex -34.749 -29.732 0.000
   vertex -35.879 -29.144 0.000
   vertex -35.879 -29.144 5.000
  endloop
 endfacet
 facet normal 0 0 0
  outer loop
   vertex -34.749 -29.732 0.000
   vertex -35.879 -29.144 5.000
   vertex -34.749 -29.732 5.000
  endloop
 endfacet
 facet normal 0 0 0
  outer loop
   vertex -33.572 -30.220 0.000
   vertex -34.749 -29.732 0.000
   vertex -34.749 -29.732 5.000
  endloop
 endfacet
 facet normal 0 0 0
  outer loop
   vertex -33.572 -30.220 0.000
   vertex -34.749 -29.732 5.000
   vertex -33.572 -30.220 5.000
  endloop
 endfacet
 facet normal 0 0 0
  outer loop
   vertex -32.358 -30.603 0.000
   vertex -33.572 -30.220 0.000
   vertex -33.572 -30.220 5.000
  endloop
 endfacet
 facet normal 0 0 0
  outer loop
   vertex -32.358 -30.603 0.000
   vertex -33.572 -30.220 5.000
   vertex -32.358 -30.603 5.000
  endloop
 endfacet
 facet normal 0 0 0
  outer loop
   vertex -31.114 -30.878 0.000
   vertex -32.358 -30.603 0.000
   vertex -32.358 -30.603 5.000
  endloop
 endfacet
 facet normal 0 0 0
  outer loop
   vertex -31.114 -30.878 0.000
   vertex -32.358 -30.603 5.000
   vertex -31.114 -30.878 5.000
  endloop
 endfacet
 facet normal 0 0 0
  outer loop
   vertex -29.851 -31.044 0.000
   vertex -31.114 -30.878 0.000
   vertex -31.114 -30.878 5.000
  endloop
 endfacet
 facet normal 0 0 0
  outer loop
   vertex -29.851 -31.044 0.000
   vertex -31.114 -30.878 5.000
   vertex -29.851 -31.044 5.000
  endloop
 endfacet
 facet normal 0 0 0
  outer loop
   vertex -28.579 -31.100 0.000
   vertex -29.851 -31.044 0.000
   vertex -29.851 -31.044 5.000
  endloop
 endfacet
 facet normal 0 0 0
  outer loop
   vertex -28.579 -31.100 0.000
   vertex -29.851 -31.044 5.000
   vertex -28.579 -31.100 5.000
  endloop
 endfacet
 facet normal 0 0 0
  outer loop
   vertex -27.306 -31.044 0.000
   vertex -28.579 -31.100 0.000
   vertex -28.579 -31.100 5.000
  endloop
 endfacet
 facet normal 0 0 0
  outer loop
   vertex -27.306 -31.044 0.000
   vertex -28.579 -31.100 5.000
   vertex -27.306 -31.044 5.000
  endloop
 endfacet
 facet normal 0 0 0
  outer loop
   vertex -26.044 -30.878 0.000
   vertex -27.306 -31.044 0.000
   vertex -27.306 -31.044 5.000
  endloop
 endfacet
 facet normal 0 0 0
  outer loop
   vertex -26.044 -30.878 0.000
   vertex -27.306 -31.044 5.000
   vertex -26.044 -30.878 5.000
  endloop
 endfacet
 facet normal 0 0 0
  outer loop
   vertex -24.800 -30.603 0.000
   vertex -26.044 -30.878 0.000
   vertex -26.044 -30.878 5.000
  endloop
 endfacet
 facet normal 0 0 0
  outer loop
   vertex -24.800 -30.603 0.000
   vertex -26.044 -30.878 5.000
   vertex -24.800 -30.603 5.000
  endloop
 endfacet
 facet normal 0 0 0
  outer loop
   vertex -23.585 -30.220 0.000
   vertex -24.800 -30.603 0.000
   vertex -24.800 -30.603 5.000
  endloop
 endfacet
 facet normal 0 0 0
  outer loop
   vertex -23.585 -30.220 0.000
   vertex -24.800 -30.603 5.000
   vertex -23.585 -30.220 5.000
  endloop
 endfacet
 facet normal 0 0 0
  outer loop
   vertex -22.409 -29.732 0.000
   vertex -23.585 -30.220 0.000
   vertex -23.585 -30.220 5.000
  endloop
 endfacet
 facet normal 0 0 0
  outer loop
   vertex -22.409 -29.732 0.000
   vertex -23.585 -30.220 5.000
   vertex -22.409 -29.732 5.000
  endloop
 endfacet
 facet normal 0 0 0
  outer loop
   vertex -21.279 -29.144 0.000
   vertex -22.409 -29.732 0.000
   vertex -22.409 -29.732 5.000
  endloop
 endfacet
 facet normal 0 0 0
  outer loop
   vertex -21.279 -29.144 0.000
   vertex -22.409 -29.732 5.000
   vertex -21.279 -29.144 5.000
  endloop
 endfacet
 facet normal 0 0 0
  outer loop
   vertex -20.205 -28.460 0.000
   vertex -21.279 -29.144 0.000
   vertex -21.279 -29.144 5.000
  endloop
 endfacet
 facet normal 0 0 0
  outer loop
   vertex -20.205 -28.460 0.000
   vertex -21.279 -29.144 5.000
   vertex -20.205 -28.460 5.000
  endloop
 endfacet
 facet normal 0 0 0
  outer loop
   vertex -19.194 -27.684 0.000
   vertex -20.205 -28.460 0.000
   vertex -20.205 -28.460 5.000
  endloop
 endfacet
 facet normal 0 0 0
  outer loop
   vertex -19.194 -27.684 0.000
   vertex -20.205 -28.460 5.000
   vertex -19.194 -27.684 5.000
  endloop
 endfacet
 facet normal 0 0 0
  outer loop
   vertex -18.255 -26.824 0.000
   vertex -19.194 -27.684 0.000
   vertex -19.194 -27.684 5.000
  endloop
 endfacet
 facet normal 0 0 0
  outer loop
   vertex -18.255 -26.824 0.000
   vertex -19.194 -27.684 5.000
   vertex -18.255 -26.824 5.000
  endloop
 endfacet
 facet normal 0 0 0
  outer loop
   vertex -17.395 -25.885 0.000
   vertex -18.255 -26.824 0.000
   vertex -18.255 -26.824 5.000
  endloop
 endfacet
 facet normal 0 0 0
  outer loop
   vertex -17.395 -25.885 0.000
   vertex -18.255 -26.824 5.000
   vertex -17.395 -25.885 5.000
  endloop
 endfacet
 facet normal 0 0 0
  outer loop
   vertex -16.619 -24.874 0.000
   vertex -17.395 -25.885 0.000
   vertex -17.395 -25.885 5.000
  endloop
 endfacet
 facet normal 0 0 0
  outer loop
   vertex -16.619 -24.874 0.000
   vertex -17.395 -25.885 5.000
   vertex -16.619 -24.874 5.000
  endloop
 endfacet
 facet normal 0 0 0
  outer loop
   vertex -15.935 -23.800 0.000
   vertex -16.619 -24.874 0.000
   vertex -16.619 -24.874 5.000
  endloop
 endfacet
 facet normal 0 0 0
  outer loop
   vertex -15.935 -23.800 0.000
   vertex -16.619 -24.874 5.000
   vertex -15.935 -23.800 5.000
  endloop
 endfacet
 facet normal 0 0 0
  outer loop
   vertex -15.347 -22.670 0.000
   vertex -15.935 -23.800 0.000
   vertex -15.935 -23.800 5.000
  endloop
 endfacet
 facet normal 0 0 0
  outer loop
   vertex -15.347 -22.670 0.000
   vertex -15.935 -23.800 5.000
   vertex -15.347 -22.670 5.000
  endloop
 endfacet
 facet normal 0 0 0
  outer loop
   vertex -14.859 -21.493 0.000
   vertex -15.347 -22.670 0.000
   vertex -15.347 -22.670 5.000
  endloop
 endfacet
 facet normal 0 0 0
  outer loop
   vertex -14.859 -21.493 0.000
   vertex -15.347 -22.670 5.000
   vertex -14.859 -21.493 5.000
  endloop
 endfacet
 facet normal 0 0 0
  outer loop
   vertex -14.476 -20.279 0.000
   vertex -14.859 -21.493 0.000
   vertex -14.859 -21.493 5.000
  endloop
 endfacet
 facet normal 0 0 0
  outer loop
   vertex -14.476 -20.279 0.000
   vertex -14.859 -21.493 5.000
   vertex -14.476 -20.279 5.000
  endloop
 endfacet
 facet normal 0 0 0
  outer loop
   vertex -14.201 -19.035 0.000
   vertex -14.476 -20.279 0.000
   vertex -14.476 -20.279 5.000
  endloop
 endfacet
 facet normal 0 0 0
  outer loop
   vertex -14.201 -19.035 0.000
   vertex -14.476 -20.279 5.000
   vertex -14.201 -19.035 5.000
  endloop
 endfacet
 facet normal 0 0 0
  outer loop
   vertex -14.034 -17.772 0.000
   vertex -14.201 -19.035 0.000
   vertex -14.201 -19.035 5.000
  endloop
 endfacet
 facet normal 0 0 0
  outer loop
   vertex -14.034 -17.772 0.000
   vertex -14.201 -19.035 5.000
   vertex -14.034 -17.772 5.000
  endloop
 endfacet
 facet normal 0 0 0
  outer loop
   vertex -13.979 -16.500 0.000
   vertex -14.034 -17.772 0.000
   vertex -14.034 -17.772 5.000
  endloop
 endfacet
 facet normal 0 0 0
  outer loop
   vertex -13.979 -16.500 0.000
   vertex -14.034 -17.772 5.000
   vertex -13.979 -16.500 5.000
  endloop
 endfacet
 facet normal 0 0 0
  outer loop
   vertex 43.123 -15.228 0.000
   vertex 43.179 -16.500 0.000
   vertex 43.179 -16.500 5.000
  endloop
 endfacet
 facet normal 0 0 0
  outer loop
   vertex 43.123 -15.228 0.000
   vertex 43.179 -16.500 5.000
   vertex 43.123 -15.228 5.000
  endloop
 endfacet
 facet normal 0 0 0
  outer loop
   vertex 42.957 -13.965 0.000
   vertex 43.123 -15.228 0.000
   vertex 43.123 -15.228 5.000
  endloop
 endfacet
 facet normal 0 0 0
  outer loop
   vertex 42.957 -13.965 0.000
   vertex 43.123 -15.228 5.000
   vertex 42.957 -13.965 5.000
  endloop
 endfacet
 facet normal 0 0 0
  outer loop
   vertex 42.681 -12.721 0.000
   vertex 42.957 -13.965 0.000
   vertex 42.957 -13.965 5.000
  endloop
 endfacet
 facet normal 0 0 0
  outer loop
   vertex 42.681 -12.721 0.000
   vertex 42.957 -13.965 5.000
   vertex 42.681 -12.721 5.000
  endloop
 endfacet
 facet normal 0 0 0
  outer loop
   vertex 42.298 -11.507 0.000
   vertex 42.681 -12.721 0.000
   vertex 42.681 -12.721 5.000
  endloop
 endfacet
 facet normal 0 0 0
  outer loop
   vertex 42.298 -11.507 0.000
   vertex 42.681 -12.721 5.000
   vertex 42.298 -11.507 5.000
  endloop
 endfacet
 facet normal 0 0 0
  outer loop
   vertex 41.811 -10.330 0.000
   vertex 42.298 -11.507 0.000
   vertex 42.298 -11.507 5.000
  endloop
 endfacet
 facet normal 0 0 0
  outer loop
   vertex 41.811 -10.330 0.000
   vertex 42.298 -11.507 5.000
   vertex 41.811 -10.330 5.000
  endloop
 endfacet
 facet normal 0 0 0
  outer loop
   vertex 41.223 -9.200 0.000
   vertex 41.811 -10.330 0.000
   vertex 41.811 -10.330 5.000
  endloop
 endfacet
 facet normal 0 0 0
  outer loop
   vertex 41.223 -9.200 0.000
   vertex 41.811 -10.330 5.000
   vertex 41.223 -9.200 5.000
  endloop
 endfacet
 facet normal 0 0 0
  outer loop
   vertex 40.538 -8.126 0.000
   vertex 41.223 -9.200 0.000
   vertex 41.223 -9.200 5.000
  endloop
 endfacet
 facet normal 0 0 0
  outer loop
   vertex 40.538 -8.126 0.000
   vertex 41.223 -9.200 5.000
   vertex 40.538 -8.126 5.000
  endloop
 endfacet
 facet normal 0 0 0
  outer loop
   vertex 39.763 -7.115 0.000
   vertex 40.538 -8.126 0.000
   vertex 40.538 -8.126 5.000
  endloop
 endfacet
 facet normal 0 0 0
  outer loop
   vertex 39.763 -7.115 0.000
   vertex 40.538 -8.126 5.000
   vertex 39.763 -7.115 5.000
  endloop
 endfacet
 facet normal 0 0 0
  outer loop
   vertex 38.903 -6.176 0.000
   vertex 39.763 -7.115 0.000
   vertex 39.763 -7.115 5.000
  endloop
 endfacet
 facet normal 0 0 0
  outer loop
   vertex 38.903 -6.176 0.000
   vertex 39.763 -7.115 5.000
   vertex 38.903 -6.176 5.000
  endloop
 endfacet
 facet normal 0 0 0
  outer loop
   vertex 37.964 -5.316 0.000
   vertex 38.903 -6.176 0.000
   vertex 38.903 -6.176 5.000
  endloop
 endfacet
 facet normal 0 0 0
  outer loop
   vertex 37.964 -5.316 0.000
   vertex 38.903 -6.176 5.000
   vertex 37.964 -5.316 5.000
  endloop
 endfacet
 facet normal 0 0 0
  outer loop
   vertex 36.953 -4.540 0.000
   vertex 37.964 -5.316 0.000
   vertex 37.964 -5.316 5.000
  endloop
 endfacet
 facet normal 0 0 0
  outer loop
   vertex 36.953 -4.540 0.000
   vertex 37.964 -5.316 5.000
   vertex 36.953 -4.540 5.000
  endloop
 endfacet
 facet normal 0 0 0
  outer loop
   vertex 35.879 -3.856 0.000
   vertex 36.953 -4.540 0.000
   vertex 36.953 -4.540 5.000
  endloop
 endfacet
 facet normal 0 0 0
  outer loop
   vertex 35.879 -3.856 0.000
   vertex 36.953 -4.540 5.000
   vertex 35.879 -3.856 5.000
  endloop
 endfacet
 facet normal 0 0 0
  outer loop
   vertex 34.749 -3.268 0.000
   vertex 35.879 -3.856 0.000
   vertex 35.879 -3.856 5.000
  endloop
 endfacet
 facet normal 0 0 0
  outer loop
   vertex 34.749 -3.268 0.000
   vertex 35.879 -3.856 5.000
   vertex 34.749 -3.268 5.000
  endloop
 endfacet
 facet normal 0 0 0
  outer loop
   vertex 33.572 -2.780 0.000
   vertex 34.749 -3.268 0.000
   vertex 34.749 -3.268 5.000
  endloop
 endfacet
 facet normal 0 0 0
  outer loop
   vertex 33.572 -2.780 0.000
   vertex 34.749 -3.268 5.000
   vertex 33.572 -2.780 5.000
  endloop
 endfacet
 facet normal 0 0 0
  outer loop
   vertex 32.358 -2.397 0.000
   vertex 33.572 -2.780 0.000
   vertex 33.572 -2.780 5.000
  endloop
 endfacet
 facet normal 0 0 0
  outer loop
   vertex 32.358 -2.397 0.000
   vertex 33.572 -2.780 5.000
   vertex 32.358 -2.397 5.000
  endloop
 endfacet
 facet normal 0 0 0
  outer loop
   vertex 31.114 -2.122 0.000
   vertex 32.358 -2.397 0.000
   vertex 32.358 -2.397 5.000
  endloop
 endfacet
 facet normal 0 0 0
  outer loop
   vertex 31.114 -2.122 0.000
   vertex 32.358 -2.397 5.000
   vertex 31.114 -2.122 5.000
  endloop
 endfacet
 facet normal 0 0 0
  outer loop
   vertex 29.851 -1.956 0.000
   vertex 31.114 -2.122 0.000
   vertex 31.114 -2.122 5.000
  endloop
 endfacet
 facet normal 0 0 0
  outer loop
   vertex 29.851 -1.956 0.000
   vertex 31.114 -2.122 5.000
   vertex 29.851 -1.956 5.000
  endloop
 endfacet
 facet normal 0 0 0
  outer loop
   vertex 28.579 -1.900 0.000
   vertex 29.851 -1.956 0.000
   vertex 29.851 -1.956 5.000
  endloop
 endfacet
 facet normal 0 0 0
  outer loop
   vertex 28.579 -1.900 0.000
   vertex 29.851 -1.956 5.000
   vertex 28.579 -1.900 5.000
  endloop
 endfacet
 facet normal 0 0 0
  outer loop
   vertex 27.306 -1.956 0.000
   vertex 28.579 -1.900 0.000
   vertex 28.579 -1.900 5.000
  endloop
 endfacet
 facet normal 0 0 0
  outer loop
   vertex 27.306 -1.956 0.000
   vertex 28.579 -1.900 5.000
   vertex 27.306 -1.956 5.000
  endloop
 endfacet
 facet normal 0 0 0
  outer loop
   vertex 26.044 -2.122 0.000
   vertex 27.306 -1.956 0.000
   vertex 27.306 -1.956 5.000
  endloop
 endfacet
 facet normal 0 0 0
  outer loop
   vertex 26.044 -2.122 0.000
   vertex 27.306 -1.956 5.000
   vertex 26.044 -2.122 5.000
  endloop
 endfacet
 facet normal 0 0 0
  outer loop
   vertex 24.800 -2.397 0.000
   vertex 26.044 -2.122 0.000
   vertex 26.044 -2.122 5.000
  endloop
 endfacet
 facet normal 0 0 0
  outer loop
   vertex 24.800 -2.397 0.000
   vertex 26.044 -2.122 5.000
   vertex 24.800 -2.397 5.000
  endloop
 endfacet
 facet normal 0 0 0
  outer loop
   vertex 23.585 -2.780 0.000
   vertex 24.800 -2.397 0.000
   vertex 24.800 -2.397 5.000
  endloop
 endfacet
 facet normal 0 0 0
  outer loop
   vertex 23.585 -2.780 0.000
   vertex 24.800 -2.397 5.000
   vertex 23.585 -2.780 5.000
  endloop
 endfacet
 facet normal 0 0 0
  outer loop
   vertex 22.409 -3.268 0.000
   vertex 23.585 -2.780 0.000
   vertex 23.585 -2.780 5.000
  endloop
 endfacet
 facet normal 0 0 0
  outer loop
   vertex 22.409 -3.268 0.000
   vertex 23.585 -2.780 5.000
   vertex 22.409 -3.268 5.000
  endloop
 endfacet
 facet normal 0 0 0
  outer loop
   vertex 21.279 -3.856 0.000
   vertex 22.409 -3.268 0.000
   vertex 22.409 -3.268 5.000
  endloop
 endfacet
 facet normal 0 0 0
  outer loop
   vertex 21.279 -3.856 0.000
   vertex 22.409 -3.268 5.000
   vertex 21.279 -3.856 5.000
  endloop
 endfacet
 facet normal 0 0 0
  outer loop
   vertex 20.205 -4.540 0.000
   vertex 21.279 -3.856 0.000
   vertex 21.279 -3.856 5.000
  endloop
 endfacet
 facet normal 0 0 0
  outer loop
   vertex 20.205 -4.540 0.000
   vertex 21.279 -3.856 5.000
   vertex 20.205 -4.540 5.000
  endloop
 endfacet
 facet normal 0 0 0
  outer loop
   vertex 19.194 -5.316 0.000
   vertex 20.205 -4.540 0.000
   vertex 20.205 -4.540 5.000
  endloop
 endfacet
 facet normal 0 0 0
  outer loop
   vertex 19.194 -5.316 0.000
   vertex 20.205 -4.540 5.000
   vertex 19.194 -5.316 5.000
  endloop
 endfacet
 facet normal 0 0 0
  outer loop
   vertex 18.255 -6.176 0.000
   vertex 19.194 -5.316 0.000
   vertex 19.194 -5.316 5.000
  endloop
 endfacet
 facet normal 0 0 0
  outer loop
   vertex 18.255 -6.176 0.000
   vertex 19.194 -5.316 5.000
   vertex 18.255 -6.176 5.000
  endloop
 endfacet
 facet normal 0 0 0
  outer loop
   vertex 17.395 -7.115 0.000
   vertex 18.255 -6.176 0.000
   vertex 18.255 -6.176 5.000
  endloop
 endfacet
 facet normal 0 0 0
  outer loop
   vertex 17.395 -7.115 0.000
   vertex 18.255 -6.176 5.000
   vertex 17.395 -7.115 5.000
  endloop
 endfacet
 facet normal 0 0 0
  outer loop
   vertex 16.619 -8.126 0.000
   vertex 17.395 -7.115 0.000
   vertex 17.395 -7.115 5.000
  endloop
 endfacet
 facet normal 0 0 0
  outer loop
   vertex 16.619 -8.126 0.000
   vertex 17.395 -7.115 5.000
   vertex 16.619 -8.126 5.000
  endloop
 endfacet
 facet normal 0 0 0
  outer loop
   vertex 15.935 -9.200 0.000
   vertex 16.619 -8.126 0.000
   vertex 16.619 -8.126 5.000
  endloop
 endfacet
 facet normal 0 0 0
  outer loop
   vertex 15.935 -9.200 0.000
   vertex 16.619 -8.126 5.000
   vertex 15.935 -9.200 5.000
  endloop
 endfacet
 facet normal 0 0 0
  outer loop
   vertex 15.347 -10.330 0.000
   vertex 15.935 -9.200 0.000
   vertex 15.935 -9.200 5.000
  endloop
 endfacet
 facet normal 0 0 0
  outer loop
   vertex 15.347 -10.330 0.000
   vertex 15.935 -9.200 5.000
   vertex 15.347 -10.330 5.000
  endloop
 endfacet
 facet normal 0 0 0
  outer loop
   vertex 14.859 -11.507 0.000
   vertex 15.347 -10.330 0.000
   vertex 15.347 -10.330 5.000
  endloop
 endfacet
 facet normal 0 0 0
  outer loop
   vertex 14.859 -11.507 0.000
   vertex 15.347 -10.330 5.000
   vertex 14.859 -11.507 5.000
  endloop
 endfacet
 facet normal 0 0 0
  outer loop
   vertex 14.476 -12.721 0.000
   vertex 14.859 -11.507 0.000
   vertex 14.859 -11.507 5.000
  endloop
 endfacet
 facet normal 0 0 0
  outer loop
   vertex 14.476 -12.721 0.000
   vertex 14.859 -11.507 5.000
   vertex 14.476 -12.721 5.000
  endloop
 endfacet
 facet normal 0 0 0
  outer loop
   vertex 14.201 -13.965 0.000
   vertex 14.476 -12.721 0.000
   vertex 14.476 -12.721 5.000
  endloop
 endfacet
 facet normal 0 0 0
  outer loop
   vertex 14.201 -13.965 0.000
   vertex 14.476 -12.721 5.000
   vertex 14.201 -13.965 5.000
  endloop
 endfacet
 facet normal 0 0 0
  outer loop
   vertex 14.034 -15.228 0.000
   vertex 14.201 -13.965 0.000
   vertex 14.201 -13.965 5.000
  endloop
 endfacet
 facet normal 0 0 0
  outer loop
   vertex 14.034 -15.228 0.000
   vertex 14.201 -13.965 5.000
   vertex 14.034 -15.228 5.000
  endloop
 endfacet
 facet normal 0 0 0
  outer loop
   vertex 13.979 -16.500 0.000
   vertex 14.034 -15.228 0.000
   vertex 14.034 -15.228 5.000
  endloop
 endfacet
 facet normal 0 0 0
  outer loop
   vertex 13.979 -16.500 0.000
   vertex 14.034 -15.228 5.000
   vertex 13.979 -16.500 5.000
  endloop
 endfacet
 facet normal 0 0 0
  outer loop
   vertex 14.034 -17.772 0.000
   vertex 13.979 -16.500 0.000
   vertex 13.979 -16.500 5.000
  endloop
 endfacet
 facet normal 0 0 0
  outer loop
   vertex 14.034 -17.772 0.000
   vertex 13.979 -16.500 5.000
   vertex 14.034 -17.772 5.000
  endloop
 endfacet
 facet normal 0 0 0
  outer loop
   vertex 14.201 -19.035 0.000
   vertex 14.034 -17.772 0.000
   vertex 14.034 -17.772 5.000
  endloop
 endfacet
 facet normal 0 0 0
  outer loop
   vertex 14.201 -19.035 0.000
   vertex 14.034 -17.772 5.000
   vertex 14.201 -19.035 5.000
  endloop
 endfacet
 facet normal 0 0 0
  outer loop
   vertex 14.476 -20.279 0.000
   vertex 14.201 -19.035 0.000
   vertex 14.201 -19.035 5.000
  endloop
 endfacet
 facet normal 0 0 0
  outer loop
   vertex 14.476 -20.279 0.000
   vertex 14.201 -19.035 5.000
   vertex 14.476 -20.279 5.000
  endloop
 endfacet
 facet normal 0 0 0
  outer loop
   vertex 14.859 -21.493 0.000
   vertex 14.476 -20.279 0.000
   vertex 14.476 -20.279 5.000
  endloop
 endfacet
 facet normal 0 0 0
  outer loop
   vertex 14.859 -21.493 0.000
   vertex 14.476 -20.279 5.000
   vertex 14.859 -21.493 5.000
  endloop
 endfacet
 facet normal 0 0 0
  outer loop
   vertex 15.347 -22.670 0.000
   vertex 14.859 -21.493 0.000
   vertex 14.859 -21.493 5.000
  endloop
 endfacet
 facet normal 0 0 0
  outer loop
   vertex 15.347 -22.670 0.000
   vertex 14.859 -21.493 5.000
   vertex 15.347 -22.670 5.000
  endloop
 endfacet
 facet normal 0 0 0
  outer loop
   vertex 15.935 -23.800 0.000
   vertex 15.347 -22.670 0.000
   vertex 15.347 -22.670 5.000
  endloop
 endfacet
 facet normal 0 0 0
  outer loop
   vertex 15.935 -23.800 0.000
   vertex 15.347 -22.670 5.000
   vertex 15.935 -23.800 5.000
  endloop
 endfacet
 facet normal 0 0 0
  outer loop
   vertex 16.619 -24.874 0.000
   vertex 15.935 -23.800 0.000
   vertex 15.935 -23.800 5.000
  endloop
 endfacet
 facet normal 0 0 0
  outer loop
   vertex 16.619 -24.874 0.000
   vertex 15.935 -23.800 5.000
   vertex 16.619 -24.874 5.000
  endloop
 endfacet
 facet normal 0 0 0
  outer loop
   vertex 17.395 -25.885 0.000
   vertex 16.619 -24.874 0.000
   vertex 16.619 -24.874 5.000
  endloop
 endfacet
 facet normal 0 0 0
  outer loop
   vertex 17.395 -25.885 0.000
   vertex 16.619 -24.874 5.000
   vertex 17.395 -25.885 5.000
  endloop
 endfacet
 facet normal 0 0 0
  outer loop
   vertex 18.255 -26.824 0.000
   vertex 17.395 -25.885 0.000
   vertex 17.395 -25.885 5.000
  endloop
 endfacet
 facet normal 0 0 0
  outer loop
   vertex 18.255 -26.824 0.000
   vertex 17.395 -25.885 5.000
   vertex 18.255 -26.824 5.000
  endloop
 endfacet
 facet normal 0 0 0
  outer loop
   vertex 19.194 -27.684 0.000
   vertex 18.255 -26.824 0.000
   vertex 18.255 -26.824 5.000
  endloop
 endfacet
 facet normal 0 0 0
  outer loop
   vertex 19.194 -27.684 0.000
   vertex 18.255 -26.824 5.000
   vertex 19.194 -27.684 5.000
  endloop
 endfacet
 facet normal 0 0 0
  outer loop
   vertex 20.205 -28.460 0.000
   vertex 19.194 -27.684 0.000
   vertex 19.194 -27.684 5.000
  endloop
 endfacet
 facet normal 0 0 0
  outer loop
   vertex 20.205 -28.460 0.000
   vertex 19.194 -27.684 5.000
   vertex 20.205 -28.460 5.000
  endloop
 endfacet
 facet normal 0 0 0
  outer loop
   vertex 21.279 -29.144 0.000
   vertex 20.205 -28.460 0.000
   vertex 20.205 -28.460 5.000
  endloop
 endfacet
 facet normal 0 0 0
  outer loop
   vertex 21.279 -29.144 0.000
   vertex 20.205 -28.460 5.000
   vertex 21.279 -29.144 5.000
  endloop
 endfacet
 facet normal 0 0 0
  outer loop
   vertex 22.409 -29.732 0.000
   vertex 21.279 -29.144 0.000
   vertex 21.279 -29.144 5.000
  endloop
 endfacet
 facet normal 0 0 0
  outer loop
   vertex 22.409 -29.732 0.000
   vertex 21.279 -29.144 5.000
   vertex 22.409 -29.732 5.000
  endloop
 endfacet
 facet normal 0 0 0
  outer loop
   vertex 23.585 -30.220 0.000
   vertex 22.409 -29.732 0.000
   vertex 22.409 -29.732 5.000
  endloop
 endfacet
 facet normal 0 0 0
  outer loop
   vertex 23.585 -30.220 0.000
   vertex 22.409 -29.732 5.000
   vertex 23.585 -30.220 5.000
  endloop
 endfacet
 facet normal 0 0 0
  outer loop
   vertex 24.800 -30.603 0.000
   vertex 23.585 -30.220 0.000
   vertex 23.585 -30.220 5.000
  endloop
 endfacet
 facet normal 0 0 0
  outer loop
   vertex 24.800 -30.603 0.000
   vertex 23.585 -30.220 5.000
   vertex 24.800 -30.603 5.000
  endloop
 endfacet
 facet normal 0 0 0
  outer loop
   vertex 26.044 -30.878 0.000
   vertex 24.800 -30.603 0.000
   vertex 24.800 -30.603 5.000
  endloop
 endfacet
 facet normal 0 0 0
  outer loop
   vertex 26.044 -30.878 0.000
   vertex 24.800 -30.603 5.000
   vertex 26.044 -30.878 5.000
  endloop
 endfacet
 facet normal 0 0 0
  outer loop
   vertex 27.306 -31.044 0.000
   vertex 26.044 -30.878 0.000
   vertex 26.044 -30.878 5.000
  endloop
 endfacet
 facet normal 0 0 0
  outer loop
   vertex 27.306 -31.044 0.000
   vertex 26.044 -30.878 5.000
   vertex 27.306 -31.044 5.000
  endloop
 endfacet
 facet normal 0 0 0
  outer loop
   vertex 28.579 -31.100 0.000
   vertex 27.306 -31.044 0.000
   vertex 27.306 -31.044 5.000
  endloop
 endfacet
 facet normal 0 0 0
  outer loop
   vertex 28.579 -31.100 0.000
   vertex 27.306 -31.044 5.000
   vertex 28.579 -31.100 5.000
  endloop
 endfacet
 facet normal 0 0 0
  outer loop
   vertex 29.851 -31.044 0.000
   vertex 28.579 -31.100 0.000
   vertex 28.579 -31.100 5.000
  endloop
 endfacet
 facet normal 0 0 0
  outer loop
   vertex 29.851 -31.044 0.000
   vertex 28.579 -31.100 5.000
   vertex 29.851 -31.044 5.000
  endloop
 endfacet
 facet normal 0 0 0
  outer loop
   vertex 31.114 -30.878 0.000
   vertex 29.851 -31.044 0.000
   vertex 29.851 -31.044 5.000
  endloop
 endfacet
 facet normal 0 0 0
  outer loop
   vertex 31.114 -30.878 0.000
   vertex 29.851 -31.044 5.000
   vertex 31.114 -30.878 5.000
  endloop
 endfacet
 facet normal 0 0 0
  outer loop
   vertex 32.358 -30.603 0.000
   vertex 31.114 -30.878 0.000
   vertex 31.114 -30.878 5.000
  endloop
 endfacet
 facet normal 0 0 0
  outer loop
   vertex 32.358 -30.603 0.000
   vertex 31.114 -30.878 5.000
   vertex 32.358 -30.603 5.000
  endloop
 endfacet
 facet normal 0 0 0
  outer loop
   vertex 33.572 -30.220 0.000
   vertex 32.358 -30.603 0.000
   vertex 32.358 -30.603 5.000
  endloop
 endfacet
 facet normal 0 0 0
  outer loop
   vertex 33.572 -30.220 0.000
   vertex 32.358 -30.603 5.000
   vertex 33.572 -30.220 5.000
  endloop
 endfacet
 facet normal 0 0 0
  outer loop
   vertex 34.749 -29.732 0.000
   vertex 33.572 -30.220 0.000
   vertex 33.572 -30.220 5.000
  endloop
 endfacet
 facet normal 0 0 0
  outer loop
   vertex 34.749 -29.732 0.000
   vertex 33.572 -30.220 5.000
   vertex 34.749 -29.732 5.000
  endloop
 endfacet
 facet normal 0 0 0
  outer loop
   vertex 35.879 -29.144 0.000
   vertex 34.749 -29.732 0.000
   vertex 34.749 -29.732 5.000
  endloop
 endfacet
 facet normal 0 0 0
  outer loop
   vertex 35.879 -29.144 0.000
   vertex 34.749 -29.732 5.000
   vertex 35.879 -29.144 5.000
  endloop
 endfacet
 facet normal 0 0 0
  outer loop
   vertex 36.953 -28.460 0.000
   vertex 35.879 -29.144 0.000
   vertex 35.879 -29.144 5.000
  endloop
 endfacet
 facet normal 0 0 0
  outer loop
   vertex 36.953 -28.460 0.000
   vertex 35.879 -29.144 5.000
   vertex 36.953 -28.460 5.000
  endloop
 endfacet
 facet normal 0 0 0
  outer loop
   vertex 37.964 -27.684 0.000
   vertex 36.953 -28.460 0.000
   vertex 36.953 -28.460 5.000
  endloop
 endfacet
 facet normal 0 0 0
  outer loop
   vertex 37.964 -27.684 0.000
   vertex 36.953 -28.460 5.000
   vertex 37.964 -27.684 5.000
  endloop
 endfacet
 facet normal 0 0 0
  outer loop
   vertex 38.903 -26.824 0.000
   vertex 37.964 -27.684 0.000
   vertex 37.964 -27.684 5.000
  endloop
 endfacet
 facet normal 0 0 0
  outer loop
   vertex 38.903 -26.824 0.000
   vertex 37.964 -27.684 5.000
   vertex 38.903 -26.824 5.000
  endloop
 endfacet
 facet normal 0 0 0
  outer loop
   vertex 39.763 -25.885 0.000
   vertex 38.903 -26.824 0.000
   vertex 38.903 -26.824 5.000
  endloop
 endfacet
 facet normal 0 0 0
  outer loop
   vertex 39.763 -25.885 0.000
   vertex 38.903 -26.824 5.000
   vertex 39.763 -25.885 5.000
  endloop
 endfacet
 facet normal 0 0 0
  outer loop
   vertex 40.538 -24.874 0.000
   vertex 39.763 -25.885 0.000
   vertex 39.763 -25.885 5.000
  endloop
 endfacet
 facet normal 0 0 0
  outer loop
   vertex 40.538 -24.874 0.000
   vertex 39.763 -25.885 5.000
   vertex 40.538 -24.874 5.000
  endloop
 endfacet
 facet normal 0 0 0
  outer loop
   vertex 41.223 -23.800 0.000
   vertex 40.538 -24.874 0.000
   vertex 40.538 -24.874 5.000
  endloop
 endfacet
 facet normal 0 0 0
  outer loop
   vertex 41.223 -23.800 0.000
   vertex 40.538 -24.874 5.000
   vertex 41.223 -23.800 5.000
  endloop
 endfacet
 facet normal 0 0 0
  outer loop
   vertex 41.811 -22.670 0.000
   vertex 41.223 -23.800 0.000
   vertex 41.223 -23.800 5.000
  endloop
 endfacet
 facet normal 0 0 0
  outer loop
   vertex 41.811 -22.670 0.000
   vertex 41.223 -23.800 5.000
   vertex 41.811 -22.670 5.000
  endloop
 endfacet
 facet normal 0 0 0
  outer loop
   vertex 42.298 -21.493 0.000
   vertex 41.811 -22.670 0.000
   vertex 41.811 -22.670 5.000
  endloop
 endfacet
 facet normal 0 0 0
  outer loop
   vertex 42.298 -21.493 0.000
   vertex 41.811 -22.670 5.000
   vertex 42.298 -21.493 5.000
  endloop
 endfacet
 facet normal 0 0 0
  outer loop
   vertex 42.681 -20.279 0.000
   vertex 42.298 -21.493 0.000
   vertex 42.298 -21.493 5.000
  endloop
 endfacet
 facet normal 0 0 0
  outer loop
   vertex 42.681 -20.279 0.000
   vertex 42.298 -21.493 5.000
   vertex 42.681 -20.279 5.000
  endloop
 endfacet
 facet normal 0 0 0
  outer loop
   vertex 42.957 -19.035 0.000
   vertex 42.681 -20.279 0.000
   vertex 42.681 -20.279 5.000
  endloop
 endfacet
 facet normal 0 0 0
  outer loop
   vertex 42.957 -19.035 0.000
   vertex 42.681 -20.279 5.000
   vertex 42.957 -19.035 5.000
  endloop
 endfacet
 facet normal 0 0 0
  outer loop
   vertex 43.123 -17.772 0.000
   vertex 42.957 -19.035 0.000
   vertex 42.957 -19.035 5.000
  endloop
 endfacet
 facet normal 0 0 0
  outer loop
   vertex 43.123 -17.772 0.000
   vertex 42.957 -19.035 5.000
   vertex 43.123 -17.772 5.000
  endloop
 endfacet
 facet normal 0 0 0
  outer loop
   vertex 43.179 -16.500 0.000
   vertex 43.123 -17.772 0.000
   vertex 43.123 -17.772 5.000
  endloop
 endfacet
 facet normal 0 0 0
  outer loop
   vertex 43.179 -16.500 0.000
   vertex 43.123 -17.772 5.000
   vertex 43.179 -16.500 5.000
  endloop
 endfacet
endsolid clusterring
