ERC report (2026-08-05T10:56:10, Encoding UTF8)
Report includes: Errors, Warnings, Exclusions

***** Sheet /
[pin_not_connected]: Pin not connected
    ; error
    @(7812 mils, 12222 mils): Symbol C47 Pin 1 [Passive, Line]
[pin_not_connected]: Pin not connected
    ; error
    @(8352 mils, 12541 mils): Symbol J6 Pin 1 [Pin_1, Passive, Line]
[pin_not_connected]: Pin not connected
    ; error
    @(9886 mils, 8441 mils): Symbol C48 Pin 1 [Passive, Line]
[pin_not_connected]: Pin not connected
    ; error
    @(10311 mils, 8970 mils): Symbol J7 Pin 1 [Pin_1, Passive, Line]
[pin_not_connected]: Pin not connected
    ; error
    @(11383 mils, 18439 mils): Symbol C38 Pin 1 [Passive, Line]
[pin_not_connected]: Pin not connected
    ; error
    @(11383 mils, 18739 mils): Symbol C38 Pin 2 [Passive, Line]
[pin_not_connected]: Pin not connected
    ; error
    @(11465 mils, 26785 mils): Symbol J3 Pin 2 [Pin_2, Passive, Line]
[pin_not_connected]: Pin not connected
    ; error
    @(11669 mils, 14356 mils): Symbol C42 Pin 1 [Passive, Line]
[pin_not_connected]: Pin not connected
    ; error
    @(11669 mils, 14656 mils): Symbol C42 Pin 2 [Passive, Line]
[power_pin_not_driven]: Input Power pin not driven by any Output Power pins
    ; error
    @(11884 mils, 16596 mils): Symbol #PWR179 Pin 1 [GND, Power input, Line]
[power_pin_not_driven]: Input Power pin not driven by any Output Power pins
    ; error
    @(11884 mils, 17196 mils): Symbol #PWR178 Pin 1 [+3V3, Power input, Line]
[power_pin_not_driven]: Input Power pin not driven by any Output Power pins
    ; error
    @(11969 mils, 18207 mils): Symbol #PWR169 Pin 1 [GND, Power input, Line]
[power_pin_not_driven]: Input Power pin not driven by any Output Power pins
    ; error
    @(11969 mils, 18807 mils): Symbol #PWR168 Pin 1 [+3V3, Power input, Line]
[power_pin_not_driven]: Input Power pin not driven by any Output Power pins
    ; error
    @(12153 mils, 19157 mils): Symbol #PWR165 Pin 1 [GND, Power input, Line]
[power_pin_not_driven]: Input Power pin not driven by any Output Power pins
    ; error
    @(12153 mils, 19757 mils): Symbol #PWR164 Pin 1 [+3V3, Power input, Line]
[pin_not_connected]: Pin not connected
    ; error
    @(12159 mils, 16756 mils): Symbol C39 Pin 1 [Passive, Line]
[pin_not_connected]: Pin not connected
    ; error
    @(12237 mils, 19619 mils): Symbol R27 Pin 1 [Passive, Line]
[pin_not_connected]: Pin not connected
    ; error
    @(12237 mils, 19919 mils): Symbol R27 Pin 2 [Passive, Line]
[power_pin_not_driven]: Input Power pin not driven by any Output Power pins
    ; error
    @(12283 mils, 14214 mils): Symbol #PWR195 Pin 1 [GND, Power input, Line]
[power_pin_not_driven]: Input Power pin not driven by any Output Power pins
    ; error
    @(12283 mils, 14814 mils): Symbol #PWR194 Pin 1 [+3V3, Power input, Line]
[pin_not_connected]: Pin not connected
    ; error
    @(12331 mils, 20228 mils): Symbol R26 Pin 2 [Passive, Line]
[pin_not_connected]: Pin not connected
    ; error
    @(12363 mils, 17019 mils): Symbol U14 Pin 10 [~{CS}, Input, Line]
[pin_not_driven]: Input pin not driven by any Output pins
    ; error
    @(12363 mils, 17019 mils): Symbol U14 Pin 10 [~{CS}, Input, Line]
[pin_not_connected]: Pin not connected
    ; error
    @(12363 mils, 17119 mils): Symbol U14 Pin 1 [SCL/SPC, Input, Line]
[pin_not_driven]: Input pin not driven by any Output pins
    ; error
    @(12363 mils, 17119 mils): Symbol U14 Pin 1 [SCL/SPC, Input, Line]
[pin_not_connected]: Pin not connected
    ; error
    @(12363 mils, 17219 mils): Symbol U14 Pin 11 [SDA/SDI/SDO, Bidirectional, Line]
[pin_not_connected]: Pin not connected
    ; error
    @(12363 mils, 17319 mils): Symbol U14 Pin 9 [SDO/SA1, Bidirectional, Line]
[pin_not_connected]: Pin not connected
    ; error
    @(12444 mils, 14680 mils): Symbol U15 Pin 2 [SCL/SPC, Input, Line]
[pin_not_driven]: Input pin not driven by any Output pins
    ; error
    @(12444 mils, 14680 mils): Symbol U15 Pin 2 [SCL/SPC, Input, Line]
[pin_not_connected]: Pin not connected
    ; error
    @(12444 mils, 14780 mils): Symbol U15 Pin 4 [SDA/SDI/SDO, Bidirectional, Line]
[pin_not_connected]: Pin not connected
    ; error
    @(12444 mils, 14980 mils): Symbol U15 Pin 7 [CS_A/G, Input, Line]
[pin_not_driven]: Input pin not driven by any Output pins
    ; error
    @(12444 mils, 14980 mils): Symbol U15 Pin 7 [CS_A/G, Input, Line]
[pin_not_connected]: Pin not connected
    ; error
    @(12444 mils, 15080 mils): Symbol U15 Pin 5 [SDO_A/G, Output, Line]
[pin_not_connected]: Pin not connected
    ; error
    @(12444 mils, 15180 mils): Symbol U15 Pin 11 [INT1_A/G, Output, Line]
[pin_not_connected]: Pin not connected
    ; error
    @(12444 mils, 15280 mils): Symbol U15 Pin 12 [INT2_A/G, Output, Line]
[pin_not_connected]: Pin not connected
    ; error
    @(12444 mils, 15380 mils): Symbol U15 Pin 13 [DEN_A/G, Input, Line]
[pin_not_driven]: Input pin not driven by any Output pins
    ; error
    @(12444 mils, 15380 mils): Symbol U15 Pin 13 [DEN_A/G, Input, Line]
[wire_dangling]: Wires not connected to anything
    ; error
    @(12444 mils, 15480 mils): Horizontal Wire, length 4843 mils
[pin_not_connected]: Pin not connected
    ; error
    @(12444 mils, 15580 mils): Symbol U15 Pin 21 [CAP, Passive, Line]
[pin_not_connected]: Pin not connected
    ; error
    @(12444 mils, 15680 mils): Symbol U15 Pin 24 [C1, Passive, Line]
[pin_not_connected]: Pin not connected
    ; error
    @(12546 mils, 14445 mils): Symbol C41 Pin 1 [Passive, Line]
[pin_not_connected]: Pin not connected
    ; error
    @(12546 mils, 14745 mils): Symbol C41 Pin 2 [Passive, Line]
[pin_not_connected]: Pin not connected
    ; error
    @(12579 mils, 17554 mils): Symbol R17 Pin 1 [Passive, Line]
[power_pin_not_driven]: Input Power pin not driven by any Output Power pins
    ; error
    @(12579 mils, 17719 mils): Symbol #PWR089 Pin 1 [GND, Power input, Line]
[pin_not_connected]: Pin not connected
    ; error
    @(12579 mils, 17854 mils): Symbol R17 Pin 2 [Passive, Line]
[pin_not_connected]: Pin not connected
    ; error
    @(12579 mils, 17869 mils): Symbol C24 Pin 1 [Passive, Line]
[power_pin_not_driven]: Input Power pin not driven by any Output Power pins
    ; error
    @(12579 mils, 18004 mils): Symbol #PWR096 Pin 1 [+5V_SERVO, Power input, Line]
[power_pin_not_driven]: Input Power pin not driven by any Output Power pins
    ; error
    @(12579 mils, 18319 mils): Symbol #PWR088 Pin 1 [+5V_SERVO, Power input, Line]
[pin_not_connected]: Pin not connected
    ; error
    @(12771 mils, 20316 mils): Symbol D2 Pin 2 [A, Passive, Line]
[pin_not_connected]: Pin not connected
    ; error
    @(12830 mils, 18815 mils): Symbol R14 Pin 1 [Passive, Line]
[power_pin_not_driven]: Input Power pin not driven by any Output Power pins
    ; error
    @(12830 mils, 18823 mils): Symbol #PWR077 Pin 1 [GND, Power input, Line]
[pin_not_connected]: Pin not connected
    ; error
    @(12830 mils, 19138 mils): Symbol #PWR075 Pin 1 [GND, Power input, Line]
[power_pin_not_driven]: Input Power pin not driven by any Output Power pins
    ; error
    @(12830 mils, 19138 mils): Symbol #PWR075 Pin 1 [GND, Power input, Line]
[pin_not_connected]: Pin not connected
    ; error
    @(12830 mils, 19265 mils): Pin 1 [???, ?]
[pin_not_connected]: Pin not connected
    ; error
    @(12830 mils, 19273 mils): Symbol C20 Pin 2 [Passive, Line]
[pin_not_connected]: Pin not connected
    ; error
    @(12830 mils, 19288 mils): Symbol C19 Pin 1 [Passive, Line]
[pin_not_connected]: Pin not connected
    ; error
    @(12863 mils, 16719 mils): Symbol U14 Pin 5 [Vdd, Power input, Line]
[power_pin_not_driven]: Input Power pin not driven by any Output Power pins
    ; error
    @(12863 mils, 16719 mils): Symbol U14 Pin 5 [Vdd, Power input, Line]
[pin_not_connected]: Pin not connected
    ; error
    @(12863 mils, 17719 mils): Symbol U14 Pin 3 [GND, Power input, Line]
[power_pin_not_driven]: Input Power pin not driven by any Output Power pins
    ; error
    @(12863 mils, 17719 mils): Symbol U14 Pin 3 [GND, Power input, Line]
[pin_not_connected]: Pin not connected
    ; error
    @(12894 mils, 17640 mils): Symbol U5 Pin 1 [BOOT, Passive, Line]
[pin_not_connected]: Pin not connected
    ; error
    @(12894 mils, 17740 mils): Symbol U5 Pin 2 [VIN, Power input, Line]
[power_pin_not_driven]: Input Power pin not driven by any Output Power pins
    ; error
    @(12894 mils, 17740 mils): Symbol U5 Pin 2 [VIN, Power input, Line]
[power_pin_not_driven]: Input Power pin not driven by any Output Power pins
    ; error
    @(12894 mils, 17790 mils): Symbol #PWR086 Pin 1 [GND, Power input, Line]
[pin_not_connected]: Pin not connected
    ; error
    @(12894 mils, 17840 mils): Symbol U5 Pin 3 [EN, Input, Line]
[pin_not_driven]: Input pin not driven by any Output pins
    ; error
    @(12894 mils, 17840 mils): Symbol U5 Pin 3 [EN, Input, Line]
[power_pin_not_driven]: Input Power pin not driven by any Output Power pins
    ; error
    @(12894 mils, 17940 mils): Symbol U5 Pin 4 [GND, Power input, Line]
[pin_not_connected]: Pin not connected
    ; error
    @(12894 mils, 18040 mils): Symbol U5 Pin 5 [FB, Input, Line]
[pin_not_driven]: Input pin not driven by any Output pins
    ; error
    @(12894 mils, 18040 mils): Symbol U5 Pin 5 [FB, Input, Line]
[wire_dangling]: Wires not connected to anything
    ; error
    @(12894 mils, 18240 mils): Horizontal Wire, length 200 mils
[power_pin_not_driven]: Input Power pin not driven by any Output Power pins
    ; error
    @(12894 mils, 18290 mils): Symbol #PWR085 Pin 1 [+5V_SERVO, Power input, Line]
[pin_not_connected]: Pin not connected
    ; error
    @(12924 mils, 20896 mils): Symbol R11 Pin 1 [Passive, Line]
[pin_not_connected]: Pin not connected
    ; error
    @(12924 mils, 21196 mils): Symbol R11 Pin 2 [Passive, Line]
[pin_not_connected]: Pin not connected
    ; error
    @(12961 mils, 19747 mils): Symbol U12 Pin 1 [ADDR, Input, Line]
[pin_not_driven]: Input pin not driven by any Output pins
    ; error
    @(12961 mils, 19747 mils): Symbol U12 Pin 1 [ADDR, Input, Line]
[pin_not_connected]: Pin not connected
    ; error
    @(12961 mils, 19947 mils): Symbol U12 Pin 9 [SDA, Bidirectional, Line]
[pin_not_connected]: Pin not connected
    ; error
    @(12961 mils, 20047 mils): Symbol U12 Pin 10 [SCL, Input, Line]
[pin_not_driven]: Input pin not driven by any Output pins
    ; error
    @(12961 mils, 20047 mils): Symbol U12 Pin 10 [SCL, Input, Line]
[wire_dangling]: Wires not connected to anything
    ; error
    @(12961 mils, 20147 mils): Horizontal Wire, length 4585 mils
[pin_not_connected]: Pin not connected
    ; error
    @(12961 mils, 20247 mils): Symbol U12 Pin 2 [~{RESET}, Input, Line]
[pin_not_driven]: Input pin not driven by any Output pins
    ; error
    @(12961 mils, 20247 mils): Symbol U12 Pin 2 [~{RESET}, Input, Line]
[pin_not_connected]: Pin not connected
    ; error
    @(12961 mils, 20347 mils): Symbol U12 Pin 7 [~{WAKE}, Input, Line]
[pin_not_driven]: Input pin not driven by any Output pins
    ; error
    @(12961 mils, 20347 mils): Symbol U12 Pin 7 [~{WAKE}, Input, Line]
[power_pin_not_driven]: Input Power pin not driven by any Output Power pins
    ; error
    @(12961 mils, 21263 mils): Symbol #PWR157 Pin 1 [GND, Power input, Line]
[power_pin_not_driven]: Input Power pin not driven by any Output Power pins
    ; error
    @(12961 mils, 21863 mils): Symbol #PWR156 Pin 1 [+3V3, Power input, Line]
[pin_not_connected]: Pin not connected
    ; error
    @(12963 mils, 16719 mils): Symbol U14 Pin 6 [Vdd_IO, Power input, Line]
[power_pin_not_driven]: Input Power pin not driven by any Output Power pins
    ; error
    @(12963 mils, 16719 mils): Symbol U14 Pin 6 [Vdd_IO, Power input, Line]
[power_pin_not_driven]: Input Power pin not driven by any Output Power pins
    ; error
    @(12970 mils, 11415 mils): Symbol #PWR207 Pin 1 [GND, Power input, Line]
[power_pin_not_driven]: Input Power pin not driven by any Output Power pins
    ; error
    @(12970 mils, 12015 mils): Symbol #PWR206 Pin 1 [+3V3, Power input, Line]
[pin_not_connected]: Pin not connected
    ; error
    @(12988 mils, 18355 mils): Symbol U13 Pin 7 [VDD, Power input, Line]
[power_pin_not_driven]: Input Power pin not driven by any Output Power pins
    ; error
    @(12988 mils, 18355 mils): Symbol U13 Pin 7 [VDD, Power input, Line]
[pin_not_connected]: Pin not connected
    ; error
    @(12988 mils, 18955 mils): Symbol U13 Pin 6 [GND, Power input, Line]
[power_pin_not_driven]: Input Power pin not driven by any Output Power pins
    ; error
    @(12988 mils, 18955 mils): Symbol U13 Pin 6 [GND, Power input, Line]
[pin_not_connected]: Pin not connected
    ; error
    @(13001 mils, 5459 mils): Symbol C49 Pin 1 [Passive, Line]
[pin_not_connected]: Pin not connected
    ; error
    @(13044 mils, 14280 mils): Symbol U15 Pin 1 [VDDIO, Power input, Line]
[power_pin_not_driven]: Input Power pin not driven by any Output Power pins
    ; error
    @(13044 mils, 14280 mils): Symbol U15 Pin 1 [VDDIO, Power input, Line]
[label_dangling]: Label not connected
    ; error
    @(13114 mils, 18040 mils): Label 'TIE_R17_2_U5_3'
[pin_not_connected]: Pin not connected
    ; error
    @(13144 mils, 15880 mils): Symbol U15 Pin 19 [GND, Power input, Line]
[power_pin_not_driven]: Input Power pin not driven by any Output Power pins
    ; error
    @(13144 mils, 15880 mils): Symbol U15 Pin 19 [GND, Power input, Line]
[pin_not_connected]: Pin not connected
    ; error
    @(13144 mils, 19059 mils): Symbol U4 Pin 1 [BOOT, Passive, Line]
[pin_not_connected]: Pin not connected
    ; error
    @(13144 mils, 19159 mils): Symbol U4 Pin 2 [VIN, Power input, Line]
[power_pin_not_driven]: Input Power pin not driven by any Output Power pins
    ; error
    @(13144 mils, 19159 mils): Symbol U4 Pin 2 [VIN, Power input, Line]
[power_pin_not_driven]: Input Power pin not driven by any Output Power pins
    ; error
    @(13144 mils, 19209 mils): Symbol #PWR072 Pin 1 [GND, Power input, Line]
[pin_not_connected]: Pin not connected
    ; error
    @(13144 mils, 19259 mils): Symbol U4 Pin 3 [EN, Input, Line]
[pin_not_driven]: Input pin not driven by any Output pins
    ; error
    @(13144 mils, 19259 mils): Symbol U4 Pin 3 [EN, Input, Line]
[power_pin_not_driven]: Input Power pin not driven by any Output Power pins
    ; error
    @(13144 mils, 19359 mils): Symbol U4 Pin 4 [GND, Power input, Line]
[pin_not_connected]: Pin not connected
    ; error
    @(13144 mils, 19459 mils): Symbol U4 Pin 5 [FB, Input, Line]
[pin_not_driven]: Input pin not driven by any Output pins
    ; error
    @(13144 mils, 19459 mils): Symbol U4 Pin 5 [FB, Input, Line]
[wire_dangling]: Wires not connected to anything
    ; error
    @(13144 mils, 19659 mils): Horizontal Wire, length 200 mils
[pin_not_connected]: Pin not connected
    ; error
    @(13209 mils, 18183 mils): Symbol C23 Pin 1 [Passive, Line]
[pin_not_connected]: Pin not connected
    ; error
    @(13209 mils, 18483 mils): Symbol C23 Pin 2 [Passive, Line]
[pin_not_connected]: Pin not connected
    ; error
    @(13244 mils, 14280 mils): Symbol U15 Pin 22 [VDD, Power input, Line]
[power_pin_not_driven]: Input Power pin not driven by any Output Power pins
    ; error
    @(13244 mils, 14280 mils): Symbol U15 Pin 22 [VDD, Power input, Line]
[pin_not_connected]: Pin not connected
    ; error
    @(13252 mils, 6154 mils): Symbol J8 Pin 1 [Pin_1, Passive, Line]
[pin_not_connected]: Pin not connected
    ; error
    @(13284 mils, 12467 mils): Symbol R28 Pin 2 [Passive, Line]
[pin_not_connected]: Pin not connected
    ; error
    @(13361 mils, 14542 mils): Symbol R33 Pin 2 [Passive, Line]
[pin_not_connected]: Pin not connected
    ; error
    @(13361 mils, 19547 mils): Symbol U12 Pin 6 [VDD, Power input, Line]
[power_pin_not_driven]: Input Power pin not driven by any Output Power pins
    ; error
    @(13361 mils, 19547 mils): Symbol U12 Pin 6 [VDD, Power input, Line]
[pin_not_connected]: Pin not connected
    ; error
    @(13361 mils, 20547 mils): Symbol U12 Pin 11 [GND, Power input, Line]
[power_pin_not_driven]: Input Power pin not driven by any Output Power pins
    ; error
    @(13361 mils, 20547 mils): Symbol U12 Pin 11 [GND, Power input, Line]
[pin_not_connected]: Pin not connected
    ; error
    @(13363 mils, 17019 mils): Symbol U14 Pin 8 [DRDY, Output, Line]
[pin_not_connected]: Pin not connected
    ; error
    @(13363 mils, 17319 mils): Symbol U14 Pin 4 [C1, Power output, Line]
[label_dangling]: Label not connected
    ; error
    @(13364 mils, 19459 mils): Label 'TIE_R14_2_U4_3'
[pin_not_connected]: Pin not connected
    ; error
    @(13370 mils, 12585 mils): Symbol U16 Pin 11 [~{RESET}, Input, Line]
[pin_not_driven]: Input pin not driven by any Output pins
    ; error
    @(13370 mils, 12585 mils): Symbol U16 Pin 11 [~{RESET}, Input, Line]
[wire_dangling]: Wires not connected to anything
    ; error
    @(13370 mils, 12685 mils): Horizontal Wire, length 4380 mils
[pin_not_connected]: Pin not connected
    ; error
    @(13370 mils, 12785 mils): Symbol U16 Pin 14 [INT, Output, Line]
[pin_not_connected]: Pin not connected
    ; error
    @(13370 mils, 12985 mils): Symbol U16 Pin 4 [~{BOOT_LOAD_PIN}, Input, Line]
[pin_not_driven]: Input pin not driven by any Output pins
    ; error
    @(13370 mils, 12985 mils): Symbol U16 Pin 4 [~{BOOT_LOAD_PIN}, Input, Line]
[pin_not_connected]: Pin not connected
    ; error
    @(13370 mils, 13085 mils): Symbol U16 Pin 10 [BL_IND, Output, Line]
[pin_not_connected]: Pin not connected
    ; error
    @(13370 mils, 13285 mils): Symbol U16 Pin 20 [COM0, Bidirectional, Line]
[pin_not_connected]: Pin not connected
    ; error
    @(13370 mils, 13385 mils): Symbol U16 Pin 19 [COM1, Bidirectional, Line]
[pin_not_connected]: Pin not connected
    ; error
    @(13370 mils, 13485 mils): Symbol U16 Pin 18 [COM2, Passive, Line]
[pin_not_connected]: Pin not connected
    ; error
    @(13388 mils, 18555 mils): Symbol U13 Pin 10 [SDA, Bidirectional, Line]
[pin_not_connected]: Pin not connected
    ; error
    @(13388 mils, 18655 mils): Symbol U13 Pin 9 [SCL, Input, Line]
[pin_not_driven]: Input pin not driven by any Output pins
    ; error
    @(13388 mils, 18655 mils): Symbol U13 Pin 9 [SCL, Input, Line]
[wire_dangling]: Wires not connected to anything
    ; error
    @(13388 mils, 18755 mils): Horizontal Wire, length 4371 mils
    @(17759 mils, 18119 mils): Vertical Wire, length 636 mils
[label_dangling]: Label not connected
    ; error
    @(13429 mils, 18483 mils): Label 'TIE_C23_1_U5_1'
[pin_not_connected]: Pin not connected
    ; error
    @(13459 mils, 19603 mils): Symbol C18 Pin 1 [Passive, Line]
[pin_not_connected]: Pin not connected
    ; error
    @(13459 mils, 19903 mils): Symbol C18 Pin 2 [Passive, Line]
[power_pin_not_driven]: Input Power pin not driven by any Output Power pins
    ; error
    @(13485 mils, 18176 mils): Symbol #PWR087 Pin 1 [+3V3, Power input, Line]
[pin_not_connected]: Pin not connected
    ; error
    @(13485 mils, 18326 mils): Symbol L4 Pin 2 [2, Passive, Line]
[label_dangling]: Label not connected
    ; error
    @(13679 mils, 19603 mils): Label 'TIE_C18_2_U4_6'
[label_dangling]: Label not connected
    ; error
    @(13679 mils, 19903 mils): Label 'TIE_C18_1_U4_1'
[label_dangling]: Label not connected
    ; error
    @(13704 mils, 18326 mils): Label 'TIE_U5_6_L4_1'
[power_pin_not_driven]: Input Power pin not driven by any Output Power pins
    ; error
    @(13735 mils, 19595 mils): Symbol #PWR073 Pin 1 [+5V_SERVO, Power input, Line]
[pin_not_connected]: Pin not connected
    ; error
    @(13735 mils, 19745 mils): Symbol L3 Pin 2 [2, Passive, Line]
[power_pin_not_driven]: Input Power pin not driven by any Output Power pins
    ; error
    @(13760 mils, 17404 mils): Symbol #PWR093 Pin 1 [GND, Power input, Line]
[power_pin_not_driven]: Input Power pin not driven by any Output Power pins
    ; error
    @(13760 mils, 17719 mils): Symbol #PWR091 Pin 1 [GND, Power input, Line]
[pin_not_connected]: Pin not connected
    ; error
    @(13760 mils, 17854 mils): Symbol C26 Pin 2 [Passive, Line]
[pin_not_connected]: Pin not connected
    ; error
    @(13760 mils, 17869 mils): Symbol C25 Pin 1 [Passive, Line]
[power_pin_not_driven]: Input Power pin not driven by any Output Power pins
    ; error
    @(13760 mils, 18004 mils): Symbol #PWR092 Pin 1 [+3V3, Power input, Line]
[power_pin_not_driven]: Input Power pin not driven by any Output Power pins
    ; error
    @(13760 mils, 18319 mils): Symbol #PWR090 Pin 1 [+3V3, Power input, Line]
[pin_not_connected]: Pin not connected
    ; error
    @(13761 mils, 19847 mils): Symbol U12 Pin 4 [PWM, Output, Line]
[pin_not_connected]: Pin not connected
    ; error
    @(13761 mils, 19947 mils): Symbol U12 Pin 5 [Sense, Bidirectional, Line]
[pin_not_connected]: Pin not connected
    ; error
    @(13761 mils, 20147 mils): Symbol U12 Pin 8 [AUX, Input, Line]
[pin_not_driven]: Input pin not driven by any Output pins
    ; error
    @(13761 mils, 20147 mils): Symbol U12 Pin 8 [AUX, Input, Line]
[pin_not_connected]: Pin not connected
    ; error
    @(13770 mils, 21353 mils): Symbol Q2 Pin 1 [G, Input, Line]
[pin_not_driven]: Input pin not driven by any Output pins
    ; error
    @(13770 mils, 21353 mils): Symbol Q2 Pin 1 [G, Input, Line]
[power_pin_not_driven]: Input Power pin not driven by any Output Power pins
    ; error
    @(13840 mils, 22615 mils): Symbol #PWR149 Pin 1 [GND, Power input, Line]
[power_pin_not_driven]: Input Power pin not driven by any Output Power pins
    ; error
    @(13840 mils, 23215 mils): Symbol #PWR148 Pin 1 [+3V3, Power input, Line]
[pin_not_connected]: Pin not connected
    ; error
    @(13844 mils, 14680 mils): Symbol U15 Pin 8 [CS_M, Input, Line]
[pin_not_driven]: Input pin not driven by any Output pins
    ; error
    @(13844 mils, 14680 mils): Symbol U15 Pin 8 [CS_M, Input, Line]
[pin_not_connected]: Pin not connected
    ; error
    @(13844 mils, 14780 mils): Symbol U15 Pin 6 [SDO_M, Output, Line]
[pin_not_connected]: Pin not connected
    ; error
    @(13844 mils, 14880 mils): Symbol U15 Pin 9 [DRDY_M, Output, Line]
[pin_not_connected]: Pin not connected
    ; error
    @(13844 mils, 14980 mils): Symbol U15 Pin 10 [INT_M, Output, Line]
[pin_not_connected]: Pin not connected
    ; error
    @(13844 mils, 15180 mils): Symbol U15 Pin 14 [RES, Bidirectional, Line]
[pin_not_connected]: Pin not connected
    ; error
    @(13844 mils, 15280 mils): Symbol U15 Pin 15 [RES, Bidirectional, Line]
[pin_not_connected]: Pin not connected
    ; error
    @(13844 mils, 15380 mils): Symbol U15 Pin 16 [RES, Bidirectional, Line]
[pin_not_connected]: Pin not connected
    ; error
    @(13844 mils, 15480 mils): Symbol U15 Pin 17 [RES, Bidirectional, Line]
[pin_not_connected]: Pin not connected
    ; error
    @(13844 mils, 15580 mils): Symbol U15 Pin 18 [RES, Bidirectional, Line]
[pin_not_connected]: Pin not connected
    ; error
    @(13870 mils, 12385 mils): Symbol U16 Pin 3 [VDD, Power input, Line]
[power_pin_not_driven]: Input Power pin not driven by any Output Power pins
    ; error
    @(13870 mils, 12385 mils): Symbol U16 Pin 3 [VDD, Power input, Line]
[pin_not_connected]: Pin not connected
    ; error
    @(13870 mils, 13785 mils): Symbol U16 Pin 2 [GND, Power input, Line]
[power_pin_not_driven]: Input Power pin not driven by any Output Power pins
    ; error
    @(13870 mils, 13785 mils): Symbol U16 Pin 2 [GND, Power input, Line]
[pin_not_connected]: Pin not connected
    ; error
    @(13870 mils, 20753 mils): Symbol U11 Pin 6 [VDDIO, Power input, Line]
[power_pin_not_driven]: Input Power pin not driven by any Output Power pins
    ; error
    @(13870 mils, 20753 mils): Symbol U11 Pin 6 [VDDIO, Power input, Line]
[pin_not_connected]: Pin not connected
    ; error
    @(13870 mils, 21953 mils): Symbol U11 Pin 1 [GND, Power input, Line]
[power_pin_not_driven]: Input Power pin not driven by any Output Power pins
    ; error
    @(13870 mils, 21953 mils): Symbol U11 Pin 1 [GND, Power input, Line]
[power_pin_not_driven]: Input Power pin not driven by any Output Power pins
    ; error
    @(14011 mils, 18823 mils): Symbol #PWR081 Pin 1 [GND, Power input, Line]
[power_pin_not_driven]: Input Power pin not driven by any Output Power pins
    ; error
    @(14011 mils, 19138 mils): Symbol #PWR079 Pin 1 [GND, Power input, Line]
[pin_not_connected]: Pin not connected
    ; error
    @(14011 mils, 19273 mils): Symbol C22 Pin 2 [Passive, Line]
[pin_not_connected]: Pin not connected
    ; error
    @(14011 mils, 19288 mils): Symbol C21 Pin 1 [Passive, Line]
[power_pin_not_driven]: Input Power pin not driven by any Output Power pins
    ; error
    @(14011 mils, 19423 mils): Symbol #PWR080 Pin 1 [+5V_SERVO, Power input, Line]
[power_pin_not_driven]: Input Power pin not driven by any Output Power pins
    ; error
    @(14011 mils, 19738 mils): Symbol #PWR078 Pin 1 [+5V_SERVO, Power input, Line]
[pin_not_connected]: Pin not connected
    ; error
    @(14070 mils, 12385 mils): Symbol U16 Pin 28 [VDDIO, Power input, Line]
[power_pin_not_driven]: Input Power pin not driven by any Output Power pins
    ; error
    @(14070 mils, 12385 mils): Symbol U16 Pin 28 [VDDIO, Power input, Line]
[pin_not_connected]: Pin not connected
    ; error
    @(14070 mils, 13785 mils): Symbol U16 Pin 25 [GNDIO, Power input, Line]
[power_pin_not_driven]: Input Power pin not driven by any Output Power pins
    ; error
    @(14070 mils, 13785 mils): Symbol U16 Pin 25 [GNDIO, Power input, Line]
[pin_not_connected]: Pin not connected
    ; error
    @(14070 mils, 20753 mils): Symbol U11 Pin 8 [VDD, Power input, Line]
[power_pin_not_driven]: Input Power pin not driven by any Output Power pins
    ; error
    @(14070 mils, 20753 mils): Symbol U11 Pin 8 [VDD, Power input, Line]
[pin_not_connected]: Pin not connected
    ; error
    @(14070 mils, 21153 mils): Symbol Q2 Pin 3 [D, Passive, Line]
[pin_not_connected]: Pin not connected
    ; error
    @(14070 mils, 21553 mils): Symbol Q2 Pin 2 [S, Passive, Line]
[pin_not_connected]: Pin not connected
    ; error
    @(14070 mils, 21953 mils): Symbol U11 Pin 7 [GND, Power input, Line]
[power_pin_not_driven]: Input Power pin not driven by any Output Power pins
    ; error
    @(14070 mils, 21953 mils): Symbol U11 Pin 7 [GND, Power input, Line]
[power_pin_not_driven]: Input Power pin not driven by any Output Power pins
    ; error
    @(14075 mils, 17561 mils): Symbol #PWR095 Pin 1 [GND, Power input, Line]
[pin_not_connected]: Pin not connected
    ; error
    @(14075 mils, 18011 mils): Symbol R16 Pin 2 [Passive, Line]
[pin_not_connected]: Pin not connected
    ; error
    @(14075 mils, 18105 mils): Symbol R15 Pin 1 [Passive, Line]
[power_pin_not_driven]: Input Power pin not driven by any Output Power pins
    ; error
    @(14075 mils, 18555 mils): Symbol #PWR094 Pin 1 [+3V3, Power input, Line]
[label_dangling]: Label not connected
    ; error
    @(14295 mils, 18105 mils): Label 'TIE_R15_2_U5_5'
[power_pin_not_driven]: Input Power pin not driven by any Output Power pins
    ; error
    @(14326 mils, 18980 mils): Symbol #PWR083 Pin 1 [GND, Power input, Line]
[pin_not_connected]: Pin not connected
    ; error
    @(14326 mils, 19430 mils): Symbol R13 Pin 2 [Passive, Line]
[pin_not_connected]: Pin not connected
    ; error
    @(14326 mils, 19524 mils): Symbol R12 Pin 1 [Passive, Line]
[power_pin_not_driven]: Input Power pin not driven by any Output Power pins
    ; error
    @(14326 mils, 19974 mils): Symbol #PWR082 Pin 1 [+5V_SERVO, Power input, Line]
[label_dangling]: Label not connected
    ; error
    @(14545 mils, 19524 mils): Label 'TIE_R12_2_U4_5'
[pin_not_connected]: Pin not connected
    ; error
    @(14570 mils, 12585 mils): Symbol U16 Pin 26 [XOUT32, Output, Line]
[pin_not_connected]: Pin not connected
    ; error
    @(14570 mils, 13085 mils): Symbol U16 Pin 27 [XIN32, Input, Line]
[pin_not_driven]: Input pin not driven by any Output pins
    ; error
    @(14570 mils, 13085 mils): Symbol U16 Pin 27 [XIN32, Input, Line]
[pin_not_connected]: Pin not connected
    ; error
    @(14570 mils, 13385 mils): Symbol U16 Pin 6 [PS0, Input, Line]
[pin_not_driven]: Input pin not driven by any Output pins
    ; error
    @(14570 mils, 13385 mils): Symbol U16 Pin 6 [PS0, Input, Line]
[pin_not_connected]: Pin not connected
    ; error
    @(14570 mils, 13485 mils): Symbol U16 Pin 5 [PS1, Input, Line]
[pin_not_driven]: Input pin not driven by any Output pins
    ; error
    @(14570 mils, 13485 mils): Symbol U16 Pin 5 [PS1, Input, Line]
[pin_not_connected]: Pin not connected
    ; error
    @(14570 mils, 13585 mils): Symbol U16 Pin 9 [CAP, Passive, Line]
[pin_not_connected]: Pin not connected
    ; error
    @(14570 mils, 21053 mils): Symbol U11 Pin 5 [SDO, Bidirectional, Line]
[pin_not_connected]: Pin not connected
    ; error
    @(14570 mils, 21253 mils): Symbol U11 Pin 4 [SCK, Input, Line]
[pin_not_driven]: Input pin not driven by any Output pins
    ; error
    @(14570 mils, 21253 mils): Symbol U11 Pin 4 [SCK, Input, Line]
[pin_not_connected]: Pin not connected
    ; error
    @(14570 mils, 21453 mils): Symbol U11 Pin 3 [SDI, Bidirectional, Line]
[pin_not_connected]: Pin not connected
    ; error
    @(14570 mils, 21653 mils): Symbol U11 Pin 2 [CSB, Input, Line]
[pin_not_driven]: Input pin not driven by any Output pins
    ; error
    @(14570 mils, 21653 mils): Symbol U11 Pin 2 [CSB, Input, Line]
[pin_not_connected]: Pin not connected
    ; error
    @(14571 mils, 12336 mils): Symbol R34 Pin 2 [Passive, Line]
[pin_not_connected]: Pin not connected
    ; error
    @(14597 mils, 22034 mils): Symbol U10 Pin 10 [VDD, Power input, Line]
[power_pin_not_driven]: Input Power pin not driven by any Output Power pins
    ; error
    @(14597 mils, 22034 mils): Symbol U10 Pin 10 [VDD, Power input, Line]
[pin_not_connected]: Pin not connected
    ; error
    @(14697 mils, 22034 mils): Symbol U10 Pin 1 [Vdd_IO, Power input, Line]
[power_pin_not_driven]: Input Power pin not driven by any Output Power pins
    ; error
    @(14697 mils, 22034 mils): Symbol U10 Pin 1 [Vdd_IO, Power input, Line]
[pin_not_connected]: Pin not connected
    ; error
    @(14697 mils, 22934 mils): Symbol U10 Pin 8 [GND, Power input, Line]
[power_pin_not_driven]: Input Power pin not driven by any Output Power pins
    ; error
    @(14697 mils, 22934 mils): Symbol U10 Pin 8 [GND, Power input, Line]
[pin_not_connected]: Pin not connected
    ; error
    @(14939 mils, 24245 mils): Symbol R9 Pin 2 [Passive, Line]
[pin_not_connected]: Pin not connected
    ; error
    @(15234 mils, 24510 mils): Symbol SW2 Pin 1 [1, Passive, Line]
[pin_not_connected]: Pin not connected
    ; error
    @(15284 mils, 11223 mils): Symbol R29 Pin 1 [Passive, Line]
[pin_not_connected]: Pin not connected
    ; error
    @(15284 mils, 11523 mils): Symbol R29 Pin 2 [Passive, Line]
[pin_not_connected]: Pin not connected
    ; error
    @(15297 mils, 22234 mils): Symbol U10 Pin 4 [SDA, Bidirectional, Line]
[pin_not_connected]: Pin not connected
    ; error
    @(15297 mils, 22334 mils): Symbol U10 Pin 5 [SA0, Input, Line]
[pin_not_driven]: Input pin not driven by any Output pins
    ; error
    @(15297 mils, 22334 mils): Symbol U10 Pin 5 [SA0, Input, Line]
[pin_not_connected]: Pin not connected
    ; error
    @(15297 mils, 22434 mils): Symbol U10 Pin 2 [SCL, Input, Clock]
[pin_not_driven]: Input pin not driven by any Output pins
    ; error
    @(15297 mils, 22434 mils): Symbol U10 Pin 2 [SCL, Input, Clock]
[pin_not_connected]: Pin not connected
    ; error
    @(15297 mils, 22534 mils): Symbol U10 Pin 6 [~{CS}, Input, Line]
[pin_not_driven]: Input pin not driven by any Output pins
    ; error
    @(15297 mils, 22534 mils): Symbol U10 Pin 6 [~{CS}, Input, Line]
[wire_dangling]: Wires not connected to anything
    ; error
    @(15297 mils, 22634 mils): Horizontal Wire, length 3417 mils
[pin_not_connected]: Pin not connected
    ; error
    @(15297 mils, 22734 mils): Symbol U10 Pin 7 [INT_DRDY, Output, Line]
[pin_not_connected]: Pin not connected
    ; error
    @(15598 mils, 10925 mils): Symbol R30 Pin 1 [Passive, Line]
[pin_not_connected]: Pin not connected
    ; error
    @(15598 mils, 11225 mils): Symbol R30 Pin 2 [Passive, Line]
[pin_not_connected]: Pin not connected
    ; error
    @(15634 mils, 24510 mils): Symbol SW2 Pin 2 [2, Passive, Line]
[pin_not_connected]: Pin not connected
    ; error
    @(15667 mils, 25542 mils): Symbol D1 Pin 2 [A, Passive, Line]
[pin_not_connected]: Pin not connected
    ; error
    @(15810 mils, 25583 mils): Symbol R10 Pin 1 [Passive, Line]
[pin_not_connected]: Pin not connected
    ; error
    @(15810 mils, 25883 mils): Symbol R10 Pin 2 [Passive, Line]
[pin_not_connected]: Pin not connected
    ; error
    @(15957 mils, 24739 mils): Symbol TH1 Pin 1 [Passive, Line]
[pin_not_connected]: Pin not connected
    ; error
    @(16388 mils, 10597 mils): Symbol R35 Pin 2 [Passive, Line]
[pin_not_connected]: Pin not connected
    ; error
    @(16478 mils, 16249 mils): Symbol L1 Pin 1 [1, Passive, Line]
[pin_not_connected]: Pin not connected
    ; error
    @(16478 mils, 16549 mils): Symbol L1 Pin 2 [2, Passive, Line]
[pin_not_connected]: Pin not connected
    ; error
    @(16504 mils, 25082 mils): Symbol R8 Pin 1 [Passive, Line]
[pin_not_connected]: Pin not connected
    ; error
    @(16504 mils, 25382 mils): Symbol R8 Pin 2 [Passive, Line]
[power_pin_not_driven]: Input Power pin not driven by any Output Power pins
    ; error
    @(16589 mils, 15617 mils): Symbol #PWR021 Pin 1 [GND, Power input, Line]
[power_pin_not_driven]: Input Power pin not driven by any Output Power pins
    ; error
    @(16680 mils, 13803 mils): Symbol #PWR008 Pin 1 [GND, Power input, Line]
[power_pin_not_driven]: Input Power pin not driven by any Output Power pins
    ; error
    @(16680 mils, 14403 mils): Symbol #PWR007 Pin 1 [+3V3, Power input, Line]
[power_pin_not_driven]: Input Power pin not driven by any Output Power pins
    ; error
    @(16691 mils, 15304 mils): Symbol #PWR006 Pin 1 [GND, Power input, Line]
[power_pin_not_driven]: Input Power pin not driven by any Output Power pins
    ; error
    @(16691 mils, 15904 mils): Symbol #PWR005 Pin 1 [+3V3, Power input, Line]
[pin_not_connected]: Pin not connected
    ; error
    @(16750 mils, 15300 mils): Symbol R1 Pin 1 [Passive, Line]
[pin_not_connected]: Pin not connected
    ; error
    @(16750 mils, 15600 mils): Symbol R1 Pin 2 [Passive, Line]
[pin_not_connected]: Pin not connected
    ; error
    @(16869 mils, 3552 mils): Symbol C50 Pin 1 [Passive, Line]
[power_pin_not_driven]: Input Power pin not driven by any Output Power pins
    ; error
    @(16884 mils, 14848 mils): Symbol #PWR024 Pin 1 [GND, Power input, Line]
[pin_not_connected]: Pin not connected
    ; error
    @(16905 mils, 4353 mils): Symbol J9 Pin 1 [Pin_1, Passive, Line]
[pin_not_connected]: Pin not connected
    ; error
    @(17220 mils, 25754 mils): Symbol R7 Pin 2 [Passive, Line]
[wire_dangling]: Wires not connected to anything
    ; error
    @(17246 mils, 18119 mils): Horizontal Wire, length 5084 mils
[wire_dangling]: Wires not connected to anything
    ; error
    @(17750 mils, 16119 mils): Horizontal Wire, length 4580 mils
[pin_not_connected]: Pin not connected
    ; error
    @(17966 mils, 26063 mils): Symbol R6 Pin 2 [Passive, Line]
[power_pin_not_driven]: Input Power pin not driven by any Output Power pins
    ; error
    @(18094 mils, 13300 mils): Symbol #PWR010 Pin 1 [GND, Power input, Line]
[power_pin_not_driven]: Input Power pin not driven by any Output Power pins
    ; error
    @(18094 mils, 13900 mils): Symbol #PWR009 Pin 1 [+3V3, Power input, Line]
[pin_not_connected]: Pin not connected
    ; error
    @(18332 mils, 25681 mils): Symbol R3 Pin 1 [Passive, Line]
[pin_not_connected]: Pin not connected
    ; error
    @(18332 mils, 25981 mils): Symbol R3 Pin 2 [Passive, Line]
[pin_not_connected]: Pin not connected
    ; error
    @(18591 mils, 25005 mils): Symbol U2 Pin 7 [CC1, Bidirectional, Line]
[pin_not_connected]: Pin not connected
    ; error
    @(18591 mils, 25105 mils): Symbol U2 Pin 6 [CC2, Bidirectional, Line]
[pin_not_connected]: Pin not connected
    ; error
    @(18591 mils, 25305 mils): Symbol U2 Pin 5 [DM, Bidirectional, Line]
[pin_not_connected]: Pin not connected
    ; error
    @(18591 mils, 25405 mils): Symbol U2 Pin 4 [DP, Bidirectional, Line]
[pin_not_connected]: Pin not connected
    ; error
    @(18644 mils, 9484 mils): Symbol R36 Pin 2 [Passive, Line]
[wire_dangling]: Wires not connected to anything
    ; error
    @(18714 mils, 18119 mils): Vertical Wire, length 4715 mils
    @(15297 mils, 22834 mils): Horizontal Wire, length 3417 mils
[power_pin_not_driven]: Input Power pin not driven by any Output Power pins
    ; error
    @(18834 mils, 11995 mils): Symbol #PWR012 Pin 1 [GND, Power input, Line]
[power_pin_not_driven]: Input Power pin not driven by any Output Power pins
    ; error
    @(18834 mils, 12595 mils): Symbol #PWR011 Pin 1 [+3V3, Power input, Line]
[power_pin_not_driven]: Input Power pin not driven by any Output Power pins
    ; error
    @(18892 mils, 25896 mils): Symbol #PWR059 Pin 1 [GND, Power input, Line]
[wire_dangling]: Wires not connected to anything
    ; error
    @(18954 mils, 19419 mils): Vertical Wire, length 3170 mils
[pin_not_connected]: Pin not connected
    ; error
    @(18991 mils, 24805 mils): Symbol U2 Pin 8 [VBUS, Passive, Line]
[pin_not_connected]: Pin not connected
    ; error
    @(18991 mils, 25605 mils): Symbol U2 Pin 11 [GND, Power input, Line]
[power_pin_not_driven]: Input Power pin not driven by any Output Power pins
    ; error
    @(18991 mils, 25605 mils): Symbol U2 Pin 11 [GND, Power input, Line]
[pin_not_connected]: Pin not connected
    ; error
    @(19024 mils, 10819 mils): Symbol D7 Pin 1 [K, Passive, Line]
[pin_not_connected]: Pin not connected
    ; error
    @(19091 mils, 24805 mils): Symbol U2 Pin 1 [VDD, Power input, Line]
[power_pin_not_driven]: Input Power pin not driven by any Output Power pins
    ; error
    @(19091 mils, 24805 mils): Symbol U2 Pin 1 [VDD, Power input, Line]
[pin_not_connected]: Pin not connected
    ; error
    @(19391 mils, 25005 mils): Symbol U2 Pin 10 [PG, Open collector, Line]
[pin_not_connected]: Pin not connected
    ; error
    @(19391 mils, 25205 mils): Symbol U2 Pin 9 [CFG1, Passive, Line]
[pin_not_connected]: Pin not connected
    ; error
    @(19391 mils, 25305 mils): Symbol U2 Pin 2 [CFG2, Passive, Line]
[pin_not_connected]: Pin not connected
    ; error
    @(19391 mils, 25405 mils): Symbol U2 Pin 3 [CFG3, Passive, Line]
[pin_not_connected]: Pin not connected
    ; error
    @(19398 mils, 10904 mils): Symbol R43 Pin 2 [Passive, Line]
[pin_not_connected]: Pin not connected
    ; error
    @(19524 mils, 26181 mils): Symbol R5 Pin 1 [Passive, Line]
[pin_not_connected]: Pin not connected
    ; error
    @(19524 mils, 26481 mils): Symbol R5 Pin 2 [Passive, Line]
[power_pin_not_driven]: Input Power pin not driven by any Output Power pins
    ; error
    @(19558 mils, 25837 mils): Symbol #PWR041 Pin 1 [GND, Power input, Line]
[power_pin_not_driven]: Input Power pin not driven by any Output Power pins
    ; error
    @(19558 mils, 26437 mils): Symbol #PWR040 Pin 1 [VBUS_PD, Power input, Line]
[power_pin_not_driven]: Input Power pin not driven by any Output Power pins
    ; error
    @(19955 mils, 11254 mils): Symbol #PWR258 Pin 1 [GND, Power input, Line]
[pin_not_connected]: Pin not connected
    ; error
    @(20105 mils, 11490 mils): Symbol R42 Pin 1 [Passive, Line]
[power_pin_not_driven]: Input Power pin not driven by any Output Power pins
    ; error
    @(20105 mils, 11940 mils): Symbol #PWR257 Pin 1 [+5V_SERVO, Power input, Line]
[wire_dangling]: Wires not connected to anything
    ; error
    @(20130 mils, 15219 mils): Horizontal Wire, length 200 mils
[wire_dangling]: Wires not connected to anything
    ; error
    @(20130 mils, 15319 mils): Horizontal Wire, length 200 mils
[wire_dangling]: Wires not connected to anything
    ; error
    @(20130 mils, 15419 mils): Horizontal Wire, length 200 mils
[pin_not_driven]: Input pin not driven by any Output pins
    ; error
    @(20130 mils, 15919 mils): Symbol U1 Pin 35 [RUN, Input, Line]
[pin_not_connected]: Pin not connected
    ; error
    @(20130 mils, 16219 mils): Symbol U1 Pin 66 [USB_DM, Bidirectional, Line]
[pin_not_connected]: Pin not connected
    ; error
    @(20130 mils, 16619 mils): Symbol U1 Pin 75 [~{QSPI_SS}, Output, Line]
[pin_not_connected]: Pin not connected
    ; error
    @(20130 mils, 16719 mils): Symbol U1 Pin 71 [QSPI_SCLK, Output, Line]
[pin_not_connected]: Pin not connected
    ; error
    @(20130 mils, 16819 mils): Symbol U1 Pin 72 [QSPI_SD0, Bidirectional, Line]
[pin_not_connected]: Pin not connected
    ; error
    @(20130 mils, 16919 mils): Symbol U1 Pin 74 [QSPI_SD1, Bidirectional, Line]
[pin_not_connected]: Pin not connected
    ; error
    @(20130 mils, 17119 mils): Symbol U1 Pin 70 [QSPI_SD3, Bidirectional, Line]
[pin_not_connected]: Pin not connected
    ; error
    @(20130 mils, 18119 mils): Symbol U1 Pin 33 [SWCLK, Input, Line]
[pin_not_driven]: Input pin not driven by any Output pins
    ; error
    @(20130 mils, 18119 mils): Symbol U1 Pin 33 [SWCLK, Input, Line]
[pin_not_connected]: Pin not connected
    ; error
    @(20130 mils, 18219 mils): Symbol U1 Pin 34 [SWDIO, Bidirectional, Line]
[pin_not_connected]: Pin not connected
    ; error
    @(20130 mils, 18619 mils): Symbol U1 Pin 52 [GPIO41/ADC1, Bidirectional, Line]
[pin_not_connected]: Pin not connected
    ; error
    @(20130 mils, 18719 mils): Symbol U1 Pin 53 [GPIO42/ADC2, Bidirectional, Line]
[pin_not_connected]: Pin not connected
    ; error
    @(20130 mils, 18819 mils): Symbol U1 Pin 54 [GPIO43/ADC3, Bidirectional, Line]
[pin_not_connected]: Pin not connected
    ; error
    @(20130 mils, 18919 mils): Symbol U1 Pin 55 [GPIO44/ADC4, Bidirectional, Line]
[pin_not_connected]: Pin not connected
    ; error
    @(20130 mils, 19019 mils): Symbol U1 Pin 56 [GPIO45/ADC5, Bidirectional, Line]
[pin_not_connected]: Pin not connected
    ; error
    @(20130 mils, 19119 mils): Symbol U1 Pin 57 [GPIO46/ADC6, Bidirectional, Line]
[pin_not_connected]: Pin not connected
    ; error
    @(20130 mils, 19219 mils): Symbol U1 Pin 58 [GPIO47/ADC7, Bidirectional, Line]
[pin_not_connected]: Pin not connected
    ; error
    @(20255 mils, 11404 mils): Symbol D6 Pin 2 [A, Passive, Line]
[power_pin_not_driven]: Input Power pin not driven by any Output Power pins
    ; error
    @(20310 mils, 12267 mils): Symbol #PWR014 Pin 1 [GND, Power input, Line]
[power_pin_not_driven]: Input Power pin not driven by any Output Power pins
    ; error
    @(20310 mils, 12867 mils): Symbol #PWR013 Pin 1 [+3V3, Power input, Line]
[power_pin_not_driven]: Input Power pin not driven by any Output Power pins
    ; error
    @(20324 mils, 26136 mils): Symbol #PWR054 Pin 1 [GND, Power input, Line]
[label_dangling]: Label not connected
    ; error
    @(20350 mils, 15219 mils): Label 'SPARE_GPIO5'
[label_dangling]: Label not connected
    ; error
    @(20350 mils, 15319 mils): Label 'SPARE_GPIO4'
[label_dangling]: Label not connected
    ; error
    @(20350 mils, 15419 mils): Label 'SPARE_GPIO3'
[label_dangling]: Label not connected
    ; error
    @(20350 mils, 15519 mils): Label 'ADAU_RESET'
[label_dangling]: Label not connected
    ; error
    @(20350 mils, 15619 mils): Label 'MIC_SDATA'
[label_dangling]: Label not connected
    ; error
    @(20350 mils, 15719 mils): Label 'MIC_LRCLK'
[label_dangling]: Label not connected
    ; error
    @(20350 mils, 16619 mils): Label 'XOUT_NC_EXTERNAL_OSC_MODE'
[pin_not_connected]: Pin not connected
    ; error
    @(20430 mils, 15019 mils): Symbol U1 Pin 61 [VREG_AVDD, Power input, Line]
[power_pin_not_driven]: Input Power pin not driven by any Output Power pins
    ; error
    @(20430 mils, 15019 mils): Symbol U1 Pin 61 [VREG_AVDD, Power input, Line]
[label_dangling]: Label not connected
    ; error
    @(20474 mils, 11404 mils): Label 'TIE_R42_2_D6_1'
[pin_not_connected]: Pin not connected
    ; error
    @(20630 mils, 15019 mils): Symbol U1 Pin 68 [USB_OTP_VDD, Power input, Line]
[power_pin_not_driven]: Input Power pin not driven by any Output Power pins
    ; error
    @(20630 mils, 15019 mils): Symbol U1 Pin 68 [USB_OTP_VDD, Power input, Line]
[pin_not_connected]: Pin not connected
    ; error
    @(20730 mils, 15019 mils): Symbol U1 Pin 59 [ADC_AVDD, Power input, Line]
[power_pin_not_driven]: Input Power pin not driven by any Output Power pins
    ; error
    @(20730 mils, 15019 mils): Symbol U1 Pin 59 [ADC_AVDD, Power input, Line]
[power_pin_not_driven]: Input Power pin not driven by any Output Power pins
    ; error
    @(20730 mils, 19569 mils): Symbol #PWR003 Pin 1 [+3V3, Power input, Line]
[pin_not_connected]: Pin not connected
    ; error
    @(20830 mils, 32205 mils): Symbol J2 Pin SH [SHIELD, Passive, Line]
[pin_not_connected]: Pin not connected
    ; error
    @(20930 mils, 3733 mils): Symbol J10 Pin 1 [Pin_1, Passive, Line]
[pin_not_connected]: Pin not connected
    ; error
    @(20930 mils, 15019 mils): Symbol U1 Pin 69 [QSPI_IOVDD, Power input, Line]
[power_pin_not_driven]: Input Power pin not driven by any Output Power pins
    ; error
    @(20930 mils, 15019 mils): Symbol U1 Pin 69 [QSPI_IOVDD, Power input, Line]
[wire_dangling]: Wires not connected to anything
    ; error
    @(20930 mils, 18119 mils): Vertical Wire, length 12986 mils
[pin_not_connected]: Pin not connected
    ; error
    @(20930 mils, 19569 mils): Symbol #PWR004 Pin 1 [+3V3, Power input, Line]
[power_pin_not_driven]: Input Power pin not driven by any Output Power pins
    ; error
    @(20930 mils, 19569 mils): Symbol #PWR004 Pin 1 [+3V3, Power input, Line]
[pin_not_connected]: Pin not connected
    ; error
    @(21030 mils, 15019 mils): Symbol U1 Pin 5 [IOVDD, Power input, Line]
[power_pin_not_driven]: Input Power pin not driven by any Output Power pins
    ; error
    @(21030 mils, 15019 mils): Symbol U1 Pin 5 [IOVDD, Power input, Line]
[pin_not_connected]: Pin not connected
    ; error
    @(21030 mils, 19519 mils): Symbol U1 Pin 62 [VREG_PGND, Power input, Line]
[power_pin_not_driven]: Input Power pin not driven by any Output Power pins
    ; error
    @(21030 mils, 19519 mils): Symbol U1 Pin 62 [VREG_PGND, Power input, Line]
[power_pin_not_driven]: Input Power pin not driven by any Output Power pins
    ; error
    @(21030 mils, 19569 mils): Symbol #PWR001 Pin 1 [+3V3, Power input, Line]
[pin_not_connected]: Pin not connected
    ; error
    @(21130 mils, 2896 mils): Symbol C51 Pin 1 [Passive, Line]
[pin_not_connected]: Pin not connected
    ; error
    @(21130 mils, 9102 mils): Symbol R37 Pin 2 [Passive, Line]
[power_pin_not_driven]: Input Power pin not driven by any Output Power pins
    ; error
    @(21130 mils, 11014 mils): Symbol #PWR256 Pin 1 [GND, Power input, Line]
[power_pin_not_driven]: Input Power pin not driven by any Output Power pins
    ; error
    @(21130 mils, 11614 mils): Symbol #PWR255 Pin 1 [+5V_SERVO, Power input, Line]
[power_pin_not_driven]: Input Power pin not driven by any Output Power pins
    ; error
    @(21130 mils, 14769 mils): Symbol #PWR002 Pin 1 [GND, Power input, Line]
[pin_not_connected]: Pin not connected
    ; error
    @(21130 mils, 19519 mils): Symbol U1 Pin 81 [GND, Power input, Line]
[power_pin_not_driven]: Input Power pin not driven by any Output Power pins
    ; error
    @(21130 mils, 19519 mils): Symbol U1 Pin 81 [GND, Power input, Line]
[pin_not_connected]: Pin not connected
    ; error
    @(21130 mils, 26321 mils): Symbol C12 Pin 1 [Passive, Line]
[pin_not_connected]: Pin not connected
    ; error
    @(21130 mils, 26621 mils): Symbol C12 Pin 2 [Passive, Line]
[pin_not_connected]: Pin not connected
    ; error
    @(21130 mils, 32205 mils): Symbol J2 Pin A1 [GND, Passive, Line]
[pin_not_connected]: Pin not connected
    ; error
    @(21230 mils, 15019 mils): Symbol U1 Pin 64 [VREG_VIN, Power input, Line]
[power_pin_not_driven]: Input Power pin not driven by any Output Power pins
    ; error
    @(21230 mils, 15019 mils): Symbol U1 Pin 64 [VREG_VIN, Power input, Line]
[pin_not_connected]: Pin not connected
    ; error
    @(21330 mils, 15019 mils): Symbol U1 Pin 63 [VREG_LX, Power output, Line]
[pin_not_connected]: Pin not connected
    ; error
    @(21430 mils, 15019 mils): Symbol U1 Pin 65 [VREG_FB, Passive, Line]
[power_pin_not_driven]: Input Power pin not driven by any Output Power pins
    ; error
    @(21604 mils, 11507 mils): Symbol #PWR016 Pin 1 [GND, Power input, Line]
[power_pin_not_driven]: Input Power pin not driven by any Output Power pins
    ; error
    @(21604 mils, 12107 mils): Symbol #PWR015 Pin 1 [+3V3, Power input, Line]
[pin_not_connected]: Pin not connected
    ; error
    @(21630 mils, 15019 mils): Symbol U1 Pin 10 [DVDD, Power input, Line]
[power_pin_not_driven]: Input Power pin not driven by any Output Power pins
    ; error
    @(21630 mils, 15019 mils): Symbol U1 Pin 10 [DVDD, Power input, Line]
[pin_not_connected]: Pin not connected
    ; error
    @(21730 mils, 29605 mils): Symbol J2 Hidden pin B4 [VBUS, Passive, Line]
[pin_not_connected]: Pin not connected
    ; error
    @(21730 mils, 29805 mils): Symbol J2 Pin A5 [CC1, Bidirectional, Line]
[pin_not_connected]: Pin not connected
    ; error
    @(21730 mils, 29905 mils): Symbol J2 Pin B5 [CC2, Bidirectional, Line]
[pin_not_connected]: Pin not connected
    ; error
    @(21730 mils, 30105 mils): Symbol J2 Pin A7 [D-, Bidirectional, Line]
[pin_not_connected]: Pin not connected
    ; error
    @(21730 mils, 30205 mils): Symbol J2 Pin B7 [D-, Bidirectional, Line]
[pin_not_connected]: Pin not connected
    ; error
    @(21730 mils, 30305 mils): Symbol J2 Pin A6 [D+, Bidirectional, Line]
[pin_not_connected]: Pin not connected
    ; error
    @(21730 mils, 30405 mils): Symbol J2 Pin B6 [D+, Bidirectional, Line]
[pin_not_connected]: Pin not connected
    ; error
    @(21730 mils, 30605 mils): Symbol J2 Pin B10 [RX1-, Bidirectional, Line]
[pin_not_connected]: Pin not connected
    ; error
    @(21730 mils, 30705 mils): Symbol J2 Pin B11 [RX1+, Bidirectional, Line]
[pin_not_connected]: Pin not connected
    ; error
    @(21730 mils, 30905 mils): Symbol J2 Pin A3 [TX1-, Bidirectional, Line]
[pin_not_connected]: Pin not connected
    ; error
    @(21730 mils, 31005 mils): Symbol J2 Pin A2 [TX1+, Bidirectional, Line]
[pin_not_connected]: Pin not connected
    ; error
    @(21730 mils, 31205 mils): Symbol J2 Pin A10 [RX2-, Bidirectional, Line]
[pin_not_connected]: Pin not connected
    ; error
    @(21730 mils, 31305 mils): Symbol J2 Pin A11 [RX2+, Bidirectional, Line]
[pin_not_connected]: Pin not connected
    ; error
    @(21730 mils, 31505 mils): Symbol J2 Pin B3 [TX2-, Bidirectional, Line]
[pin_not_connected]: Pin not connected
    ; error
    @(21730 mils, 31605 mils): Symbol J2 Pin B2 [TX2+, Bidirectional, Line]
[pin_not_connected]: Pin not connected
    ; error
    @(21730 mils, 31805 mils): Symbol J2 Pin A8 [SBU1, Bidirectional, Line]
[pin_not_connected]: Pin not connected
    ; error
    @(21730 mils, 31905 mils): Symbol J2 Pin B8 [SBU2, Bidirectional, Line]
[pin_not_connected]: Pin not connected
    ; error
    @(21937 mils, 26286 mils): Symbol C11 Pin 1 [Passive, Line]
[pin_not_connected]: Pin not connected
    ; error
    @(21937 mils, 26586 mils): Symbol C11 Pin 2 [Passive, Line]
[wire_dangling]: Wires not connected to anything
    ; error
    @(21948 mils, 25561 mils): Vertical Wire, length 5544 mils
    @(22166 mils, 25561 mils): Horizontal Wire, length 218 mils
[pin_not_connected]: Pin not connected
    ; error
    @(21954 mils, 7606 mils): Symbol Y2 Pin 2 [2, Passive, Line]
[pin_not_connected]: Pin not connected
    ; error
    @(21954 mils, 8006 mils): Symbol Y2 Pin 4 [4, Passive, Line]
[pin_not_connected]: Pin not connected
    ; error
    @(22104 mils, 7806 mils): Symbol Y2 Pin 3 [3, Passive, Line]
[wire_dangling]: Wires not connected to anything
    ; error
    @(22130 mils, 15219 mils): Horizontal Wire, length 200 mils
[pin_not_connected]: Pin not connected
    ; error
    @(22130 mils, 15319 mils): Symbol U1 Pin 77 [GPIO0, Bidirectional, Line]
[pin_not_connected]: Pin not connected
    ; error
    @(22130 mils, 15419 mils): Symbol U1 Pin 78 [GPIO1, Bidirectional, Line]
[pin_not_connected]: Pin not connected
    ; error
    @(22130 mils, 15519 mils): Symbol U1 Pin 79 [GPIO2, Bidirectional, Line]
[pin_not_connected]: Pin not connected
    ; error
    @(22130 mils, 15619 mils): Symbol U1 Pin 80 [GPIO3, Bidirectional, Line]
[pin_not_connected]: Pin not connected
    ; error
    @(22130 mils, 15719 mils): Symbol U1 Pin 1 [GPIO4, Bidirectional, Line]
[pin_not_connected]: Pin not connected
    ; error
    @(22130 mils, 15919 mils): Symbol U1 Pin 3 [GPIO6, Bidirectional, Line]
[pin_not_connected]: Pin not connected
    ; error
    @(22130 mils, 16019 mils): Symbol U1 Pin 4 [GPIO7, Bidirectional, Line]
[pin_not_connected]: Pin not connected
    ; error
    @(22130 mils, 16119 mils): Symbol U1 Pin 6 [GPIO8, Bidirectional, Line]
[pin_not_connected]: Pin not connected
    ; error
    @(22130 mils, 16219 mils): Symbol U1 Pin 7 [GPIO9, Bidirectional, Line]
[pin_not_connected]: Pin not connected
    ; error
    @(22130 mils, 16319 mils): Symbol U1 Pin 8 [GPIO10, Bidirectional, Line]
[pin_not_connected]: Pin not connected
    ; error
    @(22130 mils, 17019 mils): Symbol U1 Pin 17 [GPIO17, Bidirectional, Line]
[pin_not_connected]: Pin not connected
    ; error
    @(22130 mils, 17319 mils): Symbol U1 Pin 20 [GPIO20, Bidirectional, Line]
[pin_not_connected]: Pin not connected
    ; error
    @(22130 mils, 17419 mils): Symbol U1 Pin 21 [GPIO21, Bidirectional, Line]
[pin_not_connected]: Pin not connected
    ; error
    @(22130 mils, 17519 mils): Symbol U1 Pin 22 [GPIO22, Bidirectional, Line]
[pin_not_connected]: Pin not connected
    ; error
    @(22130 mils, 17619 mils): Symbol U1 Pin 23 [GPIO23, Bidirectional, Line]
[pin_not_connected]: Pin not connected
    ; error
    @(22130 mils, 17719 mils): Symbol U1 Pin 25 [GPIO24, Bidirectional, Line]
[pin_not_connected]: Pin not connected
    ; error
    @(22130 mils, 17819 mils): Symbol U1 Pin 26 [GPIO25, Bidirectional, Line]
[pin_not_connected]: Pin not connected
    ; error
    @(22130 mils, 18119 mils): Symbol U1 Pin 36 [GPIO28, Bidirectional, Line]
[pin_not_connected]: Pin not connected
    ; error
    @(22130 mils, 18219 mils): Symbol U1 Pin 37 [GPIO29, Bidirectional, Line]
[pin_not_connected]: Pin not connected
    ; error
    @(22130 mils, 18519 mils): Symbol U1 Pin 40 [GPIO32, Bidirectional, Line]
[pin_not_connected]: Pin not connected
    ; error
    @(22130 mils, 18719 mils): Symbol U1 Pin 43 [GPIO34, Bidirectional, Line]
[pin_not_connected]: Pin not connected
    ; error
    @(22130 mils, 18819 mils): Symbol U1 Pin 44 [GPIO35, Bidirectional, Line]
[pin_not_connected]: Pin not connected
    ; error
    @(22130 mils, 18919 mils): Symbol U1 Pin 45 [GPIO36, Bidirectional, Line]
[pin_not_connected]: Pin not connected
    ; error
    @(22130 mils, 19019 mils): Symbol U1 Pin 46 [GPIO37, Bidirectional, Line]
[pin_not_connected]: Pin not connected
    ; error
    @(22130 mils, 19119 mils): Symbol U1 Pin 47 [GPIO38, Bidirectional, Line]
[pin_not_connected]: Pin not connected
    ; error
    @(22130 mils, 19219 mils): Symbol U1 Pin 48 [GPIO39, Bidirectional, Line]
[pin_not_connected]: Pin not connected
    ; error
    @(22166 mils, 24261 mils): Symbol U3 Pin 2 [VBUS, Power input, Line]
[power_pin_not_driven]: Input Power pin not driven by any Output Power pins
    ; error
    @(22166 mils, 24261 mils): Symbol U3 Pin 2 [VBUS, Power input, Line]
[pin_not_connected]: Pin not connected
    ; error
    @(22166 mils, 24861 mils): Symbol U3 Pin 10 [ACDRV2, Passive, Line]
[pin_not_connected]: Pin not connected
    ; error
    @(22166 mils, 25061 mils): Symbol U3 Pin 7 [D-, Bidirectional, Line]
[pin_not_connected]: Pin not connected
    ; error
    @(22166 mils, 25161 mils): Symbol U3 Pin 6 [D+, Bidirectional, Line]
[pin_not_connected]: Pin not connected
    ; error
    @(22166 mils, 25361 mils): Symbol U3 Pin 14 [SCL, Input, Line]
[pin_not_driven]: Input pin not driven by any Output pins
    ; error
    @(22166 mils, 25361 mils): Symbol U3 Pin 14 [SCL, Input, Line]
[pin_not_connected]: Pin not connected
    ; error
    @(22166 mils, 25461 mils): Symbol U3 Pin 15 [SDA, Bidirectional, Line]
[pin_not_connected]: Pin not connected
    ; error
    @(22166 mils, 25661 mils): Symbol U3 Pin 21 [~{INT}, Open collector, Line]
[pin_not_connected]: Pin not connected
    ; error
    @(22166 mils, 25761 mils): Symbol U3 Pin 13 [~{CE}, Input, Line]
[pin_not_driven]: Input pin not driven by any Output pins
    ; error
    @(22166 mils, 25761 mils): Symbol U3 Pin 13 [~{CE}, Input, Line]
[pin_not_connected]: Pin not connected
    ; error
    @(22166 mils, 25961 mils): Symbol U3 Pin 12 [~{QON}, Input, Line]
[pin_not_driven]: Input pin not driven by any Output pins
    ; error
    @(22166 mils, 25961 mils): Symbol U3 Pin 12 [~{QON}, Input, Line]
[pin_not_driven]: Input pin not driven by any Output pins
    ; error
    @(22166 mils, 26161 mils): Symbol U3 Pin 17 [ILIM_HIZ, Input, Line]
[pin_not_connected]: Pin not connected
    ; error
    @(22166 mils, 26261 mils): Symbol U3 Pin 20 [PROG, Input, Line]
[pin_not_driven]: Input pin not driven by any Output pins
    ; error
    @(22166 mils, 26261 mils): Symbol U3 Pin 20 [PROG, Input, Line]
[label_dangling]: Label not connected
    ; error
    @(22350 mils, 15219 mils): Label 'SPARE_GPIO2'
[label_dangling]: Label not connected
    ; error
    @(22350 mils, 15319 mils): Label 'SPARE_GPIO1'
[label_dangling]: Label not connected
    ; error
    @(22350 mils, 15419 mils): Label 'HEARTBEAT_DRV'
[label_dangling]: Label not connected
    ; error
    @(22350 mils, 15519 mils): Label 'UART_RX'
[label_dangling]: Label not connected
    ; error
    @(22350 mils, 15619 mils): Label 'UART_TX'
[label_dangling]: Label not connected
    ; error
    @(22350 mils, 15719 mils): Label 'PD_PG'
[label_dangling]: Label not connected
    ; error
    @(22350 mils, 16019 mils): Label 'CCS_INT'
[label_dangling]: Label not connected
    ; error
    @(22350 mils, 16119 mils): Label 'BNO_INT'
[label_dangling]: Label not connected
    ; error
    @(22350 mils, 16219 mils): Label 'IMU_INT1'
[label_dangling]: Label not connected
    ; error
    @(22350 mils, 17519 mils): Label 'SPI0_CS_SD'
[label_dangling]: Label not connected
    ; error
    @(22350 mils, 17619 mils): Label 'SPI0_MISO'
[label_dangling]: Label not connected
    ; error
    @(22350 mils, 17719 mils): Label 'SPI0_MOSI'
[label_dangling]: Label not connected
    ; error
    @(22350 mils, 18119 mils): Label 'I2C0_SCL'
[label_dangling]: Label not connected
    ; error
    @(22350 mils, 18219 mils): Label 'I2C0_SDA'
[label_dangling]: Label not connected
    ; error
    @(22350 mils, 18719 mils): Label 'SERVO_FIN_E'
[label_dangling]: Label not connected
    ; error
    @(22350 mils, 18819 mils): Label 'SERVO_FIN_N'
[label_dangling]: Label not connected
    ; error
    @(22350 mils, 18919 mils): Label 'SERVO_TVC3'
[label_dangling]: Label not connected
    ; error
    @(22350 mils, 19019 mils): Label 'SERVO_TVC2'
[label_dangling]: Label not connected
    ; error
    @(22350 mils, 19119 mils): Label 'SERVO_TVC1'
[power_pin_not_driven]: Input Power pin not driven by any Output Power pins
    ; error
    @(22391 mils, 7952 mils): Symbol #PWR227 Pin 1 [GND, Power input, Line]
[power_pin_not_driven]: Input Power pin not driven by any Output Power pins
    ; error
    @(22391 mils, 8552 mils): Symbol #PWR226 Pin 1 [+3V3, Power input, Line]
[pin_not_connected]: Pin not connected
    ; error
    @(22459 mils, 11415 mils): Symbol J15 Pin 1 [Pin_1, Passive, Line]
[pin_not_connected]: Pin not connected
    ; error
    @(22459 mils, 11515 mils): Symbol J15 Pin 2 [Pin_2, Passive, Line]
[pin_not_connected]: Pin not connected
    ; error
    @(22459 mils, 11615 mils): Symbol J15 Pin 3 [Pin_3, Passive, Line]
[pin_not_connected]: Pin not connected
    ; error
    @(22459 mils, 11715 mils): Symbol J15 Pin 4 [Pin_4, Passive, Line]
[pin_not_connected]: Pin not connected
    ; error
    @(22566 mils, 8227 mils): Symbol U17 Pin 1 [AVDD, Power input, Line]
[power_pin_not_driven]: Input Power pin not driven by any Output Power pins
    ; error
    @(22566 mils, 8227 mils): Symbol U17 Pin 1 [AVDD, Power input, Line]
[power_pin_not_driven]: Input Power pin not driven by any Output Power pins
    ; error
    @(22566 mils, 8327 mils): Symbol U17 Pin 2 [DVDD, Power input, Line]
[pin_not_connected]: Pin not connected
    ; error
    @(22566 mils, 8427 mils): Symbol U17 Pin 3 [IOVDD, Power input, Line]
[power_pin_not_driven]: Input Power pin not driven by any Output Power pins
    ; error
    @(22566 mils, 8427 mils): Symbol U17 Pin 3 [IOVDD, Power input, Line]
[pin_not_connected]: Pin not connected
    ; error
    @(22566 mils, 8527 mils): Symbol U17 Pin 4 [PLLVDD, Power input, Line]
[power_pin_not_driven]: Input Power pin not driven by any Output Power pins
    ; error
    @(22566 mils, 8527 mils): Symbol U17 Pin 4 [PLLVDD, Power input, Line]
[pin_not_connected]: Pin not connected
    ; error
    @(22566 mils, 8627 mils): Symbol U17 Pin 5 [GND, Power input, Line]
[power_pin_not_driven]: Input Power pin not driven by any Output Power pins
    ; error
    @(22566 mils, 8627 mils): Symbol U17 Pin 5 [GND, Power input, Line]
[pin_not_connected]: Pin not connected
    ; error
    @(22566 mils, 8827 mils): Symbol U17 Pin 7 [PDM_DATA0, Input, Line]
[pin_not_driven]: Input pin not driven by any Output pins
    ; error
    @(22566 mils, 8827 mils): Symbol U17 Pin 7 [PDM_DATA0, Input, Line]
[pin_not_connected]: Pin not connected
    ; error
    @(22566 mils, 8927 mils): Symbol U17 Pin 8 [BCLK0, Bidirectional, Line]
[pin_not_connected]: Pin not connected
    ; error
    @(22566 mils, 9027 mils): Symbol U17 Pin 9 [LRCLK0, Bidirectional, Line]
[pin_not_connected]: Pin not connected
    ; error
    @(22566 mils, 9127 mils): Symbol U17 Pin 10 [SDATA_OUT0, Output, Line]
[pin_not_connected]: Pin not connected
    ; error
    @(22566 mils, 9227 mils): Symbol U17 Pin 11 [SCL, Bidirectional, Line]
[pin_not_driven]: Input pin not driven by any Output pins
    ; error
    @(22566 mils, 9427 mils): Symbol U17 Pin 13 [~RESET, Input, Line]
[pin_not_connected]: Pin not connected
    ; error
    @(22566 mils, 9527 mils): Symbol U17 Pin 14 [CLATCH, Input, Line]
[pin_not_driven]: Input pin not driven by any Output pins
    ; error
    @(22566 mils, 9527 mils): Symbol U17 Pin 14 [CLATCH, Input, Line]
[pin_not_connected]: Pin not connected
    ; error
    @(22566 mils, 9627 mils): Symbol U17 Pin 15 [MP0_BOOT, Input, Line]
[pin_not_driven]: Input pin not driven by any Output pins
    ; error
    @(22566 mils, 9627 mils): Symbol U17 Pin 15 [MP0_BOOT, Input, Line]
[pin_not_connected]: Pin not connected
    ; error
    @(22566 mils, 9727 mils): Symbol U17 Pin 16 [XTALI, Passive, Line]
[pin_not_connected]: Pin not connected
    ; error
    @(22566 mils, 9827 mils): Symbol U17 Pin 17 [XTALO, Passive, Line]
[pin_not_connected]: Pin not connected
    ; error
    @(22566 mils, 26661 mils): Symbol U3 Pin 27 [GND, Power input, Line]
[power_pin_not_driven]: Input Power pin not driven by any Output Power pins
    ; error
    @(22566 mils, 26661 mils): Symbol U3 Pin 27 [GND, Power input, Line]
[pin_not_connected]: Pin not connected
    ; error
    @(22966 mils, 24461 mils): Symbol U3 Pin 4 [BTST1, Passive, Line]
[pin_not_connected]: Pin not connected
    ; error
    @(22966 mils, 24661 mils): Symbol U3 Pin 28 [SW1, Power output, Line]
[pin_not_connected]: Pin not connected
    ; error
    @(22966 mils, 25061 mils): Symbol U3 Pin 26 [SW2, Power output, Line]
[pin_not_connected]: Pin not connected
    ; error
    @(22966 mils, 25461 mils): Symbol U3 Pin 1 [STAT, Open collector, Line]
[pin_not_connected]: Pin not connected
    ; error
    @(22966 mils, 25861 mils): Symbol U3 Pin 25 [SYS, Power output, Line]
[pin_not_connected]: Pin not connected
    ; error
    @(22966 mils, 26061 mils): Symbol U3 Pin 22 [BAT, Power output, Line]
[pin_not_connected]: Pin not connected
    ; error
    @(22966 mils, 26261 mils): Symbol U3 Pin 24 [SDRV, Output, Line]
[pin_not_connected]: Pin not connected
    ; error
    @(22966 mils, 26461 mils): Symbol U3 Pin 18 [BATP, Input, Line]
[pin_not_driven]: Input pin not driven by any Output pins
    ; error
    @(22966 mils, 26461 mils): Symbol U3 Pin 18 [BATP, Input, Line]
[pin_not_connected]: Pin not connected
    ; error
    @(23369 mils, 26046 mils): Symbol R4 Pin 1 [Passive, Line]
[pin_not_connected]: Pin not connected
    ; error
    @(23369 mils, 26346 mils): Symbol R4 Pin 2 [Passive, Line]
[pin_not_connected]: Pin not connected
    ; error
    @(23678 mils, 26576 mils): Symbol L2 Pin 1 [1, Passive, Line]
[pin_not_driven]: Input pin not driven by any Output pins
    ; error
    @(23789 mils, 26019 mils): Symbol Q1 Pin 1 [G, Input, Line]
[power_pin_not_driven]: Input Power pin not driven by any Output Power pins
    ; error
    @(23928 mils, 8307 mils): Symbol #PWR216 Pin 1 [GND, Power input, Line]
[power_pin_not_driven]: Input Power pin not driven by any Output Power pins
    ; error
    @(23928 mils, 8907 mils): Symbol #PWR215 Pin 1 [+3V3, Power input, Line]
[pin_not_connected]: Pin not connected
    ; error
    @(23958 mils, 9150 mils): Symbol MK1 Pin 2 [VDD, Power input, Line]
[power_pin_not_driven]: Input Power pin not driven by any Output Power pins
    ; error
    @(23958 mils, 9150 mils): Symbol MK1 Pin 2 [VDD, Power input, Line]
[pin_not_connected]: Pin not connected
    ; error
    @(23958 mils, 9750 mils): Symbol MK1 Pin 5 [GND, Power input, Line]
[power_pin_not_driven]: Input Power pin not driven by any Output Power pins
    ; error
    @(23958 mils, 9750 mils): Symbol MK1 Pin 5 [GND, Power input, Line]
[pin_not_connected]: Pin not connected
    ; error
    @(24089 mils, 26219 mils): Symbol Q1 Pin 2 [S, Passive, Line]
[power_pin_not_driven]: Input Power pin not driven by any Output Power pins
    ; error
    @(24172 mils, 26280 mils): Symbol #PWR047 Pin 1 [GND, Power input, Line]
[power_pin_not_driven]: Input Power pin not driven by any Output Power pins
    ; error
    @(24172 mils, 26880 mils): Symbol #PWR046 Pin 1 [VBUS_PD, Power input, Line]
[pin_not_driven]: Input pin not driven by any Output pins
    ; error
    @(24358 mils, 9450 mils): Symbol MK1 Pin 3 [CLOCK, Input, Line]
[pin_not_connected]: Pin not connected
    ; error
    @(24358 mils, 9550 mils): Symbol MK1 Pin 1 [DATA, Output, Line]
[wire_dangling]: Wires not connected to anything
    ; error
    @(24423 mils, 17319 mils): Vertical Wire, length 2340 mils
    @(28716 mils, 19659 mils): Horizontal Wire, length 4293 mils
[pin_not_connected]: Pin not connected
    ; error
    @(24726 mils, 12595 mils): Symbol J16 Pin 1 [Pin_1, Passive, Line]
[pin_not_connected]: Pin not connected
    ; error
    @(24726 mils, 12695 mils): Symbol J16 Pin 2 [Pin_2, Passive, Line]
[pin_not_connected]: Pin not connected
    ; error
    @(24726 mils, 12795 mils): Symbol J16 Pin 3 [Pin_3, Passive, Line]
[pin_not_connected]: Pin not connected
    ; error
    @(24726 mils, 12895 mils): Symbol J16 Pin 4 [Pin_4, Passive, Line]
[wire_dangling]: Wires not connected to anything
    ; error
    @(24753 mils, 11273 mils): Vertical Wire, length 6746 mils
    @(24753 mils, 11273 mils): Horizontal Wire, length 2623 mils
[power_pin_not_driven]: Input Power pin not driven by any Output Power pins
    ; error
    @(24817 mils, 26045 mils): Symbol #PWR050 Pin 1 [GND, Power input, Line]
[pin_not_connected]: Pin not connected
    ; error
    @(24956 mils, 4353 mils): Symbol J11 Pin 1 [Pin_1, Passive, Line]
[pin_not_connected]: Pin not connected
    ; error
    @(25392 mils, 3552 mils): Symbol C52 Pin 1 [Passive, Line]
[power_pin_not_driven]: Input Power pin not driven by any Output Power pins
    ; error
    @(25445 mils, 25766 mils): Symbol #PWR052 Pin 1 [GND, Power input, Line]
[pin_not_connected]: Pin not connected
    ; error
    @(25872 mils, 10597 mils): Symbol R39 Pin 2 [Passive, Line]
[power_pin_not_driven]: Input Power pin not driven by any Output Power pins
    ; error
    @(26000 mils, 25764 mils): Symbol #PWR098 Pin 1 [GND, Power input, Line]
[pin_not_connected]: Pin not connected
    ; error
    @(26044 mils, 14167 mils): Symbol J17 Pin 1 [Pin_1, Passive, Line]
[pin_not_connected]: Pin not connected
    ; error
    @(26044 mils, 14267 mils): Symbol J17 Pin 2 [Pin_2, Passive, Line]
[pin_not_connected]: Pin not connected
    ; error
    @(26044 mils, 14367 mils): Symbol J17 Pin 3 [Pin_3, Passive, Line]
[pin_not_connected]: Pin not connected
    ; error
    @(26044 mils, 14467 mils): Symbol J17 Pin 4 [Pin_4, Passive, Line]
[pin_not_connected]: Pin not connected
    ; error
    @(26150 mils, 26000 mils): Symbol R18 Pin 1 [Passive, Line]
[power_pin_not_driven]: Input Power pin not driven by any Output Power pins
    ; error
    @(26150 mils, 26450 mils): Symbol #PWR097 Pin 1 [VBAT, Power input, Line]
[pin_not_connected]: Pin not connected
    ; error
    @(26300 mils, 25914 mils): Symbol D3 Pin 2 [A, Passive, Line]
[label_dangling]: Label not connected
    ; error
    @(26370 mils, 26000 mils): Label 'TIE_R18_2_D3_1'
[pin_not_connected]: Pin not connected
    ; error
    @(26576 mils, 11073 mils): Symbol U9 Pin 8 [Vbus, Input, Line]
[pin_not_driven]: Input pin not driven by any Output pins
    ; error
    @(26576 mils, 11073 mils): Symbol U9 Pin 8 [Vbus, Input, Line]
[pin_not_connected]: Pin not connected
    ; error
    @(26576 mils, 11473 mils): Symbol U9 Pin 10 [Vin+, Input, Line]
[pin_not_driven]: Input pin not driven by any Output pins
    ; error
    @(26576 mils, 11473 mils): Symbol U9 Pin 10 [Vin+, Input, Line]
[pin_not_connected]: Pin not connected
    ; error
    @(26576 mils, 11573 mils): Symbol U9 Pin 9 [Vin-, Input, Line]
[pin_not_driven]: Input pin not driven by any Output pins
    ; error
    @(26576 mils, 11573 mils): Symbol U9 Pin 9 [Vin-, Input, Line]
[power_pin_not_driven]: Input Power pin not driven by any Output Power pins
    ; error
    @(26661 mils, 10758 mils): Symbol #PWR141 Pin 1 [GND, Power input, Line]
[power_pin_not_driven]: Input Power pin not driven by any Output Power pins
    ; error
    @(26661 mils, 11358 mils): Symbol #PWR140 Pin 1 [+3V3, Power input, Line]
[pin_not_connected]: Pin not connected
    ; error
    @(26739 mils, 8996 mils): Symbol D5 Pin 1 [K, Passive, Line]
[power_pin_not_driven]: Input Power pin not driven by any Output Power pins
    ; error
    @(26739 mils, 25293 mils): Symbol #PWR100 Pin 1 [GND, Power input, Line]
[pin_not_connected]: Pin not connected
    ; error
    @(26889 mils, 9082 mils): Symbol R25 Pin 1 [Passive, Line]
[power_pin_not_driven]: Input Power pin not driven by any Output Power pins
    ; error
    @(26889 mils, 9532 mils): Symbol #PWR142 Pin 1 [+3V3, Power input, Line]
[pin_not_connected]: Pin not connected
    ; error
    @(26889 mils, 25529 mils): Symbol R19 Pin 1 [Passive, Line]
[power_pin_not_driven]: Input Power pin not driven by any Output Power pins
    ; error
    @(26889 mils, 25979 mils): Symbol #PWR099 Pin 1 [+3V3, Power input, Line]
[label_dangling]: Label not connected
    ; error
    @(26958 mils, 8996 mils): Label 'TIE_D5_2_U8_3'
[pin_not_connected]: Pin not connected
    ; error
    @(26976 mils, 10873 mils): Symbol U9 Pin 6 [VS, Power input, Line]
[power_pin_not_driven]: Input Power pin not driven by any Output Power pins
    ; error
    @(26976 mils, 10873 mils): Symbol U9 Pin 6 [VS, Power input, Line]
[pin_not_connected]: Pin not connected
    ; error
    @(26976 mils, 11873 mils): Symbol U9 Pin 7 [GND, Power input, Line]
[power_pin_not_driven]: Input Power pin not driven by any Output Power pins
    ; error
    @(26976 mils, 11873 mils): Symbol U9 Pin 7 [GND, Power input, Line]
[pin_not_connected]: Pin not connected
    ; error
    @(27039 mils, 8996 mils): Symbol D5 Pin 2 [A, Passive, Line]
[pin_not_connected]: Pin not connected
    ; error
    @(27039 mils, 25443 mils): Symbol D4 Pin 2 [A, Passive, Line]
[label_dangling]: Label not connected
    ; error
    @(27258 mils, 8996 mils): Label 'TIE_R25_2_D5_1'
[label_dangling]: Label not connected
    ; error
    @(27258 mils, 25443 mils): Label 'TIE_R19_2_D4_1'
[pin_not_connected]: Pin not connected
    ; error
    @(27376 mils, 11173 mils): Symbol U9 Pin 2 [A0, Input, Line]
[pin_not_driven]: Input pin not driven by any Output pins
    ; error
    @(27376 mils, 11173 mils): Symbol U9 Pin 2 [A0, Input, Line]
[pin_not_connected]: Pin not connected
    ; error
    @(27376 mils, 11373 mils): Symbol U9 Pin 4 [SDA, Bidirectional, Line]
[pin_not_connected]: Pin not connected
    ; error
    @(27376 mils, 11473 mils): Symbol U9 Pin 5 [SCL, Input, Line]
[pin_not_driven]: Input pin not driven by any Output pins
    ; error
    @(27376 mils, 11473 mils): Symbol U9 Pin 5 [SCL, Input, Line]
[pin_not_connected]: Pin not connected
    ; error
    @(27376 mils, 11673 mils): Symbol U9 Pin 3 [~{Alert}, Open collector, Line]
[pin_not_connected]: Pin not connected
    ; error
    @(27603 mils, 21961 mils): Symbol Y1 Pin 1 [OE, Input, Line]
[pin_not_driven]: Input pin not driven by any Output pins
    ; error
    @(27603 mils, 21961 mils): Symbol Y1 Pin 1 [OE, Input, Line]
[pin_not_connected]: Pin not connected
    ; error
    @(27891 mils, 12785 mils): Symbol U8 Pin 8 [Vbus, Input, Line]
[pin_not_driven]: Input pin not driven by any Output pins
    ; error
    @(27891 mils, 12785 mils): Symbol U8 Pin 8 [Vbus, Input, Line]
[pin_not_connected]: Pin not connected
    ; error
    @(27891 mils, 13185 mils): Symbol U8 Pin 10 [Vin+, Input, Line]
[pin_not_driven]: Input pin not driven by any Output pins
    ; error
    @(27891 mils, 13185 mils): Symbol U8 Pin 10 [Vin+, Input, Line]
[pin_not_connected]: Pin not connected
    ; error
    @(27891 mils, 13285 mils): Symbol U8 Pin 9 [Vin-, Input, Line]
[pin_not_driven]: Input pin not driven by any Output pins
    ; error
    @(27891 mils, 13285 mils): Symbol U8 Pin 9 [Vin-, Input, Line]
[pin_not_connected]: Pin not connected
    ; error
    @(27891 mils, 21053 mils): Symbol U7 Pin 1 [~{CE}, Input, Line]
[pin_not_driven]: Input pin not driven by any Output pins
    ; error
    @(27891 mils, 21053 mils): Symbol U7 Pin 1 [~{CE}, Input, Line]
[pin_not_connected]: Pin not connected
    ; error
    @(27891 mils, 21153 mils): Symbol U7 Pin 6 [SCLK, Input, Line]
[pin_not_driven]: Input pin not driven by any Output pins
    ; error
    @(27891 mils, 21153 mils): Symbol U7 Pin 6 [SCLK, Input, Line]
[pin_not_connected]: Pin not connected
    ; error
    @(27891 mils, 21253 mils): Symbol U7 Pin 5 [SI/SIO0, Bidirectional, Line]
[pin_not_connected]: Pin not connected
    ; error
    @(27891 mils, 21353 mils): Symbol U7 Pin 2 [SO/SIO1, Bidirectional, Line]
[pin_not_connected]: Pin not connected
    ; error
    @(27891 mils, 21453 mils): Symbol U7 Pin 3 [SIO2, Bidirectional, Line]
[pin_not_connected]: Pin not connected
    ; error
    @(27891 mils, 21553 mils): Symbol U7 Pin 7 [SIO3, Bidirectional, Line]
[pin_not_connected]: Pin not connected
    ; error
    @(27903 mils, 21661 mils): Symbol Y1 Pin 4 [Vcc, Power input, Line]
[power_pin_not_driven]: Input Power pin not driven by any Output Power pins
    ; error
    @(27903 mils, 21661 mils): Symbol Y1 Pin 4 [Vcc, Power input, Line]
[pin_not_connected]: Pin not connected
    ; error
    @(27903 mils, 22261 mils): Symbol Y1 Pin 2 [GND, Power input, Line]
[power_pin_not_driven]: Input Power pin not driven by any Output Power pins
    ; error
    @(27903 mils, 22261 mils): Symbol Y1 Pin 2 [GND, Power input, Line]
[power_pin_not_driven]: Input Power pin not driven by any Output Power pins
    ; error
    @(27976 mils, 12470 mils): Symbol #PWR133 Pin 1 [GND, Power input, Line]
[power_pin_not_driven]: Input Power pin not driven by any Output Power pins
    ; error
    @(27976 mils, 13070 mils): Symbol #PWR132 Pin 1 [+3V3, Power input, Line]
[pin_not_connected]: Pin not connected
    ; error
    @(28157 mils, 10987 mils): Symbol R24 Pin 1 [Passive, Line]
[pin_not_connected]: Pin not connected
    ; error
    @(28157 mils, 11287 mils): Symbol R24 Pin 2 [Passive, Line]
[pin_not_connected]: Pin not connected
    ; error
    @(28157 mils, 11681 mils): Symbol R23 Pin 2 [Passive, Line]
[pin_not_connected]: Pin not connected
    ; error
    @(28203 mils, 21961 mils): Symbol Y1 Pin 3 [OUT, Output, Line]
[pin_not_connected]: Pin not connected
    ; error
    @(28291 mils, 12585 mils): Symbol U8 Pin 6 [VS, Power input, Line]
[power_pin_not_driven]: Input Power pin not driven by any Output Power pins
    ; error
    @(28291 mils, 12585 mils): Symbol U8 Pin 6 [VS, Power input, Line]
[pin_not_connected]: Pin not connected
    ; error
    @(28291 mils, 13585 mils): Symbol U8 Pin 7 [GND, Power input, Line]
[power_pin_not_driven]: Input Power pin not driven by any Output Power pins
    ; error
    @(28291 mils, 13585 mils): Symbol U8 Pin 7 [GND, Power input, Line]
[pin_not_connected]: Pin not connected
    ; error
    @(28291 mils, 20853 mils): Symbol U7 Pin 8 [VDD, Power input, Line]
[power_pin_not_driven]: Input Power pin not driven by any Output Power pins
    ; error
    @(28291 mils, 20853 mils): Symbol U7 Pin 8 [VDD, Power input, Line]
[pin_not_connected]: Pin not connected
    ; error
    @(28291 mils, 21853 mils): Symbol U7 Pin 4 [VSS, Power input, Line]
[power_pin_not_driven]: Input Power pin not driven by any Output Power pins
    ; error
    @(28291 mils, 21853 mils): Symbol U7 Pin 4 [VSS, Power input, Line]
[pin_not_connected]: Pin not connected
    ; error
    @(28391 mils, 21853 mils): Symbol U7 Pin 9 [EPAD, Passive, Line]
[pin_not_connected]: Pin not connected
    ; error
    @(28576 mils, 11252 mils): Symbol R31 Pin 1 [Passive, Line]
[pin_not_connected]: Pin not connected
    ; error
    @(28576 mils, 11552 mils): Symbol R31 Pin 2 [Passive, Line]
[pin_not_connected]: Pin not connected
    ; error
    @(28608 mils, 6154 mils): Symbol J12 Pin 1 [Pin_1, Passive, Line]
[pin_not_connected]: Pin not connected
    ; error
    @(28691 mils, 12885 mils): Symbol U8 Pin 2 [A0, Input, Line]
[pin_not_driven]: Input pin not driven by any Output pins
    ; error
    @(28691 mils, 12885 mils): Symbol U8 Pin 2 [A0, Input, Line]
[pin_not_connected]: Pin not connected
    ; error
    @(28691 mils, 13085 mils): Symbol U8 Pin 4 [SDA, Bidirectional, Line]
[pin_not_connected]: Pin not connected
    ; error
    @(28691 mils, 13185 mils): Symbol U8 Pin 5 [SCL, Input, Line]
[pin_not_driven]: Input pin not driven by any Output pins
    ; error
    @(28691 mils, 13185 mils): Symbol U8 Pin 5 [SCL, Input, Line]
[pin_not_connected]: Pin not connected
    ; error
    @(28691 mils, 13385 mils): Symbol U8 Pin 3 [~{Alert}, Open collector, Line]
[pin_not_connected]: Pin not connected
    ; error
    @(28716 mils, 19059 mils): Symbol U6 Pin 1 [~{CS}, Input, Line]
[pin_not_driven]: Input pin not driven by any Output pins
    ; error
    @(28716 mils, 19059 mils): Symbol U6 Pin 1 [~{CS}, Input, Line]
[pin_not_connected]: Pin not connected
    ; error
    @(28716 mils, 19159 mils): Symbol U6 Pin 6 [CLK, Input, Line]
[pin_not_driven]: Input pin not driven by any Output pins
    ; error
    @(28716 mils, 19159 mils): Symbol U6 Pin 6 [CLK, Input, Line]
[pin_not_connected]: Pin not connected
    ; error
    @(28716 mils, 19259 mils): Symbol U6 Pin 5 [DI/IO_{0}, Bidirectional, Line]
[pin_not_connected]: Pin not connected
    ; error
    @(28716 mils, 19359 mils): Symbol U6 Pin 2 [DO/IO_{1}, Bidirectional, Line]
[pin_not_connected]: Pin not connected
    ; error
    @(28716 mils, 19459 mils): Symbol U6 Pin 3 [~{WP}/IO_{2}, Bidirectional, Line]
[pin_not_connected]: Pin not connected
    ; error
    @(28716 mils, 19559 mils): Symbol U6 Pin 7 [~{HOLD}/~{RESET}/IO_{3}, Bidirectional, Line]
[pin_not_connected]: Pin not connected
    ; error
    @(28824 mils, 11358 mils): Symbol R32 Pin 2 [Passive, Line]
[power_pin_not_driven]: Input Power pin not driven by any Output Power pins
    ; error
    @(28976 mils, 21822 mils): Symbol #PWR105 Pin 1 [GND, Power input, Line]
[power_pin_not_driven]: Input Power pin not driven by any Output Power pins
    ; error
    @(28976 mils, 22422 mils): Symbol #PWR104 Pin 1 [+3V3, Power input, Line]
[pin_not_connected]: Pin not connected
    ; error
    @(29116 mils, 18859 mils): Symbol U6 Pin 8 [VCC, Power input, Line]
[power_pin_not_driven]: Input Power pin not driven by any Output Power pins
    ; error
    @(29116 mils, 18859 mils): Symbol U6 Pin 8 [VCC, Power input, Line]
[pin_not_connected]: Pin not connected
    ; error
    @(29116 mils, 19859 mils): Symbol U6 Pin 4 [GND, Power input, Line]
[power_pin_not_driven]: Input Power pin not driven by any Output Power pins
    ; error
    @(29116 mils, 19859 mils): Symbol U6 Pin 4 [GND, Power input, Line]
[power_pin_not_driven]: Input Power pin not driven by any Output Power pins
    ; error
    @(29143 mils, 21926 mils): Symbol #PWR114 Pin 1 [GND, Power input, Line]
[power_pin_not_driven]: Input Power pin not driven by any Output Power pins
    ; error
    @(29143 mils, 22526 mils): Symbol #PWR113 Pin 1 [+3V3, Power input, Line]
[pin_not_connected]: Pin not connected
    ; error
    @(29260 mils, 5459 mils): Symbol C53 Pin 1 [Passive, Line]
[pin_not_connected]: Pin not connected
    ; error
    @(29272 mils, 15633 mils): Symbol C9 Pin 1 [Passive, Line]
[pin_not_connected]: Pin not connected
    ; error
    @(29272 mils, 15933 mils): Symbol C9 Pin 2 [Passive, Line]
[pin_not_connected]: Pin not connected
    ; error
    @(29367 mils, 16349 mils): Symbol R2 Pin 1 [Passive, Line]
[pin_not_connected]: Pin not connected
    ; error
    @(29367 mils, 16649 mils): Symbol R2 Pin 2 [Passive, Line]
[pin_not_connected]: Pin not connected
    ; error
    @(29472 mils, 12699 mils): Symbol R22 Pin 1 [Passive, Line]
[pin_not_connected]: Pin not connected
    ; error
    @(29472 mils, 12999 mils): Symbol R22 Pin 2 [Passive, Line]
[pin_not_connected]: Pin not connected
    ; error
    @(29472 mils, 13393 mils): Symbol R21 Pin 2 [Passive, Line]
[pin_not_connected]: Pin not connected
    ; error
    @(29867 mils, 14825 mils): Symbol SW1 Pin 1 [1, Passive, Line]
[pin_not_connected]: Pin not connected
    ; error
    @(30267 mils, 14825 mils): Symbol SW1 Pin 2 [2, Passive, Line]
[power_pin_not_driven]: Input Power pin not driven by any Output Power pins
    ; error
    @(30373 mils, 18884 mils): Symbol #PWR109 Pin 1 [GND, Power input, Line]
[power_pin_not_driven]: Input Power pin not driven by any Output Power pins
    ; error
    @(30373 mils, 19484 mils): Symbol #PWR108 Pin 1 [+3V3, Power input, Line]
[pin_not_connected]: Pin not connected
    ; error
    @(30564 mils, 12627 mils): Symbol J1 Pin 1 [Pin_1, Passive, Line]
[pin_not_connected]: Pin not connected
    ; error
    @(30564 mils, 12727 mils): Symbol J1 Pin 3 [Pin_3, Passive, Line]
[pin_not_connected]: Pin not connected
    ; error
    @(30564 mils, 12827 mils): Symbol J1 Pin 5 [Pin_5, Passive, Line]
[pin_not_connected]: Pin not connected
    ; error
    @(31064 mils, 12727 mils): Symbol J1 Pin 4 [Pin_4, Passive, Line]
[pin_not_connected]: Pin not connected
    ; error
    @(31064 mils, 12827 mils): Symbol J1 Pin 6 [Pin_6, Passive, Line]
[pin_not_connected]: Pin not connected
    ; error
    @(31550 mils, 8970 mils): Symbol J13 Pin 1 [Pin_1, Passive, Line]
[pin_not_connected]: Pin not connected
    ; error
    @(32375 mils, 8441 mils): Symbol C54 Pin 1 [Passive, Line]
[power_pin_not_driven]: Input Power pin not driven by any Output Power pins
    ; error
    @(32446 mils, 21491 mils): Symbol #PWR121 Pin 1 [GND, Power input, Line]
[power_pin_not_driven]: Input Power pin not driven by any Output Power pins
    ; error
    @(32446 mils, 22091 mils): Symbol #PWR120 Pin 1 [+3V3, Power input, Line]
[pin_not_connected]: Pin not connected
    ; error
    @(32809 mils, 21398 mils): Symbol J4 Pin 1 [DAT2, Bidirectional, Line]
[pin_not_connected]: Pin not connected
    ; error
    @(32809 mils, 21498 mils): Symbol J4 Pin 2 [DAT3/CD, Bidirectional, Line]
[pin_not_connected]: Pin not connected
    ; error
    @(32809 mils, 21598 mils): Symbol J4 Pin 3 [CMD, Input, Line]
[pin_not_driven]: Input pin not driven by any Output pins
    ; error
    @(32809 mils, 21598 mils): Symbol J4 Pin 3 [CMD, Input, Line]
[pin_not_connected]: Pin not connected
    ; error
    @(32809 mils, 21698 mils): Symbol J4 Pin 4 [VDD, Power input, Line]
[power_pin_not_driven]: Input Power pin not driven by any Output Power pins
    ; error
    @(32809 mils, 21698 mils): Symbol J4 Pin 4 [VDD, Power input, Line]
[pin_not_connected]: Pin not connected
    ; error
    @(32809 mils, 21798 mils): Symbol J4 Pin 5 [CLK, Input, Line]
[pin_not_driven]: Input pin not driven by any Output pins
    ; error
    @(32809 mils, 21798 mils): Symbol J4 Pin 5 [CLK, Input, Line]
[pin_not_connected]: Pin not connected
    ; error
    @(32809 mils, 21898 mils): Symbol J4 Pin 6 [VSS, Power input, Line]
[power_pin_not_driven]: Input Power pin not driven by any Output Power pins
    ; error
    @(32809 mils, 21898 mils): Symbol J4 Pin 6 [VSS, Power input, Line]
[pin_not_connected]: Pin not connected
    ; error
    @(32809 mils, 21998 mils): Symbol J4 Pin 7 [DAT0, Bidirectional, Line]
[pin_not_connected]: Pin not connected
    ; error
    @(32809 mils, 22198 mils): Symbol J4 Pin 10 [DET_A, Passive, Line]
[pin_not_connected]: Pin not connected
    ; error
    @(32809 mils, 22298 mils): Symbol J4 Pin 9 [DET_B, Passive, Line]
[power_pin_not_driven]: Input Power pin not driven by any Output Power pins
    ; error
    @(33328 mils, 17345 mils): Symbol #PWR125 Pin 1 [GND, Power input, Line]
[power_pin_not_driven]: Input Power pin not driven by any Output Power pins
    ; error
    @(33328 mils, 17945 mils): Symbol #PWR124 Pin 1 [+3V3, Power input, Line]
[pin_not_connected]: Pin not connected
    ; error
    @(33509 mils, 12541 mils): Symbol J14 Pin 1 [Pin_1, Passive, Line]
[pin_not_connected]: Pin not connected
    ; error
    @(34089 mils, 22305 mils): Symbol R20 Pin 1 [Passive, Line]
[pin_not_connected]: Pin not connected
    ; error
    @(34089 mils, 22605 mils): Symbol R20 Pin 2 [Passive, Line]
[pin_not_connected]: Pin not connected
    ; error
    @(34316 mils, 16619 mils): Symbol J5 Pin 1 [Pin_1, Passive, Line]
[pin_not_connected]: Pin not connected
    ; error
    @(34316 mils, 17519 mils): Symbol J5 Pin 10 [Pin_10, Passive, Line]
[pin_not_connected]: Pin not connected
    ; error
    @(34316 mils, 17619 mils): Symbol J5 Pin 11 [Pin_11, Passive, Line]
[pin_not_connected]: Pin not connected
    ; error
    @(34316 mils, 17719 mils): Symbol J5 Pin 12 [Pin_12, Passive, Line]
[pin_not_connected]: Pin not connected
    ; error
    @(34316 mils, 17919 mils): Symbol J5 Pin 14 [Pin_14, Passive, Line]
[pin_not_connected]: Pin not connected
    ; error
    @(34449 mils, 12222 mils): Symbol C55 Pin 1 [Passive, Line]
[pin_not_connected]: Pin not connected
    ; error
    @(34509 mils, 22298 mils): Symbol J4 Pin SH [SHIELD, Passive, Line]
[endpoint_off_grid]: Symbol pin or wire end off connection grid
    ; warning
    @(7812 mils, 12222 mils): Symbol C47 Pin 1 [Passive, Line]
[endpoint_off_grid]: Symbol pin or wire end off connection grid
    ; warning
    @(7812 mils, 12522 mils): Horizontal Wire, length 270 mils
[endpoint_off_grid]: Symbol pin or wire end off connection grid
    ; warning
    @(8082 mils, 12522 mils): Vertical Wire, length 119 mils
[endpoint_off_grid]: Symbol pin or wire end off connection grid
    ; warning
    @(8082 mils, 12641 mils): Horizontal Wire, length 270 mils
[endpoint_off_grid]: Symbol pin or wire end off connection grid
    ; warning
    @(8352 mils, 12541 mils): Symbol J6 Pin 1 [Pin_1, Passive, Line]
[endpoint_off_grid]: Symbol pin or wire end off connection grid
    ; warning
    @(9886 mils, 8441 mils): Symbol C48 Pin 1 [Passive, Line]
[endpoint_off_grid]: Symbol pin or wire end off connection grid
    ; warning
    @(9886 mils, 8741 mils): Horizontal Wire, length 212 mils
[endpoint_off_grid]: Symbol pin or wire end off connection grid
    ; warning
    @(10098 mils, 8741 mils): Vertical Wire, length 329 mils
[endpoint_off_grid]: Symbol pin or wire end off connection grid
    ; warning
    @(10098 mils, 9070 mils): Horizontal Wire, length 212 mils
[endpoint_off_grid]: Symbol pin or wire end off connection grid
    ; warning
    @(10311 mils, 8970 mils): Symbol J7 Pin 1 [Pin_1, Passive, Line]
[endpoint_off_grid]: Symbol pin or wire end off connection grid
    ; warning
    @(10856 mils, 12741 mils): Horizontal Wire, length 2505 mils
[endpoint_off_grid]: Symbol pin or wire end off connection grid
    ; warning
    @(10856 mils, 14242 mils): Vertical Wire, length 1501 mils
[endpoint_off_grid]: Symbol pin or wire end off connection grid
    ; warning
    @(11383 mils, 18439 mils): Symbol C38 Pin 1 [Passive, Line]
[endpoint_off_grid]: Symbol pin or wire end off connection grid
    ; warning
    @(11465 mils, 26685 mils): Horizontal Wire, length 1666 mils
[endpoint_off_grid]: Symbol pin or wire end off connection grid
    ; warning
    @(11465 mils, 26685 mils): Symbol J3 Pin 1 [Pin_1, Passive, Line]
[endpoint_off_grid]: Symbol pin or wire end off connection grid
    ; warning
    @(11669 mils, 14356 mils): Symbol C42 Pin 1 [Passive, Line]
[endpoint_off_grid]: Symbol pin or wire end off connection grid
    ; warning
    @(11669 mils, 14656 mils): Horizontal Wire, length 388 mils
[endpoint_off_grid]: Symbol pin or wire end off connection grid
    ; warning
    @(11884 mils, 16596 mils): Symbol #PWR179 Pin 1 [GND, Power input, Line]
[endpoint_off_grid]: Symbol pin or wire end off connection grid
    ; warning
    @(11884 mils, 16746 mils): Symbol C40 Pin 1 [Passive, Line]
[endpoint_off_grid]: Symbol pin or wire end off connection grid
    ; warning
    @(11884 mils, 16746 mils): Vertical Wire, length 150 mils
[endpoint_off_grid]: Symbol pin or wire end off connection grid
    ; warning
    @(11884 mils, 17046 mils): Vertical Wire, length 150 mils
[endpoint_off_grid]: Symbol pin or wire end off connection grid
    ; warning
    @(11884 mils, 17196 mils): Symbol #PWR178 Pin 1 [+3V3, Power input, Line]
[endpoint_off_grid]: Symbol pin or wire end off connection grid
    ; warning
    @(11969 mils, 18207 mils): Symbol #PWR169 Pin 1 [GND, Power input, Line]
[endpoint_off_grid]: Symbol pin or wire end off connection grid
    ; warning
    @(11969 mils, 18357 mils): Symbol C37 Pin 1 [Passive, Line]
[endpoint_off_grid]: Symbol pin or wire end off connection grid
    ; warning
    @(11969 mils, 18357 mils): Vertical Wire, length 150 mils
[endpoint_off_grid]: Symbol pin or wire end off connection grid
    ; warning
    @(11969 mils, 18657 mils): Vertical Wire, length 150 mils
[endpoint_off_grid]: Symbol pin or wire end off connection grid
    ; warning
    @(11969 mils, 18807 mils): Symbol #PWR168 Pin 1 [+3V3, Power input, Line]
[endpoint_off_grid]: Symbol pin or wire end off connection grid
    ; warning
    @(12057 mils, 14580 mils): Horizontal Wire, length 388 mils
[endpoint_off_grid]: Symbol pin or wire end off connection grid
    ; warning
    @(12057 mils, 14656 mils): Vertical Wire, length 77 mils
[endpoint_off_grid]: Symbol pin or wire end off connection grid
    ; warning
    @(12153 mils, 19157 mils): Symbol #PWR165 Pin 1 [GND, Power input, Line]
[endpoint_off_grid]: Symbol pin or wire end off connection grid
    ; warning
    @(12153 mils, 19307 mils): Symbol C36 Pin 1 [Passive, Line]
[endpoint_off_grid]: Symbol pin or wire end off connection grid
    ; warning
    @(12153 mils, 19307 mils): Vertical Wire, length 150 mils
[endpoint_off_grid]: Symbol pin or wire end off connection grid
    ; warning
    @(12153 mils, 19607 mils): Vertical Wire, length 150 mils
[endpoint_off_grid]: Symbol pin or wire end off connection grid
    ; warning
    @(12153 mils, 19757 mils): Symbol #PWR164 Pin 1 [+3V3, Power input, Line]
[endpoint_off_grid]: Symbol pin or wire end off connection grid
    ; warning
    @(12159 mils, 16756 mils): Symbol C39 Pin 1 [Passive, Line]
[endpoint_off_grid]: Symbol pin or wire end off connection grid
    ; warning
    @(12159 mils, 17056 mils): Horizontal Wire, length 602 mils
[endpoint_off_grid]: Symbol pin or wire end off connection grid
    ; warning
    @(12237 mils, 19619 mils): Symbol R27 Pin 1 [Passive, Line]
[endpoint_off_grid]: Symbol pin or wire end off connection grid
    ; warning
    @(12237 mils, 19919 mils): Horizontal Wire, length 762 mils
[endpoint_off_grid]: Symbol pin or wire end off connection grid
    ; warning
    @(12283 mils, 14214 mils): Symbol #PWR195 Pin 1 [GND, Power input, Line]
[endpoint_off_grid]: Symbol pin or wire end off connection grid
    ; warning
    @(12283 mils, 14364 mils): Vertical Wire, length 150 mils
[endpoint_off_grid]: Symbol pin or wire end off connection grid
    ; warning
    @(12283 mils, 14364 mils): Symbol C43 Pin 1 [Passive, Line]
[endpoint_off_grid]: Symbol pin or wire end off connection grid
    ; warning
    @(12283 mils, 14664 mils): Vertical Wire, length 150 mils
[endpoint_off_grid]: Symbol pin or wire end off connection grid
    ; warning
    @(12283 mils, 14814 mils): Symbol #PWR194 Pin 1 [+3V3, Power input, Line]
[endpoint_off_grid]: Symbol pin or wire end off connection grid
    ; warning
    @(12331 mils, 19928 mils): Horizontal Wire, length 315 mils
[endpoint_off_grid]: Symbol pin or wire end off connection grid
    ; warning
    @(12331 mils, 19928 mils): Symbol R26 Pin 1 [Passive, Line]
[endpoint_off_grid]: Symbol pin or wire end off connection grid
    ; warning
    @(12363 mils, 17119 mils): Symbol U14 Pin 1 [SCL/SPC, Input, Line]
[endpoint_off_grid]: Symbol pin or wire end off connection grid
    ; warning
    @(12363 mils, 17219 mils): Horizontal Wire, length 4884 mils
[endpoint_off_grid]: Symbol pin or wire end off connection grid
    ; warning
    @(12363 mils, 17319 mils): Horizontal Wire, length 4884 mils
[endpoint_off_grid]: Symbol pin or wire end off connection grid
    ; warning
    @(12441 mils, 9170 mils): Horizontal Wire, length 2130 mils
[endpoint_off_grid]: Symbol pin or wire end off connection grid
    ; warning
    @(12441 mils, 12036 mils): Vertical Wire, length 2866 mils
[unconnected_wire_endpoint]: Unconnected wire endpoint
    ; warning
    @(12495 mils, 14480 mils): Horizontal Wire, length 51 mils
[unconnected_wire_endpoint]: Unconnected wire endpoint
    ; warning
    @(12057 mils, 14580 mils): Horizontal Wire, length 388 mils
[endpoint_off_grid]: Symbol pin or wire end off connection grid
    ; warning
    @(12444 mils, 14980 mils): Horizontal Wire, length 4843 mils
[endpoint_off_grid]: Symbol pin or wire end off connection grid
    ; warning
    @(12444 mils, 15380 mils): Horizontal Wire, length 4843 mils
[endpoint_off_grid]: Symbol pin or wire end off connection grid
    ; warning
    @(12444 mils, 15480 mils): Horizontal Wire, length 4843 mils
[unconnected_wire_endpoint]: Unconnected wire endpoint
    ; warning
    @(12444 mils, 15480 mils): Horizontal Wire, length 4843 mils
[endpoint_off_grid]: Symbol pin or wire end off connection grid
    ; warning
    @(12471 mils, 20316 mils): Horizontal Wire, length 949 mils
[endpoint_off_grid]: Symbol pin or wire end off connection grid
    ; warning
    @(12471 mils, 20316 mils): Symbol D2 Pin 1 [K, Passive, Line]
[endpoint_off_grid]: Symbol pin or wire end off connection grid
    ; warning
    @(12495 mils, 14480 mils): Horizontal Wire, length 51 mils
[endpoint_off_grid]: Symbol pin or wire end off connection grid
    ; warning
    @(12495 mils, 14745 mils): Vertical Wire, length 265 mils
[endpoint_off_grid]: Symbol pin or wire end off connection grid
    ; warning
    @(12546 mils, 14445 mils): Symbol C41 Pin 1 [Passive, Line]
[endpoint_off_grid]: Symbol pin or wire end off connection grid
    ; warning
    @(12546 mils, 14745 mils): Horizontal Wire, length 51 mils
[endpoint_off_grid]: Symbol pin or wire end off connection grid
    ; warning
    @(12579 mils, 17554 mils): Symbol R17 Pin 1 [Passive, Line]
[endpoint_off_grid]: Symbol pin or wire end off connection grid
    ; warning
    @(12579 mils, 17554 mils): Horizontal Wire, length 200 mils
[endpoint_off_grid]: Symbol pin or wire end off connection grid
    ; warning
    @(12579 mils, 17719 mils): Vertical Wire, length 285 mils
[endpoint_off_grid]: Symbol pin or wire end off connection grid
    ; warning
    @(12579 mils, 17719 mils): Symbol #PWR089 Pin 1 [GND, Power input, Line]
[endpoint_off_grid]: Symbol pin or wire end off connection grid
    ; warning
    @(12579 mils, 17869 mils): Symbol C24 Pin 1 [Passive, Line]
[endpoint_off_grid]: Symbol pin or wire end off connection grid
    ; warning
    @(12579 mils, 18004 mils): Symbol #PWR096 Pin 1 [+5V_SERVO, Power input, Line]
[endpoint_off_grid]: Symbol pin or wire end off connection grid
    ; warning
    @(12579 mils, 18169 mils): Vertical Wire, length 150 mils
[endpoint_off_grid]: Symbol pin or wire end off connection grid
    ; warning
    @(12579 mils, 18319 mils): Symbol #PWR088 Pin 1 [+5V_SERVO, Power input, Line]
[endpoint_off_grid]: Symbol pin or wire end off connection grid
    ; warning
    @(12646 mils, 19847 mils): Horizontal Wire, length 315 mils
[endpoint_off_grid]: Symbol pin or wire end off connection grid
    ; warning
    @(12646 mils, 19928 mils): Vertical Wire, length 81 mils
[endpoint_off_grid]: Symbol pin or wire end off connection grid
    ; warning
    @(12761 mils, 17056 mils): Vertical Wire, length 63 mils
[endpoint_off_grid]: Symbol pin or wire end off connection grid
    ; warning
    @(12761 mils, 17119 mils): Horizontal Wire, length 602 mils
[unconnected_wire_endpoint]: Unconnected wire endpoint
    ; warning
    @(12579 mils, 17554 mils): Horizontal Wire, length 200 mils
[endpoint_off_grid]: Symbol pin or wire end off connection grid
    ; warning
    @(12830 mils, 18815 mils): Horizontal Wire, length 200 mils
[endpoint_off_grid]: Symbol pin or wire end off connection grid
    ; warning
    @(12830 mils, 18815 mils): Symbol R14 Pin 1 [Passive, Line]
[endpoint_off_grid]: Symbol pin or wire end off connection grid
    ; warning
    @(12830 mils, 18823 mils): Symbol #PWR077 Pin 1 [GND, Power input, Line]
[endpoint_off_grid]: Symbol pin or wire end off connection grid
    ; warning
    @(12830 mils, 18973 mils): Symbol C20 Pin 1 [Passive, Line]
[endpoint_off_grid]: Symbol pin or wire end off connection grid
    ; warning
    @(12830 mils, 18973 mils): Vertical Wire, length 150 mils
[endpoint_off_grid]: Symbol pin or wire end off connection grid
    ; warning
    @(12830 mils, 19115 mils): Vertical Wire, length 307 mils
[endpoint_off_grid]: Symbol pin or wire end off connection grid
    ; warning
    @(12830 mils, 19138 mils): Symbol #PWR075 Pin 1 [GND, Power input, Line]
[endpoint_off_grid]: Symbol pin or wire end off connection grid
    ; warning
    @(12830 mils, 19265 mils): Pin 1 [???, ?]
[endpoint_off_grid]: Symbol pin or wire end off connection grid
    ; warning
    @(12830 mils, 19288 mils): Symbol C19 Pin 1 [Passive, Line]
[endpoint_off_grid]: Symbol pin or wire end off connection grid
    ; warning
    @(12830 mils, 19423 mils): Pin 1 [???, ?]
[pin_to_pin]: Pins of type Unspecified and Passive are connected
    ; warning
    @(12830 mils, 19423 mils): Pin 1 [???, ?]
    @(12830 mils, 19115 mils): Symbol R14 Pin 2 [Passive, Line]
[unconnected_wire_endpoint]: Unconnected wire endpoint
    ; warning
    @(12830 mils, 19115 mils): Vertical Wire, length 307 mils
[endpoint_off_grid]: Symbol pin or wire end off connection grid
    ; warning
    @(12830 mils, 19588 mils): Vertical Wire, length 150 mils
[endpoint_off_grid]: Symbol pin or wire end off connection grid
    ; warning
    @(12830 mils, 19738 mils): Pin 1 [???, ?]
[pin_to_pin]: Pins of type Unspecified and Passive are connected
    ; warning
    @(12830 mils, 19738 mils): Pin 1 [???, ?]
    @(12830 mils, 19588 mils): Symbol C19 Pin 2 [Passive, Line]
[unconnected_wire_endpoint]: Unconnected wire endpoint
    ; warning
    @(12830 mils, 19588 mils): Vertical Wire, length 150 mils
[endpoint_off_grid]: Symbol pin or wire end off connection grid
    ; warning
    @(12894 mils, 17640 mils): Symbol U5 Pin 1 [BOOT, Passive, Line]
[endpoint_off_grid]: Symbol pin or wire end off connection grid
    ; warning
    @(12894 mils, 17740 mils): Horizontal Wire, length 200 mils
[endpoint_off_grid]: Symbol pin or wire end off connection grid
    ; warning
    @(12894 mils, 17790 mils): Vertical Wire, length 150 mils
[endpoint_off_grid]: Symbol pin or wire end off connection grid
    ; warning
    @(12894 mils, 17790 mils): Symbol #PWR086 Pin 1 [GND, Power input, Line]
[endpoint_off_grid]: Symbol pin or wire end off connection grid
    ; warning
    @(12894 mils, 17840 mils): Horizontal Wire, length 200 mils
[endpoint_off_grid]: Symbol pin or wire end off connection grid
    ; warning
    @(12894 mils, 18040 mils): Horizontal Wire, length 200 mils
[endpoint_off_grid]: Symbol pin or wire end off connection grid
    ; warning
    @(12894 mils, 18140 mils): Vertical Wire, length 150 mils
[endpoint_off_grid]: Symbol pin or wire end off connection grid
    ; warning
    @(12894 mils, 18240 mils): Horizontal Wire, length 200 mils
[unconnected_wire_endpoint]: Unconnected wire endpoint
    ; warning
    @(12894 mils, 18240 mils): Horizontal Wire, length 200 mils
[endpoint_off_grid]: Symbol pin or wire end off connection grid
    ; warning
    @(12894 mils, 18290 mils): Symbol #PWR085 Pin 1 [+5V_SERVO, Power input, Line]
[endpoint_off_grid]: Symbol pin or wire end off connection grid
    ; warning
    @(12924 mils, 20896 mils): Symbol R11 Pin 1 [Passive, Line]
[endpoint_off_grid]: Symbol pin or wire end off connection grid
    ; warning
    @(12924 mils, 21196 mils): Horizontal Wire, length 423 mils
[endpoint_off_grid]: Symbol pin or wire end off connection grid
    ; warning
    @(12961 mils, 19747 mils): Symbol U12 Pin 1 [ADDR, Input, Line]
[endpoint_off_grid]: Symbol pin or wire end off connection grid
    ; warning
    @(12961 mils, 20047 mils): Horizontal Wire, length 4585 mils
[endpoint_off_grid]: Symbol pin or wire end off connection grid
    ; warning
    @(12961 mils, 20147 mils): Horizontal Wire, length 4585 mils
[unconnected_wire_endpoint]: Unconnected wire endpoint
    ; warning
    @(12961 mils, 20147 mils): Horizontal Wire, length 4585 mils
[endpoint_off_grid]: Symbol pin or wire end off connection grid
    ; warning
    @(12961 mils, 20247 mils): Horizontal Wire, length 4585 mils
[endpoint_off_grid]: Symbol pin or wire end off connection grid
    ; warning
    @(12961 mils, 21263 mils): Symbol #PWR157 Pin 1 [GND, Power input, Line]
[endpoint_off_grid]: Symbol pin or wire end off connection grid
    ; warning
    @(12961 mils, 21413 mils): Vertical Wire, length 150 mils
[endpoint_off_grid]: Symbol pin or wire end off connection grid
    ; warning
    @(12961 mils, 21413 mils): Symbol C35 Pin 1 [Passive, Line]
[endpoint_off_grid]: Symbol pin or wire end off connection grid
    ; warning
    @(12961 mils, 21713 mils): Vertical Wire, length 150 mils
[endpoint_off_grid]: Symbol pin or wire end off connection grid
    ; warning
    @(12961 mils, 21863 mils): Symbol #PWR156 Pin 1 [+3V3, Power input, Line]
[endpoint_off_grid]: Symbol pin or wire end off connection grid
    ; warning
    @(12970 mils, 11415 mils): Symbol #PWR207 Pin 1 [GND, Power input, Line]
[endpoint_off_grid]: Symbol pin or wire end off connection grid
    ; warning
    @(12970 mils, 11565 mils): Vertical Wire, length 150 mils
[endpoint_off_grid]: Symbol pin or wire end off connection grid
    ; warning
    @(12970 mils, 11565 mils): Symbol C44 Pin 1 [Passive, Line]
[endpoint_off_grid]: Symbol pin or wire end off connection grid
    ; warning
    @(12970 mils, 11865 mils): Vertical Wire, length 150 mils
[endpoint_off_grid]: Symbol pin or wire end off connection grid
    ; warning
    @(12970 mils, 12015 mils): Symbol #PWR206 Pin 1 [+3V3, Power input, Line]
[footprint_link_issues]: Footprint 'Sensirion_SCD4x-1EP_10.1x10.1mm_P1.25mm_EP4.8x4.8mm' not found in library 'Sensor'
    ; warning
    @(12988 mils, 18655 mils): Symbol U13 [SCD41-D-R2]
[endpoint_off_grid]: Symbol pin or wire end off connection grid
    ; warning
    @(12988 mils, 18955 mils): Symbol U13 Pin 6 [GND, Power input, Line]
[endpoint_off_grid]: Symbol pin or wire end off connection grid
    ; warning
    @(12999 mils, 19919 mils): Vertical Wire, length 228 mils
[unconnected_wire_endpoint]: Unconnected wire endpoint
    ; warning
    @(12999 mils, 19919 mils): Vertical Wire, length 228 mils
[endpoint_off_grid]: Symbol pin or wire end off connection grid
    ; warning
    @(13001 mils, 5459 mils): Symbol C49 Pin 1 [Passive, Line]
[endpoint_off_grid]: Symbol pin or wire end off connection grid
    ; warning
    @(13001 mils, 5759 mils): Horizontal Wire, length 126 mils
[unconnected_wire_endpoint]: Unconnected wire endpoint
    ; warning
    @(12830 mils, 18815 mils): Horizontal Wire, length 200 mils
[endpoint_off_grid]: Symbol pin or wire end off connection grid
    ; warning
    @(13044 mils, 14280 mils): Symbol U15 Pin 1 [VDDIO, Power input, Line]
[unconnected_wire_endpoint]: Unconnected wire endpoint
    ; warning
    @(12894 mils, 17740 mils): Horizontal Wire, length 200 mils
[unconnected_wire_endpoint]: Unconnected wire endpoint
    ; warning
    @(12894 mils, 17840 mils): Horizontal Wire, length 200 mils
[unconnected_wire_endpoint]: Unconnected wire endpoint
    ; warning
    @(12894 mils, 18040 mils): Horizontal Wire, length 200 mils
[unconnected_wire_endpoint]: Unconnected wire endpoint
    ; warning
    @(12894 mils, 18240 mils): Horizontal Wire, length 200 mils
[endpoint_off_grid]: Symbol pin or wire end off connection grid
    ; warning
    @(13121 mils, 20316 mils): Vertical Wire, length 1037 mils
[unconnected_wire_endpoint]: Unconnected wire endpoint
    ; warning
    @(13121 mils, 20316 mils): Vertical Wire, length 1037 mils
[endpoint_off_grid]: Symbol pin or wire end off connection grid
    ; warning
    @(13121 mils, 21353 mils): Horizontal Wire, length 649 mils
[endpoint_off_grid]: Symbol pin or wire end off connection grid
    ; warning
    @(13127 mils, 5759 mils): Vertical Wire, length 495 mils
[endpoint_off_grid]: Symbol pin or wire end off connection grid
    ; warning
    @(13127 mils, 6254 mils): Horizontal Wire, length 126 mils
[endpoint_off_grid]: Symbol pin or wire end off connection grid
    ; warning
    @(13131 mils, 22684 mils): Horizontal Wire, length 1666 mils
[endpoint_off_grid]: Symbol pin or wire end off connection grid
    ; warning
    @(13131 mils, 26685 mils): Vertical Wire, length 4001 mils
[endpoint_off_grid]: Symbol pin or wire end off connection grid
    ; warning
    @(13144 mils, 19059 mils): Symbol U4 Pin 1 [BOOT, Passive, Line]
[endpoint_off_grid]: Symbol pin or wire end off connection grid
    ; warning
    @(13144 mils, 19159 mils): Horizontal Wire, length 200 mils
[endpoint_off_grid]: Symbol pin or wire end off connection grid
    ; warning
    @(13144 mils, 19209 mils): Vertical Wire, length 150 mils
[endpoint_off_grid]: Symbol pin or wire end off connection grid
    ; warning
    @(13144 mils, 19209 mils): Symbol #PWR072 Pin 1 [GND, Power input, Line]
[endpoint_off_grid]: Symbol pin or wire end off connection grid
    ; warning
    @(13144 mils, 19259 mils): Horizontal Wire, length 200 mils
[endpoint_off_grid]: Symbol pin or wire end off connection grid
    ; warning
    @(13144 mils, 19459 mils): Horizontal Wire, length 200 mils
[endpoint_off_grid]: Symbol pin or wire end off connection grid
    ; warning
    @(13144 mils, 19559 mils): Vertical Wire, length 150 mils
[endpoint_off_grid]: Symbol pin or wire end off connection grid
    ; warning
    @(13144 mils, 19659 mils): Horizontal Wire, length 200 mils
[unconnected_wire_endpoint]: Unconnected wire endpoint
    ; warning
    @(13144 mils, 19659 mils): Horizontal Wire, length 200 mils
[endpoint_off_grid]: Symbol pin or wire end off connection grid
    ; warning
    @(13144 mils, 19709 mils): Pin 1 [???, ?]
[pin_to_pin]: Pins of type Unspecified and Output are connected
    ; warning
    @(13144 mils, 19709 mils): Pin 1 [???, ?]
    @(13144 mils, 19559 mils): Symbol U4 Pin 6 [SW, Output, Line]
[unconnected_wire_endpoint]: Unconnected wire endpoint
    ; warning
    @(13144 mils, 19559 mils): Vertical Wire, length 150 mils
[endpoint_off_grid]: Symbol pin or wire end off connection grid
    ; warning
    @(13209 mils, 18183 mils): Symbol C23 Pin 1 [Passive, Line]
[endpoint_off_grid]: Symbol pin or wire end off connection grid
    ; warning
    @(13209 mils, 18183 mils): Horizontal Wire, length 200 mils
[endpoint_off_grid]: Symbol pin or wire end off connection grid
    ; warning
    @(13209 mils, 18483 mils): Horizontal Wire, length 200 mils
[endpoint_off_grid]: Symbol pin or wire end off connection grid
    ; warning
    @(13252 mils, 6154 mils): Symbol J8 Pin 1 [Pin_1, Passive, Line]
[endpoint_off_grid]: Symbol pin or wire end off connection grid
    ; warning
    @(13284 mils, 12167 mils): Symbol R28 Pin 1 [Passive, Line]
[endpoint_off_grid]: Symbol pin or wire end off connection grid
    ; warning
    @(13284 mils, 12167 mils): Horizontal Wire, length 43 mils
[endpoint_off_grid]: Symbol pin or wire end off connection grid
    ; warning
    @(13327 mils, 12167 mils): Vertical Wire, length 1419 mils
[endpoint_off_grid]: Symbol pin or wire end off connection grid
    ; warning
    @(13327 mils, 13585 mils): Horizontal Wire, length 43 mils
[unconnected_wire_endpoint]: Unconnected wire endpoint
    ; warning
    @(13144 mils, 19159 mils): Horizontal Wire, length 200 mils
[unconnected_wire_endpoint]: Unconnected wire endpoint
    ; warning
    @(13144 mils, 19259 mils): Horizontal Wire, length 200 mils
[unconnected_wire_endpoint]: Unconnected wire endpoint
    ; warning
    @(13144 mils, 19459 mils): Horizontal Wire, length 200 mils
[unconnected_wire_endpoint]: Unconnected wire endpoint
    ; warning
    @(13144 mils, 19659 mils): Horizontal Wire, length 200 mils
[endpoint_off_grid]: Symbol pin or wire end off connection grid
    ; warning
    @(13347 mils, 21196 mils): Vertical Wire, length 157 mils
[unconnected_wire_endpoint]: Unconnected wire endpoint
    ; warning
    @(13347 mils, 21196 mils): Vertical Wire, length 157 mils
[endpoint_off_grid]: Symbol pin or wire end off connection grid
    ; warning
    @(13361 mils, 14242 mils): Horizontal Wire, length 2505 mils
[endpoint_off_grid]: Symbol pin or wire end off connection grid
    ; warning
    @(13361 mils, 14242 mils): Symbol R33 Pin 1 [Passive, Line]
[endpoint_off_grid]: Symbol pin or wire end off connection grid
    ; warning
    @(13361 mils, 14542 mils): Horizontal Wire, length 4385 mils
[multiple_net_names]: Both TIE_C18_2_U4_6 and TIE_U4_6_L3_1 are attached to the same items; TIE_C18_2_U4_6 will be used in the netlist
    ; warning
    @(13364 mils, 19159 mils): Label 'TIE_C18_2_U4_6'
    @(13364 mils, 19159 mils): Label 'TIE_U4_6_L3_1'
[endpoint_off_grid]: Symbol pin or wire end off connection grid
    ; warning
    @(13370 mils, 12585 mils): Horizontal Wire, length 4380 mils
[endpoint_off_grid]: Symbol pin or wire end off connection grid
    ; warning
    @(13370 mils, 12685 mils): Horizontal Wire, length 4380 mils
[unconnected_wire_endpoint]: Unconnected wire endpoint
    ; warning
    @(13370 mils, 12685 mils): Horizontal Wire, length 4380 mils
[endpoint_off_grid]: Symbol pin or wire end off connection grid
    ; warning
    @(13370 mils, 13385 mils): Horizontal Wire, length 4380 mils
[endpoint_off_grid]: Symbol pin or wire end off connection grid
    ; warning
    @(13388 mils, 18655 mils): Horizontal Wire, length 4371 mils
[endpoint_off_grid]: Symbol pin or wire end off connection grid
    ; warning
    @(13388 mils, 18755 mils): Horizontal Wire, length 4371 mils
[unconnected_wire_endpoint]: Unconnected wire endpoint
    ; warning
    @(13388 mils, 18755 mils): Horizontal Wire, length 4371 mils
[unconnected_wire_endpoint]: Unconnected wire endpoint
    ; warning
    @(13209 mils, 18183 mils): Horizontal Wire, length 200 mils
[unconnected_wire_endpoint]: Unconnected wire endpoint
    ; warning
    @(13209 mils, 18483 mils): Horizontal Wire, length 200 mils
[endpoint_off_grid]: Symbol pin or wire end off connection grid
    ; warning
    @(13421 mils, 20316 mils): Vertical Wire, length 837 mils
[endpoint_off_grid]: Symbol pin or wire end off connection grid
    ; warning
    @(13421 mils, 21153 mils): Horizontal Wire, length 1013 mils
[endpoint_off_grid]: Symbol pin or wire end off connection grid
    ; warning
    @(13459 mils, 19603 mils): Horizontal Wire, length 200 mils
[endpoint_off_grid]: Symbol pin or wire end off connection grid
    ; warning
    @(13459 mils, 19603 mils): Symbol C18 Pin 1 [Passive, Line]
[endpoint_off_grid]: Symbol pin or wire end off connection grid
    ; warning
    @(13459 mils, 19903 mils): Horizontal Wire, length 200 mils
[endpoint_off_grid]: Symbol pin or wire end off connection grid
    ; warning
    @(13485 mils, 18026 mils): Vertical Wire, length 150 mils
[endpoint_off_grid]: Symbol pin or wire end off connection grid
    ; warning
    @(13485 mils, 18026 mils): Symbol L4 Pin 1 [1, Passive, Line]
[endpoint_off_grid]: Symbol pin or wire end off connection grid
    ; warning
    @(13485 mils, 18176 mils): Symbol #PWR087 Pin 1 [+3V3, Power input, Line]
[endpoint_off_grid]: Symbol pin or wire end off connection grid
    ; warning
    @(13485 mils, 18326 mils): Horizontal Wire, length 200 mils
[unconnected_wire_endpoint]: Unconnected wire endpoint
    ; warning
    @(13459 mils, 19603 mils): Horizontal Wire, length 200 mils
[unconnected_wire_endpoint]: Unconnected wire endpoint
    ; warning
    @(13459 mils, 19903 mils): Horizontal Wire, length 200 mils
[unconnected_wire_endpoint]: Unconnected wire endpoint
    ; warning
    @(13485 mils, 18326 mils): Horizontal Wire, length 200 mils
[multiple_net_names]: Both TIE_C23_2_U5_6 and TIE_U5_6_L4_1 are attached to the same items; TIE_C23_2_U5_6 will be used in the netlist
    ; warning
    @(13429 mils, 18183 mils): Label 'TIE_C23_2_U5_6'
    @(13704 mils, 18326 mils): Label 'TIE_U5_6_L4_1'
[endpoint_off_grid]: Symbol pin or wire end off connection grid
    ; warning
    @(13735 mils, 19445 mils): Vertical Wire, length 150 mils
[endpoint_off_grid]: Symbol pin or wire end off connection grid
    ; warning
    @(13735 mils, 19445 mils): Symbol L3 Pin 1 [1, Passive, Line]
[endpoint_off_grid]: Symbol pin or wire end off connection grid
    ; warning
    @(13735 mils, 19595 mils): Symbol #PWR073 Pin 1 [+5V_SERVO, Power input, Line]
[endpoint_off_grid]: Symbol pin or wire end off connection grid
    ; warning
    @(13735 mils, 19745 mils): Horizontal Wire, length 200 mils
[endpoint_off_grid]: Symbol pin or wire end off connection grid
    ; warning
    @(13760 mils, 17404 mils): Symbol #PWR093 Pin 1 [GND, Power input, Line]
[endpoint_off_grid]: Symbol pin or wire end off connection grid
    ; warning
    @(13760 mils, 17554 mils): Symbol C26 Pin 1 [Passive, Line]
[endpoint_off_grid]: Symbol pin or wire end off connection grid
    ; warning
    @(13760 mils, 17554 mils): Vertical Wire, length 150 mils
[endpoint_off_grid]: Symbol pin or wire end off connection grid
    ; warning
    @(13760 mils, 17719 mils): Symbol #PWR091 Pin 1 [GND, Power input, Line]
[endpoint_off_grid]: Symbol pin or wire end off connection grid
    ; warning
    @(13760 mils, 17719 mils): Vertical Wire, length 285 mils
[endpoint_off_grid]: Symbol pin or wire end off connection grid
    ; warning
    @(13760 mils, 17869 mils): Symbol C25 Pin 1 [Passive, Line]
[endpoint_off_grid]: Symbol pin or wire end off connection grid
    ; warning
    @(13760 mils, 18004 mils): Symbol #PWR092 Pin 1 [+3V3, Power input, Line]
[endpoint_off_grid]: Symbol pin or wire end off connection grid
    ; warning
    @(13760 mils, 18169 mils): Vertical Wire, length 150 mils
[endpoint_off_grid]: Symbol pin or wire end off connection grid
    ; warning
    @(13760 mils, 18319 mils): Symbol #PWR090 Pin 1 [+3V3, Power input, Line]
[endpoint_off_grid]: Symbol pin or wire end off connection grid
    ; warning
    @(13770 mils, 21353 mils): Symbol Q2 Pin 1 [G, Input, Line]
[endpoint_off_grid]: Symbol pin or wire end off connection grid
    ; warning
    @(13840 mils, 22615 mils): Symbol #PWR149 Pin 1 [GND, Power input, Line]
[endpoint_off_grid]: Symbol pin or wire end off connection grid
    ; warning
    @(13840 mils, 22765 mils): Symbol C34 Pin 1 [Passive, Line]
[endpoint_off_grid]: Symbol pin or wire end off connection grid
    ; warning
    @(13840 mils, 22765 mils): Vertical Wire, length 150 mils
[endpoint_off_grid]: Symbol pin or wire end off connection grid
    ; warning
    @(13840 mils, 23065 mils): Vertical Wire, length 150 mils
[endpoint_off_grid]: Symbol pin or wire end off connection grid
    ; warning
    @(13840 mils, 23215 mils): Symbol #PWR148 Pin 1 [+3V3, Power input, Line]
[endpoint_off_grid]: Symbol pin or wire end off connection grid
    ; warning
    @(13870 mils, 13785 mils): Symbol U16 Pin 2 [GND, Power input, Line]
[endpoint_off_grid]: Symbol pin or wire end off connection grid
    ; warning
    @(13870 mils, 21953 mils): Symbol U11 Pin 1 [GND, Power input, Line]
[unconnected_wire_endpoint]: Unconnected wire endpoint
    ; warning
    @(13735 mils, 19745 mils): Horizontal Wire, length 200 mils
[endpoint_off_grid]: Symbol pin or wire end off connection grid
    ; warning
    @(14011 mils, 18823 mils): Symbol #PWR081 Pin 1 [GND, Power input, Line]
[endpoint_off_grid]: Symbol pin or wire end off connection grid
    ; warning
    @(14011 mils, 18973 mils): Symbol C22 Pin 1 [Passive, Line]
[endpoint_off_grid]: Symbol pin or wire end off connection grid
    ; warning
    @(14011 mils, 18973 mils): Vertical Wire, length 150 mils
[endpoint_off_grid]: Symbol pin or wire end off connection grid
    ; warning
    @(14011 mils, 19138 mils): Symbol #PWR079 Pin 1 [GND, Power input, Line]
[endpoint_off_grid]: Symbol pin or wire end off connection grid
    ; warning
    @(14011 mils, 19138 mils): Vertical Wire, length 285 mils
[endpoint_off_grid]: Symbol pin or wire end off connection grid
    ; warning
    @(14011 mils, 19288 mils): Symbol C21 Pin 1 [Passive, Line]
[endpoint_off_grid]: Symbol pin or wire end off connection grid
    ; warning
    @(14011 mils, 19423 mils): Symbol #PWR080 Pin 1 [+5V_SERVO, Power input, Line]
[endpoint_off_grid]: Symbol pin or wire end off connection grid
    ; warning
    @(14011 mils, 19588 mils): Vertical Wire, length 150 mils
[endpoint_off_grid]: Symbol pin or wire end off connection grid
    ; warning
    @(14011 mils, 19738 mils): Symbol #PWR078 Pin 1 [+5V_SERVO, Power input, Line]
[endpoint_off_grid]: Symbol pin or wire end off connection grid
    ; warning
    @(14075 mils, 17561 mils): Symbol #PWR095 Pin 1 [GND, Power input, Line]
[endpoint_off_grid]: Symbol pin or wire end off connection grid
    ; warning
    @(14075 mils, 17711 mils): Vertical Wire, length 150 mils
[endpoint_off_grid]: Symbol pin or wire end off connection grid
    ; warning
    @(14075 mils, 17711 mils): Symbol R16 Pin 1 [Passive, Line]
[endpoint_off_grid]: Symbol pin or wire end off connection grid
    ; warning
    @(14075 mils, 18011 mils): Horizontal Wire, length 200 mils
[endpoint_off_grid]: Symbol pin or wire end off connection grid
    ; warning
    @(14075 mils, 18105 mils): Horizontal Wire, length 200 mils
[endpoint_off_grid]: Symbol pin or wire end off connection grid
    ; warning
    @(14075 mils, 18105 mils): Symbol R15 Pin 1 [Passive, Line]
[endpoint_off_grid]: Symbol pin or wire end off connection grid
    ; warning
    @(14075 mils, 18405 mils): Vertical Wire, length 150 mils
[endpoint_off_grid]: Symbol pin or wire end off connection grid
    ; warning
    @(14075 mils, 18555 mils): Symbol #PWR094 Pin 1 [+3V3, Power input, Line]
[unconnected_wire_endpoint]: Unconnected wire endpoint
    ; warning
    @(14075 mils, 18011 mils): Horizontal Wire, length 200 mils
[unconnected_wire_endpoint]: Unconnected wire endpoint
    ; warning
    @(14075 mils, 18105 mils): Horizontal Wire, length 200 mils
[multiple_net_names]: Both TIE_R15_2_U5_5 and TIE_R16_1_U5_5 are attached to the same items; TIE_R15_2_U5_5 will be used in the netlist
    ; warning
    @(13114 mils, 17840 mils): Label 'TIE_R15_2_U5_5'
    @(14295 mils, 18011 mils): Label 'TIE_R16_1_U5_5'
[endpoint_off_grid]: Symbol pin or wire end off connection grid
    ; warning
    @(14326 mils, 18980 mils): Symbol #PWR083 Pin 1 [GND, Power input, Line]
[endpoint_off_grid]: Symbol pin or wire end off connection grid
    ; warning
    @(14326 mils, 19130 mils): Vertical Wire, length 150 mils
[endpoint_off_grid]: Symbol pin or wire end off connection grid
    ; warning
    @(14326 mils, 19130 mils): Symbol R13 Pin 1 [Passive, Line]
[endpoint_off_grid]: Symbol pin or wire end off connection grid
    ; warning
    @(14326 mils, 19430 mils): Horizontal Wire, length 200 mils
[endpoint_off_grid]: Symbol pin or wire end off connection grid
    ; warning
    @(14326 mils, 19524 mils): Horizontal Wire, length 200 mils
[endpoint_off_grid]: Symbol pin or wire end off connection grid
    ; warning
    @(14326 mils, 19524 mils): Symbol R12 Pin 1 [Passive, Line]
[endpoint_off_grid]: Symbol pin or wire end off connection grid
    ; warning
    @(14326 mils, 19824 mils): Vertical Wire, length 150 mils
[endpoint_off_grid]: Symbol pin or wire end off connection grid
    ; warning
    @(14326 mils, 19974 mils): Symbol #PWR082 Pin 1 [+5V_SERVO, Power input, Line]
[endpoint_off_grid]: Symbol pin or wire end off connection grid
    ; warning
    @(14433 mils, 22384 mils): Vertical Wire, length 1231 mils
[unconnected_wire_endpoint]: Unconnected wire endpoint
    ; warning
    @(14326 mils, 19430 mils): Horizontal Wire, length 200 mils
[unconnected_wire_endpoint]: Unconnected wire endpoint
    ; warning
    @(14326 mils, 19524 mils): Horizontal Wire, length 200 mils
[multiple_net_names]: Both TIE_R12_2_U4_5 and TIE_R13_1_U4_5 are attached to the same items; TIE_R12_2_U4_5 will be used in the netlist
    ; warning
    @(14545 mils, 19524 mils): Label 'TIE_R12_2_U4_5'
    @(14545 mils, 19430 mils): Label 'TIE_R13_1_U4_5'
[endpoint_off_grid]: Symbol pin or wire end off connection grid
    ; warning
    @(14570 mils, 21253 mils): Horizontal Wire, length 3780 mils
[endpoint_off_grid]: Symbol pin or wire end off connection grid
    ; warning
    @(14570 mils, 21453 mils): Horizontal Wire, length 3780 mils
[endpoint_off_grid]: Symbol pin or wire end off connection grid
    ; warning
    @(14571 mils, 12036 mils): Horizontal Wire, length 2130 mils
[endpoint_off_grid]: Symbol pin or wire end off connection grid
    ; warning
    @(14571 mils, 12036 mils): Symbol R34 Pin 1 [Passive, Line]
[endpoint_off_grid]: Symbol pin or wire end off connection grid
    ; warning
    @(14571 mils, 12336 mils): Horizontal Wire, length 3780 mils
[endpoint_off_grid]: Symbol pin or wire end off connection grid
    ; warning
    @(14697 mils, 22034 mils): Symbol U10 Pin 1 [Vdd_IO, Power input, Line]
[endpoint_off_grid]: Symbol pin or wire end off connection grid
    ; warning
    @(14797 mils, 22384 mils): Horizontal Wire, length 363 mils
[endpoint_off_grid]: Symbol pin or wire end off connection grid
    ; warning
    @(14797 mils, 22384 mils): Symbol F1 Pin 1 [Passive, Line]
[footprint_link_issues]: Footprint 'ST_HLGA-10_2x2mm_P0.5mm_LayoutBorder3x2y' not found in library 'Package_LGA'
    ; warning
    @(14797 mils, 22534 mils): Symbol U10 [LPS22HB]
[endpoint_off_grid]: Symbol pin or wire end off connection grid
    ; warning
    @(14820 mils, 6354 mils): Horizontal Wire, length 1568 mils
[endpoint_off_grid]: Symbol pin or wire end off connection grid
    ; warning
    @(14820 mils, 10297 mils): Vertical Wire, length 3943 mils
[endpoint_off_grid]: Symbol pin or wire end off connection grid
    ; warning
    @(14939 mils, 23945 mils): Symbol R9 Pin 1 [Passive, Line]
[endpoint_off_grid]: Symbol pin or wire end off connection grid
    ; warning
    @(14939 mils, 23945 mils): Horizontal Wire, length 147 mils
[endpoint_off_grid]: Symbol pin or wire end off connection grid
    ; warning
    @(15087 mils, 23945 mils): Vertical Wire, length 565 mils
[endpoint_off_grid]: Symbol pin or wire end off connection grid
    ; warning
    @(15087 mils, 24510 mils): Horizontal Wire, length 3613 mils
[endpoint_off_grid]: Symbol pin or wire end off connection grid
    ; warning
    @(15234 mils, 24510 mils): Symbol SW2 Pin 1 [1, Passive, Line]
[endpoint_off_grid]: Symbol pin or wire end off connection grid
    ; warning
    @(15284 mils, 11223 mils): Symbol R29 Pin 1 [Passive, Line]
[endpoint_off_grid]: Symbol pin or wire end off connection grid
    ; warning
    @(15284 mils, 11223 mils): Horizontal Wire, length 3423 mils
[endpoint_off_grid]: Symbol pin or wire end off connection grid
    ; warning
    @(15297 mils, 22634 mils): Horizontal Wire, length 3417 mils
[unconnected_wire_endpoint]: Unconnected wire endpoint
    ; warning
    @(15297 mils, 22634 mils): Horizontal Wire, length 3417 mils
[endpoint_off_grid]: Symbol pin or wire end off connection grid
    ; warning
    @(15297 mils, 22834 mils): Horizontal Wire, length 3417 mils
[unconnected_wire_endpoint]: Unconnected wire endpoint
    ; warning
    @(15297 mils, 22834 mils): Horizontal Wire, length 3417 mils
[endpoint_off_grid]: Symbol pin or wire end off connection grid
    ; warning
    @(15367 mils, 25542 mils): Horizontal Wire, length 3800 mils
[endpoint_off_grid]: Symbol pin or wire end off connection grid
    ; warning
    @(15367 mils, 25542 mils): Symbol D1 Pin 1 [K, Passive, Line]
[footprint_link_issues]: Footprint 'SW_SPST_EVQP2202' not found in library 'Button_Switch_SMD'
    ; warning
    @(15434 mils, 24510 mils): Symbol SW2 [SW_Push]
[endpoint_off_grid]: Symbol pin or wire end off connection grid
    ; warning
    @(15598 mils, 10925 mils): Horizontal Wire, length 3266 mils
[endpoint_off_grid]: Symbol pin or wire end off connection grid
    ; warning
    @(15598 mils, 10925 mils): Symbol R30 Pin 1 [Passive, Line]
[unconnected_wire_endpoint]: Unconnected wire endpoint
    ; warning
    @(15738 mils, 25583 mils): Vertical Wire, length 41 mils
[endpoint_off_grid]: Symbol pin or wire end off connection grid
    ; warning
    @(15738 mils, 25583 mils): Vertical Wire, length 41 mils
[endpoint_off_grid]: Symbol pin or wire end off connection grid
    ; warning
    @(15810 mils, 25583 mils): Horizontal Wire, length 72 mils
[endpoint_off_grid]: Symbol pin or wire end off connection grid
    ; warning
    @(15810 mils, 25583 mils): Symbol R10 Pin 1 [Passive, Line]
[endpoint_off_grid]: Symbol pin or wire end off connection grid
    ; warning
    @(15957 mils, 24739 mils): Symbol TH1 Pin 1 [Passive, Line]
[endpoint_off_grid]: Symbol pin or wire end off connection grid
    ; warning
    @(15957 mils, 25039 mils): Horizontal Wire, length 3105 mils
[endpoint_off_grid]: Symbol pin or wire end off connection grid
    ; warning
    @(16388 mils, 10297 mils): Symbol R35 Pin 1 [Passive, Line]
[endpoint_off_grid]: Symbol pin or wire end off connection grid
    ; warning
    @(16388 mils, 10297 mils): Horizontal Wire, length 1568 mils
[endpoint_off_grid]: Symbol pin or wire end off connection grid
    ; warning
    @(16388 mils, 10597 mils): Horizontal Wire, length 2871 mils
[endpoint_off_grid]: Symbol pin or wire end off connection grid
    ; warning
    @(16478 mils, 16249 mils): Symbol L1 Pin 1 [1, Passive, Line]
[endpoint_off_grid]: Symbol pin or wire end off connection grid
    ; warning
    @(16478 mils, 16249 mils): Horizontal Wire, length 2576 mils
[endpoint_off_grid]: Symbol pin or wire end off connection grid
    ; warning
    @(16504 mils, 25082 mils): Symbol R8 Pin 1 [Passive, Line]
[endpoint_off_grid]: Symbol pin or wire end off connection grid
    ; warning
    @(16504 mils, 25082 mils): Horizontal Wire, length 2831 mils
[endpoint_off_grid]: Symbol pin or wire end off connection grid
    ; warning
    @(16589 mils, 15617 mils): Symbol #PWR021 Pin 1 [GND, Power input, Line]
[endpoint_off_grid]: Symbol pin or wire end off connection grid
    ; warning
    @(16589 mils, 15767 mils): Vertical Wire, length 150 mils
[endpoint_off_grid]: Symbol pin or wire end off connection grid
    ; warning
    @(16589 mils, 15767 mils): Symbol C7 Pin 1 [Passive, Line]
[endpoint_off_grid]: Symbol pin or wire end off connection grid
    ; warning
    @(16589 mils, 16067 mils): Vertical Wire, length 150 mils
[endpoint_off_grid]: Symbol pin or wire end off connection grid
    ; warning
    @(16589 mils, 16217 mils): Pin 1 [???, ?]
[pin_to_pin]: Pins of type Unspecified and Passive are connected
    ; warning
    @(16589 mils, 16217 mils): Pin 1 [???, ?]
    @(16589 mils, 16067 mils): Symbol C7 Pin 2 [Passive, Line]
[unconnected_wire_endpoint]: Unconnected wire endpoint
    ; warning
    @(16589 mils, 16067 mils): Vertical Wire, length 150 mils
[endpoint_off_grid]: Symbol pin or wire end off connection grid
    ; warning
    @(16680 mils, 13803 mils): Symbol #PWR008 Pin 1 [GND, Power input, Line]
[endpoint_off_grid]: Symbol pin or wire end off connection grid
    ; warning
    @(16680 mils, 13953 mils): Vertical Wire, length 150 mils
[endpoint_off_grid]: Symbol pin or wire end off connection grid
    ; warning
    @(16680 mils, 13953 mils): Symbol C2 Pin 1 [Passive, Line]
[endpoint_off_grid]: Symbol pin or wire end off connection grid
    ; warning
    @(16680 mils, 14253 mils): Vertical Wire, length 150 mils
[endpoint_off_grid]: Symbol pin or wire end off connection grid
    ; warning
    @(16680 mils, 14403 mils): Symbol #PWR007 Pin 1 [+3V3, Power input, Line]
[endpoint_off_grid]: Symbol pin or wire end off connection grid
    ; warning
    @(16691 mils, 15304 mils): Symbol #PWR006 Pin 1 [GND, Power input, Line]
[endpoint_off_grid]: Symbol pin or wire end off connection grid
    ; warning
    @(16691 mils, 15454 mils): Symbol C1 Pin 1 [Passive, Line]
[endpoint_off_grid]: Symbol pin or wire end off connection grid
    ; warning
    @(16691 mils, 15454 mils): Vertical Wire, length 150 mils
[endpoint_off_grid]: Symbol pin or wire end off connection grid
    ; warning
    @(16691 mils, 15754 mils): Vertical Wire, length 150 mils
[endpoint_off_grid]: Symbol pin or wire end off connection grid
    ; warning
    @(16691 mils, 15904 mils): Symbol #PWR005 Pin 1 [+3V3, Power input, Line]
[endpoint_off_grid]: Symbol pin or wire end off connection grid
    ; warning
    @(16750 mils, 15300 mils): Horizontal Wire, length 1940 mils
[endpoint_off_grid]: Symbol pin or wire end off connection grid
    ; warning
    @(16750 mils, 15300 mils): Symbol R1 Pin 1 [Passive, Line]
[endpoint_off_grid]: Symbol pin or wire end off connection grid
    ; warning
    @(16869 mils, 3552 mils): Symbol C50 Pin 1 [Passive, Line]
[endpoint_off_grid]: Symbol pin or wire end off connection grid
    ; warning
    @(16869 mils, 3852 mils): Horizontal Wire, length 18 mils
[endpoint_off_grid]: Symbol pin or wire end off connection grid
    ; warning
    @(16884 mils, 14848 mils): Symbol #PWR024 Pin 1 [GND, Power input, Line]
[endpoint_off_grid]: Symbol pin or wire end off connection grid
    ; warning
    @(16884 mils, 14998 mils): Symbol C8 Pin 1 [Passive, Line]
[endpoint_off_grid]: Symbol pin or wire end off connection grid
    ; warning
    @(16884 mils, 14998 mils): Vertical Wire, length 150 mils
[endpoint_off_grid]: Symbol pin or wire end off connection grid
    ; warning
    @(16884 mils, 15298 mils): Vertical Wire, length 150 mils
[endpoint_off_grid]: Symbol pin or wire end off connection grid
    ; warning
    @(16884 mils, 15448 mils): Pin 1 [???, ?]
[pin_to_pin]: Pins of type Unspecified and Passive are connected
    ; warning
    @(16884 mils, 15448 mils): Pin 1 [???, ?]
    @(16884 mils, 15298 mils): Symbol C8 Pin 2 [Passive, Line]
[unconnected_wire_endpoint]: Unconnected wire endpoint
    ; warning
    @(16884 mils, 15298 mils): Vertical Wire, length 150 mils
[endpoint_off_grid]: Symbol pin or wire end off connection grid
    ; warning
    @(16887 mils, 3852 mils): Vertical Wire, length 601 mils
[endpoint_off_grid]: Symbol pin or wire end off connection grid
    ; warning
    @(16887 mils, 4453 mils): Horizontal Wire, length 18 mils
[endpoint_off_grid]: Symbol pin or wire end off connection grid
    ; warning
    @(16905 mils, 4353 mils): Symbol J9 Pin 1 [Pin_1, Passive, Line]
[endpoint_off_grid]: Symbol pin or wire end off connection grid
    ; warning
    @(17220 mils, 25454 mils): Horizontal Wire, length 2473 mils
[endpoint_off_grid]: Symbol pin or wire end off connection grid
    ; warning
    @(17220 mils, 25454 mils): Symbol R7 Pin 1 [Passive, Line]
[endpoint_off_grid]: Symbol pin or wire end off connection grid
    ; warning
    @(17246 mils, 17219 mils): Vertical Wire, length 1000 mils
[unconnected_wire_endpoint]: Unconnected wire endpoint
    ; warning
    @(12363 mils, 17319 mils): Horizontal Wire, length 4884 mils
[endpoint_off_grid]: Symbol pin or wire end off connection grid
    ; warning
    @(17246 mils, 18119 mils): Horizontal Wire, length 5084 mils
[unconnected_wire_endpoint]: Unconnected wire endpoint
    ; warning
    @(17246 mils, 18119 mils): Horizontal Wire, length 5084 mils
[endpoint_off_grid]: Symbol pin or wire end off connection grid
    ; warning
    @(17246 mils, 18219 mils): Horizontal Wire, length 5084 mils
[endpoint_off_grid]: Symbol pin or wire end off connection grid
    ; warning
    @(17287 mils, 14980 mils): Vertical Wire, length 3240 mils
[unconnected_wire_endpoint]: Unconnected wire endpoint
    ; warning
    @(12444 mils, 15380 mils): Horizontal Wire, length 4843 mils
[unconnected_wire_endpoint]: Unconnected wire endpoint
    ; warning
    @(12444 mils, 15480 mils): Horizontal Wire, length 4843 mils
[endpoint_off_grid]: Symbol pin or wire end off connection grid
    ; warning
    @(17287 mils, 16219 mils): Horizontal Wire, length 8310 mils
[unconnected_wire_endpoint]: Unconnected wire endpoint
    ; warning
    @(17287 mils, 16219 mils): Horizontal Wire, length 8310 mils
[unconnected_wire_endpoint]: Unconnected wire endpoint
    ; warning
    @(17287 mils, 14980 mils): Vertical Wire, length 3240 mils
[endpoint_off_grid]: Symbol pin or wire end off connection grid
    ; warning
    @(17546 mils, 16019 mils): Horizontal Wire, length 4785 mils
[endpoint_off_grid]: Symbol pin or wire end off connection grid
    ; warning
    @(17546 mils, 16019 mils): Vertical Wire, length 4228 mils
[unconnected_wire_endpoint]: Unconnected wire endpoint
    ; warning
    @(12961 mils, 20047 mils): Horizontal Wire, length 4585 mils
[unconnected_wire_endpoint]: Unconnected wire endpoint
    ; warning
    @(12961 mils, 20147 mils): Horizontal Wire, length 4585 mils
[endpoint_off_grid]: Symbol pin or wire end off connection grid
    ; warning
    @(17746 mils, 14542 mils): Vertical Wire, length 4578 mils
[endpoint_off_grid]: Symbol pin or wire end off connection grid
    ; warning
    @(17746 mils, 19119 mils): Horizontal Wire, length 4585 mils
[endpoint_off_grid]: Symbol pin or wire end off connection grid
    ; warning
    @(17750 mils, 12585 mils): Vertical Wire, length 5634 mils
[unconnected_wire_endpoint]: Unconnected wire endpoint
    ; warning
    @(13370 mils, 12685 mils): Horizontal Wire, length 4380 mils
[unconnected_wire_endpoint]: Unconnected wire endpoint
    ; warning
    @(13370 mils, 13385 mils): Horizontal Wire, length 4380 mils
[endpoint_off_grid]: Symbol pin or wire end off connection grid
    ; warning
    @(17750 mils, 16119 mils): Horizontal Wire, length 4580 mils
[unconnected_wire_endpoint]: Unconnected wire endpoint
    ; warning
    @(17750 mils, 16119 mils): Horizontal Wire, length 4580 mils
[unconnected_wire_endpoint]: Unconnected wire endpoint
    ; warning
    @(17750 mils, 12585 mils): Vertical Wire, length 5634 mils
[endpoint_off_grid]: Symbol pin or wire end off connection grid
    ; warning
    @(17759 mils, 18119 mils): Vertical Wire, length 636 mils
[unconnected_wire_endpoint]: Unconnected wire endpoint
    ; warning
    @(17759 mils, 18119 mils): Vertical Wire, length 636 mils
[unconnected_wire_endpoint]: Unconnected wire endpoint
    ; warning
    @(13388 mils, 18655 mils): Horizontal Wire, length 4371 mils
[endpoint_off_grid]: Symbol pin or wire end off connection grid
    ; warning
    @(17775 mils, 4553 mils): Horizontal Wire, length 869 mils
[endpoint_off_grid]: Symbol pin or wire end off connection grid
    ; warning
    @(17775 mils, 9184 mils): Vertical Wire, length 4631 mils
[endpoint_off_grid]: Symbol pin or wire end off connection grid
    ; warning
    @(17966 mils, 25763 mils): Symbol R6 Pin 1 [Passive, Line]
[endpoint_off_grid]: Symbol pin or wire end off connection grid
    ; warning
    @(17966 mils, 25763 mils): Horizontal Wire, length 2100 mils
[endpoint_off_grid]: Symbol pin or wire end off connection grid
    ; warning
    @(18094 mils, 13300 mils): Symbol #PWR010 Pin 1 [GND, Power input, Line]
[endpoint_off_grid]: Symbol pin or wire end off connection grid
    ; warning
    @(18094 mils, 13450 mils): Vertical Wire, length 150 mils
[endpoint_off_grid]: Symbol pin or wire end off connection grid
    ; warning
    @(18094 mils, 13450 mils): Symbol C3 Pin 1 [Passive, Line]
[endpoint_off_grid]: Symbol pin or wire end off connection grid
    ; warning
    @(18094 mils, 13750 mils): Vertical Wire, length 150 mils
[endpoint_off_grid]: Symbol pin or wire end off connection grid
    ; warning
    @(18094 mils, 13900 mils): Symbol #PWR009 Pin 1 [+3V3, Power input, Line]
[endpoint_off_grid]: Symbol pin or wire end off connection grid
    ; warning
    @(18332 mils, 25681 mils): Symbol R3 Pin 1 [Passive, Line]
[endpoint_off_grid]: Symbol pin or wire end off connection grid
    ; warning
    @(18332 mils, 25681 mils): Horizontal Wire, length 529 mils
[endpoint_off_grid]: Symbol pin or wire end off connection grid
    ; warning
    @(18350 mils, 18119 mils): Vertical Wire, length 3334 mils
[unconnected_wire_endpoint]: Unconnected wire endpoint
    ; warning
    @(18350 mils, 18119 mils): Vertical Wire, length 3334 mils
[unconnected_wire_endpoint]: Unconnected wire endpoint
    ; warning
    @(14570 mils, 21253 mils): Horizontal Wire, length 3780 mils
[endpoint_off_grid]: Symbol pin or wire end off connection grid
    ; warning
    @(18351 mils, 12336 mils): Vertical Wire, length 6683 mils
[endpoint_off_grid]: Symbol pin or wire end off connection grid
    ; warning
    @(18351 mils, 19019 mils): Horizontal Wire, length 3980 mils
[endpoint_off_grid]: Symbol pin or wire end off connection grid
    ; warning
    @(18591 mils, 25005 mils): Horizontal Wire, length 1570 mils
[endpoint_off_grid]: Symbol pin or wire end off connection grid
    ; warning
    @(18591 mils, 25105 mils): Horizontal Wire, length 1570 mils
[endpoint_off_grid]: Symbol pin or wire end off connection grid
    ; warning
    @(18591 mils, 25305 mils): Horizontal Wire, length 1570 mils
[endpoint_off_grid]: Symbol pin or wire end off connection grid
    ; warning
    @(18591 mils, 25405 mils): Horizontal Wire, length 1570 mils
[endpoint_off_grid]: Symbol pin or wire end off connection grid
    ; warning
    @(18644 mils, 9184 mils): Symbol R36 Pin 1 [Passive, Line]
[endpoint_off_grid]: Symbol pin or wire end off connection grid
    ; warning
    @(18644 mils, 9184 mils): Horizontal Wire, length 869 mils
[endpoint_off_grid]: Symbol pin or wire end off connection grid
    ; warning
    @(18644 mils, 9484 mils): Horizontal Wire, length 1743 mils
[endpoint_off_grid]: Symbol pin or wire end off connection grid
    ; warning
    @(18690 mils, 15300 mils): Vertical Wire, length 4120 mils
[endpoint_off_grid]: Symbol pin or wire end off connection grid
    ; warning
    @(18690 mils, 19419 mils): Horizontal Wire, length 2940 mils
[endpoint_off_grid]: Symbol pin or wire end off connection grid
    ; warning
    @(18700 mils, 24510 mils): Vertical Wire, length 252 mils
[endpoint_off_grid]: Symbol pin or wire end off connection grid
    ; warning
    @(18700 mils, 24761 mils): Horizontal Wire, length 3466 mils
[endpoint_off_grid]: Symbol pin or wire end off connection grid
    ; warning
    @(18707 mils, 11223 mils): Vertical Wire, length 6996 mils
[unconnected_wire_endpoint]: Unconnected wire endpoint
    ; warning
    @(18707 mils, 11223 mils): Vertical Wire, length 6996 mils
[endpoint_off_grid]: Symbol pin or wire end off connection grid
    ; warning
    @(18714 mils, 18119 mils): Vertical Wire, length 4715 mils
[unconnected_wire_endpoint]: Unconnected wire endpoint
    ; warning
    @(18714 mils, 18119 mils): Vertical Wire, length 4715 mils
[unconnected_wire_endpoint]: Unconnected wire endpoint
    ; warning
    @(15297 mils, 22634 mils): Horizontal Wire, length 3417 mils
[endpoint_off_grid]: Symbol pin or wire end off connection grid
    ; warning
    @(18834 mils, 11995 mils): Symbol #PWR012 Pin 1 [GND, Power input, Line]
[endpoint_off_grid]: Symbol pin or wire end off connection grid
    ; warning
    @(18834 mils, 12145 mils): Symbol C4 Pin 1 [Passive, Line]
[endpoint_off_grid]: Symbol pin or wire end off connection grid
    ; warning
    @(18834 mils, 12145 mils): Vertical Wire, length 150 mils
[endpoint_off_grid]: Symbol pin or wire end off connection grid
    ; warning
    @(18834 mils, 12445 mils): Vertical Wire, length 150 mils
[endpoint_off_grid]: Symbol pin or wire end off connection grid
    ; warning
    @(18834 mils, 12595 mils): Symbol #PWR011 Pin 1 [+3V3, Power input, Line]
[unconnected_wire_endpoint]: Unconnected wire endpoint
    ; warning
    @(18861 mils, 25681 mils): Vertical Wire, length 576 mils
[endpoint_off_grid]: Symbol pin or wire end off connection grid
    ; warning
    @(18861 mils, 25681 mils): Vertical Wire, length 576 mils
[endpoint_off_grid]: Symbol pin or wire end off connection grid
    ; warning
    @(18864 mils, 10925 mils): Vertical Wire, length 7194 mils
[unconnected_wire_endpoint]: Unconnected wire endpoint
    ; warning
    @(18864 mils, 10925 mils): Vertical Wire, length 7194 mils
[endpoint_off_grid]: Symbol pin or wire end off connection grid
    ; warning
    @(18892 mils, 25896 mils): Symbol #PWR059 Pin 1 [GND, Power input, Line]
[endpoint_off_grid]: Symbol pin or wire end off connection grid
    ; warning
    @(18892 mils, 26046 mils): Vertical Wire, length 150 mils
[endpoint_off_grid]: Symbol pin or wire end off connection grid
    ; warning
    @(18892 mils, 26046 mils): Symbol C17 Pin 1 [Passive, Line]
[endpoint_off_grid]: Symbol pin or wire end off connection grid
    ; warning
    @(18892 mils, 26346 mils): Vertical Wire, length 150 mils
[endpoint_off_grid]: Symbol pin or wire end off connection grid
    ; warning
    @(18892 mils, 26496 mils): Pin 1 [???, ?]
[pin_to_pin]: Pins of type Unspecified and Passive are connected
    ; warning
    @(18892 mils, 26496 mils): Pin 1 [???, ?]
    @(18892 mils, 26346 mils): Symbol C17 Pin 2 [Passive, Line]
[unconnected_wire_endpoint]: Unconnected wire endpoint
    ; warning
    @(18892 mils, 26346 mils): Vertical Wire, length 150 mils
[endpoint_off_grid]: Symbol pin or wire end off connection grid
    ; warning
    @(18904 mils, 16549 mils): Horizontal Wire, length 2426 mils
[endpoint_off_grid]: Symbol pin or wire end off connection grid
    ; warning
    @(18904 mils, 19419 mils): Vertical Wire, length 2870 mils
[unconnected_wire_endpoint]: Unconnected wire endpoint
    ; warning
    @(18904 mils, 19419 mils): Vertical Wire, length 2870 mils
[unconnected_wire_endpoint]: Unconnected wire endpoint
    ; warning
    @(18954 mils, 19419 mils): Vertical Wire, length 3170 mils
[endpoint_off_grid]: Symbol pin or wire end off connection grid
    ; warning
    @(18954 mils, 19419 mils): Vertical Wire, length 3170 mils
[unconnected_wire_endpoint]: Unconnected wire endpoint
    ; warning
    @(18954 mils, 19419 mils): Vertical Wire, length 3170 mils
[footprint_link_issues]: Footprint 'SSOP-10-1EP_3.9x4.9mm_P1mm_EP2.1x3.3mm' not found in library 'Package_SO'
    ; warning
    @(18991 mils, 25205 mils): Symbol U2 [CH224K]
[endpoint_off_grid]: Symbol pin or wire end off connection grid
    ; warning
    @(19024 mils, 10819 mils): Symbol D7 Pin 1 [K, Passive, Line]
[endpoint_off_grid]: Symbol pin or wire end off connection grid
    ; warning
    @(19054 mils, 19419 mils): Vertical Wire, length 3170 mils
[unconnected_wire_endpoint]: Unconnected wire endpoint
    ; warning
    @(19054 mils, 19419 mils): Vertical Wire, length 3170 mils
[endpoint_off_grid]: Symbol pin or wire end off connection grid
    ; warning
    @(19061 mils, 24261 mils): Horizontal Wire, length 3905 mils
[endpoint_off_grid]: Symbol pin or wire end off connection grid
    ; warning
    @(19061 mils, 25039 mils): Vertical Wire, length 778 mils
[endpoint_off_grid]: Symbol pin or wire end off connection grid
    ; warning
    @(19091 mils, 24805 mils): Symbol U2 Pin 1 [VDD, Power input, Line]
[endpoint_off_grid]: Symbol pin or wire end off connection grid
    ; warning
    @(19166 mils, 25261 mils): Horizontal Wire, length 3800 mils
[endpoint_off_grid]: Symbol pin or wire end off connection grid
    ; warning
    @(19166 mils, 25542 mils): Vertical Wire, length 281 mils
[endpoint_off_grid]: Symbol pin or wire end off connection grid
    ; warning
    @(19259 mils, 10597 mils): Vertical Wire, length 8322 mils
[endpoint_off_grid]: Symbol pin or wire end off connection grid
    ; warning
    @(19259 mils, 18919 mils): Horizontal Wire, length 3071 mils
[unconnected_wire_endpoint]: Unconnected wire endpoint
    ; warning
    @(19335 mils, 25082 mils): Vertical Wire, length 820 mils
[endpoint_off_grid]: Symbol pin or wire end off connection grid
    ; warning
    @(19335 mils, 25082 mils): Vertical Wire, length 820 mils
[endpoint_off_grid]: Symbol pin or wire end off connection grid
    ; warning
    @(19361 mils, 10604 mils): Vertical Wire, length 215 mils
[endpoint_off_grid]: Symbol pin or wire end off connection grid
    ; warning
    @(19361 mils, 10819 mils): Horizontal Wire, length 37 mils
[endpoint_off_grid]: Symbol pin or wire end off connection grid
    ; warning
    @(19398 mils, 10604 mils): Symbol R43 Pin 1 [Passive, Line]
[endpoint_off_grid]: Symbol pin or wire end off connection grid
    ; warning
    @(19398 mils, 10604 mils): Horizontal Wire, length 37 mils
[endpoint_off_grid]: Symbol pin or wire end off connection grid
    ; warning
    @(19398 mils, 10904 mils): Horizontal Wire, length 1366 mils
[endpoint_off_grid]: Symbol pin or wire end off connection grid
    ; warning
    @(19524 mils, 26181 mils): Horizontal Wire, length 1721 mils
[endpoint_off_grid]: Symbol pin or wire end off connection grid
    ; warning
    @(19524 mils, 26181 mils): Symbol R5 Pin 1 [Passive, Line]
[endpoint_off_grid]: Symbol pin or wire end off connection grid
    ; warning
    @(19558 mils, 25837 mils): Symbol #PWR041 Pin 1 [GND, Power input, Line]
[endpoint_off_grid]: Symbol pin or wire end off connection grid
    ; warning
    @(19558 mils, 25987 mils): Symbol C10 Pin 1 [Passive, Line]
[endpoint_off_grid]: Symbol pin or wire end off connection grid
    ; warning
    @(19558 mils, 25987 mils): Vertical Wire, length 150 mils
[endpoint_off_grid]: Symbol pin or wire end off connection grid
    ; warning
    @(19558 mils, 26287 mils): Vertical Wire, length 150 mils
[endpoint_off_grid]: Symbol pin or wire end off connection grid
    ; warning
    @(19558 mils, 26437 mils): Symbol #PWR040 Pin 1 [VBUS_PD, Power input, Line]
[endpoint_off_grid]: Symbol pin or wire end off connection grid
    ; warning
    @(19693 mils, 24461 mils): Horizontal Wire, length 2473 mils
[endpoint_off_grid]: Symbol pin or wire end off connection grid
    ; warning
    @(19693 mils, 25454 mils): Vertical Wire, length 993 mils
[endpoint_off_grid]: Symbol pin or wire end off connection grid
    ; warning
    @(19955 mils, 11254 mils): Symbol #PWR258 Pin 1 [GND, Power input, Line]
[endpoint_off_grid]: Symbol pin or wire end off connection grid
    ; warning
    @(19955 mils, 11404 mils): Symbol D6 Pin 1 [K, Passive, Line]
[endpoint_off_grid]: Symbol pin or wire end off connection grid
    ; warning
    @(19955 mils, 11404 mils): Vertical Wire, length 150 mils
[endpoint_off_grid]: Symbol pin or wire end off connection grid
    ; warning
    @(20066 mils, 24561 mils): Horizontal Wire, length 2100 mils
[endpoint_off_grid]: Symbol pin or wire end off connection grid
    ; warning
    @(20066 mils, 25763 mils): Vertical Wire, length 1202 mils
[endpoint_off_grid]: Symbol pin or wire end off connection grid
    ; warning
    @(20105 mils, 11490 mils): Horizontal Wire, length 200 mils
[endpoint_off_grid]: Symbol pin or wire end off connection grid
    ; warning
    @(20105 mils, 11490 mils): Symbol R42 Pin 1 [Passive, Line]
[endpoint_off_grid]: Symbol pin or wire end off connection grid
    ; warning
    @(20105 mils, 11790 mils): Vertical Wire, length 150 mils
[endpoint_off_grid]: Symbol pin or wire end off connection grid
    ; warning
    @(20105 mils, 11940 mils): Symbol #PWR257 Pin 1 [+5V_SERVO, Power input, Line]
[endpoint_off_grid]: Symbol pin or wire end off connection grid
    ; warning
    @(20130 mils, 15219 mils): Horizontal Wire, length 200 mils
[unconnected_wire_endpoint]: Unconnected wire endpoint
    ; warning
    @(20130 mils, 15219 mils): Horizontal Wire, length 200 mils
[endpoint_off_grid]: Symbol pin or wire end off connection grid
    ; warning
    @(20130 mils, 15319 mils): Horizontal Wire, length 200 mils
[unconnected_wire_endpoint]: Unconnected wire endpoint
    ; warning
    @(20130 mils, 15319 mils): Horizontal Wire, length 200 mils
[endpoint_off_grid]: Symbol pin or wire end off connection grid
    ; warning
    @(20130 mils, 15419 mils): Horizontal Wire, length 200 mils
[unconnected_wire_endpoint]: Unconnected wire endpoint
    ; warning
    @(20130 mils, 15419 mils): Horizontal Wire, length 200 mils
[endpoint_off_grid]: Symbol pin or wire end off connection grid
    ; warning
    @(20130 mils, 15519 mils): Horizontal Wire, length 1218 mils
[unconnected_wire_endpoint]: Unconnected wire endpoint
    ; warning
    @(20130 mils, 15519 mils): Horizontal Wire, length 1218 mils
[endpoint_off_grid]: Symbol pin or wire end off connection grid
    ; warning
    @(20130 mils, 15619 mils): Horizontal Wire, length 1218 mils
[unconnected_wire_endpoint]: Unconnected wire endpoint
    ; warning
    @(20130 mils, 15619 mils): Horizontal Wire, length 1218 mils
[endpoint_off_grid]: Symbol pin or wire end off connection grid
    ; warning
    @(20130 mils, 15719 mils): Horizontal Wire, length 1218 mils
[unconnected_wire_endpoint]: Unconnected wire endpoint
    ; warning
    @(20130 mils, 15719 mils): Horizontal Wire, length 1218 mils
[endpoint_off_grid]: Symbol pin or wire end off connection grid
    ; warning
    @(20130 mils, 15819 mils): Horizontal Wire, length 1218 mils
[unconnected_wire_endpoint]: Unconnected wire endpoint
    ; warning
    @(20130 mils, 15819 mils): Horizontal Wire, length 1218 mils
[endpoint_off_grid]: Symbol pin or wire end off connection grid
    ; warning
    @(20130 mils, 15919 mils): Horizontal Wire, length 3880 mils
[endpoint_off_grid]: Symbol pin or wire end off connection grid
    ; warning
    @(20130 mils, 16319 mils): Horizontal Wire, length 8093 mils
[endpoint_off_grid]: Symbol pin or wire end off connection grid
    ; warning
    @(20130 mils, 16619 mils): Horizontal Wire, length 200 mils
[endpoint_off_grid]: Symbol pin or wire end off connection grid
    ; warning
    @(20130 mils, 17019 mils): Horizontal Wire, length 8093 mils
[endpoint_off_grid]: Symbol pin or wire end off connection grid
    ; warning
    @(20130 mils, 17319 mils): Horizontal Wire, length 8093 mils
[unconnected_wire_endpoint]: Unconnected wire endpoint
    ; warning
    @(20130 mils, 17319 mils): Horizontal Wire, length 8093 mils
[endpoint_off_grid]: Symbol pin or wire end off connection grid
    ; warning
    @(20130 mils, 17419 mils): Horizontal Wire, length 14186 mils
[endpoint_off_grid]: Symbol pin or wire end off connection grid
    ; warning
    @(20130 mils, 17519 mils): Horizontal Wire, length 7339 mils
[unconnected_wire_endpoint]: Unconnected wire endpoint
    ; warning
    @(20130 mils, 17519 mils): Horizontal Wire, length 7339 mils
[endpoint_off_grid]: Symbol pin or wire end off connection grid
    ; warning
    @(20130 mils, 17619 mils): Horizontal Wire, length 7339 mils
[unconnected_wire_endpoint]: Unconnected wire endpoint
    ; warning
    @(20130 mils, 17619 mils): Horizontal Wire, length 7339 mils
[endpoint_off_grid]: Symbol pin or wire end off connection grid
    ; warning
    @(20130 mils, 17719 mils): Horizontal Wire, length 7339 mils
[unconnected_wire_endpoint]: Unconnected wire endpoint
    ; warning
    @(20130 mils, 17719 mils): Horizontal Wire, length 7339 mils
[endpoint_off_grid]: Symbol pin or wire end off connection grid
    ; warning
    @(20130 mils, 17819 mils): Horizontal Wire, length 7339 mils
[endpoint_off_grid]: Symbol pin or wire end off connection grid
    ; warning
    @(20130 mils, 18519 mils): Horizontal Wire, length 5467 mils
[endpoint_off_grid]: Symbol pin or wire end off connection grid
    ; warning
    @(20160 mils, 25005 mils): Vertical Wire, length 6400 mils
[unconnected_wire_endpoint]: Unconnected wire endpoint
    ; warning
    @(18591 mils, 25105 mils): Horizontal Wire, length 1570 mils
[unconnected_wire_endpoint]: Unconnected wire endpoint
    ; warning
    @(18591 mils, 25305 mils): Horizontal Wire, length 1570 mils
[unconnected_wire_endpoint]: Unconnected wire endpoint
    ; warning
    @(18591 mils, 25405 mils): Horizontal Wire, length 1570 mils
[endpoint_off_grid]: Symbol pin or wire end off connection grid
    ; warning
    @(20160 mils, 30905 mils): Horizontal Wire, length 1570 mils
[unconnected_wire_endpoint]: Unconnected wire endpoint
    ; warning
    @(20160 mils, 30905 mils): Horizontal Wire, length 1570 mils
[endpoint_off_grid]: Symbol pin or wire end off connection grid
    ; warning
    @(20160 mils, 31105 mils): Horizontal Wire, length 1788 mils
[unconnected_wire_endpoint]: Unconnected wire endpoint
    ; warning
    @(20160 mils, 31105 mils): Horizontal Wire, length 1788 mils
[endpoint_off_grid]: Symbol pin or wire end off connection grid
    ; warning
    @(20160 mils, 31305 mils): Horizontal Wire, length 1570 mils
[unconnected_wire_endpoint]: Unconnected wire endpoint
    ; warning
    @(20160 mils, 31305 mils): Horizontal Wire, length 1570 mils
[endpoint_off_grid]: Symbol pin or wire end off connection grid
    ; warning
    @(20160 mils, 31405 mils): Horizontal Wire, length 1570 mils
[endpoint_off_grid]: Symbol pin or wire end off connection grid
    ; warning
    @(20255 mils, 11404 mils): Horizontal Wire, length 200 mils
[unconnected_wire_endpoint]: Unconnected wire endpoint
    ; warning
    @(20105 mils, 11490 mils): Horizontal Wire, length 200 mils
[endpoint_off_grid]: Symbol pin or wire end off connection grid
    ; warning
    @(20310 mils, 12267 mils): Symbol #PWR014 Pin 1 [GND, Power input, Line]
[endpoint_off_grid]: Symbol pin or wire end off connection grid
    ; warning
    @(20310 mils, 12417 mils): Symbol C5 Pin 1 [Passive, Line]
[endpoint_off_grid]: Symbol pin or wire end off connection grid
    ; warning
    @(20310 mils, 12417 mils): Vertical Wire, length 150 mils
[endpoint_off_grid]: Symbol pin or wire end off connection grid
    ; warning
    @(20310 mils, 12717 mils): Vertical Wire, length 150 mils
[endpoint_off_grid]: Symbol pin or wire end off connection grid
    ; warning
    @(20310 mils, 12867 mils): Symbol #PWR013 Pin 1 [+3V3, Power input, Line]
[endpoint_off_grid]: Symbol pin or wire end off connection grid
    ; warning
    @(20324 mils, 26136 mils): Symbol #PWR054 Pin 1 [GND, Power input, Line]
[endpoint_off_grid]: Symbol pin or wire end off connection grid
    ; warning
    @(20324 mils, 26286 mils): Symbol C16 Pin 1 [Passive, Line]
[endpoint_off_grid]: Symbol pin or wire end off connection grid
    ; warning
    @(20324 mils, 26286 mils): Vertical Wire, length 150 mils
[endpoint_off_grid]: Symbol pin or wire end off connection grid
    ; warning
    @(20324 mils, 26586 mils): Vertical Wire, length 150 mils
[endpoint_off_grid]: Symbol pin or wire end off connection grid
    ; warning
    @(20324 mils, 26736 mils): Pin 1 [???, ?]
[pin_to_pin]: Pins of type Unspecified and Passive are connected
    ; warning
    @(20324 mils, 26736 mils): Pin 1 [???, ?]
    @(20324 mils, 26586 mils): Symbol C16 Pin 2 [Passive, Line]
[unconnected_wire_endpoint]: Unconnected wire endpoint
    ; warning
    @(20324 mils, 26586 mils): Vertical Wire, length 150 mils
[unconnected_wire_endpoint]: Unconnected wire endpoint
    ; warning
    @(20130 mils, 15219 mils): Horizontal Wire, length 200 mils
[unconnected_wire_endpoint]: Unconnected wire endpoint
    ; warning
    @(20130 mils, 15319 mils): Horizontal Wire, length 200 mils
[unconnected_wire_endpoint]: Unconnected wire endpoint
    ; warning
    @(20130 mils, 15419 mils): Horizontal Wire, length 200 mils
[unconnected_wire_endpoint]: Unconnected wire endpoint
    ; warning
    @(20130 mils, 16619 mils): Horizontal Wire, length 200 mils
[isolated_pin_label]: Label connected to only one pin
    ; warning
    @(20350 mils, 15819 mils): Label 'MIC_BCLK'
[isolated_pin_label]: Label connected to only one pin
    ; warning
    @(20350 mils, 15919 mils): Label 'PSRAM_CS'
[multiple_net_names]: Both CHG_INT and PSRAM_CS are attached to the same items; CHG_INT will be used in the netlist
    ; warning
    @(22350 mils, 15919 mils): Label 'CHG_INT'
    @(20350 mils, 15919 mils): Label 'PSRAM_CS'
[endpoint_off_grid]: Symbol pin or wire end off connection grid
    ; warning
    @(20387 mils, 9484 mils): Vertical Wire, length 9335 mils
[endpoint_off_grid]: Symbol pin or wire end off connection grid
    ; warning
    @(20387 mils, 18819 mils): Horizontal Wire, length 1943 mils
[unconnected_wire_endpoint]: Unconnected wire endpoint
    ; warning
    @(20255 mils, 11404 mils): Horizontal Wire, length 200 mils
[endpoint_off_grid]: Symbol pin or wire end off connection grid
    ; warning
    @(20730 mils, 19419 mils): Vertical Wire, length 150 mils
[unconnected_wire_endpoint]: Unconnected wire endpoint
    ; warning
    @(20730 mils, 19419 mils): Vertical Wire, length 150 mils
[endpoint_off_grid]: Symbol pin or wire end off connection grid
    ; warning
    @(20730 mils, 19569 mils): Symbol #PWR003 Pin 1 [+3V3, Power input, Line]
[endpoint_off_grid]: Symbol pin or wire end off connection grid
    ; warning
    @(20764 mils, 10904 mils): Vertical Wire, length 4515 mils
[endpoint_off_grid]: Symbol pin or wire end off connection grid
    ; warning
    @(20764 mils, 15419 mils): Horizontal Wire, length 1566 mils
[endpoint_off_grid]: Symbol pin or wire end off connection grid
    ; warning
    @(20930 mils, 3733 mils): Symbol J10 Pin 1 [Pin_1, Passive, Line]
[endpoint_off_grid]: Symbol pin or wire end off connection grid
    ; warning
    @(20930 mils, 18119 mils): Vertical Wire, length 12986 mils
[unconnected_wire_endpoint]: Unconnected wire endpoint
    ; warning
    @(20930 mils, 18119 mils): Vertical Wire, length 12986 mils
[endpoint_off_grid]: Symbol pin or wire end off connection grid
    ; warning
    @(20930 mils, 19569 mils): Symbol #PWR004 Pin 1 [+3V3, Power input, Line]
[unconnected_wire_endpoint]: Unconnected wire endpoint
    ; warning
    @(20930 mils, 18119 mils): Vertical Wire, length 12986 mils
[endpoint_off_grid]: Symbol pin or wire end off connection grid
    ; warning
    @(21030 mils, 3196 mils): Vertical Wire, length 637 mils
[endpoint_off_grid]: Symbol pin or wire end off connection grid
    ; warning
    @(21030 mils, 3833 mils): Horizontal Wire, length 100 mils
[endpoint_off_grid]: Symbol pin or wire end off connection grid
    ; warning
    @(21030 mils, 3933 mils): Horizontal Wire, length 100 mils
[endpoint_off_grid]: Symbol pin or wire end off connection grid
    ; warning
    @(21030 mils, 8802 mils): Vertical Wire, length 4868 mils
[endpoint_off_grid]: Symbol pin or wire end off connection grid
    ; warning
    @(21030 mils, 19419 mils): Vertical Wire, length 150 mils
[unconnected_wire_endpoint]: Unconnected wire endpoint
    ; warning
    @(21030 mils, 19419 mils): Vertical Wire, length 150 mils
[endpoint_off_grid]: Symbol pin or wire end off connection grid
    ; warning
    @(21030 mils, 19569 mils): Symbol #PWR001 Pin 1 [+3V3, Power input, Line]
[endpoint_off_grid]: Symbol pin or wire end off connection grid
    ; warning
    @(21130 mils, 2896 mils): Symbol C51 Pin 1 [Passive, Line]
[endpoint_off_grid]: Symbol pin or wire end off connection grid
    ; warning
    @(21130 mils, 3196 mils): Horizontal Wire, length 100 mils
[endpoint_off_grid]: Symbol pin or wire end off connection grid
    ; warning
    @(21130 mils, 8802 mils): Horizontal Wire, length 100 mils
[endpoint_off_grid]: Symbol pin or wire end off connection grid
    ; warning
    @(21130 mils, 8802 mils): Symbol R37 Pin 1 [Passive, Line]
[endpoint_off_grid]: Symbol pin or wire end off connection grid
    ; warning
    @(21130 mils, 9102 mils): Horizontal Wire, length 500 mils
[endpoint_off_grid]: Symbol pin or wire end off connection grid
    ; warning
    @(21130 mils, 11014 mils): Symbol #PWR256 Pin 1 [GND, Power input, Line]
[endpoint_off_grid]: Symbol pin or wire end off connection grid
    ; warning
    @(21130 mils, 11164 mils): Symbol C56 Pin 1 [Passive, Line]
[endpoint_off_grid]: Symbol pin or wire end off connection grid
    ; warning
    @(21130 mils, 11164 mils): Vertical Wire, length 150 mils
[footprint_link_issues]: Footprint 'CP_Elec_8x10.2' not found in library 'Capacitor_SMD'
    ; warning
    @(21130 mils, 11314 mils): Symbol C56 [C]
[endpoint_off_grid]: Symbol pin or wire end off connection grid
    ; warning
    @(21130 mils, 11464 mils): Vertical Wire, length 150 mils
[endpoint_off_grid]: Symbol pin or wire end off connection grid
    ; warning
    @(21130 mils, 11614 mils): Symbol #PWR255 Pin 1 [+5V_SERVO, Power input, Line]
[endpoint_off_grid]: Symbol pin or wire end off connection grid
    ; warning
    @(21130 mils, 14769 mils): Symbol #PWR002 Pin 1 [GND, Power input, Line]
[endpoint_off_grid]: Symbol pin or wire end off connection grid
    ; warning
    @(21130 mils, 14919 mils): Vertical Wire, length 150 mils
[unconnected_wire_endpoint]: Unconnected wire endpoint
    ; warning
    @(21130 mils, 14919 mils): Vertical Wire, length 150 mils
[footprint_link_issues]: Footprint 'QFN-80-1EP_10x10mm_P0.4mm_EP3.4x3.4mm' not found in library 'Package_DFN_QFN'
    ; warning
    @(21130 mils, 17219 mils): Symbol U1 [RP2350B]
[endpoint_off_grid]: Symbol pin or wire end off connection grid
    ; warning
    @(21130 mils, 26321 mils): Horizontal Wire, length 918 mils
[endpoint_off_grid]: Symbol pin or wire end off connection grid
    ; warning
    @(21130 mils, 26321 mils): Symbol C12 Pin 1 [Passive, Line]
[endpoint_off_grid]: Symbol pin or wire end off connection grid
    ; warning
    @(21130 mils, 26621 mils): Horizontal Wire, length 918 mils
[endpoint_off_grid]: Symbol pin or wire end off connection grid
    ; warning
    @(21130 mils, 32205 mils): Symbol J2 Pin A1 [GND, Passive, Line]
[unconnected_wire_endpoint]: Unconnected wire endpoint
    ; warning
    @(21245 mils, 26181 mils): Vertical Wire, length 1919 mils
[endpoint_off_grid]: Symbol pin or wire end off connection grid
    ; warning
    @(21245 mils, 26181 mils): Vertical Wire, length 1919 mils
[endpoint_off_grid]: Symbol pin or wire end off connection grid
    ; warning
    @(21348 mils, 8727 mils): Vertical Wire, length 7092 mils
[unconnected_wire_endpoint]: Unconnected wire endpoint
    ; warning
    @(22566 mils, 9027 mils): Horizontal Wire, length 1218 mils
[unconnected_wire_endpoint]: Unconnected wire endpoint
    ; warning
    @(22566 mils, 9127 mils): Horizontal Wire, length 1218 mils
[unconnected_wire_endpoint]: Unconnected wire endpoint
    ; warning
    @(22566 mils, 9227 mils): Horizontal Wire, length 1218 mils
[unconnected_wire_endpoint]: Unconnected wire endpoint
    ; warning
    @(20130 mils, 15519 mils): Horizontal Wire, length 1218 mils
[unconnected_wire_endpoint]: Unconnected wire endpoint
    ; warning
    @(20130 mils, 15619 mils): Horizontal Wire, length 1218 mils
[unconnected_wire_endpoint]: Unconnected wire endpoint
    ; warning
    @(20130 mils, 15719 mils): Horizontal Wire, length 1218 mils
[endpoint_off_grid]: Symbol pin or wire end off connection grid
    ; warning
    @(21604 mils, 11507 mils): Symbol #PWR016 Pin 1 [GND, Power input, Line]
[endpoint_off_grid]: Symbol pin or wire end off connection grid
    ; warning
    @(21604 mils, 11657 mils): Symbol C6 Pin 1 [Passive, Line]
[endpoint_off_grid]: Symbol pin or wire end off connection grid
    ; warning
    @(21604 mils, 11657 mils): Vertical Wire, length 150 mils
[endpoint_off_grid]: Symbol pin or wire end off connection grid
    ; warning
    @(21604 mils, 11957 mils): Vertical Wire, length 150 mils
[endpoint_off_grid]: Symbol pin or wire end off connection grid
    ; warning
    @(21604 mils, 12107 mils): Symbol #PWR015 Pin 1 [+3V3, Power input, Line]
[endpoint_off_grid]: Symbol pin or wire end off connection grid
    ; warning
    @(21630 mils, 9102 mils): Vertical Wire, length 9618 mils
[endpoint_off_grid]: Symbol pin or wire end off connection grid
    ; warning
    @(21630 mils, 15019 mils): Symbol U1 Pin 10 [DVDD, Power input, Line]
[endpoint_off_grid]: Symbol pin or wire end off connection grid
    ; warning
    @(21630 mils, 18719 mils): Horizontal Wire, length 700 mils
[unconnected_wire_endpoint]: Unconnected wire endpoint
    ; warning
    @(18690 mils, 19419 mils): Horizontal Wire, length 2940 mils
[unconnected_wire_endpoint]: Unconnected wire endpoint
    ; warning
    @(21730 mils, 30905 mils): Vertical Wire, length 100 mils
[endpoint_off_grid]: Symbol pin or wire end off connection grid
    ; warning
    @(21730 mils, 30905 mils): Vertical Wire, length 100 mils
[endpoint_off_grid]: Symbol pin or wire end off connection grid
    ; warning
    @(21730 mils, 31105 mils): Vertical Wire, length 100 mils
[unconnected_wire_endpoint]: Unconnected wire endpoint
    ; warning
    @(21730 mils, 31105 mils): Vertical Wire, length 100 mils
[unconnected_wire_endpoint]: Unconnected wire endpoint
    ; warning
    @(20160 mils, 31405 mils): Horizontal Wire, length 1570 mils
[endpoint_off_grid]: Symbol pin or wire end off connection grid
    ; warning
    @(21804 mils, 7806 mils): Symbol Y2 Pin 1 [1, Passive, Line]
[endpoint_off_grid]: Symbol pin or wire end off connection grid
    ; warning
    @(21804 mils, 7806 mils): Horizontal Wire, length 531 mils
[endpoint_off_grid]: Symbol pin or wire end off connection grid
    ; warning
    @(21937 mils, 26286 mils): Symbol C11 Pin 1 [Passive, Line]
[endpoint_off_grid]: Symbol pin or wire end off connection grid
    ; warning
    @(21937 mils, 26286 mils): Horizontal Wire, length 515 mils
[endpoint_off_grid]: Symbol pin or wire end off connection grid
    ; warning
    @(21937 mils, 26586 mils): Horizontal Wire, length 515 mils
[endpoint_off_grid]: Symbol pin or wire end off connection grid
    ; warning
    @(21948 mils, 25561 mils): Vertical Wire, length 5544 mils
[unconnected_wire_endpoint]: Unconnected wire endpoint
    ; warning
    @(22166 mils, 25661 mils): Horizontal Wire, length 218 mils
[endpoint_off_grid]: Symbol pin or wire end off connection grid
    ; warning
    @(21948 mils, 30905 mils): Horizontal Wire, length 218 mils
[unconnected_wire_endpoint]: Unconnected wire endpoint
    ; warning
    @(21948 mils, 30905 mils): Horizontal Wire, length 218 mils
[endpoint_off_grid]: Symbol pin or wire end off connection grid
    ; warning
    @(22048 mils, 24861 mils): Horizontal Wire, length 918 mils
[endpoint_off_grid]: Symbol pin or wire end off connection grid
    ; warning
    @(22048 mils, 24861 mils): Vertical Wire, length 1760 mils
[endpoint_off_grid]: Symbol pin or wire end off connection grid
    ; warning
    @(22048 mils, 25461 mils): Horizontal Wire, length 918 mils
[unconnected_wire_endpoint]: Unconnected wire endpoint
    ; warning
    @(22048 mils, 25461 mils): Horizontal Wire, length 918 mils
[unconnected_wire_endpoint]: Unconnected wire endpoint
    ; warning
    @(21130 mils, 26321 mils): Horizontal Wire, length 918 mils
[endpoint_off_grid]: Symbol pin or wire end off connection grid
    ; warning
    @(22130 mils, 15219 mils): Horizontal Wire, length 200 mils
[unconnected_wire_endpoint]: Unconnected wire endpoint
    ; warning
    @(22130 mils, 15219 mils): Horizontal Wire, length 200 mils
[endpoint_off_grid]: Symbol pin or wire end off connection grid
    ; warning
    @(22130 mils, 15319 mils): Horizontal Wire, length 200 mils
[endpoint_off_grid]: Symbol pin or wire end off connection grid
    ; warning
    @(22130 mils, 15519 mils): Horizontal Wire, length 200 mils
[endpoint_off_grid]: Symbol pin or wire end off connection grid
    ; warning
    @(22130 mils, 15619 mils): Horizontal Wire, length 200 mils
[endpoint_off_grid]: Symbol pin or wire end off connection grid
    ; warning
    @(22130 mils, 15719 mils): Horizontal Wire, length 200 mils
[endpoint_off_grid]: Symbol pin or wire end off connection grid
    ; warning
    @(22130 mils, 15819 mils): Horizontal Wire, length 5339 mils
[endpoint_off_grid]: Symbol pin or wire end off connection grid
    ; warning
    @(22130 mils, 16419 mils): Horizontal Wire, length 6093 mils
[endpoint_off_grid]: Symbol pin or wire end off connection grid
    ; warning
    @(22130 mils, 16519 mils): Horizontal Wire, length 6093 mils
[endpoint_off_grid]: Symbol pin or wire end off connection grid
    ; warning
    @(22130 mils, 16619 mils): Horizontal Wire, length 6093 mils
[endpoint_off_grid]: Symbol pin or wire end off connection grid
    ; warning
    @(22130 mils, 16719 mils): Horizontal Wire, length 12186 mils
[endpoint_off_grid]: Symbol pin or wire end off connection grid
    ; warning
    @(22130 mils, 16819 mils): Horizontal Wire, length 12186 mils
[endpoint_off_grid]: Symbol pin or wire end off connection grid
    ; warning
    @(22130 mils, 16919 mils): Horizontal Wire, length 12186 mils
[endpoint_off_grid]: Symbol pin or wire end off connection grid
    ; warning
    @(22130 mils, 17119 mils): Horizontal Wire, length 12186 mils
[endpoint_off_grid]: Symbol pin or wire end off connection grid
    ; warning
    @(22130 mils, 17219 mils): Horizontal Wire, length 12186 mils
[endpoint_off_grid]: Symbol pin or wire end off connection grid
    ; warning
    @(22130 mils, 17919 mils): Horizontal Wire, length 3347 mils
[endpoint_off_grid]: Symbol pin or wire end off connection grid
    ; warning
    @(22130 mils, 18019 mils): Horizontal Wire, length 3280 mils
[endpoint_off_grid]: Symbol pin or wire end off connection grid
    ; warning
    @(22130 mils, 18319 mils): Horizontal Wire, length 3385 mils
[endpoint_off_grid]: Symbol pin or wire end off connection grid
    ; warning
    @(22130 mils, 18419 mils): Horizontal Wire, length 2780 mils
[endpoint_off_grid]: Symbol pin or wire end off connection grid
    ; warning
    @(22130 mils, 18619 mils): Horizontal Wire, length 743 mils
[endpoint_off_grid]: Symbol pin or wire end off connection grid
    ; warning
    @(22148 mils, 15919 mils): Vertical Wire, length 9442 mils
[unconnected_wire_endpoint]: Unconnected wire endpoint
    ; warning
    @(22148 mils, 15919 mils): Vertical Wire, length 9442 mils
[unconnected_wire_endpoint]: Unconnected wire endpoint
    ; warning
    @(22166 mils, 25061 mils): Horizontal Wire, length 18 mils
[endpoint_off_grid]: Symbol pin or wire end off connection grid
    ; warning
    @(22166 mils, 25061 mils): Horizontal Wire, length 18 mils
[endpoint_off_grid]: Symbol pin or wire end off connection grid
    ; warning
    @(22166 mils, 25361 mils): Horizontal Wire, length 18 mils
[endpoint_off_grid]: Symbol pin or wire end off connection grid
    ; warning
    @(22166 mils, 25561 mils): Horizontal Wire, length 218 mils
[unconnected_wire_endpoint]: Unconnected wire endpoint
    ; warning
    @(22166 mils, 25561 mils): Horizontal Wire, length 218 mils
[endpoint_off_grid]: Symbol pin or wire end off connection grid
    ; warning
    @(22166 mils, 25661 mils): Horizontal Wire, length 218 mils
[unconnected_wire_endpoint]: Unconnected wire endpoint
    ; warning
    @(22767 mils, 25861 mils): Horizontal Wire, length 601 mils
[endpoint_off_grid]: Symbol pin or wire end off connection grid
    ; warning
    @(22166 mils, 26261 mils): Horizontal Wire, length 962 mils
[endpoint_off_grid]: Symbol pin or wire end off connection grid
    ; warning
    @(22166 mils, 26461 mils): Horizontal Wire, length 962 mils
[endpoint_off_grid]: Symbol pin or wire end off connection grid
    ; warning
    @(22185 mils, 7806 mils): Vertical Wire, length 621 mils
[unconnected_wire_endpoint]: Unconnected wire endpoint
    ; warning
    @(22185 mils, 7806 mils): Vertical Wire, length 621 mils
[endpoint_off_grid]: Symbol pin or wire end off connection grid
    ; warning
    @(22185 mils, 8427 mils): Horizontal Wire, length 381 mils
[unconnected_wire_endpoint]: Unconnected wire endpoint
    ; warning
    @(22130 mils, 15219 mils): Horizontal Wire, length 200 mils
[unconnected_wire_endpoint]: Unconnected wire endpoint
    ; warning
    @(22130 mils, 15319 mils): Horizontal Wire, length 200 mils
[unconnected_wire_endpoint]: Unconnected wire endpoint
    ; warning
    @(20764 mils, 15419 mils): Horizontal Wire, length 1566 mils
[unconnected_wire_endpoint]: Unconnected wire endpoint
    ; warning
    @(22130 mils, 15519 mils): Horizontal Wire, length 200 mils
[unconnected_wire_endpoint]: Unconnected wire endpoint
    ; warning
    @(22130 mils, 15619 mils): Horizontal Wire, length 200 mils
[unconnected_wire_endpoint]: Unconnected wire endpoint
    ; warning
    @(22130 mils, 15719 mils): Horizontal Wire, length 200 mils
[unconnected_wire_endpoint]: Unconnected wire endpoint
    ; warning
    @(17546 mils, 16019 mils): Horizontal Wire, length 4785 mils
[unconnected_wire_endpoint]: Unconnected wire endpoint
    ; warning
    @(17750 mils, 16119 mils): Horizontal Wire, length 4580 mils
[unconnected_wire_endpoint]: Unconnected wire endpoint
    ; warning
    @(17246 mils, 18119 mils): Horizontal Wire, length 5084 mils
[unconnected_wire_endpoint]: Unconnected wire endpoint
    ; warning
    @(17246 mils, 18219 mils): Horizontal Wire, length 5084 mils
[unconnected_wire_endpoint]: Unconnected wire endpoint
    ; warning
    @(21630 mils, 18719 mils): Horizontal Wire, length 700 mils
[unconnected_wire_endpoint]: Unconnected wire endpoint
    ; warning
    @(20387 mils, 18819 mils): Horizontal Wire, length 1943 mils
[unconnected_wire_endpoint]: Unconnected wire endpoint
    ; warning
    @(19259 mils, 18919 mils): Horizontal Wire, length 3071 mils
[unconnected_wire_endpoint]: Unconnected wire endpoint
    ; warning
    @(18351 mils, 19019 mils): Horizontal Wire, length 3980 mils
[unconnected_wire_endpoint]: Unconnected wire endpoint
    ; warning
    @(17746 mils, 19119 mils): Horizontal Wire, length 4585 mils
[endpoint_off_grid]: Symbol pin or wire end off connection grid
    ; warning
    @(22335 mils, 7806 mils): Vertical Wire, length 521 mils
[endpoint_off_grid]: Symbol pin or wire end off connection grid
    ; warning
    @(22335 mils, 8327 mils): Horizontal Wire, length 231 mils
[endpoint_off_grid]: Symbol pin or wire end off connection grid
    ; warning
    @(22348 mils, 8827 mils): Vertical Wire, length 9192 mils
[unconnected_wire_endpoint]: Unconnected wire endpoint
    ; warning
    @(22566 mils, 8927 mils): Horizontal Wire, length 218 mils
[unconnected_wire_endpoint]: Unconnected wire endpoint
    ; warning
    @(22348 mils, 8827 mils): Vertical Wire, length 9192 mils
[isolated_pin_label]: Label connected to only one pin
    ; warning
    @(22350 mils, 15919 mils): Label 'CHG_INT'
[isolated_pin_label]: Label connected to only one pin
    ; warning
    @(22350 mils, 16419 mils): Label 'CAM_HSYNC'
[isolated_pin_label]: Label connected to only one pin
    ; warning
    @(22350 mils, 16519 mils): Label 'CAM_VSYNC'
[isolated_pin_label]: Label connected to only one pin
    ; warning
    @(22350 mils, 16619 mils): Label 'CAM_PCLK'
[isolated_pin_label]: Label connected to only one pin
    ; warning
    @(22350 mils, 17319 mils): Label 'CAM_D1'
[isolated_pin_label]: Label connected to only one pin
    ; warning
    @(22350 mils, 17819 mils): Label 'SPI0_SCK'
[isolated_pin_label]: Label connected to only one pin
    ; warning
    @(22350 mils, 18019 mils): Label 'I2C1_SDA'
[endpoint_off_grid]: Symbol pin or wire end off connection grid
    ; warning
    @(22391 mils, 7952 mils): Symbol #PWR227 Pin 1 [GND, Power input, Line]
[endpoint_off_grid]: Symbol pin or wire end off connection grid
    ; warning
    @(22391 mils, 8102 mils): Symbol C46 Pin 1 [Passive, Line]
[endpoint_off_grid]: Symbol pin or wire end off connection grid
    ; warning
    @(22391 mils, 8102 mils): Vertical Wire, length 150 mils
[endpoint_off_grid]: Symbol pin or wire end off connection grid
    ; warning
    @(22391 mils, 8402 mils): Vertical Wire, length 150 mils
[endpoint_off_grid]: Symbol pin or wire end off connection grid
    ; warning
    @(22391 mils, 8552 mils): Symbol #PWR226 Pin 1 [+3V3, Power input, Line]
[unconnected_wire_endpoint]: Unconnected wire endpoint
    ; warning
    @(22451 mils, 26286 mils): Vertical Wire, length 25 mils
[endpoint_off_grid]: Symbol pin or wire end off connection grid
    ; warning
    @(22451 mils, 26286 mils): Vertical Wire, length 25 mils
[unconnected_wire_endpoint]: Unconnected wire endpoint
    ; warning
    @(22451 mils, 26586 mils): Vertical Wire, length 125 mils
[endpoint_off_grid]: Symbol pin or wire end off connection grid
    ; warning
    @(22451 mils, 26586 mils): Vertical Wire, length 125 mils
[endpoint_off_grid]: Symbol pin or wire end off connection grid
    ; warning
    @(22459 mils, 11415 mils): Symbol J15 Pin 1 [Pin_1, Passive, Line]
[endpoint_off_grid]: Symbol pin or wire end off connection grid
    ; warning
    @(22566 mils, 8227 mils): Symbol U17 Pin 1 [AVDD, Power input, Line]
[endpoint_off_grid]: Symbol pin or wire end off connection grid
    ; warning
    @(22566 mils, 8727 mils): Horizontal Wire, length 1218 mils
[endpoint_off_grid]: Symbol pin or wire end off connection grid
    ; warning
    @(22566 mils, 8827 mils): Horizontal Wire, length 218 mils
[endpoint_off_grid]: Symbol pin or wire end off connection grid
    ; warning
    @(22566 mils, 8927 mils): Horizontal Wire, length 218 mils
[endpoint_off_grid]: Symbol pin or wire end off connection grid
    ; warning
    @(22566 mils, 9027 mils): Horizontal Wire, length 1218 mils
[footprint_link_issues]: Footprint 'LFCSP-72_10x10mm_P0.5mm' not found in library 'Package_DFN_QFN'
    ; warning
    @(22566 mils, 9077 mils): Symbol U17 [ADAU1450_U17]
[endpoint_off_grid]: Symbol pin or wire end off connection grid
    ; warning
    @(22566 mils, 9127 mils): Horizontal Wire, length 1218 mils
[endpoint_off_grid]: Symbol pin or wire end off connection grid
    ; warning
    @(22566 mils, 9227 mils): Horizontal Wire, length 1218 mils
[endpoint_off_grid]: Symbol pin or wire end off connection grid
    ; warning
    @(22566 mils, 9327 mils): Horizontal Wire, length 896 mils
[endpoint_off_grid]: Symbol pin or wire end off connection grid
    ; warning
    @(22566 mils, 9427 mils): Horizontal Wire, length 896 mils
[footprint_link_issues]: Footprint 'Texas_RQM0029A_VQFN-29_4x4mm_P0.4mm' not found in library 'Package_DFN_QFN'
    ; warning
    @(22566 mils, 25361 mils): Symbol U3 [BQ25798]
[endpoint_off_grid]: Symbol pin or wire end off connection grid
    ; warning
    @(22767 mils, 25861 mils): Horizontal Wire, length 601 mils
[endpoint_off_grid]: Symbol pin or wire end off connection grid
    ; warning
    @(22767 mils, 26046 mils): Vertical Wire, length 185 mils
[endpoint_off_grid]: Symbol pin or wire end off connection grid
    ; warning
    @(22873 mils, 9484 mils): Vertical Wire, length 9135 mils
[unconnected_wire_endpoint]: Unconnected wire endpoint
    ; warning
    @(22048 mils, 24861 mils): Horizontal Wire, length 918 mils
[endpoint_off_grid]: Symbol pin or wire end off connection grid
    ; warning
    @(22966 mils, 25461 mils): Symbol U3 Pin 1 [STAT, Open collector, Line]
[endpoint_off_grid]: Symbol pin or wire end off connection grid
    ; warning
    @(22966 mils, 25661 mils): Horizontal Wire, length 356 mils
[endpoint_off_grid]: Symbol pin or wire end off connection grid
    ; warning
    @(22966 mils, 26061 mils): Horizontal Wire, length 356 mils
[endpoint_off_grid]: Symbol pin or wire end off connection grid
    ; warning
    @(22978 mils, 26019 mils): Vertical Wire, length 143 mils
[endpoint_off_grid]: Symbol pin or wire end off connection grid
    ; warning
    @(22978 mils, 26161 mils): Horizontal Wire, length 812 mils
[endpoint_off_grid]: Symbol pin or wire end off connection grid
    ; warning
    @(23128 mils, 25819 mils): Vertical Wire, length 643 mils
[endpoint_off_grid]: Symbol pin or wire end off connection grid
    ; warning
    @(23128 mils, 25819 mils): Horizontal Wire, length 962 mils
[unconnected_wire_endpoint]: Unconnected wire endpoint
    ; warning
    @(22166 mils, 26261 mils): Horizontal Wire, length 962 mils
[endpoint_off_grid]: Symbol pin or wire end off connection grid
    ; warning
    @(23322 mils, 25661 mils): Vertical Wire, length 1215 mils
[unconnected_wire_endpoint]: Unconnected wire endpoint
    ; warning
    @(22966 mils, 26061 mils): Horizontal Wire, length 356 mils
[endpoint_off_grid]: Symbol pin or wire end off connection grid
    ; warning
    @(23322 mils, 26576 mils): Horizontal Wire, length 356 mils
[unconnected_wire_endpoint]: Unconnected wire endpoint
    ; warning
    @(23322 mils, 26576 mils): Horizontal Wire, length 356 mils
[endpoint_off_grid]: Symbol pin or wire end off connection grid
    ; warning
    @(23322 mils, 26876 mils): Horizontal Wire, length 356 mils
[endpoint_off_grid]: Symbol pin or wire end off connection grid
    ; warning
    @(23369 mils, 26046 mils): Horizontal Wire, length 601 mils
[endpoint_off_grid]: Symbol pin or wire end off connection grid
    ; warning
    @(23369 mils, 26046 mils): Symbol R4 Pin 1 [Passive, Line]
[endpoint_off_grid]: Symbol pin or wire end off connection grid
    ; warning
    @(23462 mils, 9327 mils): Vertical Wire, length 23 mils
[endpoint_off_grid]: Symbol pin or wire end off connection grid
    ; warning
    @(23462 mils, 9350 mils): Horizontal Wire, length 896 mils
[endpoint_off_grid]: Symbol pin or wire end off connection grid
    ; warning
    @(23462 mils, 9427 mils): Vertical Wire, length 23 mils
[endpoint_off_grid]: Symbol pin or wire end off connection grid
    ; warning
    @(23462 mils, 9450 mils): Horizontal Wire, length 896 mils
[endpoint_off_grid]: Symbol pin or wire end off connection grid
    ; warning
    @(23617 mils, 9184 mils): Symbol R38 Pin 1 [Passive, Line]
[endpoint_off_grid]: Symbol pin or wire end off connection grid
    ; warning
    @(23617 mils, 9184 mils): Horizontal Wire, length 669 mils
[endpoint_off_grid]: Symbol pin or wire end off connection grid
    ; warning
    @(23617 mils, 9484 mils): Horizontal Wire, length 743 mils
[endpoint_off_grid]: Symbol pin or wire end off connection grid
    ; warning
    @(23678 mils, 26576 mils): Symbol L2 Pin 1 [1, Passive, Line]
[endpoint_off_grid]: Symbol pin or wire end off connection grid
    ; warning
    @(23789 mils, 26019 mils): Horizontal Wire, length 812 mils
[endpoint_off_grid]: Symbol pin or wire end off connection grid
    ; warning
    @(23789 mils, 26019 mils): Symbol Q1 Pin 1 [G, Input, Line]
[endpoint_off_grid]: Symbol pin or wire end off connection grid
    ; warning
    @(23928 mils, 8307 mils): Symbol #PWR216 Pin 1 [GND, Power input, Line]
[endpoint_off_grid]: Symbol pin or wire end off connection grid
    ; warning
    @(23928 mils, 8457 mils): Vertical Wire, length 150 mils
[endpoint_off_grid]: Symbol pin or wire end off connection grid
    ; warning
    @(23928 mils, 8457 mils): Symbol C45 Pin 1 [Passive, Line]
[endpoint_off_grid]: Symbol pin or wire end off connection grid
    ; warning
    @(23928 mils, 8757 mils): Vertical Wire, length 150 mils
[endpoint_off_grid]: Symbol pin or wire end off connection grid
    ; warning
    @(23928 mils, 8907 mils): Symbol #PWR215 Pin 1 [+3V3, Power input, Line]
[endpoint_off_grid]: Symbol pin or wire end off connection grid
    ; warning
    @(24001 mils, 10597 mils): Vertical Wire, length 7922 mils
[unconnected_wire_endpoint]: Unconnected wire endpoint
    ; warning
    @(24001 mils, 10597 mils): Vertical Wire, length 7922 mils
[endpoint_off_grid]: Symbol pin or wire end off connection grid
    ; warning
    @(24010 mils, 15919 mils): Vertical Wire, length 5734 mils
[unconnected_wire_endpoint]: Unconnected wire endpoint
    ; warning
    @(27891 mils, 21153 mils): Horizontal Wire, length 3880 mils
[unconnected_wire_endpoint]: Unconnected wire endpoint
    ; warning
    @(27891 mils, 21253 mils): Horizontal Wire, length 3880 mils
[unconnected_wire_endpoint]: Unconnected wire endpoint
    ; warning
    @(27891 mils, 21353 mils): Horizontal Wire, length 3880 mils
[unconnected_wire_endpoint]: Unconnected wire endpoint
    ; warning
    @(27891 mils, 21453 mils): Horizontal Wire, length 3880 mils
[unconnected_wire_endpoint]: Unconnected wire endpoint
    ; warning
    @(27891 mils, 21553 mils): Horizontal Wire, length 3880 mils
[unconnected_wire_endpoint]: Unconnected wire endpoint
    ; warning
    @(24167 mils, 21961 mils): Vertical Wire, length 4942 mils
[endpoint_off_grid]: Symbol pin or wire end off connection grid
    ; warning
    @(24167 mils, 21961 mils): Horizontal Wire, length 4036 mils
[endpoint_off_grid]: Symbol pin or wire end off connection grid
    ; warning
    @(24167 mils, 21961 mils): Vertical Wire, length 4942 mils
[endpoint_off_grid]: Symbol pin or wire end off connection grid
    ; warning
    @(24172 mils, 26280 mils): Symbol #PWR047 Pin 1 [GND, Power input, Line]
[multiple_net_names]: Both +3V3 and GND are attached to the same items; +3V3 will be used in the netlist
    ; warning
    @(13760 mils, 18004 mils): Symbol #PWR092 Pin 1 [+3V3, Power input, Line]
    @(24172 mils, 26280 mils): Symbol #PWR047 Pin 1 [GND, Power input, Line]
[endpoint_off_grid]: Symbol pin or wire end off connection grid
    ; warning
    @(24172 mils, 26430 mils): Vertical Wire, length 150 mils
[endpoint_off_grid]: Symbol pin or wire end off connection grid
    ; warning
    @(24172 mils, 26430 mils): Symbol C13 Pin 1 [Passive, Line]
[endpoint_off_grid]: Symbol pin or wire end off connection grid
    ; warning
    @(24172 mils, 26730 mils): Vertical Wire, length 150 mils
[endpoint_off_grid]: Symbol pin or wire end off connection grid
    ; warning
    @(24172 mils, 26880 mils): Symbol #PWR046 Pin 1 [VBUS_PD, Power input, Line]
[endpoint_off_grid]: Symbol pin or wire end off connection grid
    ; warning
    @(24286 mils, 4553 mils): Horizontal Wire, length 669 mils
[endpoint_off_grid]: Symbol pin or wire end off connection grid
    ; warning
    @(24286 mils, 9184 mils): Vertical Wire, length 4631 mils
[endpoint_off_grid]: Symbol pin or wire end off connection grid
    ; warning
    @(24358 mils, 9550 mils): Symbol MK1 Pin 1 [DATA, Output, Line]
[endpoint_off_grid]: Symbol pin or wire end off connection grid
    ; warning
    @(24423 mils, 17319 mils): Vertical Wire, length 2340 mils
[unconnected_wire_endpoint]: Unconnected wire endpoint
    ; warning
    @(24423 mils, 17319 mils): Vertical Wire, length 2340 mils
[unconnected_wire_endpoint]: Unconnected wire endpoint
    ; warning
    @(28716 mils, 19159 mils): Horizontal Wire, length 4293 mils
[unconnected_wire_endpoint]: Unconnected wire endpoint
    ; warning
    @(28716 mils, 19259 mils): Horizontal Wire, length 4293 mils
[unconnected_wire_endpoint]: Unconnected wire endpoint
    ; warning
    @(28716 mils, 19359 mils): Horizontal Wire, length 4293 mils
[unconnected_wire_endpoint]: Unconnected wire endpoint
    ; warning
    @(28716 mils, 19459 mils): Horizontal Wire, length 4293 mils
[unconnected_wire_endpoint]: Unconnected wire endpoint
    ; warning
    @(28716 mils, 19559 mils): Horizontal Wire, length 4293 mils
[endpoint_off_grid]: Symbol pin or wire end off connection grid
    ; warning
    @(24701 mils, 15933 mils): Vertical Wire, length 2586 mils
[unconnected_wire_endpoint]: Unconnected wire endpoint
    ; warning
    @(24701 mils, 15933 mils): Vertical Wire, length 2586 mils
[endpoint_off_grid]: Symbol pin or wire end off connection grid
    ; warning
    @(24726 mils, 12595 mils): Symbol J16 Pin 1 [Pin_1, Passive, Line]
[endpoint_off_grid]: Symbol pin or wire end off connection grid
    ; warning
    @(24748 mils, 16349 mils): Vertical Wire, length 2170 mils
[unconnected_wire_endpoint]: Unconnected wire endpoint
    ; warning
    @(24748 mils, 16349 mils): Vertical Wire, length 2170 mils
[endpoint_off_grid]: Symbol pin or wire end off connection grid
    ; warning
    @(24753 mils, 11273 mils): Vertical Wire, length 6746 mils
[endpoint_off_grid]: Symbol pin or wire end off connection grid
    ; warning
    @(24753 mils, 11273 mils): Horizontal Wire, length 2623 mils
[unconnected_wire_endpoint]: Unconnected wire endpoint
    ; warning
    @(27376 mils, 11373 mils): Horizontal Wire, length 2623 mils
[unconnected_wire_endpoint]: Unconnected wire endpoint
    ; warning
    @(24753 mils, 11273 mils): Vertical Wire, length 6746 mils
[endpoint_off_grid]: Symbol pin or wire end off connection grid
    ; warning
    @(24817 mils, 26045 mils): Symbol #PWR050 Pin 1 [GND, Power input, Line]
[endpoint_off_grid]: Symbol pin or wire end off connection grid
    ; warning
    @(24817 mils, 26195 mils): Vertical Wire, length 150 mils
[endpoint_off_grid]: Symbol pin or wire end off connection grid
    ; warning
    @(24817 mils, 26195 mils): Symbol C14 Pin 1 [Passive, Line]
[endpoint_off_grid]: Symbol pin or wire end off connection grid
    ; warning
    @(24817 mils, 26495 mils): Vertical Wire, length 150 mils
[endpoint_off_grid]: Symbol pin or wire end off connection grid
    ; warning
    @(24817 mils, 26645 mils): Pin 1 [???, ?]
[pin_to_pin]: Pins of type Unspecified and Passive are connected
    ; warning
    @(24817 mils, 26645 mils): Pin 1 [???, ?]
    @(24817 mils, 26495 mils): Symbol C14 Pin 2 [Passive, Line]
[unconnected_wire_endpoint]: Unconnected wire endpoint
    ; warning
    @(24817 mils, 26495 mils): Vertical Wire, length 150 mils
[endpoint_off_grid]: Symbol pin or wire end off connection grid
    ; warning
    @(24910 mils, 12336 mils): Vertical Wire, length 6083 mils
[endpoint_off_grid]: Symbol pin or wire end off connection grid
    ; warning
    @(24956 mils, 4353 mils): Symbol J11 Pin 1 [Pin_1, Passive, Line]
[endpoint_off_grid]: Symbol pin or wire end off connection grid
    ; warning
    @(24999 mils, 14825 mils): Vertical Wire, length 3694 mils
[unconnected_wire_endpoint]: Unconnected wire endpoint
    ; warning
    @(24999 mils, 14825 mils): Vertical Wire, length 3694 mils
[endpoint_off_grid]: Symbol pin or wire end off connection grid
    ; warning
    @(25174 mils, 3852 mils): Vertical Wire, length 601 mils
[endpoint_off_grid]: Symbol pin or wire end off connection grid
    ; warning
    @(25174 mils, 4453 mils): Horizontal Wire, length 218 mils
[endpoint_off_grid]: Symbol pin or wire end off connection grid
    ; warning
    @(25353 mils, 11252 mils): Vertical Wire, length 6767 mils
[unconnected_wire_endpoint]: Unconnected wire endpoint
    ; warning
    @(25353 mils, 11252 mils): Vertical Wire, length 6767 mils
[endpoint_off_grid]: Symbol pin or wire end off connection grid
    ; warning
    @(25392 mils, 3552 mils): Symbol C52 Pin 1 [Passive, Line]
[endpoint_off_grid]: Symbol pin or wire end off connection grid
    ; warning
    @(25392 mils, 3852 mils): Horizontal Wire, length 218 mils
[endpoint_off_grid]: Symbol pin or wire end off connection grid
    ; warning
    @(25410 mils, 12985 mils): Vertical Wire, length 5034 mils
[endpoint_off_grid]: Symbol pin or wire end off connection grid
    ; warning
    @(25410 mils, 12985 mils): Horizontal Wire, length 3280 mils
[unconnected_wire_endpoint]: Unconnected wire endpoint
    ; warning
    @(28691 mils, 13085 mils): Horizontal Wire, length 3280 mils
[endpoint_off_grid]: Symbol pin or wire end off connection grid
    ; warning
    @(25445 mils, 25766 mils): Symbol #PWR052 Pin 1 [GND, Power input, Line]
[endpoint_off_grid]: Symbol pin or wire end off connection grid
    ; warning
    @(25445 mils, 25916 mils): Symbol C15 Pin 1 [Passive, Line]
[endpoint_off_grid]: Symbol pin or wire end off connection grid
    ; warning
    @(25445 mils, 25916 mils): Vertical Wire, length 150 mils
[endpoint_off_grid]: Symbol pin or wire end off connection grid
    ; warning
    @(25445 mils, 26216 mils): Vertical Wire, length 150 mils
[endpoint_off_grid]: Symbol pin or wire end off connection grid
    ; warning
    @(25445 mils, 26366 mils): Pin 1 [???, ?]
[pin_to_pin]: Pins of type Unspecified and Passive are connected
    ; warning
    @(25445 mils, 26366 mils): Pin 1 [???, ?]
    @(25445 mils, 26216 mils): Symbol C15 Pin 2 [Passive, Line]
[unconnected_wire_endpoint]: Unconnected wire endpoint
    ; warning
    @(25445 mils, 26216 mils): Vertical Wire, length 150 mils
[endpoint_off_grid]: Symbol pin or wire end off connection grid
    ; warning
    @(25477 mils, 11058 mils): Vertical Wire, length 6861 mils
[endpoint_off_grid]: Symbol pin or wire end off connection grid
    ; warning
    @(25515 mils, 14542 mils): Vertical Wire, length 3778 mils
[endpoint_off_grid]: Symbol pin or wire end off connection grid
    ; warning
    @(25597 mils, 12627 mils): Vertical Wire, length 5893 mils
[endpoint_off_grid]: Symbol pin or wire end off connection grid
    ; warning
    @(25597 mils, 12627 mils): Horizontal Wire, length 5467 mils
[endpoint_off_grid]: Symbol pin or wire end off connection grid
    ; warning
    @(25597 mils, 12727 mils): Horizontal Wire, length 5467 mils
[unconnected_wire_endpoint]: Unconnected wire endpoint
    ; warning
    @(25597 mils, 12727 mils): Horizontal Wire, length 5467 mils
[endpoint_off_grid]: Symbol pin or wire end off connection grid
    ; warning
    @(25597 mils, 12827 mils): Horizontal Wire, length 5467 mils
[unconnected_wire_endpoint]: Unconnected wire endpoint
    ; warning
    @(25597 mils, 12827 mils): Horizontal Wire, length 5467 mils
[unconnected_wire_endpoint]: Unconnected wire endpoint
    ; warning
    @(17287 mils, 16219 mils): Horizontal Wire, length 8310 mils
[endpoint_off_grid]: Symbol pin or wire end off connection grid
    ; warning
    @(25872 mils, 10297 mils): Symbol R39 Pin 1 [Passive, Line]
[endpoint_off_grid]: Symbol pin or wire end off connection grid
    ; warning
    @(25872 mils, 10297 mils): Horizontal Wire, length 1368 mils
[endpoint_off_grid]: Symbol pin or wire end off connection grid
    ; warning
    @(25872 mils, 10597 mils): Horizontal Wire, length 1871 mils
[endpoint_off_grid]: Symbol pin or wire end off connection grid
    ; warning
    @(26000 mils, 25764 mils): Symbol #PWR098 Pin 1 [GND, Power input, Line]
[endpoint_off_grid]: Symbol pin or wire end off connection grid
    ; warning
    @(26000 mils, 25914 mils): Vertical Wire, length 150 mils
[endpoint_off_grid]: Symbol pin or wire end off connection grid
    ; warning
    @(26000 mils, 25914 mils): Symbol D3 Pin 1 [K, Passive, Line]
[endpoint_off_grid]: Symbol pin or wire end off connection grid
    ; warning
    @(26044 mils, 14167 mils): Symbol J17 Pin 1 [Pin_1, Passive, Line]
[endpoint_off_grid]: Symbol pin or wire end off connection grid
    ; warning
    @(26300 mils, 25914 mils): Horizontal Wire, length 200 mils
[unconnected_wire_endpoint]: Unconnected wire endpoint
    ; warning
    @(26150 mils, 26000 mils): Horizontal Wire, length 200 mils
[unconnected_wire_endpoint]: Unconnected wire endpoint
    ; warning
    @(26300 mils, 25914 mils): Horizontal Wire, length 200 mils
[unconnected_wire_endpoint]: Unconnected wire endpoint
    ; warning
    @(27367 mils, 11173 mils): Horizontal Wire, length 791 mils
[endpoint_off_grid]: Symbol pin or wire end off connection grid
    ; warning
    @(26661 mils, 10758 mils): Symbol #PWR141 Pin 1 [GND, Power input, Line]
[endpoint_off_grid]: Symbol pin or wire end off connection grid
    ; warning
    @(26661 mils, 10908 mils): Vertical Wire, length 150 mils
[endpoint_off_grid]: Symbol pin or wire end off connection grid
    ; warning
    @(26661 mils, 10908 mils): Symbol C33 Pin 1 [Passive, Line]
[endpoint_off_grid]: Symbol pin or wire end off connection grid
    ; warning
    @(26661 mils, 11208 mils): Vertical Wire, length 150 mils
[endpoint_off_grid]: Symbol pin or wire end off connection grid
    ; warning
    @(26661 mils, 11358 mils): Symbol #PWR140 Pin 1 [+3V3, Power input, Line]
[endpoint_off_grid]: Symbol pin or wire end off connection grid
    ; warning
    @(26739 mils, 8996 mils): Symbol D5 Pin 1 [K, Passive, Line]
[endpoint_off_grid]: Symbol pin or wire end off connection grid
    ; warning
    @(26739 mils, 8996 mils): Horizontal Wire, length 200 mils
[endpoint_off_grid]: Symbol pin or wire end off connection grid
    ; warning
    @(26739 mils, 25293 mils): Symbol #PWR100 Pin 1 [GND, Power input, Line]
[endpoint_off_grid]: Symbol pin or wire end off connection grid
    ; warning
    @(26739 mils, 25443 mils): Vertical Wire, length 150 mils
[endpoint_off_grid]: Symbol pin or wire end off connection grid
    ; warning
    @(26739 mils, 25443 mils): Symbol D4 Pin 1 [K, Passive, Line]
[endpoint_off_grid]: Symbol pin or wire end off connection grid
    ; warning
    @(26889 mils, 9082 mils): Horizontal Wire, length 200 mils
[endpoint_off_grid]: Symbol pin or wire end off connection grid
    ; warning
    @(26889 mils, 9082 mils): Symbol R25 Pin 1 [Passive, Line]
[endpoint_off_grid]: Symbol pin or wire end off connection grid
    ; warning
    @(26889 mils, 9382 mils): Vertical Wire, length 150 mils
[endpoint_off_grid]: Symbol pin or wire end off connection grid
    ; warning
    @(26889 mils, 9532 mils): Symbol #PWR142 Pin 1 [+3V3, Power input, Line]
[endpoint_off_grid]: Symbol pin or wire end off connection grid
    ; warning
    @(26889 mils, 25529 mils): Symbol R19 Pin 1 [Passive, Line]
[endpoint_off_grid]: Symbol pin or wire end off connection grid
    ; warning
    @(26889 mils, 25529 mils): Horizontal Wire, length 200 mils
[endpoint_off_grid]: Symbol pin or wire end off connection grid
    ; warning
    @(26889 mils, 25829 mils): Vertical Wire, length 150 mils
[endpoint_off_grid]: Symbol pin or wire end off connection grid
    ; warning
    @(26889 mils, 25979 mils): Symbol #PWR099 Pin 1 [+3V3, Power input, Line]
[unconnected_wire_endpoint]: Unconnected wire endpoint
    ; warning
    @(26739 mils, 8996 mils): Horizontal Wire, length 200 mils
[endpoint_off_grid]: Symbol pin or wire end off connection grid
    ; warning
    @(27039 mils, 8996 mils): Horizontal Wire, length 200 mils
[endpoint_off_grid]: Symbol pin or wire end off connection grid
    ; warning
    @(27039 mils, 25443 mils): Horizontal Wire, length 200 mils
[unconnected_wire_endpoint]: Unconnected wire endpoint
    ; warning
    @(26889 mils, 9082 mils): Horizontal Wire, length 200 mils
[unconnected_wire_endpoint]: Unconnected wire endpoint
    ; warning
    @(26889 mils, 25529 mils): Horizontal Wire, length 200 mils
[unconnected_wire_endpoint]: Unconnected wire endpoint
    ; warning
    @(27039 mils, 8996 mils): Horizontal Wire, length 200 mils
[unconnected_wire_endpoint]: Unconnected wire endpoint
    ; warning
    @(27039 mils, 25443 mils): Horizontal Wire, length 200 mils
[endpoint_off_grid]: Symbol pin or wire end off connection grid
    ; warning
    @(27240 mils, 6354 mils): Horizontal Wire, length 1368 mils
[endpoint_off_grid]: Symbol pin or wire end off connection grid
    ; warning
    @(27240 mils, 10297 mils): Vertical Wire, length 3943 mils
[endpoint_off_grid]: Symbol pin or wire end off connection grid
    ; warning
    @(27367 mils, 10987 mils): Vertical Wire, length 186 mils
[endpoint_off_grid]: Symbol pin or wire end off connection grid
    ; warning
    @(27367 mils, 11173 mils): Horizontal Wire, length 791 mils
[unconnected_wire_endpoint]: Unconnected wire endpoint
    ; warning
    @(27367 mils, 11287 mils): Vertical Wire, length 14 mils
[endpoint_off_grid]: Symbol pin or wire end off connection grid
    ; warning
    @(27367 mils, 11287 mils): Vertical Wire, length 14 mils
[endpoint_off_grid]: Symbol pin or wire end off connection grid
    ; warning
    @(27376 mils, 11073 mils): Symbol U9 Pin 1 [A1, Input, Line]
[unconnected_wire_endpoint]: Unconnected wire endpoint
    ; warning
    @(24753 mils, 11273 mils): Horizontal Wire, length 2623 mils
[endpoint_off_grid]: Symbol pin or wire end off connection grid
    ; warning
    @(27376 mils, 11373 mils): Horizontal Wire, length 2623 mils
[endpoint_off_grid]: Symbol pin or wire end off connection grid
    ; warning
    @(27470 mils, 15819 mils): Vertical Wire, length 6278 mils
[unconnected_wire_endpoint]: Unconnected wire endpoint
    ; warning
    @(20130 mils, 17519 mils): Horizontal Wire, length 7339 mils
[unconnected_wire_endpoint]: Unconnected wire endpoint
    ; warning
    @(20130 mils, 17619 mils): Horizontal Wire, length 7339 mils
[unconnected_wire_endpoint]: Unconnected wire endpoint
    ; warning
    @(20130 mils, 17719 mils): Horizontal Wire, length 7339 mils
[unconnected_wire_endpoint]: Unconnected wire endpoint
    ; warning
    @(20130 mils, 17819 mils): Horizontal Wire, length 7339 mils
[endpoint_off_grid]: Symbol pin or wire end off connection grid
    ; warning
    @(27470 mils, 21398 mils): Horizontal Wire, length 5979 mils
[unconnected_wire_endpoint]: Unconnected wire endpoint
    ; warning
    @(27470 mils, 21398 mils): Horizontal Wire, length 5979 mils
[unconnected_wire_endpoint]: Unconnected wire endpoint
    ; warning
    @(32809 mils, 21598 mils): Horizontal Wire, length 5339 mils
[unconnected_wire_endpoint]: Unconnected wire endpoint
    ; warning
    @(32809 mils, 21798 mils): Horizontal Wire, length 5339 mils
[unconnected_wire_endpoint]: Unconnected wire endpoint
    ; warning
    @(32809 mils, 21998 mils): Horizontal Wire, length 5339 mils
[endpoint_off_grid]: Symbol pin or wire end off connection grid
    ; warning
    @(27603 mils, 21961 mils): Symbol Y1 Pin 1 [OE, Input, Line]
[endpoint_off_grid]: Symbol pin or wire end off connection grid
    ; warning
    @(27689 mils, 12036 mils): Horizontal Wire, length 1930 mils
[endpoint_off_grid]: Symbol pin or wire end off connection grid
    ; warning
    @(27689 mils, 12036 mils): Symbol R40 Pin 1 [Passive, Line]
[endpoint_off_grid]: Symbol pin or wire end off connection grid
    ; warning
    @(27689 mils, 12336 mils): Horizontal Wire, length 2780 mils
[endpoint_off_grid]: Symbol pin or wire end off connection grid
    ; warning
    @(27767 mils, 11073 mils): Horizontal Wire, length 391 mils
[endpoint_off_grid]: Symbol pin or wire end off connection grid
    ; warning
    @(27767 mils, 11381 mils): Vertical Wire, length 307 mils
[unconnected_wire_endpoint]: Unconnected wire endpoint
    ; warning
    @(28681 mils, 12885 mils): Horizontal Wire, length 791 mils
[endpoint_off_grid]: Symbol pin or wire end off connection grid
    ; warning
    @(27891 mils, 21053 mils): Symbol U7 Pin 1 [~{CE}, Input, Line]
[endpoint_off_grid]: Symbol pin or wire end off connection grid
    ; warning
    @(27891 mils, 21153 mils): Horizontal Wire, length 3880 mils
[endpoint_off_grid]: Symbol pin or wire end off connection grid
    ; warning
    @(27891 mils, 21253 mils): Horizontal Wire, length 3880 mils
[endpoint_off_grid]: Symbol pin or wire end off connection grid
    ; warning
    @(27891 mils, 21353 mils): Horizontal Wire, length 3880 mils
[endpoint_off_grid]: Symbol pin or wire end off connection grid
    ; warning
    @(27891 mils, 21453 mils): Horizontal Wire, length 3880 mils
[endpoint_off_grid]: Symbol pin or wire end off connection grid
    ; warning
    @(27891 mils, 21553 mils): Horizontal Wire, length 3880 mils
[endpoint_off_grid]: Symbol pin or wire end off connection grid
    ; warning
    @(27891 mils, 21653 mils): Horizontal Wire, length 3880 mils
[unconnected_wire_endpoint]: Unconnected wire endpoint
    ; warning
    @(27891 mils, 21653 mils): Horizontal Wire, length 3880 mils
[endpoint_off_grid]: Symbol pin or wire end off connection grid
    ; warning
    @(27976 mils, 12470 mils): Symbol #PWR133 Pin 1 [GND, Power input, Line]
[endpoint_off_grid]: Symbol pin or wire end off connection grid
    ; warning
    @(27976 mils, 12620 mils): Vertical Wire, length 150 mils
[endpoint_off_grid]: Symbol pin or wire end off connection grid
    ; warning
    @(27976 mils, 12620 mils): Symbol C32 Pin 1 [Passive, Line]
[endpoint_off_grid]: Symbol pin or wire end off connection grid
    ; warning
    @(27976 mils, 12920 mils): Vertical Wire, length 150 mils
[endpoint_off_grid]: Symbol pin or wire end off connection grid
    ; warning
    @(27976 mils, 13070 mils): Symbol #PWR132 Pin 1 [+3V3, Power input, Line]
[endpoint_off_grid]: Symbol pin or wire end off connection grid
    ; warning
    @(28157 mils, 10987 mils): Horizontal Wire, length 791 mils
[endpoint_off_grid]: Symbol pin or wire end off connection grid
    ; warning
    @(28157 mils, 10987 mils): Symbol R24 Pin 1 [Passive, Line]
[endpoint_off_grid]: Symbol pin or wire end off connection grid
    ; warning
    @(28157 mils, 11287 mils): Horizontal Wire, length 791 mils
[endpoint_off_grid]: Symbol pin or wire end off connection grid
    ; warning
    @(28157 mils, 11381 mils): Symbol R23 Pin 1 [Passive, Line]
[endpoint_off_grid]: Symbol pin or wire end off connection grid
    ; warning
    @(28157 mils, 11381 mils): Horizontal Wire, length 391 mils
[endpoint_off_grid]: Symbol pin or wire end off connection grid
    ; warning
    @(28223 mils, 16319 mils): Vertical Wire, length 400 mils
[unconnected_wire_endpoint]: Unconnected wire endpoint
    ; warning
    @(22130 mils, 16419 mils): Horizontal Wire, length 6093 mils
[unconnected_wire_endpoint]: Unconnected wire endpoint
    ; warning
    @(22130 mils, 16519 mils): Horizontal Wire, length 6093 mils
[unconnected_wire_endpoint]: Unconnected wire endpoint
    ; warning
    @(22130 mils, 16619 mils): Horizontal Wire, length 6093 mils
[endpoint_off_grid]: Symbol pin or wire end off connection grid
    ; warning
    @(28223 mils, 16719 mils): Vertical Wire, length 100 mils
[endpoint_off_grid]: Symbol pin or wire end off connection grid
    ; warning
    @(28223 mils, 16819 mils): Vertical Wire, length 100 mils
[endpoint_off_grid]: Symbol pin or wire end off connection grid
    ; warning
    @(28223 mils, 16919 mils): Vertical Wire, length 200 mils
[endpoint_off_grid]: Symbol pin or wire end off connection grid
    ; warning
    @(28223 mils, 17119 mils): Vertical Wire, length 100 mils
[endpoint_off_grid]: Symbol pin or wire end off connection grid
    ; warning
    @(28223 mils, 17219 mils): Vertical Wire, length 200 mils
[endpoint_off_grid]: Symbol pin or wire end off connection grid
    ; warning
    @(28223 mils, 17419 mils): Vertical Wire, length 400 mils
[unconnected_wire_endpoint]: Unconnected wire endpoint
    ; warning
    @(34316 mils, 17519 mils): Horizontal Wire, length 6093 mils
[unconnected_wire_endpoint]: Unconnected wire endpoint
    ; warning
    @(34316 mils, 17619 mils): Horizontal Wire, length 6093 mils
[unconnected_wire_endpoint]: Unconnected wire endpoint
    ; warning
    @(34316 mils, 17719 mils): Horizontal Wire, length 6093 mils
[footprint_link_issues]: Footprint 'Winbond_USON-8-1EP_3x2mm_P0.5mm_EP0.2x1.6mm' not found in library 'Package_SON'
    ; warning
    @(28291 mils, 21353 mils): Symbol U7 [APS6404L-SQRx-ZR]
[endpoint_off_grid]: Symbol pin or wire end off connection grid
    ; warning
    @(28576 mils, 11252 mils): Horizontal Wire, length 3223 mils
[endpoint_off_grid]: Symbol pin or wire end off connection grid
    ; warning
    @(28576 mils, 11252 mils): Symbol R31 Pin 1 [Passive, Line]
[endpoint_off_grid]: Symbol pin or wire end off connection grid
    ; warning
    @(28608 mils, 6154 mils): Symbol J12 Pin 1 [Pin_1, Passive, Line]
[endpoint_off_grid]: Symbol pin or wire end off connection grid
    ; warning
    @(28681 mils, 12699 mils): Vertical Wire, length 186 mils
[endpoint_off_grid]: Symbol pin or wire end off connection grid
    ; warning
    @(28681 mils, 12885 mils): Horizontal Wire, length 791 mils
[unconnected_wire_endpoint]: Unconnected wire endpoint
    ; warning
    @(28681 mils, 12999 mils): Vertical Wire, length 14 mils
[endpoint_off_grid]: Symbol pin or wire end off connection grid
    ; warning
    @(28681 mils, 12999 mils): Vertical Wire, length 14 mils
[endpoint_off_grid]: Symbol pin or wire end off connection grid
    ; warning
    @(28691 mils, 12785 mils): Symbol U8 Pin 1 [A1, Input, Line]
[endpoint_off_grid]: Symbol pin or wire end off connection grid
    ; warning
    @(28691 mils, 12785 mils): Horizontal Wire, length 391 mils
[unconnected_wire_endpoint]: Unconnected wire endpoint
    ; warning
    @(25410 mils, 12985 mils): Horizontal Wire, length 3280 mils
[endpoint_off_grid]: Symbol pin or wire end off connection grid
    ; warning
    @(28691 mils, 13085 mils): Horizontal Wire, length 3280 mils
[endpoint_off_grid]: Symbol pin or wire end off connection grid
    ; warning
    @(28716 mils, 19059 mils): Symbol U6 Pin 1 [~{CS}, Input, Line]
[endpoint_off_grid]: Symbol pin or wire end off connection grid
    ; warning
    @(28716 mils, 19159 mils): Horizontal Wire, length 4293 mils
[endpoint_off_grid]: Symbol pin or wire end off connection grid
    ; warning
    @(28716 mils, 19259 mils): Horizontal Wire, length 4293 mils
[endpoint_off_grid]: Symbol pin or wire end off connection grid
    ; warning
    @(28716 mils, 19359 mils): Horizontal Wire, length 4293 mils
[endpoint_off_grid]: Symbol pin or wire end off connection grid
    ; warning
    @(28716 mils, 19459 mils): Horizontal Wire, length 4293 mils
[endpoint_off_grid]: Symbol pin or wire end off connection grid
    ; warning
    @(28716 mils, 19559 mils): Horizontal Wire, length 4293 mils
[endpoint_off_grid]: Symbol pin or wire end off connection grid
    ; warning
    @(28716 mils, 19659 mils): Horizontal Wire, length 4293 mils
[unconnected_wire_endpoint]: Unconnected wire endpoint
    ; warning
    @(28716 mils, 19659 mils): Horizontal Wire, length 4293 mils
[endpoint_off_grid]: Symbol pin or wire end off connection grid
    ; warning
    @(28824 mils, 11058 mils): Horizontal Wire, length 3347 mils
[endpoint_off_grid]: Symbol pin or wire end off connection grid
    ; warning
    @(28824 mils, 11058 mils): Symbol R32 Pin 1 [Passive, Line]
[endpoint_off_grid]: Symbol pin or wire end off connection grid
    ; warning
    @(28900 mils, 14242 mils): Horizontal Wire, length 2305 mils
[endpoint_off_grid]: Symbol pin or wire end off connection grid
    ; warning
    @(28900 mils, 14242 mils): Symbol R41 Pin 1 [Passive, Line]
[endpoint_off_grid]: Symbol pin or wire end off connection grid
    ; warning
    @(28900 mils, 14542 mils): Horizontal Wire, length 3385 mils
[endpoint_off_grid]: Symbol pin or wire end off connection grid
    ; warning
    @(28934 mils, 5759 mils): Vertical Wire, length 495 mils
[endpoint_off_grid]: Symbol pin or wire end off connection grid
    ; warning
    @(28934 mils, 6254 mils): Horizontal Wire, length 326 mils
[endpoint_off_grid]: Symbol pin or wire end off connection grid
    ; warning
    @(28976 mils, 21822 mils): Symbol #PWR105 Pin 1 [GND, Power input, Line]
[endpoint_off_grid]: Symbol pin or wire end off connection grid
    ; warning
    @(28976 mils, 21972 mils): Vertical Wire, length 150 mils
[endpoint_off_grid]: Symbol pin or wire end off connection grid
    ; warning
    @(28976 mils, 21972 mils): Symbol C27 Pin 1 [Passive, Line]
[endpoint_off_grid]: Symbol pin or wire end off connection grid
    ; warning
    @(28976 mils, 22272 mils): Vertical Wire, length 150 mils
[endpoint_off_grid]: Symbol pin or wire end off connection grid
    ; warning
    @(28976 mils, 22422 mils): Symbol #PWR104 Pin 1 [+3V3, Power input, Line]
[endpoint_off_grid]: Symbol pin or wire end off connection grid
    ; warning
    @(29081 mils, 13093 mils): Vertical Wire, length 307 mils
[footprint_link_issues]: Footprint 'SOIC-8_5.3x5.3mm_P1.27mm' not found in library 'Package_SO'
    ; warning
    @(29116 mils, 19359 mils): Symbol U6 [W25Q32JVSS]
[endpoint_off_grid]: Symbol pin or wire end off connection grid
    ; warning
    @(29143 mils, 21926 mils): Symbol #PWR114 Pin 1 [GND, Power input, Line]
[endpoint_off_grid]: Symbol pin or wire end off connection grid
    ; warning
    @(29143 mils, 22076 mils): Symbol C29 Pin 1 [Passive, Line]
[endpoint_off_grid]: Symbol pin or wire end off connection grid
    ; warning
    @(29143 mils, 22076 mils): Vertical Wire, length 150 mils
[endpoint_off_grid]: Symbol pin or wire end off connection grid
    ; warning
    @(29143 mils, 22376 mils): Vertical Wire, length 150 mils
[endpoint_off_grid]: Symbol pin or wire end off connection grid
    ; warning
    @(29143 mils, 22526 mils): Symbol #PWR113 Pin 1 [+3V3, Power input, Line]
[endpoint_off_grid]: Symbol pin or wire end off connection grid
    ; warning
    @(29260 mils, 5459 mils): Symbol C53 Pin 1 [Passive, Line]
[endpoint_off_grid]: Symbol pin or wire end off connection grid
    ; warning
    @(29260 mils, 5759 mils): Horizontal Wire, length 326 mils
[endpoint_off_grid]: Symbol pin or wire end off connection grid
    ; warning
    @(29272 mils, 15633 mils): Symbol C9 Pin 1 [Passive, Line]
[endpoint_off_grid]: Symbol pin or wire end off connection grid
    ; warning
    @(29272 mils, 15933 mils): Horizontal Wire, length 4571 mils
[endpoint_off_grid]: Symbol pin or wire end off connection grid
    ; warning
    @(29367 mils, 16349 mils): Symbol R2 Pin 1 [Passive, Line]
[endpoint_off_grid]: Symbol pin or wire end off connection grid
    ; warning
    @(29367 mils, 16349 mils): Horizontal Wire, length 4618 mils
[endpoint_off_grid]: Symbol pin or wire end off connection grid
    ; warning
    @(29472 mils, 12699 mils): Symbol R22 Pin 1 [Passive, Line]
[endpoint_off_grid]: Symbol pin or wire end off connection grid
    ; warning
    @(29472 mils, 12699 mils): Horizontal Wire, length 791 mils
[endpoint_off_grid]: Symbol pin or wire end off connection grid
    ; warning
    @(29472 mils, 12999 mils): Horizontal Wire, length 791 mils
[endpoint_off_grid]: Symbol pin or wire end off connection grid
    ; warning
    @(29472 mils, 13093 mils): Horizontal Wire, length 391 mils
[endpoint_off_grid]: Symbol pin or wire end off connection grid
    ; warning
    @(29472 mils, 13093 mils): Symbol R21 Pin 1 [Passive, Line]
[endpoint_off_grid]: Symbol pin or wire end off connection grid
    ; warning
    @(29620 mils, 9170 mils): Horizontal Wire, length 1930 mils
[endpoint_off_grid]: Symbol pin or wire end off connection grid
    ; warning
    @(29620 mils, 12036 mils): Vertical Wire, length 2866 mils
[endpoint_off_grid]: Symbol pin or wire end off connection grid
    ; warning
    @(29867 mils, 14825 mils): Symbol SW1 Pin 1 [1, Passive, Line]
[endpoint_off_grid]: Symbol pin or wire end off connection grid
    ; warning
    @(29867 mils, 14825 mils): Horizontal Wire, length 4868 mils
[footprint_link_issues]: Footprint 'SW_SPST_EVQP2202' not found in library 'Button_Switch_SMD'
    ; warning
    @(30067 mils, 14825 mils): Symbol SW1 [SW_Push]
[endpoint_off_grid]: Symbol pin or wire end off connection grid
    ; warning
    @(30373 mils, 18884 mils): Symbol #PWR109 Pin 1 [GND, Power input, Line]
[endpoint_off_grid]: Symbol pin or wire end off connection grid
    ; warning
    @(30373 mils, 19034 mils): Vertical Wire, length 150 mils
[endpoint_off_grid]: Symbol pin or wire end off connection grid
    ; warning
    @(30373 mils, 19034 mils): Symbol C28 Pin 1 [Passive, Line]
[endpoint_off_grid]: Symbol pin or wire end off connection grid
    ; warning
    @(30373 mils, 19334 mils): Vertical Wire, length 150 mils
[endpoint_off_grid]: Symbol pin or wire end off connection grid
    ; warning
    @(30373 mils, 19484 mils): Symbol #PWR108 Pin 1 [+3V3, Power input, Line]
[endpoint_off_grid]: Symbol pin or wire end off connection grid
    ; warning
    @(30564 mils, 12627 mils): Symbol J1 Pin 1 [Pin_1, Passive, Line]
[endpoint_off_grid]: Symbol pin or wire end off connection grid
    ; warning
    @(31204 mils, 12741 mils): Horizontal Wire, length 2305 mils
[endpoint_off_grid]: Symbol pin or wire end off connection grid
    ; warning
    @(31204 mils, 14242 mils): Vertical Wire, length 1501 mils
[endpoint_off_grid]: Symbol pin or wire end off connection grid
    ; warning
    @(31550 mils, 8970 mils): Symbol J13 Pin 1 [Pin_1, Passive, Line]
[endpoint_off_grid]: Symbol pin or wire end off connection grid
    ; warning
    @(31962 mils, 8741 mils): Vertical Wire, length 329 mils
[endpoint_off_grid]: Symbol pin or wire end off connection grid
    ; warning
    @(31962 mils, 9070 mils): Horizontal Wire, length 412 mils
[endpoint_off_grid]: Symbol pin or wire end off connection grid
    ; warning
    @(32375 mils, 8441 mils): Symbol C54 Pin 1 [Passive, Line]
[endpoint_off_grid]: Symbol pin or wire end off connection grid
    ; warning
    @(32375 mils, 8741 mils): Horizontal Wire, length 412 mils
[endpoint_off_grid]: Symbol pin or wire end off connection grid
    ; warning
    @(32446 mils, 21491 mils): Symbol #PWR121 Pin 1 [GND, Power input, Line]
[endpoint_off_grid]: Symbol pin or wire end off connection grid
    ; warning
    @(32446 mils, 21641 mils): Vertical Wire, length 150 mils
[endpoint_off_grid]: Symbol pin or wire end off connection grid
    ; warning
    @(32446 mils, 21641 mils): Symbol C30 Pin 1 [Passive, Line]
[endpoint_off_grid]: Symbol pin or wire end off connection grid
    ; warning
    @(32446 mils, 21941 mils): Vertical Wire, length 150 mils
[endpoint_off_grid]: Symbol pin or wire end off connection grid
    ; warning
    @(32446 mils, 22091 mils): Symbol #PWR120 Pin 1 [+3V3, Power input, Line]
[endpoint_off_grid]: Symbol pin or wire end off connection grid
    ; warning
    @(32809 mils, 21398 mils): Symbol J4 Pin 1 [DAT2, Bidirectional, Line]
[endpoint_off_grid]: Symbol pin or wire end off connection grid
    ; warning
    @(32809 mils, 21598 mils): Horizontal Wire, length 5339 mils
[endpoint_off_grid]: Symbol pin or wire end off connection grid
    ; warning
    @(32809 mils, 21798 mils): Horizontal Wire, length 5339 mils
[endpoint_off_grid]: Symbol pin or wire end off connection grid
    ; warning
    @(32809 mils, 21998 mils): Horizontal Wire, length 5339 mils
[endpoint_off_grid]: Symbol pin or wire end off connection grid
    ; warning
    @(32809 mils, 22098 mils): Horizontal Wire, length 5339 mils
[endpoint_off_grid]: Symbol pin or wire end off connection grid
    ; warning
    @(33328 mils, 17345 mils): Symbol #PWR125 Pin 1 [GND, Power input, Line]
[endpoint_off_grid]: Symbol pin or wire end off connection grid
    ; warning
    @(33328 mils, 17495 mils): Vertical Wire, length 150 mils
[endpoint_off_grid]: Symbol pin or wire end off connection grid
    ; warning
    @(33328 mils, 17495 mils): Symbol C31 Pin 1 [Passive, Line]
[endpoint_off_grid]: Symbol pin or wire end off connection grid
    ; warning
    @(33328 mils, 17795 mils): Vertical Wire, length 150 mils
[endpoint_off_grid]: Symbol pin or wire end off connection grid
    ; warning
    @(33328 mils, 17945 mils): Symbol #PWR124 Pin 1 [+3V3, Power input, Line]
[endpoint_off_grid]: Symbol pin or wire end off connection grid
    ; warning
    @(33449 mils, 22305 mils): Vertical Wire, length 907 mils
[endpoint_off_grid]: Symbol pin or wire end off connection grid
    ; warning
    @(33509 mils, 12541 mils): Symbol J14 Pin 1 [Pin_1, Passive, Line]
[endpoint_off_grid]: Symbol pin or wire end off connection grid
    ; warning
    @(33979 mils, 12522 mils): Vertical Wire, length 119 mils
[endpoint_off_grid]: Symbol pin or wire end off connection grid
    ; warning
    @(33979 mils, 12641 mils): Horizontal Wire, length 470 mils
[endpoint_off_grid]: Symbol pin or wire end off connection grid
    ; warning
    @(34089 mils, 22305 mils): Symbol R20 Pin 1 [Passive, Line]
[endpoint_off_grid]: Symbol pin or wire end off connection grid
    ; warning
    @(34089 mils, 22305 mils): Horizontal Wire, length 640 mils
[endpoint_off_grid]: Symbol pin or wire end off connection grid
    ; warning
    @(34316 mils, 16619 mils): Symbol J5 Pin 1 [Pin_1, Passive, Line]
[endpoint_off_grid]: Symbol pin or wire end off connection grid
    ; warning
    @(34316 mils, 17019 mils): Horizontal Wire, length 6093 mils
[endpoint_off_grid]: Symbol pin or wire end off connection grid
    ; warning
    @(34316 mils, 17319 mils): Horizontal Wire, length 6093 mils
[endpoint_off_grid]: Symbol pin or wire end off connection grid
    ; warning
    @(34316 mils, 17519 mils): Horizontal Wire, length 6093 mils
[endpoint_off_grid]: Symbol pin or wire end off connection grid
    ; warning
    @(34316 mils, 17619 mils): Horizontal Wire, length 6093 mils
[endpoint_off_grid]: Symbol pin or wire end off connection grid
    ; warning
    @(34316 mils, 17719 mils): Horizontal Wire, length 6093 mils
[endpoint_off_grid]: Symbol pin or wire end off connection grid
    ; warning
    @(34316 mils, 17819 mils): Horizontal Wire, length 6093 mils
[endpoint_off_grid]: Symbol pin or wire end off connection grid
    ; warning
    @(34449 mils, 12222 mils): Symbol C55 Pin 1 [Passive, Line]
[endpoint_off_grid]: Symbol pin or wire end off connection grid
    ; warning
    @(34449 mils, 12522 mils): Horizontal Wire, length 470 mils

 ** ERC messages: 1609  Errors 661  Warnings 948

 ** Ignored checks:
    - Global label only appears once in the schematic
    - Four connection points are joined together
    - SPICE model issue
    - Assigned footprint doesn't match footprint filters
