ERC report (2026-08-05T11:37:59, Encoding UTF8)
Report includes: Errors, Warnings, Exclusions

***** Sheet /
[pin_not_connected]: Pin not connected
    ; error
    @(4762 mils, 10822 mils): Symbol C47 Pin 1 [Passive, Line]
[pin_not_connected]: Pin not connected
    ; error
    @(5302 mils, 11141 mils): Symbol J6 Pin 1 [Pin_1, Passive, Line]
[pin_not_connected]: Pin not connected
    ; error
    @(6836 mils, 7041 mils): Symbol C48 Pin 1 [Passive, Line]
[pin_not_connected]: Pin not connected
    ; error
    @(7261 mils, 7570 mils): Symbol J7 Pin 1 [Pin_1, Passive, Line]
[pin_not_connected]: Pin not connected
    ; error
    @(8333 mils, 17039 mils): Symbol C38 Pin 1 [Passive, Line]
[pin_not_connected]: Pin not connected
    ; error
    @(8333 mils, 17339 mils): Symbol C38 Pin 2 [Passive, Line]
[pin_not_connected]: Pin not connected
    ; error
    @(8415 mils, 25385 mils): Symbol J3 Pin 2 [Pin_2, Passive, Line]
[pin_not_connected]: Pin not connected
    ; error
    @(8619 mils, 12956 mils): Symbol C42 Pin 1 [Passive, Line]
[pin_not_connected]: Pin not connected
    ; error
    @(8619 mils, 13256 mils): Symbol C42 Pin 2 [Passive, Line]
[power_pin_not_driven]: Input Power pin not driven by any Output Power pins
    ; error
    @(8834 mils, 15196 mils): Symbol #PWR179 Pin 1 [GND, Power input, Line]
[power_pin_not_driven]: Input Power pin not driven by any Output Power pins
    ; error
    @(8834 mils, 15796 mils): Symbol #PWR178 Pin 1 [+3V3, Power input, Line]
[power_pin_not_driven]: Input Power pin not driven by any Output Power pins
    ; error
    @(8919 mils, 16807 mils): Symbol #PWR169 Pin 1 [GND, Power input, Line]
[power_pin_not_driven]: Input Power pin not driven by any Output Power pins
    ; error
    @(8919 mils, 17407 mils): Symbol #PWR168 Pin 1 [+3V3, Power input, Line]
[power_pin_not_driven]: Input Power pin not driven by any Output Power pins
    ; error
    @(9103 mils, 17757 mils): Symbol #PWR165 Pin 1 [GND, Power input, Line]
[power_pin_not_driven]: Input Power pin not driven by any Output Power pins
    ; error
    @(9103 mils, 18357 mils): Symbol #PWR164 Pin 1 [+3V3, Power input, Line]
[pin_not_connected]: Pin not connected
    ; error
    @(9109 mils, 15356 mils): Symbol C39 Pin 1 [Passive, Line]
[pin_not_connected]: Pin not connected
    ; error
    @(9187 mils, 18219 mils): Symbol R27 Pin 1 [Passive, Line]
[pin_not_connected]: Pin not connected
    ; error
    @(9187 mils, 18519 mils): Symbol R27 Pin 2 [Passive, Line]
[power_pin_not_driven]: Input Power pin not driven by any Output Power pins
    ; error
    @(9233 mils, 12814 mils): Symbol #PWR195 Pin 1 [GND, Power input, Line]
[power_pin_not_driven]: Input Power pin not driven by any Output Power pins
    ; error
    @(9233 mils, 13414 mils): Symbol #PWR194 Pin 1 [+3V3, Power input, Line]
[pin_not_connected]: Pin not connected
    ; error
    @(9281 mils, 18828 mils): Symbol R26 Pin 2 [Passive, Line]
[pin_not_connected]: Pin not connected
    ; error
    @(9313 mils, 15619 mils): Symbol U14 Pin 10 [~{CS}, Input, Line]
[pin_not_driven]: Input pin not driven by any Output pins
    ; error
    @(9313 mils, 15619 mils): Symbol U14 Pin 10 [~{CS}, Input, Line]
[pin_not_connected]: Pin not connected
    ; error
    @(9313 mils, 15719 mils): Symbol U14 Pin 1 [SCL/SPC, Input, Line]
[pin_not_driven]: Input pin not driven by any Output pins
    ; error
    @(9313 mils, 15719 mils): Symbol U14 Pin 1 [SCL/SPC, Input, Line]
[pin_not_connected]: Pin not connected
    ; error
    @(9313 mils, 15819 mils): Symbol U14 Pin 11 [SDA/SDI/SDO, Bidirectional, Line]
[pin_not_connected]: Pin not connected
    ; error
    @(9313 mils, 15919 mils): Symbol U14 Pin 9 [SDO/SA1, Bidirectional, Line]
[pin_not_connected]: Pin not connected
    ; error
    @(9394 mils, 13280 mils): Symbol U15 Pin 2 [SCL/SPC, Input, Line]
[pin_not_driven]: Input pin not driven by any Output pins
    ; error
    @(9394 mils, 13280 mils): Symbol U15 Pin 2 [SCL/SPC, Input, Line]
[pin_not_connected]: Pin not connected
    ; error
    @(9394 mils, 13380 mils): Symbol U15 Pin 4 [SDA/SDI/SDO, Bidirectional, Line]
[pin_not_connected]: Pin not connected
    ; error
    @(9394 mils, 13580 mils): Symbol U15 Pin 7 [CS_A/G, Input, Line]
[pin_not_driven]: Input pin not driven by any Output pins
    ; error
    @(9394 mils, 13580 mils): Symbol U15 Pin 7 [CS_A/G, Input, Line]
[pin_not_connected]: Pin not connected
    ; error
    @(9394 mils, 13680 mils): Symbol U15 Pin 5 [SDO_A/G, Output, Line]
[pin_not_connected]: Pin not connected
    ; error
    @(9394 mils, 13780 mils): Symbol U15 Pin 11 [INT1_A/G, Output, Line]
[pin_not_connected]: Pin not connected
    ; error
    @(9394 mils, 13880 mils): Symbol U15 Pin 12 [INT2_A/G, Output, Line]
[pin_not_connected]: Pin not connected
    ; error
    @(9394 mils, 13980 mils): Symbol U15 Pin 13 [DEN_A/G, Input, Line]
[pin_not_driven]: Input pin not driven by any Output pins
    ; error
    @(9394 mils, 13980 mils): Symbol U15 Pin 13 [DEN_A/G, Input, Line]
[wire_dangling]: Wires not connected to anything
    ; error
    @(9394 mils, 14080 mils): Horizontal Wire, length 4843 mils
[pin_not_connected]: Pin not connected
    ; error
    @(9394 mils, 14180 mils): Symbol U15 Pin 21 [CAP, Passive, Line]
[pin_not_connected]: Pin not connected
    ; error
    @(9394 mils, 14280 mils): Symbol U15 Pin 24 [C1, Passive, Line]
[pin_not_connected]: Pin not connected
    ; error
    @(9496 mils, 13045 mils): Symbol C41 Pin 1 [Passive, Line]
[pin_not_connected]: Pin not connected
    ; error
    @(9496 mils, 13345 mils): Symbol C41 Pin 2 [Passive, Line]
[pin_not_connected]: Pin not connected
    ; error
    @(9529 mils, 16154 mils): Symbol R17 Pin 1 [Passive, Line]
[power_pin_not_driven]: Input Power pin not driven by any Output Power pins
    ; error
    @(9529 mils, 16319 mils): Symbol #PWR089 Pin 1 [GND, Power input, Line]
[pin_not_connected]: Pin not connected
    ; error
    @(9529 mils, 16454 mils): Symbol R17 Pin 2 [Passive, Line]
[pin_not_connected]: Pin not connected
    ; error
    @(9529 mils, 16469 mils): Symbol C24 Pin 1 [Passive, Line]
[power_pin_not_driven]: Input Power pin not driven by any Output Power pins
    ; error
    @(9529 mils, 16604 mils): Symbol #PWR096 Pin 1 [+5V_SERVO, Power input, Line]
[power_pin_not_driven]: Input Power pin not driven by any Output Power pins
    ; error
    @(9529 mils, 16919 mils): Symbol #PWR088 Pin 1 [+5V_SERVO, Power input, Line]
[pin_not_connected]: Pin not connected
    ; error
    @(9721 mils, 18916 mils): Symbol D2 Pin 2 [A, Passive, Line]
[label_dangling]: Label not connected
    ; error
    @(9749 mils, 16154 mils): Label 'TIE_R17_2_U5_3'
[pin_not_connected]: Pin not connected
    ; error
    @(9780 mils, 17415 mils): Symbol R14 Pin 1 [Passive, Line]
[power_pin_not_driven]: Input Power pin not driven by any Output Power pins
    ; error
    @(9780 mils, 17423 mils): Symbol #PWR077 Pin 1 [GND, Power input, Line]
[pin_not_connected]: Pin not connected
    ; error
    @(9780 mils, 17738 mils): Symbol #PWR075 Pin 1 [GND, Power input, Line]
[power_pin_not_driven]: Input Power pin not driven by any Output Power pins
    ; error
    @(9780 mils, 17738 mils): Symbol #PWR075 Pin 1 [GND, Power input, Line]
[pin_not_connected]: Pin not connected
    ; error
    @(9780 mils, 17865 mils): Symbol #PWR084 Pin 1 [SYS, Power input, Line]
[power_pin_not_driven]: Input Power pin not driven by any Output Power pins
    ; error
    @(9780 mils, 17865 mils): Symbol #PWR084 Pin 1 [SYS, Power input, Line]
[pin_not_connected]: Pin not connected
    ; error
    @(9780 mils, 17873 mils): Symbol C20 Pin 2 [Passive, Line]
[pin_not_connected]: Pin not connected
    ; error
    @(9780 mils, 17888 mils): Symbol C19 Pin 1 [Passive, Line]
[power_pin_not_driven]: Input Power pin not driven by any Output Power pins
    ; error
    @(9780 mils, 18023 mils): Symbol #PWR076 Pin 1 [SYS, Power input, Line]
[power_pin_not_driven]: Input Power pin not driven by any Output Power pins
    ; error
    @(9780 mils, 18338 mils): Symbol #PWR074 Pin 1 [SYS, Power input, Line]
[pin_not_connected]: Pin not connected
    ; error
    @(9813 mils, 15319 mils): Symbol U14 Pin 5 [Vdd, Power input, Line]
[power_pin_not_driven]: Input Power pin not driven by any Output Power pins
    ; error
    @(9813 mils, 15319 mils): Symbol U14 Pin 5 [Vdd, Power input, Line]
[pin_not_connected]: Pin not connected
    ; error
    @(9813 mils, 16319 mils): Symbol U14 Pin 3 [GND, Power input, Line]
[power_pin_not_driven]: Input Power pin not driven by any Output Power pins
    ; error
    @(9813 mils, 16319 mils): Symbol U14 Pin 3 [GND, Power input, Line]
[pin_not_connected]: Pin not connected
    ; error
    @(9844 mils, 16240 mils): Symbol U5 Pin 1 [BOOT, Passive, Line]
[pin_not_connected]: Pin not connected
    ; error
    @(9844 mils, 16340 mils): Symbol U5 Pin 2 [VIN, Power input, Line]
[power_pin_not_driven]: Input Power pin not driven by any Output Power pins
    ; error
    @(9844 mils, 16340 mils): Symbol U5 Pin 2 [VIN, Power input, Line]
[power_pin_not_driven]: Input Power pin not driven by any Output Power pins
    ; error
    @(9844 mils, 16390 mils): Symbol #PWR086 Pin 1 [GND, Power input, Line]
[pin_not_connected]: Pin not connected
    ; error
    @(9844 mils, 16440 mils): Symbol U5 Pin 3 [EN, Input, Line]
[pin_not_driven]: Input pin not driven by any Output pins
    ; error
    @(9844 mils, 16440 mils): Symbol U5 Pin 3 [EN, Input, Line]
[power_pin_not_driven]: Input Power pin not driven by any Output Power pins
    ; error
    @(9844 mils, 16540 mils): Symbol U5 Pin 4 [GND, Power input, Line]
[pin_not_connected]: Pin not connected
    ; error
    @(9844 mils, 16640 mils): Symbol U5 Pin 5 [FB, Input, Line]
[pin_not_driven]: Input pin not driven by any Output pins
    ; error
    @(9844 mils, 16640 mils): Symbol U5 Pin 5 [FB, Input, Line]
[wire_dangling]: Wires not connected to anything
    ; error
    @(9844 mils, 16840 mils): Horizontal Wire, length 200 mils
[power_pin_not_driven]: Input Power pin not driven by any Output Power pins
    ; error
    @(9844 mils, 16890 mils): Symbol #PWR085 Pin 1 [+5V_SERVO, Power input, Line]
[pin_not_connected]: Pin not connected
    ; error
    @(9874 mils, 19496 mils): Symbol R11 Pin 1 [Passive, Line]
[pin_not_connected]: Pin not connected
    ; error
    @(9874 mils, 19796 mils): Symbol R11 Pin 2 [Passive, Line]
[pin_not_connected]: Pin not connected
    ; error
    @(9911 mils, 18347 mils): Symbol U12 Pin 1 [ADDR, Input, Line]
[pin_not_driven]: Input pin not driven by any Output pins
    ; error
    @(9911 mils, 18347 mils): Symbol U12 Pin 1 [ADDR, Input, Line]
[pin_not_connected]: Pin not connected
    ; error
    @(9911 mils, 18547 mils): Symbol U12 Pin 9 [SDA, Bidirectional, Line]
[pin_not_connected]: Pin not connected
    ; error
    @(9911 mils, 18647 mils): Symbol U12 Pin 10 [SCL, Input, Line]
[pin_not_driven]: Input pin not driven by any Output pins
    ; error
    @(9911 mils, 18647 mils): Symbol U12 Pin 10 [SCL, Input, Line]
[wire_dangling]: Wires not connected to anything
    ; error
    @(9911 mils, 18747 mils): Horizontal Wire, length 4585 mils
[pin_not_connected]: Pin not connected
    ; error
    @(9911 mils, 18847 mils): Symbol U12 Pin 2 [~{RESET}, Input, Line]
[pin_not_driven]: Input pin not driven by any Output pins
    ; error
    @(9911 mils, 18847 mils): Symbol U12 Pin 2 [~{RESET}, Input, Line]
[pin_not_connected]: Pin not connected
    ; error
    @(9911 mils, 18947 mils): Symbol U12 Pin 7 [~{WAKE}, Input, Line]
[pin_not_driven]: Input pin not driven by any Output pins
    ; error
    @(9911 mils, 18947 mils): Symbol U12 Pin 7 [~{WAKE}, Input, Line]
[power_pin_not_driven]: Input Power pin not driven by any Output Power pins
    ; error
    @(9911 mils, 19863 mils): Symbol #PWR157 Pin 1 [GND, Power input, Line]
[power_pin_not_driven]: Input Power pin not driven by any Output Power pins
    ; error
    @(9911 mils, 20463 mils): Symbol #PWR156 Pin 1 [+3V3, Power input, Line]
[pin_not_connected]: Pin not connected
    ; error
    @(9913 mils, 15319 mils): Symbol U14 Pin 6 [Vdd_IO, Power input, Line]
[power_pin_not_driven]: Input Power pin not driven by any Output Power pins
    ; error
    @(9913 mils, 15319 mils): Symbol U14 Pin 6 [Vdd_IO, Power input, Line]
[power_pin_not_driven]: Input Power pin not driven by any Output Power pins
    ; error
    @(9920 mils, 10015 mils): Symbol #PWR207 Pin 1 [GND, Power input, Line]
[power_pin_not_driven]: Input Power pin not driven by any Output Power pins
    ; error
    @(9920 mils, 10615 mils): Symbol #PWR206 Pin 1 [+3V3, Power input, Line]
[pin_not_connected]: Pin not connected
    ; error
    @(9938 mils, 16955 mils): Symbol U13 Pin 7 [VDD, Power input, Line]
[power_pin_not_driven]: Input Power pin not driven by any Output Power pins
    ; error
    @(9938 mils, 16955 mils): Symbol U13 Pin 7 [VDD, Power input, Line]
[pin_not_connected]: Pin not connected
    ; error
    @(9938 mils, 17555 mils): Symbol U13 Pin 6 [GND, Power input, Line]
[power_pin_not_driven]: Input Power pin not driven by any Output Power pins
    ; error
    @(9938 mils, 17555 mils): Symbol U13 Pin 6 [GND, Power input, Line]
[pin_not_connected]: Pin not connected
    ; error
    @(9951 mils, 4059 mils): Symbol C49 Pin 1 [Passive, Line]
[pin_not_connected]: Pin not connected
    ; error
    @(9994 mils, 12880 mils): Symbol U15 Pin 1 [VDDIO, Power input, Line]
[power_pin_not_driven]: Input Power pin not driven by any Output Power pins
    ; error
    @(9994 mils, 12880 mils): Symbol U15 Pin 1 [VDDIO, Power input, Line]
[label_dangling]: Label not connected
    ; error
    @(9999 mils, 17415 mils): Label 'TIE_R14_2_U4_3'
[pin_not_connected]: Pin not connected
    ; error
    @(10094 mils, 14480 mils): Symbol U15 Pin 19 [GND, Power input, Line]
[power_pin_not_driven]: Input Power pin not driven by any Output Power pins
    ; error
    @(10094 mils, 14480 mils): Symbol U15 Pin 19 [GND, Power input, Line]
[pin_not_connected]: Pin not connected
    ; error
    @(10094 mils, 17659 mils): Symbol U4 Pin 1 [BOOT, Passive, Line]
[pin_not_connected]: Pin not connected
    ; error
    @(10094 mils, 17759 mils): Symbol U4 Pin 2 [VIN, Power input, Line]
[power_pin_not_driven]: Input Power pin not driven by any Output Power pins
    ; error
    @(10094 mils, 17759 mils): Symbol U4 Pin 2 [VIN, Power input, Line]
[power_pin_not_driven]: Input Power pin not driven by any Output Power pins
    ; error
    @(10094 mils, 17809 mils): Symbol #PWR072 Pin 1 [GND, Power input, Line]
[pin_not_connected]: Pin not connected
    ; error
    @(10094 mils, 17859 mils): Symbol U4 Pin 3 [EN, Input, Line]
[pin_not_driven]: Input pin not driven by any Output pins
    ; error
    @(10094 mils, 17859 mils): Symbol U4 Pin 3 [EN, Input, Line]
[power_pin_not_driven]: Input Power pin not driven by any Output Power pins
    ; error
    @(10094 mils, 17959 mils): Symbol U4 Pin 4 [GND, Power input, Line]
[pin_not_connected]: Pin not connected
    ; error
    @(10094 mils, 18059 mils): Symbol U4 Pin 5 [FB, Input, Line]
[pin_not_driven]: Input pin not driven by any Output pins
    ; error
    @(10094 mils, 18059 mils): Symbol U4 Pin 5 [FB, Input, Line]
[wire_dangling]: Wires not connected to anything
    ; error
    @(10094 mils, 18259 mils): Horizontal Wire, length 200 mils
[power_pin_not_driven]: Input Power pin not driven by any Output Power pins
    ; error
    @(10094 mils, 18309 mils): Symbol #PWR071 Pin 1 [SYS, Power input, Line]
[pin_not_connected]: Pin not connected
    ; error
    @(10159 mils, 16783 mils): Symbol C23 Pin 1 [Passive, Line]
[pin_not_connected]: Pin not connected
    ; error
    @(10159 mils, 17083 mils): Symbol C23 Pin 2 [Passive, Line]
[pin_not_connected]: Pin not connected
    ; error
    @(10194 mils, 12880 mils): Symbol U15 Pin 22 [VDD, Power input, Line]
[power_pin_not_driven]: Input Power pin not driven by any Output Power pins
    ; error
    @(10194 mils, 12880 mils): Symbol U15 Pin 22 [VDD, Power input, Line]
[pin_not_connected]: Pin not connected
    ; error
    @(10202 mils, 4754 mils): Symbol J8 Pin 1 [Pin_1, Passive, Line]
[pin_not_connected]: Pin not connected
    ; error
    @(10234 mils, 11067 mils): Symbol R28 Pin 2 [Passive, Line]
[pin_not_connected]: Pin not connected
    ; error
    @(10311 mils, 13142 mils): Symbol R33 Pin 2 [Passive, Line]
[pin_not_connected]: Pin not connected
    ; error
    @(10311 mils, 18147 mils): Symbol U12 Pin 6 [VDD, Power input, Line]
[power_pin_not_driven]: Input Power pin not driven by any Output Power pins
    ; error
    @(10311 mils, 18147 mils): Symbol U12 Pin 6 [VDD, Power input, Line]
[pin_not_connected]: Pin not connected
    ; error
    @(10311 mils, 19147 mils): Symbol U12 Pin 11 [GND, Power input, Line]
[power_pin_not_driven]: Input Power pin not driven by any Output Power pins
    ; error
    @(10311 mils, 19147 mils): Symbol U12 Pin 11 [GND, Power input, Line]
[pin_not_connected]: Pin not connected
    ; error
    @(10313 mils, 15619 mils): Symbol U14 Pin 8 [DRDY, Output, Line]
[pin_not_connected]: Pin not connected
    ; error
    @(10313 mils, 15919 mils): Symbol U14 Pin 4 [C1, Power output, Line]
[pin_not_connected]: Pin not connected
    ; error
    @(10320 mils, 11185 mils): Symbol U16 Pin 11 [~{RESET}, Input, Line]
[pin_not_driven]: Input pin not driven by any Output pins
    ; error
    @(10320 mils, 11185 mils): Symbol U16 Pin 11 [~{RESET}, Input, Line]
[wire_dangling]: Wires not connected to anything
    ; error
    @(10320 mils, 11285 mils): Horizontal Wire, length 4380 mils
[pin_not_connected]: Pin not connected
    ; error
    @(10320 mils, 11385 mils): Symbol U16 Pin 14 [INT, Output, Line]
[pin_not_connected]: Pin not connected
    ; error
    @(10320 mils, 11585 mils): Symbol U16 Pin 4 [~{BOOT_LOAD_PIN}, Input, Line]
[pin_not_driven]: Input pin not driven by any Output pins
    ; error
    @(10320 mils, 11585 mils): Symbol U16 Pin 4 [~{BOOT_LOAD_PIN}, Input, Line]
[pin_not_connected]: Pin not connected
    ; error
    @(10320 mils, 11685 mils): Symbol U16 Pin 10 [BL_IND, Output, Line]
[pin_not_connected]: Pin not connected
    ; error
    @(10320 mils, 11885 mils): Symbol U16 Pin 20 [COM0, Bidirectional, Line]
[pin_not_connected]: Pin not connected
    ; error
    @(10320 mils, 11985 mils): Symbol U16 Pin 19 [COM1, Bidirectional, Line]
[pin_not_connected]: Pin not connected
    ; error
    @(10320 mils, 12085 mils): Symbol U16 Pin 18 [COM2, Passive, Line]
[pin_not_connected]: Pin not connected
    ; error
    @(10338 mils, 17155 mils): Symbol U13 Pin 10 [SDA, Bidirectional, Line]
[pin_not_connected]: Pin not connected
    ; error
    @(10338 mils, 17255 mils): Symbol U13 Pin 9 [SCL, Input, Line]
[pin_not_driven]: Input pin not driven by any Output pins
    ; error
    @(10338 mils, 17255 mils): Symbol U13 Pin 9 [SCL, Input, Line]
[wire_dangling]: Wires not connected to anything
    ; error
    @(10338 mils, 17355 mils): Horizontal Wire, length 4371 mils
    @(14709 mils, 16719 mils): Vertical Wire, length 636 mils
[label_dangling]: Label not connected
    ; error
    @(10379 mils, 17083 mils): Label 'TIE_C23_1_U5_1'
[pin_not_connected]: Pin not connected
    ; error
    @(10409 mils, 18203 mils): Symbol C18 Pin 1 [Passive, Line]
[pin_not_connected]: Pin not connected
    ; error
    @(10409 mils, 18503 mils): Symbol C18 Pin 2 [Passive, Line]
[power_pin_not_driven]: Input Power pin not driven by any Output Power pins
    ; error
    @(10435 mils, 16776 mils): Symbol #PWR087 Pin 1 [+3V3, Power input, Line]
[pin_not_connected]: Pin not connected
    ; error
    @(10435 mils, 16926 mils): Symbol L4 Pin 2 [2, Passive, Line]
[label_dangling]: Label not connected
    ; error
    @(10629 mils, 18503 mils): Label 'TIE_C18_1_U4_1'
[label_dangling]: Label not connected
    ; error
    @(10654 mils, 16926 mils): Label 'TIE_U5_6_L4_1'
[power_pin_not_driven]: Input Power pin not driven by any Output Power pins
    ; error
    @(10685 mils, 18195 mils): Symbol #PWR073 Pin 1 [+5V_SERVO, Power input, Line]
[pin_not_connected]: Pin not connected
    ; error
    @(10685 mils, 18345 mils): Symbol L3 Pin 2 [2, Passive, Line]
[power_pin_not_driven]: Input Power pin not driven by any Output Power pins
    ; error
    @(10710 mils, 16004 mils): Symbol #PWR093 Pin 1 [GND, Power input, Line]
[power_pin_not_driven]: Input Power pin not driven by any Output Power pins
    ; error
    @(10710 mils, 16319 mils): Symbol #PWR091 Pin 1 [GND, Power input, Line]
[pin_not_connected]: Pin not connected
    ; error
    @(10710 mils, 16454 mils): Symbol C26 Pin 2 [Passive, Line]
[pin_not_connected]: Pin not connected
    ; error
    @(10710 mils, 16469 mils): Symbol C25 Pin 1 [Passive, Line]
[power_pin_not_driven]: Input Power pin not driven by any Output Power pins
    ; error
    @(10710 mils, 16604 mils): Symbol #PWR092 Pin 1 [+3V3, Power input, Line]
[power_pin_not_driven]: Input Power pin not driven by any Output Power pins
    ; error
    @(10710 mils, 16919 mils): Symbol #PWR090 Pin 1 [+3V3, Power input, Line]
[pin_not_connected]: Pin not connected
    ; error
    @(10711 mils, 18447 mils): Symbol U12 Pin 4 [PWM, Output, Line]
[pin_not_connected]: Pin not connected
    ; error
    @(10711 mils, 18547 mils): Symbol U12 Pin 5 [Sense, Bidirectional, Line]
[pin_not_connected]: Pin not connected
    ; error
    @(10711 mils, 18747 mils): Symbol U12 Pin 8 [AUX, Input, Line]
[pin_not_driven]: Input pin not driven by any Output pins
    ; error
    @(10711 mils, 18747 mils): Symbol U12 Pin 8 [AUX, Input, Line]
[pin_not_connected]: Pin not connected
    ; error
    @(10720 mils, 19953 mils): Symbol Q2 Pin 1 [G, Input, Line]
[pin_not_driven]: Input pin not driven by any Output pins
    ; error
    @(10720 mils, 19953 mils): Symbol Q2 Pin 1 [G, Input, Line]
[power_pin_not_driven]: Input Power pin not driven by any Output Power pins
    ; error
    @(10790 mils, 21215 mils): Symbol #PWR149 Pin 1 [GND, Power input, Line]
[power_pin_not_driven]: Input Power pin not driven by any Output Power pins
    ; error
    @(10790 mils, 21815 mils): Symbol #PWR148 Pin 1 [+3V3, Power input, Line]
[pin_not_connected]: Pin not connected
    ; error
    @(10794 mils, 13280 mils): Symbol U15 Pin 8 [CS_M, Input, Line]
[pin_not_driven]: Input pin not driven by any Output pins
    ; error
    @(10794 mils, 13280 mils): Symbol U15 Pin 8 [CS_M, Input, Line]
[pin_not_connected]: Pin not connected
    ; error
    @(10794 mils, 13380 mils): Symbol U15 Pin 6 [SDO_M, Output, Line]
[pin_not_connected]: Pin not connected
    ; error
    @(10794 mils, 13480 mils): Symbol U15 Pin 9 [DRDY_M, Output, Line]
[pin_not_connected]: Pin not connected
    ; error
    @(10794 mils, 13580 mils): Symbol U15 Pin 10 [INT_M, Output, Line]
[pin_not_connected]: Pin not connected
    ; error
    @(10794 mils, 13780 mils): Symbol U15 Pin 14 [RES, Bidirectional, Line]
[pin_not_connected]: Pin not connected
    ; error
    @(10794 mils, 13880 mils): Symbol U15 Pin 15 [RES, Bidirectional, Line]
[pin_not_connected]: Pin not connected
    ; error
    @(10794 mils, 13980 mils): Symbol U15 Pin 16 [RES, Bidirectional, Line]
[pin_not_connected]: Pin not connected
    ; error
    @(10794 mils, 14080 mils): Symbol U15 Pin 17 [RES, Bidirectional, Line]
[pin_not_connected]: Pin not connected
    ; error
    @(10794 mils, 14180 mils): Symbol U15 Pin 18 [RES, Bidirectional, Line]
[pin_not_connected]: Pin not connected
    ; error
    @(10820 mils, 10985 mils): Symbol U16 Pin 3 [VDD, Power input, Line]
[power_pin_not_driven]: Input Power pin not driven by any Output Power pins
    ; error
    @(10820 mils, 10985 mils): Symbol U16 Pin 3 [VDD, Power input, Line]
[pin_not_connected]: Pin not connected
    ; error
    @(10820 mils, 12385 mils): Symbol U16 Pin 2 [GND, Power input, Line]
[power_pin_not_driven]: Input Power pin not driven by any Output Power pins
    ; error
    @(10820 mils, 12385 mils): Symbol U16 Pin 2 [GND, Power input, Line]
[pin_not_connected]: Pin not connected
    ; error
    @(10820 mils, 19353 mils): Symbol U11 Pin 6 [VDDIO, Power input, Line]
[power_pin_not_driven]: Input Power pin not driven by any Output Power pins
    ; error
    @(10820 mils, 19353 mils): Symbol U11 Pin 6 [VDDIO, Power input, Line]
[pin_not_connected]: Pin not connected
    ; error
    @(10820 mils, 20553 mils): Symbol U11 Pin 1 [GND, Power input, Line]
[power_pin_not_driven]: Input Power pin not driven by any Output Power pins
    ; error
    @(10820 mils, 20553 mils): Symbol U11 Pin 1 [GND, Power input, Line]
[label_dangling]: Label not connected
    ; error
    @(10905 mils, 18345 mils): Label 'TIE_U4_6_L3_1'
[power_pin_not_driven]: Input Power pin not driven by any Output Power pins
    ; error
    @(10961 mils, 17423 mils): Symbol #PWR081 Pin 1 [GND, Power input, Line]
[power_pin_not_driven]: Input Power pin not driven by any Output Power pins
    ; error
    @(10961 mils, 17738 mils): Symbol #PWR079 Pin 1 [GND, Power input, Line]
[pin_not_connected]: Pin not connected
    ; error
    @(10961 mils, 17873 mils): Symbol C22 Pin 2 [Passive, Line]
[pin_not_connected]: Pin not connected
    ; error
    @(10961 mils, 17888 mils): Symbol C21 Pin 1 [Passive, Line]
[power_pin_not_driven]: Input Power pin not driven by any Output Power pins
    ; error
    @(10961 mils, 18023 mils): Symbol #PWR080 Pin 1 [+5V_SERVO, Power input, Line]
[power_pin_not_driven]: Input Power pin not driven by any Output Power pins
    ; error
    @(10961 mils, 18338 mils): Symbol #PWR078 Pin 1 [+5V_SERVO, Power input, Line]
[pin_not_connected]: Pin not connected
    ; error
    @(11020 mils, 10985 mils): Symbol U16 Pin 28 [VDDIO, Power input, Line]
[power_pin_not_driven]: Input Power pin not driven by any Output Power pins
    ; error
    @(11020 mils, 10985 mils): Symbol U16 Pin 28 [VDDIO, Power input, Line]
[pin_not_connected]: Pin not connected
    ; error
    @(11020 mils, 12385 mils): Symbol U16 Pin 25 [GNDIO, Power input, Line]
[power_pin_not_driven]: Input Power pin not driven by any Output Power pins
    ; error
    @(11020 mils, 12385 mils): Symbol U16 Pin 25 [GNDIO, Power input, Line]
[pin_not_connected]: Pin not connected
    ; error
    @(11020 mils, 19353 mils): Symbol U11 Pin 8 [VDD, Power input, Line]
[power_pin_not_driven]: Input Power pin not driven by any Output Power pins
    ; error
    @(11020 mils, 19353 mils): Symbol U11 Pin 8 [VDD, Power input, Line]
[pin_not_connected]: Pin not connected
    ; error
    @(11020 mils, 19753 mils): Symbol Q2 Pin 3 [D, Passive, Line]
[pin_not_connected]: Pin not connected
    ; error
    @(11020 mils, 20153 mils): Symbol Q2 Pin 2 [S, Passive, Line]
[pin_not_connected]: Pin not connected
    ; error
    @(11020 mils, 20553 mils): Symbol U11 Pin 7 [GND, Power input, Line]
[power_pin_not_driven]: Input Power pin not driven by any Output Power pins
    ; error
    @(11020 mils, 20553 mils): Symbol U11 Pin 7 [GND, Power input, Line]
[power_pin_not_driven]: Input Power pin not driven by any Output Power pins
    ; error
    @(11025 mils, 16161 mils): Symbol #PWR095 Pin 1 [GND, Power input, Line]
[pin_not_connected]: Pin not connected
    ; error
    @(11025 mils, 16611 mils): Symbol R16 Pin 2 [Passive, Line]
[pin_not_connected]: Pin not connected
    ; error
    @(11025 mils, 16705 mils): Symbol R15 Pin 1 [Passive, Line]
[power_pin_not_driven]: Input Power pin not driven by any Output Power pins
    ; error
    @(11025 mils, 17155 mils): Symbol #PWR094 Pin 1 [+3V3, Power input, Line]
[label_dangling]: Label not connected
    ; error
    @(11245 mils, 16705 mils): Label 'TIE_R15_2_U5_5'
[power_pin_not_driven]: Input Power pin not driven by any Output Power pins
    ; error
    @(11276 mils, 17580 mils): Symbol #PWR083 Pin 1 [GND, Power input, Line]
[pin_not_connected]: Pin not connected
    ; error
    @(11276 mils, 18030 mils): Symbol R13 Pin 2 [Passive, Line]
[pin_not_connected]: Pin not connected
    ; error
    @(11276 mils, 18124 mils): Symbol R12 Pin 1 [Passive, Line]
[power_pin_not_driven]: Input Power pin not driven by any Output Power pins
    ; error
    @(11276 mils, 18574 mils): Symbol #PWR082 Pin 1 [+5V_SERVO, Power input, Line]
[label_dangling]: Label not connected
    ; error
    @(11495 mils, 18124 mils): Label 'TIE_R12_2_U4_5'
[pin_not_connected]: Pin not connected
    ; error
    @(11520 mils, 11185 mils): Symbol U16 Pin 26 [XOUT32, Output, Line]
[pin_not_connected]: Pin not connected
    ; error
    @(11520 mils, 11685 mils): Symbol U16 Pin 27 [XIN32, Input, Line]
[pin_not_driven]: Input pin not driven by any Output pins
    ; error
    @(11520 mils, 11685 mils): Symbol U16 Pin 27 [XIN32, Input, Line]
[pin_not_connected]: Pin not connected
    ; error
    @(11520 mils, 11985 mils): Symbol U16 Pin 6 [PS0, Input, Line]
[pin_not_driven]: Input pin not driven by any Output pins
    ; error
    @(11520 mils, 11985 mils): Symbol U16 Pin 6 [PS0, Input, Line]
[pin_not_connected]: Pin not connected
    ; error
    @(11520 mils, 12085 mils): Symbol U16 Pin 5 [PS1, Input, Line]
[pin_not_driven]: Input pin not driven by any Output pins
    ; error
    @(11520 mils, 12085 mils): Symbol U16 Pin 5 [PS1, Input, Line]
[pin_not_connected]: Pin not connected
    ; error
    @(11520 mils, 12185 mils): Symbol U16 Pin 9 [CAP, Passive, Line]
[pin_not_connected]: Pin not connected
    ; error
    @(11520 mils, 19653 mils): Symbol U11 Pin 5 [SDO, Bidirectional, Line]
[pin_not_connected]: Pin not connected
    ; error
    @(11520 mils, 19853 mils): Symbol U11 Pin 4 [SCK, Input, Line]
[pin_not_driven]: Input pin not driven by any Output pins
    ; error
    @(11520 mils, 19853 mils): Symbol U11 Pin 4 [SCK, Input, Line]
[pin_not_connected]: Pin not connected
    ; error
    @(11520 mils, 20053 mils): Symbol U11 Pin 3 [SDI, Bidirectional, Line]
[pin_not_connected]: Pin not connected
    ; error
    @(11520 mils, 20253 mils): Symbol U11 Pin 2 [CSB, Input, Line]
[pin_not_driven]: Input pin not driven by any Output pins
    ; error
    @(11520 mils, 20253 mils): Symbol U11 Pin 2 [CSB, Input, Line]
[pin_not_connected]: Pin not connected
    ; error
    @(11521 mils, 10936 mils): Symbol R34 Pin 2 [Passive, Line]
[pin_not_connected]: Pin not connected
    ; error
    @(11547 mils, 20634 mils): Symbol U10 Pin 10 [VDD, Power input, Line]
[power_pin_not_driven]: Input Power pin not driven by any Output Power pins
    ; error
    @(11547 mils, 20634 mils): Symbol U10 Pin 10 [VDD, Power input, Line]
[pin_not_connected]: Pin not connected
    ; error
    @(11647 mils, 20634 mils): Symbol U10 Pin 1 [Vdd_IO, Power input, Line]
[power_pin_not_driven]: Input Power pin not driven by any Output Power pins
    ; error
    @(11647 mils, 20634 mils): Symbol U10 Pin 1 [Vdd_IO, Power input, Line]
[pin_not_connected]: Pin not connected
    ; error
    @(11647 mils, 21534 mils): Symbol U10 Pin 8 [GND, Power input, Line]
[power_pin_not_driven]: Input Power pin not driven by any Output Power pins
    ; error
    @(11647 mils, 21534 mils): Symbol U10 Pin 8 [GND, Power input, Line]
[pin_not_connected]: Pin not connected
    ; error
    @(11889 mils, 22845 mils): Symbol R9 Pin 2 [Passive, Line]
[pin_not_connected]: Pin not connected
    ; error
    @(12184 mils, 23110 mils): Symbol SW2 Pin 1 [1, Passive, Line]
[pin_not_connected]: Pin not connected
    ; error
    @(12234 mils, 9823 mils): Symbol R29 Pin 1 [Passive, Line]
[pin_not_connected]: Pin not connected
    ; error
    @(12234 mils, 10123 mils): Symbol R29 Pin 2 [Passive, Line]
[pin_not_connected]: Pin not connected
    ; error
    @(12247 mils, 20834 mils): Symbol U10 Pin 4 [SDA, Bidirectional, Line]
[pin_not_connected]: Pin not connected
    ; error
    @(12247 mils, 20934 mils): Symbol U10 Pin 5 [SA0, Input, Line]
[pin_not_driven]: Input pin not driven by any Output pins
    ; error
    @(12247 mils, 20934 mils): Symbol U10 Pin 5 [SA0, Input, Line]
[pin_not_connected]: Pin not connected
    ; error
    @(12247 mils, 21034 mils): Symbol U10 Pin 2 [SCL, Input, Clock]
[pin_not_driven]: Input pin not driven by any Output pins
    ; error
    @(12247 mils, 21034 mils): Symbol U10 Pin 2 [SCL, Input, Clock]
[pin_not_connected]: Pin not connected
    ; error
    @(12247 mils, 21134 mils): Symbol U10 Pin 6 [~{CS}, Input, Line]
[pin_not_driven]: Input pin not driven by any Output pins
    ; error
    @(12247 mils, 21134 mils): Symbol U10 Pin 6 [~{CS}, Input, Line]
[wire_dangling]: Wires not connected to anything
    ; error
    @(12247 mils, 21234 mils): Horizontal Wire, length 3417 mils
[pin_not_connected]: Pin not connected
    ; error
    @(12247 mils, 21334 mils): Symbol U10 Pin 7 [INT_DRDY, Output, Line]
[wire_dangling]: Wires not connected to anything
    ; error
    @(12247 mils, 21434 mils): Horizontal Wire, length 3417 mils
    @(15664 mils, 16719 mils): Vertical Wire, length 4715 mils
[pin_not_connected]: Pin not connected
    ; error
    @(12548 mils, 9525 mils): Symbol R30 Pin 1 [Passive, Line]
[pin_not_connected]: Pin not connected
    ; error
    @(12548 mils, 9825 mils): Symbol R30 Pin 2 [Passive, Line]
[pin_not_connected]: Pin not connected
    ; error
    @(12584 mils, 23110 mils): Symbol SW2 Pin 2 [2, Passive, Line]
[pin_not_connected]: Pin not connected
    ; error
    @(12617 mils, 24142 mils): Symbol D1 Pin 2 [A, Passive, Line]
[pin_not_connected]: Pin not connected
    ; error
    @(12760 mils, 24183 mils): Symbol R10 Pin 1 [Passive, Line]
[pin_not_connected]: Pin not connected
    ; error
    @(12760 mils, 24483 mils): Symbol R10 Pin 2 [Passive, Line]
[pin_not_connected]: Pin not connected
    ; error
    @(12907 mils, 23339 mils): Symbol TH1 Pin 1 [Passive, Line]
[pin_not_connected]: Pin not connected
    ; error
    @(13338 mils, 9197 mils): Symbol R35 Pin 2 [Passive, Line]
[pin_not_connected]: Pin not connected
    ; error
    @(13428 mils, 14849 mils): Symbol L1 Pin 1 [1, Passive, Line]
[pin_not_connected]: Pin not connected
    ; error
    @(13428 mils, 15149 mils): Symbol L1 Pin 2 [2, Passive, Line]
[pin_not_connected]: Pin not connected
    ; error
    @(13454 mils, 23682 mils): Symbol R8 Pin 1 [Passive, Line]
[pin_not_connected]: Pin not connected
    ; error
    @(13454 mils, 23982 mils): Symbol R8 Pin 2 [Passive, Line]
[power_pin_not_driven]: Input Power pin not driven by any Output Power pins
    ; error
    @(13539 mils, 14217 mils): Symbol #PWR021 Pin 1 [GND, Power input, Line]
[power_pin_not_driven]: Input Power pin not driven by any Output Power pins
    ; error
    @(13539 mils, 14817 mils): Symbol #PWR020 Pin 1 [DVDD_INTERNAL, Power input, Line]
[power_pin_not_driven]: Input Power pin not driven by any Output Power pins
    ; error
    @(13630 mils, 12403 mils): Symbol #PWR008 Pin 1 [GND, Power input, Line]
[power_pin_not_driven]: Input Power pin not driven by any Output Power pins
    ; error
    @(13630 mils, 13003 mils): Symbol #PWR007 Pin 1 [+3V3, Power input, Line]
[power_pin_not_driven]: Input Power pin not driven by any Output Power pins
    ; error
    @(13641 mils, 13904 mils): Symbol #PWR006 Pin 1 [GND, Power input, Line]
[power_pin_not_driven]: Input Power pin not driven by any Output Power pins
    ; error
    @(13641 mils, 14504 mils): Symbol #PWR005 Pin 1 [+3V3, Power input, Line]
[pin_not_connected]: Pin not connected
    ; error
    @(13700 mils, 13900 mils): Symbol R1 Pin 1 [Passive, Line]
[pin_not_connected]: Pin not connected
    ; error
    @(13700 mils, 14200 mils): Symbol R1 Pin 2 [Passive, Line]
[pin_not_connected]: Pin not connected
    ; error
    @(13819 mils, 2152 mils): Symbol C50 Pin 1 [Passive, Line]
[power_pin_not_driven]: Input Power pin not driven by any Output Power pins
    ; error
    @(13834 mils, 13448 mils): Symbol #PWR024 Pin 1 [GND, Power input, Line]
[power_pin_not_driven]: Input Power pin not driven by any Output Power pins
    ; error
    @(13834 mils, 14048 mils): Symbol #PWR023 Pin 1 [USB_OTP_VDD_NET, Power input, Line]
[pin_not_connected]: Pin not connected
    ; error
    @(13855 mils, 2953 mils): Symbol J9 Pin 1 [Pin_1, Passive, Line]
[pin_not_connected]: Pin not connected
    ; error
    @(14170 mils, 24354 mils): Symbol R7 Pin 2 [Passive, Line]
[wire_dangling]: Wires not connected to anything
    ; error
    @(14196 mils, 16719 mils): Horizontal Wire, length 5084 mils
[wire_dangling]: Wires not connected to anything
    ; error
    @(14700 mils, 14719 mils): Horizontal Wire, length 4580 mils
[pin_not_connected]: Pin not connected
    ; error
    @(14916 mils, 24663 mils): Symbol R6 Pin 2 [Passive, Line]
[power_pin_not_driven]: Input Power pin not driven by any Output Power pins
    ; error
    @(15044 mils, 11900 mils): Symbol #PWR010 Pin 1 [GND, Power input, Line]
[power_pin_not_driven]: Input Power pin not driven by any Output Power pins
    ; error
    @(15044 mils, 12500 mils): Symbol #PWR009 Pin 1 [+3V3, Power input, Line]
[pin_not_connected]: Pin not connected
    ; error
    @(15282 mils, 24281 mils): Symbol R3 Pin 1 [Passive, Line]
[pin_not_connected]: Pin not connected
    ; error
    @(15282 mils, 24581 mils): Symbol R3 Pin 2 [Passive, Line]
[pin_not_connected]: Pin not connected
    ; error
    @(15541 mils, 23605 mils): Symbol U2 Pin 7 [CC1, Bidirectional, Line]
[pin_not_connected]: Pin not connected
    ; error
    @(15541 mils, 23705 mils): Symbol U2 Pin 6 [CC2, Bidirectional, Line]
[pin_not_connected]: Pin not connected
    ; error
    @(15541 mils, 23905 mils): Symbol U2 Pin 5 [DM, Bidirectional, Line]
[pin_not_connected]: Pin not connected
    ; error
    @(15541 mils, 24005 mils): Symbol U2 Pin 4 [DP, Bidirectional, Line]
[pin_not_connected]: Pin not connected
    ; error
    @(15594 mils, 8084 mils): Symbol R36 Pin 2 [Passive, Line]
[power_pin_not_driven]: Input Power pin not driven by any Output Power pins
    ; error
    @(15784 mils, 10595 mils): Symbol #PWR012 Pin 1 [GND, Power input, Line]
[power_pin_not_driven]: Input Power pin not driven by any Output Power pins
    ; error
    @(15784 mils, 11195 mils): Symbol #PWR011 Pin 1 [+3V3, Power input, Line]
[power_pin_not_driven]: Input Power pin not driven by any Output Power pins
    ; error
    @(15842 mils, 24496 mils): Symbol #PWR059 Pin 1 [GND, Power input, Line]
[power_pin_not_driven]: Input Power pin not driven by any Output Power pins
    ; error
    @(15842 mils, 25096 mils): Symbol #PWR058 Pin 1 [BATP_NET, Power input, Line]
[wire_dangling]: Wires not connected to anything
    ; error
    @(15904 mils, 18019 mils): Vertical Wire, length 3170 mils
[pin_not_connected]: Pin not connected
    ; error
    @(15941 mils, 23405 mils): Symbol U2 Pin 8 [VBUS, Passive, Line]
[pin_not_connected]: Pin not connected
    ; error
    @(15941 mils, 24205 mils): Symbol U2 Pin 11 [GND, Power input, Line]
[power_pin_not_driven]: Input Power pin not driven by any Output Power pins
    ; error
    @(15941 mils, 24205 mils): Symbol U2 Pin 11 [GND, Power input, Line]
[pin_not_connected]: Pin not connected
    ; error
    @(15974 mils, 9419 mils): Symbol D7 Pin 1 [K, Passive, Line]
[pin_not_connected]: Pin not connected
    ; error
    @(16041 mils, 23405 mils): Symbol U2 Pin 1 [VDD, Power input, Line]
[power_pin_not_driven]: Input Power pin not driven by any Output Power pins
    ; error
    @(16041 mils, 23405 mils): Symbol U2 Pin 1 [VDD, Power input, Line]
[pin_not_connected]: Pin not connected
    ; error
    @(16341 mils, 23605 mils): Symbol U2 Pin 10 [PG, Open collector, Line]
[pin_not_connected]: Pin not connected
    ; error
    @(16341 mils, 23805 mils): Symbol U2 Pin 9 [CFG1, Passive, Line]
[pin_not_connected]: Pin not connected
    ; error
    @(16341 mils, 23905 mils): Symbol U2 Pin 2 [CFG2, Passive, Line]
[pin_not_connected]: Pin not connected
    ; error
    @(16341 mils, 24005 mils): Symbol U2 Pin 3 [CFG3, Passive, Line]
[pin_not_connected]: Pin not connected
    ; error
    @(16348 mils, 9504 mils): Symbol R43 Pin 2 [Passive, Line]
[pin_not_connected]: Pin not connected
    ; error
    @(16474 mils, 24781 mils): Symbol R5 Pin 1 [Passive, Line]
[pin_not_connected]: Pin not connected
    ; error
    @(16474 mils, 25081 mils): Symbol R5 Pin 2 [Passive, Line]
[power_pin_not_driven]: Input Power pin not driven by any Output Power pins
    ; error
    @(16508 mils, 24437 mils): Symbol #PWR041 Pin 1 [GND, Power input, Line]
[power_pin_not_driven]: Input Power pin not driven by any Output Power pins
    ; error
    @(16508 mils, 25037 mils): Symbol #PWR040 Pin 1 [VBUS_PD, Power input, Line]
[power_pin_not_driven]: Input Power pin not driven by any Output Power pins
    ; error
    @(16905 mils, 9854 mils): Symbol #PWR258 Pin 1 [GND, Power input, Line]
[pin_not_connected]: Pin not connected
    ; error
    @(17055 mils, 10090 mils): Symbol R42 Pin 1 [Passive, Line]
[power_pin_not_driven]: Input Power pin not driven by any Output Power pins
    ; error
    @(17055 mils, 10540 mils): Symbol #PWR257 Pin 1 [+5V_SERVO, Power input, Line]
[wire_dangling]: Wires not connected to anything
    ; error
    @(17080 mils, 13819 mils): Horizontal Wire, length 200 mils
[wire_dangling]: Wires not connected to anything
    ; error
    @(17080 mils, 13919 mils): Horizontal Wire, length 200 mils
[wire_dangling]: Wires not connected to anything
    ; error
    @(17080 mils, 14019 mils): Horizontal Wire, length 200 mils
[pin_not_driven]: Input pin not driven by any Output pins
    ; error
    @(17080 mils, 14519 mils): Symbol U1 Pin 35 [RUN, Input, Line]
[pin_not_connected]: Pin not connected
    ; error
    @(17080 mils, 14819 mils): Symbol U1 Pin 66 [USB_DM, Bidirectional, Line]
[pin_not_connected]: Pin not connected
    ; error
    @(17080 mils, 15219 mils): Symbol U1 Pin 75 [~{QSPI_SS}, Output, Line]
[pin_not_connected]: Pin not connected
    ; error
    @(17080 mils, 15319 mils): Symbol U1 Pin 71 [QSPI_SCLK, Output, Line]
[pin_not_connected]: Pin not connected
    ; error
    @(17080 mils, 15419 mils): Symbol U1 Pin 72 [QSPI_SD0, Bidirectional, Line]
[pin_not_connected]: Pin not connected
    ; error
    @(17080 mils, 15519 mils): Symbol U1 Pin 74 [QSPI_SD1, Bidirectional, Line]
[pin_not_connected]: Pin not connected
    ; error
    @(17080 mils, 15719 mils): Symbol U1 Pin 70 [QSPI_SD3, Bidirectional, Line]
[pin_not_connected]: Pin not connected
    ; error
    @(17080 mils, 16719 mils): Symbol U1 Pin 33 [SWCLK, Input, Line]
[pin_not_driven]: Input pin not driven by any Output pins
    ; error
    @(17080 mils, 16719 mils): Symbol U1 Pin 33 [SWCLK, Input, Line]
[pin_not_connected]: Pin not connected
    ; error
    @(17080 mils, 16819 mils): Symbol U1 Pin 34 [SWDIO, Bidirectional, Line]
[pin_not_connected]: Pin not connected
    ; error
    @(17080 mils, 17219 mils): Symbol U1 Pin 52 [GPIO41/ADC1, Bidirectional, Line]
[pin_not_connected]: Pin not connected
    ; error
    @(17080 mils, 17319 mils): Symbol U1 Pin 53 [GPIO42/ADC2, Bidirectional, Line]
[pin_not_connected]: Pin not connected
    ; error
    @(17080 mils, 17419 mils): Symbol U1 Pin 54 [GPIO43/ADC3, Bidirectional, Line]
[pin_not_connected]: Pin not connected
    ; error
    @(17080 mils, 17519 mils): Symbol U1 Pin 55 [GPIO44/ADC4, Bidirectional, Line]
[pin_not_connected]: Pin not connected
    ; error
    @(17080 mils, 17619 mils): Symbol U1 Pin 56 [GPIO45/ADC5, Bidirectional, Line]
[pin_not_connected]: Pin not connected
    ; error
    @(17080 mils, 17719 mils): Symbol U1 Pin 57 [GPIO46/ADC6, Bidirectional, Line]
[pin_not_connected]: Pin not connected
    ; error
    @(17080 mils, 17819 mils): Symbol U1 Pin 58 [GPIO47/ADC7, Bidirectional, Line]
[pin_not_connected]: Pin not connected
    ; error
    @(17205 mils, 10004 mils): Symbol D6 Pin 2 [A, Passive, Line]
[power_pin_not_driven]: Input Power pin not driven by any Output Power pins
    ; error
    @(17260 mils, 10867 mils): Symbol #PWR014 Pin 1 [GND, Power input, Line]
[power_pin_not_driven]: Input Power pin not driven by any Output Power pins
    ; error
    @(17260 mils, 11467 mils): Symbol #PWR013 Pin 1 [+3V3, Power input, Line]
[power_pin_not_driven]: Input Power pin not driven by any Output Power pins
    ; error
    @(17274 mils, 24736 mils): Symbol #PWR054 Pin 1 [GND, Power input, Line]
[power_pin_not_driven]: Input Power pin not driven by any Output Power pins
    ; error
    @(17274 mils, 25336 mils): Symbol #PWR053 Pin 1 [REGN_NET, Power input, Line]
[label_dangling]: Label not connected
    ; error
    @(17274 mils, 10090 mils): Label 'TIE_R42_2_D6_1'
[label_dangling]: Label not connected
    ; error
    @(17300 mils, 13819 mils): Label 'SPARE_GPIO5'
[label_dangling]: Label not connected
    ; error
    @(17300 mils, 13919 mils): Label 'SPARE_GPIO4'
[label_dangling]: Label not connected
    ; error
    @(17300 mils, 14019 mils): Label 'SPARE_GPIO3'
[label_dangling]: Label not connected
    ; error
    @(17300 mils, 14119 mils): Label 'ADAU_RESET'
[label_dangling]: Label not connected
    ; error
    @(17300 mils, 14219 mils): Label 'MIC_SDATA'
[label_dangling]: Label not connected
    ; error
    @(17300 mils, 14319 mils): Label 'MIC_LRCLK'
[label_dangling]: Label not connected
    ; error
    @(17300 mils, 15219 mils): Label 'XOUT_NC_EXTERNAL_OSC_MODE'
[pin_not_connected]: Pin not connected
    ; error
    @(17380 mils, 13619 mils): Symbol U1 Pin 61 [VREG_AVDD, Power input, Line]
[power_pin_not_driven]: Input Power pin not driven by any Output Power pins
    ; error
    @(17380 mils, 13619 mils): Symbol U1 Pin 61 [VREG_AVDD, Power input, Line]
[pin_not_connected]: Pin not connected
    ; error
    @(17580 mils, 13619 mils): Symbol U1 Pin 68 [USB_OTP_VDD, Power input, Line]
[power_pin_not_driven]: Input Power pin not driven by any Output Power pins
    ; error
    @(17580 mils, 13619 mils): Symbol U1 Pin 68 [USB_OTP_VDD, Power input, Line]
[pin_not_connected]: Pin not connected
    ; error
    @(17680 mils, 13619 mils): Symbol U1 Pin 59 [ADC_AVDD, Power input, Line]
[power_pin_not_driven]: Input Power pin not driven by any Output Power pins
    ; error
    @(17680 mils, 13619 mils): Symbol U1 Pin 59 [ADC_AVDD, Power input, Line]
[power_pin_not_driven]: Input Power pin not driven by any Output Power pins
    ; error
    @(17680 mils, 18169 mils): Symbol #PWR003 Pin 1 [+3V3, Power input, Line]
[pin_not_connected]: Pin not connected
    ; error
    @(17780 mils, 30805 mils): Symbol J2 Pin SH [SHIELD, Passive, Line]
[pin_not_connected]: Pin not connected
    ; error
    @(17880 mils, 2333 mils): Symbol J10 Pin 1 [Pin_1, Passive, Line]
[pin_not_connected]: Pin not connected
    ; error
    @(17880 mils, 13619 mils): Symbol U1 Pin 69 [QSPI_IOVDD, Power input, Line]
[power_pin_not_driven]: Input Power pin not driven by any Output Power pins
    ; error
    @(17880 mils, 13619 mils): Symbol U1 Pin 69 [QSPI_IOVDD, Power input, Line]
[wire_dangling]: Wires not connected to anything
    ; error
    @(17880 mils, 16719 mils): Vertical Wire, length 12986 mils
[pin_not_connected]: Pin not connected
    ; error
    @(17880 mils, 18169 mils): Symbol #PWR004 Pin 1 [+3V3, Power input, Line]
[power_pin_not_driven]: Input Power pin not driven by any Output Power pins
    ; error
    @(17880 mils, 18169 mils): Symbol #PWR004 Pin 1 [+3V3, Power input, Line]
[pin_not_connected]: Pin not connected
    ; error
    @(17980 mils, 13619 mils): Symbol U1 Pin 5 [IOVDD, Power input, Line]
[power_pin_not_driven]: Input Power pin not driven by any Output Power pins
    ; error
    @(17980 mils, 13619 mils): Symbol U1 Pin 5 [IOVDD, Power input, Line]
[pin_not_connected]: Pin not connected
    ; error
    @(17980 mils, 18119 mils): Symbol U1 Pin 62 [VREG_PGND, Power input, Line]
[power_pin_not_driven]: Input Power pin not driven by any Output Power pins
    ; error
    @(17980 mils, 18119 mils): Symbol U1 Pin 62 [VREG_PGND, Power input, Line]
[power_pin_not_driven]: Input Power pin not driven by any Output Power pins
    ; error
    @(17980 mils, 18169 mils): Symbol #PWR001 Pin 1 [+3V3, Power input, Line]
[pin_not_connected]: Pin not connected
    ; error
    @(18080 mils, 1496 mils): Symbol C51 Pin 1 [Passive, Line]
[pin_not_connected]: Pin not connected
    ; error
    @(18080 mils, 7702 mils): Symbol R37 Pin 2 [Passive, Line]
[power_pin_not_driven]: Input Power pin not driven by any Output Power pins
    ; error
    @(18080 mils, 9614 mils): Symbol #PWR256 Pin 1 [GND, Power input, Line]
[power_pin_not_driven]: Input Power pin not driven by any Output Power pins
    ; error
    @(18080 mils, 10214 mils): Symbol #PWR255 Pin 1 [+5V_SERVO, Power input, Line]
[power_pin_not_driven]: Input Power pin not driven by any Output Power pins
    ; error
    @(18080 mils, 13369 mils): Symbol #PWR002 Pin 1 [GND, Power input, Line]
[pin_not_connected]: Pin not connected
    ; error
    @(18080 mils, 18119 mils): Symbol U1 Pin 81 [GND, Power input, Line]
[power_pin_not_driven]: Input Power pin not driven by any Output Power pins
    ; error
    @(18080 mils, 18119 mils): Symbol U1 Pin 81 [GND, Power input, Line]
[pin_not_connected]: Pin not connected
    ; error
    @(18080 mils, 24921 mils): Symbol C12 Pin 1 [Passive, Line]
[pin_not_connected]: Pin not connected
    ; error
    @(18080 mils, 25221 mils): Symbol C12 Pin 2 [Passive, Line]
[pin_not_connected]: Pin not connected
    ; error
    @(18080 mils, 30805 mils): Symbol J2 Pin A1 [GND, Passive, Line]
[pin_not_connected]: Pin not connected
    ; error
    @(18180 mils, 13619 mils): Symbol U1 Pin 64 [VREG_VIN, Power input, Line]
[power_pin_not_driven]: Input Power pin not driven by any Output Power pins
    ; error
    @(18180 mils, 13619 mils): Symbol U1 Pin 64 [VREG_VIN, Power input, Line]
[pin_not_connected]: Pin not connected
    ; error
    @(18280 mils, 13619 mils): Symbol U1 Pin 63 [VREG_LX, Power output, Line]
[pin_not_connected]: Pin not connected
    ; error
    @(18380 mils, 13619 mils): Symbol U1 Pin 65 [VREG_FB, Passive, Line]
[power_pin_not_driven]: Input Power pin not driven by any Output Power pins
    ; error
    @(18554 mils, 10107 mils): Symbol #PWR016 Pin 1 [GND, Power input, Line]
[power_pin_not_driven]: Input Power pin not driven by any Output Power pins
    ; error
    @(18554 mils, 10707 mils): Symbol #PWR015 Pin 1 [+3V3, Power input, Line]
[pin_not_connected]: Pin not connected
    ; error
    @(18580 mils, 13619 mils): Symbol U1 Pin 10 [DVDD, Power input, Line]
[power_pin_not_driven]: Input Power pin not driven by any Output Power pins
    ; error
    @(18580 mils, 13619 mils): Symbol U1 Pin 10 [DVDD, Power input, Line]
[pin_not_connected]: Pin not connected
    ; error
    @(18680 mils, 28205 mils): Symbol J2 Pin A4 [VBUS, Passive, Line]
[pin_not_connected]: Pin not connected
    ; error
    @(18680 mils, 28405 mils): Symbol J2 Pin A5 [CC1, Bidirectional, Line]
[pin_not_connected]: Pin not connected
    ; error
    @(18680 mils, 28505 mils): Symbol J2 Pin B5 [CC2, Bidirectional, Line]
[pin_not_connected]: Pin not connected
    ; error
    @(18680 mils, 28705 mils): Symbol J2 Pin A7 [D-, Bidirectional, Line]
[pin_not_connected]: Pin not connected
    ; error
    @(18680 mils, 28805 mils): Symbol J2 Pin B7 [D-, Bidirectional, Line]
[pin_not_connected]: Pin not connected
    ; error
    @(18680 mils, 28905 mils): Symbol J2 Pin A6 [D+, Bidirectional, Line]
[pin_not_connected]: Pin not connected
    ; error
    @(18680 mils, 29005 mils): Symbol J2 Pin B6 [D+, Bidirectional, Line]
[pin_not_connected]: Pin not connected
    ; error
    @(18680 mils, 29205 mils): Symbol J2 Pin B10 [RX1-, Bidirectional, Line]
[pin_not_connected]: Pin not connected
    ; error
    @(18680 mils, 29305 mils): Symbol J2 Pin B11 [RX1+, Bidirectional, Line]
[pin_not_connected]: Pin not connected
    ; error
    @(18680 mils, 29505 mils): Symbol J2 Pin A3 [TX1-, Bidirectional, Line]
[pin_not_connected]: Pin not connected
    ; error
    @(18680 mils, 29605 mils): Symbol J2 Pin A2 [TX1+, Bidirectional, Line]
[pin_not_connected]: Pin not connected
    ; error
    @(18680 mils, 29805 mils): Symbol J2 Pin A10 [RX2-, Bidirectional, Line]
[pin_not_connected]: Pin not connected
    ; error
    @(18680 mils, 29905 mils): Symbol J2 Pin A11 [RX2+, Bidirectional, Line]
[pin_not_connected]: Pin not connected
    ; error
    @(18680 mils, 30105 mils): Symbol J2 Pin B3 [TX2-, Bidirectional, Line]
[pin_not_connected]: Pin not connected
    ; error
    @(18680 mils, 30205 mils): Symbol J2 Pin B2 [TX2+, Bidirectional, Line]
[pin_not_connected]: Pin not connected
    ; error
    @(18680 mils, 30405 mils): Symbol J2 Pin A8 [SBU1, Bidirectional, Line]
[pin_not_connected]: Pin not connected
    ; error
    @(18680 mils, 30505 mils): Symbol J2 Pin B8 [SBU2, Bidirectional, Line]
[pin_not_connected]: Pin not connected
    ; error
    @(18887 mils, 24886 mils): Symbol C11 Pin 1 [Passive, Line]
[pin_not_connected]: Pin not connected
    ; error
    @(18887 mils, 25186 mils): Symbol C11 Pin 2 [Passive, Line]
[pin_not_connected]: Pin not connected
    ; error
    @(18904 mils, 6206 mils): Symbol Y2 Pin 2 [2, Passive, Line]
[pin_not_connected]: Pin not connected
    ; error
    @(18904 mils, 6606 mils): Symbol Y2 Pin 4 [4, Passive, Line]
[pin_not_connected]: Pin not connected
    ; error
    @(19054 mils, 6406 mils): Symbol Y2 Pin 3 [3, Passive, Line]
[wire_dangling]: Wires not connected to anything
    ; error
    @(19080 mils, 13819 mils): Horizontal Wire, length 200 mils
[pin_not_connected]: Pin not connected
    ; error
    @(19080 mils, 13919 mils): Symbol U1 Pin 77 [GPIO0, Bidirectional, Line]
[pin_not_connected]: Pin not connected
    ; error
    @(19080 mils, 14019 mils): Symbol U1 Pin 78 [GPIO1, Bidirectional, Line]
[pin_not_connected]: Pin not connected
    ; error
    @(19080 mils, 14119 mils): Symbol U1 Pin 79 [GPIO2, Bidirectional, Line]
[pin_not_connected]: Pin not connected
    ; error
    @(19080 mils, 14219 mils): Symbol U1 Pin 80 [GPIO3, Bidirectional, Line]
[pin_not_connected]: Pin not connected
    ; error
    @(19080 mils, 14319 mils): Symbol U1 Pin 1 [GPIO4, Bidirectional, Line]
[pin_not_connected]: Pin not connected
    ; error
    @(19080 mils, 14519 mils): Symbol U1 Pin 3 [GPIO6, Bidirectional, Line]
[pin_not_connected]: Pin not connected
    ; error
    @(19080 mils, 14619 mils): Symbol U1 Pin 4 [GPIO7, Bidirectional, Line]
[pin_not_connected]: Pin not connected
    ; error
    @(19080 mils, 14719 mils): Symbol U1 Pin 6 [GPIO8, Bidirectional, Line]
[pin_not_connected]: Pin not connected
    ; error
    @(19080 mils, 14819 mils): Symbol U1 Pin 7 [GPIO9, Bidirectional, Line]
[pin_not_connected]: Pin not connected
    ; error
    @(19080 mils, 14919 mils): Symbol U1 Pin 8 [GPIO10, Bidirectional, Line]
[pin_not_connected]: Pin not connected
    ; error
    @(19080 mils, 15619 mils): Symbol U1 Pin 17 [GPIO17, Bidirectional, Line]
[pin_not_connected]: Pin not connected
    ; error
    @(19080 mils, 15919 mils): Symbol U1 Pin 20 [GPIO20, Bidirectional, Line]
[pin_not_connected]: Pin not connected
    ; error
    @(19080 mils, 16019 mils): Symbol U1 Pin 21 [GPIO21, Bidirectional, Line]
[pin_not_connected]: Pin not connected
    ; error
    @(19080 mils, 16119 mils): Symbol U1 Pin 22 [GPIO22, Bidirectional, Line]
[pin_not_connected]: Pin not connected
    ; error
    @(19080 mils, 16219 mils): Symbol U1 Pin 23 [GPIO23, Bidirectional, Line]
[pin_not_connected]: Pin not connected
    ; error
    @(19080 mils, 16319 mils): Symbol U1 Pin 25 [GPIO24, Bidirectional, Line]
[pin_not_connected]: Pin not connected
    ; error
    @(19080 mils, 16419 mils): Symbol U1 Pin 26 [GPIO25, Bidirectional, Line]
[pin_not_connected]: Pin not connected
    ; error
    @(19080 mils, 16719 mils): Symbol U1 Pin 36 [GPIO28, Bidirectional, Line]
[pin_not_connected]: Pin not connected
    ; error
    @(19080 mils, 16819 mils): Symbol U1 Pin 37 [GPIO29, Bidirectional, Line]
[pin_not_connected]: Pin not connected
    ; error
    @(19080 mils, 17119 mils): Symbol U1 Pin 40 [GPIO32, Bidirectional, Line]
[pin_not_connected]: Pin not connected
    ; error
    @(19080 mils, 17319 mils): Symbol U1 Pin 43 [GPIO34, Bidirectional, Line]
[pin_not_connected]: Pin not connected
    ; error
    @(19080 mils, 17419 mils): Symbol U1 Pin 44 [GPIO35, Bidirectional, Line]
[pin_not_connected]: Pin not connected
    ; error
    @(19080 mils, 17519 mils): Symbol U1 Pin 45 [GPIO36, Bidirectional, Line]
[pin_not_connected]: Pin not connected
    ; error
    @(19080 mils, 17619 mils): Symbol U1 Pin 46 [GPIO37, Bidirectional, Line]
[pin_not_connected]: Pin not connected
    ; error
    @(19080 mils, 17719 mils): Symbol U1 Pin 47 [GPIO38, Bidirectional, Line]
[pin_not_connected]: Pin not connected
    ; error
    @(19080 mils, 17819 mils): Symbol U1 Pin 48 [GPIO39, Bidirectional, Line]
[pin_not_connected]: Pin not connected
    ; error
    @(19116 mils, 22861 mils): Symbol U3 Pin 2 [VBUS, Power input, Line]
[power_pin_not_driven]: Input Power pin not driven by any Output Power pins
    ; error
    @(19116 mils, 22861 mils): Symbol U3 Pin 2 [VBUS, Power input, Line]
[pin_not_connected]: Pin not connected
    ; error
    @(19116 mils, 23461 mils): Symbol U3 Pin 10 [ACDRV2, Passive, Line]
[pin_not_connected]: Pin not connected
    ; error
    @(19116 mils, 23661 mils): Symbol U3 Pin 7 [D-, Bidirectional, Line]
[pin_not_connected]: Pin not connected
    ; error
    @(19116 mils, 23761 mils): Symbol U3 Pin 6 [D+, Bidirectional, Line]
[pin_not_connected]: Pin not connected
    ; error
    @(19116 mils, 23961 mils): Symbol U3 Pin 14 [SCL, Input, Line]
[pin_not_driven]: Input pin not driven by any Output pins
    ; error
    @(19116 mils, 23961 mils): Symbol U3 Pin 14 [SCL, Input, Line]
[pin_not_connected]: Pin not connected
    ; error
    @(19116 mils, 24061 mils): Symbol U3 Pin 15 [SDA, Bidirectional, Line]
[wire_dangling]: Wires not connected to anything
    ; error
    @(19116 mils, 24161 mils): Horizontal Wire, length 218 mils
    @(18898 mils, 24161 mils): Vertical Wire, length 5544 mils
[pin_not_connected]: Pin not connected
    ; error
    @(19116 mils, 24261 mils): Symbol U3 Pin 21 [~{INT}, Open collector, Line]
[pin_not_connected]: Pin not connected
    ; error
    @(19116 mils, 24361 mils): Symbol U3 Pin 13 [~{CE}, Input, Line]
[pin_not_driven]: Input pin not driven by any Output pins
    ; error
    @(19116 mils, 24361 mils): Symbol U3 Pin 13 [~{CE}, Input, Line]
[pin_not_connected]: Pin not connected
    ; error
    @(19116 mils, 24561 mils): Symbol U3 Pin 12 [~{QON}, Input, Line]
[pin_not_driven]: Input pin not driven by any Output pins
    ; error
    @(19116 mils, 24561 mils): Symbol U3 Pin 12 [~{QON}, Input, Line]
[pin_not_driven]: Input pin not driven by any Output pins
    ; error
    @(19116 mils, 24761 mils): Symbol U3 Pin 17 [ILIM_HIZ, Input, Line]
[pin_not_connected]: Pin not connected
    ; error
    @(19116 mils, 24861 mils): Symbol U3 Pin 20 [PROG, Input, Line]
[pin_not_driven]: Input pin not driven by any Output pins
    ; error
    @(19116 mils, 24861 mils): Symbol U3 Pin 20 [PROG, Input, Line]
[label_dangling]: Label not connected
    ; error
    @(19300 mils, 13819 mils): Label 'SPARE_GPIO2'
[label_dangling]: Label not connected
    ; error
    @(19300 mils, 13919 mils): Label 'SPARE_GPIO1'
[label_dangling]: Label not connected
    ; error
    @(19300 mils, 14019 mils): Label 'HEARTBEAT_DRV'
[label_dangling]: Label not connected
    ; error
    @(19300 mils, 14119 mils): Label 'UART_RX'
[label_dangling]: Label not connected
    ; error
    @(19300 mils, 14219 mils): Label 'UART_TX'
[label_dangling]: Label not connected
    ; error
    @(19300 mils, 14319 mils): Label 'PD_PG'
[label_dangling]: Label not connected
    ; error
    @(19300 mils, 14619 mils): Label 'CCS_INT'
[label_dangling]: Label not connected
    ; error
    @(19300 mils, 14719 mils): Label 'BNO_INT'
[label_dangling]: Label not connected
    ; error
    @(19300 mils, 14819 mils): Label 'IMU_INT1'
[label_dangling]: Label not connected
    ; error
    @(19300 mils, 16119 mils): Label 'SPI0_CS_SD'
[label_dangling]: Label not connected
    ; error
    @(19300 mils, 16219 mils): Label 'SPI0_MISO'
[label_dangling]: Label not connected
    ; error
    @(19300 mils, 16319 mils): Label 'SPI0_MOSI'
[label_dangling]: Label not connected
    ; error
    @(19300 mils, 16719 mils): Label 'I2C0_SCL'
[label_dangling]: Label not connected
    ; error
    @(19300 mils, 16819 mils): Label 'I2C0_SDA'
[label_dangling]: Label not connected
    ; error
    @(19300 mils, 17319 mils): Label 'SERVO_FIN_E'
[label_dangling]: Label not connected
    ; error
    @(19300 mils, 17419 mils): Label 'SERVO_FIN_N'
[label_dangling]: Label not connected
    ; error
    @(19300 mils, 17519 mils): Label 'SERVO_TVC3'
[label_dangling]: Label not connected
    ; error
    @(19300 mils, 17619 mils): Label 'SERVO_TVC2'
[label_dangling]: Label not connected
    ; error
    @(19300 mils, 17719 mils): Label 'SERVO_TVC1'
[power_pin_not_driven]: Input Power pin not driven by any Output Power pins
    ; error
    @(19341 mils, 6552 mils): Symbol #PWR227 Pin 1 [GND, Power input, Line]
[power_pin_not_driven]: Input Power pin not driven by any Output Power pins
    ; error
    @(19341 mils, 7152 mils): Symbol #PWR226 Pin 1 [+3V3, Power input, Line]
[pin_not_connected]: Pin not connected
    ; error
    @(19409 mils, 10015 mils): Symbol J15 Pin 1 [Pin_1, Passive, Line]
[pin_not_connected]: Pin not connected
    ; error
    @(19409 mils, 10115 mils): Symbol J15 Pin 2 [Pin_2, Passive, Line]
[pin_not_connected]: Pin not connected
    ; error
    @(19409 mils, 10215 mils): Symbol J15 Pin 3 [Pin_3, Passive, Line]
[pin_not_connected]: Pin not connected
    ; error
    @(19409 mils, 10315 mils): Symbol J15 Pin 4 [Pin_4, Passive, Line]
[pin_not_connected]: Pin not connected
    ; error
    @(19516 mils, 6827 mils): Symbol U17 Pin 1 [AVDD, Power input, Line]
[power_pin_not_driven]: Input Power pin not driven by any Output Power pins
    ; error
    @(19516 mils, 6827 mils): Symbol U17 Pin 1 [AVDD, Power input, Line]
[power_pin_not_driven]: Input Power pin not driven by any Output Power pins
    ; error
    @(19516 mils, 6927 mils): Symbol U17 Pin 2 [DVDD, Power input, Line]
[pin_not_connected]: Pin not connected
    ; error
    @(19516 mils, 7027 mils): Symbol U17 Pin 3 [IOVDD, Power input, Line]
[power_pin_not_driven]: Input Power pin not driven by any Output Power pins
    ; error
    @(19516 mils, 7027 mils): Symbol U17 Pin 3 [IOVDD, Power input, Line]
[pin_not_connected]: Pin not connected
    ; error
    @(19516 mils, 7127 mils): Symbol U17 Pin 4 [PLLVDD, Power input, Line]
[power_pin_not_driven]: Input Power pin not driven by any Output Power pins
    ; error
    @(19516 mils, 7127 mils): Symbol U17 Pin 4 [PLLVDD, Power input, Line]
[pin_not_connected]: Pin not connected
    ; error
    @(19516 mils, 7227 mils): Symbol U17 Pin 5 [GND, Power input, Line]
[power_pin_not_driven]: Input Power pin not driven by any Output Power pins
    ; error
    @(19516 mils, 7227 mils): Symbol U17 Pin 5 [GND, Power input, Line]
[pin_not_connected]: Pin not connected
    ; error
    @(19516 mils, 7427 mils): Symbol U17 Pin 7 [PDM_DATA0, Input, Line]
[pin_not_driven]: Input pin not driven by any Output pins
    ; error
    @(19516 mils, 7427 mils): Symbol U17 Pin 7 [PDM_DATA0, Input, Line]
[pin_not_connected]: Pin not connected
    ; error
    @(19516 mils, 7527 mils): Symbol U17 Pin 8 [BCLK0, Bidirectional, Line]
[pin_not_connected]: Pin not connected
    ; error
    @(19516 mils, 7627 mils): Symbol U17 Pin 9 [LRCLK0, Bidirectional, Line]
[pin_not_connected]: Pin not connected
    ; error
    @(19516 mils, 7727 mils): Symbol U17 Pin 10 [SDATA_OUT0, Output, Line]
[pin_not_connected]: Pin not connected
    ; error
    @(19516 mils, 7827 mils): Symbol U17 Pin 11 [SCL, Bidirectional, Line]
[pin_not_driven]: Input pin not driven by any Output pins
    ; error
    @(19516 mils, 8027 mils): Symbol U17 Pin 13 [~RESET, Input, Line]
[pin_not_connected]: Pin not connected
    ; error
    @(19516 mils, 8127 mils): Symbol U17 Pin 14 [CLATCH, Input, Line]
[pin_not_driven]: Input pin not driven by any Output pins
    ; error
    @(19516 mils, 8127 mils): Symbol U17 Pin 14 [CLATCH, Input, Line]
[pin_not_connected]: Pin not connected
    ; error
    @(19516 mils, 8227 mils): Symbol U17 Pin 15 [MP0_BOOT, Input, Line]
[pin_not_driven]: Input pin not driven by any Output pins
    ; error
    @(19516 mils, 8227 mils): Symbol U17 Pin 15 [MP0_BOOT, Input, Line]
[pin_not_connected]: Pin not connected
    ; error
    @(19516 mils, 8327 mils): Symbol U17 Pin 16 [XTALI, Passive, Line]
[pin_not_connected]: Pin not connected
    ; error
    @(19516 mils, 8427 mils): Symbol U17 Pin 17 [XTALO, Passive, Line]
[pin_not_connected]: Pin not connected
    ; error
    @(19516 mils, 25261 mils): Symbol U3 Pin 27 [GND, Power input, Line]
[power_pin_not_driven]: Input Power pin not driven by any Output Power pins
    ; error
    @(19516 mils, 25261 mils): Symbol U3 Pin 27 [GND, Power input, Line]
[pin_not_connected]: Pin not connected
    ; error
    @(19916 mils, 23061 mils): Symbol U3 Pin 4 [BTST1, Passive, Line]
[pin_not_connected]: Pin not connected
    ; error
    @(19916 mils, 23261 mils): Symbol U3 Pin 28 [SW1, Power output, Line]
[pin_not_connected]: Pin not connected
    ; error
    @(19916 mils, 23661 mils): Symbol U3 Pin 26 [SW2, Power output, Line]
[pin_not_connected]: Pin not connected
    ; error
    @(19916 mils, 24061 mils): Symbol U3 Pin 1 [STAT, Open collector, Line]
[pin_not_connected]: Pin not connected
    ; error
    @(19916 mils, 24461 mils): Symbol U3 Pin 25 [SYS, Power output, Line]
[pin_not_connected]: Pin not connected
    ; error
    @(19916 mils, 24661 mils): Symbol U3 Pin 22 [BAT, Power output, Line]
[pin_not_connected]: Pin not connected
    ; error
    @(19916 mils, 24861 mils): Symbol U3 Pin 24 [SDRV, Output, Line]
[pin_not_connected]: Pin not connected
    ; error
    @(19916 mils, 25061 mils): Symbol U3 Pin 18 [BATP, Input, Line]
[pin_not_driven]: Input pin not driven by any Output pins
    ; error
    @(19916 mils, 25061 mils): Symbol U3 Pin 18 [BATP, Input, Line]
[pin_not_connected]: Pin not connected
    ; error
    @(20319 mils, 24646 mils): Symbol R4 Pin 1 [Passive, Line]
[pin_not_connected]: Pin not connected
    ; error
    @(20319 mils, 24946 mils): Symbol R4 Pin 2 [Passive, Line]
[pin_not_connected]: Pin not connected
    ; error
    @(20628 mils, 25176 mils): Symbol L2 Pin 1 [1, Passive, Line]
[pin_not_driven]: Input pin not driven by any Output pins
    ; error
    @(20739 mils, 24619 mils): Symbol Q1 Pin 1 [G, Input, Line]
[power_pin_not_driven]: Input Power pin not driven by any Output Power pins
    ; error
    @(20878 mils, 6907 mils): Symbol #PWR216 Pin 1 [GND, Power input, Line]
[power_pin_not_driven]: Input Power pin not driven by any Output Power pins
    ; error
    @(20878 mils, 7507 mils): Symbol #PWR215 Pin 1 [+3V3, Power input, Line]
[pin_not_connected]: Pin not connected
    ; error
    @(20908 mils, 7750 mils): Symbol MK1 Pin 2 [VDD, Power input, Line]
[power_pin_not_driven]: Input Power pin not driven by any Output Power pins
    ; error
    @(20908 mils, 7750 mils): Symbol MK1 Pin 2 [VDD, Power input, Line]
[pin_not_connected]: Pin not connected
    ; error
    @(20908 mils, 8350 mils): Symbol MK1 Pin 5 [GND, Power input, Line]
[power_pin_not_driven]: Input Power pin not driven by any Output Power pins
    ; error
    @(20908 mils, 8350 mils): Symbol MK1 Pin 5 [GND, Power input, Line]
[pin_not_connected]: Pin not connected
    ; error
    @(21039 mils, 24819 mils): Symbol Q1 Pin 2 [S, Passive, Line]
[power_pin_not_driven]: Input Power pin not driven by any Output Power pins
    ; error
    @(21122 mils, 24880 mils): Symbol #PWR047 Pin 1 [GND, Power input, Line]
[power_pin_not_driven]: Input Power pin not driven by any Output Power pins
    ; error
    @(21122 mils, 25480 mils): Symbol #PWR046 Pin 1 [VBUS_PD, Power input, Line]
[pin_not_driven]: Input pin not driven by any Output pins
    ; error
    @(21308 mils, 8050 mils): Symbol MK1 Pin 3 [CLOCK, Input, Line]
[pin_not_connected]: Pin not connected
    ; error
    @(21308 mils, 8150 mils): Symbol MK1 Pin 1 [DATA, Output, Line]
[pin_not_connected]: Pin not connected
    ; error
    @(21676 mils, 11195 mils): Symbol J16 Pin 1 [Pin_1, Passive, Line]
[pin_not_connected]: Pin not connected
    ; error
    @(21676 mils, 11295 mils): Symbol J16 Pin 2 [Pin_2, Passive, Line]
[pin_not_connected]: Pin not connected
    ; error
    @(21676 mils, 11395 mils): Symbol J16 Pin 3 [Pin_3, Passive, Line]
[pin_not_connected]: Pin not connected
    ; error
    @(21676 mils, 11495 mils): Symbol J16 Pin 4 [Pin_4, Passive, Line]
[wire_dangling]: Wires not connected to anything
    ; error
    @(21703 mils, 9873 mils): Vertical Wire, length 6746 mils
    @(21703 mils, 9873 mils): Horizontal Wire, length 2623 mils
[power_pin_not_driven]: Input Power pin not driven by any Output Power pins
    ; error
    @(21767 mils, 24645 mils): Symbol #PWR050 Pin 1 [GND, Power input, Line]
[power_pin_not_driven]: Input Power pin not driven by any Output Power pins
    ; error
    @(21767 mils, 25245 mils): Symbol #PWR049 Pin 1 [PMID_NET, Power input, Line]
[pin_not_connected]: Pin not connected
    ; error
    @(21906 mils, 2953 mils): Symbol J11 Pin 1 [Pin_1, Passive, Line]
[pin_not_connected]: Pin not connected
    ; error
    @(22342 mils, 2152 mils): Symbol C52 Pin 1 [Passive, Line]
[power_pin_not_driven]: Input Power pin not driven by any Output Power pins
    ; error
    @(22395 mils, 24366 mils): Symbol #PWR052 Pin 1 [GND, Power input, Line]
[power_pin_not_driven]: Input Power pin not driven by any Output Power pins
    ; error
    @(22395 mils, 24966 mils): Symbol #PWR051 Pin 1 [PMID_NET, Power input, Line]
[pin_not_connected]: Pin not connected
    ; error
    @(22822 mils, 9197 mils): Symbol R39 Pin 2 [Passive, Line]
[power_pin_not_driven]: Input Power pin not driven by any Output Power pins
    ; error
    @(22950 mils, 24364 mils): Symbol #PWR098 Pin 1 [GND, Power input, Line]
[pin_not_connected]: Pin not connected
    ; error
    @(22994 mils, 12767 mils): Symbol J17 Pin 1 [Pin_1, Passive, Line]
[pin_not_connected]: Pin not connected
    ; error
    @(22994 mils, 12867 mils): Symbol J17 Pin 2 [Pin_2, Passive, Line]
[pin_not_connected]: Pin not connected
    ; error
    @(22994 mils, 12967 mils): Symbol J17 Pin 3 [Pin_3, Passive, Line]
[pin_not_connected]: Pin not connected
    ; error
    @(22994 mils, 13067 mils): Symbol J17 Pin 4 [Pin_4, Passive, Line]
[pin_not_connected]: Pin not connected
    ; error
    @(23100 mils, 24600 mils): Symbol R18 Pin 1 [Passive, Line]
[power_pin_not_driven]: Input Power pin not driven by any Output Power pins
    ; error
    @(23100 mils, 25050 mils): Symbol #PWR097 Pin 1 [VBAT, Power input, Line]
[pin_not_connected]: Pin not connected
    ; error
    @(23250 mils, 24514 mils): Symbol D3 Pin 2 [A, Passive, Line]
[label_dangling]: Label not connected
    ; error
    @(23320 mils, 24600 mils): Label 'TIE_R18_2_D3_1'
[pin_not_connected]: Pin not connected
    ; error
    @(23526 mils, 9673 mils): Symbol U9 Pin 8 [Vbus, Input, Line]
[pin_not_driven]: Input pin not driven by any Output pins
    ; error
    @(23526 mils, 9673 mils): Symbol U9 Pin 8 [Vbus, Input, Line]
[pin_not_connected]: Pin not connected
    ; error
    @(23526 mils, 10073 mils): Symbol U9 Pin 10 [Vin+, Input, Line]
[pin_not_driven]: Input pin not driven by any Output pins
    ; error
    @(23526 mils, 10073 mils): Symbol U9 Pin 10 [Vin+, Input, Line]
[pin_not_connected]: Pin not connected
    ; error
    @(23526 mils, 10173 mils): Symbol U9 Pin 9 [Vin-, Input, Line]
[pin_not_driven]: Input pin not driven by any Output pins
    ; error
    @(23526 mils, 10173 mils): Symbol U9 Pin 9 [Vin-, Input, Line]
[power_pin_not_driven]: Input Power pin not driven by any Output Power pins
    ; error
    @(23611 mils, 9358 mils): Symbol #PWR141 Pin 1 [GND, Power input, Line]
[power_pin_not_driven]: Input Power pin not driven by any Output Power pins
    ; error
    @(23611 mils, 9958 mils): Symbol #PWR140 Pin 1 [+3V3, Power input, Line]
[pin_not_connected]: Pin not connected
    ; error
    @(23689 mils, 7596 mils): Symbol D5 Pin 1 [K, Passive, Line]
[power_pin_not_driven]: Input Power pin not driven by any Output Power pins
    ; error
    @(23689 mils, 23893 mils): Symbol #PWR100 Pin 1 [GND, Power input, Line]
[pin_not_connected]: Pin not connected
    ; error
    @(23839 mils, 7682 mils): Symbol R25 Pin 1 [Passive, Line]
[power_pin_not_driven]: Input Power pin not driven by any Output Power pins
    ; error
    @(23839 mils, 8132 mils): Symbol #PWR142 Pin 1 [+3V3, Power input, Line]
[pin_not_connected]: Pin not connected
    ; error
    @(23839 mils, 24129 mils): Symbol R19 Pin 1 [Passive, Line]
[power_pin_not_driven]: Input Power pin not driven by any Output Power pins
    ; error
    @(23839 mils, 24579 mils): Symbol #PWR099 Pin 1 [+3V3, Power input, Line]
[label_dangling]: Label not connected
    ; error
    @(23908 mils, 7596 mils): Label 'TIE_D5_2_U8_3'
[pin_not_connected]: Pin not connected
    ; error
    @(23926 mils, 9473 mils): Symbol U9 Pin 6 [VS, Power input, Line]
[power_pin_not_driven]: Input Power pin not driven by any Output Power pins
    ; error
    @(23926 mils, 9473 mils): Symbol U9 Pin 6 [VS, Power input, Line]
[pin_not_connected]: Pin not connected
    ; error
    @(23926 mils, 10473 mils): Symbol U9 Pin 7 [GND, Power input, Line]
[power_pin_not_driven]: Input Power pin not driven by any Output Power pins
    ; error
    @(23926 mils, 10473 mils): Symbol U9 Pin 7 [GND, Power input, Line]
[pin_not_connected]: Pin not connected
    ; error
    @(23989 mils, 7596 mils): Symbol D5 Pin 2 [A, Passive, Line]
[pin_not_connected]: Pin not connected
    ; error
    @(23989 mils, 24043 mils): Symbol D4 Pin 2 [A, Passive, Line]
[label_dangling]: Label not connected
    ; error
    @(24058 mils, 7682 mils): Label 'TIE_R25_2_D5_1'
[label_dangling]: Label not connected
    ; error
    @(24058 mils, 24129 mils): Label 'TIE_R19_2_D4_1'
[pin_not_connected]: Pin not connected
    ; error
    @(24326 mils, 9773 mils): Symbol U9 Pin 2 [A0, Input, Line]
[pin_not_driven]: Input pin not driven by any Output pins
    ; error
    @(24326 mils, 9773 mils): Symbol U9 Pin 2 [A0, Input, Line]
[pin_not_connected]: Pin not connected
    ; error
    @(24326 mils, 9973 mils): Symbol U9 Pin 4 [SDA, Bidirectional, Line]
[pin_not_connected]: Pin not connected
    ; error
    @(24326 mils, 10073 mils): Symbol U9 Pin 5 [SCL, Input, Line]
[pin_not_driven]: Input pin not driven by any Output pins
    ; error
    @(24326 mils, 10073 mils): Symbol U9 Pin 5 [SCL, Input, Line]
[pin_not_connected]: Pin not connected
    ; error
    @(24326 mils, 10273 mils): Symbol U9 Pin 3 [~{Alert}, Open collector, Line]
[pin_not_connected]: Pin not connected
    ; error
    @(24553 mils, 20561 mils): Symbol Y1 Pin 1 [OE, Input, Line]
[pin_not_driven]: Input pin not driven by any Output pins
    ; error
    @(24553 mils, 20561 mils): Symbol Y1 Pin 1 [OE, Input, Line]
[pin_not_connected]: Pin not connected
    ; error
    @(24841 mils, 11385 mils): Symbol U8 Pin 8 [Vbus, Input, Line]
[pin_not_driven]: Input pin not driven by any Output pins
    ; error
    @(24841 mils, 11385 mils): Symbol U8 Pin 8 [Vbus, Input, Line]
[pin_not_connected]: Pin not connected
    ; error
    @(24841 mils, 11785 mils): Symbol U8 Pin 10 [Vin+, Input, Line]
[pin_not_driven]: Input pin not driven by any Output pins
    ; error
    @(24841 mils, 11785 mils): Symbol U8 Pin 10 [Vin+, Input, Line]
[pin_not_connected]: Pin not connected
    ; error
    @(24841 mils, 11885 mils): Symbol U8 Pin 9 [Vin-, Input, Line]
[pin_not_driven]: Input pin not driven by any Output pins
    ; error
    @(24841 mils, 11885 mils): Symbol U8 Pin 9 [Vin-, Input, Line]
[pin_not_connected]: Pin not connected
    ; error
    @(24841 mils, 19653 mils): Symbol U7 Pin 1 [~{CE}, Input, Line]
[pin_not_driven]: Input pin not driven by any Output pins
    ; error
    @(24841 mils, 19653 mils): Symbol U7 Pin 1 [~{CE}, Input, Line]
[pin_not_connected]: Pin not connected
    ; error
    @(24841 mils, 19753 mils): Symbol U7 Pin 6 [SCLK, Input, Line]
[pin_not_driven]: Input pin not driven by any Output pins
    ; error
    @(24841 mils, 19753 mils): Symbol U7 Pin 6 [SCLK, Input, Line]
[pin_not_connected]: Pin not connected
    ; error
    @(24841 mils, 19853 mils): Symbol U7 Pin 5 [SI/SIO0, Bidirectional, Line]
[pin_not_connected]: Pin not connected
    ; error
    @(24841 mils, 19953 mils): Symbol U7 Pin 2 [SO/SIO1, Bidirectional, Line]
[pin_not_connected]: Pin not connected
    ; error
    @(24841 mils, 20053 mils): Symbol U7 Pin 3 [SIO2, Bidirectional, Line]
[pin_not_connected]: Pin not connected
    ; error
    @(24841 mils, 20153 mils): Symbol U7 Pin 7 [SIO3, Bidirectional, Line]
[pin_not_connected]: Pin not connected
    ; error
    @(24853 mils, 20261 mils): Symbol Y1 Pin 4 [Vcc, Power input, Line]
[power_pin_not_driven]: Input Power pin not driven by any Output Power pins
    ; error
    @(24853 mils, 20261 mils): Symbol Y1 Pin 4 [Vcc, Power input, Line]
[pin_not_connected]: Pin not connected
    ; error
    @(24853 mils, 20861 mils): Symbol Y1 Pin 2 [GND, Power input, Line]
[power_pin_not_driven]: Input Power pin not driven by any Output Power pins
    ; error
    @(24853 mils, 20861 mils): Symbol Y1 Pin 2 [GND, Power input, Line]
[power_pin_not_driven]: Input Power pin not driven by any Output Power pins
    ; error
    @(24926 mils, 11070 mils): Symbol #PWR133 Pin 1 [GND, Power input, Line]
[power_pin_not_driven]: Input Power pin not driven by any Output Power pins
    ; error
    @(24926 mils, 11670 mils): Symbol #PWR132 Pin 1 [+3V3, Power input, Line]
[pin_not_connected]: Pin not connected
    ; error
    @(25107 mils, 9587 mils): Symbol R24 Pin 1 [Passive, Line]
[pin_not_connected]: Pin not connected
    ; error
    @(25107 mils, 9887 mils): Symbol R24 Pin 2 [Passive, Line]
[pin_not_connected]: Pin not connected
    ; error
    @(25107 mils, 10281 mils): Symbol R23 Pin 2 [Passive, Line]
[pin_not_connected]: Pin not connected
    ; error
    @(25153 mils, 20561 mils): Symbol Y1 Pin 3 [OUT, Output, Line]
[pin_not_connected]: Pin not connected
    ; error
    @(25241 mils, 11185 mils): Symbol U8 Pin 6 [VS, Power input, Line]
[power_pin_not_driven]: Input Power pin not driven by any Output Power pins
    ; error
    @(25241 mils, 11185 mils): Symbol U8 Pin 6 [VS, Power input, Line]
[pin_not_connected]: Pin not connected
    ; error
    @(25241 mils, 12185 mils): Symbol U8 Pin 7 [GND, Power input, Line]
[power_pin_not_driven]: Input Power pin not driven by any Output Power pins
    ; error
    @(25241 mils, 12185 mils): Symbol U8 Pin 7 [GND, Power input, Line]
[pin_not_connected]: Pin not connected
    ; error
    @(25241 mils, 19453 mils): Symbol U7 Pin 8 [VDD, Power input, Line]
[power_pin_not_driven]: Input Power pin not driven by any Output Power pins
    ; error
    @(25241 mils, 19453 mils): Symbol U7 Pin 8 [VDD, Power input, Line]
[pin_not_connected]: Pin not connected
    ; error
    @(25241 mils, 20453 mils): Symbol U7 Pin 4 [VSS, Power input, Line]
[power_pin_not_driven]: Input Power pin not driven by any Output Power pins
    ; error
    @(25241 mils, 20453 mils): Symbol U7 Pin 4 [VSS, Power input, Line]
[pin_not_connected]: Pin not connected
    ; error
    @(25341 mils, 20453 mils): Symbol U7 Pin 9 [EPAD, Passive, Line]
[pin_not_connected]: Pin not connected
    ; error
    @(25526 mils, 9852 mils): Symbol R31 Pin 1 [Passive, Line]
[pin_not_connected]: Pin not connected
    ; error
    @(25526 mils, 10152 mils): Symbol R31 Pin 2 [Passive, Line]
[pin_not_connected]: Pin not connected
    ; error
    @(25558 mils, 4754 mils): Symbol J12 Pin 1 [Pin_1, Passive, Line]
[pin_not_connected]: Pin not connected
    ; error
    @(25641 mils, 11485 mils): Symbol U8 Pin 2 [A0, Input, Line]
[pin_not_driven]: Input pin not driven by any Output pins
    ; error
    @(25641 mils, 11485 mils): Symbol U8 Pin 2 [A0, Input, Line]
[pin_not_connected]: Pin not connected
    ; error
    @(25641 mils, 11685 mils): Symbol U8 Pin 4 [SDA, Bidirectional, Line]
[pin_not_connected]: Pin not connected
    ; error
    @(25641 mils, 11785 mils): Symbol U8 Pin 5 [SCL, Input, Line]
[pin_not_driven]: Input pin not driven by any Output pins
    ; error
    @(25641 mils, 11785 mils): Symbol U8 Pin 5 [SCL, Input, Line]
[pin_not_connected]: Pin not connected
    ; error
    @(25641 mils, 11985 mils): Symbol U8 Pin 3 [~{Alert}, Open collector, Line]
[pin_not_connected]: Pin not connected
    ; error
    @(25666 mils, 17659 mils): Symbol U6 Pin 1 [~{CS}, Input, Line]
[pin_not_driven]: Input pin not driven by any Output pins
    ; error
    @(25666 mils, 17659 mils): Symbol U6 Pin 1 [~{CS}, Input, Line]
[pin_not_connected]: Pin not connected
    ; error
    @(25666 mils, 17759 mils): Symbol U6 Pin 6 [CLK, Input, Line]
[pin_not_driven]: Input pin not driven by any Output pins
    ; error
    @(25666 mils, 17759 mils): Symbol U6 Pin 6 [CLK, Input, Line]
[pin_not_connected]: Pin not connected
    ; error
    @(25666 mils, 17859 mils): Symbol U6 Pin 5 [DI/IO_{0}, Bidirectional, Line]
[pin_not_connected]: Pin not connected
    ; error
    @(25666 mils, 17959 mils): Symbol U6 Pin 2 [DO/IO_{1}, Bidirectional, Line]
[pin_not_connected]: Pin not connected
    ; error
    @(25666 mils, 18059 mils): Symbol U6 Pin 3 [~{WP}/IO_{2}, Bidirectional, Line]
[pin_not_connected]: Pin not connected
    ; error
    @(25666 mils, 18159 mils): Symbol U6 Pin 7 [~{HOLD}/~{RESET}/IO_{3}, Bidirectional, Line]
[wire_dangling]: Wires not connected to anything
    ; error
    @(25666 mils, 18259 mils): Horizontal Wire, length 4293 mils
    @(21373 mils, 15919 mils): Vertical Wire, length 2340 mils
[pin_not_connected]: Pin not connected
    ; error
    @(25774 mils, 9958 mils): Symbol R32 Pin 2 [Passive, Line]
[power_pin_not_driven]: Input Power pin not driven by any Output Power pins
    ; error
    @(25926 mils, 20422 mils): Symbol #PWR105 Pin 1 [GND, Power input, Line]
[power_pin_not_driven]: Input Power pin not driven by any Output Power pins
    ; error
    @(25926 mils, 21022 mils): Symbol #PWR104 Pin 1 [+3V3, Power input, Line]
[pin_not_connected]: Pin not connected
    ; error
    @(26066 mils, 17459 mils): Symbol U6 Pin 8 [VCC, Power input, Line]
[power_pin_not_driven]: Input Power pin not driven by any Output Power pins
    ; error
    @(26066 mils, 17459 mils): Symbol U6 Pin 8 [VCC, Power input, Line]
[pin_not_connected]: Pin not connected
    ; error
    @(26066 mils, 18459 mils): Symbol U6 Pin 4 [GND, Power input, Line]
[power_pin_not_driven]: Input Power pin not driven by any Output Power pins
    ; error
    @(26066 mils, 18459 mils): Symbol U6 Pin 4 [GND, Power input, Line]
[power_pin_not_driven]: Input Power pin not driven by any Output Power pins
    ; error
    @(26093 mils, 20526 mils): Symbol #PWR114 Pin 1 [GND, Power input, Line]
[power_pin_not_driven]: Input Power pin not driven by any Output Power pins
    ; error
    @(26093 mils, 21126 mils): Symbol #PWR113 Pin 1 [+3V3, Power input, Line]
[pin_not_connected]: Pin not connected
    ; error
    @(26210 mils, 4059 mils): Symbol C53 Pin 1 [Passive, Line]
[pin_not_connected]: Pin not connected
    ; error
    @(26222 mils, 14233 mils): Symbol C9 Pin 1 [Passive, Line]
[pin_not_connected]: Pin not connected
    ; error
    @(26222 mils, 14533 mils): Symbol C9 Pin 2 [Passive, Line]
[pin_not_connected]: Pin not connected
    ; error
    @(26317 mils, 14949 mils): Symbol R2 Pin 1 [Passive, Line]
[pin_not_connected]: Pin not connected
    ; error
    @(26317 mils, 15249 mils): Symbol R2 Pin 2 [Passive, Line]
[pin_not_connected]: Pin not connected
    ; error
    @(26422 mils, 11299 mils): Symbol R22 Pin 1 [Passive, Line]
[pin_not_connected]: Pin not connected
    ; error
    @(26422 mils, 11599 mils): Symbol R22 Pin 2 [Passive, Line]
[pin_not_connected]: Pin not connected
    ; error
    @(26422 mils, 11993 mils): Symbol R21 Pin 2 [Passive, Line]
[pin_not_connected]: Pin not connected
    ; error
    @(26817 mils, 13425 mils): Symbol SW1 Pin 1 [1, Passive, Line]
[pin_not_connected]: Pin not connected
    ; error
    @(27217 mils, 13425 mils): Symbol SW1 Pin 2 [2, Passive, Line]
[power_pin_not_driven]: Input Power pin not driven by any Output Power pins
    ; error
    @(27323 mils, 17484 mils): Symbol #PWR109 Pin 1 [GND, Power input, Line]
[power_pin_not_driven]: Input Power pin not driven by any Output Power pins
    ; error
    @(27323 mils, 18084 mils): Symbol #PWR108 Pin 1 [+3V3, Power input, Line]
[pin_not_connected]: Pin not connected
    ; error
    @(27514 mils, 11227 mils): Symbol J1 Pin 1 [Pin_1, Passive, Line]
[pin_not_connected]: Pin not connected
    ; error
    @(27514 mils, 11327 mils): Symbol J1 Pin 3 [Pin_3, Passive, Line]
[pin_not_connected]: Pin not connected
    ; error
    @(27514 mils, 11427 mils): Symbol J1 Pin 5 [Pin_5, Passive, Line]
[pin_not_connected]: Pin not connected
    ; error
    @(28014 mils, 11327 mils): Symbol J1 Pin 4 [Pin_4, Passive, Line]
[pin_not_connected]: Pin not connected
    ; error
    @(28014 mils, 11427 mils): Symbol J1 Pin 6 [Pin_6, Passive, Line]
[pin_not_connected]: Pin not connected
    ; error
    @(28500 mils, 7570 mils): Symbol J13 Pin 1 [Pin_1, Passive, Line]
[pin_not_connected]: Pin not connected
    ; error
    @(29325 mils, 7041 mils): Symbol C54 Pin 1 [Passive, Line]
[power_pin_not_driven]: Input Power pin not driven by any Output Power pins
    ; error
    @(29396 mils, 20091 mils): Symbol #PWR121 Pin 1 [GND, Power input, Line]
[power_pin_not_driven]: Input Power pin not driven by any Output Power pins
    ; error
    @(29396 mils, 20691 mils): Symbol #PWR120 Pin 1 [+3V3, Power input, Line]
[pin_not_connected]: Pin not connected
    ; error
    @(29759 mils, 19998 mils): Symbol J4 Pin 1 [DAT2, Bidirectional, Line]
[pin_not_connected]: Pin not connected
    ; error
    @(29759 mils, 20098 mils): Symbol J4 Pin 2 [DAT3/CD, Bidirectional, Line]
[pin_not_connected]: Pin not connected
    ; error
    @(29759 mils, 20198 mils): Symbol J4 Pin 3 [CMD, Input, Line]
[pin_not_driven]: Input pin not driven by any Output pins
    ; error
    @(29759 mils, 20198 mils): Symbol J4 Pin 3 [CMD, Input, Line]
[pin_not_connected]: Pin not connected
    ; error
    @(29759 mils, 20298 mils): Symbol J4 Pin 4 [VDD, Power input, Line]
[power_pin_not_driven]: Input Power pin not driven by any Output Power pins
    ; error
    @(29759 mils, 20298 mils): Symbol J4 Pin 4 [VDD, Power input, Line]
[pin_not_connected]: Pin not connected
    ; error
    @(29759 mils, 20398 mils): Symbol J4 Pin 5 [CLK, Input, Line]
[pin_not_driven]: Input pin not driven by any Output pins
    ; error
    @(29759 mils, 20398 mils): Symbol J4 Pin 5 [CLK, Input, Line]
[pin_not_connected]: Pin not connected
    ; error
    @(29759 mils, 20498 mils): Symbol J4 Pin 6 [VSS, Power input, Line]
[power_pin_not_driven]: Input Power pin not driven by any Output Power pins
    ; error
    @(29759 mils, 20498 mils): Symbol J4 Pin 6 [VSS, Power input, Line]
[pin_not_connected]: Pin not connected
    ; error
    @(29759 mils, 20598 mils): Symbol J4 Pin 7 [DAT0, Bidirectional, Line]
[pin_not_connected]: Pin not connected
    ; error
    @(29759 mils, 20798 mils): Symbol J4 Pin 10 [DET_A, Passive, Line]
[pin_not_connected]: Pin not connected
    ; error
    @(29759 mils, 20898 mils): Symbol J4 Pin 9 [DET_B, Passive, Line]
[power_pin_not_driven]: Input Power pin not driven by any Output Power pins
    ; error
    @(30278 mils, 15945 mils): Symbol #PWR125 Pin 1 [GND, Power input, Line]
[power_pin_not_driven]: Input Power pin not driven by any Output Power pins
    ; error
    @(30278 mils, 16545 mils): Symbol #PWR124 Pin 1 [+3V3, Power input, Line]
[pin_not_connected]: Pin not connected
    ; error
    @(30459 mils, 11141 mils): Symbol J14 Pin 1 [Pin_1, Passive, Line]
[pin_not_connected]: Pin not connected
    ; error
    @(31039 mils, 20905 mils): Symbol R20 Pin 1 [Passive, Line]
[pin_not_connected]: Pin not connected
    ; error
    @(31039 mils, 21205 mils): Symbol R20 Pin 2 [Passive, Line]
[pin_not_connected]: Pin not connected
    ; error
    @(31266 mils, 15219 mils): Symbol J5 Pin 1 [Pin_1, Passive, Line]
[pin_not_connected]: Pin not connected
    ; error
    @(31266 mils, 16119 mils): Symbol J5 Pin 10 [Pin_10, Passive, Line]
[pin_not_connected]: Pin not connected
    ; error
    @(31266 mils, 16219 mils): Symbol J5 Pin 11 [Pin_11, Passive, Line]
[pin_not_connected]: Pin not connected
    ; error
    @(31266 mils, 16319 mils): Symbol J5 Pin 12 [Pin_12, Passive, Line]
[pin_not_connected]: Pin not connected
    ; error
    @(31266 mils, 16519 mils): Symbol J5 Pin 14 [Pin_14, Passive, Line]
[pin_not_connected]: Pin not connected
    ; error
    @(31399 mils, 10822 mils): Symbol C55 Pin 1 [Passive, Line]
[pin_not_connected]: Pin not connected
    ; error
    @(31459 mils, 20898 mils): Symbol J4 Pin SH [SHIELD, Passive, Line]
[endpoint_off_grid]: Symbol pin or wire end off connection grid
    ; warning
    @(4762 mils, 10822 mils): Symbol C47 Pin 1 [Passive, Line]
[lib_symbol_issues]: The symbol library 'Device' was not found at '/Users/swaroopsahoo/Library/Mobile Documents/iCloud~md~obsidian/Documents/Skylight/Projects/Skylight/WYVERN/WYVERN-E/WYVERN Project/PCB/Ring76_KiCAD/Device.kicad_sym'
    ; warning
    @(4762 mils, 10972 mils): Symbol C47 [C]
[endpoint_off_grid]: Symbol pin or wire end off connection grid
    ; warning
    @(4762 mils, 11122 mils): Horizontal Wire, length 270 mils
[endpoint_off_grid]: Symbol pin or wire end off connection grid
    ; warning
    @(5032 mils, 11122 mils): Vertical Wire, length 119 mils
[endpoint_off_grid]: Symbol pin or wire end off connection grid
    ; warning
    @(5032 mils, 11241 mils): Horizontal Wire, length 270 mils
[endpoint_off_grid]: Symbol pin or wire end off connection grid
    ; warning
    @(5302 mils, 11141 mils): Symbol J6 Pin 1 [Pin_1, Passive, Line]
[lib_symbol_issues]: The symbol library 'Connector_Generic' was not found at '/Users/swaroopsahoo/Library/Mobile Documents/iCloud~md~obsidian/Documents/Skylight/Projects/Skylight/WYVERN/WYVERN-E/WYVERN Project/PCB/Ring76_KiCAD/Connector_Generic.kicad_sym'
    ; warning
    @(5502 mils, 11241 mils): Symbol J6 [Conn_01x03]
[endpoint_off_grid]: Symbol pin or wire end off connection grid
    ; warning
    @(6836 mils, 7041 mils): Symbol C48 Pin 1 [Passive, Line]
[lib_symbol_issues]: The symbol library 'Device' was not found at '/Users/swaroopsahoo/Library/Mobile Documents/iCloud~md~obsidian/Documents/Skylight/Projects/Skylight/WYVERN/WYVERN-E/WYVERN Project/PCB/Ring76_KiCAD/Device.kicad_sym'
    ; warning
    @(6836 mils, 7191 mils): Symbol C48 [C]
[endpoint_off_grid]: Symbol pin or wire end off connection grid
    ; warning
    @(6836 mils, 7341 mils): Horizontal Wire, length 212 mils
[endpoint_off_grid]: Symbol pin or wire end off connection grid
    ; warning
    @(7048 mils, 7341 mils): Vertical Wire, length 329 mils
[endpoint_off_grid]: Symbol pin or wire end off connection grid
    ; warning
    @(7048 mils, 7670 mils): Horizontal Wire, length 212 mils
[endpoint_off_grid]: Symbol pin or wire end off connection grid
    ; warning
    @(7261 mils, 7570 mils): Symbol J7 Pin 1 [Pin_1, Passive, Line]
[lib_symbol_issues]: The symbol library 'Connector_Generic' was not found at '/Users/swaroopsahoo/Library/Mobile Documents/iCloud~md~obsidian/Documents/Skylight/Projects/Skylight/WYVERN/WYVERN-E/WYVERN Project/PCB/Ring76_KiCAD/Connector_Generic.kicad_sym'
    ; warning
    @(7461 mils, 7670 mils): Symbol J7 [Conn_01x03]
[endpoint_off_grid]: Symbol pin or wire end off connection grid
    ; warning
    @(7806 mils, 11341 mils): Horizontal Wire, length 2505 mils
[endpoint_off_grid]: Symbol pin or wire end off connection grid
    ; warning
    @(7806 mils, 12842 mils): Vertical Wire, length 1501 mils
[endpoint_off_grid]: Symbol pin or wire end off connection grid
    ; warning
    @(8333 mils, 17039 mils): Symbol C38 Pin 1 [Passive, Line]
[lib_symbol_issues]: The symbol library 'Device' was not found at '/Users/swaroopsahoo/Library/Mobile Documents/iCloud~md~obsidian/Documents/Skylight/Projects/Skylight/WYVERN/WYVERN-E/WYVERN Project/PCB/Ring76_KiCAD/Device.kicad_sym'
    ; warning
    @(8333 mils, 17189 mils): Symbol C38 [C]
[endpoint_off_grid]: Symbol pin or wire end off connection grid
    ; warning
    @(8415 mils, 25285 mils): Symbol J3 Pin 1 [Pin_1, Passive, Line]
[endpoint_off_grid]: Symbol pin or wire end off connection grid
    ; warning
    @(8415 mils, 25285 mils): Horizontal Wire, length 1666 mils
[lib_symbol_issues]: The symbol library 'Connector_Generic' was not found at '/Users/swaroopsahoo/Library/Mobile Documents/iCloud~md~obsidian/Documents/Skylight/Projects/Skylight/WYVERN/WYVERN-E/WYVERN Project/PCB/Ring76_KiCAD/Connector_Generic.kicad_sym'
    ; warning
    @(8615 mils, 25285 mils): Symbol J3 [Conn_01x02]
[endpoint_off_grid]: Symbol pin or wire end off connection grid
    ; warning
    @(8619 mils, 12956 mils): Symbol C42 Pin 1 [Passive, Line]
[lib_symbol_issues]: The symbol library 'Device' was not found at '/Users/swaroopsahoo/Library/Mobile Documents/iCloud~md~obsidian/Documents/Skylight/Projects/Skylight/WYVERN/WYVERN-E/WYVERN Project/PCB/Ring76_KiCAD/Device.kicad_sym'
    ; warning
    @(8619 mils, 13106 mils): Symbol C42 [C]
[endpoint_off_grid]: Symbol pin or wire end off connection grid
    ; warning
    @(8619 mils, 13256 mils): Horizontal Wire, length 388 mils
[endpoint_off_grid]: Symbol pin or wire end off connection grid
    ; warning
    @(8834 mils, 15196 mils): Symbol #PWR179 Pin 1 [GND, Power input, Line]
[lib_symbol_issues]: The symbol library 'power' was not found at '/Users/swaroopsahoo/Library/Mobile Documents/iCloud~md~obsidian/Documents/Skylight/Projects/Skylight/WYVERN/WYVERN-E/WYVERN Project/PCB/Ring76_KiCAD/power.kicad_sym'
    ; warning
    @(8834 mils, 15196 mils): Symbol #PWR179 [GND]
[endpoint_off_grid]: Symbol pin or wire end off connection grid
    ; warning
    @(8834 mils, 15346 mils): Symbol C40 Pin 1 [Passive, Line]
[endpoint_off_grid]: Symbol pin or wire end off connection grid
    ; warning
    @(8834 mils, 15346 mils): Vertical Wire, length 150 mils
[lib_symbol_issues]: The symbol library 'Device' was not found at '/Users/swaroopsahoo/Library/Mobile Documents/iCloud~md~obsidian/Documents/Skylight/Projects/Skylight/WYVERN/WYVERN-E/WYVERN Project/PCB/Ring76_KiCAD/Device.kicad_sym'
    ; warning
    @(8834 mils, 15496 mils): Symbol C40 [C]
[endpoint_off_grid]: Symbol pin or wire end off connection grid
    ; warning
    @(8834 mils, 15646 mils): Vertical Wire, length 150 mils
[endpoint_off_grid]: Symbol pin or wire end off connection grid
    ; warning
    @(8834 mils, 15796 mils): Symbol #PWR178 Pin 1 [+3V3, Power input, Line]
[lib_symbol_issues]: The symbol library 'power' was not found at '/Users/swaroopsahoo/Library/Mobile Documents/iCloud~md~obsidian/Documents/Skylight/Projects/Skylight/WYVERN/WYVERN-E/WYVERN Project/PCB/Ring76_KiCAD/power.kicad_sym'
    ; warning
    @(8834 mils, 15796 mils): Symbol #PWR178 [+3V3]
[endpoint_off_grid]: Symbol pin or wire end off connection grid
    ; warning
    @(8919 mils, 16807 mils): Symbol #PWR169 Pin 1 [GND, Power input, Line]
[lib_symbol_issues]: The symbol library 'power' was not found at '/Users/swaroopsahoo/Library/Mobile Documents/iCloud~md~obsidian/Documents/Skylight/Projects/Skylight/WYVERN/WYVERN-E/WYVERN Project/PCB/Ring76_KiCAD/power.kicad_sym'
    ; warning
    @(8919 mils, 16807 mils): Symbol #PWR169 [GND]
[endpoint_off_grid]: Symbol pin or wire end off connection grid
    ; warning
    @(8919 mils, 16957 mils): Vertical Wire, length 150 mils
[endpoint_off_grid]: Symbol pin or wire end off connection grid
    ; warning
    @(8919 mils, 16957 mils): Symbol C37 Pin 1 [Passive, Line]
[lib_symbol_issues]: The symbol library 'Device' was not found at '/Users/swaroopsahoo/Library/Mobile Documents/iCloud~md~obsidian/Documents/Skylight/Projects/Skylight/WYVERN/WYVERN-E/WYVERN Project/PCB/Ring76_KiCAD/Device.kicad_sym'
    ; warning
    @(8919 mils, 17107 mils): Symbol C37 [C]
[endpoint_off_grid]: Symbol pin or wire end off connection grid
    ; warning
    @(8919 mils, 17257 mils): Vertical Wire, length 150 mils
[endpoint_off_grid]: Symbol pin or wire end off connection grid
    ; warning
    @(8919 mils, 17407 mils): Symbol #PWR168 Pin 1 [+3V3, Power input, Line]
[lib_symbol_issues]: The symbol library 'power' was not found at '/Users/swaroopsahoo/Library/Mobile Documents/iCloud~md~obsidian/Documents/Skylight/Projects/Skylight/WYVERN/WYVERN-E/WYVERN Project/PCB/Ring76_KiCAD/power.kicad_sym'
    ; warning
    @(8919 mils, 17407 mils): Symbol #PWR168 [+3V3]
[endpoint_off_grid]: Symbol pin or wire end off connection grid
    ; warning
    @(9007 mils, 13180 mils): Horizontal Wire, length 388 mils
[endpoint_off_grid]: Symbol pin or wire end off connection grid
    ; warning
    @(9007 mils, 13256 mils): Vertical Wire, length 77 mils
[endpoint_off_grid]: Symbol pin or wire end off connection grid
    ; warning
    @(9103 mils, 17757 mils): Symbol #PWR165 Pin 1 [GND, Power input, Line]
[lib_symbol_issues]: The symbol library 'power' was not found at '/Users/swaroopsahoo/Library/Mobile Documents/iCloud~md~obsidian/Documents/Skylight/Projects/Skylight/WYVERN/WYVERN-E/WYVERN Project/PCB/Ring76_KiCAD/power.kicad_sym'
    ; warning
    @(9103 mils, 17757 mils): Symbol #PWR165 [GND]
[endpoint_off_grid]: Symbol pin or wire end off connection grid
    ; warning
    @(9103 mils, 17907 mils): Vertical Wire, length 150 mils
[endpoint_off_grid]: Symbol pin or wire end off connection grid
    ; warning
    @(9103 mils, 17907 mils): Symbol C36 Pin 1 [Passive, Line]
[lib_symbol_issues]: The symbol library 'Device' was not found at '/Users/swaroopsahoo/Library/Mobile Documents/iCloud~md~obsidian/Documents/Skylight/Projects/Skylight/WYVERN/WYVERN-E/WYVERN Project/PCB/Ring76_KiCAD/Device.kicad_sym'
    ; warning
    @(9103 mils, 18057 mils): Symbol C36 [C]
[endpoint_off_grid]: Symbol pin or wire end off connection grid
    ; warning
    @(9103 mils, 18207 mils): Vertical Wire, length 150 mils
[endpoint_off_grid]: Symbol pin or wire end off connection grid
    ; warning
    @(9103 mils, 18357 mils): Symbol #PWR164 Pin 1 [+3V3, Power input, Line]
[lib_symbol_issues]: The symbol library 'power' was not found at '/Users/swaroopsahoo/Library/Mobile Documents/iCloud~md~obsidian/Documents/Skylight/Projects/Skylight/WYVERN/WYVERN-E/WYVERN Project/PCB/Ring76_KiCAD/power.kicad_sym'
    ; warning
    @(9103 mils, 18357 mils): Symbol #PWR164 [+3V3]
[endpoint_off_grid]: Symbol pin or wire end off connection grid
    ; warning
    @(9109 mils, 15356 mils): Symbol C39 Pin 1 [Passive, Line]
[lib_symbol_issues]: The symbol library 'Device' was not found at '/Users/swaroopsahoo/Library/Mobile Documents/iCloud~md~obsidian/Documents/Skylight/Projects/Skylight/WYVERN/WYVERN-E/WYVERN Project/PCB/Ring76_KiCAD/Device.kicad_sym'
    ; warning
    @(9109 mils, 15506 mils): Symbol C39 [C]
[endpoint_off_grid]: Symbol pin or wire end off connection grid
    ; warning
    @(9109 mils, 15656 mils): Horizontal Wire, length 602 mils
[endpoint_off_grid]: Symbol pin or wire end off connection grid
    ; warning
    @(9187 mils, 18219 mils): Symbol R27 Pin 1 [Passive, Line]
[lib_symbol_issues]: The symbol library 'Device' was not found at '/Users/swaroopsahoo/Library/Mobile Documents/iCloud~md~obsidian/Documents/Skylight/Projects/Skylight/WYVERN/WYVERN-E/WYVERN Project/PCB/Ring76_KiCAD/Device.kicad_sym'
    ; warning
    @(9187 mils, 18369 mils): Symbol R27 [R]
[endpoint_off_grid]: Symbol pin or wire end off connection grid
    ; warning
    @(9187 mils, 18519 mils): Horizontal Wire, length 762 mils
[endpoint_off_grid]: Symbol pin or wire end off connection grid
    ; warning
    @(9233 mils, 12814 mils): Symbol #PWR195 Pin 1 [GND, Power input, Line]
[lib_symbol_issues]: The symbol library 'power' was not found at '/Users/swaroopsahoo/Library/Mobile Documents/iCloud~md~obsidian/Documents/Skylight/Projects/Skylight/WYVERN/WYVERN-E/WYVERN Project/PCB/Ring76_KiCAD/power.kicad_sym'
    ; warning
    @(9233 mils, 12814 mils): Symbol #PWR195 [GND]
[endpoint_off_grid]: Symbol pin or wire end off connection grid
    ; warning
    @(9233 mils, 12964 mils): Symbol C43 Pin 1 [Passive, Line]
[endpoint_off_grid]: Symbol pin or wire end off connection grid
    ; warning
    @(9233 mils, 12964 mils): Vertical Wire, length 150 mils
[lib_symbol_issues]: The symbol library 'Device' was not found at '/Users/swaroopsahoo/Library/Mobile Documents/iCloud~md~obsidian/Documents/Skylight/Projects/Skylight/WYVERN/WYVERN-E/WYVERN Project/PCB/Ring76_KiCAD/Device.kicad_sym'
    ; warning
    @(9233 mils, 13114 mils): Symbol C43 [C]
[endpoint_off_grid]: Symbol pin or wire end off connection grid
    ; warning
    @(9233 mils, 13264 mils): Vertical Wire, length 150 mils
[endpoint_off_grid]: Symbol pin or wire end off connection grid
    ; warning
    @(9233 mils, 13414 mils): Symbol #PWR194 Pin 1 [+3V3, Power input, Line]
[lib_symbol_issues]: The symbol library 'power' was not found at '/Users/swaroopsahoo/Library/Mobile Documents/iCloud~md~obsidian/Documents/Skylight/Projects/Skylight/WYVERN/WYVERN-E/WYVERN Project/PCB/Ring76_KiCAD/power.kicad_sym'
    ; warning
    @(9233 mils, 13414 mils): Symbol #PWR194 [+3V3]
[endpoint_off_grid]: Symbol pin or wire end off connection grid
    ; warning
    @(9281 mils, 18528 mils): Symbol R26 Pin 1 [Passive, Line]
[endpoint_off_grid]: Symbol pin or wire end off connection grid
    ; warning
    @(9281 mils, 18528 mils): Horizontal Wire, length 315 mils
[lib_symbol_issues]: The symbol library 'Device' was not found at '/Users/swaroopsahoo/Library/Mobile Documents/iCloud~md~obsidian/Documents/Skylight/Projects/Skylight/WYVERN/WYVERN-E/WYVERN Project/PCB/Ring76_KiCAD/Device.kicad_sym'
    ; warning
    @(9281 mils, 18678 mils): Symbol R26 [R]
[endpoint_off_grid]: Symbol pin or wire end off connection grid
    ; warning
    @(9313 mils, 15719 mils): Symbol U14 Pin 1 [SCL/SPC, Input, Line]
[endpoint_off_grid]: Symbol pin or wire end off connection grid
    ; warning
    @(9313 mils, 15819 mils): Horizontal Wire, length 4884 mils
[endpoint_off_grid]: Symbol pin or wire end off connection grid
    ; warning
    @(9313 mils, 15919 mils): Horizontal Wire, length 4884 mils
[endpoint_off_grid]: Symbol pin or wire end off connection grid
    ; warning
    @(9391 mils, 7770 mils): Horizontal Wire, length 2130 mils
[endpoint_off_grid]: Symbol pin or wire end off connection grid
    ; warning
    @(9391 mils, 10636 mils): Vertical Wire, length 2866 mils
[unconnected_wire_endpoint]: Unconnected wire endpoint
    ; warning
    @(9445 mils, 13080 mils): Horizontal Wire, length 51 mils
[unconnected_wire_endpoint]: Unconnected wire endpoint
    ; warning
    @(9007 mils, 13180 mils): Horizontal Wire, length 388 mils
[endpoint_off_grid]: Symbol pin or wire end off connection grid
    ; warning
    @(9394 mils, 13580 mils): Horizontal Wire, length 4843 mils
[endpoint_off_grid]: Symbol pin or wire end off connection grid
    ; warning
    @(9394 mils, 13980 mils): Horizontal Wire, length 4843 mils
[endpoint_off_grid]: Symbol pin or wire end off connection grid
    ; warning
    @(9394 mils, 14080 mils): Horizontal Wire, length 4843 mils
[unconnected_wire_endpoint]: Unconnected wire endpoint
    ; warning
    @(9394 mils, 14080 mils): Horizontal Wire, length 4843 mils
[endpoint_off_grid]: Symbol pin or wire end off connection grid
    ; warning
    @(9421 mils, 18916 mils): Symbol D2 Pin 1 [K, Passive, Line]
[endpoint_off_grid]: Symbol pin or wire end off connection grid
    ; warning
    @(9421 mils, 18916 mils): Horizontal Wire, length 949 mils
[endpoint_off_grid]: Symbol pin or wire end off connection grid
    ; warning
    @(9445 mils, 13080 mils): Horizontal Wire, length 51 mils
[endpoint_off_grid]: Symbol pin or wire end off connection grid
    ; warning
    @(9445 mils, 13345 mils): Vertical Wire, length 265 mils
[endpoint_off_grid]: Symbol pin or wire end off connection grid
    ; warning
    @(9496 mils, 13045 mils): Symbol C41 Pin 1 [Passive, Line]
[lib_symbol_issues]: The symbol library 'Device' was not found at '/Users/swaroopsahoo/Library/Mobile Documents/iCloud~md~obsidian/Documents/Skylight/Projects/Skylight/WYVERN/WYVERN-E/WYVERN Project/PCB/Ring76_KiCAD/Device.kicad_sym'
    ; warning
    @(9496 mils, 13195 mils): Symbol C41 [C]
[endpoint_off_grid]: Symbol pin or wire end off connection grid
    ; warning
    @(9496 mils, 13345 mils): Horizontal Wire, length 51 mils
[endpoint_off_grid]: Symbol pin or wire end off connection grid
    ; warning
    @(9529 mils, 16154 mils): Horizontal Wire, length 200 mils
[endpoint_off_grid]: Symbol pin or wire end off connection grid
    ; warning
    @(9529 mils, 16154 mils): Symbol R17 Pin 1 [Passive, Line]
[lib_symbol_issues]: The symbol library 'Device' was not found at '/Users/swaroopsahoo/Library/Mobile Documents/iCloud~md~obsidian/Documents/Skylight/Projects/Skylight/WYVERN/WYVERN-E/WYVERN Project/PCB/Ring76_KiCAD/Device.kicad_sym'
    ; warning
    @(9529 mils, 16304 mils): Symbol R17 [R]
[endpoint_off_grid]: Symbol pin or wire end off connection grid
    ; warning
    @(9529 mils, 16319 mils): Symbol #PWR089 Pin 1 [GND, Power input, Line]
[endpoint_off_grid]: Symbol pin or wire end off connection grid
    ; warning
    @(9529 mils, 16319 mils): Vertical Wire, length 285 mils
[lib_symbol_issues]: The symbol library 'power' was not found at '/Users/swaroopsahoo/Library/Mobile Documents/iCloud~md~obsidian/Documents/Skylight/Projects/Skylight/WYVERN/WYVERN-E/WYVERN Project/PCB/Ring76_KiCAD/power.kicad_sym'
    ; warning
    @(9529 mils, 16319 mils): Symbol #PWR089 [GND]
[endpoint_off_grid]: Symbol pin or wire end off connection grid
    ; warning
    @(9529 mils, 16469 mils): Symbol C24 Pin 1 [Passive, Line]
[endpoint_off_grid]: Symbol pin or wire end off connection grid
    ; warning
    @(9529 mils, 16604 mils): Symbol #PWR096 Pin 1 [+5V_SERVO, Power input, Line]
[lib_symbol_issues]: The symbol library 'power' was not found at '/Users/swaroopsahoo/Library/Mobile Documents/iCloud~md~obsidian/Documents/Skylight/Projects/Skylight/WYVERN/WYVERN-E/WYVERN Project/PCB/Ring76_KiCAD/power.kicad_sym'
    ; warning
    @(9529 mils, 16604 mils): Symbol #PWR096 [+5V_SERVO]
[lib_symbol_issues]: The symbol library 'Device' was not found at '/Users/swaroopsahoo/Library/Mobile Documents/iCloud~md~obsidian/Documents/Skylight/Projects/Skylight/WYVERN/WYVERN-E/WYVERN Project/PCB/Ring76_KiCAD/Device.kicad_sym'
    ; warning
    @(9529 mils, 16619 mils): Symbol C24 [C]
[endpoint_off_grid]: Symbol pin or wire end off connection grid
    ; warning
    @(9529 mils, 16769 mils): Vertical Wire, length 150 mils
[endpoint_off_grid]: Symbol pin or wire end off connection grid
    ; warning
    @(9529 mils, 16919 mils): Symbol #PWR088 Pin 1 [+5V_SERVO, Power input, Line]
[lib_symbol_issues]: The symbol library 'power' was not found at '/Users/swaroopsahoo/Library/Mobile Documents/iCloud~md~obsidian/Documents/Skylight/Projects/Skylight/WYVERN/WYVERN-E/WYVERN Project/PCB/Ring76_KiCAD/power.kicad_sym'
    ; warning
    @(9529 mils, 16919 mils): Symbol #PWR088 [+5V_SERVO]
[lib_symbol_issues]: The symbol library 'Device' was not found at '/Users/swaroopsahoo/Library/Mobile Documents/iCloud~md~obsidian/Documents/Skylight/Projects/Skylight/WYVERN/WYVERN-E/WYVERN Project/PCB/Ring76_KiCAD/Device.kicad_sym'
    ; warning
    @(9571 mils, 18916 mils): Symbol D2 [D_Zener]
[endpoint_off_grid]: Symbol pin or wire end off connection grid
    ; warning
    @(9596 mils, 18447 mils): Horizontal Wire, length 315 mils
[endpoint_off_grid]: Symbol pin or wire end off connection grid
    ; warning
    @(9596 mils, 18528 mils): Vertical Wire, length 81 mils
[endpoint_off_grid]: Symbol pin or wire end off connection grid
    ; warning
    @(9711 mils, 15656 mils): Vertical Wire, length 63 mils
[endpoint_off_grid]: Symbol pin or wire end off connection grid
    ; warning
    @(9711 mils, 15719 mils): Horizontal Wire, length 602 mils
[unconnected_wire_endpoint]: Unconnected wire endpoint
    ; warning
    @(9529 mils, 16154 mils): Horizontal Wire, length 200 mils
[endpoint_off_grid]: Symbol pin or wire end off connection grid
    ; warning
    @(9780 mils, 17415 mils): Horizontal Wire, length 200 mils
[endpoint_off_grid]: Symbol pin or wire end off connection grid
    ; warning
    @(9780 mils, 17415 mils): Symbol R14 Pin 1 [Passive, Line]
[endpoint_off_grid]: Symbol pin or wire end off connection grid
    ; warning
    @(9780 mils, 17423 mils): Symbol #PWR077 Pin 1 [GND, Power input, Line]
[lib_symbol_issues]: The symbol library 'power' was not found at '/Users/swaroopsahoo/Library/Mobile Documents/iCloud~md~obsidian/Documents/Skylight/Projects/Skylight/WYVERN/WYVERN-E/WYVERN Project/PCB/Ring76_KiCAD/power.kicad_sym'
    ; warning
    @(9780 mils, 17423 mils): Symbol #PWR077 [GND]
[lib_symbol_issues]: The symbol library 'Device' was not found at '/Users/swaroopsahoo/Library/Mobile Documents/iCloud~md~obsidian/Documents/Skylight/Projects/Skylight/WYVERN/WYVERN-E/WYVERN Project/PCB/Ring76_KiCAD/Device.kicad_sym'
    ; warning
    @(9780 mils, 17565 mils): Symbol R14 [R]
[endpoint_off_grid]: Symbol pin or wire end off connection grid
    ; warning
    @(9780 mils, 17573 mils): Vertical Wire, length 150 mils
[endpoint_off_grid]: Symbol pin or wire end off connection grid
    ; warning
    @(9780 mils, 17573 mils): Symbol C20 Pin 1 [Passive, Line]
[endpoint_off_grid]: Symbol pin or wire end off connection grid
    ; warning
    @(9780 mils, 17715 mils): Vertical Wire, length 307 mils
[lib_symbol_issues]: The symbol library 'Device' was not found at '/Users/swaroopsahoo/Library/Mobile Documents/iCloud~md~obsidian/Documents/Skylight/Projects/Skylight/WYVERN/WYVERN-E/WYVERN Project/PCB/Ring76_KiCAD/Device.kicad_sym'
    ; warning
    @(9780 mils, 17723 mils): Symbol C20 [C]
[endpoint_off_grid]: Symbol pin or wire end off connection grid
    ; warning
    @(9780 mils, 17738 mils): Symbol #PWR075 Pin 1 [GND, Power input, Line]
[lib_symbol_issues]: The symbol library 'power' was not found at '/Users/swaroopsahoo/Library/Mobile Documents/iCloud~md~obsidian/Documents/Skylight/Projects/Skylight/WYVERN/WYVERN-E/WYVERN Project/PCB/Ring76_KiCAD/power.kicad_sym'
    ; warning
    @(9780 mils, 17738 mils): Symbol #PWR075 [GND]
[endpoint_off_grid]: Symbol pin or wire end off connection grid
    ; warning
    @(9780 mils, 17865 mils): Symbol #PWR084 Pin 1 [SYS, Power input, Line]
[lib_symbol_issues]: The symbol library 'power' was not found at '/Users/swaroopsahoo/Library/Mobile Documents/iCloud~md~obsidian/Documents/Skylight/Projects/Skylight/WYVERN/WYVERN-E/WYVERN Project/PCB/Ring76_KiCAD/power.kicad_sym'
    ; warning
    @(9780 mils, 17865 mils): Symbol #PWR084 [SYS]
[endpoint_off_grid]: Symbol pin or wire end off connection grid
    ; warning
    @(9780 mils, 17888 mils): Symbol C19 Pin 1 [Passive, Line]
[endpoint_off_grid]: Symbol pin or wire end off connection grid
    ; warning
    @(9780 mils, 18023 mils): Symbol #PWR076 Pin 1 [SYS, Power input, Line]
[lib_symbol_issues]: The symbol library 'power' was not found at '/Users/swaroopsahoo/Library/Mobile Documents/iCloud~md~obsidian/Documents/Skylight/Projects/Skylight/WYVERN/WYVERN-E/WYVERN Project/PCB/Ring76_KiCAD/power.kicad_sym'
    ; warning
    @(9780 mils, 18023 mils): Symbol #PWR076 [SYS]
[lib_symbol_issues]: The symbol library 'Device' was not found at '/Users/swaroopsahoo/Library/Mobile Documents/iCloud~md~obsidian/Documents/Skylight/Projects/Skylight/WYVERN/WYVERN-E/WYVERN Project/PCB/Ring76_KiCAD/Device.kicad_sym'
    ; warning
    @(9780 mils, 18038 mils): Symbol C19 [C]
[endpoint_off_grid]: Symbol pin or wire end off connection grid
    ; warning
    @(9780 mils, 18188 mils): Vertical Wire, length 150 mils
[endpoint_off_grid]: Symbol pin or wire end off connection grid
    ; warning
    @(9780 mils, 18338 mils): Symbol #PWR074 Pin 1 [SYS, Power input, Line]
[lib_symbol_issues]: The symbol library 'power' was not found at '/Users/swaroopsahoo/Library/Mobile Documents/iCloud~md~obsidian/Documents/Skylight/Projects/Skylight/WYVERN/WYVERN-E/WYVERN Project/PCB/Ring76_KiCAD/power.kicad_sym'
    ; warning
    @(9780 mils, 18338 mils): Symbol #PWR074 [SYS]
[lib_symbol_issues]: The symbol library 'Sensor_Magnetic' was not found at '/Users/swaroopsahoo/Library/Mobile Documents/iCloud~md~obsidian/Documents/Skylight/Projects/Skylight/WYVERN/WYVERN-E/WYVERN Project/PCB/Ring76_KiCAD/Sensor_Magnetic.kicad_sym'
    ; warning
    @(9813 mils, 15819 mils): Symbol U14 [LIS3MDL]
[endpoint_off_grid]: Symbol pin or wire end off connection grid
    ; warning
    @(9844 mils, 16240 mils): Symbol U5 Pin 1 [BOOT, Passive, Line]
[endpoint_off_grid]: Symbol pin or wire end off connection grid
    ; warning
    @(9844 mils, 16340 mils): Horizontal Wire, length 200 mils
[endpoint_off_grid]: Symbol pin or wire end off connection grid
    ; warning
    @(9844 mils, 16390 mils): Vertical Wire, length 150 mils
[endpoint_off_grid]: Symbol pin or wire end off connection grid
    ; warning
    @(9844 mils, 16390 mils): Symbol #PWR086 Pin 1 [GND, Power input, Line]
[lib_symbol_issues]: The symbol library 'power' was not found at '/Users/swaroopsahoo/Library/Mobile Documents/iCloud~md~obsidian/Documents/Skylight/Projects/Skylight/WYVERN/WYVERN-E/WYVERN Project/PCB/Ring76_KiCAD/power.kicad_sym'
    ; warning
    @(9844 mils, 16390 mils): Symbol #PWR086 [GND]
[endpoint_off_grid]: Symbol pin or wire end off connection grid
    ; warning
    @(9844 mils, 16440 mils): Horizontal Wire, length 200 mils
[lib_symbol_issues]: The symbol library 'WYVERN' was not found at '/Users/swaroopsahoo/Library/Mobile Documents/iCloud~md~obsidian/Documents/Skylight/Projects/Skylight/WYVERN/WYVERN-E/WYVERN Project/PCB/Ring76_KiCAD/WYVERN.kicad_sym'
    ; warning
    @(9844 mils, 16540 mils): Symbol U5 [TPS54202DDCR_U5]
[endpoint_off_grid]: Symbol pin or wire end off connection grid
    ; warning
    @(9844 mils, 16640 mils): Horizontal Wire, length 200 mils
[endpoint_off_grid]: Symbol pin or wire end off connection grid
    ; warning
    @(9844 mils, 16740 mils): Vertical Wire, length 150 mils
[endpoint_off_grid]: Symbol pin or wire end off connection grid
    ; warning
    @(9844 mils, 16840 mils): Horizontal Wire, length 200 mils
[unconnected_wire_endpoint]: Unconnected wire endpoint
    ; warning
    @(9844 mils, 16840 mils): Horizontal Wire, length 200 mils
[endpoint_off_grid]: Symbol pin or wire end off connection grid
    ; warning
    @(9844 mils, 16890 mils): Symbol #PWR085 Pin 1 [+5V_SERVO, Power input, Line]
[lib_symbol_issues]: The symbol library 'power' was not found at '/Users/swaroopsahoo/Library/Mobile Documents/iCloud~md~obsidian/Documents/Skylight/Projects/Skylight/WYVERN/WYVERN-E/WYVERN Project/PCB/Ring76_KiCAD/power.kicad_sym'
    ; warning
    @(9844 mils, 16890 mils): Symbol #PWR085 [+5V_SERVO]
[endpoint_off_grid]: Symbol pin or wire end off connection grid
    ; warning
    @(9874 mils, 19496 mils): Symbol R11 Pin 1 [Passive, Line]
[lib_symbol_issues]: The symbol library 'Device' was not found at '/Users/swaroopsahoo/Library/Mobile Documents/iCloud~md~obsidian/Documents/Skylight/Projects/Skylight/WYVERN/WYVERN-E/WYVERN Project/PCB/Ring76_KiCAD/Device.kicad_sym'
    ; warning
    @(9874 mils, 19646 mils): Symbol R11 [R]
[endpoint_off_grid]: Symbol pin or wire end off connection grid
    ; warning
    @(9874 mils, 19796 mils): Horizontal Wire, length 423 mils
[endpoint_off_grid]: Symbol pin or wire end off connection grid
    ; warning
    @(9911 mils, 18347 mils): Symbol U12 Pin 1 [ADDR, Input, Line]
[endpoint_off_grid]: Symbol pin or wire end off connection grid
    ; warning
    @(9911 mils, 18647 mils): Horizontal Wire, length 4585 mils
[endpoint_off_grid]: Symbol pin or wire end off connection grid
    ; warning
    @(9911 mils, 18747 mils): Horizontal Wire, length 4585 mils
[unconnected_wire_endpoint]: Unconnected wire endpoint
    ; warning
    @(9911 mils, 18747 mils): Horizontal Wire, length 4585 mils
[endpoint_off_grid]: Symbol pin or wire end off connection grid
    ; warning
    @(9911 mils, 18847 mils): Horizontal Wire, length 4585 mils
[endpoint_off_grid]: Symbol pin or wire end off connection grid
    ; warning
    @(9911 mils, 19863 mils): Symbol #PWR157 Pin 1 [GND, Power input, Line]
[lib_symbol_issues]: The symbol library 'power' was not found at '/Users/swaroopsahoo/Library/Mobile Documents/iCloud~md~obsidian/Documents/Skylight/Projects/Skylight/WYVERN/WYVERN-E/WYVERN Project/PCB/Ring76_KiCAD/power.kicad_sym'
    ; warning
    @(9911 mils, 19863 mils): Symbol #PWR157 [GND]
[endpoint_off_grid]: Symbol pin or wire end off connection grid
    ; warning
    @(9911 mils, 20013 mils): Vertical Wire, length 150 mils
[endpoint_off_grid]: Symbol pin or wire end off connection grid
    ; warning
    @(9911 mils, 20013 mils): Symbol C35 Pin 1 [Passive, Line]
[lib_symbol_issues]: The symbol library 'Device' was not found at '/Users/swaroopsahoo/Library/Mobile Documents/iCloud~md~obsidian/Documents/Skylight/Projects/Skylight/WYVERN/WYVERN-E/WYVERN Project/PCB/Ring76_KiCAD/Device.kicad_sym'
    ; warning
    @(9911 mils, 20163 mils): Symbol C35 [C]
[endpoint_off_grid]: Symbol pin or wire end off connection grid
    ; warning
    @(9911 mils, 20313 mils): Vertical Wire, length 150 mils
[endpoint_off_grid]: Symbol pin or wire end off connection grid
    ; warning
    @(9911 mils, 20463 mils): Symbol #PWR156 Pin 1 [+3V3, Power input, Line]
[lib_symbol_issues]: The symbol library 'power' was not found at '/Users/swaroopsahoo/Library/Mobile Documents/iCloud~md~obsidian/Documents/Skylight/Projects/Skylight/WYVERN/WYVERN-E/WYVERN Project/PCB/Ring76_KiCAD/power.kicad_sym'
    ; warning
    @(9911 mils, 20463 mils): Symbol #PWR156 [+3V3]
[endpoint_off_grid]: Symbol pin or wire end off connection grid
    ; warning
    @(9920 mils, 10015 mils): Symbol #PWR207 Pin 1 [GND, Power input, Line]
[lib_symbol_issues]: The symbol library 'power' was not found at '/Users/swaroopsahoo/Library/Mobile Documents/iCloud~md~obsidian/Documents/Skylight/Projects/Skylight/WYVERN/WYVERN-E/WYVERN Project/PCB/Ring76_KiCAD/power.kicad_sym'
    ; warning
    @(9920 mils, 10015 mils): Symbol #PWR207 [GND]
[endpoint_off_grid]: Symbol pin or wire end off connection grid
    ; warning
    @(9920 mils, 10165 mils): Vertical Wire, length 150 mils
[endpoint_off_grid]: Symbol pin or wire end off connection grid
    ; warning
    @(9920 mils, 10165 mils): Symbol C44 Pin 1 [Passive, Line]
[lib_symbol_issues]: The symbol library 'Device' was not found at '/Users/swaroopsahoo/Library/Mobile Documents/iCloud~md~obsidian/Documents/Skylight/Projects/Skylight/WYVERN/WYVERN-E/WYVERN Project/PCB/Ring76_KiCAD/Device.kicad_sym'
    ; warning
    @(9920 mils, 10315 mils): Symbol C44 [C]
[endpoint_off_grid]: Symbol pin or wire end off connection grid
    ; warning
    @(9920 mils, 10465 mils): Vertical Wire, length 150 mils
[endpoint_off_grid]: Symbol pin or wire end off connection grid
    ; warning
    @(9920 mils, 10615 mils): Symbol #PWR206 Pin 1 [+3V3, Power input, Line]
[lib_symbol_issues]: The symbol library 'power' was not found at '/Users/swaroopsahoo/Library/Mobile Documents/iCloud~md~obsidian/Documents/Skylight/Projects/Skylight/WYVERN/WYVERN-E/WYVERN Project/PCB/Ring76_KiCAD/power.kicad_sym'
    ; warning
    @(9920 mils, 10615 mils): Symbol #PWR206 [+3V3]
[footprint_link_issues]: Footprint 'Sensirion_SCD4x-1EP_10.1x10.1mm_P1.25mm_EP4.8x4.8mm' not found in library 'Sensor'
    ; warning
    @(9938 mils, 17255 mils): Symbol U13 [SCD41-D-R2]
[lib_symbol_issues]: The symbol library 'Sensor_Gas' was not found at '/Users/swaroopsahoo/Library/Mobile Documents/iCloud~md~obsidian/Documents/Skylight/Projects/Skylight/WYVERN/WYVERN-E/WYVERN Project/PCB/Ring76_KiCAD/Sensor_Gas.kicad_sym'
    ; warning
    @(9938 mils, 17255 mils): Symbol U13 [SCD41-D-R2]
[endpoint_off_grid]: Symbol pin or wire end off connection grid
    ; warning
    @(9938 mils, 17555 mils): Symbol U13 Pin 6 [GND, Power input, Line]
[endpoint_off_grid]: Symbol pin or wire end off connection grid
    ; warning
    @(9949 mils, 18519 mils): Vertical Wire, length 228 mils
[unconnected_wire_endpoint]: Unconnected wire endpoint
    ; warning
    @(9949 mils, 18519 mils): Vertical Wire, length 228 mils
[endpoint_off_grid]: Symbol pin or wire end off connection grid
    ; warning
    @(9951 mils, 4059 mils): Symbol C49 Pin 1 [Passive, Line]
[lib_symbol_issues]: The symbol library 'Device' was not found at '/Users/swaroopsahoo/Library/Mobile Documents/iCloud~md~obsidian/Documents/Skylight/Projects/Skylight/WYVERN/WYVERN-E/WYVERN Project/PCB/Ring76_KiCAD/Device.kicad_sym'
    ; warning
    @(9951 mils, 4209 mils): Symbol C49 [C]
[endpoint_off_grid]: Symbol pin or wire end off connection grid
    ; warning
    @(9951 mils, 4359 mils): Horizontal Wire, length 126 mils
[unconnected_wire_endpoint]: Unconnected wire endpoint
    ; warning
    @(9780 mils, 17415 mils): Horizontal Wire, length 200 mils
[endpoint_off_grid]: Symbol pin or wire end off connection grid
    ; warning
    @(9994 mils, 12880 mils): Symbol U15 Pin 1 [VDDIO, Power input, Line]
[unconnected_wire_endpoint]: Unconnected wire endpoint
    ; warning
    @(9844 mils, 16340 mils): Horizontal Wire, length 200 mils
[unconnected_wire_endpoint]: Unconnected wire endpoint
    ; warning
    @(9844 mils, 16440 mils): Horizontal Wire, length 200 mils
[unconnected_wire_endpoint]: Unconnected wire endpoint
    ; warning
    @(9844 mils, 16640 mils): Horizontal Wire, length 200 mils
[unconnected_wire_endpoint]: Unconnected wire endpoint
    ; warning
    @(9844 mils, 16840 mils): Horizontal Wire, length 200 mils
[multiple_net_names]: Both TIE_C23_2_U5_6 and TIE_U5_6_L4_1 are attached to the same items; TIE_C23_2_U5_6 will be used in the netlist
    ; warning
    @(10379 mils, 16783 mils): Label 'TIE_C23_2_U5_6'
    @(10064 mils, 16340 mils): Label 'TIE_U5_6_L4_1'
[endpoint_off_grid]: Symbol pin or wire end off connection grid
    ; warning
    @(10071 mils, 18916 mils): Vertical Wire, length 1037 mils
[unconnected_wire_endpoint]: Unconnected wire endpoint
    ; warning
    @(10071 mils, 18916 mils): Vertical Wire, length 1037 mils
[endpoint_off_grid]: Symbol pin or wire end off connection grid
    ; warning
    @(10071 mils, 19953 mils): Horizontal Wire, length 649 mils
[endpoint_off_grid]: Symbol pin or wire end off connection grid
    ; warning
    @(10077 mils, 4359 mils): Vertical Wire, length 495 mils
[endpoint_off_grid]: Symbol pin or wire end off connection grid
    ; warning
    @(10077 mils, 4854 mils): Horizontal Wire, length 126 mils
[endpoint_off_grid]: Symbol pin or wire end off connection grid
    ; warning
    @(10081 mils, 21284 mils): Horizontal Wire, length 1666 mils
[endpoint_off_grid]: Symbol pin or wire end off connection grid
    ; warning
    @(10081 mils, 25285 mils): Vertical Wire, length 4001 mils
[lib_symbol_issues]: The symbol library 'Sensor_Motion' was not found at '/Users/swaroopsahoo/Library/Mobile Documents/iCloud~md~obsidian/Documents/Skylight/Projects/Skylight/WYVERN/WYVERN-E/WYVERN Project/PCB/Ring76_KiCAD/Sensor_Motion.kicad_sym'
    ; warning
    @(10094 mils, 13680 mils): Symbol U15 [LSM9DS1]
[endpoint_off_grid]: Symbol pin or wire end off connection grid
    ; warning
    @(10094 mils, 17659 mils): Symbol U4 Pin 1 [BOOT, Passive, Line]
[endpoint_off_grid]: Symbol pin or wire end off connection grid
    ; warning
    @(10094 mils, 17759 mils): Horizontal Wire, length 200 mils
[endpoint_off_grid]: Symbol pin or wire end off connection grid
    ; warning
    @(10094 mils, 17809 mils): Symbol #PWR072 Pin 1 [GND, Power input, Line]
[endpoint_off_grid]: Symbol pin or wire end off connection grid
    ; warning
    @(10094 mils, 17809 mils): Vertical Wire, length 150 mils
[lib_symbol_issues]: The symbol library 'power' was not found at '/Users/swaroopsahoo/Library/Mobile Documents/iCloud~md~obsidian/Documents/Skylight/Projects/Skylight/WYVERN/WYVERN-E/WYVERN Project/PCB/Ring76_KiCAD/power.kicad_sym'
    ; warning
    @(10094 mils, 17809 mils): Symbol #PWR072 [GND]
[endpoint_off_grid]: Symbol pin or wire end off connection grid
    ; warning
    @(10094 mils, 17859 mils): Horizontal Wire, length 200 mils
[lib_symbol_issues]: The symbol library 'WYVERN' was not found at '/Users/swaroopsahoo/Library/Mobile Documents/iCloud~md~obsidian/Documents/Skylight/Projects/Skylight/WYVERN/WYVERN-E/WYVERN Project/PCB/Ring76_KiCAD/WYVERN.kicad_sym'
    ; warning
    @(10094 mils, 17959 mils): Symbol U4 [TPS563201DDCR_U4]
[endpoint_off_grid]: Symbol pin or wire end off connection grid
    ; warning
    @(10094 mils, 18059 mils): Horizontal Wire, length 200 mils
[endpoint_off_grid]: Symbol pin or wire end off connection grid
    ; warning
    @(10094 mils, 18159 mils): Vertical Wire, length 150 mils
[endpoint_off_grid]: Symbol pin or wire end off connection grid
    ; warning
    @(10094 mils, 18259 mils): Horizontal Wire, length 200 mils
[unconnected_wire_endpoint]: Unconnected wire endpoint
    ; warning
    @(10094 mils, 18259 mils): Horizontal Wire, length 200 mils
[endpoint_off_grid]: Symbol pin or wire end off connection grid
    ; warning
    @(10094 mils, 18309 mils): Symbol #PWR071 Pin 1 [SYS, Power input, Line]
[lib_symbol_issues]: The symbol library 'power' was not found at '/Users/swaroopsahoo/Library/Mobile Documents/iCloud~md~obsidian/Documents/Skylight/Projects/Skylight/WYVERN/WYVERN-E/WYVERN Project/PCB/Ring76_KiCAD/power.kicad_sym'
    ; warning
    @(10094 mils, 18309 mils): Symbol #PWR071 [SYS]
[endpoint_off_grid]: Symbol pin or wire end off connection grid
    ; warning
    @(10159 mils, 16783 mils): Horizontal Wire, length 200 mils
[endpoint_off_grid]: Symbol pin or wire end off connection grid
    ; warning
    @(10159 mils, 16783 mils): Symbol C23 Pin 1 [Passive, Line]
[lib_symbol_issues]: The symbol library 'Device' was not found at '/Users/swaroopsahoo/Library/Mobile Documents/iCloud~md~obsidian/Documents/Skylight/Projects/Skylight/WYVERN/WYVERN-E/WYVERN Project/PCB/Ring76_KiCAD/Device.kicad_sym'
    ; warning
    @(10159 mils, 16933 mils): Symbol C23 [C]
[endpoint_off_grid]: Symbol pin or wire end off connection grid
    ; warning
    @(10159 mils, 17083 mils): Horizontal Wire, length 200 mils
[endpoint_off_grid]: Symbol pin or wire end off connection grid
    ; warning
    @(10202 mils, 4754 mils): Symbol J8 Pin 1 [Pin_1, Passive, Line]
[endpoint_off_grid]: Symbol pin or wire end off connection grid
    ; warning
    @(10234 mils, 10767 mils): Horizontal Wire, length 43 mils
[endpoint_off_grid]: Symbol pin or wire end off connection grid
    ; warning
    @(10234 mils, 10767 mils): Symbol R28 Pin 1 [Passive, Line]
[lib_symbol_issues]: The symbol library 'Device' was not found at '/Users/swaroopsahoo/Library/Mobile Documents/iCloud~md~obsidian/Documents/Skylight/Projects/Skylight/WYVERN/WYVERN-E/WYVERN Project/PCB/Ring76_KiCAD/Device.kicad_sym'
    ; warning
    @(10234 mils, 10917 mils): Symbol R28 [R]
[endpoint_off_grid]: Symbol pin or wire end off connection grid
    ; warning
    @(10277 mils, 10767 mils): Vertical Wire, length 1419 mils
[endpoint_off_grid]: Symbol pin or wire end off connection grid
    ; warning
    @(10277 mils, 12185 mils): Horizontal Wire, length 43 mils
[unconnected_wire_endpoint]: Unconnected wire endpoint
    ; warning
    @(10094 mils, 17759 mils): Horizontal Wire, length 200 mils
[unconnected_wire_endpoint]: Unconnected wire endpoint
    ; warning
    @(10094 mils, 17859 mils): Horizontal Wire, length 200 mils
[unconnected_wire_endpoint]: Unconnected wire endpoint
    ; warning
    @(10094 mils, 18059 mils): Horizontal Wire, length 200 mils
[unconnected_wire_endpoint]: Unconnected wire endpoint
    ; warning
    @(10094 mils, 18259 mils): Horizontal Wire, length 200 mils
[endpoint_off_grid]: Symbol pin or wire end off connection grid
    ; warning
    @(10297 mils, 19796 mils): Vertical Wire, length 157 mils
[unconnected_wire_endpoint]: Unconnected wire endpoint
    ; warning
    @(10297 mils, 19796 mils): Vertical Wire, length 157 mils
[endpoint_off_grid]: Symbol pin or wire end off connection grid
    ; warning
    @(10311 mils, 12842 mils): Symbol R33 Pin 1 [Passive, Line]
[endpoint_off_grid]: Symbol pin or wire end off connection grid
    ; warning
    @(10311 mils, 12842 mils): Horizontal Wire, length 2505 mils
[lib_symbol_issues]: The symbol library 'Device' was not found at '/Users/swaroopsahoo/Library/Mobile Documents/iCloud~md~obsidian/Documents/Skylight/Projects/Skylight/WYVERN/WYVERN-E/WYVERN Project/PCB/Ring76_KiCAD/Device.kicad_sym'
    ; warning
    @(10311 mils, 12992 mils): Symbol R33 [R]
[endpoint_off_grid]: Symbol pin or wire end off connection grid
    ; warning
    @(10311 mils, 13142 mils): Horizontal Wire, length 4385 mils
[lib_symbol_issues]: The symbol library 'Sensor_Gas' was not found at '/Users/swaroopsahoo/Library/Mobile Documents/iCloud~md~obsidian/Documents/Skylight/Projects/Skylight/WYVERN/WYVERN-E/WYVERN Project/PCB/Ring76_KiCAD/Sensor_Gas.kicad_sym'
    ; warning
    @(10311 mils, 18647 mils): Symbol U12 [CCS811]
[multiple_net_names]: Both TIE_C18_2_U4_6 and TIE_U4_6_L3_1 are attached to the same items; TIE_C18_2_U4_6 will be used in the netlist
    ; warning
    @(10629 mils, 18203 mils): Label 'TIE_C18_2_U4_6'
    @(10314 mils, 17759 mils): Label 'TIE_U4_6_L3_1'
[endpoint_off_grid]: Symbol pin or wire end off connection grid
    ; warning
    @(10320 mils, 11185 mils): Horizontal Wire, length 4380 mils
[endpoint_off_grid]: Symbol pin or wire end off connection grid
    ; warning
    @(10320 mils, 11285 mils): Horizontal Wire, length 4380 mils
[unconnected_wire_endpoint]: Unconnected wire endpoint
    ; warning
    @(10320 mils, 11285 mils): Horizontal Wire, length 4380 mils
[endpoint_off_grid]: Symbol pin or wire end off connection grid
    ; warning
    @(10320 mils, 11985 mils): Horizontal Wire, length 4380 mils
[endpoint_off_grid]: Symbol pin or wire end off connection grid
    ; warning
    @(10338 mils, 17255 mils): Horizontal Wire, length 4371 mils
[endpoint_off_grid]: Symbol pin or wire end off connection grid
    ; warning
    @(10338 mils, 17355 mils): Horizontal Wire, length 4371 mils
[unconnected_wire_endpoint]: Unconnected wire endpoint
    ; warning
    @(10338 mils, 17355 mils): Horizontal Wire, length 4371 mils
[unconnected_wire_endpoint]: Unconnected wire endpoint
    ; warning
    @(10159 mils, 16783 mils): Horizontal Wire, length 200 mils
[unconnected_wire_endpoint]: Unconnected wire endpoint
    ; warning
    @(10159 mils, 17083 mils): Horizontal Wire, length 200 mils
[endpoint_off_grid]: Symbol pin or wire end off connection grid
    ; warning
    @(10371 mils, 18916 mils): Vertical Wire, length 837 mils
[endpoint_off_grid]: Symbol pin or wire end off connection grid
    ; warning
    @(10371 mils, 19753 mils): Horizontal Wire, length 1013 mils
[lib_symbol_issues]: The symbol library 'Connector_Generic' was not found at '/Users/swaroopsahoo/Library/Mobile Documents/iCloud~md~obsidian/Documents/Skylight/Projects/Skylight/WYVERN/WYVERN-E/WYVERN Project/PCB/Ring76_KiCAD/Connector_Generic.kicad_sym'
    ; warning
    @(10402 mils, 4854 mils): Symbol J8 [Conn_01x03]
[endpoint_off_grid]: Symbol pin or wire end off connection grid
    ; warning
    @(10409 mils, 18203 mils): Horizontal Wire, length 200 mils
[endpoint_off_grid]: Symbol pin or wire end off connection grid
    ; warning
    @(10409 mils, 18203 mils): Symbol C18 Pin 1 [Passive, Line]
[lib_symbol_issues]: The symbol library 'Device' was not found at '/Users/swaroopsahoo/Library/Mobile Documents/iCloud~md~obsidian/Documents/Skylight/Projects/Skylight/WYVERN/WYVERN-E/WYVERN Project/PCB/Ring76_KiCAD/Device.kicad_sym'
    ; warning
    @(10409 mils, 18353 mils): Symbol C18 [C]
[endpoint_off_grid]: Symbol pin or wire end off connection grid
    ; warning
    @(10409 mils, 18503 mils): Horizontal Wire, length 200 mils
[endpoint_off_grid]: Symbol pin or wire end off connection grid
    ; warning
    @(10435 mils, 16626 mils): Symbol L4 Pin 1 [1, Passive, Line]
[endpoint_off_grid]: Symbol pin or wire end off connection grid
    ; warning
    @(10435 mils, 16626 mils): Vertical Wire, length 150 mils
[endpoint_off_grid]: Symbol pin or wire end off connection grid
    ; warning
    @(10435 mils, 16776 mils): Symbol #PWR087 Pin 1 [+3V3, Power input, Line]
[lib_symbol_issues]: The symbol library 'Device' was not found at '/Users/swaroopsahoo/Library/Mobile Documents/iCloud~md~obsidian/Documents/Skylight/Projects/Skylight/WYVERN/WYVERN-E/WYVERN Project/PCB/Ring76_KiCAD/Device.kicad_sym'
    ; warning
    @(10435 mils, 16776 mils): Symbol L4 [L]
[lib_symbol_issues]: The symbol library 'power' was not found at '/Users/swaroopsahoo/Library/Mobile Documents/iCloud~md~obsidian/Documents/Skylight/Projects/Skylight/WYVERN/WYVERN-E/WYVERN Project/PCB/Ring76_KiCAD/power.kicad_sym'
    ; warning
    @(10435 mils, 16776 mils): Symbol #PWR087 [+3V3]
[endpoint_off_grid]: Symbol pin or wire end off connection grid
    ; warning
    @(10435 mils, 16926 mils): Horizontal Wire, length 200 mils
[unconnected_wire_endpoint]: Unconnected wire endpoint
    ; warning
    @(10409 mils, 18203 mils): Horizontal Wire, length 200 mils
[unconnected_wire_endpoint]: Unconnected wire endpoint
    ; warning
    @(10409 mils, 18503 mils): Horizontal Wire, length 200 mils
[unconnected_wire_endpoint]: Unconnected wire endpoint
    ; warning
    @(10435 mils, 16926 mils): Horizontal Wire, length 200 mils
[endpoint_off_grid]: Symbol pin or wire end off connection grid
    ; warning
    @(10685 mils, 18045 mils): Symbol L3 Pin 1 [1, Passive, Line]
[endpoint_off_grid]: Symbol pin or wire end off connection grid
    ; warning
    @(10685 mils, 18045 mils): Vertical Wire, length 150 mils
[endpoint_off_grid]: Symbol pin or wire end off connection grid
    ; warning
    @(10685 mils, 18195 mils): Symbol #PWR073 Pin 1 [+5V_SERVO, Power input, Line]
[lib_symbol_issues]: The symbol library 'power' was not found at '/Users/swaroopsahoo/Library/Mobile Documents/iCloud~md~obsidian/Documents/Skylight/Projects/Skylight/WYVERN/WYVERN-E/WYVERN Project/PCB/Ring76_KiCAD/power.kicad_sym'
    ; warning
    @(10685 mils, 18195 mils): Symbol #PWR073 [+5V_SERVO]
[lib_symbol_issues]: The symbol library 'Device' was not found at '/Users/swaroopsahoo/Library/Mobile Documents/iCloud~md~obsidian/Documents/Skylight/Projects/Skylight/WYVERN/WYVERN-E/WYVERN Project/PCB/Ring76_KiCAD/Device.kicad_sym'
    ; warning
    @(10685 mils, 18195 mils): Symbol L3 [L]
[endpoint_off_grid]: Symbol pin or wire end off connection grid
    ; warning
    @(10685 mils, 18345 mils): Horizontal Wire, length 200 mils
[endpoint_off_grid]: Symbol pin or wire end off connection grid
    ; warning
    @(10710 mils, 16004 mils): Symbol #PWR093 Pin 1 [GND, Power input, Line]
[lib_symbol_issues]: The symbol library 'power' was not found at '/Users/swaroopsahoo/Library/Mobile Documents/iCloud~md~obsidian/Documents/Skylight/Projects/Skylight/WYVERN/WYVERN-E/WYVERN Project/PCB/Ring76_KiCAD/power.kicad_sym'
    ; warning
    @(10710 mils, 16004 mils): Symbol #PWR093 [GND]
[endpoint_off_grid]: Symbol pin or wire end off connection grid
    ; warning
    @(10710 mils, 16154 mils): Vertical Wire, length 150 mils
[endpoint_off_grid]: Symbol pin or wire end off connection grid
    ; warning
    @(10710 mils, 16154 mils): Symbol C26 Pin 1 [Passive, Line]
[lib_symbol_issues]: The symbol library 'Device' was not found at '/Users/swaroopsahoo/Library/Mobile Documents/iCloud~md~obsidian/Documents/Skylight/Projects/Skylight/WYVERN/WYVERN-E/WYVERN Project/PCB/Ring76_KiCAD/Device.kicad_sym'
    ; warning
    @(10710 mils, 16304 mils): Symbol C26 [C]
[endpoint_off_grid]: Symbol pin or wire end off connection grid
    ; warning
    @(10710 mils, 16319 mils): Symbol #PWR091 Pin 1 [GND, Power input, Line]
[endpoint_off_grid]: Symbol pin or wire end off connection grid
    ; warning
    @(10710 mils, 16319 mils): Vertical Wire, length 285 mils
[lib_symbol_issues]: The symbol library 'power' was not found at '/Users/swaroopsahoo/Library/Mobile Documents/iCloud~md~obsidian/Documents/Skylight/Projects/Skylight/WYVERN/WYVERN-E/WYVERN Project/PCB/Ring76_KiCAD/power.kicad_sym'
    ; warning
    @(10710 mils, 16319 mils): Symbol #PWR091 [GND]
[endpoint_off_grid]: Symbol pin or wire end off connection grid
    ; warning
    @(10710 mils, 16469 mils): Symbol C25 Pin 1 [Passive, Line]
[endpoint_off_grid]: Symbol pin or wire end off connection grid
    ; warning
    @(10710 mils, 16604 mils): Symbol #PWR092 Pin 1 [+3V3, Power input, Line]
[lib_symbol_issues]: The symbol library 'power' was not found at '/Users/swaroopsahoo/Library/Mobile Documents/iCloud~md~obsidian/Documents/Skylight/Projects/Skylight/WYVERN/WYVERN-E/WYVERN Project/PCB/Ring76_KiCAD/power.kicad_sym'
    ; warning
    @(10710 mils, 16604 mils): Symbol #PWR092 [+3V3]
[lib_symbol_issues]: The symbol library 'Device' was not found at '/Users/swaroopsahoo/Library/Mobile Documents/iCloud~md~obsidian/Documents/Skylight/Projects/Skylight/WYVERN/WYVERN-E/WYVERN Project/PCB/Ring76_KiCAD/Device.kicad_sym'
    ; warning
    @(10710 mils, 16619 mils): Symbol C25 [C]
[endpoint_off_grid]: Symbol pin or wire end off connection grid
    ; warning
    @(10710 mils, 16769 mils): Vertical Wire, length 150 mils
[endpoint_off_grid]: Symbol pin or wire end off connection grid
    ; warning
    @(10710 mils, 16919 mils): Symbol #PWR090 Pin 1 [+3V3, Power input, Line]
[lib_symbol_issues]: The symbol library 'power' was not found at '/Users/swaroopsahoo/Library/Mobile Documents/iCloud~md~obsidian/Documents/Skylight/Projects/Skylight/WYVERN/WYVERN-E/WYVERN Project/PCB/Ring76_KiCAD/power.kicad_sym'
    ; warning
    @(10710 mils, 16919 mils): Symbol #PWR090 [+3V3]
[endpoint_off_grid]: Symbol pin or wire end off connection grid
    ; warning
    @(10720 mils, 19953 mils): Symbol Q2 Pin 1 [G, Input, Line]
[endpoint_off_grid]: Symbol pin or wire end off connection grid
    ; warning
    @(10790 mils, 21215 mils): Symbol #PWR149 Pin 1 [GND, Power input, Line]
[lib_symbol_issues]: The symbol library 'power' was not found at '/Users/swaroopsahoo/Library/Mobile Documents/iCloud~md~obsidian/Documents/Skylight/Projects/Skylight/WYVERN/WYVERN-E/WYVERN Project/PCB/Ring76_KiCAD/power.kicad_sym'
    ; warning
    @(10790 mils, 21215 mils): Symbol #PWR149 [GND]
[endpoint_off_grid]: Symbol pin or wire end off connection grid
    ; warning
    @(10790 mils, 21365 mils): Vertical Wire, length 150 mils
[endpoint_off_grid]: Symbol pin or wire end off connection grid
    ; warning
    @(10790 mils, 21365 mils): Symbol C34 Pin 1 [Passive, Line]
[lib_symbol_issues]: The symbol library 'Device' was not found at '/Users/swaroopsahoo/Library/Mobile Documents/iCloud~md~obsidian/Documents/Skylight/Projects/Skylight/WYVERN/WYVERN-E/WYVERN Project/PCB/Ring76_KiCAD/Device.kicad_sym'
    ; warning
    @(10790 mils, 21515 mils): Symbol C34 [C]
[endpoint_off_grid]: Symbol pin or wire end off connection grid
    ; warning
    @(10790 mils, 21665 mils): Vertical Wire, length 150 mils
[endpoint_off_grid]: Symbol pin or wire end off connection grid
    ; warning
    @(10790 mils, 21815 mils): Symbol #PWR148 Pin 1 [+3V3, Power input, Line]
[lib_symbol_issues]: The symbol library 'power' was not found at '/Users/swaroopsahoo/Library/Mobile Documents/iCloud~md~obsidian/Documents/Skylight/Projects/Skylight/WYVERN/WYVERN-E/WYVERN Project/PCB/Ring76_KiCAD/power.kicad_sym'
    ; warning
    @(10790 mils, 21815 mils): Symbol #PWR148 [+3V3]
[endpoint_off_grid]: Symbol pin or wire end off connection grid
    ; warning
    @(10820 mils, 12385 mils): Symbol U16 Pin 2 [GND, Power input, Line]
[endpoint_off_grid]: Symbol pin or wire end off connection grid
    ; warning
    @(10820 mils, 20553 mils): Symbol U11 Pin 1 [GND, Power input, Line]
[unconnected_wire_endpoint]: Unconnected wire endpoint
    ; warning
    @(10685 mils, 18345 mils): Horizontal Wire, length 200 mils
[lib_symbol_issues]: The symbol library 'Sensor_Motion' was not found at '/Users/swaroopsahoo/Library/Mobile Documents/iCloud~md~obsidian/Documents/Skylight/Projects/Skylight/WYVERN/WYVERN-E/WYVERN Project/PCB/Ring76_KiCAD/Sensor_Motion.kicad_sym'
    ; warning
    @(10920 mils, 11685 mils): Symbol U16 [BNO055]
[lib_symbol_issues]: The symbol library 'Sensor' was not found at '/Users/swaroopsahoo/Library/Mobile Documents/iCloud~md~obsidian/Documents/Skylight/Projects/Skylight/WYVERN/WYVERN-E/WYVERN Project/PCB/Ring76_KiCAD/Sensor.kicad_sym'
    ; warning
    @(10920 mils, 19953 mils): Symbol U11 [BME680]
[lib_symbol_issues]: The symbol library 'Device' was not found at '/Users/swaroopsahoo/Library/Mobile Documents/iCloud~md~obsidian/Documents/Skylight/Projects/Skylight/WYVERN/WYVERN-E/WYVERN Project/PCB/Ring76_KiCAD/Device.kicad_sym'
    ; warning
    @(10920 mils, 19953 mils): Symbol Q2 [Q_PMOS_GSD]
[endpoint_off_grid]: Symbol pin or wire end off connection grid
    ; warning
    @(10961 mils, 17423 mils): Symbol #PWR081 Pin 1 [GND, Power input, Line]
[lib_symbol_issues]: The symbol library 'power' was not found at '/Users/swaroopsahoo/Library/Mobile Documents/iCloud~md~obsidian/Documents/Skylight/Projects/Skylight/WYVERN/WYVERN-E/WYVERN Project/PCB/Ring76_KiCAD/power.kicad_sym'
    ; warning
    @(10961 mils, 17423 mils): Symbol #PWR081 [GND]
[endpoint_off_grid]: Symbol pin or wire end off connection grid
    ; warning
    @(10961 mils, 17573 mils): Vertical Wire, length 150 mils
[endpoint_off_grid]: Symbol pin or wire end off connection grid
    ; warning
    @(10961 mils, 17573 mils): Symbol C22 Pin 1 [Passive, Line]
[lib_symbol_issues]: The symbol library 'Device' was not found at '/Users/swaroopsahoo/Library/Mobile Documents/iCloud~md~obsidian/Documents/Skylight/Projects/Skylight/WYVERN/WYVERN-E/WYVERN Project/PCB/Ring76_KiCAD/Device.kicad_sym'
    ; warning
    @(10961 mils, 17723 mils): Symbol C22 [C]
[endpoint_off_grid]: Symbol pin or wire end off connection grid
    ; warning
    @(10961 mils, 17738 mils): Symbol #PWR079 Pin 1 [GND, Power input, Line]
[endpoint_off_grid]: Symbol pin or wire end off connection grid
    ; warning
    @(10961 mils, 17738 mils): Vertical Wire, length 285 mils
[lib_symbol_issues]: The symbol library 'power' was not found at '/Users/swaroopsahoo/Library/Mobile Documents/iCloud~md~obsidian/Documents/Skylight/Projects/Skylight/WYVERN/WYVERN-E/WYVERN Project/PCB/Ring76_KiCAD/power.kicad_sym'
    ; warning
    @(10961 mils, 17738 mils): Symbol #PWR079 [GND]
[endpoint_off_grid]: Symbol pin or wire end off connection grid
    ; warning
    @(10961 mils, 17888 mils): Symbol C21 Pin 1 [Passive, Line]
[endpoint_off_grid]: Symbol pin or wire end off connection grid
    ; warning
    @(10961 mils, 18023 mils): Symbol #PWR080 Pin 1 [+5V_SERVO, Power input, Line]
[lib_symbol_issues]: The symbol library 'power' was not found at '/Users/swaroopsahoo/Library/Mobile Documents/iCloud~md~obsidian/Documents/Skylight/Projects/Skylight/WYVERN/WYVERN-E/WYVERN Project/PCB/Ring76_KiCAD/power.kicad_sym'
    ; warning
    @(10961 mils, 18023 mils): Symbol #PWR080 [+5V_SERVO]
[lib_symbol_issues]: The symbol library 'Device' was not found at '/Users/swaroopsahoo/Library/Mobile Documents/iCloud~md~obsidian/Documents/Skylight/Projects/Skylight/WYVERN/WYVERN-E/WYVERN Project/PCB/Ring76_KiCAD/Device.kicad_sym'
    ; warning
    @(10961 mils, 18038 mils): Symbol C21 [C]
[endpoint_off_grid]: Symbol pin or wire end off connection grid
    ; warning
    @(10961 mils, 18188 mils): Vertical Wire, length 150 mils
[endpoint_off_grid]: Symbol pin or wire end off connection grid
    ; warning
    @(10961 mils, 18338 mils): Symbol #PWR078 Pin 1 [+5V_SERVO, Power input, Line]
[lib_symbol_issues]: The symbol library 'power' was not found at '/Users/swaroopsahoo/Library/Mobile Documents/iCloud~md~obsidian/Documents/Skylight/Projects/Skylight/WYVERN/WYVERN-E/WYVERN Project/PCB/Ring76_KiCAD/power.kicad_sym'
    ; warning
    @(10961 mils, 18338 mils): Symbol #PWR078 [+5V_SERVO]
[endpoint_off_grid]: Symbol pin or wire end off connection grid
    ; warning
    @(11025 mils, 16161 mils): Symbol #PWR095 Pin 1 [GND, Power input, Line]
[lib_symbol_issues]: The symbol library 'power' was not found at '/Users/swaroopsahoo/Library/Mobile Documents/iCloud~md~obsidian/Documents/Skylight/Projects/Skylight/WYVERN/WYVERN-E/WYVERN Project/PCB/Ring76_KiCAD/power.kicad_sym'
    ; warning
    @(11025 mils, 16161 mils): Symbol #PWR095 [GND]
[endpoint_off_grid]: Symbol pin or wire end off connection grid
    ; warning
    @(11025 mils, 16311 mils): Symbol R16 Pin 1 [Passive, Line]
[endpoint_off_grid]: Symbol pin or wire end off connection grid
    ; warning
    @(11025 mils, 16311 mils): Vertical Wire, length 150 mils
[lib_symbol_issues]: The symbol library 'Device' was not found at '/Users/swaroopsahoo/Library/Mobile Documents/iCloud~md~obsidian/Documents/Skylight/Projects/Skylight/WYVERN/WYVERN-E/WYVERN Project/PCB/Ring76_KiCAD/Device.kicad_sym'
    ; warning
    @(11025 mils, 16461 mils): Symbol R16 [R]
[endpoint_off_grid]: Symbol pin or wire end off connection grid
    ; warning
    @(11025 mils, 16611 mils): Horizontal Wire, length 200 mils
[endpoint_off_grid]: Symbol pin or wire end off connection grid
    ; warning
    @(11025 mils, 16705 mils): Horizontal Wire, length 200 mils
[endpoint_off_grid]: Symbol pin or wire end off connection grid
    ; warning
    @(11025 mils, 16705 mils): Symbol R15 Pin 1 [Passive, Line]
[lib_symbol_issues]: The symbol library 'Device' was not found at '/Users/swaroopsahoo/Library/Mobile Documents/iCloud~md~obsidian/Documents/Skylight/Projects/Skylight/WYVERN/WYVERN-E/WYVERN Project/PCB/Ring76_KiCAD/Device.kicad_sym'
    ; warning
    @(11025 mils, 16855 mils): Symbol R15 [R]
[endpoint_off_grid]: Symbol pin or wire end off connection grid
    ; warning
    @(11025 mils, 17005 mils): Vertical Wire, length 150 mils
[endpoint_off_grid]: Symbol pin or wire end off connection grid
    ; warning
    @(11025 mils, 17155 mils): Symbol #PWR094 Pin 1 [+3V3, Power input, Line]
[lib_symbol_issues]: The symbol library 'power' was not found at '/Users/swaroopsahoo/Library/Mobile Documents/iCloud~md~obsidian/Documents/Skylight/Projects/Skylight/WYVERN/WYVERN-E/WYVERN Project/PCB/Ring76_KiCAD/power.kicad_sym'
    ; warning
    @(11025 mils, 17155 mils): Symbol #PWR094 [+3V3]
[unconnected_wire_endpoint]: Unconnected wire endpoint
    ; warning
    @(11025 mils, 16611 mils): Horizontal Wire, length 200 mils
[unconnected_wire_endpoint]: Unconnected wire endpoint
    ; warning
    @(11025 mils, 16705 mils): Horizontal Wire, length 200 mils
[multiple_net_names]: Both TIE_R15_2_U5_5 and TIE_R16_1_U5_5 are attached to the same items; TIE_R15_2_U5_5 will be used in the netlist
    ; warning
    @(11245 mils, 16705 mils): Label 'TIE_R15_2_U5_5'
    @(11245 mils, 16611 mils): Label 'TIE_R16_1_U5_5'
[endpoint_off_grid]: Symbol pin or wire end off connection grid
    ; warning
    @(11276 mils, 17580 mils): Symbol #PWR083 Pin 1 [GND, Power input, Line]
[lib_symbol_issues]: The symbol library 'power' was not found at '/Users/swaroopsahoo/Library/Mobile Documents/iCloud~md~obsidian/Documents/Skylight/Projects/Skylight/WYVERN/WYVERN-E/WYVERN Project/PCB/Ring76_KiCAD/power.kicad_sym'
    ; warning
    @(11276 mils, 17580 mils): Symbol #PWR083 [GND]
[endpoint_off_grid]: Symbol pin or wire end off connection grid
    ; warning
    @(11276 mils, 17730 mils): Vertical Wire, length 150 mils
[endpoint_off_grid]: Symbol pin or wire end off connection grid
    ; warning
    @(11276 mils, 17730 mils): Symbol R13 Pin 1 [Passive, Line]
[lib_symbol_issues]: The symbol library 'Device' was not found at '/Users/swaroopsahoo/Library/Mobile Documents/iCloud~md~obsidian/Documents/Skylight/Projects/Skylight/WYVERN/WYVERN-E/WYVERN Project/PCB/Ring76_KiCAD/Device.kicad_sym'
    ; warning
    @(11276 mils, 17880 mils): Symbol R13 [R]
[endpoint_off_grid]: Symbol pin or wire end off connection grid
    ; warning
    @(11276 mils, 18030 mils): Horizontal Wire, length 200 mils
[endpoint_off_grid]: Symbol pin or wire end off connection grid
    ; warning
    @(11276 mils, 18124 mils): Symbol R12 Pin 1 [Passive, Line]
[endpoint_off_grid]: Symbol pin or wire end off connection grid
    ; warning
    @(11276 mils, 18124 mils): Horizontal Wire, length 200 mils
[lib_symbol_issues]: The symbol library 'Device' was not found at '/Users/swaroopsahoo/Library/Mobile Documents/iCloud~md~obsidian/Documents/Skylight/Projects/Skylight/WYVERN/WYVERN-E/WYVERN Project/PCB/Ring76_KiCAD/Device.kicad_sym'
    ; warning
    @(11276 mils, 18274 mils): Symbol R12 [R]
[endpoint_off_grid]: Symbol pin or wire end off connection grid
    ; warning
    @(11276 mils, 18424 mils): Vertical Wire, length 150 mils
[endpoint_off_grid]: Symbol pin or wire end off connection grid
    ; warning
    @(11276 mils, 18574 mils): Symbol #PWR082 Pin 1 [+5V_SERVO, Power input, Line]
[lib_symbol_issues]: The symbol library 'power' was not found at '/Users/swaroopsahoo/Library/Mobile Documents/iCloud~md~obsidian/Documents/Skylight/Projects/Skylight/WYVERN/WYVERN-E/WYVERN Project/PCB/Ring76_KiCAD/power.kicad_sym'
    ; warning
    @(11276 mils, 18574 mils): Symbol #PWR082 [+5V_SERVO]
[endpoint_off_grid]: Symbol pin or wire end off connection grid
    ; warning
    @(11383 mils, 20984 mils): Vertical Wire, length 1231 mils
[unconnected_wire_endpoint]: Unconnected wire endpoint
    ; warning
    @(11276 mils, 18030 mils): Horizontal Wire, length 200 mils
[unconnected_wire_endpoint]: Unconnected wire endpoint
    ; warning
    @(11276 mils, 18124 mils): Horizontal Wire, length 200 mils
[multiple_net_names]: Both TIE_R12_2_U4_5 and TIE_R13_1_U4_5 are attached to the same items; TIE_R12_2_U4_5 will be used in the netlist
    ; warning
    @(11495 mils, 18124 mils): Label 'TIE_R12_2_U4_5'
    @(11495 mils, 18030 mils): Label 'TIE_R13_1_U4_5'
[endpoint_off_grid]: Symbol pin or wire end off connection grid
    ; warning
    @(11520 mils, 19853 mils): Horizontal Wire, length 3780 mils
[endpoint_off_grid]: Symbol pin or wire end off connection grid
    ; warning
    @(11520 mils, 20053 mils): Horizontal Wire, length 3780 mils
[endpoint_off_grid]: Symbol pin or wire end off connection grid
    ; warning
    @(11521 mils, 10636 mils): Horizontal Wire, length 2130 mils
[endpoint_off_grid]: Symbol pin or wire end off connection grid
    ; warning
    @(11521 mils, 10636 mils): Symbol R34 Pin 1 [Passive, Line]
[lib_symbol_issues]: The symbol library 'Device' was not found at '/Users/swaroopsahoo/Library/Mobile Documents/iCloud~md~obsidian/Documents/Skylight/Projects/Skylight/WYVERN/WYVERN-E/WYVERN Project/PCB/Ring76_KiCAD/Device.kicad_sym'
    ; warning
    @(11521 mils, 10786 mils): Symbol R34 [R]
[endpoint_off_grid]: Symbol pin or wire end off connection grid
    ; warning
    @(11521 mils, 10936 mils): Horizontal Wire, length 3780 mils
[endpoint_off_grid]: Symbol pin or wire end off connection grid
    ; warning
    @(11647 mils, 20634 mils): Symbol U10 Pin 1 [Vdd_IO, Power input, Line]
[endpoint_off_grid]: Symbol pin or wire end off connection grid
    ; warning
    @(11747 mils, 20984 mils): Symbol F1 Pin 1 [Passive, Line]
[endpoint_off_grid]: Symbol pin or wire end off connection grid
    ; warning
    @(11747 mils, 20984 mils): Horizontal Wire, length 363 mils
[footprint_link_issues]: Footprint 'ST_HLGA-10_2x2mm_P0.5mm_LayoutBorder3x2y' not found in library 'Package_LGA'
    ; warning
    @(11747 mils, 21134 mils): Symbol U10 [LPS22HB]
[lib_symbol_issues]: The symbol library 'Device' was not found at '/Users/swaroopsahoo/Library/Mobile Documents/iCloud~md~obsidian/Documents/Skylight/Projects/Skylight/WYVERN/WYVERN-E/WYVERN Project/PCB/Ring76_KiCAD/Device.kicad_sym'
    ; warning
    @(11747 mils, 21134 mils): Symbol F1 [Fuse]
[lib_symbol_issues]: The symbol library 'Sensor_Pressure' was not found at '/Users/swaroopsahoo/Library/Mobile Documents/iCloud~md~obsidian/Documents/Skylight/Projects/Skylight/WYVERN/WYVERN-E/WYVERN Project/PCB/Ring76_KiCAD/Sensor_Pressure.kicad_sym'
    ; warning
    @(11747 mils, 21134 mils): Symbol U10 [LPS22HB]
[endpoint_off_grid]: Symbol pin or wire end off connection grid
    ; warning
    @(11770 mils, 4954 mils): Horizontal Wire, length 1568 mils
[endpoint_off_grid]: Symbol pin or wire end off connection grid
    ; warning
    @(11770 mils, 8897 mils): Vertical Wire, length 3943 mils
[endpoint_off_grid]: Symbol pin or wire end off connection grid
    ; warning
    @(11889 mils, 22545 mils): Symbol R9 Pin 1 [Passive, Line]
[endpoint_off_grid]: Symbol pin or wire end off connection grid
    ; warning
    @(11889 mils, 22545 mils): Horizontal Wire, length 147 mils
[lib_symbol_issues]: The symbol library 'Device' was not found at '/Users/swaroopsahoo/Library/Mobile Documents/iCloud~md~obsidian/Documents/Skylight/Projects/Skylight/WYVERN/WYVERN-E/WYVERN Project/PCB/Ring76_KiCAD/Device.kicad_sym'
    ; warning
    @(11889 mils, 22695 mils): Symbol R9 [R]
[endpoint_off_grid]: Symbol pin or wire end off connection grid
    ; warning
    @(12037 mils, 22545 mils): Vertical Wire, length 565 mils
[endpoint_off_grid]: Symbol pin or wire end off connection grid
    ; warning
    @(12037 mils, 23110 mils): Horizontal Wire, length 3613 mils
[endpoint_off_grid]: Symbol pin or wire end off connection grid
    ; warning
    @(12184 mils, 23110 mils): Symbol SW2 Pin 1 [1, Passive, Line]
[endpoint_off_grid]: Symbol pin or wire end off connection grid
    ; warning
    @(12234 mils, 9823 mils): Symbol R29 Pin 1 [Passive, Line]
[endpoint_off_grid]: Symbol pin or wire end off connection grid
    ; warning
    @(12234 mils, 9823 mils): Horizontal Wire, length 3423 mils
[lib_symbol_issues]: The symbol library 'Device' was not found at '/Users/swaroopsahoo/Library/Mobile Documents/iCloud~md~obsidian/Documents/Skylight/Projects/Skylight/WYVERN/WYVERN-E/WYVERN Project/PCB/Ring76_KiCAD/Device.kicad_sym'
    ; warning
    @(12234 mils, 9973 mils): Symbol R29 [R]
[endpoint_off_grid]: Symbol pin or wire end off connection grid
    ; warning
    @(12247 mils, 21234 mils): Horizontal Wire, length 3417 mils
[unconnected_wire_endpoint]: Unconnected wire endpoint
    ; warning
    @(12247 mils, 21234 mils): Horizontal Wire, length 3417 mils
[endpoint_off_grid]: Symbol pin or wire end off connection grid
    ; warning
    @(12247 mils, 21434 mils): Horizontal Wire, length 3417 mils
[unconnected_wire_endpoint]: Unconnected wire endpoint
    ; warning
    @(12247 mils, 21434 mils): Horizontal Wire, length 3417 mils
[endpoint_off_grid]: Symbol pin or wire end off connection grid
    ; warning
    @(12317 mils, 24142 mils): Horizontal Wire, length 3800 mils
[endpoint_off_grid]: Symbol pin or wire end off connection grid
    ; warning
    @(12317 mils, 24142 mils): Symbol D1 Pin 1 [K, Passive, Line]
[footprint_link_issues]: Footprint 'SW_SPST_EVQP2202' not found in library 'Button_Switch_SMD'
    ; warning
    @(12384 mils, 23110 mils): Symbol SW2 [SW_Push]
[lib_symbol_issues]: The symbol library 'Switch' was not found at '/Users/swaroopsahoo/Library/Mobile Documents/iCloud~md~obsidian/Documents/Skylight/Projects/Skylight/WYVERN/WYVERN-E/WYVERN Project/PCB/Ring76_KiCAD/Switch.kicad_sym'
    ; warning
    @(12384 mils, 23110 mils): Symbol SW2 [SW_Push]
[lib_symbol_issues]: The symbol library 'Device' was not found at '/Users/swaroopsahoo/Library/Mobile Documents/iCloud~md~obsidian/Documents/Skylight/Projects/Skylight/WYVERN/WYVERN-E/WYVERN Project/PCB/Ring76_KiCAD/Device.kicad_sym'
    ; warning
    @(12467 mils, 24142 mils): Symbol D1 [LED]
[endpoint_off_grid]: Symbol pin or wire end off connection grid
    ; warning
    @(12548 mils, 9525 mils): Symbol R30 Pin 1 [Passive, Line]
[endpoint_off_grid]: Symbol pin or wire end off connection grid
    ; warning
    @(12548 mils, 9525 mils): Horizontal Wire, length 3266 mils
[lib_symbol_issues]: The symbol library 'Device' was not found at '/Users/swaroopsahoo/Library/Mobile Documents/iCloud~md~obsidian/Documents/Skylight/Projects/Skylight/WYVERN/WYVERN-E/WYVERN Project/PCB/Ring76_KiCAD/Device.kicad_sym'
    ; warning
    @(12548 mils, 9675 mils): Symbol R30 [R]
[unconnected_wire_endpoint]: Unconnected wire endpoint
    ; warning
    @(12688 mils, 24183 mils): Vertical Wire, length 41 mils
[endpoint_off_grid]: Symbol pin or wire end off connection grid
    ; warning
    @(12688 mils, 24183 mils): Vertical Wire, length 41 mils
[endpoint_off_grid]: Symbol pin or wire end off connection grid
    ; warning
    @(12760 mils, 24183 mils): Symbol R10 Pin 1 [Passive, Line]
[endpoint_off_grid]: Symbol pin or wire end off connection grid
    ; warning
    @(12760 mils, 24183 mils): Horizontal Wire, length 72 mils
[lib_symbol_issues]: The symbol library 'Device' was not found at '/Users/swaroopsahoo/Library/Mobile Documents/iCloud~md~obsidian/Documents/Skylight/Projects/Skylight/WYVERN/WYVERN-E/WYVERN Project/PCB/Ring76_KiCAD/Device.kicad_sym'
    ; warning
    @(12760 mils, 24333 mils): Symbol R10 [R]
[endpoint_off_grid]: Symbol pin or wire end off connection grid
    ; warning
    @(12907 mils, 23339 mils): Symbol TH1 Pin 1 [Passive, Line]
[lib_symbol_issues]: The symbol library 'Device' was not found at '/Users/swaroopsahoo/Library/Mobile Documents/iCloud~md~obsidian/Documents/Skylight/Projects/Skylight/WYVERN/WYVERN-E/WYVERN Project/PCB/Ring76_KiCAD/Device.kicad_sym'
    ; warning
    @(12907 mils, 23489 mils): Symbol TH1 [Thermistor_NTC]
[endpoint_off_grid]: Symbol pin or wire end off connection grid
    ; warning
    @(12907 mils, 23639 mils): Horizontal Wire, length 3105 mils
[endpoint_off_grid]: Symbol pin or wire end off connection grid
    ; warning
    @(13338 mils, 8897 mils): Symbol R35 Pin 1 [Passive, Line]
[endpoint_off_grid]: Symbol pin or wire end off connection grid
    ; warning
    @(13338 mils, 8897 mils): Horizontal Wire, length 1568 mils
[lib_symbol_issues]: The symbol library 'Device' was not found at '/Users/swaroopsahoo/Library/Mobile Documents/iCloud~md~obsidian/Documents/Skylight/Projects/Skylight/WYVERN/WYVERN-E/WYVERN Project/PCB/Ring76_KiCAD/Device.kicad_sym'
    ; warning
    @(13338 mils, 9047 mils): Symbol R35 [R]
[endpoint_off_grid]: Symbol pin or wire end off connection grid
    ; warning
    @(13338 mils, 9197 mils): Horizontal Wire, length 2871 mils
[endpoint_off_grid]: Symbol pin or wire end off connection grid
    ; warning
    @(13428 mils, 14849 mils): Symbol L1 Pin 1 [1, Passive, Line]
[endpoint_off_grid]: Symbol pin or wire end off connection grid
    ; warning
    @(13428 mils, 14849 mils): Horizontal Wire, length 2576 mils
[lib_symbol_issues]: The symbol library 'Device' was not found at '/Users/swaroopsahoo/Library/Mobile Documents/iCloud~md~obsidian/Documents/Skylight/Projects/Skylight/WYVERN/WYVERN-E/WYVERN Project/PCB/Ring76_KiCAD/Device.kicad_sym'
    ; warning
    @(13428 mils, 14999 mils): Symbol L1 [L]
[endpoint_off_grid]: Symbol pin or wire end off connection grid
    ; warning
    @(13454 mils, 23682 mils): Symbol R8 Pin 1 [Passive, Line]
[endpoint_off_grid]: Symbol pin or wire end off connection grid
    ; warning
    @(13454 mils, 23682 mils): Horizontal Wire, length 2831 mils
[lib_symbol_issues]: The symbol library 'Device' was not found at '/Users/swaroopsahoo/Library/Mobile Documents/iCloud~md~obsidian/Documents/Skylight/Projects/Skylight/WYVERN/WYVERN-E/WYVERN Project/PCB/Ring76_KiCAD/Device.kicad_sym'
    ; warning
    @(13454 mils, 23832 mils): Symbol R8 [R]
[endpoint_off_grid]: Symbol pin or wire end off connection grid
    ; warning
    @(13539 mils, 14217 mils): Symbol #PWR021 Pin 1 [GND, Power input, Line]
[lib_symbol_issues]: The symbol library 'power' was not found at '/Users/swaroopsahoo/Library/Mobile Documents/iCloud~md~obsidian/Documents/Skylight/Projects/Skylight/WYVERN/WYVERN-E/WYVERN Project/PCB/Ring76_KiCAD/power.kicad_sym'
    ; warning
    @(13539 mils, 14217 mils): Symbol #PWR021 [GND]
[endpoint_off_grid]: Symbol pin or wire end off connection grid
    ; warning
    @(13539 mils, 14367 mils): Symbol C7 Pin 1 [Passive, Line]
[endpoint_off_grid]: Symbol pin or wire end off connection grid
    ; warning
    @(13539 mils, 14367 mils): Vertical Wire, length 150 mils
[lib_symbol_issues]: The symbol library 'Device' was not found at '/Users/swaroopsahoo/Library/Mobile Documents/iCloud~md~obsidian/Documents/Skylight/Projects/Skylight/WYVERN/WYVERN-E/WYVERN Project/PCB/Ring76_KiCAD/Device.kicad_sym'
    ; warning
    @(13539 mils, 14517 mils): Symbol C7 [C]
[endpoint_off_grid]: Symbol pin or wire end off connection grid
    ; warning
    @(13539 mils, 14667 mils): Vertical Wire, length 150 mils
[endpoint_off_grid]: Symbol pin or wire end off connection grid
    ; warning
    @(13539 mils, 14817 mils): Symbol #PWR020 Pin 1 [DVDD_INTERNAL, Power input, Line]
[lib_symbol_issues]: The symbol library 'power' was not found at '/Users/swaroopsahoo/Library/Mobile Documents/iCloud~md~obsidian/Documents/Skylight/Projects/Skylight/WYVERN/WYVERN-E/WYVERN Project/PCB/Ring76_KiCAD/power.kicad_sym'
    ; warning
    @(13539 mils, 14817 mils): Symbol #PWR020 [DVDD_INTERNAL]
[endpoint_off_grid]: Symbol pin or wire end off connection grid
    ; warning
    @(13630 mils, 12403 mils): Symbol #PWR008 Pin 1 [GND, Power input, Line]
[lib_symbol_issues]: The symbol library 'power' was not found at '/Users/swaroopsahoo/Library/Mobile Documents/iCloud~md~obsidian/Documents/Skylight/Projects/Skylight/WYVERN/WYVERN-E/WYVERN Project/PCB/Ring76_KiCAD/power.kicad_sym'
    ; warning
    @(13630 mils, 12403 mils): Symbol #PWR008 [GND]
[endpoint_off_grid]: Symbol pin or wire end off connection grid
    ; warning
    @(13630 mils, 12553 mils): Symbol C2 Pin 1 [Passive, Line]
[endpoint_off_grid]: Symbol pin or wire end off connection grid
    ; warning
    @(13630 mils, 12553 mils): Vertical Wire, length 150 mils
[lib_symbol_issues]: The symbol library 'Device' was not found at '/Users/swaroopsahoo/Library/Mobile Documents/iCloud~md~obsidian/Documents/Skylight/Projects/Skylight/WYVERN/WYVERN-E/WYVERN Project/PCB/Ring76_KiCAD/Device.kicad_sym'
    ; warning
    @(13630 mils, 12703 mils): Symbol C2 [C]
[endpoint_off_grid]: Symbol pin or wire end off connection grid
    ; warning
    @(13630 mils, 12853 mils): Vertical Wire, length 150 mils
[endpoint_off_grid]: Symbol pin or wire end off connection grid
    ; warning
    @(13630 mils, 13003 mils): Symbol #PWR007 Pin 1 [+3V3, Power input, Line]
[lib_symbol_issues]: The symbol library 'power' was not found at '/Users/swaroopsahoo/Library/Mobile Documents/iCloud~md~obsidian/Documents/Skylight/Projects/Skylight/WYVERN/WYVERN-E/WYVERN Project/PCB/Ring76_KiCAD/power.kicad_sym'
    ; warning
    @(13630 mils, 13003 mils): Symbol #PWR007 [+3V3]
[endpoint_off_grid]: Symbol pin or wire end off connection grid
    ; warning
    @(13641 mils, 13904 mils): Symbol #PWR006 Pin 1 [GND, Power input, Line]
[lib_symbol_issues]: The symbol library 'power' was not found at '/Users/swaroopsahoo/Library/Mobile Documents/iCloud~md~obsidian/Documents/Skylight/Projects/Skylight/WYVERN/WYVERN-E/WYVERN Project/PCB/Ring76_KiCAD/power.kicad_sym'
    ; warning
    @(13641 mils, 13904 mils): Symbol #PWR006 [GND]
[endpoint_off_grid]: Symbol pin or wire end off connection grid
    ; warning
    @(13641 mils, 14054 mils): Symbol C1 Pin 1 [Passive, Line]
[endpoint_off_grid]: Symbol pin or wire end off connection grid
    ; warning
    @(13641 mils, 14054 mils): Vertical Wire, length 150 mils
[lib_symbol_issues]: The symbol library 'Device' was not found at '/Users/swaroopsahoo/Library/Mobile Documents/iCloud~md~obsidian/Documents/Skylight/Projects/Skylight/WYVERN/WYVERN-E/WYVERN Project/PCB/Ring76_KiCAD/Device.kicad_sym'
    ; warning
    @(13641 mils, 14204 mils): Symbol C1 [C]
[endpoint_off_grid]: Symbol pin or wire end off connection grid
    ; warning
    @(13641 mils, 14354 mils): Vertical Wire, length 150 mils
[endpoint_off_grid]: Symbol pin or wire end off connection grid
    ; warning
    @(13641 mils, 14504 mils): Symbol #PWR005 Pin 1 [+3V3, Power input, Line]
[lib_symbol_issues]: The symbol library 'power' was not found at '/Users/swaroopsahoo/Library/Mobile Documents/iCloud~md~obsidian/Documents/Skylight/Projects/Skylight/WYVERN/WYVERN-E/WYVERN Project/PCB/Ring76_KiCAD/power.kicad_sym'
    ; warning
    @(13641 mils, 14504 mils): Symbol #PWR005 [+3V3]
[endpoint_off_grid]: Symbol pin or wire end off connection grid
    ; warning
    @(13700 mils, 13900 mils): Horizontal Wire, length 1940 mils
[endpoint_off_grid]: Symbol pin or wire end off connection grid
    ; warning
    @(13700 mils, 13900 mils): Symbol R1 Pin 1 [Passive, Line]
[lib_symbol_issues]: The symbol library 'Device' was not found at '/Users/swaroopsahoo/Library/Mobile Documents/iCloud~md~obsidian/Documents/Skylight/Projects/Skylight/WYVERN/WYVERN-E/WYVERN Project/PCB/Ring76_KiCAD/Device.kicad_sym'
    ; warning
    @(13700 mils, 14050 mils): Symbol R1 [R]
[endpoint_off_grid]: Symbol pin or wire end off connection grid
    ; warning
    @(13819 mils, 2152 mils): Symbol C50 Pin 1 [Passive, Line]
[lib_symbol_issues]: The symbol library 'Device' was not found at '/Users/swaroopsahoo/Library/Mobile Documents/iCloud~md~obsidian/Documents/Skylight/Projects/Skylight/WYVERN/WYVERN-E/WYVERN Project/PCB/Ring76_KiCAD/Device.kicad_sym'
    ; warning
    @(13819 mils, 2302 mils): Symbol C50 [C]
[endpoint_off_grid]: Symbol pin or wire end off connection grid
    ; warning
    @(13819 mils, 2452 mils): Horizontal Wire, length 18 mils
[endpoint_off_grid]: Symbol pin or wire end off connection grid
    ; warning
    @(13834 mils, 13448 mils): Symbol #PWR024 Pin 1 [GND, Power input, Line]
[lib_symbol_issues]: The symbol library 'power' was not found at '/Users/swaroopsahoo/Library/Mobile Documents/iCloud~md~obsidian/Documents/Skylight/Projects/Skylight/WYVERN/WYVERN-E/WYVERN Project/PCB/Ring76_KiCAD/power.kicad_sym'
    ; warning
    @(13834 mils, 13448 mils): Symbol #PWR024 [GND]
[endpoint_off_grid]: Symbol pin or wire end off connection grid
    ; warning
    @(13834 mils, 13598 mils): Symbol C8 Pin 1 [Passive, Line]
[endpoint_off_grid]: Symbol pin or wire end off connection grid
    ; warning
    @(13834 mils, 13598 mils): Vertical Wire, length 150 mils
[lib_symbol_issues]: The symbol library 'Device' was not found at '/Users/swaroopsahoo/Library/Mobile Documents/iCloud~md~obsidian/Documents/Skylight/Projects/Skylight/WYVERN/WYVERN-E/WYVERN Project/PCB/Ring76_KiCAD/Device.kicad_sym'
    ; warning
    @(13834 mils, 13748 mils): Symbol C8 [C]
[endpoint_off_grid]: Symbol pin or wire end off connection grid
    ; warning
    @(13834 mils, 13898 mils): Vertical Wire, length 150 mils
[endpoint_off_grid]: Symbol pin or wire end off connection grid
    ; warning
    @(13834 mils, 14048 mils): Symbol #PWR023 Pin 1 [USB_OTP_VDD_NET, Power input, Line]
[lib_symbol_issues]: The symbol library 'power' was not found at '/Users/swaroopsahoo/Library/Mobile Documents/iCloud~md~obsidian/Documents/Skylight/Projects/Skylight/WYVERN/WYVERN-E/WYVERN Project/PCB/Ring76_KiCAD/power.kicad_sym'
    ; warning
    @(13834 mils, 14048 mils): Symbol #PWR023 [USB_OTP_VDD_NET]
[endpoint_off_grid]: Symbol pin or wire end off connection grid
    ; warning
    @(13837 mils, 2452 mils): Vertical Wire, length 601 mils
[endpoint_off_grid]: Symbol pin or wire end off connection grid
    ; warning
    @(13837 mils, 3053 mils): Horizontal Wire, length 18 mils
[endpoint_off_grid]: Symbol pin or wire end off connection grid
    ; warning
    @(13855 mils, 2953 mils): Symbol J9 Pin 1 [Pin_1, Passive, Line]
[lib_symbol_issues]: The symbol library 'Connector_Generic' was not found at '/Users/swaroopsahoo/Library/Mobile Documents/iCloud~md~obsidian/Documents/Skylight/Projects/Skylight/WYVERN/WYVERN-E/WYVERN Project/PCB/Ring76_KiCAD/Connector_Generic.kicad_sym'
    ; warning
    @(14055 mils, 3053 mils): Symbol J9 [Conn_01x03]
[endpoint_off_grid]: Symbol pin or wire end off connection grid
    ; warning
    @(14170 mils, 24054 mils): Symbol R7 Pin 1 [Passive, Line]
[endpoint_off_grid]: Symbol pin or wire end off connection grid
    ; warning
    @(14170 mils, 24054 mils): Horizontal Wire, length 2473 mils
[lib_symbol_issues]: The symbol library 'Device' was not found at '/Users/swaroopsahoo/Library/Mobile Documents/iCloud~md~obsidian/Documents/Skylight/Projects/Skylight/WYVERN/WYVERN-E/WYVERN Project/PCB/Ring76_KiCAD/Device.kicad_sym'
    ; warning
    @(14170 mils, 24204 mils): Symbol R7 [R]
[endpoint_off_grid]: Symbol pin or wire end off connection grid
    ; warning
    @(14196 mils, 15819 mils): Vertical Wire, length 1000 mils
[unconnected_wire_endpoint]: Unconnected wire endpoint
    ; warning
    @(9313 mils, 15919 mils): Horizontal Wire, length 4884 mils
[endpoint_off_grid]: Symbol pin or wire end off connection grid
    ; warning
    @(14196 mils, 16719 mils): Horizontal Wire, length 5084 mils
[unconnected_wire_endpoint]: Unconnected wire endpoint
    ; warning
    @(14196 mils, 16719 mils): Horizontal Wire, length 5084 mils
[endpoint_off_grid]: Symbol pin or wire end off connection grid
    ; warning
    @(14196 mils, 16819 mils): Horizontal Wire, length 5084 mils
[endpoint_off_grid]: Symbol pin or wire end off connection grid
    ; warning
    @(14237 mils, 13580 mils): Vertical Wire, length 3240 mils
[unconnected_wire_endpoint]: Unconnected wire endpoint
    ; warning
    @(9394 mils, 13980 mils): Horizontal Wire, length 4843 mils
[unconnected_wire_endpoint]: Unconnected wire endpoint
    ; warning
    @(9394 mils, 14080 mils): Horizontal Wire, length 4843 mils
[endpoint_off_grid]: Symbol pin or wire end off connection grid
    ; warning
    @(14237 mils, 14819 mils): Horizontal Wire, length 8310 mils
[unconnected_wire_endpoint]: Unconnected wire endpoint
    ; warning
    @(14237 mils, 14819 mils): Horizontal Wire, length 8310 mils
[unconnected_wire_endpoint]: Unconnected wire endpoint
    ; warning
    @(14237 mils, 13580 mils): Vertical Wire, length 3240 mils
[endpoint_off_grid]: Symbol pin or wire end off connection grid
    ; warning
    @(14496 mils, 14619 mils): Vertical Wire, length 4228 mils
[endpoint_off_grid]: Symbol pin or wire end off connection grid
    ; warning
    @(14496 mils, 14619 mils): Horizontal Wire, length 4785 mils
[unconnected_wire_endpoint]: Unconnected wire endpoint
    ; warning
    @(9911 mils, 18647 mils): Horizontal Wire, length 4585 mils
[unconnected_wire_endpoint]: Unconnected wire endpoint
    ; warning
    @(9911 mils, 18747 mils): Horizontal Wire, length 4585 mils
[endpoint_off_grid]: Symbol pin or wire end off connection grid
    ; warning
    @(14696 mils, 13142 mils): Vertical Wire, length 4578 mils
[endpoint_off_grid]: Symbol pin or wire end off connection grid
    ; warning
    @(14696 mils, 17719 mils): Horizontal Wire, length 4585 mils
[endpoint_off_grid]: Symbol pin or wire end off connection grid
    ; warning
    @(14700 mils, 11185 mils): Vertical Wire, length 5634 mils
[unconnected_wire_endpoint]: Unconnected wire endpoint
    ; warning
    @(10320 mils, 11285 mils): Horizontal Wire, length 4380 mils
[unconnected_wire_endpoint]: Unconnected wire endpoint
    ; warning
    @(10320 mils, 11985 mils): Horizontal Wire, length 4380 mils
[endpoint_off_grid]: Symbol pin or wire end off connection grid
    ; warning
    @(14700 mils, 14719 mils): Horizontal Wire, length 4580 mils
[unconnected_wire_endpoint]: Unconnected wire endpoint
    ; warning
    @(14700 mils, 14719 mils): Horizontal Wire, length 4580 mils
[unconnected_wire_endpoint]: Unconnected wire endpoint
    ; warning
    @(14700 mils, 11185 mils): Vertical Wire, length 5634 mils
[endpoint_off_grid]: Symbol pin or wire end off connection grid
    ; warning
    @(14709 mils, 16719 mils): Vertical Wire, length 636 mils
[unconnected_wire_endpoint]: Unconnected wire endpoint
    ; warning
    @(14709 mils, 16719 mils): Vertical Wire, length 636 mils
[unconnected_wire_endpoint]: Unconnected wire endpoint
    ; warning
    @(10338 mils, 17255 mils): Horizontal Wire, length 4371 mils
[endpoint_off_grid]: Symbol pin or wire end off connection grid
    ; warning
    @(14725 mils, 3153 mils): Horizontal Wire, length 869 mils
[endpoint_off_grid]: Symbol pin or wire end off connection grid
    ; warning
    @(14725 mils, 7784 mils): Vertical Wire, length 4631 mils
[endpoint_off_grid]: Symbol pin or wire end off connection grid
    ; warning
    @(14916 mils, 24363 mils): Horizontal Wire, length 2100 mils
[endpoint_off_grid]: Symbol pin or wire end off connection grid
    ; warning
    @(14916 mils, 24363 mils): Symbol R6 Pin 1 [Passive, Line]
[lib_symbol_issues]: The symbol library 'Device' was not found at '/Users/swaroopsahoo/Library/Mobile Documents/iCloud~md~obsidian/Documents/Skylight/Projects/Skylight/WYVERN/WYVERN-E/WYVERN Project/PCB/Ring76_KiCAD/Device.kicad_sym'
    ; warning
    @(14916 mils, 24513 mils): Symbol R6 [R]
[endpoint_off_grid]: Symbol pin or wire end off connection grid
    ; warning
    @(15044 mils, 11900 mils): Symbol #PWR010 Pin 1 [GND, Power input, Line]
[lib_symbol_issues]: The symbol library 'power' was not found at '/Users/swaroopsahoo/Library/Mobile Documents/iCloud~md~obsidian/Documents/Skylight/Projects/Skylight/WYVERN/WYVERN-E/WYVERN Project/PCB/Ring76_KiCAD/power.kicad_sym'
    ; warning
    @(15044 mils, 11900 mils): Symbol #PWR010 [GND]
[endpoint_off_grid]: Symbol pin or wire end off connection grid
    ; warning
    @(15044 mils, 12050 mils): Symbol C3 Pin 1 [Passive, Line]
[endpoint_off_grid]: Symbol pin or wire end off connection grid
    ; warning
    @(15044 mils, 12050 mils): Vertical Wire, length 150 mils
[lib_symbol_issues]: The symbol library 'Device' was not found at '/Users/swaroopsahoo/Library/Mobile Documents/iCloud~md~obsidian/Documents/Skylight/Projects/Skylight/WYVERN/WYVERN-E/WYVERN Project/PCB/Ring76_KiCAD/Device.kicad_sym'
    ; warning
    @(15044 mils, 12200 mils): Symbol C3 [C]
[endpoint_off_grid]: Symbol pin or wire end off connection grid
    ; warning
    @(15044 mils, 12350 mils): Vertical Wire, length 150 mils
[endpoint_off_grid]: Symbol pin or wire end off connection grid
    ; warning
    @(15044 mils, 12500 mils): Symbol #PWR009 Pin 1 [+3V3, Power input, Line]
[lib_symbol_issues]: The symbol library 'power' was not found at '/Users/swaroopsahoo/Library/Mobile Documents/iCloud~md~obsidian/Documents/Skylight/Projects/Skylight/WYVERN/WYVERN-E/WYVERN Project/PCB/Ring76_KiCAD/power.kicad_sym'
    ; warning
    @(15044 mils, 12500 mils): Symbol #PWR009 [+3V3]
[endpoint_off_grid]: Symbol pin or wire end off connection grid
    ; warning
    @(15282 mils, 24281 mils): Symbol R3 Pin 1 [Passive, Line]
[endpoint_off_grid]: Symbol pin or wire end off connection grid
    ; warning
    @(15282 mils, 24281 mils): Horizontal Wire, length 529 mils
[lib_symbol_issues]: The symbol library 'Device' was not found at '/Users/swaroopsahoo/Library/Mobile Documents/iCloud~md~obsidian/Documents/Skylight/Projects/Skylight/WYVERN/WYVERN-E/WYVERN Project/PCB/Ring76_KiCAD/Device.kicad_sym'
    ; warning
    @(15282 mils, 24431 mils): Symbol R3 [R]
[endpoint_off_grid]: Symbol pin or wire end off connection grid
    ; warning
    @(15300 mils, 16719 mils): Vertical Wire, length 3334 mils
[unconnected_wire_endpoint]: Unconnected wire endpoint
    ; warning
    @(15300 mils, 16719 mils): Vertical Wire, length 3334 mils
[unconnected_wire_endpoint]: Unconnected wire endpoint
    ; warning
    @(11520 mils, 19853 mils): Horizontal Wire, length 3780 mils
[endpoint_off_grid]: Symbol pin or wire end off connection grid
    ; warning
    @(15301 mils, 10936 mils): Vertical Wire, length 6683 mils
[endpoint_off_grid]: Symbol pin or wire end off connection grid
    ; warning
    @(15301 mils, 17619 mils): Horizontal Wire, length 3980 mils
[endpoint_off_grid]: Symbol pin or wire end off connection grid
    ; warning
    @(15541 mils, 23605 mils): Horizontal Wire, length 1570 mils
[endpoint_off_grid]: Symbol pin or wire end off connection grid
    ; warning
    @(15541 mils, 23705 mils): Horizontal Wire, length 1570 mils
[endpoint_off_grid]: Symbol pin or wire end off connection grid
    ; warning
    @(15541 mils, 23905 mils): Horizontal Wire, length 1570 mils
[endpoint_off_grid]: Symbol pin or wire end off connection grid
    ; warning
    @(15541 mils, 24005 mils): Horizontal Wire, length 1570 mils
[endpoint_off_grid]: Symbol pin or wire end off connection grid
    ; warning
    @(15594 mils, 7784 mils): Symbol R36 Pin 1 [Passive, Line]
[endpoint_off_grid]: Symbol pin or wire end off connection grid
    ; warning
    @(15594 mils, 7784 mils): Horizontal Wire, length 869 mils
[lib_symbol_issues]: The symbol library 'Device' was not found at '/Users/swaroopsahoo/Library/Mobile Documents/iCloud~md~obsidian/Documents/Skylight/Projects/Skylight/WYVERN/WYVERN-E/WYVERN Project/PCB/Ring76_KiCAD/Device.kicad_sym'
    ; warning
    @(15594 mils, 7934 mils): Symbol R36 [R]
[endpoint_off_grid]: Symbol pin or wire end off connection grid
    ; warning
    @(15594 mils, 8084 mils): Horizontal Wire, length 1743 mils
[endpoint_off_grid]: Symbol pin or wire end off connection grid
    ; warning
    @(15640 mils, 13900 mils): Vertical Wire, length 4120 mils
[endpoint_off_grid]: Symbol pin or wire end off connection grid
    ; warning
    @(15640 mils, 18019 mils): Horizontal Wire, length 2940 mils
[endpoint_off_grid]: Symbol pin or wire end off connection grid
    ; warning
    @(15650 mils, 23110 mils): Vertical Wire, length 252 mils
[endpoint_off_grid]: Symbol pin or wire end off connection grid
    ; warning
    @(15650 mils, 23361 mils): Horizontal Wire, length 3466 mils
[endpoint_off_grid]: Symbol pin or wire end off connection grid
    ; warning
    @(15657 mils, 9823 mils): Vertical Wire, length 6996 mils
[unconnected_wire_endpoint]: Unconnected wire endpoint
    ; warning
    @(15657 mils, 9823 mils): Vertical Wire, length 6996 mils
[endpoint_off_grid]: Symbol pin or wire end off connection grid
    ; warning
    @(15664 mils, 16719 mils): Vertical Wire, length 4715 mils
[unconnected_wire_endpoint]: Unconnected wire endpoint
    ; warning
    @(15664 mils, 16719 mils): Vertical Wire, length 4715 mils
[unconnected_wire_endpoint]: Unconnected wire endpoint
    ; warning
    @(12247 mils, 21234 mils): Horizontal Wire, length 3417 mils
[endpoint_off_grid]: Symbol pin or wire end off connection grid
    ; warning
    @(15784 mils, 10595 mils): Symbol #PWR012 Pin 1 [GND, Power input, Line]
[lib_symbol_issues]: The symbol library 'power' was not found at '/Users/swaroopsahoo/Library/Mobile Documents/iCloud~md~obsidian/Documents/Skylight/Projects/Skylight/WYVERN/WYVERN-E/WYVERN Project/PCB/Ring76_KiCAD/power.kicad_sym'
    ; warning
    @(15784 mils, 10595 mils): Symbol #PWR012 [GND]
[endpoint_off_grid]: Symbol pin or wire end off connection grid
    ; warning
    @(15784 mils, 10745 mils): Symbol C4 Pin 1 [Passive, Line]
[endpoint_off_grid]: Symbol pin or wire end off connection grid
    ; warning
    @(15784 mils, 10745 mils): Vertical Wire, length 150 mils
[lib_symbol_issues]: The symbol library 'Device' was not found at '/Users/swaroopsahoo/Library/Mobile Documents/iCloud~md~obsidian/Documents/Skylight/Projects/Skylight/WYVERN/WYVERN-E/WYVERN Project/PCB/Ring76_KiCAD/Device.kicad_sym'
    ; warning
    @(15784 mils, 10895 mils): Symbol C4 [C]
[endpoint_off_grid]: Symbol pin or wire end off connection grid
    ; warning
    @(15784 mils, 11045 mils): Vertical Wire, length 150 mils
[endpoint_off_grid]: Symbol pin or wire end off connection grid
    ; warning
    @(15784 mils, 11195 mils): Symbol #PWR011 Pin 1 [+3V3, Power input, Line]
[lib_symbol_issues]: The symbol library 'power' was not found at '/Users/swaroopsahoo/Library/Mobile Documents/iCloud~md~obsidian/Documents/Skylight/Projects/Skylight/WYVERN/WYVERN-E/WYVERN Project/PCB/Ring76_KiCAD/power.kicad_sym'
    ; warning
    @(15784 mils, 11195 mils): Symbol #PWR011 [+3V3]
[unconnected_wire_endpoint]: Unconnected wire endpoint
    ; warning
    @(15811 mils, 24281 mils): Vertical Wire, length 576 mils
[endpoint_off_grid]: Symbol pin or wire end off connection grid
    ; warning
    @(15811 mils, 24281 mils): Vertical Wire, length 576 mils
[endpoint_off_grid]: Symbol pin or wire end off connection grid
    ; warning
    @(15814 mils, 9525 mils): Vertical Wire, length 7194 mils
[unconnected_wire_endpoint]: Unconnected wire endpoint
    ; warning
    @(15814 mils, 9525 mils): Vertical Wire, length 7194 mils
[endpoint_off_grid]: Symbol pin or wire end off connection grid
    ; warning
    @(15842 mils, 24496 mils): Symbol #PWR059 Pin 1 [GND, Power input, Line]
[lib_symbol_issues]: The symbol library 'power' was not found at '/Users/swaroopsahoo/Library/Mobile Documents/iCloud~md~obsidian/Documents/Skylight/Projects/Skylight/WYVERN/WYVERN-E/WYVERN Project/PCB/Ring76_KiCAD/power.kicad_sym'
    ; warning
    @(15842 mils, 24496 mils): Symbol #PWR059 [GND]
[endpoint_off_grid]: Symbol pin or wire end off connection grid
    ; warning
    @(15842 mils, 24646 mils): Symbol C17 Pin 1 [Passive, Line]
[endpoint_off_grid]: Symbol pin or wire end off connection grid
    ; warning
    @(15842 mils, 24646 mils): Vertical Wire, length 150 mils
[lib_symbol_issues]: The symbol library 'Device' was not found at '/Users/swaroopsahoo/Library/Mobile Documents/iCloud~md~obsidian/Documents/Skylight/Projects/Skylight/WYVERN/WYVERN-E/WYVERN Project/PCB/Ring76_KiCAD/Device.kicad_sym'
    ; warning
    @(15842 mils, 24796 mils): Symbol C17 [C]
[endpoint_off_grid]: Symbol pin or wire end off connection grid
    ; warning
    @(15842 mils, 24946 mils): Vertical Wire, length 150 mils
[endpoint_off_grid]: Symbol pin or wire end off connection grid
    ; warning
    @(15842 mils, 25096 mils): Symbol #PWR058 Pin 1 [BATP_NET, Power input, Line]
[lib_symbol_issues]: The symbol library 'power' was not found at '/Users/swaroopsahoo/Library/Mobile Documents/iCloud~md~obsidian/Documents/Skylight/Projects/Skylight/WYVERN/WYVERN-E/WYVERN Project/PCB/Ring76_KiCAD/power.kicad_sym'
    ; warning
    @(15842 mils, 25096 mils): Symbol #PWR058 [BATP_NET]
[endpoint_off_grid]: Symbol pin or wire end off connection grid
    ; warning
    @(15854 mils, 15149 mils): Horizontal Wire, length 2426 mils
[endpoint_off_grid]: Symbol pin or wire end off connection grid
    ; warning
    @(15854 mils, 18019 mils): Vertical Wire, length 2870 mils
[unconnected_wire_endpoint]: Unconnected wire endpoint
    ; warning
    @(15854 mils, 18019 mils): Vertical Wire, length 2870 mils
[unconnected_wire_endpoint]: Unconnected wire endpoint
    ; warning
    @(15904 mils, 18019 mils): Vertical Wire, length 3170 mils
[endpoint_off_grid]: Symbol pin or wire end off connection grid
    ; warning
    @(15904 mils, 18019 mils): Vertical Wire, length 3170 mils
[unconnected_wire_endpoint]: Unconnected wire endpoint
    ; warning
    @(15904 mils, 18019 mils): Vertical Wire, length 3170 mils
[footprint_link_issues]: Footprint 'SSOP-10-1EP_3.9x4.9mm_P1mm_EP2.1x3.3mm' not found in library 'Package_SO'
    ; warning
    @(15941 mils, 23805 mils): Symbol U2 [CH224K]
[lib_symbol_issues]: The symbol library 'Interface_USB' was not found at '/Users/swaroopsahoo/Library/Mobile Documents/iCloud~md~obsidian/Documents/Skylight/Projects/Skylight/WYVERN/WYVERN-E/WYVERN Project/PCB/Ring76_KiCAD/Interface_USB.kicad_sym'
    ; warning
    @(15941 mils, 23805 mils): Symbol U2 [CH224K]
[endpoint_off_grid]: Symbol pin or wire end off connection grid
    ; warning
    @(15974 mils, 9419 mils): Symbol D7 Pin 1 [K, Passive, Line]
[endpoint_off_grid]: Symbol pin or wire end off connection grid
    ; warning
    @(16004 mils, 18019 mils): Vertical Wire, length 3170 mils
[unconnected_wire_endpoint]: Unconnected wire endpoint
    ; warning
    @(16004 mils, 18019 mils): Vertical Wire, length 3170 mils
[endpoint_off_grid]: Symbol pin or wire end off connection grid
    ; warning
    @(16011 mils, 22861 mils): Horizontal Wire, length 3905 mils
[endpoint_off_grid]: Symbol pin or wire end off connection grid
    ; warning
    @(16011 mils, 23639 mils): Vertical Wire, length 778 mils
[endpoint_off_grid]: Symbol pin or wire end off connection grid
    ; warning
    @(16041 mils, 23405 mils): Symbol U2 Pin 1 [VDD, Power input, Line]
[endpoint_off_grid]: Symbol pin or wire end off connection grid
    ; warning
    @(16116 mils, 23861 mils): Horizontal Wire, length 3800 mils
[endpoint_off_grid]: Symbol pin or wire end off connection grid
    ; warning
    @(16116 mils, 24142 mils): Vertical Wire, length 281 mils
[lib_symbol_issues]: The symbol library 'Device' was not found at '/Users/swaroopsahoo/Library/Mobile Documents/iCloud~md~obsidian/Documents/Skylight/Projects/Skylight/WYVERN/WYVERN-E/WYVERN Project/PCB/Ring76_KiCAD/Device.kicad_sym'
    ; warning
    @(16124 mils, 9419 mils): Symbol D7 [LED]
[endpoint_off_grid]: Symbol pin or wire end off connection grid
    ; warning
    @(16209 mils, 9197 mils): Vertical Wire, length 8322 mils
[endpoint_off_grid]: Symbol pin or wire end off connection grid
    ; warning
    @(16209 mils, 17519 mils): Horizontal Wire, length 3071 mils
[unconnected_wire_endpoint]: Unconnected wire endpoint
    ; warning
    @(16285 mils, 23682 mils): Vertical Wire, length 820 mils
[endpoint_off_grid]: Symbol pin or wire end off connection grid
    ; warning
    @(16285 mils, 23682 mils): Vertical Wire, length 820 mils
[endpoint_off_grid]: Symbol pin or wire end off connection grid
    ; warning
    @(16311 mils, 9204 mils): Vertical Wire, length 215 mils
[endpoint_off_grid]: Symbol pin or wire end off connection grid
    ; warning
    @(16311 mils, 9419 mils): Horizontal Wire, length 37 mils
[endpoint_off_grid]: Symbol pin or wire end off connection grid
    ; warning
    @(16348 mils, 9204 mils): Symbol R43 Pin 1 [Passive, Line]
[endpoint_off_grid]: Symbol pin or wire end off connection grid
    ; warning
    @(16348 mils, 9204 mils): Horizontal Wire, length 37 mils
[lib_symbol_issues]: The symbol library 'Device' was not found at '/Users/swaroopsahoo/Library/Mobile Documents/iCloud~md~obsidian/Documents/Skylight/Projects/Skylight/WYVERN/WYVERN-E/WYVERN Project/PCB/Ring76_KiCAD/Device.kicad_sym'
    ; warning
    @(16348 mils, 9354 mils): Symbol R43 [R]
[endpoint_off_grid]: Symbol pin or wire end off connection grid
    ; warning
    @(16348 mils, 9504 mils): Horizontal Wire, length 1366 mils
[endpoint_off_grid]: Symbol pin or wire end off connection grid
    ; warning
    @(16474 mils, 24781 mils): Horizontal Wire, length 1721 mils
[endpoint_off_grid]: Symbol pin or wire end off connection grid
    ; warning
    @(16474 mils, 24781 mils): Symbol R5 Pin 1 [Passive, Line]
[lib_symbol_issues]: The symbol library 'Device' was not found at '/Users/swaroopsahoo/Library/Mobile Documents/iCloud~md~obsidian/Documents/Skylight/Projects/Skylight/WYVERN/WYVERN-E/WYVERN Project/PCB/Ring76_KiCAD/Device.kicad_sym'
    ; warning
    @(16474 mils, 24931 mils): Symbol R5 [R]
[endpoint_off_grid]: Symbol pin or wire end off connection grid
    ; warning
    @(16508 mils, 24437 mils): Symbol #PWR041 Pin 1 [GND, Power input, Line]
[lib_symbol_issues]: The symbol library 'power' was not found at '/Users/swaroopsahoo/Library/Mobile Documents/iCloud~md~obsidian/Documents/Skylight/Projects/Skylight/WYVERN/WYVERN-E/WYVERN Project/PCB/Ring76_KiCAD/power.kicad_sym'
    ; warning
    @(16508 mils, 24437 mils): Symbol #PWR041 [GND]
[endpoint_off_grid]: Symbol pin or wire end off connection grid
    ; warning
    @(16508 mils, 24587 mils): Symbol C10 Pin 1 [Passive, Line]
[endpoint_off_grid]: Symbol pin or wire end off connection grid
    ; warning
    @(16508 mils, 24587 mils): Vertical Wire, length 150 mils
[lib_symbol_issues]: The symbol library 'Device' was not found at '/Users/swaroopsahoo/Library/Mobile Documents/iCloud~md~obsidian/Documents/Skylight/Projects/Skylight/WYVERN/WYVERN-E/WYVERN Project/PCB/Ring76_KiCAD/Device.kicad_sym'
    ; warning
    @(16508 mils, 24737 mils): Symbol C10 [C]
[endpoint_off_grid]: Symbol pin or wire end off connection grid
    ; warning
    @(16508 mils, 24887 mils): Vertical Wire, length 150 mils
[endpoint_off_grid]: Symbol pin or wire end off connection grid
    ; warning
    @(16508 mils, 25037 mils): Symbol #PWR040 Pin 1 [VBUS_PD, Power input, Line]
[lib_symbol_issues]: The symbol library 'power' was not found at '/Users/swaroopsahoo/Library/Mobile Documents/iCloud~md~obsidian/Documents/Skylight/Projects/Skylight/WYVERN/WYVERN-E/WYVERN Project/PCB/Ring76_KiCAD/power.kicad_sym'
    ; warning
    @(16508 mils, 25037 mils): Symbol #PWR040 [VBUS_PD]
[endpoint_off_grid]: Symbol pin or wire end off connection grid
    ; warning
    @(16643 mils, 23061 mils): Horizontal Wire, length 2473 mils
[endpoint_off_grid]: Symbol pin or wire end off connection grid
    ; warning
    @(16643 mils, 24054 mils): Vertical Wire, length 993 mils
[endpoint_off_grid]: Symbol pin or wire end off connection grid
    ; warning
    @(16905 mils, 9854 mils): Symbol #PWR258 Pin 1 [GND, Power input, Line]
[lib_symbol_issues]: The symbol library 'power' was not found at '/Users/swaroopsahoo/Library/Mobile Documents/iCloud~md~obsidian/Documents/Skylight/Projects/Skylight/WYVERN/WYVERN-E/WYVERN Project/PCB/Ring76_KiCAD/power.kicad_sym'
    ; warning
    @(16905 mils, 9854 mils): Symbol #PWR258 [GND]
[endpoint_off_grid]: Symbol pin or wire end off connection grid
    ; warning
    @(16905 mils, 10004 mils): Symbol D6 Pin 1 [K, Passive, Line]
[endpoint_off_grid]: Symbol pin or wire end off connection grid
    ; warning
    @(16905 mils, 10004 mils): Vertical Wire, length 150 mils
[endpoint_off_grid]: Symbol pin or wire end off connection grid
    ; warning
    @(17016 mils, 23161 mils): Horizontal Wire, length 2100 mils
[endpoint_off_grid]: Symbol pin or wire end off connection grid
    ; warning
    @(17016 mils, 24363 mils): Vertical Wire, length 1202 mils
[lib_symbol_issues]: The symbol library 'Device' was not found at '/Users/swaroopsahoo/Library/Mobile Documents/iCloud~md~obsidian/Documents/Skylight/Projects/Skylight/WYVERN/WYVERN-E/WYVERN Project/PCB/Ring76_KiCAD/Device.kicad_sym'
    ; warning
    @(17055 mils, 10004 mils): Symbol D6 [LED]
[endpoint_off_grid]: Symbol pin or wire end off connection grid
    ; warning
    @(17055 mils, 10090 mils): Symbol R42 Pin 1 [Passive, Line]
[endpoint_off_grid]: Symbol pin or wire end off connection grid
    ; warning
    @(17055 mils, 10090 mils): Horizontal Wire, length 200 mils
[lib_symbol_issues]: The symbol library 'Device' was not found at '/Users/swaroopsahoo/Library/Mobile Documents/iCloud~md~obsidian/Documents/Skylight/Projects/Skylight/WYVERN/WYVERN-E/WYVERN Project/PCB/Ring76_KiCAD/Device.kicad_sym'
    ; warning
    @(17055 mils, 10240 mils): Symbol R42 [R]
[endpoint_off_grid]: Symbol pin or wire end off connection grid
    ; warning
    @(17055 mils, 10390 mils): Vertical Wire, length 150 mils
[endpoint_off_grid]: Symbol pin or wire end off connection grid
    ; warning
    @(17055 mils, 10540 mils): Symbol #PWR257 Pin 1 [+5V_SERVO, Power input, Line]
[lib_symbol_issues]: The symbol library 'power' was not found at '/Users/swaroopsahoo/Library/Mobile Documents/iCloud~md~obsidian/Documents/Skylight/Projects/Skylight/WYVERN/WYVERN-E/WYVERN Project/PCB/Ring76_KiCAD/power.kicad_sym'
    ; warning
    @(17055 mils, 10540 mils): Symbol #PWR257 [+5V_SERVO]
[endpoint_off_grid]: Symbol pin or wire end off connection grid
    ; warning
    @(17080 mils, 13819 mils): Horizontal Wire, length 200 mils
[unconnected_wire_endpoint]: Unconnected wire endpoint
    ; warning
    @(17080 mils, 13819 mils): Horizontal Wire, length 200 mils
[endpoint_off_grid]: Symbol pin or wire end off connection grid
    ; warning
    @(17080 mils, 13919 mils): Horizontal Wire, length 200 mils
[unconnected_wire_endpoint]: Unconnected wire endpoint
    ; warning
    @(17080 mils, 13919 mils): Horizontal Wire, length 200 mils
[endpoint_off_grid]: Symbol pin or wire end off connection grid
    ; warning
    @(17080 mils, 14019 mils): Horizontal Wire, length 200 mils
[unconnected_wire_endpoint]: Unconnected wire endpoint
    ; warning
    @(17080 mils, 14019 mils): Horizontal Wire, length 200 mils
[endpoint_off_grid]: Symbol pin or wire end off connection grid
    ; warning
    @(17080 mils, 14119 mils): Horizontal Wire, length 1218 mils
[unconnected_wire_endpoint]: Unconnected wire endpoint
    ; warning
    @(17080 mils, 14119 mils): Horizontal Wire, length 1218 mils
[endpoint_off_grid]: Symbol pin or wire end off connection grid
    ; warning
    @(17080 mils, 14219 mils): Horizontal Wire, length 1218 mils
[unconnected_wire_endpoint]: Unconnected wire endpoint
    ; warning
    @(17080 mils, 14219 mils): Horizontal Wire, length 1218 mils
[endpoint_off_grid]: Symbol pin or wire end off connection grid
    ; warning
    @(17080 mils, 14319 mils): Horizontal Wire, length 1218 mils
[unconnected_wire_endpoint]: Unconnected wire endpoint
    ; warning
    @(17080 mils, 14319 mils): Horizontal Wire, length 1218 mils
[endpoint_off_grid]: Symbol pin or wire end off connection grid
    ; warning
    @(17080 mils, 14419 mils): Horizontal Wire, length 1218 mils
[unconnected_wire_endpoint]: Unconnected wire endpoint
    ; warning
    @(17080 mils, 14419 mils): Horizontal Wire, length 1218 mils
[endpoint_off_grid]: Symbol pin or wire end off connection grid
    ; warning
    @(17080 mils, 14519 mils): Horizontal Wire, length 3880 mils
[endpoint_off_grid]: Symbol pin or wire end off connection grid
    ; warning
    @(17080 mils, 14919 mils): Horizontal Wire, length 8093 mils
[endpoint_off_grid]: Symbol pin or wire end off connection grid
    ; warning
    @(17080 mils, 15219 mils): Horizontal Wire, length 200 mils
[endpoint_off_grid]: Symbol pin or wire end off connection grid
    ; warning
    @(17080 mils, 15619 mils): Horizontal Wire, length 8093 mils
[endpoint_off_grid]: Symbol pin or wire end off connection grid
    ; warning
    @(17080 mils, 15919 mils): Horizontal Wire, length 14186 mils
[unconnected_wire_endpoint]: Unconnected wire endpoint
    ; warning
    @(17080 mils, 15919 mils): Horizontal Wire, length 14186 mils
[endpoint_off_grid]: Symbol pin or wire end off connection grid
    ; warning
    @(17080 mils, 16019 mils): Horizontal Wire, length 8093 mils
[endpoint_off_grid]: Symbol pin or wire end off connection grid
    ; warning
    @(17080 mils, 16119 mils): Horizontal Wire, length 7339 mils
[unconnected_wire_endpoint]: Unconnected wire endpoint
    ; warning
    @(17080 mils, 16119 mils): Horizontal Wire, length 7339 mils
[endpoint_off_grid]: Symbol pin or wire end off connection grid
    ; warning
    @(17080 mils, 16219 mils): Horizontal Wire, length 7339 mils
[unconnected_wire_endpoint]: Unconnected wire endpoint
    ; warning
    @(17080 mils, 16219 mils): Horizontal Wire, length 7339 mils
[endpoint_off_grid]: Symbol pin or wire end off connection grid
    ; warning
    @(17080 mils, 16319 mils): Horizontal Wire, length 7339 mils
[unconnected_wire_endpoint]: Unconnected wire endpoint
    ; warning
    @(17080 mils, 16319 mils): Horizontal Wire, length 7339 mils
[endpoint_off_grid]: Symbol pin or wire end off connection grid
    ; warning
    @(17080 mils, 16419 mils): Horizontal Wire, length 7339 mils
[endpoint_off_grid]: Symbol pin or wire end off connection grid
    ; warning
    @(17080 mils, 17119 mils): Horizontal Wire, length 5467 mils
[endpoint_off_grid]: Symbol pin or wire end off connection grid
    ; warning
    @(17110 mils, 23605 mils): Vertical Wire, length 6400 mils
[unconnected_wire_endpoint]: Unconnected wire endpoint
    ; warning
    @(15541 mils, 23705 mils): Horizontal Wire, length 1570 mils
[unconnected_wire_endpoint]: Unconnected wire endpoint
    ; warning
    @(15541 mils, 23905 mils): Horizontal Wire, length 1570 mils
[unconnected_wire_endpoint]: Unconnected wire endpoint
    ; warning
    @(15541 mils, 24005 mils): Horizontal Wire, length 1570 mils
[endpoint_off_grid]: Symbol pin or wire end off connection grid
    ; warning
    @(17110 mils, 29505 mils): Horizontal Wire, length 1570 mils
[unconnected_wire_endpoint]: Unconnected wire endpoint
    ; warning
    @(17110 mils, 29505 mils): Horizontal Wire, length 1570 mils
[endpoint_off_grid]: Symbol pin or wire end off connection grid
    ; warning
    @(17110 mils, 29705 mils): Horizontal Wire, length 1788 mils
[unconnected_wire_endpoint]: Unconnected wire endpoint
    ; warning
    @(17110 mils, 29705 mils): Horizontal Wire, length 1788 mils
[endpoint_off_grid]: Symbol pin or wire end off connection grid
    ; warning
    @(17110 mils, 29905 mils): Horizontal Wire, length 1570 mils
[unconnected_wire_endpoint]: Unconnected wire endpoint
    ; warning
    @(17110 mils, 29905 mils): Horizontal Wire, length 1570 mils
[endpoint_off_grid]: Symbol pin or wire end off connection grid
    ; warning
    @(17110 mils, 30005 mils): Horizontal Wire, length 1570 mils
[endpoint_off_grid]: Symbol pin or wire end off connection grid
    ; warning
    @(17205 mils, 10004 mils): Horizontal Wire, length 200 mils
[unconnected_wire_endpoint]: Unconnected wire endpoint
    ; warning
    @(17055 mils, 10090 mils): Horizontal Wire, length 200 mils
[endpoint_off_grid]: Symbol pin or wire end off connection grid
    ; warning
    @(17260 mils, 10867 mils): Symbol #PWR014 Pin 1 [GND, Power input, Line]
[lib_symbol_issues]: The symbol library 'power' was not found at '/Users/swaroopsahoo/Library/Mobile Documents/iCloud~md~obsidian/Documents/Skylight/Projects/Skylight/WYVERN/WYVERN-E/WYVERN Project/PCB/Ring76_KiCAD/power.kicad_sym'
    ; warning
    @(17260 mils, 10867 mils): Symbol #PWR014 [GND]
[endpoint_off_grid]: Symbol pin or wire end off connection grid
    ; warning
    @(17260 mils, 11017 mils): Symbol C5 Pin 1 [Passive, Line]
[endpoint_off_grid]: Symbol pin or wire end off connection grid
    ; warning
    @(17260 mils, 11017 mils): Vertical Wire, length 150 mils
[lib_symbol_issues]: The symbol library 'Device' was not found at '/Users/swaroopsahoo/Library/Mobile Documents/iCloud~md~obsidian/Documents/Skylight/Projects/Skylight/WYVERN/WYVERN-E/WYVERN Project/PCB/Ring76_KiCAD/Device.kicad_sym'
    ; warning
    @(17260 mils, 11167 mils): Symbol C5 [C]
[endpoint_off_grid]: Symbol pin or wire end off connection grid
    ; warning
    @(17260 mils, 11317 mils): Vertical Wire, length 150 mils
[endpoint_off_grid]: Symbol pin or wire end off connection grid
    ; warning
    @(17260 mils, 11467 mils): Symbol #PWR013 Pin 1 [+3V3, Power input, Line]
[lib_symbol_issues]: The symbol library 'power' was not found at '/Users/swaroopsahoo/Library/Mobile Documents/iCloud~md~obsidian/Documents/Skylight/Projects/Skylight/WYVERN/WYVERN-E/WYVERN Project/PCB/Ring76_KiCAD/power.kicad_sym'
    ; warning
    @(17260 mils, 11467 mils): Symbol #PWR013 [+3V3]
[endpoint_off_grid]: Symbol pin or wire end off connection grid
    ; warning
    @(17274 mils, 24736 mils): Symbol #PWR054 Pin 1 [GND, Power input, Line]
[lib_symbol_issues]: The symbol library 'power' was not found at '/Users/swaroopsahoo/Library/Mobile Documents/iCloud~md~obsidian/Documents/Skylight/Projects/Skylight/WYVERN/WYVERN-E/WYVERN Project/PCB/Ring76_KiCAD/power.kicad_sym'
    ; warning
    @(17274 mils, 24736 mils): Symbol #PWR054 [GND]
[endpoint_off_grid]: Symbol pin or wire end off connection grid
    ; warning
    @(17274 mils, 24886 mils): Symbol C16 Pin 1 [Passive, Line]
[endpoint_off_grid]: Symbol pin or wire end off connection grid
    ; warning
    @(17274 mils, 24886 mils): Vertical Wire, length 150 mils
[lib_symbol_issues]: The symbol library 'Device' was not found at '/Users/swaroopsahoo/Library/Mobile Documents/iCloud~md~obsidian/Documents/Skylight/Projects/Skylight/WYVERN/WYVERN-E/WYVERN Project/PCB/Ring76_KiCAD/Device.kicad_sym'
    ; warning
    @(17274 mils, 25036 mils): Symbol C16 [C]
[endpoint_off_grid]: Symbol pin or wire end off connection grid
    ; warning
    @(17274 mils, 25186 mils): Vertical Wire, length 150 mils
[endpoint_off_grid]: Symbol pin or wire end off connection grid
    ; warning
    @(17274 mils, 25336 mils): Symbol #PWR053 Pin 1 [REGN_NET, Power input, Line]
[lib_symbol_issues]: The symbol library 'power' was not found at '/Users/swaroopsahoo/Library/Mobile Documents/iCloud~md~obsidian/Documents/Skylight/Projects/Skylight/WYVERN/WYVERN-E/WYVERN Project/PCB/Ring76_KiCAD/power.kicad_sym'
    ; warning
    @(17274 mils, 25336 mils): Symbol #PWR053 [REGN_NET]
[unconnected_wire_endpoint]: Unconnected wire endpoint
    ; warning
    @(17080 mils, 13819 mils): Horizontal Wire, length 200 mils
[unconnected_wire_endpoint]: Unconnected wire endpoint
    ; warning
    @(17080 mils, 13919 mils): Horizontal Wire, length 200 mils
[unconnected_wire_endpoint]: Unconnected wire endpoint
    ; warning
    @(17080 mils, 14019 mils): Horizontal Wire, length 200 mils
[unconnected_wire_endpoint]: Unconnected wire endpoint
    ; warning
    @(17080 mils, 15219 mils): Horizontal Wire, length 200 mils
[isolated_pin_label]: Label connected to only one pin
    ; warning
    @(17300 mils, 14419 mils): Label 'MIC_BCLK'
[isolated_pin_label]: Label connected to only one pin
    ; warning
    @(17300 mils, 14519 mils): Label 'PSRAM_CS'
[multiple_net_names]: Both CHG_INT and PSRAM_CS are attached to the same items; CHG_INT will be used in the netlist
    ; warning
    @(19300 mils, 14519 mils): Label 'CHG_INT'
    @(17300 mils, 14519 mils): Label 'PSRAM_CS'
[endpoint_off_grid]: Symbol pin or wire end off connection grid
    ; warning
    @(17337 mils, 8084 mils): Vertical Wire, length 9335 mils
[endpoint_off_grid]: Symbol pin or wire end off connection grid
    ; warning
    @(17337 mils, 17419 mils): Horizontal Wire, length 1943 mils
[unconnected_wire_endpoint]: Unconnected wire endpoint
    ; warning
    @(17205 mils, 10004 mils): Horizontal Wire, length 200 mils
[endpoint_off_grid]: Symbol pin or wire end off connection grid
    ; warning
    @(17680 mils, 18019 mils): Vertical Wire, length 150 mils
[unconnected_wire_endpoint]: Unconnected wire endpoint
    ; warning
    @(17680 mils, 18019 mils): Vertical Wire, length 150 mils
[endpoint_off_grid]: Symbol pin or wire end off connection grid
    ; warning
    @(17680 mils, 18169 mils): Symbol #PWR003 Pin 1 [+3V3, Power input, Line]
[lib_symbol_issues]: The symbol library 'power' was not found at '/Users/swaroopsahoo/Library/Mobile Documents/iCloud~md~obsidian/Documents/Skylight/Projects/Skylight/WYVERN/WYVERN-E/WYVERN Project/PCB/Ring76_KiCAD/power.kicad_sym'
    ; warning
    @(17680 mils, 18169 mils): Symbol #PWR003 [+3V3]
[endpoint_off_grid]: Symbol pin or wire end off connection grid
    ; warning
    @(17714 mils, 9504 mils): Vertical Wire, length 4515 mils
[endpoint_off_grid]: Symbol pin or wire end off connection grid
    ; warning
    @(17714 mils, 14019 mils): Horizontal Wire, length 1566 mils
[endpoint_off_grid]: Symbol pin or wire end off connection grid
    ; warning
    @(17880 mils, 2333 mils): Symbol J10 Pin 1 [Pin_1, Passive, Line]
[endpoint_off_grid]: Symbol pin or wire end off connection grid
    ; warning
    @(17880 mils, 16719 mils): Vertical Wire, length 12986 mils
[unconnected_wire_endpoint]: Unconnected wire endpoint
    ; warning
    @(17880 mils, 16719 mils): Vertical Wire, length 12986 mils
[endpoint_off_grid]: Symbol pin or wire end off connection grid
    ; warning
    @(17880 mils, 18169 mils): Symbol #PWR004 Pin 1 [+3V3, Power input, Line]
[lib_symbol_issues]: The symbol library 'power' was not found at '/Users/swaroopsahoo/Library/Mobile Documents/iCloud~md~obsidian/Documents/Skylight/Projects/Skylight/WYVERN/WYVERN-E/WYVERN Project/PCB/Ring76_KiCAD/power.kicad_sym'
    ; warning
    @(17880 mils, 18169 mils): Symbol #PWR004 [+3V3]
[unconnected_wire_endpoint]: Unconnected wire endpoint
    ; warning
    @(17880 mils, 16719 mils): Vertical Wire, length 12986 mils
[endpoint_off_grid]: Symbol pin or wire end off connection grid
    ; warning
    @(17980 mils, 1796 mils): Vertical Wire, length 637 mils
[endpoint_off_grid]: Symbol pin or wire end off connection grid
    ; warning
    @(17980 mils, 2433 mils): Horizontal Wire, length 100 mils
[endpoint_off_grid]: Symbol pin or wire end off connection grid
    ; warning
    @(17980 mils, 2533 mils): Horizontal Wire, length 100 mils
[endpoint_off_grid]: Symbol pin or wire end off connection grid
    ; warning
    @(17980 mils, 7402 mils): Vertical Wire, length 4868 mils
[endpoint_off_grid]: Symbol pin or wire end off connection grid
    ; warning
    @(17980 mils, 18019 mils): Vertical Wire, length 150 mils
[unconnected_wire_endpoint]: Unconnected wire endpoint
    ; warning
    @(17980 mils, 18019 mils): Vertical Wire, length 150 mils
[endpoint_off_grid]: Symbol pin or wire end off connection grid
    ; warning
    @(17980 mils, 18169 mils): Symbol #PWR001 Pin 1 [+3V3, Power input, Line]
[lib_symbol_issues]: The symbol library 'power' was not found at '/Users/swaroopsahoo/Library/Mobile Documents/iCloud~md~obsidian/Documents/Skylight/Projects/Skylight/WYVERN/WYVERN-E/WYVERN Project/PCB/Ring76_KiCAD/power.kicad_sym'
    ; warning
    @(17980 mils, 18169 mils): Symbol #PWR001 [+3V3]
[endpoint_off_grid]: Symbol pin or wire end off connection grid
    ; warning
    @(18080 mils, 1496 mils): Symbol C51 Pin 1 [Passive, Line]
[lib_symbol_issues]: The symbol library 'Device' was not found at '/Users/swaroopsahoo/Library/Mobile Documents/iCloud~md~obsidian/Documents/Skylight/Projects/Skylight/WYVERN/WYVERN-E/WYVERN Project/PCB/Ring76_KiCAD/Device.kicad_sym'
    ; warning
    @(18080 mils, 1646 mils): Symbol C51 [C]
[endpoint_off_grid]: Symbol pin or wire end off connection grid
    ; warning
    @(18080 mils, 1796 mils): Horizontal Wire, length 100 mils
[lib_symbol_issues]: The symbol library 'Connector_Generic' was not found at '/Users/swaroopsahoo/Library/Mobile Documents/iCloud~md~obsidian/Documents/Skylight/Projects/Skylight/WYVERN/WYVERN-E/WYVERN Project/PCB/Ring76_KiCAD/Connector_Generic.kicad_sym'
    ; warning
    @(18080 mils, 2433 mils): Symbol J10 [Conn_01x03]
[endpoint_off_grid]: Symbol pin or wire end off connection grid
    ; warning
    @(18080 mils, 7402 mils): Horizontal Wire, length 100 mils
[endpoint_off_grid]: Symbol pin or wire end off connection grid
    ; warning
    @(18080 mils, 7402 mils): Symbol R37 Pin 1 [Passive, Line]
[lib_symbol_issues]: The symbol library 'Device' was not found at '/Users/swaroopsahoo/Library/Mobile Documents/iCloud~md~obsidian/Documents/Skylight/Projects/Skylight/WYVERN/WYVERN-E/WYVERN Project/PCB/Ring76_KiCAD/Device.kicad_sym'
    ; warning
    @(18080 mils, 7552 mils): Symbol R37 [R]
[endpoint_off_grid]: Symbol pin or wire end off connection grid
    ; warning
    @(18080 mils, 7702 mils): Horizontal Wire, length 500 mils
[endpoint_off_grid]: Symbol pin or wire end off connection grid
    ; warning
    @(18080 mils, 9614 mils): Symbol #PWR256 Pin 1 [GND, Power input, Line]
[lib_symbol_issues]: The symbol library 'power' was not found at '/Users/swaroopsahoo/Library/Mobile Documents/iCloud~md~obsidian/Documents/Skylight/Projects/Skylight/WYVERN/WYVERN-E/WYVERN Project/PCB/Ring76_KiCAD/power.kicad_sym'
    ; warning
    @(18080 mils, 9614 mils): Symbol #PWR256 [GND]
[endpoint_off_grid]: Symbol pin or wire end off connection grid
    ; warning
    @(18080 mils, 9764 mils): Vertical Wire, length 150 mils
[endpoint_off_grid]: Symbol pin or wire end off connection grid
    ; warning
    @(18080 mils, 9764 mils): Symbol C56 Pin 1 [Passive, Line]
[footprint_link_issues]: Footprint 'CP_Elec_8x10.2' not found in library 'Capacitor_SMD'
    ; warning
    @(18080 mils, 9914 mils): Symbol C56 [C]
[lib_symbol_issues]: The symbol library 'Device' was not found at '/Users/swaroopsahoo/Library/Mobile Documents/iCloud~md~obsidian/Documents/Skylight/Projects/Skylight/WYVERN/WYVERN-E/WYVERN Project/PCB/Ring76_KiCAD/Device.kicad_sym'
    ; warning
    @(18080 mils, 9914 mils): Symbol C56 [C]
[endpoint_off_grid]: Symbol pin or wire end off connection grid
    ; warning
    @(18080 mils, 10064 mils): Vertical Wire, length 150 mils
[endpoint_off_grid]: Symbol pin or wire end off connection grid
    ; warning
    @(18080 mils, 10214 mils): Symbol #PWR255 Pin 1 [+5V_SERVO, Power input, Line]
[lib_symbol_issues]: The symbol library 'power' was not found at '/Users/swaroopsahoo/Library/Mobile Documents/iCloud~md~obsidian/Documents/Skylight/Projects/Skylight/WYVERN/WYVERN-E/WYVERN Project/PCB/Ring76_KiCAD/power.kicad_sym'
    ; warning
    @(18080 mils, 10214 mils): Symbol #PWR255 [+5V_SERVO]
[endpoint_off_grid]: Symbol pin or wire end off connection grid
    ; warning
    @(18080 mils, 13369 mils): Symbol #PWR002 Pin 1 [GND, Power input, Line]
[lib_symbol_issues]: The symbol library 'power' was not found at '/Users/swaroopsahoo/Library/Mobile Documents/iCloud~md~obsidian/Documents/Skylight/Projects/Skylight/WYVERN/WYVERN-E/WYVERN Project/PCB/Ring76_KiCAD/power.kicad_sym'
    ; warning
    @(18080 mils, 13369 mils): Symbol #PWR002 [GND]
[multiple_net_names]: Both +3V3 and GND are attached to the same items; +3V3 will be used in the netlist
    ; warning
    @(17980 mils, 18169 mils): Symbol #PWR001 Pin 1 [+3V3, Power input, Line]
    @(18080 mils, 13369 mils): Symbol #PWR002 Pin 1 [GND, Power input, Line]
[endpoint_off_grid]: Symbol pin or wire end off connection grid
    ; warning
    @(18080 mils, 13519 mils): Vertical Wire, length 150 mils
[unconnected_wire_endpoint]: Unconnected wire endpoint
    ; warning
    @(18080 mils, 13519 mils): Vertical Wire, length 150 mils
[footprint_link_issues]: Footprint 'QFN-80-1EP_10x10mm_P0.4mm_EP3.4x3.4mm' not found in library 'Package_DFN_QFN'
    ; warning
    @(18080 mils, 15819 mils): Symbol U1 [RP2350B]
[lib_symbol_issues]: The symbol library 'MCU_RaspberryPi' was not found at '/Users/swaroopsahoo/Library/Mobile Documents/iCloud~md~obsidian/Documents/Skylight/Projects/Skylight/WYVERN/WYVERN-E/WYVERN Project/PCB/Ring76_KiCAD/MCU_RaspberryPi.kicad_sym'
    ; warning
    @(18080 mils, 15819 mils): Symbol U1 [RP2350B]
[endpoint_off_grid]: Symbol pin or wire end off connection grid
    ; warning
    @(18080 mils, 24921 mils): Symbol C12 Pin 1 [Passive, Line]
[endpoint_off_grid]: Symbol pin or wire end off connection grid
    ; warning
    @(18080 mils, 24921 mils): Horizontal Wire, length 918 mils
[lib_symbol_issues]: The symbol library 'Device' was not found at '/Users/swaroopsahoo/Library/Mobile Documents/iCloud~md~obsidian/Documents/Skylight/Projects/Skylight/WYVERN/WYVERN-E/WYVERN Project/PCB/Ring76_KiCAD/Device.kicad_sym'
    ; warning
    @(18080 mils, 25071 mils): Symbol C12 [C]
[endpoint_off_grid]: Symbol pin or wire end off connection grid
    ; warning
    @(18080 mils, 25221 mils): Horizontal Wire, length 918 mils
[lib_symbol_issues]: The symbol library 'Connector' was not found at '/Users/swaroopsahoo/Library/Mobile Documents/iCloud~md~obsidian/Documents/Skylight/Projects/Skylight/WYVERN/WYVERN-E/WYVERN Project/PCB/Ring76_KiCAD/Connector.kicad_sym'
    ; warning
    @(18080 mils, 29205 mils): Symbol J2 [USB_C_Receptacle]
[endpoint_off_grid]: Symbol pin or wire end off connection grid
    ; warning
    @(18080 mils, 30805 mils): Symbol J2 Pin A1 [GND, Passive, Line]
[unconnected_wire_endpoint]: Unconnected wire endpoint
    ; warning
    @(18195 mils, 24781 mils): Vertical Wire, length 1919 mils
[endpoint_off_grid]: Symbol pin or wire end off connection grid
    ; warning
    @(18195 mils, 24781 mils): Vertical Wire, length 1919 mils
[endpoint_off_grid]: Symbol pin or wire end off connection grid
    ; warning
    @(18298 mils, 7327 mils): Vertical Wire, length 7092 mils
[unconnected_wire_endpoint]: Unconnected wire endpoint
    ; warning
    @(19516 mils, 7627 mils): Horizontal Wire, length 1218 mils
[unconnected_wire_endpoint]: Unconnected wire endpoint
    ; warning
    @(19516 mils, 7727 mils): Horizontal Wire, length 1218 mils
[unconnected_wire_endpoint]: Unconnected wire endpoint
    ; warning
    @(19516 mils, 7827 mils): Horizontal Wire, length 1218 mils
[unconnected_wire_endpoint]: Unconnected wire endpoint
    ; warning
    @(17080 mils, 14119 mils): Horizontal Wire, length 1218 mils
[unconnected_wire_endpoint]: Unconnected wire endpoint
    ; warning
    @(17080 mils, 14219 mils): Horizontal Wire, length 1218 mils
[unconnected_wire_endpoint]: Unconnected wire endpoint
    ; warning
    @(17080 mils, 14319 mils): Horizontal Wire, length 1218 mils
[endpoint_off_grid]: Symbol pin or wire end off connection grid
    ; warning
    @(18554 mils, 10107 mils): Symbol #PWR016 Pin 1 [GND, Power input, Line]
[lib_symbol_issues]: The symbol library 'power' was not found at '/Users/swaroopsahoo/Library/Mobile Documents/iCloud~md~obsidian/Documents/Skylight/Projects/Skylight/WYVERN/WYVERN-E/WYVERN Project/PCB/Ring76_KiCAD/power.kicad_sym'
    ; warning
    @(18554 mils, 10107 mils): Symbol #PWR016 [GND]
[endpoint_off_grid]: Symbol pin or wire end off connection grid
    ; warning
    @(18554 mils, 10257 mils): Symbol C6 Pin 1 [Passive, Line]
[endpoint_off_grid]: Symbol pin or wire end off connection grid
    ; warning
    @(18554 mils, 10257 mils): Vertical Wire, length 150 mils
[lib_symbol_issues]: The symbol library 'Device' was not found at '/Users/swaroopsahoo/Library/Mobile Documents/iCloud~md~obsidian/Documents/Skylight/Projects/Skylight/WYVERN/WYVERN-E/WYVERN Project/PCB/Ring76_KiCAD/Device.kicad_sym'
    ; warning
    @(18554 mils, 10407 mils): Symbol C6 [C]
[endpoint_off_grid]: Symbol pin or wire end off connection grid
    ; warning
    @(18554 mils, 10557 mils): Vertical Wire, length 150 mils
[endpoint_off_grid]: Symbol pin or wire end off connection grid
    ; warning
    @(18554 mils, 10707 mils): Symbol #PWR015 Pin 1 [+3V3, Power input, Line]
[lib_symbol_issues]: The symbol library 'power' was not found at '/Users/swaroopsahoo/Library/Mobile Documents/iCloud~md~obsidian/Documents/Skylight/Projects/Skylight/WYVERN/WYVERN-E/WYVERN Project/PCB/Ring76_KiCAD/power.kicad_sym'
    ; warning
    @(18554 mils, 10707 mils): Symbol #PWR015 [+3V3]
[endpoint_off_grid]: Symbol pin or wire end off connection grid
    ; warning
    @(18580 mils, 7702 mils): Vertical Wire, length 9618 mils
[endpoint_off_grid]: Symbol pin or wire end off connection grid
    ; warning
    @(18580 mils, 13619 mils): Symbol U1 Pin 10 [DVDD, Power input, Line]
[endpoint_off_grid]: Symbol pin or wire end off connection grid
    ; warning
    @(18580 mils, 17319 mils): Horizontal Wire, length 700 mils
[unconnected_wire_endpoint]: Unconnected wire endpoint
    ; warning
    @(15640 mils, 18019 mils): Horizontal Wire, length 2940 mils
[unconnected_wire_endpoint]: Unconnected wire endpoint
    ; warning
    @(18680 mils, 29505 mils): Vertical Wire, length 100 mils
[endpoint_off_grid]: Symbol pin or wire end off connection grid
    ; warning
    @(18680 mils, 29505 mils): Vertical Wire, length 100 mils
[endpoint_off_grid]: Symbol pin or wire end off connection grid
    ; warning
    @(18680 mils, 29705 mils): Vertical Wire, length 100 mils
[unconnected_wire_endpoint]: Unconnected wire endpoint
    ; warning
    @(18680 mils, 29705 mils): Vertical Wire, length 100 mils
[unconnected_wire_endpoint]: Unconnected wire endpoint
    ; warning
    @(17110 mils, 30005 mils): Horizontal Wire, length 1570 mils
[endpoint_off_grid]: Symbol pin or wire end off connection grid
    ; warning
    @(18754 mils, 6406 mils): Symbol Y2 Pin 1 [1, Passive, Line]
[endpoint_off_grid]: Symbol pin or wire end off connection grid
    ; warning
    @(18754 mils, 6406 mils): Horizontal Wire, length 531 mils
[endpoint_off_grid]: Symbol pin or wire end off connection grid
    ; warning
    @(18887 mils, 24886 mils): Symbol C11 Pin 1 [Passive, Line]
[endpoint_off_grid]: Symbol pin or wire end off connection grid
    ; warning
    @(18887 mils, 24886 mils): Horizontal Wire, length 515 mils
[lib_symbol_issues]: The symbol library 'Device' was not found at '/Users/swaroopsahoo/Library/Mobile Documents/iCloud~md~obsidian/Documents/Skylight/Projects/Skylight/WYVERN/WYVERN-E/WYVERN Project/PCB/Ring76_KiCAD/Device.kicad_sym'
    ; warning
    @(18887 mils, 25036 mils): Symbol C11 [C]
[endpoint_off_grid]: Symbol pin or wire end off connection grid
    ; warning
    @(18887 mils, 25186 mils): Horizontal Wire, length 515 mils
[endpoint_off_grid]: Symbol pin or wire end off connection grid
    ; warning
    @(18898 mils, 24161 mils): Vertical Wire, length 5544 mils
[unconnected_wire_endpoint]: Unconnected wire endpoint
    ; warning
    @(19116 mils, 24261 mils): Horizontal Wire, length 218 mils
[endpoint_off_grid]: Symbol pin or wire end off connection grid
    ; warning
    @(18898 mils, 29505 mils): Horizontal Wire, length 218 mils
[unconnected_wire_endpoint]: Unconnected wire endpoint
    ; warning
    @(18898 mils, 29505 mils): Horizontal Wire, length 218 mils
[lib_symbol_issues]: The symbol library 'Device' was not found at '/Users/swaroopsahoo/Library/Mobile Documents/iCloud~md~obsidian/Documents/Skylight/Projects/Skylight/WYVERN/WYVERN-E/WYVERN Project/PCB/Ring76_KiCAD/Device.kicad_sym'
    ; warning
    @(18904 mils, 6406 mils): Symbol Y2 [Crystal_GND24]
[endpoint_off_grid]: Symbol pin or wire end off connection grid
    ; warning
    @(18998 mils, 23461 mils): Horizontal Wire, length 918 mils
[endpoint_off_grid]: Symbol pin or wire end off connection grid
    ; warning
    @(18998 mils, 23461 mils): Vertical Wire, length 1760 mils
[endpoint_off_grid]: Symbol pin or wire end off connection grid
    ; warning
    @(18998 mils, 24061 mils): Horizontal Wire, length 918 mils
[unconnected_wire_endpoint]: Unconnected wire endpoint
    ; warning
    @(18998 mils, 24061 mils): Horizontal Wire, length 918 mils
[unconnected_wire_endpoint]: Unconnected wire endpoint
    ; warning
    @(18080 mils, 24921 mils): Horizontal Wire, length 918 mils
[endpoint_off_grid]: Symbol pin or wire end off connection grid
    ; warning
    @(19080 mils, 13819 mils): Horizontal Wire, length 200 mils
[unconnected_wire_endpoint]: Unconnected wire endpoint
    ; warning
    @(19080 mils, 13819 mils): Horizontal Wire, length 200 mils
[endpoint_off_grid]: Symbol pin or wire end off connection grid
    ; warning
    @(19080 mils, 13919 mils): Horizontal Wire, length 200 mils
[endpoint_off_grid]: Symbol pin or wire end off connection grid
    ; warning
    @(19080 mils, 14119 mils): Horizontal Wire, length 200 mils
[endpoint_off_grid]: Symbol pin or wire end off connection grid
    ; warning
    @(19080 mils, 14219 mils): Horizontal Wire, length 200 mils
[endpoint_off_grid]: Symbol pin or wire end off connection grid
    ; warning
    @(19080 mils, 14319 mils): Horizontal Wire, length 200 mils
[endpoint_off_grid]: Symbol pin or wire end off connection grid
    ; warning
    @(19080 mils, 14419 mils): Horizontal Wire, length 5339 mils
[endpoint_off_grid]: Symbol pin or wire end off connection grid
    ; warning
    @(19080 mils, 15019 mils): Horizontal Wire, length 6093 mils
[endpoint_off_grid]: Symbol pin or wire end off connection grid
    ; warning
    @(19080 mils, 15119 mils): Horizontal Wire, length 6093 mils
[endpoint_off_grid]: Symbol pin or wire end off connection grid
    ; warning
    @(19080 mils, 15219 mils): Horizontal Wire, length 6093 mils
[endpoint_off_grid]: Symbol pin or wire end off connection grid
    ; warning
    @(19080 mils, 15319 mils): Horizontal Wire, length 12186 mils
[endpoint_off_grid]: Symbol pin or wire end off connection grid
    ; warning
    @(19080 mils, 15419 mils): Horizontal Wire, length 12186 mils
[endpoint_off_grid]: Symbol pin or wire end off connection grid
    ; warning
    @(19080 mils, 15519 mils): Horizontal Wire, length 12186 mils
[endpoint_off_grid]: Symbol pin or wire end off connection grid
    ; warning
    @(19080 mils, 15719 mils): Horizontal Wire, length 12186 mils
[endpoint_off_grid]: Symbol pin or wire end off connection grid
    ; warning
    @(19080 mils, 15819 mils): Horizontal Wire, length 12186 mils
[endpoint_off_grid]: Symbol pin or wire end off connection grid
    ; warning
    @(19080 mils, 16519 mils): Horizontal Wire, length 3347 mils
[endpoint_off_grid]: Symbol pin or wire end off connection grid
    ; warning
    @(19080 mils, 16619 mils): Horizontal Wire, length 3280 mils
[endpoint_off_grid]: Symbol pin or wire end off connection grid
    ; warning
    @(19080 mils, 16919 mils): Horizontal Wire, length 3385 mils
[endpoint_off_grid]: Symbol pin or wire end off connection grid
    ; warning
    @(19080 mils, 17019 mils): Horizontal Wire, length 2780 mils
[endpoint_off_grid]: Symbol pin or wire end off connection grid
    ; warning
    @(19080 mils, 17219 mils): Horizontal Wire, length 743 mils
[endpoint_off_grid]: Symbol pin or wire end off connection grid
    ; warning
    @(19098 mils, 14519 mils): Vertical Wire, length 9442 mils
[unconnected_wire_endpoint]: Unconnected wire endpoint
    ; warning
    @(19098 mils, 14519 mils): Vertical Wire, length 9442 mils
[unconnected_wire_endpoint]: Unconnected wire endpoint
    ; warning
    @(19116 mils, 23661 mils): Horizontal Wire, length 18 mils
[endpoint_off_grid]: Symbol pin or wire end off connection grid
    ; warning
    @(19116 mils, 23661 mils): Horizontal Wire, length 18 mils
[endpoint_off_grid]: Symbol pin or wire end off connection grid
    ; warning
    @(19116 mils, 23961 mils): Horizontal Wire, length 18 mils
[endpoint_off_grid]: Symbol pin or wire end off connection grid
    ; warning
    @(19116 mils, 24161 mils): Horizontal Wire, length 218 mils
[unconnected_wire_endpoint]: Unconnected wire endpoint
    ; warning
    @(19116 mils, 24161 mils): Horizontal Wire, length 218 mils
[endpoint_off_grid]: Symbol pin or wire end off connection grid
    ; warning
    @(19116 mils, 24261 mils): Horizontal Wire, length 218 mils
[unconnected_wire_endpoint]: Unconnected wire endpoint
    ; warning
    @(19717 mils, 24461 mils): Horizontal Wire, length 601 mils
[endpoint_off_grid]: Symbol pin or wire end off connection grid
    ; warning
    @(19116 mils, 24861 mils): Horizontal Wire, length 962 mils
[endpoint_off_grid]: Symbol pin or wire end off connection grid
    ; warning
    @(19116 mils, 25061 mils): Horizontal Wire, length 962 mils
[endpoint_off_grid]: Symbol pin or wire end off connection grid
    ; warning
    @(19135 mils, 6406 mils): Vertical Wire, length 621 mils
[unconnected_wire_endpoint]: Unconnected wire endpoint
    ; warning
    @(19135 mils, 6406 mils): Vertical Wire, length 621 mils
[endpoint_off_grid]: Symbol pin or wire end off connection grid
    ; warning
    @(19135 mils, 7027 mils): Horizontal Wire, length 381 mils
[unconnected_wire_endpoint]: Unconnected wire endpoint
    ; warning
    @(19080 mils, 13819 mils): Horizontal Wire, length 200 mils
[unconnected_wire_endpoint]: Unconnected wire endpoint
    ; warning
    @(19080 mils, 13919 mils): Horizontal Wire, length 200 mils
[unconnected_wire_endpoint]: Unconnected wire endpoint
    ; warning
    @(17714 mils, 14019 mils): Horizontal Wire, length 1566 mils
[unconnected_wire_endpoint]: Unconnected wire endpoint
    ; warning
    @(19080 mils, 14119 mils): Horizontal Wire, length 200 mils
[unconnected_wire_endpoint]: Unconnected wire endpoint
    ; warning
    @(19080 mils, 14219 mils): Horizontal Wire, length 200 mils
[unconnected_wire_endpoint]: Unconnected wire endpoint
    ; warning
    @(19080 mils, 14319 mils): Horizontal Wire, length 200 mils
[unconnected_wire_endpoint]: Unconnected wire endpoint
    ; warning
    @(14496 mils, 14619 mils): Horizontal Wire, length 4785 mils
[unconnected_wire_endpoint]: Unconnected wire endpoint
    ; warning
    @(14700 mils, 14719 mils): Horizontal Wire, length 4580 mils
[unconnected_wire_endpoint]: Unconnected wire endpoint
    ; warning
    @(14196 mils, 16719 mils): Horizontal Wire, length 5084 mils
[unconnected_wire_endpoint]: Unconnected wire endpoint
    ; warning
    @(14196 mils, 16819 mils): Horizontal Wire, length 5084 mils
[unconnected_wire_endpoint]: Unconnected wire endpoint
    ; warning
    @(18580 mils, 17319 mils): Horizontal Wire, length 700 mils
[unconnected_wire_endpoint]: Unconnected wire endpoint
    ; warning
    @(17337 mils, 17419 mils): Horizontal Wire, length 1943 mils
[unconnected_wire_endpoint]: Unconnected wire endpoint
    ; warning
    @(16209 mils, 17519 mils): Horizontal Wire, length 3071 mils
[unconnected_wire_endpoint]: Unconnected wire endpoint
    ; warning
    @(15301 mils, 17619 mils): Horizontal Wire, length 3980 mils
[unconnected_wire_endpoint]: Unconnected wire endpoint
    ; warning
    @(14696 mils, 17719 mils): Horizontal Wire, length 4585 mils
[endpoint_off_grid]: Symbol pin or wire end off connection grid
    ; warning
    @(19285 mils, 6406 mils): Vertical Wire, length 521 mils
[endpoint_off_grid]: Symbol pin or wire end off connection grid
    ; warning
    @(19285 mils, 6927 mils): Horizontal Wire, length 231 mils
[endpoint_off_grid]: Symbol pin or wire end off connection grid
    ; warning
    @(19298 mils, 7427 mils): Vertical Wire, length 9192 mils
[unconnected_wire_endpoint]: Unconnected wire endpoint
    ; warning
    @(19516 mils, 7527 mils): Horizontal Wire, length 218 mils
[unconnected_wire_endpoint]: Unconnected wire endpoint
    ; warning
    @(19298 mils, 7427 mils): Vertical Wire, length 9192 mils
[isolated_pin_label]: Label connected to only one pin
    ; warning
    @(19300 mils, 14519 mils): Label 'CHG_INT'
[isolated_pin_label]: Label connected to only one pin
    ; warning
    @(19300 mils, 15019 mils): Label 'CAM_HSYNC'
[isolated_pin_label]: Label connected to only one pin
    ; warning
    @(19300 mils, 15119 mils): Label 'CAM_VSYNC'
[isolated_pin_label]: Label connected to only one pin
    ; warning
    @(19300 mils, 15219 mils): Label 'CAM_PCLK'
[isolated_pin_label]: Label connected to only one pin
    ; warning
    @(19300 mils, 15919 mils): Label 'CAM_D1'
[isolated_pin_label]: Label connected to only one pin
    ; warning
    @(19300 mils, 16419 mils): Label 'SPI0_SCK'
[isolated_pin_label]: Label connected to only one pin
    ; warning
    @(19300 mils, 16619 mils): Label 'I2C1_SDA'
[endpoint_off_grid]: Symbol pin or wire end off connection grid
    ; warning
    @(19341 mils, 6552 mils): Symbol #PWR227 Pin 1 [GND, Power input, Line]
[lib_symbol_issues]: The symbol library 'power' was not found at '/Users/swaroopsahoo/Library/Mobile Documents/iCloud~md~obsidian/Documents/Skylight/Projects/Skylight/WYVERN/WYVERN-E/WYVERN Project/PCB/Ring76_KiCAD/power.kicad_sym'
    ; warning
    @(19341 mils, 6552 mils): Symbol #PWR227 [GND]
[endpoint_off_grid]: Symbol pin or wire end off connection grid
    ; warning
    @(19341 mils, 6702 mils): Symbol C46 Pin 1 [Passive, Line]
[endpoint_off_grid]: Symbol pin or wire end off connection grid
    ; warning
    @(19341 mils, 6702 mils): Vertical Wire, length 150 mils
[lib_symbol_issues]: The symbol library 'Device' was not found at '/Users/swaroopsahoo/Library/Mobile Documents/iCloud~md~obsidian/Documents/Skylight/Projects/Skylight/WYVERN/WYVERN-E/WYVERN Project/PCB/Ring76_KiCAD/Device.kicad_sym'
    ; warning
    @(19341 mils, 6852 mils): Symbol C46 [C]
[endpoint_off_grid]: Symbol pin or wire end off connection grid
    ; warning
    @(19341 mils, 7002 mils): Vertical Wire, length 150 mils
[endpoint_off_grid]: Symbol pin or wire end off connection grid
    ; warning
    @(19341 mils, 7152 mils): Symbol #PWR226 Pin 1 [+3V3, Power input, Line]
[lib_symbol_issues]: The symbol library 'power' was not found at '/Users/swaroopsahoo/Library/Mobile Documents/iCloud~md~obsidian/Documents/Skylight/Projects/Skylight/WYVERN/WYVERN-E/WYVERN Project/PCB/Ring76_KiCAD/power.kicad_sym'
    ; warning
    @(19341 mils, 7152 mils): Symbol #PWR226 [+3V3]
[unconnected_wire_endpoint]: Unconnected wire endpoint
    ; warning
    @(19401 mils, 24886 mils): Vertical Wire, length 25 mils
[endpoint_off_grid]: Symbol pin or wire end off connection grid
    ; warning
    @(19401 mils, 24886 mils): Vertical Wire, length 25 mils
[unconnected_wire_endpoint]: Unconnected wire endpoint
    ; warning
    @(19401 mils, 25186 mils): Vertical Wire, length 125 mils
[endpoint_off_grid]: Symbol pin or wire end off connection grid
    ; warning
    @(19401 mils, 25186 mils): Vertical Wire, length 125 mils
[endpoint_off_grid]: Symbol pin or wire end off connection grid
    ; warning
    @(19409 mils, 10015 mils): Symbol J15 Pin 1 [Pin_1, Passive, Line]
[endpoint_off_grid]: Symbol pin or wire end off connection grid
    ; warning
    @(19516 mils, 6827 mils): Symbol U17 Pin 1 [AVDD, Power input, Line]
[endpoint_off_grid]: Symbol pin or wire end off connection grid
    ; warning
    @(19516 mils, 7327 mils): Horizontal Wire, length 1218 mils
[endpoint_off_grid]: Symbol pin or wire end off connection grid
    ; warning
    @(19516 mils, 7427 mils): Horizontal Wire, length 218 mils
[endpoint_off_grid]: Symbol pin or wire end off connection grid
    ; warning
    @(19516 mils, 7527 mils): Horizontal Wire, length 218 mils
[endpoint_off_grid]: Symbol pin or wire end off connection grid
    ; warning
    @(19516 mils, 7627 mils): Horizontal Wire, length 1218 mils
[footprint_link_issues]: Footprint 'LFCSP-72_10x10mm_P0.5mm' not found in library 'Package_DFN_QFN'
    ; warning
    @(19516 mils, 7677 mils): Symbol U17 [ADAU1450_U17]
[lib_symbol_issues]: The symbol library 'WYVERN' was not found at '/Users/swaroopsahoo/Library/Mobile Documents/iCloud~md~obsidian/Documents/Skylight/Projects/Skylight/WYVERN/WYVERN-E/WYVERN Project/PCB/Ring76_KiCAD/WYVERN.kicad_sym'
    ; warning
    @(19516 mils, 7677 mils): Symbol U17 [ADAU1450_U17]
[endpoint_off_grid]: Symbol pin or wire end off connection grid
    ; warning
    @(19516 mils, 7727 mils): Horizontal Wire, length 1218 mils
[endpoint_off_grid]: Symbol pin or wire end off connection grid
    ; warning
    @(19516 mils, 7827 mils): Horizontal Wire, length 1218 mils
[endpoint_off_grid]: Symbol pin or wire end off connection grid
    ; warning
    @(19516 mils, 7927 mils): Horizontal Wire, length 896 mils
[endpoint_off_grid]: Symbol pin or wire end off connection grid
    ; warning
    @(19516 mils, 8027 mils): Horizontal Wire, length 896 mils
[footprint_link_issues]: Footprint 'Texas_RQM0029A_VQFN-29_4x4mm_P0.4mm' not found in library 'Package_DFN_QFN'
    ; warning
    @(19516 mils, 23961 mils): Symbol U3 [BQ25798]
[lib_symbol_issues]: The symbol library 'Battery_Management' was not found at '/Users/swaroopsahoo/Library/Mobile Documents/iCloud~md~obsidian/Documents/Skylight/Projects/Skylight/WYVERN/WYVERN-E/WYVERN Project/PCB/Ring76_KiCAD/Battery_Management.kicad_sym'
    ; warning
    @(19516 mils, 23961 mils): Symbol U3 [BQ25798]
[lib_symbol_issues]: The symbol library 'Connector_Generic' was not found at '/Users/swaroopsahoo/Library/Mobile Documents/iCloud~md~obsidian/Documents/Skylight/Projects/Skylight/WYVERN/WYVERN-E/WYVERN Project/PCB/Ring76_KiCAD/Connector_Generic.kicad_sym'
    ; warning
    @(19609 mils, 10115 mils): Symbol J15 [Conn_01x04]
[endpoint_off_grid]: Symbol pin or wire end off connection grid
    ; warning
    @(19717 mils, 24461 mils): Horizontal Wire, length 601 mils
[endpoint_off_grid]: Symbol pin or wire end off connection grid
    ; warning
    @(19717 mils, 24646 mils): Vertical Wire, length 185 mils
[endpoint_off_grid]: Symbol pin or wire end off connection grid
    ; warning
    @(19823 mils, 8084 mils): Vertical Wire, length 9135 mils
[unconnected_wire_endpoint]: Unconnected wire endpoint
    ; warning
    @(18998 mils, 23461 mils): Horizontal Wire, length 918 mils
[endpoint_off_grid]: Symbol pin or wire end off connection grid
    ; warning
    @(19916 mils, 24061 mils): Symbol U3 Pin 1 [STAT, Open collector, Line]
[endpoint_off_grid]: Symbol pin or wire end off connection grid
    ; warning
    @(19916 mils, 24261 mils): Horizontal Wire, length 356 mils
[endpoint_off_grid]: Symbol pin or wire end off connection grid
    ; warning
    @(19916 mils, 24661 mils): Horizontal Wire, length 356 mils
[endpoint_off_grid]: Symbol pin or wire end off connection grid
    ; warning
    @(19928 mils, 24619 mils): Vertical Wire, length 143 mils
[endpoint_off_grid]: Symbol pin or wire end off connection grid
    ; warning
    @(19928 mils, 24761 mils): Horizontal Wire, length 812 mils
[endpoint_off_grid]: Symbol pin or wire end off connection grid
    ; warning
    @(20078 mils, 24419 mils): Vertical Wire, length 643 mils
[unconnected_wire_endpoint]: Unconnected wire endpoint
    ; warning
    @(19116 mils, 24861 mils): Horizontal Wire, length 962 mils
[endpoint_off_grid]: Symbol pin or wire end off connection grid
    ; warning
    @(20272 mils, 24261 mils): Vertical Wire, length 1215 mils
[unconnected_wire_endpoint]: Unconnected wire endpoint
    ; warning
    @(19916 mils, 24661 mils): Horizontal Wire, length 356 mils
[endpoint_off_grid]: Symbol pin or wire end off connection grid
    ; warning
    @(20272 mils, 25176 mils): Horizontal Wire, length 356 mils
[unconnected_wire_endpoint]: Unconnected wire endpoint
    ; warning
    @(20272 mils, 25176 mils): Horizontal Wire, length 356 mils
[endpoint_off_grid]: Symbol pin or wire end off connection grid
    ; warning
    @(20272 mils, 25476 mils): Horizontal Wire, length 356 mils
[endpoint_off_grid]: Symbol pin or wire end off connection grid
    ; warning
    @(20319 mils, 24646 mils): Symbol R4 Pin 1 [Passive, Line]
[endpoint_off_grid]: Symbol pin or wire end off connection grid
    ; warning
    @(20319 mils, 24646 mils): Horizontal Wire, length 601 mils
[lib_symbol_issues]: The symbol library 'Device' was not found at '/Users/swaroopsahoo/Library/Mobile Documents/iCloud~md~obsidian/Documents/Skylight/Projects/Skylight/WYVERN/WYVERN-E/WYVERN Project/PCB/Ring76_KiCAD/Device.kicad_sym'
    ; warning
    @(20319 mils, 24796 mils): Symbol R4 [R]
[endpoint_off_grid]: Symbol pin or wire end off connection grid
    ; warning
    @(20412 mils, 7927 mils): Vertical Wire, length 23 mils
[endpoint_off_grid]: Symbol pin or wire end off connection grid
    ; warning
    @(20412 mils, 7950 mils): Horizontal Wire, length 896 mils
[endpoint_off_grid]: Symbol pin or wire end off connection grid
    ; warning
    @(20412 mils, 8027 mils): Vertical Wire, length 23 mils
[endpoint_off_grid]: Symbol pin or wire end off connection grid
    ; warning
    @(20412 mils, 8050 mils): Horizontal Wire, length 896 mils
[endpoint_off_grid]: Symbol pin or wire end off connection grid
    ; warning
    @(20567 mils, 7784 mils): Horizontal Wire, length 669 mils
[endpoint_off_grid]: Symbol pin or wire end off connection grid
    ; warning
    @(20567 mils, 7784 mils): Symbol R38 Pin 1 [Passive, Line]
[lib_symbol_issues]: The symbol library 'Device' was not found at '/Users/swaroopsahoo/Library/Mobile Documents/iCloud~md~obsidian/Documents/Skylight/Projects/Skylight/WYVERN/WYVERN-E/WYVERN Project/PCB/Ring76_KiCAD/Device.kicad_sym'
    ; warning
    @(20567 mils, 7934 mils): Symbol R38 [R]
[endpoint_off_grid]: Symbol pin or wire end off connection grid
    ; warning
    @(20567 mils, 8084 mils): Horizontal Wire, length 743 mils
[endpoint_off_grid]: Symbol pin or wire end off connection grid
    ; warning
    @(20628 mils, 25176 mils): Symbol L2 Pin 1 [1, Passive, Line]
[lib_symbol_issues]: The symbol library 'Device' was not found at '/Users/swaroopsahoo/Library/Mobile Documents/iCloud~md~obsidian/Documents/Skylight/Projects/Skylight/WYVERN/WYVERN-E/WYVERN Project/PCB/Ring76_KiCAD/Device.kicad_sym'
    ; warning
    @(20628 mils, 25326 mils): Symbol L2 [L]
[endpoint_off_grid]: Symbol pin or wire end off connection grid
    ; warning
    @(20739 mils, 24619 mils): Symbol Q1 Pin 1 [G, Input, Line]
[endpoint_off_grid]: Symbol pin or wire end off connection grid
    ; warning
    @(20739 mils, 24619 mils): Horizontal Wire, length 812 mils
[endpoint_off_grid]: Symbol pin or wire end off connection grid
    ; warning
    @(20878 mils, 6907 mils): Symbol #PWR216 Pin 1 [GND, Power input, Line]
[lib_symbol_issues]: The symbol library 'power' was not found at '/Users/swaroopsahoo/Library/Mobile Documents/iCloud~md~obsidian/Documents/Skylight/Projects/Skylight/WYVERN/WYVERN-E/WYVERN Project/PCB/Ring76_KiCAD/power.kicad_sym'
    ; warning
    @(20878 mils, 6907 mils): Symbol #PWR216 [GND]
[endpoint_off_grid]: Symbol pin or wire end off connection grid
    ; warning
    @(20878 mils, 7057 mils): Vertical Wire, length 150 mils
[endpoint_off_grid]: Symbol pin or wire end off connection grid
    ; warning
    @(20878 mils, 7057 mils): Symbol C45 Pin 1 [Passive, Line]
[lib_symbol_issues]: The symbol library 'Device' was not found at '/Users/swaroopsahoo/Library/Mobile Documents/iCloud~md~obsidian/Documents/Skylight/Projects/Skylight/WYVERN/WYVERN-E/WYVERN Project/PCB/Ring76_KiCAD/Device.kicad_sym'
    ; warning
    @(20878 mils, 7207 mils): Symbol C45 [C]
[endpoint_off_grid]: Symbol pin or wire end off connection grid
    ; warning
    @(20878 mils, 7357 mils): Vertical Wire, length 150 mils
[endpoint_off_grid]: Symbol pin or wire end off connection grid
    ; warning
    @(20878 mils, 7507 mils): Symbol #PWR215 Pin 1 [+3V3, Power input, Line]
[lib_symbol_issues]: The symbol library 'power' was not found at '/Users/swaroopsahoo/Library/Mobile Documents/iCloud~md~obsidian/Documents/Skylight/Projects/Skylight/WYVERN/WYVERN-E/WYVERN Project/PCB/Ring76_KiCAD/power.kicad_sym'
    ; warning
    @(20878 mils, 7507 mils): Symbol #PWR215 [+3V3]
[lib_symbol_issues]: The symbol library 'Sensor_Audio' was not found at '/Users/swaroopsahoo/Library/Mobile Documents/iCloud~md~obsidian/Documents/Skylight/Projects/Skylight/WYVERN/WYVERN-E/WYVERN Project/PCB/Ring76_KiCAD/Sensor_Audio.kicad_sym'
    ; warning
    @(20908 mils, 8050 mils): Symbol MK1 [IM69D130]
[lib_symbol_issues]: The symbol library 'Device' was not found at '/Users/swaroopsahoo/Library/Mobile Documents/iCloud~md~obsidian/Documents/Skylight/Projects/Skylight/WYVERN/WYVERN-E/WYVERN Project/PCB/Ring76_KiCAD/Device.kicad_sym'
    ; warning
    @(20939 mils, 24619 mils): Symbol Q1 [Q_PMOS_GSD]
[endpoint_off_grid]: Symbol pin or wire end off connection grid
    ; warning
    @(20951 mils, 9197 mils): Vertical Wire, length 7922 mils
[unconnected_wire_endpoint]: Unconnected wire endpoint
    ; warning
    @(20951 mils, 9197 mils): Vertical Wire, length 7922 mils
[endpoint_off_grid]: Symbol pin or wire end off connection grid
    ; warning
    @(20960 mils, 14519 mils): Vertical Wire, length 5734 mils
[unconnected_wire_endpoint]: Unconnected wire endpoint
    ; warning
    @(24841 mils, 19753 mils): Horizontal Wire, length 3880 mils
[unconnected_wire_endpoint]: Unconnected wire endpoint
    ; warning
    @(24841 mils, 19853 mils): Horizontal Wire, length 3880 mils
[unconnected_wire_endpoint]: Unconnected wire endpoint
    ; warning
    @(24841 mils, 19953 mils): Horizontal Wire, length 3880 mils
[unconnected_wire_endpoint]: Unconnected wire endpoint
    ; warning
    @(24841 mils, 20053 mils): Horizontal Wire, length 3880 mils
[unconnected_wire_endpoint]: Unconnected wire endpoint
    ; warning
    @(24841 mils, 20153 mils): Horizontal Wire, length 3880 mils
[endpoint_off_grid]: Symbol pin or wire end off connection grid
    ; warning
    @(21039 mils, 24419 mils): Horizontal Wire, length 962 mils
[unconnected_wire_endpoint]: Unconnected wire endpoint
    ; warning
    @(21117 mils, 20561 mils): Vertical Wire, length 4942 mils
[endpoint_off_grid]: Symbol pin or wire end off connection grid
    ; warning
    @(21117 mils, 20561 mils): Vertical Wire, length 4942 mils
[endpoint_off_grid]: Symbol pin or wire end off connection grid
    ; warning
    @(21117 mils, 20561 mils): Horizontal Wire, length 4036 mils
[endpoint_off_grid]: Symbol pin or wire end off connection grid
    ; warning
    @(21122 mils, 24880 mils): Symbol #PWR047 Pin 1 [GND, Power input, Line]
[lib_symbol_issues]: The symbol library 'power' was not found at '/Users/swaroopsahoo/Library/Mobile Documents/iCloud~md~obsidian/Documents/Skylight/Projects/Skylight/WYVERN/WYVERN-E/WYVERN Project/PCB/Ring76_KiCAD/power.kicad_sym'
    ; warning
    @(21122 mils, 24880 mils): Symbol #PWR047 [GND]
[endpoint_off_grid]: Symbol pin or wire end off connection grid
    ; warning
    @(21122 mils, 25030 mils): Symbol C13 Pin 1 [Passive, Line]
[endpoint_off_grid]: Symbol pin or wire end off connection grid
    ; warning
    @(21122 mils, 25030 mils): Vertical Wire, length 150 mils
[lib_symbol_issues]: The symbol library 'Device' was not found at '/Users/swaroopsahoo/Library/Mobile Documents/iCloud~md~obsidian/Documents/Skylight/Projects/Skylight/WYVERN/WYVERN-E/WYVERN Project/PCB/Ring76_KiCAD/Device.kicad_sym'
    ; warning
    @(21122 mils, 25180 mils): Symbol C13 [C]
[endpoint_off_grid]: Symbol pin or wire end off connection grid
    ; warning
    @(21122 mils, 25330 mils): Vertical Wire, length 150 mils
[endpoint_off_grid]: Symbol pin or wire end off connection grid
    ; warning
    @(21122 mils, 25480 mils): Symbol #PWR046 Pin 1 [VBUS_PD, Power input, Line]
[lib_symbol_issues]: The symbol library 'power' was not found at '/Users/swaroopsahoo/Library/Mobile Documents/iCloud~md~obsidian/Documents/Skylight/Projects/Skylight/WYVERN/WYVERN-E/WYVERN Project/PCB/Ring76_KiCAD/power.kicad_sym'
    ; warning
    @(21122 mils, 25480 mils): Symbol #PWR046 [VBUS_PD]
[endpoint_off_grid]: Symbol pin or wire end off connection grid
    ; warning
    @(21236 mils, 3153 mils): Horizontal Wire, length 669 mils
[endpoint_off_grid]: Symbol pin or wire end off connection grid
    ; warning
    @(21236 mils, 7784 mils): Vertical Wire, length 4631 mils
[endpoint_off_grid]: Symbol pin or wire end off connection grid
    ; warning
    @(21308 mils, 8150 mils): Symbol MK1 Pin 1 [DATA, Output, Line]
[endpoint_off_grid]: Symbol pin or wire end off connection grid
    ; warning
    @(21373 mils, 15919 mils): Vertical Wire, length 2340 mils
[unconnected_wire_endpoint]: Unconnected wire endpoint
    ; warning
    @(21373 mils, 15919 mils): Vertical Wire, length 2340 mils
[unconnected_wire_endpoint]: Unconnected wire endpoint
    ; warning
    @(25666 mils, 17759 mils): Horizontal Wire, length 4293 mils
[unconnected_wire_endpoint]: Unconnected wire endpoint
    ; warning
    @(25666 mils, 17859 mils): Horizontal Wire, length 4293 mils
[unconnected_wire_endpoint]: Unconnected wire endpoint
    ; warning
    @(25666 mils, 17959 mils): Horizontal Wire, length 4293 mils
[unconnected_wire_endpoint]: Unconnected wire endpoint
    ; warning
    @(25666 mils, 18059 mils): Horizontal Wire, length 4293 mils
[unconnected_wire_endpoint]: Unconnected wire endpoint
    ; warning
    @(25666 mils, 18159 mils): Horizontal Wire, length 4293 mils
[endpoint_off_grid]: Symbol pin or wire end off connection grid
    ; warning
    @(21651 mils, 14533 mils): Vertical Wire, length 2586 mils
[unconnected_wire_endpoint]: Unconnected wire endpoint
    ; warning
    @(21651 mils, 14533 mils): Vertical Wire, length 2586 mils
[endpoint_off_grid]: Symbol pin or wire end off connection grid
    ; warning
    @(21676 mils, 11195 mils): Symbol J16 Pin 1 [Pin_1, Passive, Line]
[endpoint_off_grid]: Symbol pin or wire end off connection grid
    ; warning
    @(21698 mils, 14949 mils): Vertical Wire, length 2170 mils
[unconnected_wire_endpoint]: Unconnected wire endpoint
    ; warning
    @(21698 mils, 14949 mils): Vertical Wire, length 2170 mils
[endpoint_off_grid]: Symbol pin or wire end off connection grid
    ; warning
    @(21703 mils, 9873 mils): Vertical Wire, length 6746 mils
[endpoint_off_grid]: Symbol pin or wire end off connection grid
    ; warning
    @(21703 mils, 9873 mils): Horizontal Wire, length 2623 mils
[unconnected_wire_endpoint]: Unconnected wire endpoint
    ; warning
    @(24326 mils, 9973 mils): Horizontal Wire, length 2623 mils
[unconnected_wire_endpoint]: Unconnected wire endpoint
    ; warning
    @(21703 mils, 9873 mils): Vertical Wire, length 6746 mils
[endpoint_off_grid]: Symbol pin or wire end off connection grid
    ; warning
    @(21767 mils, 24645 mils): Symbol #PWR050 Pin 1 [GND, Power input, Line]
[lib_symbol_issues]: The symbol library 'power' was not found at '/Users/swaroopsahoo/Library/Mobile Documents/iCloud~md~obsidian/Documents/Skylight/Projects/Skylight/WYVERN/WYVERN-E/WYVERN Project/PCB/Ring76_KiCAD/power.kicad_sym'
    ; warning
    @(21767 mils, 24645 mils): Symbol #PWR050 [GND]
[endpoint_off_grid]: Symbol pin or wire end off connection grid
    ; warning
    @(21767 mils, 24795 mils): Vertical Wire, length 150 mils
[endpoint_off_grid]: Symbol pin or wire end off connection grid
    ; warning
    @(21767 mils, 24795 mils): Symbol C14 Pin 1 [Passive, Line]
[lib_symbol_issues]: The symbol library 'Device' was not found at '/Users/swaroopsahoo/Library/Mobile Documents/iCloud~md~obsidian/Documents/Skylight/Projects/Skylight/WYVERN/WYVERN-E/WYVERN Project/PCB/Ring76_KiCAD/Device.kicad_sym'
    ; warning
    @(21767 mils, 24945 mils): Symbol C14 [C]
[endpoint_off_grid]: Symbol pin or wire end off connection grid
    ; warning
    @(21767 mils, 25095 mils): Vertical Wire, length 150 mils
[endpoint_off_grid]: Symbol pin or wire end off connection grid
    ; warning
    @(21767 mils, 25245 mils): Symbol #PWR049 Pin 1 [PMID_NET, Power input, Line]
[lib_symbol_issues]: The symbol library 'power' was not found at '/Users/swaroopsahoo/Library/Mobile Documents/iCloud~md~obsidian/Documents/Skylight/Projects/Skylight/WYVERN/WYVERN-E/WYVERN Project/PCB/Ring76_KiCAD/power.kicad_sym'
    ; warning
    @(21767 mils, 25245 mils): Symbol #PWR049 [PMID_NET]
[endpoint_off_grid]: Symbol pin or wire end off connection grid
    ; warning
    @(21860 mils, 10936 mils): Vertical Wire, length 6083 mils
[lib_symbol_issues]: The symbol library 'Connector_Generic' was not found at '/Users/swaroopsahoo/Library/Mobile Documents/iCloud~md~obsidian/Documents/Skylight/Projects/Skylight/WYVERN/WYVERN-E/WYVERN Project/PCB/Ring76_KiCAD/Connector_Generic.kicad_sym'
    ; warning
    @(21876 mils, 11295 mils): Symbol J16 [Conn_01x04]
[endpoint_off_grid]: Symbol pin or wire end off connection grid
    ; warning
    @(21906 mils, 2953 mils): Symbol J11 Pin 1 [Pin_1, Passive, Line]
[endpoint_off_grid]: Symbol pin or wire end off connection grid
    ; warning
    @(21949 mils, 13425 mils): Vertical Wire, length 3694 mils
[unconnected_wire_endpoint]: Unconnected wire endpoint
    ; warning
    @(21949 mils, 13425 mils): Vertical Wire, length 3694 mils
[lib_symbol_issues]: The symbol library 'Connector_Generic' was not found at '/Users/swaroopsahoo/Library/Mobile Documents/iCloud~md~obsidian/Documents/Skylight/Projects/Skylight/WYVERN/WYVERN-E/WYVERN Project/PCB/Ring76_KiCAD/Connector_Generic.kicad_sym'
    ; warning
    @(22106 mils, 3053 mils): Symbol J11 [Conn_01x03]
[endpoint_off_grid]: Symbol pin or wire end off connection grid
    ; warning
    @(22124 mils, 2452 mils): Vertical Wire, length 601 mils
[endpoint_off_grid]: Symbol pin or wire end off connection grid
    ; warning
    @(22124 mils, 3053 mils): Horizontal Wire, length 218 mils
[endpoint_off_grid]: Symbol pin or wire end off connection grid
    ; warning
    @(22303 mils, 9852 mils): Vertical Wire, length 6767 mils
[unconnected_wire_endpoint]: Unconnected wire endpoint
    ; warning
    @(22303 mils, 9852 mils): Vertical Wire, length 6767 mils
[endpoint_off_grid]: Symbol pin or wire end off connection grid
    ; warning
    @(22342 mils, 2152 mils): Symbol C52 Pin 1 [Passive, Line]
[lib_symbol_issues]: The symbol library 'Device' was not found at '/Users/swaroopsahoo/Library/Mobile Documents/iCloud~md~obsidian/Documents/Skylight/Projects/Skylight/WYVERN/WYVERN-E/WYVERN Project/PCB/Ring76_KiCAD/Device.kicad_sym'
    ; warning
    @(22342 mils, 2302 mils): Symbol C52 [C]
[endpoint_off_grid]: Symbol pin or wire end off connection grid
    ; warning
    @(22342 mils, 2452 mils): Horizontal Wire, length 218 mils
[endpoint_off_grid]: Symbol pin or wire end off connection grid
    ; warning
    @(22360 mils, 11585 mils): Horizontal Wire, length 3280 mils
[endpoint_off_grid]: Symbol pin or wire end off connection grid
    ; warning
    @(22360 mils, 11585 mils): Vertical Wire, length 5034 mils
[unconnected_wire_endpoint]: Unconnected wire endpoint
    ; warning
    @(25641 mils, 11685 mils): Horizontal Wire, length 3280 mils
[endpoint_off_grid]: Symbol pin or wire end off connection grid
    ; warning
    @(22395 mils, 24366 mils): Symbol #PWR052 Pin 1 [GND, Power input, Line]
[lib_symbol_issues]: The symbol library 'power' was not found at '/Users/swaroopsahoo/Library/Mobile Documents/iCloud~md~obsidian/Documents/Skylight/Projects/Skylight/WYVERN/WYVERN-E/WYVERN Project/PCB/Ring76_KiCAD/power.kicad_sym'
    ; warning
    @(22395 mils, 24366 mils): Symbol #PWR052 [GND]
[endpoint_off_grid]: Symbol pin or wire end off connection grid
    ; warning
    @(22395 mils, 24516 mils): Vertical Wire, length 150 mils
[endpoint_off_grid]: Symbol pin or wire end off connection grid
    ; warning
    @(22395 mils, 24516 mils): Symbol C15 Pin 1 [Passive, Line]
[lib_symbol_issues]: The symbol library 'Device' was not found at '/Users/swaroopsahoo/Library/Mobile Documents/iCloud~md~obsidian/Documents/Skylight/Projects/Skylight/WYVERN/WYVERN-E/WYVERN Project/PCB/Ring76_KiCAD/Device.kicad_sym'
    ; warning
    @(22395 mils, 24666 mils): Symbol C15 [C]
[endpoint_off_grid]: Symbol pin or wire end off connection grid
    ; warning
    @(22395 mils, 24816 mils): Vertical Wire, length 150 mils
[endpoint_off_grid]: Symbol pin or wire end off connection grid
    ; warning
    @(22395 mils, 24966 mils): Symbol #PWR051 Pin 1 [PMID_NET, Power input, Line]
[lib_symbol_issues]: The symbol library 'power' was not found at '/Users/swaroopsahoo/Library/Mobile Documents/iCloud~md~obsidian/Documents/Skylight/Projects/Skylight/WYVERN/WYVERN-E/WYVERN Project/PCB/Ring76_KiCAD/power.kicad_sym'
    ; warning
    @(22395 mils, 24966 mils): Symbol #PWR051 [PMID_NET]
[endpoint_off_grid]: Symbol pin or wire end off connection grid
    ; warning
    @(22427 mils, 9658 mils): Vertical Wire, length 6861 mils
[endpoint_off_grid]: Symbol pin or wire end off connection grid
    ; warning
    @(22465 mils, 13142 mils): Vertical Wire, length 3778 mils
[endpoint_off_grid]: Symbol pin or wire end off connection grid
    ; warning
    @(22547 mils, 11227 mils): Vertical Wire, length 5893 mils
[endpoint_off_grid]: Symbol pin or wire end off connection grid
    ; warning
    @(22547 mils, 11227 mils): Horizontal Wire, length 5467 mils
[endpoint_off_grid]: Symbol pin or wire end off connection grid
    ; warning
    @(22547 mils, 11327 mils): Horizontal Wire, length 5467 mils
[unconnected_wire_endpoint]: Unconnected wire endpoint
    ; warning
    @(22547 mils, 11327 mils): Horizontal Wire, length 5467 mils
[endpoint_off_grid]: Symbol pin or wire end off connection grid
    ; warning
    @(22547 mils, 11427 mils): Horizontal Wire, length 5467 mils
[unconnected_wire_endpoint]: Unconnected wire endpoint
    ; warning
    @(22547 mils, 11427 mils): Horizontal Wire, length 5467 mils
[unconnected_wire_endpoint]: Unconnected wire endpoint
    ; warning
    @(14237 mils, 14819 mils): Horizontal Wire, length 8310 mils
[endpoint_off_grid]: Symbol pin or wire end off connection grid
    ; warning
    @(22822 mils, 8897 mils): Symbol R39 Pin 1 [Passive, Line]
[endpoint_off_grid]: Symbol pin or wire end off connection grid
    ; warning
    @(22822 mils, 8897 mils): Horizontal Wire, length 1368 mils
[lib_symbol_issues]: The symbol library 'Device' was not found at '/Users/swaroopsahoo/Library/Mobile Documents/iCloud~md~obsidian/Documents/Skylight/Projects/Skylight/WYVERN/WYVERN-E/WYVERN Project/PCB/Ring76_KiCAD/Device.kicad_sym'
    ; warning
    @(22822 mils, 9047 mils): Symbol R39 [R]
[endpoint_off_grid]: Symbol pin or wire end off connection grid
    ; warning
    @(22822 mils, 9197 mils): Horizontal Wire, length 1871 mils
[endpoint_off_grid]: Symbol pin or wire end off connection grid
    ; warning
    @(22950 mils, 24364 mils): Symbol #PWR098 Pin 1 [GND, Power input, Line]
[lib_symbol_issues]: The symbol library 'power' was not found at '/Users/swaroopsahoo/Library/Mobile Documents/iCloud~md~obsidian/Documents/Skylight/Projects/Skylight/WYVERN/WYVERN-E/WYVERN Project/PCB/Ring76_KiCAD/power.kicad_sym'
    ; warning
    @(22950 mils, 24364 mils): Symbol #PWR098 [GND]
[endpoint_off_grid]: Symbol pin or wire end off connection grid
    ; warning
    @(22950 mils, 24514 mils): Symbol D3 Pin 1 [K, Passive, Line]
[endpoint_off_grid]: Symbol pin or wire end off connection grid
    ; warning
    @(22950 mils, 24514 mils): Vertical Wire, length 150 mils
[endpoint_off_grid]: Symbol pin or wire end off connection grid
    ; warning
    @(22994 mils, 12767 mils): Symbol J17 Pin 1 [Pin_1, Passive, Line]
[lib_symbol_issues]: The symbol library 'Device' was not found at '/Users/swaroopsahoo/Library/Mobile Documents/iCloud~md~obsidian/Documents/Skylight/Projects/Skylight/WYVERN/WYVERN-E/WYVERN Project/PCB/Ring76_KiCAD/Device.kicad_sym'
    ; warning
    @(23100 mils, 24514 mils): Symbol D3 [LED]
[lib_symbol_issues]: The symbol library 'Device' was not found at '/Users/swaroopsahoo/Library/Mobile Documents/iCloud~md~obsidian/Documents/Skylight/Projects/Skylight/WYVERN/WYVERN-E/WYVERN Project/PCB/Ring76_KiCAD/Device.kicad_sym'
    ; warning
    @(23100 mils, 24750 mils): Symbol R18 [R]
[lib_symbol_issues]: The symbol library 'power' was not found at '/Users/swaroopsahoo/Library/Mobile Documents/iCloud~md~obsidian/Documents/Skylight/Projects/Skylight/WYVERN/WYVERN-E/WYVERN Project/PCB/Ring76_KiCAD/power.kicad_sym'
    ; warning
    @(23100 mils, 25050 mils): Symbol #PWR097 [VBAT]
[lib_symbol_issues]: The symbol library 'Connector_Generic' was not found at '/Users/swaroopsahoo/Library/Mobile Documents/iCloud~md~obsidian/Documents/Skylight/Projects/Skylight/WYVERN/WYVERN-E/WYVERN Project/PCB/Ring76_KiCAD/Connector_Generic.kicad_sym'
    ; warning
    @(23194 mils, 12867 mils): Symbol J17 [Conn_01x04]
[endpoint_off_grid]: Symbol pin or wire end off connection grid
    ; warning
    @(23250 mils, 24514 mils): Horizontal Wire, length 200 mils
[unconnected_wire_endpoint]: Unconnected wire endpoint
    ; warning
    @(23100 mils, 24600 mils): Horizontal Wire, length 200 mils
[unconnected_wire_endpoint]: Unconnected wire endpoint
    ; warning
    @(23250 mils, 24514 mils): Horizontal Wire, length 200 mils
[unconnected_wire_endpoint]: Unconnected wire endpoint
    ; warning
    @(24317 mils, 9773 mils): Horizontal Wire, length 791 mils
[endpoint_off_grid]: Symbol pin or wire end off connection grid
    ; warning
    @(23611 mils, 9358 mils): Symbol #PWR141 Pin 1 [GND, Power input, Line]
[lib_symbol_issues]: The symbol library 'power' was not found at '/Users/swaroopsahoo/Library/Mobile Documents/iCloud~md~obsidian/Documents/Skylight/Projects/Skylight/WYVERN/WYVERN-E/WYVERN Project/PCB/Ring76_KiCAD/power.kicad_sym'
    ; warning
    @(23611 mils, 9358 mils): Symbol #PWR141 [GND]
[endpoint_off_grid]: Symbol pin or wire end off connection grid
    ; warning
    @(23611 mils, 9508 mils): Symbol C33 Pin 1 [Passive, Line]
[endpoint_off_grid]: Symbol pin or wire end off connection grid
    ; warning
    @(23611 mils, 9508 mils): Vertical Wire, length 150 mils
[lib_symbol_issues]: The symbol library 'Device' was not found at '/Users/swaroopsahoo/Library/Mobile Documents/iCloud~md~obsidian/Documents/Skylight/Projects/Skylight/WYVERN/WYVERN-E/WYVERN Project/PCB/Ring76_KiCAD/Device.kicad_sym'
    ; warning
    @(23611 mils, 9658 mils): Symbol C33 [C]
[endpoint_off_grid]: Symbol pin or wire end off connection grid
    ; warning
    @(23611 mils, 9808 mils): Vertical Wire, length 150 mils
[endpoint_off_grid]: Symbol pin or wire end off connection grid
    ; warning
    @(23611 mils, 9958 mils): Symbol #PWR140 Pin 1 [+3V3, Power input, Line]
[lib_symbol_issues]: The symbol library 'power' was not found at '/Users/swaroopsahoo/Library/Mobile Documents/iCloud~md~obsidian/Documents/Skylight/Projects/Skylight/WYVERN/WYVERN-E/WYVERN Project/PCB/Ring76_KiCAD/power.kicad_sym'
    ; warning
    @(23611 mils, 9958 mils): Symbol #PWR140 [+3V3]
[endpoint_off_grid]: Symbol pin or wire end off connection grid
    ; warning
    @(23689 mils, 7596 mils): Symbol D5 Pin 1 [K, Passive, Line]
[endpoint_off_grid]: Symbol pin or wire end off connection grid
    ; warning
    @(23689 mils, 7596 mils): Horizontal Wire, length 200 mils
[endpoint_off_grid]: Symbol pin or wire end off connection grid
    ; warning
    @(23689 mils, 23893 mils): Symbol #PWR100 Pin 1 [GND, Power input, Line]
[lib_symbol_issues]: The symbol library 'power' was not found at '/Users/swaroopsahoo/Library/Mobile Documents/iCloud~md~obsidian/Documents/Skylight/Projects/Skylight/WYVERN/WYVERN-E/WYVERN Project/PCB/Ring76_KiCAD/power.kicad_sym'
    ; warning
    @(23689 mils, 23893 mils): Symbol #PWR100 [GND]
[endpoint_off_grid]: Symbol pin or wire end off connection grid
    ; warning
    @(23689 mils, 24043 mils): Symbol D4 Pin 1 [K, Passive, Line]
[endpoint_off_grid]: Symbol pin or wire end off connection grid
    ; warning
    @(23689 mils, 24043 mils): Vertical Wire, length 150 mils
[lib_symbol_issues]: The symbol library 'Device' was not found at '/Users/swaroopsahoo/Library/Mobile Documents/iCloud~md~obsidian/Documents/Skylight/Projects/Skylight/WYVERN/WYVERN-E/WYVERN Project/PCB/Ring76_KiCAD/Device.kicad_sym'
    ; warning
    @(23839 mils, 7596 mils): Symbol D5 [LED]
[endpoint_off_grid]: Symbol pin or wire end off connection grid
    ; warning
    @(23839 mils, 7682 mils): Symbol R25 Pin 1 [Passive, Line]
[endpoint_off_grid]: Symbol pin or wire end off connection grid
    ; warning
    @(23839 mils, 7682 mils): Horizontal Wire, length 200 mils
[lib_symbol_issues]: The symbol library 'Device' was not found at '/Users/swaroopsahoo/Library/Mobile Documents/iCloud~md~obsidian/Documents/Skylight/Projects/Skylight/WYVERN/WYVERN-E/WYVERN Project/PCB/Ring76_KiCAD/Device.kicad_sym'
    ; warning
    @(23839 mils, 7832 mils): Symbol R25 [R]
[endpoint_off_grid]: Symbol pin or wire end off connection grid
    ; warning
    @(23839 mils, 7982 mils): Vertical Wire, length 150 mils
[endpoint_off_grid]: Symbol pin or wire end off connection grid
    ; warning
    @(23839 mils, 8132 mils): Symbol #PWR142 Pin 1 [+3V3, Power input, Line]
[lib_symbol_issues]: The symbol library 'power' was not found at '/Users/swaroopsahoo/Library/Mobile Documents/iCloud~md~obsidian/Documents/Skylight/Projects/Skylight/WYVERN/WYVERN-E/WYVERN Project/PCB/Ring76_KiCAD/power.kicad_sym'
    ; warning
    @(23839 mils, 8132 mils): Symbol #PWR142 [+3V3]
[lib_symbol_issues]: The symbol library 'Device' was not found at '/Users/swaroopsahoo/Library/Mobile Documents/iCloud~md~obsidian/Documents/Skylight/Projects/Skylight/WYVERN/WYVERN-E/WYVERN Project/PCB/Ring76_KiCAD/Device.kicad_sym'
    ; warning
    @(23839 mils, 24043 mils): Symbol D4 [LED]
[endpoint_off_grid]: Symbol pin or wire end off connection grid
    ; warning
    @(23839 mils, 24129 mils): Symbol R19 Pin 1 [Passive, Line]
[endpoint_off_grid]: Symbol pin or wire end off connection grid
    ; warning
    @(23839 mils, 24129 mils): Horizontal Wire, length 200 mils
[lib_symbol_issues]: The symbol library 'Device' was not found at '/Users/swaroopsahoo/Library/Mobile Documents/iCloud~md~obsidian/Documents/Skylight/Projects/Skylight/WYVERN/WYVERN-E/WYVERN Project/PCB/Ring76_KiCAD/Device.kicad_sym'
    ; warning
    @(23839 mils, 24279 mils): Symbol R19 [R]
[endpoint_off_grid]: Symbol pin or wire end off connection grid
    ; warning
    @(23839 mils, 24429 mils): Vertical Wire, length 150 mils
[endpoint_off_grid]: Symbol pin or wire end off connection grid
    ; warning
    @(23839 mils, 24579 mils): Symbol #PWR099 Pin 1 [+3V3, Power input, Line]
[lib_symbol_issues]: The symbol library 'power' was not found at '/Users/swaroopsahoo/Library/Mobile Documents/iCloud~md~obsidian/Documents/Skylight/Projects/Skylight/WYVERN/WYVERN-E/WYVERN Project/PCB/Ring76_KiCAD/power.kicad_sym'
    ; warning
    @(23839 mils, 24579 mils): Symbol #PWR099 [+3V3]
[unconnected_wire_endpoint]: Unconnected wire endpoint
    ; warning
    @(23689 mils, 7596 mils): Horizontal Wire, length 200 mils
[lib_symbol_issues]: The symbol library 'Sensor_Energy' was not found at '/Users/swaroopsahoo/Library/Mobile Documents/iCloud~md~obsidian/Documents/Skylight/Projects/Skylight/WYVERN/WYVERN-E/WYVERN Project/PCB/Ring76_KiCAD/Sensor_Energy.kicad_sym'
    ; warning
    @(23926 mils, 9973 mils): Symbol U9 [INA226]
[endpoint_off_grid]: Symbol pin or wire end off connection grid
    ; warning
    @(23989 mils, 7596 mils): Horizontal Wire, length 200 mils
[endpoint_off_grid]: Symbol pin or wire end off connection grid
    ; warning
    @(23989 mils, 24043 mils): Horizontal Wire, length 200 mils
[unconnected_wire_endpoint]: Unconnected wire endpoint
    ; warning
    @(23839 mils, 7682 mils): Horizontal Wire, length 200 mils
[unconnected_wire_endpoint]: Unconnected wire endpoint
    ; warning
    @(23839 mils, 24129 mils): Horizontal Wire, length 200 mils
[unconnected_wire_endpoint]: Unconnected wire endpoint
    ; warning
    @(23989 mils, 7596 mils): Horizontal Wire, length 200 mils
[unconnected_wire_endpoint]: Unconnected wire endpoint
    ; warning
    @(23989 mils, 24043 mils): Horizontal Wire, length 200 mils
[endpoint_off_grid]: Symbol pin or wire end off connection grid
    ; warning
    @(24190 mils, 4954 mils): Horizontal Wire, length 1368 mils
[endpoint_off_grid]: Symbol pin or wire end off connection grid
    ; warning
    @(24190 mils, 8897 mils): Vertical Wire, length 3943 mils
[endpoint_off_grid]: Symbol pin or wire end off connection grid
    ; warning
    @(24317 mils, 9587 mils): Vertical Wire, length 186 mils
[endpoint_off_grid]: Symbol pin or wire end off connection grid
    ; warning
    @(24317 mils, 9773 mils): Horizontal Wire, length 791 mils
[unconnected_wire_endpoint]: Unconnected wire endpoint
    ; warning
    @(24317 mils, 9887 mils): Vertical Wire, length 14 mils
[endpoint_off_grid]: Symbol pin or wire end off connection grid
    ; warning
    @(24317 mils, 9887 mils): Vertical Wire, length 14 mils
[endpoint_off_grid]: Symbol pin or wire end off connection grid
    ; warning
    @(24326 mils, 9673 mils): Symbol U9 Pin 1 [A1, Input, Line]
[unconnected_wire_endpoint]: Unconnected wire endpoint
    ; warning
    @(21703 mils, 9873 mils): Horizontal Wire, length 2623 mils
[endpoint_off_grid]: Symbol pin or wire end off connection grid
    ; warning
    @(24326 mils, 9973 mils): Horizontal Wire, length 2623 mils
[endpoint_off_grid]: Symbol pin or wire end off connection grid
    ; warning
    @(24420 mils, 14419 mils): Vertical Wire, length 6278 mils
[unconnected_wire_endpoint]: Unconnected wire endpoint
    ; warning
    @(17080 mils, 16119 mils): Horizontal Wire, length 7339 mils
[unconnected_wire_endpoint]: Unconnected wire endpoint
    ; warning
    @(17080 mils, 16219 mils): Horizontal Wire, length 7339 mils
[unconnected_wire_endpoint]: Unconnected wire endpoint
    ; warning
    @(17080 mils, 16319 mils): Horizontal Wire, length 7339 mils
[unconnected_wire_endpoint]: Unconnected wire endpoint
    ; warning
    @(17080 mils, 16419 mils): Horizontal Wire, length 7339 mils
[endpoint_off_grid]: Symbol pin or wire end off connection grid
    ; warning
    @(24420 mils, 19998 mils): Horizontal Wire, length 5979 mils
[unconnected_wire_endpoint]: Unconnected wire endpoint
    ; warning
    @(24420 mils, 19998 mils): Horizontal Wire, length 5979 mils
[unconnected_wire_endpoint]: Unconnected wire endpoint
    ; warning
    @(29759 mils, 20198 mils): Horizontal Wire, length 5339 mils
[unconnected_wire_endpoint]: Unconnected wire endpoint
    ; warning
    @(29759 mils, 20398 mils): Horizontal Wire, length 5339 mils
[unconnected_wire_endpoint]: Unconnected wire endpoint
    ; warning
    @(29759 mils, 20598 mils): Horizontal Wire, length 5339 mils
[endpoint_off_grid]: Symbol pin or wire end off connection grid
    ; warning
    @(24553 mils, 20561 mils): Symbol Y1 Pin 1 [OE, Input, Line]
[endpoint_off_grid]: Symbol pin or wire end off connection grid
    ; warning
    @(24639 mils, 10636 mils): Horizontal Wire, length 1930 mils
[endpoint_off_grid]: Symbol pin or wire end off connection grid
    ; warning
    @(24639 mils, 10636 mils): Symbol R40 Pin 1 [Passive, Line]
[lib_symbol_issues]: The symbol library 'Device' was not found at '/Users/swaroopsahoo/Library/Mobile Documents/iCloud~md~obsidian/Documents/Skylight/Projects/Skylight/WYVERN/WYVERN-E/WYVERN Project/PCB/Ring76_KiCAD/Device.kicad_sym'
    ; warning
    @(24639 mils, 10786 mils): Symbol R40 [R]
[endpoint_off_grid]: Symbol pin or wire end off connection grid
    ; warning
    @(24639 mils, 10936 mils): Horizontal Wire, length 2780 mils
[endpoint_off_grid]: Symbol pin or wire end off connection grid
    ; warning
    @(24717 mils, 9673 mils): Horizontal Wire, length 391 mils
[endpoint_off_grid]: Symbol pin or wire end off connection grid
    ; warning
    @(24717 mils, 9981 mils): Vertical Wire, length 307 mils
[unconnected_wire_endpoint]: Unconnected wire endpoint
    ; warning
    @(25631 mils, 11485 mils): Horizontal Wire, length 791 mils
[endpoint_off_grid]: Symbol pin or wire end off connection grid
    ; warning
    @(24841 mils, 19653 mils): Symbol U7 Pin 1 [~{CE}, Input, Line]
[endpoint_off_grid]: Symbol pin or wire end off connection grid
    ; warning
    @(24841 mils, 19753 mils): Horizontal Wire, length 3880 mils
[endpoint_off_grid]: Symbol pin or wire end off connection grid
    ; warning
    @(24841 mils, 19853 mils): Horizontal Wire, length 3880 mils
[endpoint_off_grid]: Symbol pin or wire end off connection grid
    ; warning
    @(24841 mils, 19953 mils): Horizontal Wire, length 3880 mils
[endpoint_off_grid]: Symbol pin or wire end off connection grid
    ; warning
    @(24841 mils, 20053 mils): Horizontal Wire, length 3880 mils
[endpoint_off_grid]: Symbol pin or wire end off connection grid
    ; warning
    @(24841 mils, 20153 mils): Horizontal Wire, length 3880 mils
[endpoint_off_grid]: Symbol pin or wire end off connection grid
    ; warning
    @(24841 mils, 20253 mils): Horizontal Wire, length 3880 mils
[unconnected_wire_endpoint]: Unconnected wire endpoint
    ; warning
    @(24841 mils, 20253 mils): Horizontal Wire, length 3880 mils
[lib_symbol_issues]: The symbol library 'Oscillator' was not found at '/Users/swaroopsahoo/Library/Mobile Documents/iCloud~md~obsidian/Documents/Skylight/Projects/Skylight/WYVERN/WYVERN-E/WYVERN Project/PCB/Ring76_KiCAD/Oscillator.kicad_sym'
    ; warning
    @(24853 mils, 20561 mils): Symbol Y1 [SG-8002CA]
[endpoint_off_grid]: Symbol pin or wire end off connection grid
    ; warning
    @(24926 mils, 11070 mils): Symbol #PWR133 Pin 1 [GND, Power input, Line]
[lib_symbol_issues]: The symbol library 'power' was not found at '/Users/swaroopsahoo/Library/Mobile Documents/iCloud~md~obsidian/Documents/Skylight/Projects/Skylight/WYVERN/WYVERN-E/WYVERN Project/PCB/Ring76_KiCAD/power.kicad_sym'
    ; warning
    @(24926 mils, 11070 mils): Symbol #PWR133 [GND]
[endpoint_off_grid]: Symbol pin or wire end off connection grid
    ; warning
    @(24926 mils, 11220 mils): Vertical Wire, length 150 mils
[endpoint_off_grid]: Symbol pin or wire end off connection grid
    ; warning
    @(24926 mils, 11220 mils): Symbol C32 Pin 1 [Passive, Line]
[lib_symbol_issues]: The symbol library 'Device' was not found at '/Users/swaroopsahoo/Library/Mobile Documents/iCloud~md~obsidian/Documents/Skylight/Projects/Skylight/WYVERN/WYVERN-E/WYVERN Project/PCB/Ring76_KiCAD/Device.kicad_sym'
    ; warning
    @(24926 mils, 11370 mils): Symbol C32 [C]
[endpoint_off_grid]: Symbol pin or wire end off connection grid
    ; warning
    @(24926 mils, 11520 mils): Vertical Wire, length 150 mils
[endpoint_off_grid]: Symbol pin or wire end off connection grid
    ; warning
    @(24926 mils, 11670 mils): Symbol #PWR132 Pin 1 [+3V3, Power input, Line]
[lib_symbol_issues]: The symbol library 'power' was not found at '/Users/swaroopsahoo/Library/Mobile Documents/iCloud~md~obsidian/Documents/Skylight/Projects/Skylight/WYVERN/WYVERN-E/WYVERN Project/PCB/Ring76_KiCAD/power.kicad_sym'
    ; warning
    @(24926 mils, 11670 mils): Symbol #PWR132 [+3V3]
[endpoint_off_grid]: Symbol pin or wire end off connection grid
    ; warning
    @(25107 mils, 9587 mils): Horizontal Wire, length 791 mils
[endpoint_off_grid]: Symbol pin or wire end off connection grid
    ; warning
    @(25107 mils, 9587 mils): Symbol R24 Pin 1 [Passive, Line]
[lib_symbol_issues]: The symbol library 'Device' was not found at '/Users/swaroopsahoo/Library/Mobile Documents/iCloud~md~obsidian/Documents/Skylight/Projects/Skylight/WYVERN/WYVERN-E/WYVERN Project/PCB/Ring76_KiCAD/Device.kicad_sym'
    ; warning
    @(25107 mils, 9737 mils): Symbol R24 [R]
[endpoint_off_grid]: Symbol pin or wire end off connection grid
    ; warning
    @(25107 mils, 9887 mils): Horizontal Wire, length 791 mils
[endpoint_off_grid]: Symbol pin or wire end off connection grid
    ; warning
    @(25107 mils, 9981 mils): Symbol R23 Pin 1 [Passive, Line]
[endpoint_off_grid]: Symbol pin or wire end off connection grid
    ; warning
    @(25107 mils, 9981 mils): Horizontal Wire, length 391 mils
[lib_symbol_issues]: The symbol library 'Device' was not found at '/Users/swaroopsahoo/Library/Mobile Documents/iCloud~md~obsidian/Documents/Skylight/Projects/Skylight/WYVERN/WYVERN-E/WYVERN Project/PCB/Ring76_KiCAD/Device.kicad_sym'
    ; warning
    @(25107 mils, 10131 mils): Symbol R23 [R]
[endpoint_off_grid]: Symbol pin or wire end off connection grid
    ; warning
    @(25173 mils, 14919 mils): Vertical Wire, length 400 mils
[unconnected_wire_endpoint]: Unconnected wire endpoint
    ; warning
    @(19080 mils, 15019 mils): Horizontal Wire, length 6093 mils
[unconnected_wire_endpoint]: Unconnected wire endpoint
    ; warning
    @(19080 mils, 15119 mils): Horizontal Wire, length 6093 mils
[unconnected_wire_endpoint]: Unconnected wire endpoint
    ; warning
    @(19080 mils, 15219 mils): Horizontal Wire, length 6093 mils
[endpoint_off_grid]: Symbol pin or wire end off connection grid
    ; warning
    @(25173 mils, 15319 mils): Vertical Wire, length 100 mils
[endpoint_off_grid]: Symbol pin or wire end off connection grid
    ; warning
    @(25173 mils, 15419 mils): Vertical Wire, length 100 mils
[endpoint_off_grid]: Symbol pin or wire end off connection grid
    ; warning
    @(25173 mils, 15519 mils): Vertical Wire, length 200 mils
[endpoint_off_grid]: Symbol pin or wire end off connection grid
    ; warning
    @(25173 mils, 15719 mils): Vertical Wire, length 100 mils
[endpoint_off_grid]: Symbol pin or wire end off connection grid
    ; warning
    @(25173 mils, 15819 mils): Vertical Wire, length 100 mils
[endpoint_off_grid]: Symbol pin or wire end off connection grid
    ; warning
    @(25173 mils, 15919 mils): Vertical Wire, length 500 mils
[unconnected_wire_endpoint]: Unconnected wire endpoint
    ; warning
    @(31266 mils, 16119 mils): Horizontal Wire, length 6093 mils
[unconnected_wire_endpoint]: Unconnected wire endpoint
    ; warning
    @(31266 mils, 16219 mils): Horizontal Wire, length 6093 mils
[unconnected_wire_endpoint]: Unconnected wire endpoint
    ; warning
    @(31266 mils, 16319 mils): Horizontal Wire, length 6093 mils
[lib_symbol_issues]: The symbol library 'Sensor_Energy' was not found at '/Users/swaroopsahoo/Library/Mobile Documents/iCloud~md~obsidian/Documents/Skylight/Projects/Skylight/WYVERN/WYVERN-E/WYVERN Project/PCB/Ring76_KiCAD/Sensor_Energy.kicad_sym'
    ; warning
    @(25241 mils, 11685 mils): Symbol U8 [INA226]
[footprint_link_issues]: Footprint 'Winbond_USON-8-1EP_3x2mm_P0.5mm_EP0.2x1.6mm' not found in library 'Package_SON'
    ; warning
    @(25241 mils, 19953 mils): Symbol U7 [APS6404L-SQRx-ZR]
[lib_symbol_issues]: The symbol library 'Memory_RAM' was not found at '/Users/swaroopsahoo/Library/Mobile Documents/iCloud~md~obsidian/Documents/Skylight/Projects/Skylight/WYVERN/WYVERN-E/WYVERN Project/PCB/Ring76_KiCAD/Memory_RAM.kicad_sym'
    ; warning
    @(25241 mils, 19953 mils): Symbol U7 [APS6404L-SQRx-ZR]
[endpoint_off_grid]: Symbol pin or wire end off connection grid
    ; warning
    @(25526 mils, 9852 mils): Horizontal Wire, length 3223 mils
[endpoint_off_grid]: Symbol pin or wire end off connection grid
    ; warning
    @(25526 mils, 9852 mils): Symbol R31 Pin 1 [Passive, Line]
[lib_symbol_issues]: The symbol library 'Device' was not found at '/Users/swaroopsahoo/Library/Mobile Documents/iCloud~md~obsidian/Documents/Skylight/Projects/Skylight/WYVERN/WYVERN-E/WYVERN Project/PCB/Ring76_KiCAD/Device.kicad_sym'
    ; warning
    @(25526 mils, 10002 mils): Symbol R31 [R]
[endpoint_off_grid]: Symbol pin or wire end off connection grid
    ; warning
    @(25558 mils, 4754 mils): Symbol J12 Pin 1 [Pin_1, Passive, Line]
[endpoint_off_grid]: Symbol pin or wire end off connection grid
    ; warning
    @(25631 mils, 11299 mils): Vertical Wire, length 186 mils
[endpoint_off_grid]: Symbol pin or wire end off connection grid
    ; warning
    @(25631 mils, 11485 mils): Horizontal Wire, length 791 mils
[unconnected_wire_endpoint]: Unconnected wire endpoint
    ; warning
    @(25631 mils, 11599 mils): Vertical Wire, length 14 mils
[endpoint_off_grid]: Symbol pin or wire end off connection grid
    ; warning
    @(25631 mils, 11599 mils): Vertical Wire, length 14 mils
[endpoint_off_grid]: Symbol pin or wire end off connection grid
    ; warning
    @(25641 mils, 11385 mils): Horizontal Wire, length 391 mils
[endpoint_off_grid]: Symbol pin or wire end off connection grid
    ; warning
    @(25641 mils, 11385 mils): Symbol U8 Pin 1 [A1, Input, Line]
[unconnected_wire_endpoint]: Unconnected wire endpoint
    ; warning
    @(22360 mils, 11585 mils): Horizontal Wire, length 3280 mils
[endpoint_off_grid]: Symbol pin or wire end off connection grid
    ; warning
    @(25641 mils, 11685 mils): Horizontal Wire, length 3280 mils
[endpoint_off_grid]: Symbol pin or wire end off connection grid
    ; warning
    @(25666 mils, 17659 mils): Symbol U6 Pin 1 [~{CS}, Input, Line]
[endpoint_off_grid]: Symbol pin or wire end off connection grid
    ; warning
    @(25666 mils, 17759 mils): Horizontal Wire, length 4293 mils
[endpoint_off_grid]: Symbol pin or wire end off connection grid
    ; warning
    @(25666 mils, 17859 mils): Horizontal Wire, length 4293 mils
[endpoint_off_grid]: Symbol pin or wire end off connection grid
    ; warning
    @(25666 mils, 17959 mils): Horizontal Wire, length 4293 mils
[endpoint_off_grid]: Symbol pin or wire end off connection grid
    ; warning
    @(25666 mils, 18059 mils): Horizontal Wire, length 4293 mils
[endpoint_off_grid]: Symbol pin or wire end off connection grid
    ; warning
    @(25666 mils, 18159 mils): Horizontal Wire, length 4293 mils
[endpoint_off_grid]: Symbol pin or wire end off connection grid
    ; warning
    @(25666 mils, 18259 mils): Horizontal Wire, length 4293 mils
[unconnected_wire_endpoint]: Unconnected wire endpoint
    ; warning
    @(25666 mils, 18259 mils): Horizontal Wire, length 4293 mils
[lib_symbol_issues]: The symbol library 'Connector_Generic' was not found at '/Users/swaroopsahoo/Library/Mobile Documents/iCloud~md~obsidian/Documents/Skylight/Projects/Skylight/WYVERN/WYVERN-E/WYVERN Project/PCB/Ring76_KiCAD/Connector_Generic.kicad_sym'
    ; warning
    @(25758 mils, 4854 mils): Symbol J12 [Conn_01x03]
[endpoint_off_grid]: Symbol pin or wire end off connection grid
    ; warning
    @(25774 mils, 9658 mils): Horizontal Wire, length 3347 mils
[endpoint_off_grid]: Symbol pin or wire end off connection grid
    ; warning
    @(25774 mils, 9658 mils): Symbol R32 Pin 1 [Passive, Line]
[lib_symbol_issues]: The symbol library 'Device' was not found at '/Users/swaroopsahoo/Library/Mobile Documents/iCloud~md~obsidian/Documents/Skylight/Projects/Skylight/WYVERN/WYVERN-E/WYVERN Project/PCB/Ring76_KiCAD/Device.kicad_sym'
    ; warning
    @(25774 mils, 9808 mils): Symbol R32 [R]
[endpoint_off_grid]: Symbol pin or wire end off connection grid
    ; warning
    @(25850 mils, 12842 mils): Symbol R41 Pin 1 [Passive, Line]
[endpoint_off_grid]: Symbol pin or wire end off connection grid
    ; warning
    @(25850 mils, 12842 mils): Horizontal Wire, length 2305 mils
[lib_symbol_issues]: The symbol library 'Device' was not found at '/Users/swaroopsahoo/Library/Mobile Documents/iCloud~md~obsidian/Documents/Skylight/Projects/Skylight/WYVERN/WYVERN-E/WYVERN Project/PCB/Ring76_KiCAD/Device.kicad_sym'
    ; warning
    @(25850 mils, 12992 mils): Symbol R41 [R]
[endpoint_off_grid]: Symbol pin or wire end off connection grid
    ; warning
    @(25850 mils, 13142 mils): Horizontal Wire, length 3385 mils
[endpoint_off_grid]: Symbol pin or wire end off connection grid
    ; warning
    @(25884 mils, 4359 mils): Vertical Wire, length 495 mils
[endpoint_off_grid]: Symbol pin or wire end off connection grid
    ; warning
    @(25884 mils, 4854 mils): Horizontal Wire, length 326 mils
[endpoint_off_grid]: Symbol pin or wire end off connection grid
    ; warning
    @(25926 mils, 20422 mils): Symbol #PWR105 Pin 1 [GND, Power input, Line]
[lib_symbol_issues]: The symbol library 'power' was not found at '/Users/swaroopsahoo/Library/Mobile Documents/iCloud~md~obsidian/Documents/Skylight/Projects/Skylight/WYVERN/WYVERN-E/WYVERN Project/PCB/Ring76_KiCAD/power.kicad_sym'
    ; warning
    @(25926 mils, 20422 mils): Symbol #PWR105 [GND]
[endpoint_off_grid]: Symbol pin or wire end off connection grid
    ; warning
    @(25926 mils, 20572 mils): Symbol C27 Pin 1 [Passive, Line]
[endpoint_off_grid]: Symbol pin or wire end off connection grid
    ; warning
    @(25926 mils, 20572 mils): Vertical Wire, length 150 mils
[lib_symbol_issues]: The symbol library 'Device' was not found at '/Users/swaroopsahoo/Library/Mobile Documents/iCloud~md~obsidian/Documents/Skylight/Projects/Skylight/WYVERN/WYVERN-E/WYVERN Project/PCB/Ring76_KiCAD/Device.kicad_sym'
    ; warning
    @(25926 mils, 20722 mils): Symbol C27 [C]
[endpoint_off_grid]: Symbol pin or wire end off connection grid
    ; warning
    @(25926 mils, 20872 mils): Vertical Wire, length 150 mils
[endpoint_off_grid]: Symbol pin or wire end off connection grid
    ; warning
    @(25926 mils, 21022 mils): Symbol #PWR104 Pin 1 [+3V3, Power input, Line]
[lib_symbol_issues]: The symbol library 'power' was not found at '/Users/swaroopsahoo/Library/Mobile Documents/iCloud~md~obsidian/Documents/Skylight/Projects/Skylight/WYVERN/WYVERN-E/WYVERN Project/PCB/Ring76_KiCAD/power.kicad_sym'
    ; warning
    @(25926 mils, 21022 mils): Symbol #PWR104 [+3V3]
[endpoint_off_grid]: Symbol pin or wire end off connection grid
    ; warning
    @(26031 mils, 11693 mils): Vertical Wire, length 307 mils
[footprint_link_issues]: Footprint 'SOIC-8_5.3x5.3mm_P1.27mm' not found in library 'Package_SO'
    ; warning
    @(26066 mils, 17959 mils): Symbol U6 [W25Q32JVSS]
[lib_symbol_issues]: The symbol library 'Memory_Flash' was not found at '/Users/swaroopsahoo/Library/Mobile Documents/iCloud~md~obsidian/Documents/Skylight/Projects/Skylight/WYVERN/WYVERN-E/WYVERN Project/PCB/Ring76_KiCAD/Memory_Flash.kicad_sym'
    ; warning
    @(26066 mils, 17959 mils): Symbol U6 [W25Q32JVSS]
[endpoint_off_grid]: Symbol pin or wire end off connection grid
    ; warning
    @(26093 mils, 20526 mils): Symbol #PWR114 Pin 1 [GND, Power input, Line]
[lib_symbol_issues]: The symbol library 'power' was not found at '/Users/swaroopsahoo/Library/Mobile Documents/iCloud~md~obsidian/Documents/Skylight/Projects/Skylight/WYVERN/WYVERN-E/WYVERN Project/PCB/Ring76_KiCAD/power.kicad_sym'
    ; warning
    @(26093 mils, 20526 mils): Symbol #PWR114 [GND]
[endpoint_off_grid]: Symbol pin or wire end off connection grid
    ; warning
    @(26093 mils, 20676 mils): Symbol C29 Pin 1 [Passive, Line]
[endpoint_off_grid]: Symbol pin or wire end off connection grid
    ; warning
    @(26093 mils, 20676 mils): Vertical Wire, length 150 mils
[lib_symbol_issues]: The symbol library 'Device' was not found at '/Users/swaroopsahoo/Library/Mobile Documents/iCloud~md~obsidian/Documents/Skylight/Projects/Skylight/WYVERN/WYVERN-E/WYVERN Project/PCB/Ring76_KiCAD/Device.kicad_sym'
    ; warning
    @(26093 mils, 20826 mils): Symbol C29 [C]
[endpoint_off_grid]: Symbol pin or wire end off connection grid
    ; warning
    @(26093 mils, 20976 mils): Vertical Wire, length 150 mils
[endpoint_off_grid]: Symbol pin or wire end off connection grid
    ; warning
    @(26093 mils, 21126 mils): Symbol #PWR113 Pin 1 [+3V3, Power input, Line]
[lib_symbol_issues]: The symbol library 'power' was not found at '/Users/swaroopsahoo/Library/Mobile Documents/iCloud~md~obsidian/Documents/Skylight/Projects/Skylight/WYVERN/WYVERN-E/WYVERN Project/PCB/Ring76_KiCAD/power.kicad_sym'
    ; warning
    @(26093 mils, 21126 mils): Symbol #PWR113 [+3V3]
[endpoint_off_grid]: Symbol pin or wire end off connection grid
    ; warning
    @(26210 mils, 4059 mils): Symbol C53 Pin 1 [Passive, Line]
[lib_symbol_issues]: The symbol library 'Device' was not found at '/Users/swaroopsahoo/Library/Mobile Documents/iCloud~md~obsidian/Documents/Skylight/Projects/Skylight/WYVERN/WYVERN-E/WYVERN Project/PCB/Ring76_KiCAD/Device.kicad_sym'
    ; warning
    @(26210 mils, 4209 mils): Symbol C53 [C]
[endpoint_off_grid]: Symbol pin or wire end off connection grid
    ; warning
    @(26210 mils, 4359 mils): Horizontal Wire, length 326 mils
[endpoint_off_grid]: Symbol pin or wire end off connection grid
    ; warning
    @(26222 mils, 14233 mils): Symbol C9 Pin 1 [Passive, Line]
[lib_symbol_issues]: The symbol library 'Device' was not found at '/Users/swaroopsahoo/Library/Mobile Documents/iCloud~md~obsidian/Documents/Skylight/Projects/Skylight/WYVERN/WYVERN-E/WYVERN Project/PCB/Ring76_KiCAD/Device.kicad_sym'
    ; warning
    @(26222 mils, 14383 mils): Symbol C9 [C]
[endpoint_off_grid]: Symbol pin or wire end off connection grid
    ; warning
    @(26222 mils, 14533 mils): Horizontal Wire, length 4571 mils
[endpoint_off_grid]: Symbol pin or wire end off connection grid
    ; warning
    @(26317 mils, 14949 mils): Symbol R2 Pin 1 [Passive, Line]
[endpoint_off_grid]: Symbol pin or wire end off connection grid
    ; warning
    @(26317 mils, 14949 mils): Horizontal Wire, length 4618 mils
[lib_symbol_issues]: The symbol library 'Device' was not found at '/Users/swaroopsahoo/Library/Mobile Documents/iCloud~md~obsidian/Documents/Skylight/Projects/Skylight/WYVERN/WYVERN-E/WYVERN Project/PCB/Ring76_KiCAD/Device.kicad_sym'
    ; warning
    @(26317 mils, 15099 mils): Symbol R2 [R]
[endpoint_off_grid]: Symbol pin or wire end off connection grid
    ; warning
    @(26422 mils, 11299 mils): Symbol R22 Pin 1 [Passive, Line]
[endpoint_off_grid]: Symbol pin or wire end off connection grid
    ; warning
    @(26422 mils, 11299 mils): Horizontal Wire, length 791 mils
[lib_symbol_issues]: The symbol library 'Device' was not found at '/Users/swaroopsahoo/Library/Mobile Documents/iCloud~md~obsidian/Documents/Skylight/Projects/Skylight/WYVERN/WYVERN-E/WYVERN Project/PCB/Ring76_KiCAD/Device.kicad_sym'
    ; warning
    @(26422 mils, 11449 mils): Symbol R22 [R]
[endpoint_off_grid]: Symbol pin or wire end off connection grid
    ; warning
    @(26422 mils, 11599 mils): Horizontal Wire, length 791 mils
[endpoint_off_grid]: Symbol pin or wire end off connection grid
    ; warning
    @(26422 mils, 11693 mils): Symbol R21 Pin 1 [Passive, Line]
[endpoint_off_grid]: Symbol pin or wire end off connection grid
    ; warning
    @(26422 mils, 11693 mils): Horizontal Wire, length 391 mils
[lib_symbol_issues]: The symbol library 'Device' was not found at '/Users/swaroopsahoo/Library/Mobile Documents/iCloud~md~obsidian/Documents/Skylight/Projects/Skylight/WYVERN/WYVERN-E/WYVERN Project/PCB/Ring76_KiCAD/Device.kicad_sym'
    ; warning
    @(26422 mils, 11843 mils): Symbol R21 [R]
[endpoint_off_grid]: Symbol pin or wire end off connection grid
    ; warning
    @(26570 mils, 7770 mils): Horizontal Wire, length 1930 mils
[endpoint_off_grid]: Symbol pin or wire end off connection grid
    ; warning
    @(26570 mils, 10636 mils): Vertical Wire, length 2866 mils
[endpoint_off_grid]: Symbol pin or wire end off connection grid
    ; warning
    @(26817 mils, 13425 mils): Horizontal Wire, length 4868 mils
[endpoint_off_grid]: Symbol pin or wire end off connection grid
    ; warning
    @(26817 mils, 13425 mils): Symbol SW1 Pin 1 [1, Passive, Line]
[footprint_link_issues]: Footprint 'SW_SPST_EVQP2202' not found in library 'Button_Switch_SMD'
    ; warning
    @(27017 mils, 13425 mils): Symbol SW1 [SW_Push]
[lib_symbol_issues]: The symbol library 'Switch' was not found at '/Users/swaroopsahoo/Library/Mobile Documents/iCloud~md~obsidian/Documents/Skylight/Projects/Skylight/WYVERN/WYVERN-E/WYVERN Project/PCB/Ring76_KiCAD/Switch.kicad_sym'
    ; warning
    @(27017 mils, 13425 mils): Symbol SW1 [SW_Push]
[endpoint_off_grid]: Symbol pin or wire end off connection grid
    ; warning
    @(27323 mils, 17484 mils): Symbol #PWR109 Pin 1 [GND, Power input, Line]
[lib_symbol_issues]: The symbol library 'power' was not found at '/Users/swaroopsahoo/Library/Mobile Documents/iCloud~md~obsidian/Documents/Skylight/Projects/Skylight/WYVERN/WYVERN-E/WYVERN Project/PCB/Ring76_KiCAD/power.kicad_sym'
    ; warning
    @(27323 mils, 17484 mils): Symbol #PWR109 [GND]
[endpoint_off_grid]: Symbol pin or wire end off connection grid
    ; warning
    @(27323 mils, 17634 mils): Symbol C28 Pin 1 [Passive, Line]
[endpoint_off_grid]: Symbol pin or wire end off connection grid
    ; warning
    @(27323 mils, 17634 mils): Vertical Wire, length 150 mils
[lib_symbol_issues]: The symbol library 'Device' was not found at '/Users/swaroopsahoo/Library/Mobile Documents/iCloud~md~obsidian/Documents/Skylight/Projects/Skylight/WYVERN/WYVERN-E/WYVERN Project/PCB/Ring76_KiCAD/Device.kicad_sym'
    ; warning
    @(27323 mils, 17784 mils): Symbol C28 [C]
[endpoint_off_grid]: Symbol pin or wire end off connection grid
    ; warning
    @(27323 mils, 17934 mils): Vertical Wire, length 150 mils
[endpoint_off_grid]: Symbol pin or wire end off connection grid
    ; warning
    @(27323 mils, 18084 mils): Symbol #PWR108 Pin 1 [+3V3, Power input, Line]
[lib_symbol_issues]: The symbol library 'power' was not found at '/Users/swaroopsahoo/Library/Mobile Documents/iCloud~md~obsidian/Documents/Skylight/Projects/Skylight/WYVERN/WYVERN-E/WYVERN Project/PCB/Ring76_KiCAD/power.kicad_sym'
    ; warning
    @(27323 mils, 18084 mils): Symbol #PWR108 [+3V3]
[endpoint_off_grid]: Symbol pin or wire end off connection grid
    ; warning
    @(27514 mils, 11227 mils): Symbol J1 Pin 1 [Pin_1, Passive, Line]
[lib_symbol_issues]: The symbol library 'Connector_Generic' was not found at '/Users/swaroopsahoo/Library/Mobile Documents/iCloud~md~obsidian/Documents/Skylight/Projects/Skylight/WYVERN/WYVERN-E/WYVERN Project/PCB/Ring76_KiCAD/Connector_Generic.kicad_sym'
    ; warning
    @(27714 mils, 11327 mils): Symbol J1 [Conn_02x03_Odd_Even]
[endpoint_off_grid]: Symbol pin or wire end off connection grid
    ; warning
    @(28154 mils, 11341 mils): Horizontal Wire, length 2305 mils
[endpoint_off_grid]: Symbol pin or wire end off connection grid
    ; warning
    @(28154 mils, 12842 mils): Vertical Wire, length 1501 mils
[endpoint_off_grid]: Symbol pin or wire end off connection grid
    ; warning
    @(28500 mils, 7570 mils): Symbol J13 Pin 1 [Pin_1, Passive, Line]
[lib_symbol_issues]: The symbol library 'Connector_Generic' was not found at '/Users/swaroopsahoo/Library/Mobile Documents/iCloud~md~obsidian/Documents/Skylight/Projects/Skylight/WYVERN/WYVERN-E/WYVERN Project/PCB/Ring76_KiCAD/Connector_Generic.kicad_sym'
    ; warning
    @(28700 mils, 7670 mils): Symbol J13 [Conn_01x03]
[endpoint_off_grid]: Symbol pin or wire end off connection grid
    ; warning
    @(28912 mils, 7341 mils): Vertical Wire, length 329 mils
[endpoint_off_grid]: Symbol pin or wire end off connection grid
    ; warning
    @(28912 mils, 7670 mils): Horizontal Wire, length 412 mils
[endpoint_off_grid]: Symbol pin or wire end off connection grid
    ; warning
    @(29325 mils, 7041 mils): Symbol C54 Pin 1 [Passive, Line]
[lib_symbol_issues]: The symbol library 'Device' was not found at '/Users/swaroopsahoo/Library/Mobile Documents/iCloud~md~obsidian/Documents/Skylight/Projects/Skylight/WYVERN/WYVERN-E/WYVERN Project/PCB/Ring76_KiCAD/Device.kicad_sym'
    ; warning
    @(29325 mils, 7191 mils): Symbol C54 [C]
[endpoint_off_grid]: Symbol pin or wire end off connection grid
    ; warning
    @(29325 mils, 7341 mils): Horizontal Wire, length 412 mils
[endpoint_off_grid]: Symbol pin or wire end off connection grid
    ; warning
    @(29396 mils, 20091 mils): Symbol #PWR121 Pin 1 [GND, Power input, Line]
[lib_symbol_issues]: The symbol library 'power' was not found at '/Users/swaroopsahoo/Library/Mobile Documents/iCloud~md~obsidian/Documents/Skylight/Projects/Skylight/WYVERN/WYVERN-E/WYVERN Project/PCB/Ring76_KiCAD/power.kicad_sym'
    ; warning
    @(29396 mils, 20091 mils): Symbol #PWR121 [GND]
[endpoint_off_grid]: Symbol pin or wire end off connection grid
    ; warning
    @(29396 mils, 20241 mils): Vertical Wire, length 150 mils
[endpoint_off_grid]: Symbol pin or wire end off connection grid
    ; warning
    @(29396 mils, 20241 mils): Symbol C30 Pin 1 [Passive, Line]
[lib_symbol_issues]: The symbol library 'Device' was not found at '/Users/swaroopsahoo/Library/Mobile Documents/iCloud~md~obsidian/Documents/Skylight/Projects/Skylight/WYVERN/WYVERN-E/WYVERN Project/PCB/Ring76_KiCAD/Device.kicad_sym'
    ; warning
    @(29396 mils, 20391 mils): Symbol C30 [C]
[endpoint_off_grid]: Symbol pin or wire end off connection grid
    ; warning
    @(29396 mils, 20541 mils): Vertical Wire, length 150 mils
[endpoint_off_grid]: Symbol pin or wire end off connection grid
    ; warning
    @(29396 mils, 20691 mils): Symbol #PWR120 Pin 1 [+3V3, Power input, Line]
[lib_symbol_issues]: The symbol library 'power' was not found at '/Users/swaroopsahoo/Library/Mobile Documents/iCloud~md~obsidian/Documents/Skylight/Projects/Skylight/WYVERN/WYVERN-E/WYVERN Project/PCB/Ring76_KiCAD/power.kicad_sym'
    ; warning
    @(29396 mils, 20691 mils): Symbol #PWR120 [+3V3]
[endpoint_off_grid]: Symbol pin or wire end off connection grid
    ; warning
    @(29759 mils, 19998 mils): Symbol J4 Pin 1 [DAT2, Bidirectional, Line]
[endpoint_off_grid]: Symbol pin or wire end off connection grid
    ; warning
    @(29759 mils, 20198 mils): Horizontal Wire, length 5339 mils
[endpoint_off_grid]: Symbol pin or wire end off connection grid
    ; warning
    @(29759 mils, 20398 mils): Horizontal Wire, length 5339 mils
[endpoint_off_grid]: Symbol pin or wire end off connection grid
    ; warning
    @(29759 mils, 20598 mils): Horizontal Wire, length 5339 mils
[endpoint_off_grid]: Symbol pin or wire end off connection grid
    ; warning
    @(29759 mils, 20698 mils): Horizontal Wire, length 5339 mils
[endpoint_off_grid]: Symbol pin or wire end off connection grid
    ; warning
    @(30278 mils, 15945 mils): Symbol #PWR125 Pin 1 [GND, Power input, Line]
[lib_symbol_issues]: The symbol library 'power' was not found at '/Users/swaroopsahoo/Library/Mobile Documents/iCloud~md~obsidian/Documents/Skylight/Projects/Skylight/WYVERN/WYVERN-E/WYVERN Project/PCB/Ring76_KiCAD/power.kicad_sym'
    ; warning
    @(30278 mils, 15945 mils): Symbol #PWR125 [GND]
[endpoint_off_grid]: Symbol pin or wire end off connection grid
    ; warning
    @(30278 mils, 16095 mils): Symbol C31 Pin 1 [Passive, Line]
[endpoint_off_grid]: Symbol pin or wire end off connection grid
    ; warning
    @(30278 mils, 16095 mils): Vertical Wire, length 150 mils
[lib_symbol_issues]: The symbol library 'Device' was not found at '/Users/swaroopsahoo/Library/Mobile Documents/iCloud~md~obsidian/Documents/Skylight/Projects/Skylight/WYVERN/WYVERN-E/WYVERN Project/PCB/Ring76_KiCAD/Device.kicad_sym'
    ; warning
    @(30278 mils, 16245 mils): Symbol C31 [C]
[endpoint_off_grid]: Symbol pin or wire end off connection grid
    ; warning
    @(30278 mils, 16395 mils): Vertical Wire, length 150 mils
[endpoint_off_grid]: Symbol pin or wire end off connection grid
    ; warning
    @(30278 mils, 16545 mils): Symbol #PWR124 Pin 1 [+3V3, Power input, Line]
[lib_symbol_issues]: The symbol library 'power' was not found at '/Users/swaroopsahoo/Library/Mobile Documents/iCloud~md~obsidian/Documents/Skylight/Projects/Skylight/WYVERN/WYVERN-E/WYVERN Project/PCB/Ring76_KiCAD/power.kicad_sym'
    ; warning
    @(30278 mils, 16545 mils): Symbol #PWR124 [+3V3]
[endpoint_off_grid]: Symbol pin or wire end off connection grid
    ; warning
    @(30399 mils, 20905 mils): Vertical Wire, length 907 mils
[endpoint_off_grid]: Symbol pin or wire end off connection grid
    ; warning
    @(30459 mils, 11141 mils): Symbol J14 Pin 1 [Pin_1, Passive, Line]
[lib_symbol_issues]: The symbol library 'Connector_Generic' was not found at '/Users/swaroopsahoo/Library/Mobile Documents/iCloud~md~obsidian/Documents/Skylight/Projects/Skylight/WYVERN/WYVERN-E/WYVERN Project/PCB/Ring76_KiCAD/Connector_Generic.kicad_sym'
    ; warning
    @(30659 mils, 11241 mils): Symbol J14 [Conn_01x03]
[lib_symbol_issues]: The symbol library 'Connector' was not found at '/Users/swaroopsahoo/Library/Mobile Documents/iCloud~md~obsidian/Documents/Skylight/Projects/Skylight/WYVERN/WYVERN-E/WYVERN Project/PCB/Ring76_KiCAD/Connector.kicad_sym'
    ; warning
    @(30659 mils, 20398 mils): Symbol J4 [Micro_SD_Card_Det2]
[endpoint_off_grid]: Symbol pin or wire end off connection grid
    ; warning
    @(30929 mils, 11122 mils): Vertical Wire, length 119 mils
[endpoint_off_grid]: Symbol pin or wire end off connection grid
    ; warning
    @(30929 mils, 11241 mils): Horizontal Wire, length 470 mils
[endpoint_off_grid]: Symbol pin or wire end off connection grid
    ; warning
    @(31039 mils, 20905 mils): Symbol R20 Pin 1 [Passive, Line]
[endpoint_off_grid]: Symbol pin or wire end off connection grid
    ; warning
    @(31039 mils, 20905 mils): Horizontal Wire, length 640 mils
[lib_symbol_issues]: The symbol library 'Device' was not found at '/Users/swaroopsahoo/Library/Mobile Documents/iCloud~md~obsidian/Documents/Skylight/Projects/Skylight/WYVERN/WYVERN-E/WYVERN Project/PCB/Ring76_KiCAD/Device.kicad_sym'
    ; warning
    @(31039 mils, 21055 mils): Symbol R20 [R]
[endpoint_off_grid]: Symbol pin or wire end off connection grid
    ; warning
    @(31266 mils, 15219 mils): Symbol J5 Pin 1 [Pin_1, Passive, Line]
[endpoint_off_grid]: Symbol pin or wire end off connection grid
    ; warning
    @(31266 mils, 15619 mils): Horizontal Wire, length 6093 mils
[endpoint_off_grid]: Symbol pin or wire end off connection grid
    ; warning
    @(31266 mils, 16019 mils): Horizontal Wire, length 6093 mils
[endpoint_off_grid]: Symbol pin or wire end off connection grid
    ; warning
    @(31266 mils, 16119 mils): Horizontal Wire, length 6093 mils
[endpoint_off_grid]: Symbol pin or wire end off connection grid
    ; warning
    @(31266 mils, 16219 mils): Horizontal Wire, length 6093 mils
[endpoint_off_grid]: Symbol pin or wire end off connection grid
    ; warning
    @(31266 mils, 16319 mils): Horizontal Wire, length 6093 mils
[endpoint_off_grid]: Symbol pin or wire end off connection grid
    ; warning
    @(31266 mils, 16419 mils): Horizontal Wire, length 6093 mils
[endpoint_off_grid]: Symbol pin or wire end off connection grid
    ; warning
    @(31399 mils, 10822 mils): Symbol C55 Pin 1 [Passive, Line]
[lib_symbol_issues]: The symbol library 'Device' was not found at '/Users/swaroopsahoo/Library/Mobile Documents/iCloud~md~obsidian/Documents/Skylight/Projects/Skylight/WYVERN/WYVERN-E/WYVERN Project/PCB/Ring76_KiCAD/Device.kicad_sym'
    ; warning
    @(31399 mils, 10972 mils): Symbol C55 [C]
[endpoint_off_grid]: Symbol pin or wire end off connection grid
    ; warning
    @(31399 mils, 11122 mils): Horizontal Wire, length 470 mils
[lib_symbol_issues]: The symbol library 'Connector_Generic' was not found at '/Users/swaroopsahoo/Library/Mobile Documents/iCloud~md~obsidian/Documents/Skylight/Projects/Skylight/WYVERN/WYVERN-E/WYVERN Project/PCB/Ring76_KiCAD/Connector_Generic.kicad_sym'
    ; warning
    @(31466 mils, 15819 mils): Symbol J5 [Conn_01x14]

 ** ERC messages: 1853  Errors 671  Warnings 1182

 ** Ignored checks:
    - Global label only appears once in the schematic
    - Four connection points are joined together
    - SPICE model issue
    - Assigned footprint doesn't match footprint filters
