ISO-10303-21;
HEADER;
FILE_DESCRIPTION(('Open CASCADE Model'),'2;1');
FILE_NAME('Open CASCADE Shape Model','2026-06-21T02:31:42',('Author'),(
    'Open CASCADE'),'Open CASCADE STEP processor 7.9','Open CASCADE 7.9'
  ,'Unknown');
FILE_SCHEMA(('AUTOMOTIVE_DESIGN { 1 0 10303 214 1 1 1 1 }'));
ENDSEC;
DATA;
#1 = APPLICATION_PROTOCOL_DEFINITION('international standard',
  'automotive_design',2000,#2);
#2 = APPLICATION_CONTEXT(
  'core data for automotive mechanical design processes');
#3 = SHAPE_DEFINITION_REPRESENTATION(#4,#10);
#4 = PRODUCT_DEFINITION_SHAPE('','',#5);
#5 = PRODUCT_DEFINITION('design','',#6,#9);
#6 = PRODUCT_DEFINITION_FORMATION('','',#7);
#7 = PRODUCT('Open CASCADE STEP translator 7.9 18',
  'Open CASCADE STEP translator 7.9 18','',(#8));
#8 = PRODUCT_CONTEXT('',#2,'mechanical');
#9 = PRODUCT_DEFINITION_CONTEXT('part definition',#2,'design');
#10 = ADVANCED_BREP_SHAPE_REPRESENTATION('',(#11,#15),#11120);
#11 = AXIS2_PLACEMENT_3D('',#12,#13,#14);
#12 = CARTESIAN_POINT('',(0.,0.,0.));
#13 = DIRECTION('',(0.,0.,1.));
#14 = DIRECTION('',(1.,0.,-0.));
#15 = MANIFOLD_SOLID_BREP('',#16);
#16 = CLOSED_SHELL('',(#17,#137,#217,#297,#423,#539,#979,#1488,#1536,
    #1917,#1924,#1949,#1992,#2092,#2141,#2232,#2257,#2357,#2406,#2479,
    #2579,#2629,#2636,#2709,#2737,#2746,#2801,#2855,#2882,#2889,#2916,
    #2923,#2930,#2937,#2944,#2979,#3033,#3087,#3142,#3742,#3797,#3874,
    #3923,#3973,#4000,#4054,#4130,#4179,#4228,#4255,#4331,#4380,#4429,
    #4456,#4532,#4581,#4630,#4657,#4712,#4719,#4773,#4780,#4787,#4794,
    #4849,#4904,#4959,#5014,#5069,#5124,#5179,#5234,#5289,#5344,#5399,
    #5454,#5509,#5564,#5619,#5674,#5729,#5784,#5839,#5894,#5949,#6004,
    #6059,#6114,#6169,#6224,#6279,#6334,#6389,#6444,#6499,#6554,#6609,
    #6664,#6719,#6774,#6829,#6884,#6939,#6994,#7049,#7104,#7159,#7214,
    #7269,#7324,#7379,#7434,#7489,#7544,#7599,#7654,#7709,#7764,#7819,
    #7874,#7929,#7984,#8039,#8094,#8149,#8204,#8259,#8314,#8369,#8424,
    #8479,#8534,#8589,#8644,#8699,#8754,#8809,#8864,#8919,#8974,#9029,
    #9084,#9139,#9194,#9249,#9304,#9359,#9414,#9469,#9524,#9579,#9634,
    #9689,#9744,#9799,#9854,#9909,#9964,#10019,#10074,#10129,#10184,
    #10239,#10294,#10349,#10404,#10459,#10514,#10569,#10624,#10679,
    #10734,#10789,#10844,#10872,#10927,#10982,#11037,#11092));
#17 = ADVANCED_FACE('',(#18),#32,.F.);
#18 = FACE_BOUND('',#19,.F.);
#19 = EDGE_LOOP('',(#20,#55,#83,#111));
#20 = ORIENTED_EDGE('',*,*,#21,.T.);
#21 = EDGE_CURVE('',#22,#24,#26,.T.);
#22 = VERTEX_POINT('',#23);
#23 = CARTESIAN_POINT('',(-2.25,-30.,250.));
#24 = VERTEX_POINT('',#25);
#25 = CARTESIAN_POINT('',(2.25,-30.,250.));
#26 = SURFACE_CURVE('',#27,(#31,#43),.PCURVE_S1.);
#27 = LINE('',#28,#29);
#28 = CARTESIAN_POINT('',(-2.25,-30.,250.));
#29 = VECTOR('',#30,1.);
#30 = DIRECTION('',(1.,-2.22044604925E-16,0.));
#31 = PCURVE('',#32,#37);
#32 = PLANE('',#33);
#33 = AXIS2_PLACEMENT_3D('',#34,#35,#36);
#34 = CARTESIAN_POINT('',(-2.25,-30.,250.));
#35 = DIRECTION('',(-2.22044604925E-16,-1.,0.));
#36 = DIRECTION('',(0.,0.,1.));
#37 = DEFINITIONAL_REPRESENTATION('',(#38),#42);
#38 = LINE('',#39,#40);
#39 = CARTESIAN_POINT('',(0.,0.));
#40 = VECTOR('',#41,1.);
#41 = DIRECTION('',(0.,-1.));
#42 = ( GEOMETRIC_REPRESENTATION_CONTEXT(2) 
PARAMETRIC_REPRESENTATION_CONTEXT() REPRESENTATION_CONTEXT('2D SPACE',''
  ) );
#43 = PCURVE('',#44,#49);
#44 = PLANE('',#45);
#45 = AXIS2_PLACEMENT_3D('',#46,#47,#48);
#46 = CARTESIAN_POINT('',(-2.25,-112.,320.));
#47 = DIRECTION('',(1.441652086439E-16,0.649262379928,0.760564502202));
#48 = DIRECTION('',(1.688792444114E-16,0.760564502202,-0.649262379928));
#49 = DEFINITIONAL_REPRESENTATION('',(#50),#54);
#50 = LINE('',#51,#52);
#51 = CARTESIAN_POINT('',(107.81465577554,0.));
#52 = VECTOR('',#53,1.);
#53 = DIRECTION('',(0.,-1.));
#54 = ( GEOMETRIC_REPRESENTATION_CONTEXT(2) 
PARAMETRIC_REPRESENTATION_CONTEXT() REPRESENTATION_CONTEXT('2D SPACE',''
  ) );
#55 = ORIENTED_EDGE('',*,*,#56,.T.);
#56 = EDGE_CURVE('',#24,#57,#59,.T.);
#57 = VERTEX_POINT('',#58);
#58 = CARTESIAN_POINT('',(2.25,-30.,370.));
#59 = SURFACE_CURVE('',#60,(#64,#71),.PCURVE_S1.);
#60 = LINE('',#61,#62);
#61 = CARTESIAN_POINT('',(2.25,-30.,250.));
#62 = VECTOR('',#63,1.);
#63 = DIRECTION('',(0.,0.,1.));
#64 = PCURVE('',#32,#65);
#65 = DEFINITIONAL_REPRESENTATION('',(#66),#70);
#66 = LINE('',#67,#68);
#67 = CARTESIAN_POINT('',(0.,-4.5));
#68 = VECTOR('',#69,1.);
#69 = DIRECTION('',(1.,0.));
#70 = ( GEOMETRIC_REPRESENTATION_CONTEXT(2) 
PARAMETRIC_REPRESENTATION_CONTEXT() REPRESENTATION_CONTEXT('2D SPACE',''
  ) );
#71 = PCURVE('',#72,#77);
#72 = PLANE('',#73);
#73 = AXIS2_PLACEMENT_3D('',#74,#75,#76);
#74 = CARTESIAN_POINT('',(2.25,-63.69796902049,322.33441045465));
#75 = DIRECTION('',(1.,-2.22044604925E-16,0.));
#76 = DIRECTION('',(0.,0.,1.));
#77 = DEFINITIONAL_REPRESENTATION('',(#78),#82);
#78 = LINE('',#79,#80);
#79 = CARTESIAN_POINT('',(-72.33441045465,-33.69796902049));
#80 = VECTOR('',#81,1.);
#81 = DIRECTION('',(1.,0.));
#82 = ( GEOMETRIC_REPRESENTATION_CONTEXT(2) 
PARAMETRIC_REPRESENTATION_CONTEXT() REPRESENTATION_CONTEXT('2D SPACE',''
  ) );
#83 = ORIENTED_EDGE('',*,*,#84,.F.);
#84 = EDGE_CURVE('',#85,#57,#87,.T.);
#85 = VERTEX_POINT('',#86);
#86 = CARTESIAN_POINT('',(-2.25,-30.,370.));
#87 = SURFACE_CURVE('',#88,(#92,#99),.PCURVE_S1.);
#88 = LINE('',#89,#90);
#89 = CARTESIAN_POINT('',(-2.25,-30.,370.));
#90 = VECTOR('',#91,1.);
#91 = DIRECTION('',(1.,-2.22044604925E-16,0.));
#92 = PCURVE('',#32,#93);
#93 = DEFINITIONAL_REPRESENTATION('',(#94),#98);
#94 = LINE('',#95,#96);
#95 = CARTESIAN_POINT('',(120.,0.));
#96 = VECTOR('',#97,1.);
#97 = DIRECTION('',(0.,-1.));
#98 = ( GEOMETRIC_REPRESENTATION_CONTEXT(2) 
PARAMETRIC_REPRESENTATION_CONTEXT() REPRESENTATION_CONTEXT('2D SPACE',''
  ) );
#99 = PCURVE('',#100,#105);
#100 = PLANE('',#101);
#101 = AXIS2_PLACEMENT_3D('',#102,#103,#104);
#102 = CARTESIAN_POINT('',(-2.25,-30.,370.));
#103 = DIRECTION('',(-1.351420541042E-17,-6.086257045056E-02,
    -0.998146155389));
#104 = DIRECTION('',(-2.216329687308E-16,-0.998146155389,
    6.086257045056E-02));
#105 = DEFINITIONAL_REPRESENTATION('',(#106),#110);
#106 = LINE('',#107,#108);
#107 = CARTESIAN_POINT('',(0.,0.));
#108 = VECTOR('',#109,1.);
#109 = DIRECTION('',(0.,-1.));
#110 = ( GEOMETRIC_REPRESENTATION_CONTEXT(2) 
PARAMETRIC_REPRESENTATION_CONTEXT() REPRESENTATION_CONTEXT('2D SPACE',''
  ) );
#111 = ORIENTED_EDGE('',*,*,#112,.F.);
#112 = EDGE_CURVE('',#22,#85,#113,.T.);
#113 = SURFACE_CURVE('',#114,(#118,#125),.PCURVE_S1.);
#114 = LINE('',#115,#116);
#115 = CARTESIAN_POINT('',(-2.25,-30.,250.));
#116 = VECTOR('',#117,1.);
#117 = DIRECTION('',(0.,0.,1.));
#118 = PCURVE('',#32,#119);
#119 = DEFINITIONAL_REPRESENTATION('',(#120),#124);
#120 = LINE('',#121,#122);
#121 = CARTESIAN_POINT('',(0.,0.));
#122 = VECTOR('',#123,1.);
#123 = DIRECTION('',(1.,0.));
#124 = ( GEOMETRIC_REPRESENTATION_CONTEXT(2) 
PARAMETRIC_REPRESENTATION_CONTEXT() REPRESENTATION_CONTEXT('2D SPACE',''
  ) );
#125 = PCURVE('',#126,#131);
#126 = PLANE('',#127);
#127 = AXIS2_PLACEMENT_3D('',#128,#129,#130);
#128 = CARTESIAN_POINT('',(-2.25,-63.69796902049,322.33441045465));
#129 = DIRECTION('',(1.,-2.22044604925E-16,0.));
#130 = DIRECTION('',(0.,0.,1.));
#131 = DEFINITIONAL_REPRESENTATION('',(#132),#136);
#132 = LINE('',#133,#134);
#133 = CARTESIAN_POINT('',(-72.33441045465,-33.69796902049));
#134 = VECTOR('',#135,1.);
#135 = DIRECTION('',(1.,0.));
#136 = ( GEOMETRIC_REPRESENTATION_CONTEXT(2) 
PARAMETRIC_REPRESENTATION_CONTEXT() REPRESENTATION_CONTEXT('2D SPACE',''
  ) );
#137 = ADVANCED_FACE('',(#138),#44,.F.);
#138 = FACE_BOUND('',#139,.F.);
#139 = EDGE_LOOP('',(#140,#163,#195,#216));
#140 = ORIENTED_EDGE('',*,*,#141,.F.);
#141 = EDGE_CURVE('',#142,#22,#144,.T.);
#142 = VERTEX_POINT('',#143);
#143 = CARTESIAN_POINT('',(-2.25,-37.53261914655,256.43028463729));
#144 = SURFACE_CURVE('',#145,(#149,#156),.PCURVE_S1.);
#145 = LINE('',#146,#147);
#146 = CARTESIAN_POINT('',(-2.25,-112.,320.));
#147 = VECTOR('',#148,1.);
#148 = DIRECTION('',(1.688792444114E-16,0.760564502202,-0.649262379928)
  );
#149 = PCURVE('',#44,#150);
#150 = DEFINITIONAL_REPRESENTATION('',(#151),#155);
#151 = LINE('',#152,#153);
#152 = CARTESIAN_POINT('',(0.,0.));
#153 = VECTOR('',#154,1.);
#154 = DIRECTION('',(1.,0.));
#155 = ( GEOMETRIC_REPRESENTATION_CONTEXT(2) 
PARAMETRIC_REPRESENTATION_CONTEXT() REPRESENTATION_CONTEXT('2D SPACE',''
  ) );
#156 = PCURVE('',#126,#157);
#157 = DEFINITIONAL_REPRESENTATION('',(#158),#162);
#158 = LINE('',#159,#160);
#159 = CARTESIAN_POINT('',(-2.334410454654,48.302030979502));
#160 = VECTOR('',#161,1.);
#161 = DIRECTION('',(-0.649262379928,-0.760564502202));
#162 = ( GEOMETRIC_REPRESENTATION_CONTEXT(2) 
PARAMETRIC_REPRESENTATION_CONTEXT() REPRESENTATION_CONTEXT('2D SPACE',''
  ) );
#163 = ORIENTED_EDGE('',*,*,#164,.T.);
#164 = EDGE_CURVE('',#142,#165,#167,.T.);
#165 = VERTEX_POINT('',#166);
#166 = CARTESIAN_POINT('',(2.25,-37.53261914655,256.43028463729));
#167 = SURFACE_CURVE('',#168,(#173,#180),.PCURVE_S1.);
#168 = ELLIPSE('',#169,49.436964111715,37.6);
#169 = AXIS2_PLACEMENT_3D('',#170,#171,#172);
#170 = CARTESIAN_POINT('',(0.,0.,224.39024390243));
#171 = DIRECTION('',(1.441652086439E-16,0.649262379928,0.760564502202));
#172 = DIRECTION('',(-1.688792444114E-16,-0.760564502202,0.649262379928)
  );
#173 = PCURVE('',#44,#174);
#174 = DEFINITIONAL_REPRESENTATION('',(#175),#179);
#175 = ELLIPSE('',#176,49.436964111715,37.6);
#176 = AXIS2_PLACEMENT_2D('',#177,#178);
#177 = CARTESIAN_POINT('',(147.25904203489,-2.25));
#178 = DIRECTION('',(-1.,0.));
#179 = ( GEOMETRIC_REPRESENTATION_CONTEXT(2) 
PARAMETRIC_REPRESENTATION_CONTEXT() REPRESENTATION_CONTEXT('2D SPACE',''
  ) );
#180 = PCURVE('',#181,#186);
#181 = CYLINDRICAL_SURFACE('',#182,37.6);
#182 = AXIS2_PLACEMENT_3D('',#183,#184,#185);
#183 = CARTESIAN_POINT('',(0.,0.,223.));
#184 = DIRECTION('',(0.,0.,1.));
#185 = DIRECTION('',(1.,0.,-0.));
#186 = DEFINITIONAL_REPRESENTATION('',(#187),#194);
#187 = B_SPLINE_CURVE_WITH_KNOTS('',5,(#188,#189,#190,#191,#192,#193),
  .UNSPECIFIED.,.F.,.F.,(6,6),(6.211314939922,6.355055674437),
  .PIECEWISE_BEZIER_KNOTS.);
#188 = CARTESIAN_POINT('',(4.640518613128,33.404942991502));
#189 = CARTESIAN_POINT('',(4.66926676003,33.471203964241));
#190 = CARTESIAN_POINT('',(4.698014906933,33.504391522385));
#191 = CARTESIAN_POINT('',(4.726763053836,33.504391522385));
#192 = CARTESIAN_POINT('',(4.755511200739,33.471203964241));
#193 = CARTESIAN_POINT('',(4.784259347642,33.404942991502));
#194 = ( GEOMETRIC_REPRESENTATION_CONTEXT(2) 
PARAMETRIC_REPRESENTATION_CONTEXT() REPRESENTATION_CONTEXT('2D SPACE',''
  ) );
#195 = ORIENTED_EDGE('',*,*,#196,.T.);
#196 = EDGE_CURVE('',#165,#24,#197,.T.);
#197 = SURFACE_CURVE('',#198,(#202,#209),.PCURVE_S1.);
#198 = LINE('',#199,#200);
#199 = CARTESIAN_POINT('',(2.25,-112.,320.));
#200 = VECTOR('',#201,1.);
#201 = DIRECTION('',(1.688792444114E-16,0.760564502202,-0.649262379928)
  );
#202 = PCURVE('',#44,#203);
#203 = DEFINITIONAL_REPRESENTATION('',(#204),#208);
#204 = LINE('',#205,#206);
#205 = CARTESIAN_POINT('',(7.599565998514E-16,-4.5));
#206 = VECTOR('',#207,1.);
#207 = DIRECTION('',(1.,0.));
#208 = ( GEOMETRIC_REPRESENTATION_CONTEXT(2) 
PARAMETRIC_REPRESENTATION_CONTEXT() REPRESENTATION_CONTEXT('2D SPACE',''
  ) );
#209 = PCURVE('',#72,#210);
#210 = DEFINITIONAL_REPRESENTATION('',(#211),#215);
#211 = LINE('',#212,#213);
#212 = CARTESIAN_POINT('',(-2.334410454654,48.302030979502));
#213 = VECTOR('',#214,1.);
#214 = DIRECTION('',(-0.649262379928,-0.760564502202));
#215 = ( GEOMETRIC_REPRESENTATION_CONTEXT(2) 
PARAMETRIC_REPRESENTATION_CONTEXT() REPRESENTATION_CONTEXT('2D SPACE',''
  ) );
#216 = ORIENTED_EDGE('',*,*,#21,.F.);
#217 = ADVANCED_FACE('',(#218),#100,.F.);
#218 = FACE_BOUND('',#219,.F.);
#219 = EDGE_LOOP('',(#220,#243,#244,#267));
#220 = ORIENTED_EDGE('',*,*,#221,.F.);
#221 = EDGE_CURVE('',#85,#222,#224,.T.);
#222 = VERTEX_POINT('',#223);
#223 = CARTESIAN_POINT('',(-2.25,-39.93666861419,370.60589442769));
#224 = SURFACE_CURVE('',#225,(#229,#236),.PCURVE_S1.);
#225 = LINE('',#226,#227);
#226 = CARTESIAN_POINT('',(-2.25,-30.,370.));
#227 = VECTOR('',#228,1.);
#228 = DIRECTION('',(-2.216329687308E-16,-0.998146155389,
    6.086257045056E-02));
#229 = PCURVE('',#100,#230);
#230 = DEFINITIONAL_REPRESENTATION('',(#231),#235);
#231 = LINE('',#232,#233);
#232 = CARTESIAN_POINT('',(0.,0.));
#233 = VECTOR('',#234,1.);
#234 = DIRECTION('',(1.,0.));
#235 = ( GEOMETRIC_REPRESENTATION_CONTEXT(2) 
PARAMETRIC_REPRESENTATION_CONTEXT() REPRESENTATION_CONTEXT('2D SPACE',''
  ) );
#236 = PCURVE('',#126,#237);
#237 = DEFINITIONAL_REPRESENTATION('',(#238),#242);
#238 = LINE('',#239,#240);
#239 = CARTESIAN_POINT('',(47.665589545346,-33.69796902049));
#240 = VECTOR('',#241,1.);
#241 = DIRECTION('',(6.086257045056E-02,0.998146155389));
#242 = ( GEOMETRIC_REPRESENTATION_CONTEXT(2) 
PARAMETRIC_REPRESENTATION_CONTEXT() REPRESENTATION_CONTEXT('2D SPACE',''
  ) );
#243 = ORIENTED_EDGE('',*,*,#84,.T.);
#244 = ORIENTED_EDGE('',*,*,#245,.T.);
#245 = EDGE_CURVE('',#57,#246,#248,.T.);
#246 = VERTEX_POINT('',#247);
#247 = CARTESIAN_POINT('',(2.25,-39.93666861419,370.60589442769));
#248 = SURFACE_CURVE('',#249,(#253,#260),.PCURVE_S1.);
#249 = LINE('',#250,#251);
#250 = CARTESIAN_POINT('',(2.25,-30.,370.));
#251 = VECTOR('',#252,1.);
#252 = DIRECTION('',(-2.216329687308E-16,-0.998146155389,
    6.086257045056E-02));
#253 = PCURVE('',#100,#254);
#254 = DEFINITIONAL_REPRESENTATION('',(#255),#259);
#255 = LINE('',#256,#257);
#256 = CARTESIAN_POINT('',(-9.973483592887E-16,-4.5));
#257 = VECTOR('',#258,1.);
#258 = DIRECTION('',(1.,0.));
#259 = ( GEOMETRIC_REPRESENTATION_CONTEXT(2) 
PARAMETRIC_REPRESENTATION_CONTEXT() REPRESENTATION_CONTEXT('2D SPACE',''
  ) );
#260 = PCURVE('',#72,#261);
#261 = DEFINITIONAL_REPRESENTATION('',(#262),#266);
#262 = LINE('',#263,#264);
#263 = CARTESIAN_POINT('',(47.665589545346,-33.69796902049));
#264 = VECTOR('',#265,1.);
#265 = DIRECTION('',(6.086257045056E-02,0.998146155389));
#266 = ( GEOMETRIC_REPRESENTATION_CONTEXT(2) 
PARAMETRIC_REPRESENTATION_CONTEXT() REPRESENTATION_CONTEXT('2D SPACE',''
  ) );
#267 = ORIENTED_EDGE('',*,*,#268,.T.);
#268 = EDGE_CURVE('',#246,#222,#269,.T.);
#269 = SURFACE_CURVE('',#270,(#275,#282),.PCURVE_S1.);
#270 = ELLIPSE('',#271,40.074291509348,40.);
#271 = AXIS2_PLACEMENT_3D('',#272,#273,#274);
#272 = CARTESIAN_POINT('',(0.,0.,368.17073170731));
#273 = DIRECTION('',(-1.351420541042E-17,-6.086257045056E-02,
    -0.998146155389));
#274 = DIRECTION('',(-2.216329687308E-16,-0.998146155389,
    6.086257045056E-02));
#275 = PCURVE('',#100,#276);
#276 = DEFINITIONAL_REPRESENTATION('',(#277),#281);
#277 = ELLIPSE('',#278,40.074291509348,40.);
#278 = AXIS2_PLACEMENT_2D('',#279,#280);
#279 = CARTESIAN_POINT('',(-30.05571863201,-2.25));
#280 = DIRECTION('',(1.,0.));
#281 = ( GEOMETRIC_REPRESENTATION_CONTEXT(2) 
PARAMETRIC_REPRESENTATION_CONTEXT() REPRESENTATION_CONTEXT('2D SPACE',''
  ) );
#282 = PCURVE('',#283,#288);
#283 = CYLINDRICAL_SURFACE('',#284,40.);
#284 = AXIS2_PLACEMENT_3D('',#285,#286,#287);
#285 = CARTESIAN_POINT('',(0.,0.,243.));
#286 = DIRECTION('',(0.,0.,1.));
#287 = DIRECTION('',(1.,0.,-0.));
#288 = DEFINITIONAL_REPRESENTATION('',(#289),#296);
#289 = B_SPLINE_CURVE_WITH_KNOTS('',5,(#290,#291,#292,#293,#294,#295),
  .UNSPECIFIED.,.F.,.F.,(6,6),(6.215633943987,6.350736670373),
  .PIECEWISE_BEZIER_KNOTS.);
#290 = CARTESIAN_POINT('',(4.779940343578,127.60419335157));
#291 = CARTESIAN_POINT('',(4.7529197983,127.60864185597));
#292 = CARTESIAN_POINT('',(4.725899253023,127.61086949288));
#293 = CARTESIAN_POINT('',(4.698878707746,127.61086949288));
#294 = CARTESIAN_POINT('',(4.671858162469,127.60864185597));
#295 = CARTESIAN_POINT('',(4.644837617192,127.60419335157));
#296 = ( GEOMETRIC_REPRESENTATION_CONTEXT(2) 
PARAMETRIC_REPRESENTATION_CONTEXT() REPRESENTATION_CONTEXT('2D SPACE',''
  ) );
#297 = ADVANCED_FACE('',(#298),#126,.F.);
#298 = FACE_BOUND('',#299,.F.);
#299 = EDGE_LOOP('',(#300,#301,#302,#303,#324,#352,#378,#404));
#300 = ORIENTED_EDGE('',*,*,#141,.T.);
#301 = ORIENTED_EDGE('',*,*,#112,.T.);
#302 = ORIENTED_EDGE('',*,*,#221,.T.);
#303 = ORIENTED_EDGE('',*,*,#304,.F.);
#304 = EDGE_CURVE('',#305,#222,#307,.T.);
#305 = VERTEX_POINT('',#306);
#306 = CARTESIAN_POINT('',(-2.25,-39.93666861419,258.48252198772));
#307 = SURFACE_CURVE('',#308,(#312,#318),.PCURVE_S1.);
#308 = LINE('',#309,#310);
#309 = CARTESIAN_POINT('',(-2.25,-39.93666861419,243.));
#310 = VECTOR('',#311,1.);
#311 = DIRECTION('',(0.,0.,1.));
#312 = PCURVE('',#126,#313);
#313 = DEFINITIONAL_REPRESENTATION('',(#314),#317);
#314 = B_SPLINE_CURVE_WITH_KNOTS('',1,(#315,#316),.UNSPECIFIED.,.F.,.F.,
  (2,2),(0.9999994,144.5),.PIECEWISE_BEZIER_KNOTS.);
#315 = CARTESIAN_POINT('',(-78.33441105465,-23.7613004063));
#316 = CARTESIAN_POINT('',(65.165589545346,-23.7613004063));
#317 = ( GEOMETRIC_REPRESENTATION_CONTEXT(2) 
PARAMETRIC_REPRESENTATION_CONTEXT() REPRESENTATION_CONTEXT('2D SPACE',''
  ) );
#318 = PCURVE('',#283,#319);
#319 = DEFINITIONAL_REPRESENTATION('',(#320),#323);
#320 = B_SPLINE_CURVE_WITH_KNOTS('',1,(#321,#322),.UNSPECIFIED.,.F.,.F.,
  (2,2),(0.9999994,144.5),.PIECEWISE_BEZIER_KNOTS.);
#321 = CARTESIAN_POINT('',(4.656109274984,0.9999994));
#322 = CARTESIAN_POINT('',(4.656109274984,144.5));
#323 = ( GEOMETRIC_REPRESENTATION_CONTEXT(2) 
PARAMETRIC_REPRESENTATION_CONTEXT() REPRESENTATION_CONTEXT('2D SPACE',''
  ) );
#324 = ORIENTED_EDGE('',*,*,#325,.T.);
#325 = EDGE_CURVE('',#305,#326,#328,.T.);
#326 = VERTEX_POINT('',#327);
#327 = CARTESIAN_POINT('',(-2.25,-39.53602787332,258.14051159917));
#328 = SURFACE_CURVE('',#329,(#333,#340),.PCURVE_S1.);
#329 = LINE('',#330,#331);
#330 = CARTESIAN_POINT('',(-2.25,-112.,320.));
#331 = VECTOR('',#332,1.);
#332 = DIRECTION('',(1.688792444114E-16,0.760564502202,-0.649262379928)
  );
#333 = PCURVE('',#126,#334);
#334 = DEFINITIONAL_REPRESENTATION('',(#335),#339);
#335 = LINE('',#336,#337);
#336 = CARTESIAN_POINT('',(-2.334410454654,48.302030979502));
#337 = VECTOR('',#338,1.);
#338 = DIRECTION('',(-0.649262379928,-0.760564502202));
#339 = ( GEOMETRIC_REPRESENTATION_CONTEXT(2) 
PARAMETRIC_REPRESENTATION_CONTEXT() REPRESENTATION_CONTEXT('2D SPACE',''
  ) );
#340 = PCURVE('',#341,#346);
#341 = PLANE('',#342);
#342 = AXIS2_PLACEMENT_3D('',#343,#344,#345);
#343 = CARTESIAN_POINT('',(-2.25,-112.,320.));
#344 = DIRECTION('',(1.441652086439E-16,0.649262379928,0.760564502202));
#345 = DIRECTION('',(1.688792444114E-16,0.760564502202,-0.649262379928)
  );
#346 = DEFINITIONAL_REPRESENTATION('',(#347),#351);
#347 = LINE('',#348,#349);
#348 = CARTESIAN_POINT('',(0.,0.));
#349 = VECTOR('',#350,1.);
#350 = DIRECTION('',(1.,0.));
#351 = ( GEOMETRIC_REPRESENTATION_CONTEXT(2) 
PARAMETRIC_REPRESENTATION_CONTEXT() REPRESENTATION_CONTEXT('2D SPACE',''
  ) );
#352 = ORIENTED_EDGE('',*,*,#353,.T.);
#353 = EDGE_CURVE('',#326,#354,#356,.T.);
#354 = VERTEX_POINT('',#355);
#355 = CARTESIAN_POINT('',(-2.25,-39.53602787332,264.));
#356 = SURFACE_CURVE('',#357,(#361,#367),.PCURVE_S1.);
#357 = LINE('',#358,#359);
#358 = CARTESIAN_POINT('',(-2.25,-39.53602787332,224.));
#359 = VECTOR('',#360,1.);
#360 = DIRECTION('',(0.,0.,1.));
#361 = PCURVE('',#126,#362);
#362 = DEFINITIONAL_REPRESENTATION('',(#363),#366);
#363 = B_SPLINE_CURVE_WITH_KNOTS('',1,(#364,#365),.UNSPECIFIED.,.F.,.F.,
  (2,2),(13.5,40.0000006),.PIECEWISE_BEZIER_KNOTS.);
#364 = CARTESIAN_POINT('',(-84.83441045465,-24.16194114717));
#365 = CARTESIAN_POINT('',(-58.33440985465,-24.16194114717));
#366 = ( GEOMETRIC_REPRESENTATION_CONTEXT(2) 
PARAMETRIC_REPRESENTATION_CONTEXT() REPRESENTATION_CONTEXT('2D SPACE',''
  ) );
#367 = PCURVE('',#368,#373);
#368 = CYLINDRICAL_SURFACE('',#369,39.6);
#369 = AXIS2_PLACEMENT_3D('',#370,#371,#372);
#370 = CARTESIAN_POINT('',(0.,0.,224.));
#371 = DIRECTION('',(0.,0.,1.));
#372 = DIRECTION('',(1.,0.,-0.));
#373 = DEFINITIONAL_REPRESENTATION('',(#374),#377);
#374 = B_SPLINE_CURVE_WITH_KNOTS('',1,(#375,#376),.UNSPECIFIED.,.F.,.F.,
  (2,2),(13.5,40.0000006),.PIECEWISE_BEZIER_KNOTS.);
#375 = CARTESIAN_POINT('',(4.655540182992,13.5));
#376 = CARTESIAN_POINT('',(4.655540182992,40.0000006));
#377 = ( GEOMETRIC_REPRESENTATION_CONTEXT(2) 
PARAMETRIC_REPRESENTATION_CONTEXT() REPRESENTATION_CONTEXT('2D SPACE',''
  ) );
#378 = ORIENTED_EDGE('',*,*,#379,.T.);
#379 = EDGE_CURVE('',#354,#380,#382,.T.);
#380 = VERTEX_POINT('',#381);
#381 = CARTESIAN_POINT('',(-2.25,-37.53261914655,264.));
#382 = SURFACE_CURVE('',#383,(#387,#393),.PCURVE_S1.);
#383 = LINE('',#384,#385);
#384 = CARTESIAN_POINT('',(-2.25,-31.84898451024,264.));
#385 = VECTOR('',#386,1.);
#386 = DIRECTION('',(2.22044604925E-16,1.,-0.));
#387 = PCURVE('',#126,#388);
#388 = DEFINITIONAL_REPRESENTATION('',(#389),#392);
#389 = B_SPLINE_CURVE_WITH_KNOTS('',1,(#390,#391),.UNSPECIFIED.,.F.,.F.,
  (2,2),(-7.751015489751,1.848984510249),.PIECEWISE_BEZIER_KNOTS.);
#390 = CARTESIAN_POINT('',(-58.33441045465,-24.09796902049));
#391 = CARTESIAN_POINT('',(-58.33441045465,-33.69796902049));
#392 = ( GEOMETRIC_REPRESENTATION_CONTEXT(2) 
PARAMETRIC_REPRESENTATION_CONTEXT() REPRESENTATION_CONTEXT('2D SPACE',''
  ) );
#393 = PCURVE('',#394,#399);
#394 = PLANE('',#395);
#395 = AXIS2_PLACEMENT_3D('',#396,#397,#398);
#396 = CARTESIAN_POINT('',(0.,0.,264.));
#397 = DIRECTION('',(0.,0.,1.));
#398 = DIRECTION('',(1.,0.,-0.));
#399 = DEFINITIONAL_REPRESENTATION('',(#400),#403);
#400 = B_SPLINE_CURVE_WITH_KNOTS('',1,(#401,#402),.UNSPECIFIED.,.F.,.F.,
  (2,2),(-7.751015489751,1.848984510249),.PIECEWISE_BEZIER_KNOTS.);
#401 = CARTESIAN_POINT('',(-2.25,-39.6));
#402 = CARTESIAN_POINT('',(-2.25,-30.));
#403 = ( GEOMETRIC_REPRESENTATION_CONTEXT(2) 
PARAMETRIC_REPRESENTATION_CONTEXT() REPRESENTATION_CONTEXT('2D SPACE',''
  ) );
#404 = ORIENTED_EDGE('',*,*,#405,.F.);
#405 = EDGE_CURVE('',#142,#380,#406,.T.);
#406 = SURFACE_CURVE('',#407,(#411,#417),.PCURVE_S1.);
#407 = LINE('',#408,#409);
#408 = CARTESIAN_POINT('',(-2.25,-37.53261914655,223.));
#409 = VECTOR('',#410,1.);
#410 = DIRECTION('',(0.,0.,1.));
#411 = PCURVE('',#126,#412);
#412 = DEFINITIONAL_REPRESENTATION('',(#413),#416);
#413 = B_SPLINE_CURVE_WITH_KNOTS('',1,(#414,#415),.UNSPECIFIED.,.F.,.F.,
  (2,2),(14.5,41.0000006),.PIECEWISE_BEZIER_KNOTS.);
#414 = CARTESIAN_POINT('',(-84.83441045465,-26.16534987394));
#415 = CARTESIAN_POINT('',(-58.33440985465,-26.16534987394));
#416 = ( GEOMETRIC_REPRESENTATION_CONTEXT(2) 
PARAMETRIC_REPRESENTATION_CONTEXT() REPRESENTATION_CONTEXT('2D SPACE',''
  ) );
#417 = PCURVE('',#181,#418);
#418 = DEFINITIONAL_REPRESENTATION('',(#419),#422);
#419 = B_SPLINE_CURVE_WITH_KNOTS('',1,(#420,#421),.UNSPECIFIED.,.F.,.F.,
  (2,2),(14.5,41.0000006),.PIECEWISE_BEZIER_KNOTS.);
#420 = CARTESIAN_POINT('',(4.652512783652,14.5));
#421 = CARTESIAN_POINT('',(4.652512783652,41.0000006));
#422 = ( GEOMETRIC_REPRESENTATION_CONTEXT(2) 
PARAMETRIC_REPRESENTATION_CONTEXT() REPRESENTATION_CONTEXT('2D SPACE',''
  ) );
#423 = ADVANCED_FACE('',(#424),#72,.T.);
#424 = FACE_BOUND('',#425,.T.);
#425 = EDGE_LOOP('',(#426,#427,#428,#429,#450,#473,#494,#520));
#426 = ORIENTED_EDGE('',*,*,#196,.T.);
#427 = ORIENTED_EDGE('',*,*,#56,.T.);
#428 = ORIENTED_EDGE('',*,*,#245,.T.);
#429 = ORIENTED_EDGE('',*,*,#430,.F.);
#430 = EDGE_CURVE('',#431,#246,#433,.T.);
#431 = VERTEX_POINT('',#432);
#432 = CARTESIAN_POINT('',(2.25,-39.93666861419,258.48252198772));
#433 = SURFACE_CURVE('',#434,(#438,#444),.PCURVE_S1.);
#434 = LINE('',#435,#436);
#435 = CARTESIAN_POINT('',(2.25,-39.93666861419,243.));
#436 = VECTOR('',#437,1.);
#437 = DIRECTION('',(0.,0.,1.));
#438 = PCURVE('',#72,#439);
#439 = DEFINITIONAL_REPRESENTATION('',(#440),#443);
#440 = B_SPLINE_CURVE_WITH_KNOTS('',1,(#441,#442),.UNSPECIFIED.,.F.,.F.,
  (2,2),(0.9999994,144.5),.PIECEWISE_BEZIER_KNOTS.);
#441 = CARTESIAN_POINT('',(-78.33441105465,-23.7613004063));
#442 = CARTESIAN_POINT('',(65.165589545346,-23.7613004063));
#443 = ( GEOMETRIC_REPRESENTATION_CONTEXT(2) 
PARAMETRIC_REPRESENTATION_CONTEXT() REPRESENTATION_CONTEXT('2D SPACE',''
  ) );
#444 = PCURVE('',#283,#445);
#445 = DEFINITIONAL_REPRESENTATION('',(#446),#449);
#446 = B_SPLINE_CURVE_WITH_KNOTS('',1,(#447,#448),.UNSPECIFIED.,.F.,.F.,
  (2,2),(0.9999994,144.5),.PIECEWISE_BEZIER_KNOTS.);
#447 = CARTESIAN_POINT('',(4.768668685785,0.9999994));
#448 = CARTESIAN_POINT('',(4.768668685785,144.5));
#449 = ( GEOMETRIC_REPRESENTATION_CONTEXT(2) 
PARAMETRIC_REPRESENTATION_CONTEXT() REPRESENTATION_CONTEXT('2D SPACE',''
  ) );
#450 = ORIENTED_EDGE('',*,*,#451,.T.);
#451 = EDGE_CURVE('',#431,#452,#454,.T.);
#452 = VERTEX_POINT('',#453);
#453 = CARTESIAN_POINT('',(2.25,-39.53602787332,258.14051159917));
#454 = SURFACE_CURVE('',#455,(#459,#466),.PCURVE_S1.);
#455 = LINE('',#456,#457);
#456 = CARTESIAN_POINT('',(2.25,-112.,320.));
#457 = VECTOR('',#458,1.);
#458 = DIRECTION('',(1.688792444114E-16,0.760564502202,-0.649262379928)
  );
#459 = PCURVE('',#72,#460);
#460 = DEFINITIONAL_REPRESENTATION('',(#461),#465);
#461 = LINE('',#462,#463);
#462 = CARTESIAN_POINT('',(-2.334410454654,48.302030979502));
#463 = VECTOR('',#464,1.);
#464 = DIRECTION('',(-0.649262379928,-0.760564502202));
#465 = ( GEOMETRIC_REPRESENTATION_CONTEXT(2) 
PARAMETRIC_REPRESENTATION_CONTEXT() REPRESENTATION_CONTEXT('2D SPACE',''
  ) );
#466 = PCURVE('',#341,#467);
#467 = DEFINITIONAL_REPRESENTATION('',(#468),#472);
#468 = LINE('',#469,#470);
#469 = CARTESIAN_POINT('',(7.599565998514E-16,-4.5));
#470 = VECTOR('',#471,1.);
#471 = DIRECTION('',(1.,0.));
#472 = ( GEOMETRIC_REPRESENTATION_CONTEXT(2) 
PARAMETRIC_REPRESENTATION_CONTEXT() REPRESENTATION_CONTEXT('2D SPACE',''
  ) );
#473 = ORIENTED_EDGE('',*,*,#474,.T.);
#474 = EDGE_CURVE('',#452,#475,#477,.T.);
#475 = VERTEX_POINT('',#476);
#476 = CARTESIAN_POINT('',(2.25,-39.53602787332,264.));
#477 = SURFACE_CURVE('',#478,(#482,#488),.PCURVE_S1.);
#478 = LINE('',#479,#480);
#479 = CARTESIAN_POINT('',(2.25,-39.53602787332,224.));
#480 = VECTOR('',#481,1.);
#481 = DIRECTION('',(0.,0.,1.));
#482 = PCURVE('',#72,#483);
#483 = DEFINITIONAL_REPRESENTATION('',(#484),#487);
#484 = B_SPLINE_CURVE_WITH_KNOTS('',1,(#485,#486),.UNSPECIFIED.,.F.,.F.,
  (2,2),(13.5,40.0000006),.PIECEWISE_BEZIER_KNOTS.);
#485 = CARTESIAN_POINT('',(-84.83441045465,-24.16194114717));
#486 = CARTESIAN_POINT('',(-58.33440985465,-24.16194114717));
#487 = ( GEOMETRIC_REPRESENTATION_CONTEXT(2) 
PARAMETRIC_REPRESENTATION_CONTEXT() REPRESENTATION_CONTEXT('2D SPACE',''
  ) );
#488 = PCURVE('',#368,#489);
#489 = DEFINITIONAL_REPRESENTATION('',(#490),#493);
#490 = B_SPLINE_CURVE_WITH_KNOTS('',1,(#491,#492),.UNSPECIFIED.,.F.,.F.,
  (2,2),(13.5,40.0000006),.PIECEWISE_BEZIER_KNOTS.);
#491 = CARTESIAN_POINT('',(4.769237777778,13.5));
#492 = CARTESIAN_POINT('',(4.769237777778,40.0000006));
#493 = ( GEOMETRIC_REPRESENTATION_CONTEXT(2) 
PARAMETRIC_REPRESENTATION_CONTEXT() REPRESENTATION_CONTEXT('2D SPACE',''
  ) );
#494 = ORIENTED_EDGE('',*,*,#495,.T.);
#495 = EDGE_CURVE('',#475,#496,#498,.T.);
#496 = VERTEX_POINT('',#497);
#497 = CARTESIAN_POINT('',(2.25,-37.53261914655,264.));
#498 = SURFACE_CURVE('',#499,(#503,#509),.PCURVE_S1.);
#499 = LINE('',#500,#501);
#500 = CARTESIAN_POINT('',(2.25,-31.84898451024,264.));
#501 = VECTOR('',#502,1.);
#502 = DIRECTION('',(2.22044604925E-16,1.,-0.));
#503 = PCURVE('',#72,#504);
#504 = DEFINITIONAL_REPRESENTATION('',(#505),#508);
#505 = B_SPLINE_CURVE_WITH_KNOTS('',1,(#506,#507),.UNSPECIFIED.,.F.,.F.,
  (2,2),(-7.751015489751,1.848984510249),.PIECEWISE_BEZIER_KNOTS.);
#506 = CARTESIAN_POINT('',(-58.33441045465,-24.09796902049));
#507 = CARTESIAN_POINT('',(-58.33441045465,-33.69796902049));
#508 = ( GEOMETRIC_REPRESENTATION_CONTEXT(2) 
PARAMETRIC_REPRESENTATION_CONTEXT() REPRESENTATION_CONTEXT('2D SPACE',''
  ) );
#509 = PCURVE('',#510,#515);
#510 = PLANE('',#511);
#511 = AXIS2_PLACEMENT_3D('',#512,#513,#514);
#512 = CARTESIAN_POINT('',(0.,0.,264.));
#513 = DIRECTION('',(0.,0.,1.));
#514 = DIRECTION('',(1.,0.,-0.));
#515 = DEFINITIONAL_REPRESENTATION('',(#516),#519);
#516 = B_SPLINE_CURVE_WITH_KNOTS('',1,(#517,#518),.UNSPECIFIED.,.F.,.F.,
  (2,2),(-7.751015489751,1.848984510249),.PIECEWISE_BEZIER_KNOTS.);
#517 = CARTESIAN_POINT('',(2.25,-39.6));
#518 = CARTESIAN_POINT('',(2.25,-30.));
#519 = ( GEOMETRIC_REPRESENTATION_CONTEXT(2) 
PARAMETRIC_REPRESENTATION_CONTEXT() REPRESENTATION_CONTEXT('2D SPACE',''
  ) );
#520 = ORIENTED_EDGE('',*,*,#521,.F.);
#521 = EDGE_CURVE('',#165,#496,#522,.T.);
#522 = SURFACE_CURVE('',#523,(#527,#533),.PCURVE_S1.);
#523 = LINE('',#524,#525);
#524 = CARTESIAN_POINT('',(2.25,-37.53261914655,223.));
#525 = VECTOR('',#526,1.);
#526 = DIRECTION('',(0.,0.,1.));
#527 = PCURVE('',#72,#528);
#528 = DEFINITIONAL_REPRESENTATION('',(#529),#532);
#529 = B_SPLINE_CURVE_WITH_KNOTS('',1,(#530,#531),.UNSPECIFIED.,.F.,.F.,
  (2,2),(14.5,41.0000006),.PIECEWISE_BEZIER_KNOTS.);
#530 = CARTESIAN_POINT('',(-84.83441045465,-26.16534987394));
#531 = CARTESIAN_POINT('',(-58.33440985465,-26.16534987394));
#532 = ( GEOMETRIC_REPRESENTATION_CONTEXT(2) 
PARAMETRIC_REPRESENTATION_CONTEXT() REPRESENTATION_CONTEXT('2D SPACE',''
  ) );
#533 = PCURVE('',#181,#534);
#534 = DEFINITIONAL_REPRESENTATION('',(#535),#538);
#535 = B_SPLINE_CURVE_WITH_KNOTS('',1,(#536,#537),.UNSPECIFIED.,.F.,.F.,
  (2,2),(14.5,41.0000006),.PIECEWISE_BEZIER_KNOTS.);
#536 = CARTESIAN_POINT('',(4.772265177117,14.5));
#537 = CARTESIAN_POINT('',(4.772265177117,41.0000006));
#538 = ( GEOMETRIC_REPRESENTATION_CONTEXT(2) 
PARAMETRIC_REPRESENTATION_CONTEXT() REPRESENTATION_CONTEXT('2D SPACE',''
  ) );
#539 = ADVANCED_FACE('',(#540),#181,.F.);
#540 = FACE_BOUND('',#541,.F.);
#541 = EDGE_LOOP('',(#542,#573,#599,#631,#654,#681,#682,#709,#735,#757,
    #758,#759,#760,#784,#810,#842,#868,#897,#923,#955));
#542 = ORIENTED_EDGE('',*,*,#543,.F.);
#543 = EDGE_CURVE('',#544,#546,#548,.T.);
#544 = VERTEX_POINT('',#545);
#545 = CARTESIAN_POINT('',(37.53261914655,2.25,264.));
#546 = VERTEX_POINT('',#547);
#547 = CARTESIAN_POINT('',(2.25,37.53261914655,264.));
#548 = SURFACE_CURVE('',#549,(#554,#561),.PCURVE_S1.);
#549 = CIRCLE('',#550,37.6);
#550 = AXIS2_PLACEMENT_3D('',#551,#552,#553);
#551 = CARTESIAN_POINT('',(0.,0.,264.));
#552 = DIRECTION('',(0.,0.,1.));
#553 = DIRECTION('',(1.,0.,-0.));
#554 = PCURVE('',#181,#555);
#555 = DEFINITIONAL_REPRESENTATION('',(#556),#560);
#556 = LINE('',#557,#558);
#557 = CARTESIAN_POINT('',(0.,41.));
#558 = VECTOR('',#559,1.);
#559 = DIRECTION('',(1.,0.));
#560 = ( GEOMETRIC_REPRESENTATION_CONTEXT(2) 
PARAMETRIC_REPRESENTATION_CONTEXT() REPRESENTATION_CONTEXT('2D SPACE',''
  ) );
#561 = PCURVE('',#562,#567);
#562 = PLANE('',#563);
#563 = AXIS2_PLACEMENT_3D('',#564,#565,#566);
#564 = CARTESIAN_POINT('',(0.,0.,264.));
#565 = DIRECTION('',(0.,0.,1.));
#566 = DIRECTION('',(1.,0.,-0.));
#567 = DEFINITIONAL_REPRESENTATION('',(#568),#572);
#568 = CIRCLE('',#569,37.6);
#569 = AXIS2_PLACEMENT_2D('',#570,#571);
#570 = CARTESIAN_POINT('',(0.,0.));
#571 = DIRECTION('',(1.,0.));
#572 = ( GEOMETRIC_REPRESENTATION_CONTEXT(2) 
PARAMETRIC_REPRESENTATION_CONTEXT() REPRESENTATION_CONTEXT('2D SPACE',''
  ) );
#573 = ORIENTED_EDGE('',*,*,#574,.F.);
#574 = EDGE_CURVE('',#575,#544,#577,.T.);
#575 = VERTEX_POINT('',#576);
#576 = CARTESIAN_POINT('',(37.53261914655,2.25,256.43028463729));
#577 = SURFACE_CURVE('',#578,(#582,#588),.PCURVE_S1.);
#578 = LINE('',#579,#580);
#579 = CARTESIAN_POINT('',(37.53261914655,2.25,223.));
#580 = VECTOR('',#581,1.);
#581 = DIRECTION('',(0.,0.,1.));
#582 = PCURVE('',#181,#583);
#583 = DEFINITIONAL_REPRESENTATION('',(#584),#587);
#584 = B_SPLINE_CURVE_WITH_KNOTS('',1,(#585,#586),.UNSPECIFIED.,.F.,.F.,
  (2,2),(14.5,41.0000006),.PIECEWISE_BEZIER_KNOTS.);
#585 = CARTESIAN_POINT('',(5.987619673266E-02,14.5));
#586 = CARTESIAN_POINT('',(5.987619673266E-02,41.0000006));
#587 = ( GEOMETRIC_REPRESENTATION_CONTEXT(2) 
PARAMETRIC_REPRESENTATION_CONTEXT() REPRESENTATION_CONTEXT('2D SPACE',''
  ) );
#588 = PCURVE('',#589,#594);
#589 = PLANE('',#590);
#590 = AXIS2_PLACEMENT_3D('',#591,#592,#593);
#591 = CARTESIAN_POINT('',(63.697969020498,2.25,322.33441045465));
#592 = DIRECTION('',(0.,1.,0.));
#593 = DIRECTION('',(0.,0.,1.));
#594 = DEFINITIONAL_REPRESENTATION('',(#595),#598);
#595 = B_SPLINE_CURVE_WITH_KNOTS('',1,(#596,#597),.UNSPECIFIED.,.F.,.F.,
  (2,2),(14.5,41.0000006),.PIECEWISE_BEZIER_KNOTS.);
#596 = CARTESIAN_POINT('',(-84.83441045465,-26.16534987394));
#597 = CARTESIAN_POINT('',(-58.33440985465,-26.16534987394));
#598 = ( GEOMETRIC_REPRESENTATION_CONTEXT(2) 
PARAMETRIC_REPRESENTATION_CONTEXT() REPRESENTATION_CONTEXT('2D SPACE',''
  ) );
#599 = ORIENTED_EDGE('',*,*,#600,.F.);
#600 = EDGE_CURVE('',#601,#575,#603,.T.);
#601 = VERTEX_POINT('',#602);
#602 = CARTESIAN_POINT('',(37.6,-9.209343929588E-15,256.48780487804));
#603 = SURFACE_CURVE('',#604,(#609,#619),.PCURVE_S1.);
#604 = ELLIPSE('',#605,49.436964111715,37.6);
#605 = AXIS2_PLACEMENT_3D('',#606,#607,#608);
#606 = CARTESIAN_POINT('',(0.,0.,224.39024390243));
#607 = DIRECTION('',(-0.649262379928,0.,0.760564502202));
#608 = DIRECTION('',(0.760564502202,0.,0.649262379928));
#609 = PCURVE('',#181,#610);
#610 = DEFINITIONAL_REPRESENTATION('',(#611),#618);
#611 = B_SPLINE_CURVE_WITH_KNOTS('',5,(#612,#613,#614,#615,#616,#617),
  .UNSPECIFIED.,.F.,.F.,(6,6),(0.,7.187036725712E-02),
  .PIECEWISE_BEZIER_KNOTS.);
#612 = CARTESIAN_POINT('',(0.,33.487804878049));
#613 = CARTESIAN_POINT('',(1.437407345142E-02,33.487804878049));
#614 = CARTESIAN_POINT('',(2.874814690285E-02,33.479515121852));
#615 = CARTESIAN_POINT('',(4.312222035427E-02,33.462935608575));
#616 = CARTESIAN_POINT('',(5.749629380569E-02,33.438073477872));
#617 = CARTESIAN_POINT('',(7.187036725712E-02,33.404942991502));
#618 = ( GEOMETRIC_REPRESENTATION_CONTEXT(2) 
PARAMETRIC_REPRESENTATION_CONTEXT() REPRESENTATION_CONTEXT('2D SPACE',''
  ) );
#619 = PCURVE('',#620,#625);
#620 = PLANE('',#621);
#621 = AXIS2_PLACEMENT_3D('',#622,#623,#624);
#622 = CARTESIAN_POINT('',(112.,-2.25,320.));
#623 = DIRECTION('',(-0.649262379928,0.,0.760564502202));
#624 = DIRECTION('',(-0.760564502202,0.,-0.649262379928));
#625 = DEFINITIONAL_REPRESENTATION('',(#626),#630);
#626 = ELLIPSE('',#627,49.436964111715,37.6);
#627 = AXIS2_PLACEMENT_2D('',#628,#629);
#628 = CARTESIAN_POINT('',(147.25904203489,-2.25));
#629 = DIRECTION('',(-1.,0.));
#630 = ( GEOMETRIC_REPRESENTATION_CONTEXT(2) 
PARAMETRIC_REPRESENTATION_CONTEXT() REPRESENTATION_CONTEXT('2D SPACE',''
  ) );
#631 = ORIENTED_EDGE('',*,*,#632,.F.);
#632 = EDGE_CURVE('',#633,#601,#635,.T.);
#633 = VERTEX_POINT('',#634);
#634 = CARTESIAN_POINT('',(37.6,-9.209343929588E-15,224.));
#635 = SEAM_CURVE('',#636,(#640,#647),.PCURVE_S1.);
#636 = LINE('',#637,#638);
#637 = CARTESIAN_POINT('',(37.6,-9.209343929588E-15,223.));
#638 = VECTOR('',#639,1.);
#639 = DIRECTION('',(0.,0.,1.));
#640 = PCURVE('',#181,#641);
#641 = DEFINITIONAL_REPRESENTATION('',(#642),#646);
#642 = LINE('',#643,#644);
#643 = CARTESIAN_POINT('',(6.28318530718,-0.));
#644 = VECTOR('',#645,1.);
#645 = DIRECTION('',(0.,1.));
#646 = ( GEOMETRIC_REPRESENTATION_CONTEXT(2) 
PARAMETRIC_REPRESENTATION_CONTEXT() REPRESENTATION_CONTEXT('2D SPACE',''
  ) );
#647 = PCURVE('',#181,#648);
#648 = DEFINITIONAL_REPRESENTATION('',(#649),#653);
#649 = LINE('',#650,#651);
#650 = CARTESIAN_POINT('',(0.,-0.));
#651 = VECTOR('',#652,1.);
#652 = DIRECTION('',(0.,1.));
#653 = ( GEOMETRIC_REPRESENTATION_CONTEXT(2) 
PARAMETRIC_REPRESENTATION_CONTEXT() REPRESENTATION_CONTEXT('2D SPACE',''
  ) );
#654 = ORIENTED_EDGE('',*,*,#655,.T.);
#655 = EDGE_CURVE('',#633,#633,#656,.T.);
#656 = SURFACE_CURVE('',#657,(#662,#669),.PCURVE_S1.);
#657 = CIRCLE('',#658,37.6);
#658 = AXIS2_PLACEMENT_3D('',#659,#660,#661);
#659 = CARTESIAN_POINT('',(0.,0.,224.));
#660 = DIRECTION('',(0.,0.,1.));
#661 = DIRECTION('',(1.,0.,-0.));
#662 = PCURVE('',#181,#663);
#663 = DEFINITIONAL_REPRESENTATION('',(#664),#668);
#664 = LINE('',#665,#666);
#665 = CARTESIAN_POINT('',(0.,1.));
#666 = VECTOR('',#667,1.);
#667 = DIRECTION('',(1.,0.));
#668 = ( GEOMETRIC_REPRESENTATION_CONTEXT(2) 
PARAMETRIC_REPRESENTATION_CONTEXT() REPRESENTATION_CONTEXT('2D SPACE',''
  ) );
#669 = PCURVE('',#670,#675);
#670 = PLANE('',#671);
#671 = AXIS2_PLACEMENT_3D('',#672,#673,#674);
#672 = CARTESIAN_POINT('',(0.,0.,224.));
#673 = DIRECTION('',(0.,0.,1.));
#674 = DIRECTION('',(1.,0.,-0.));
#675 = DEFINITIONAL_REPRESENTATION('',(#676),#680);
#676 = CIRCLE('',#677,37.6);
#677 = AXIS2_PLACEMENT_2D('',#678,#679);
#678 = CARTESIAN_POINT('',(0.,0.));
#679 = DIRECTION('',(1.,0.));
#680 = ( GEOMETRIC_REPRESENTATION_CONTEXT(2) 
PARAMETRIC_REPRESENTATION_CONTEXT() REPRESENTATION_CONTEXT('2D SPACE',''
  ) );
#681 = ORIENTED_EDGE('',*,*,#632,.T.);
#682 = ORIENTED_EDGE('',*,*,#683,.F.);
#683 = EDGE_CURVE('',#684,#601,#686,.T.);
#684 = VERTEX_POINT('',#685);
#685 = CARTESIAN_POINT('',(37.53261914655,-2.25,256.43028463729));
#686 = SURFACE_CURVE('',#687,(#692,#702),.PCURVE_S1.);
#687 = ELLIPSE('',#688,49.436964111715,37.6);
#688 = AXIS2_PLACEMENT_3D('',#689,#690,#691);
#689 = CARTESIAN_POINT('',(0.,0.,224.39024390243));
#690 = DIRECTION('',(-0.649262379928,0.,0.760564502202));
#691 = DIRECTION('',(0.760564502202,0.,0.649262379928));
#692 = PCURVE('',#181,#693);
#693 = DEFINITIONAL_REPRESENTATION('',(#694),#701);
#694 = B_SPLINE_CURVE_WITH_KNOTS('',5,(#695,#696,#697,#698,#699,#700),
  .UNSPECIFIED.,.F.,.F.,(6,6),(6.211314939922,6.28318530718),
  .PIECEWISE_BEZIER_KNOTS.);
#695 = CARTESIAN_POINT('',(6.211314939922,33.404942991502));
#696 = CARTESIAN_POINT('',(6.225689013374,33.438073477872));
#697 = CARTESIAN_POINT('',(6.240063086825,33.462935608575));
#698 = CARTESIAN_POINT('',(6.254437160277,33.479515121852));
#699 = CARTESIAN_POINT('',(6.268811233728,33.487804878049));
#700 = CARTESIAN_POINT('',(6.28318530718,33.487804878049));
#701 = ( GEOMETRIC_REPRESENTATION_CONTEXT(2) 
PARAMETRIC_REPRESENTATION_CONTEXT() REPRESENTATION_CONTEXT('2D SPACE',''
  ) );
#702 = PCURVE('',#620,#703);
#703 = DEFINITIONAL_REPRESENTATION('',(#704),#708);
#704 = ELLIPSE('',#705,49.436964111715,37.6);
#705 = AXIS2_PLACEMENT_2D('',#706,#707);
#706 = CARTESIAN_POINT('',(147.25904203489,-2.25));
#707 = DIRECTION('',(-1.,0.));
#708 = ( GEOMETRIC_REPRESENTATION_CONTEXT(2) 
PARAMETRIC_REPRESENTATION_CONTEXT() REPRESENTATION_CONTEXT('2D SPACE',''
  ) );
#709 = ORIENTED_EDGE('',*,*,#710,.T.);
#710 = EDGE_CURVE('',#684,#711,#713,.T.);
#711 = VERTEX_POINT('',#712);
#712 = CARTESIAN_POINT('',(37.53261914655,-2.25,264.));
#713 = SURFACE_CURVE('',#714,(#718,#724),.PCURVE_S1.);
#714 = LINE('',#715,#716);
#715 = CARTESIAN_POINT('',(37.53261914655,-2.25,223.));
#716 = VECTOR('',#717,1.);
#717 = DIRECTION('',(0.,0.,1.));
#718 = PCURVE('',#181,#719);
#719 = DEFINITIONAL_REPRESENTATION('',(#720),#723);
#720 = B_SPLINE_CURVE_WITH_KNOTS('',1,(#721,#722),.UNSPECIFIED.,.F.,.F.,
  (2,2),(14.5,41.0000006),.PIECEWISE_BEZIER_KNOTS.);
#721 = CARTESIAN_POINT('',(6.223309110447,14.5));
#722 = CARTESIAN_POINT('',(6.223309110447,41.0000006));
#723 = ( GEOMETRIC_REPRESENTATION_CONTEXT(2) 
PARAMETRIC_REPRESENTATION_CONTEXT() REPRESENTATION_CONTEXT('2D SPACE',''
  ) );
#724 = PCURVE('',#725,#730);
#725 = PLANE('',#726);
#726 = AXIS2_PLACEMENT_3D('',#727,#728,#729);
#727 = CARTESIAN_POINT('',(63.697969020498,-2.25,322.33441045465));
#728 = DIRECTION('',(0.,1.,0.));
#729 = DIRECTION('',(0.,0.,1.));
#730 = DEFINITIONAL_REPRESENTATION('',(#731),#734);
#731 = B_SPLINE_CURVE_WITH_KNOTS('',1,(#732,#733),.UNSPECIFIED.,.F.,.F.,
  (2,2),(14.5,41.0000006),.PIECEWISE_BEZIER_KNOTS.);
#732 = CARTESIAN_POINT('',(-84.83441045465,-26.16534987394));
#733 = CARTESIAN_POINT('',(-58.33440985465,-26.16534987394));
#734 = ( GEOMETRIC_REPRESENTATION_CONTEXT(2) 
PARAMETRIC_REPRESENTATION_CONTEXT() REPRESENTATION_CONTEXT('2D SPACE',''
  ) );
#735 = ORIENTED_EDGE('',*,*,#736,.F.);
#736 = EDGE_CURVE('',#496,#711,#737,.T.);
#737 = SURFACE_CURVE('',#738,(#743,#750),.PCURVE_S1.);
#738 = CIRCLE('',#739,37.6);
#739 = AXIS2_PLACEMENT_3D('',#740,#741,#742);
#740 = CARTESIAN_POINT('',(0.,0.,264.));
#741 = DIRECTION('',(0.,0.,1.));
#742 = DIRECTION('',(1.,0.,-0.));
#743 = PCURVE('',#181,#744);
#744 = DEFINITIONAL_REPRESENTATION('',(#745),#749);
#745 = LINE('',#746,#747);
#746 = CARTESIAN_POINT('',(0.,41.));
#747 = VECTOR('',#748,1.);
#748 = DIRECTION('',(1.,0.));
#749 = ( GEOMETRIC_REPRESENTATION_CONTEXT(2) 
PARAMETRIC_REPRESENTATION_CONTEXT() REPRESENTATION_CONTEXT('2D SPACE',''
  ) );
#750 = PCURVE('',#510,#751);
#751 = DEFINITIONAL_REPRESENTATION('',(#752),#756);
#752 = CIRCLE('',#753,37.6);
#753 = AXIS2_PLACEMENT_2D('',#754,#755);
#754 = CARTESIAN_POINT('',(0.,0.));
#755 = DIRECTION('',(1.,0.));
#756 = ( GEOMETRIC_REPRESENTATION_CONTEXT(2) 
PARAMETRIC_REPRESENTATION_CONTEXT() REPRESENTATION_CONTEXT('2D SPACE',''
  ) );
#757 = ORIENTED_EDGE('',*,*,#521,.F.);
#758 = ORIENTED_EDGE('',*,*,#164,.F.);
#759 = ORIENTED_EDGE('',*,*,#405,.T.);
#760 = ORIENTED_EDGE('',*,*,#761,.F.);
#761 = EDGE_CURVE('',#762,#380,#764,.T.);
#762 = VERTEX_POINT('',#763);
#763 = CARTESIAN_POINT('',(-37.53261914655,-2.25,264.));
#764 = SURFACE_CURVE('',#765,(#770,#777),.PCURVE_S1.);
#765 = CIRCLE('',#766,37.6);
#766 = AXIS2_PLACEMENT_3D('',#767,#768,#769);
#767 = CARTESIAN_POINT('',(0.,0.,264.));
#768 = DIRECTION('',(0.,0.,1.));
#769 = DIRECTION('',(1.,0.,-0.));
#770 = PCURVE('',#181,#771);
#771 = DEFINITIONAL_REPRESENTATION('',(#772),#776);
#772 = LINE('',#773,#774);
#773 = CARTESIAN_POINT('',(0.,41.));
#774 = VECTOR('',#775,1.);
#775 = DIRECTION('',(1.,0.));
#776 = ( GEOMETRIC_REPRESENTATION_CONTEXT(2) 
PARAMETRIC_REPRESENTATION_CONTEXT() REPRESENTATION_CONTEXT('2D SPACE',''
  ) );
#777 = PCURVE('',#394,#778);
#778 = DEFINITIONAL_REPRESENTATION('',(#779),#783);
#779 = CIRCLE('',#780,37.6);
#780 = AXIS2_PLACEMENT_2D('',#781,#782);
#781 = CARTESIAN_POINT('',(0.,0.));
#782 = DIRECTION('',(1.,0.));
#783 = ( GEOMETRIC_REPRESENTATION_CONTEXT(2) 
PARAMETRIC_REPRESENTATION_CONTEXT() REPRESENTATION_CONTEXT('2D SPACE',''
  ) );
#784 = ORIENTED_EDGE('',*,*,#785,.F.);
#785 = EDGE_CURVE('',#786,#762,#788,.T.);
#786 = VERTEX_POINT('',#787);
#787 = CARTESIAN_POINT('',(-37.53261914655,-2.25,256.43028463729));
#788 = SURFACE_CURVE('',#789,(#793,#799),.PCURVE_S1.);
#789 = LINE('',#790,#791);
#790 = CARTESIAN_POINT('',(-37.53261914655,-2.25,223.));
#791 = VECTOR('',#792,1.);
#792 = DIRECTION('',(0.,0.,1.));
#793 = PCURVE('',#181,#794);
#794 = DEFINITIONAL_REPRESENTATION('',(#795),#798);
#795 = B_SPLINE_CURVE_WITH_KNOTS('',1,(#796,#797),.UNSPECIFIED.,.F.,.F.,
  (2,2),(14.5,41.0000006),.PIECEWISE_BEZIER_KNOTS.);
#796 = CARTESIAN_POINT('',(3.201468850322,14.5));
#797 = CARTESIAN_POINT('',(3.201468850322,41.0000006));
#798 = ( GEOMETRIC_REPRESENTATION_CONTEXT(2) 
PARAMETRIC_REPRESENTATION_CONTEXT() REPRESENTATION_CONTEXT('2D SPACE',''
  ) );
#799 = PCURVE('',#800,#805);
#800 = PLANE('',#801);
#801 = AXIS2_PLACEMENT_3D('',#802,#803,#804);
#802 = CARTESIAN_POINT('',(-63.69796902049,-2.25,322.33441045465));
#803 = DIRECTION('',(-1.224646799147E-16,-1.,0.));
#804 = DIRECTION('',(0.,0.,1.));
#805 = DEFINITIONAL_REPRESENTATION('',(#806),#809);
#806 = B_SPLINE_CURVE_WITH_KNOTS('',1,(#807,#808),.UNSPECIFIED.,.F.,.F.,
  (2,2),(14.5,41.0000006),.PIECEWISE_BEZIER_KNOTS.);
#807 = CARTESIAN_POINT('',(-84.83441045465,-26.16534987394));
#808 = CARTESIAN_POINT('',(-58.33440985465,-26.16534987394));
#809 = ( GEOMETRIC_REPRESENTATION_CONTEXT(2) 
PARAMETRIC_REPRESENTATION_CONTEXT() REPRESENTATION_CONTEXT('2D SPACE',''
  ) );
#810 = ORIENTED_EDGE('',*,*,#811,.F.);
#811 = EDGE_CURVE('',#812,#786,#814,.T.);
#812 = VERTEX_POINT('',#813);
#813 = CARTESIAN_POINT('',(-37.53261914655,2.25,256.43028463729));
#814 = SURFACE_CURVE('',#815,(#820,#830),.PCURVE_S1.);
#815 = ELLIPSE('',#816,49.436964111715,37.6);
#816 = AXIS2_PLACEMENT_3D('',#817,#818,#819);
#817 = CARTESIAN_POINT('',(0.,0.,224.39024390243));
#818 = DIRECTION('',(0.649262379928,-7.951170953862E-17,0.760564502202)
  );
#819 = DIRECTION('',(-0.760564502202,9.314228831667E-17,0.649262379928)
  );
#820 = PCURVE('',#181,#821);
#821 = DEFINITIONAL_REPRESENTATION('',(#822),#829);
#822 = B_SPLINE_CURVE_WITH_KNOTS('',5,(#823,#824,#825,#826,#827,#828),
  .UNSPECIFIED.,.F.,.F.,(6,6),(6.211314939922,6.355055674437),
  .PIECEWISE_BEZIER_KNOTS.);
#823 = CARTESIAN_POINT('',(3.069722286333,33.404942991502));
#824 = CARTESIAN_POINT('',(3.098470433236,33.471203964241));
#825 = CARTESIAN_POINT('',(3.127218580138,33.504391522385));
#826 = CARTESIAN_POINT('',(3.155966727041,33.504391522385));
#827 = CARTESIAN_POINT('',(3.184714873944,33.471203964241));
#828 = CARTESIAN_POINT('',(3.213463020847,33.404942991502));
#829 = ( GEOMETRIC_REPRESENTATION_CONTEXT(2) 
PARAMETRIC_REPRESENTATION_CONTEXT() REPRESENTATION_CONTEXT('2D SPACE',''
  ) );
#830 = PCURVE('',#831,#836);
#831 = PLANE('',#832);
#832 = AXIS2_PLACEMENT_3D('',#833,#834,#835);
#833 = CARTESIAN_POINT('',(-112.,2.25,320.));
#834 = DIRECTION('',(0.649262379928,-7.951170953862E-17,0.760564502202)
  );
#835 = DIRECTION('',(0.760564502202,-9.314228831667E-17,-0.649262379928)
  );
#836 = DEFINITIONAL_REPRESENTATION('',(#837),#841);
#837 = ELLIPSE('',#838,49.436964111715,37.6);
#838 = AXIS2_PLACEMENT_2D('',#839,#840);
#839 = CARTESIAN_POINT('',(147.25904203489,-2.25));
#840 = DIRECTION('',(-1.,5.47881547025E-33));
#841 = ( GEOMETRIC_REPRESENTATION_CONTEXT(2) 
PARAMETRIC_REPRESENTATION_CONTEXT() REPRESENTATION_CONTEXT('2D SPACE',''
  ) );
#842 = ORIENTED_EDGE('',*,*,#843,.T.);
#843 = EDGE_CURVE('',#812,#844,#846,.T.);
#844 = VERTEX_POINT('',#845);
#845 = CARTESIAN_POINT('',(-37.53261914655,2.25,264.));
#846 = SURFACE_CURVE('',#847,(#851,#857),.PCURVE_S1.);
#847 = LINE('',#848,#849);
#848 = CARTESIAN_POINT('',(-37.53261914655,2.25,223.));
#849 = VECTOR('',#850,1.);
#850 = DIRECTION('',(0.,0.,1.));
#851 = PCURVE('',#181,#852);
#852 = DEFINITIONAL_REPRESENTATION('',(#853),#856);
#853 = B_SPLINE_CURVE_WITH_KNOTS('',1,(#854,#855),.UNSPECIFIED.,.F.,.F.,
  (2,2),(14.5,41.0000006),.PIECEWISE_BEZIER_KNOTS.);
#854 = CARTESIAN_POINT('',(3.081716456857,14.5));
#855 = CARTESIAN_POINT('',(3.081716456857,41.0000006));
#856 = ( GEOMETRIC_REPRESENTATION_CONTEXT(2) 
PARAMETRIC_REPRESENTATION_CONTEXT() REPRESENTATION_CONTEXT('2D SPACE',''
  ) );
#857 = PCURVE('',#858,#863);
#858 = PLANE('',#859);
#859 = AXIS2_PLACEMENT_3D('',#860,#861,#862);
#860 = CARTESIAN_POINT('',(-63.69796902049,2.25,322.33441045465));
#861 = DIRECTION('',(-1.224646799147E-16,-1.,0.));
#862 = DIRECTION('',(0.,0.,1.));
#863 = DEFINITIONAL_REPRESENTATION('',(#864),#867);
#864 = B_SPLINE_CURVE_WITH_KNOTS('',1,(#865,#866),.UNSPECIFIED.,.F.,.F.,
  (2,2),(14.5,41.0000006),.PIECEWISE_BEZIER_KNOTS.);
#865 = CARTESIAN_POINT('',(-84.83441045465,-26.16534987394));
#866 = CARTESIAN_POINT('',(-58.33440985465,-26.16534987394));
#867 = ( GEOMETRIC_REPRESENTATION_CONTEXT(2) 
PARAMETRIC_REPRESENTATION_CONTEXT() REPRESENTATION_CONTEXT('2D SPACE',''
  ) );
#868 = ORIENTED_EDGE('',*,*,#869,.F.);
#869 = EDGE_CURVE('',#870,#844,#872,.T.);
#870 = VERTEX_POINT('',#871);
#871 = CARTESIAN_POINT('',(-2.25,37.53261914655,264.));
#872 = SURFACE_CURVE('',#873,(#878,#885),.PCURVE_S1.);
#873 = CIRCLE('',#874,37.6);
#874 = AXIS2_PLACEMENT_3D('',#875,#876,#877);
#875 = CARTESIAN_POINT('',(0.,0.,264.));
#876 = DIRECTION('',(0.,0.,1.));
#877 = DIRECTION('',(1.,0.,-0.));
#878 = PCURVE('',#181,#879);
#879 = DEFINITIONAL_REPRESENTATION('',(#880),#884);
#880 = LINE('',#881,#882);
#881 = CARTESIAN_POINT('',(0.,41.));
#882 = VECTOR('',#883,1.);
#883 = DIRECTION('',(1.,0.));
#884 = ( GEOMETRIC_REPRESENTATION_CONTEXT(2) 
PARAMETRIC_REPRESENTATION_CONTEXT() REPRESENTATION_CONTEXT('2D SPACE',''
  ) );
#885 = PCURVE('',#886,#891);
#886 = PLANE('',#887);
#887 = AXIS2_PLACEMENT_3D('',#888,#889,#890);
#888 = CARTESIAN_POINT('',(0.,0.,264.));
#889 = DIRECTION('',(0.,0.,1.));
#890 = DIRECTION('',(1.,0.,-0.));
#891 = DEFINITIONAL_REPRESENTATION('',(#892),#896);
#892 = CIRCLE('',#893,37.6);
#893 = AXIS2_PLACEMENT_2D('',#894,#895);
#894 = CARTESIAN_POINT('',(0.,0.));
#895 = DIRECTION('',(1.,0.));
#896 = ( GEOMETRIC_REPRESENTATION_CONTEXT(2) 
PARAMETRIC_REPRESENTATION_CONTEXT() REPRESENTATION_CONTEXT('2D SPACE',''
  ) );
#897 = ORIENTED_EDGE('',*,*,#898,.F.);
#898 = EDGE_CURVE('',#899,#870,#901,.T.);
#899 = VERTEX_POINT('',#900);
#900 = CARTESIAN_POINT('',(-2.25,37.53261914655,256.43028463729));
#901 = SURFACE_CURVE('',#902,(#906,#912),.PCURVE_S1.);
#902 = LINE('',#903,#904);
#903 = CARTESIAN_POINT('',(-2.25,37.53261914655,223.));
#904 = VECTOR('',#905,1.);
#905 = DIRECTION('',(0.,0.,1.));
#906 = PCURVE('',#181,#907);
#907 = DEFINITIONAL_REPRESENTATION('',(#908),#911);
#908 = B_SPLINE_CURVE_WITH_KNOTS('',1,(#909,#910),.UNSPECIFIED.,.F.,.F.,
  (2,2),(14.5,41.0000006),.PIECEWISE_BEZIER_KNOTS.);
#909 = CARTESIAN_POINT('',(1.630672523528,14.5));
#910 = CARTESIAN_POINT('',(1.630672523528,41.0000006));
#911 = ( GEOMETRIC_REPRESENTATION_CONTEXT(2) 
PARAMETRIC_REPRESENTATION_CONTEXT() REPRESENTATION_CONTEXT('2D SPACE',''
  ) );
#912 = PCURVE('',#913,#918);
#913 = PLANE('',#914);
#914 = AXIS2_PLACEMENT_3D('',#915,#916,#917);
#915 = CARTESIAN_POINT('',(-2.25,63.697969020498,322.33441045465));
#916 = DIRECTION('',(-1.,1.110223024625E-16,0.));
#917 = DIRECTION('',(0.,0.,1.));
#918 = DEFINITIONAL_REPRESENTATION('',(#919),#922);
#919 = B_SPLINE_CURVE_WITH_KNOTS('',1,(#920,#921),.UNSPECIFIED.,.F.,.F.,
  (2,2),(14.5,41.0000006),.PIECEWISE_BEZIER_KNOTS.);
#920 = CARTESIAN_POINT('',(-84.83441045465,-26.16534987394));
#921 = CARTESIAN_POINT('',(-58.33440985465,-26.16534987394));
#922 = ( GEOMETRIC_REPRESENTATION_CONTEXT(2) 
PARAMETRIC_REPRESENTATION_CONTEXT() REPRESENTATION_CONTEXT('2D SPACE',''
  ) );
#923 = ORIENTED_EDGE('',*,*,#924,.F.);
#924 = EDGE_CURVE('',#925,#899,#927,.T.);
#925 = VERTEX_POINT('',#926);
#926 = CARTESIAN_POINT('',(2.25,37.53261914655,256.43028463729));
#927 = SURFACE_CURVE('',#928,(#933,#943),.PCURVE_S1.);
#928 = ELLIPSE('',#929,49.436964111715,37.6);
#929 = AXIS2_PLACEMENT_3D('',#930,#931,#932);
#930 = CARTESIAN_POINT('',(0.,0.,224.39024390243));
#931 = DIRECTION('',(-7.208260432195E-17,-0.649262379928,0.760564502202)
  );
#932 = DIRECTION('',(8.443962220571E-17,0.760564502202,0.649262379928));
#933 = PCURVE('',#181,#934);
#934 = DEFINITIONAL_REPRESENTATION('',(#935),#942);
#935 = B_SPLINE_CURVE_WITH_KNOTS('',5,(#936,#937,#938,#939,#940,#941),
  .UNSPECIFIED.,.F.,.F.,(6,6),(6.211314939922,6.355055674437),
  .PIECEWISE_BEZIER_KNOTS.);
#936 = CARTESIAN_POINT('',(1.498925959538,33.404942991502));
#937 = CARTESIAN_POINT('',(1.527674106441,33.471203964241));
#938 = CARTESIAN_POINT('',(1.556422253343,33.504391522385));
#939 = CARTESIAN_POINT('',(1.585170400246,33.504391522385));
#940 = CARTESIAN_POINT('',(1.613918547149,33.471203964241));
#941 = CARTESIAN_POINT('',(1.642666694052,33.404942991502));
#942 = ( GEOMETRIC_REPRESENTATION_CONTEXT(2) 
PARAMETRIC_REPRESENTATION_CONTEXT() REPRESENTATION_CONTEXT('2D SPACE',''
  ) );
#943 = PCURVE('',#944,#949);
#944 = PLANE('',#945);
#945 = AXIS2_PLACEMENT_3D('',#946,#947,#948);
#946 = CARTESIAN_POINT('',(2.25,112.,320.));
#947 = DIRECTION('',(-7.208260432195E-17,-0.649262379928,0.760564502202)
  );
#948 = DIRECTION('',(-8.443962220571E-17,-0.760564502202,-0.649262379928
    ));
#949 = DEFINITIONAL_REPRESENTATION('',(#950),#954);
#950 = ELLIPSE('',#951,49.436964111715,37.6);
#951 = AXIS2_PLACEMENT_2D('',#952,#953);
#952 = CARTESIAN_POINT('',(147.25904203489,-2.25));
#953 = DIRECTION('',(-1.,0.));
#954 = ( GEOMETRIC_REPRESENTATION_CONTEXT(2) 
PARAMETRIC_REPRESENTATION_CONTEXT() REPRESENTATION_CONTEXT('2D SPACE',''
  ) );
#955 = ORIENTED_EDGE('',*,*,#956,.T.);
#956 = EDGE_CURVE('',#925,#546,#957,.T.);
#957 = SURFACE_CURVE('',#958,(#962,#968),.PCURVE_S1.);
#958 = LINE('',#959,#960);
#959 = CARTESIAN_POINT('',(2.25,37.53261914655,223.));
#960 = VECTOR('',#961,1.);
#961 = DIRECTION('',(0.,0.,1.));
#962 = PCURVE('',#181,#963);
#963 = DEFINITIONAL_REPRESENTATION('',(#964),#967);
#964 = B_SPLINE_CURVE_WITH_KNOTS('',1,(#965,#966),.UNSPECIFIED.,.F.,.F.,
  (2,2),(14.5,41.0000006),.PIECEWISE_BEZIER_KNOTS.);
#965 = CARTESIAN_POINT('',(1.510920130062,14.5));
#966 = CARTESIAN_POINT('',(1.510920130062,41.0000006));
#967 = ( GEOMETRIC_REPRESENTATION_CONTEXT(2) 
PARAMETRIC_REPRESENTATION_CONTEXT() REPRESENTATION_CONTEXT('2D SPACE',''
  ) );
#968 = PCURVE('',#969,#974);
#969 = PLANE('',#970);
#970 = AXIS2_PLACEMENT_3D('',#971,#972,#973);
#971 = CARTESIAN_POINT('',(2.25,63.697969020498,322.33441045465));
#972 = DIRECTION('',(-1.,1.110223024625E-16,0.));
#973 = DIRECTION('',(0.,0.,1.));
#974 = DEFINITIONAL_REPRESENTATION('',(#975),#978);
#975 = B_SPLINE_CURVE_WITH_KNOTS('',1,(#976,#977),.UNSPECIFIED.,.F.,.F.,
  (2,2),(14.5,41.0000006),.PIECEWISE_BEZIER_KNOTS.);
#976 = CARTESIAN_POINT('',(-84.83441045465,-26.16534987394));
#977 = CARTESIAN_POINT('',(-58.33440985465,-26.16534987394));
#978 = ( GEOMETRIC_REPRESENTATION_CONTEXT(2) 
PARAMETRIC_REPRESENTATION_CONTEXT() REPRESENTATION_CONTEXT('2D SPACE',''
  ) );
#979 = ADVANCED_FACE('',(#980,#1242,#1350,#1458),#283,.F.);
#980 = FACE_BOUND('',#981,.F.);
#981 = EDGE_LOOP('',(#982,#1016,#1039,#1065,#1066,#1093,#1114,#1146,
    #1169,#1195,#1196,#1223));
#982 = ORIENTED_EDGE('',*,*,#983,.F.);
#983 = EDGE_CURVE('',#984,#986,#988,.T.);
#984 = VERTEX_POINT('',#985);
#985 = CARTESIAN_POINT('',(40.,-9.797174393179E-15,370.60975609756));
#986 = VERTEX_POINT('',#987);
#987 = CARTESIAN_POINT('',(39.936668614195,-2.25,370.60589442769));
#988 = SURFACE_CURVE('',#989,(#994,#1004),.PCURVE_S1.);
#989 = ELLIPSE('',#990,40.074291509348,40.);
#990 = AXIS2_PLACEMENT_3D('',#991,#992,#993);
#991 = CARTESIAN_POINT('',(0.,0.,368.17073170731));
#992 = DIRECTION('',(6.086257045056E-02,0.,-0.998146155389));
#993 = DIRECTION('',(0.998146155389,0.,6.086257045056E-02));
#994 = PCURVE('',#283,#995);
#995 = DEFINITIONAL_REPRESENTATION('',(#996),#1003);
#996 = B_SPLINE_CURVE_WITH_KNOTS('',5,(#997,#998,#999,#1000,#1001,#1002)
  ,.UNSPECIFIED.,.F.,.F.,(6,6),(4.723792159361E-20,6.755136319294E-02),
  .PIECEWISE_BEZIER_KNOTS.);
#997 = CARTESIAN_POINT('',(6.28318530718,127.60975609756));
#998 = CARTESIAN_POINT('',(6.269675034541,127.60975609756));
#999 = CARTESIAN_POINT('',(6.256164761902,127.60919961138));
#1000 = CARTESIAN_POINT('',(6.242654489264,127.60808663899));
#1001 = CARTESIAN_POINT('',(6.229144216625,127.60641760377));
#1002 = CARTESIAN_POINT('',(6.215633943987,127.60419335157));
#1003 = ( GEOMETRIC_REPRESENTATION_CONTEXT(2) 
PARAMETRIC_REPRESENTATION_CONTEXT() REPRESENTATION_CONTEXT('2D SPACE',''
  ) );
#1004 = PCURVE('',#1005,#1010);
#1005 = PLANE('',#1006);
#1006 = AXIS2_PLACEMENT_3D('',#1007,#1008,#1009);
#1007 = CARTESIAN_POINT('',(30.,-2.25,370.));
#1008 = DIRECTION('',(6.086257045056E-02,0.,-0.998146155389));
#1009 = DIRECTION('',(0.998146155389,0.,6.086257045056E-02));
#1010 = DEFINITIONAL_REPRESENTATION('',(#1011),#1015);
#1011 = ELLIPSE('',#1012,40.074291509348,40.);
#1012 = AXIS2_PLACEMENT_2D('',#1013,#1014);
#1013 = CARTESIAN_POINT('',(-30.05571863201,-2.25));
#1014 = DIRECTION('',(1.,0.));
#1015 = ( GEOMETRIC_REPRESENTATION_CONTEXT(2) 
PARAMETRIC_REPRESENTATION_CONTEXT() REPRESENTATION_CONTEXT('2D SPACE',''
  ) );
#1016 = ORIENTED_EDGE('',*,*,#1017,.T.);
#1017 = EDGE_CURVE('',#984,#1018,#1020,.T.);
#1018 = VERTEX_POINT('',#1019);
#1019 = CARTESIAN_POINT('',(40.,-9.797174393179E-15,404.));
#1020 = SEAM_CURVE('',#1021,(#1025,#1032),.PCURVE_S1.);
#1021 = LINE('',#1022,#1023);
#1022 = CARTESIAN_POINT('',(40.,-9.797174393179E-15,243.));
#1023 = VECTOR('',#1024,1.);
#1024 = DIRECTION('',(0.,0.,1.));
#1025 = PCURVE('',#283,#1026);
#1026 = DEFINITIONAL_REPRESENTATION('',(#1027),#1031);
#1027 = LINE('',#1028,#1029);
#1028 = CARTESIAN_POINT('',(0.,-0.));
#1029 = VECTOR('',#1030,1.);
#1030 = DIRECTION('',(0.,1.));
#1031 = ( GEOMETRIC_REPRESENTATION_CONTEXT(2) 
PARAMETRIC_REPRESENTATION_CONTEXT() REPRESENTATION_CONTEXT('2D SPACE',''
  ) );
#1032 = PCURVE('',#283,#1033);
#1033 = DEFINITIONAL_REPRESENTATION('',(#1034),#1038);
#1034 = LINE('',#1035,#1036);
#1035 = CARTESIAN_POINT('',(6.28318530718,-0.));
#1036 = VECTOR('',#1037,1.);
#1037 = DIRECTION('',(0.,1.));
#1038 = ( GEOMETRIC_REPRESENTATION_CONTEXT(2) 
PARAMETRIC_REPRESENTATION_CONTEXT() REPRESENTATION_CONTEXT('2D SPACE',''
  ) );
#1039 = ORIENTED_EDGE('',*,*,#1040,.F.);
#1040 = EDGE_CURVE('',#1018,#1018,#1041,.T.);
#1041 = SURFACE_CURVE('',#1042,(#1047,#1054),.PCURVE_S1.);
#1042 = CIRCLE('',#1043,40.);
#1043 = AXIS2_PLACEMENT_3D('',#1044,#1045,#1046);
#1044 = CARTESIAN_POINT('',(0.,0.,404.));
#1045 = DIRECTION('',(0.,0.,1.));
#1046 = DIRECTION('',(1.,0.,-0.));
#1047 = PCURVE('',#283,#1048);
#1048 = DEFINITIONAL_REPRESENTATION('',(#1049),#1053);
#1049 = LINE('',#1050,#1051);
#1050 = CARTESIAN_POINT('',(0.,161.));
#1051 = VECTOR('',#1052,1.);
#1052 = DIRECTION('',(1.,0.));
#1053 = ( GEOMETRIC_REPRESENTATION_CONTEXT(2) 
PARAMETRIC_REPRESENTATION_CONTEXT() REPRESENTATION_CONTEXT('2D SPACE',''
  ) );
#1054 = PCURVE('',#1055,#1060);
#1055 = CYLINDRICAL_SURFACE('',#1056,40.);
#1056 = AXIS2_PLACEMENT_3D('',#1057,#1058,#1059);
#1057 = CARTESIAN_POINT('',(0.,0.,403.));
#1058 = DIRECTION('',(0.,0.,1.));
#1059 = DIRECTION('',(1.,0.,-0.));
#1060 = DEFINITIONAL_REPRESENTATION('',(#1061),#1064);
#1061 = B_SPLINE_CURVE_WITH_KNOTS('',1,(#1062,#1063),.UNSPECIFIED.,.F.,
  .F.,(2,2),(0.,6.28318530718),.PIECEWISE_BEZIER_KNOTS.);
#1062 = CARTESIAN_POINT('',(0.,1.));
#1063 = CARTESIAN_POINT('',(6.28318530718,1.));
#1064 = ( GEOMETRIC_REPRESENTATION_CONTEXT(2) 
PARAMETRIC_REPRESENTATION_CONTEXT() REPRESENTATION_CONTEXT('2D SPACE',''
  ) );
#1065 = ORIENTED_EDGE('',*,*,#1017,.F.);
#1066 = ORIENTED_EDGE('',*,*,#1067,.F.);
#1067 = EDGE_CURVE('',#1068,#984,#1070,.T.);
#1068 = VERTEX_POINT('',#1069);
#1069 = CARTESIAN_POINT('',(39.936668614195,2.25,370.60589442769));
#1070 = SURFACE_CURVE('',#1071,(#1076,#1086),.PCURVE_S1.);
#1071 = ELLIPSE('',#1072,40.074291509348,40.);
#1072 = AXIS2_PLACEMENT_3D('',#1073,#1074,#1075);
#1073 = CARTESIAN_POINT('',(0.,0.,368.17073170731));
#1074 = DIRECTION('',(6.086257045056E-02,0.,-0.998146155389));
#1075 = DIRECTION('',(0.998146155389,0.,6.086257045056E-02));
#1076 = PCURVE('',#283,#1077);
#1077 = DEFINITIONAL_REPRESENTATION('',(#1078),#1085);
#1078 = B_SPLINE_CURVE_WITH_KNOTS('',5,(#1079,#1080,#1081,#1082,#1083,
    #1084),.UNSPECIFIED.,.F.,.F.,(6,6),(6.215633943987,6.28318530718),
  .PIECEWISE_BEZIER_KNOTS.);
#1079 = CARTESIAN_POINT('',(6.755136319294E-02,127.60419335157));
#1080 = CARTESIAN_POINT('',(5.404109055435E-02,127.60641760377));
#1081 = CARTESIAN_POINT('',(4.053081791577E-02,127.60808663899));
#1082 = CARTESIAN_POINT('',(2.702054527718E-02,127.60919961138));
#1083 = CARTESIAN_POINT('',(1.351027263859E-02,127.60975609756));
#1084 = CARTESIAN_POINT('',(2.449293598295E-16,127.60975609756));
#1085 = ( GEOMETRIC_REPRESENTATION_CONTEXT(2) 
PARAMETRIC_REPRESENTATION_CONTEXT() REPRESENTATION_CONTEXT('2D SPACE',''
  ) );
#1086 = PCURVE('',#1005,#1087);
#1087 = DEFINITIONAL_REPRESENTATION('',(#1088),#1092);
#1088 = ELLIPSE('',#1089,40.074291509348,40.);
#1089 = AXIS2_PLACEMENT_2D('',#1090,#1091);
#1090 = CARTESIAN_POINT('',(-30.05571863201,-2.25));
#1091 = DIRECTION('',(1.,0.));
#1092 = ( GEOMETRIC_REPRESENTATION_CONTEXT(2) 
PARAMETRIC_REPRESENTATION_CONTEXT() REPRESENTATION_CONTEXT('2D SPACE',''
  ) );
#1093 = ORIENTED_EDGE('',*,*,#1094,.F.);
#1094 = EDGE_CURVE('',#1095,#1068,#1097,.T.);
#1095 = VERTEX_POINT('',#1096);
#1096 = CARTESIAN_POINT('',(39.936668614195,2.25,258.48252198772));
#1097 = SURFACE_CURVE('',#1098,(#1102,#1108),.PCURVE_S1.);
#1098 = LINE('',#1099,#1100);
#1099 = CARTESIAN_POINT('',(39.936668614195,2.25,243.));
#1100 = VECTOR('',#1101,1.);
#1101 = DIRECTION('',(0.,0.,1.));
#1102 = PCURVE('',#283,#1103);
#1103 = DEFINITIONAL_REPRESENTATION('',(#1104),#1107);
#1104 = B_SPLINE_CURVE_WITH_KNOTS('',1,(#1105,#1106),.UNSPECIFIED.,.F.,
  .F.,(2,2),(0.9999994,144.5),.PIECEWISE_BEZIER_KNOTS.);
#1105 = CARTESIAN_POINT('',(5.627970540079E-02,0.9999994));
#1106 = CARTESIAN_POINT('',(5.627970540079E-02,144.5));
#1107 = ( GEOMETRIC_REPRESENTATION_CONTEXT(2) 
PARAMETRIC_REPRESENTATION_CONTEXT() REPRESENTATION_CONTEXT('2D SPACE',''
  ) );
#1108 = PCURVE('',#589,#1109);
#1109 = DEFINITIONAL_REPRESENTATION('',(#1110),#1113);
#1110 = B_SPLINE_CURVE_WITH_KNOTS('',1,(#1111,#1112),.UNSPECIFIED.,.F.,
  .F.,(2,2),(0.9999994,144.5),.PIECEWISE_BEZIER_KNOTS.);
#1111 = CARTESIAN_POINT('',(-78.33441105465,-23.7613004063));
#1112 = CARTESIAN_POINT('',(65.165589545346,-23.7613004063));
#1113 = ( GEOMETRIC_REPRESENTATION_CONTEXT(2) 
PARAMETRIC_REPRESENTATION_CONTEXT() REPRESENTATION_CONTEXT('2D SPACE',''
  ) );
#1114 = ORIENTED_EDGE('',*,*,#1115,.F.);
#1115 = EDGE_CURVE('',#1116,#1095,#1118,.T.);
#1116 = VERTEX_POINT('',#1117);
#1117 = CARTESIAN_POINT('',(40.,-9.797174393179E-15,258.53658536585));
#1118 = SURFACE_CURVE('',#1119,(#1124,#1134),.PCURVE_S1.);
#1119 = ELLIPSE('',#1120,52.592515012463,40.);
#1120 = AXIS2_PLACEMENT_3D('',#1121,#1122,#1123);
#1121 = CARTESIAN_POINT('',(0.,0.,224.39024390243));
#1122 = DIRECTION('',(-0.649262379928,0.,0.760564502202));
#1123 = DIRECTION('',(0.760564502202,0.,0.649262379928));
#1124 = PCURVE('',#283,#1125);
#1125 = DEFINITIONAL_REPRESENTATION('',(#1126),#1133);
#1126 = B_SPLINE_CURVE_WITH_KNOTS('',5,(#1127,#1128,#1129,#1130,#1131,
    #1132),.UNSPECIFIED.,.F.,.F.,(6,6),(0.,6.755136319294E-02),
  .PIECEWISE_BEZIER_KNOTS.);
#1127 = CARTESIAN_POINT('',(0.,15.536585365854));
#1128 = CARTESIAN_POINT('',(1.351027263859E-02,15.536585365854));
#1129 = CARTESIAN_POINT('',(2.702054527718E-02,15.528794559444));
#1130 = CARTESIAN_POINT('',(4.053081791577E-02,15.513212945976));
#1131 = CARTESIAN_POINT('',(5.404109055435E-02,15.489846452855));
#1132 = CARTESIAN_POINT('',(6.755136319294E-02,15.458706922017));
#1133 = ( GEOMETRIC_REPRESENTATION_CONTEXT(2) 
PARAMETRIC_REPRESENTATION_CONTEXT() REPRESENTATION_CONTEXT('2D SPACE',''
  ) );
#1134 = PCURVE('',#1135,#1140);
#1135 = PLANE('',#1136);
#1136 = AXIS2_PLACEMENT_3D('',#1137,#1138,#1139);
#1137 = CARTESIAN_POINT('',(112.,-2.25,320.));
#1138 = DIRECTION('',(-0.649262379928,0.,0.760564502202));
#1139 = DIRECTION('',(-0.760564502202,0.,-0.649262379928));
#1140 = DEFINITIONAL_REPRESENTATION('',(#1141),#1145);
#1141 = ELLIPSE('',#1142,52.592515012463,40.);
#1142 = AXIS2_PLACEMENT_2D('',#1143,#1144);
#1143 = CARTESIAN_POINT('',(147.25904203489,-2.25));
#1144 = DIRECTION('',(-1.,0.));
#1145 = ( GEOMETRIC_REPRESENTATION_CONTEXT(2) 
PARAMETRIC_REPRESENTATION_CONTEXT() REPRESENTATION_CONTEXT('2D SPACE',''
  ) );
#1146 = ORIENTED_EDGE('',*,*,#1147,.F.);
#1147 = EDGE_CURVE('',#1148,#1116,#1150,.T.);
#1148 = VERTEX_POINT('',#1149);
#1149 = CARTESIAN_POINT('',(40.,-9.797174393179E-15,244.));
#1150 = SEAM_CURVE('',#1151,(#1155,#1162),.PCURVE_S1.);
#1151 = LINE('',#1152,#1153);
#1152 = CARTESIAN_POINT('',(40.,-9.797174393179E-15,243.));
#1153 = VECTOR('',#1154,1.);
#1154 = DIRECTION('',(0.,0.,1.));
#1155 = PCURVE('',#283,#1156);
#1156 = DEFINITIONAL_REPRESENTATION('',(#1157),#1161);
#1157 = LINE('',#1158,#1159);
#1158 = CARTESIAN_POINT('',(6.28318530718,-0.));
#1159 = VECTOR('',#1160,1.);
#1160 = DIRECTION('',(0.,1.));
#1161 = ( GEOMETRIC_REPRESENTATION_CONTEXT(2) 
PARAMETRIC_REPRESENTATION_CONTEXT() REPRESENTATION_CONTEXT('2D SPACE',''
  ) );
#1162 = PCURVE('',#283,#1163);
#1163 = DEFINITIONAL_REPRESENTATION('',(#1164),#1168);
#1164 = LINE('',#1165,#1166);
#1165 = CARTESIAN_POINT('',(0.,-0.));
#1166 = VECTOR('',#1167,1.);
#1167 = DIRECTION('',(0.,1.));
#1168 = ( GEOMETRIC_REPRESENTATION_CONTEXT(2) 
PARAMETRIC_REPRESENTATION_CONTEXT() REPRESENTATION_CONTEXT('2D SPACE',''
  ) );
#1169 = ORIENTED_EDGE('',*,*,#1170,.T.);
#1170 = EDGE_CURVE('',#1148,#1148,#1171,.T.);
#1171 = SURFACE_CURVE('',#1172,(#1177,#1183),.PCURVE_S1.);
#1172 = CIRCLE('',#1173,40.);
#1173 = AXIS2_PLACEMENT_3D('',#1174,#1175,#1176);
#1174 = CARTESIAN_POINT('',(0.,0.,244.));
#1175 = DIRECTION('',(0.,0.,1.));
#1176 = DIRECTION('',(1.,0.,-0.));
#1177 = PCURVE('',#283,#1178);
#1178 = DEFINITIONAL_REPRESENTATION('',(#1179),#1182);
#1179 = B_SPLINE_CURVE_WITH_KNOTS('',1,(#1180,#1181),.UNSPECIFIED.,.F.,
  .F.,(2,2),(0.,6.28318530718),.PIECEWISE_BEZIER_KNOTS.);
#1180 = CARTESIAN_POINT('',(0.,1.));
#1181 = CARTESIAN_POINT('',(6.28318530718,1.));
#1182 = ( GEOMETRIC_REPRESENTATION_CONTEXT(2) 
PARAMETRIC_REPRESENTATION_CONTEXT() REPRESENTATION_CONTEXT('2D SPACE',''
  ) );
#1183 = PCURVE('',#1184,#1189);
#1184 = CYLINDRICAL_SURFACE('',#1185,40.);
#1185 = AXIS2_PLACEMENT_3D('',#1186,#1187,#1188);
#1186 = CARTESIAN_POINT('',(0.,0.,-1.));
#1187 = DIRECTION('',(0.,0.,1.));
#1188 = DIRECTION('',(1.,0.,-0.));
#1189 = DEFINITIONAL_REPRESENTATION('',(#1190),#1194);
#1190 = LINE('',#1191,#1192);
#1191 = CARTESIAN_POINT('',(0.,245.));
#1192 = VECTOR('',#1193,1.);
#1193 = DIRECTION('',(1.,0.));
#1194 = ( GEOMETRIC_REPRESENTATION_CONTEXT(2) 
PARAMETRIC_REPRESENTATION_CONTEXT() REPRESENTATION_CONTEXT('2D SPACE',''
  ) );
#1195 = ORIENTED_EDGE('',*,*,#1147,.T.);
#1196 = ORIENTED_EDGE('',*,*,#1197,.F.);
#1197 = EDGE_CURVE('',#1198,#1116,#1200,.T.);
#1198 = VERTEX_POINT('',#1199);
#1199 = CARTESIAN_POINT('',(39.936668614195,-2.25,258.48252198772));
#1200 = SURFACE_CURVE('',#1201,(#1206,#1216),.PCURVE_S1.);
#1201 = ELLIPSE('',#1202,52.592515012463,40.);
#1202 = AXIS2_PLACEMENT_3D('',#1203,#1204,#1205);
#1203 = CARTESIAN_POINT('',(0.,0.,224.39024390243));
#1204 = DIRECTION('',(-0.649262379928,0.,0.760564502202));
#1205 = DIRECTION('',(0.760564502202,0.,0.649262379928));
#1206 = PCURVE('',#283,#1207);
#1207 = DEFINITIONAL_REPRESENTATION('',(#1208),#1215);
#1208 = B_SPLINE_CURVE_WITH_KNOTS('',5,(#1209,#1210,#1211,#1212,#1213,
    #1214),.UNSPECIFIED.,.F.,.F.,(6,6),(6.215633943987,6.28318530718),
  .PIECEWISE_BEZIER_KNOTS.);
#1209 = CARTESIAN_POINT('',(6.215633943987,15.458706922017));
#1210 = CARTESIAN_POINT('',(6.229144216625,15.489846452855));
#1211 = CARTESIAN_POINT('',(6.242654489264,15.513212945977));
#1212 = CARTESIAN_POINT('',(6.256164761902,15.528794559444));
#1213 = CARTESIAN_POINT('',(6.269675034541,15.536585365854));
#1214 = CARTESIAN_POINT('',(6.28318530718,15.536585365854));
#1215 = ( GEOMETRIC_REPRESENTATION_CONTEXT(2) 
PARAMETRIC_REPRESENTATION_CONTEXT() REPRESENTATION_CONTEXT('2D SPACE',''
  ) );
#1216 = PCURVE('',#1135,#1217);
#1217 = DEFINITIONAL_REPRESENTATION('',(#1218),#1222);
#1218 = ELLIPSE('',#1219,52.592515012463,40.);
#1219 = AXIS2_PLACEMENT_2D('',#1220,#1221);
#1220 = CARTESIAN_POINT('',(147.25904203489,-2.25));
#1221 = DIRECTION('',(-1.,0.));
#1222 = ( GEOMETRIC_REPRESENTATION_CONTEXT(2) 
PARAMETRIC_REPRESENTATION_CONTEXT() REPRESENTATION_CONTEXT('2D SPACE',''
  ) );
#1223 = ORIENTED_EDGE('',*,*,#1224,.T.);
#1224 = EDGE_CURVE('',#1198,#986,#1225,.T.);
#1225 = SURFACE_CURVE('',#1226,(#1230,#1236),.PCURVE_S1.);
#1226 = LINE('',#1227,#1228);
#1227 = CARTESIAN_POINT('',(39.936668614195,-2.25,243.));
#1228 = VECTOR('',#1229,1.);
#1229 = DIRECTION('',(0.,0.,1.));
#1230 = PCURVE('',#283,#1231);
#1231 = DEFINITIONAL_REPRESENTATION('',(#1232),#1235);
#1232 = B_SPLINE_CURVE_WITH_KNOTS('',1,(#1233,#1234),.UNSPECIFIED.,.F.,
  .F.,(2,2),(0.9999994,144.5),.PIECEWISE_BEZIER_KNOTS.);
#1233 = CARTESIAN_POINT('',(6.226905601779,0.9999994));
#1234 = CARTESIAN_POINT('',(6.226905601779,144.5));
#1235 = ( GEOMETRIC_REPRESENTATION_CONTEXT(2) 
PARAMETRIC_REPRESENTATION_CONTEXT() REPRESENTATION_CONTEXT('2D SPACE',''
  ) );
#1236 = PCURVE('',#725,#1237);
#1237 = DEFINITIONAL_REPRESENTATION('',(#1238),#1241);
#1238 = B_SPLINE_CURVE_WITH_KNOTS('',1,(#1239,#1240),.UNSPECIFIED.,.F.,
  .F.,(2,2),(0.9999994,144.5),.PIECEWISE_BEZIER_KNOTS.);
#1239 = CARTESIAN_POINT('',(-78.33441105465,-23.7613004063));
#1240 = CARTESIAN_POINT('',(65.165589545346,-23.7613004063));
#1241 = ( GEOMETRIC_REPRESENTATION_CONTEXT(2) 
PARAMETRIC_REPRESENTATION_CONTEXT() REPRESENTATION_CONTEXT('2D SPACE',''
  ) );
#1242 = FACE_BOUND('',#1243,.F.);
#1243 = EDGE_LOOP('',(#1244,#1278,#1299,#1331));
#1244 = ORIENTED_EDGE('',*,*,#1245,.F.);
#1245 = EDGE_CURVE('',#1246,#1248,#1250,.T.);
#1246 = VERTEX_POINT('',#1247);
#1247 = CARTESIAN_POINT('',(-2.25,39.936668614195,370.60589442769));
#1248 = VERTEX_POINT('',#1249);
#1249 = CARTESIAN_POINT('',(2.25,39.936668614195,370.60589442769));
#1250 = SURFACE_CURVE('',#1251,(#1256,#1266),.PCURVE_S1.);
#1251 = ELLIPSE('',#1252,40.074291509348,40.);
#1252 = AXIS2_PLACEMENT_3D('',#1253,#1254,#1255);
#1253 = CARTESIAN_POINT('',(0.,0.,368.17073170731));
#1254 = DIRECTION('',(6.757102705208E-18,6.086257045056E-02,
    -0.998146155389));
#1255 = DIRECTION('',(1.108164843654E-16,0.998146155389,
    6.086257045056E-02));
#1256 = PCURVE('',#283,#1257);
#1257 = DEFINITIONAL_REPRESENTATION('',(#1258),#1265);
#1258 = B_SPLINE_CURVE_WITH_KNOTS('',5,(#1259,#1260,#1261,#1262,#1263,
    #1264),.UNSPECIFIED.,.F.,.F.,(6,6),(6.215633943987,6.350736670373),
  .PIECEWISE_BEZIER_KNOTS.);
#1259 = CARTESIAN_POINT('',(1.638347689988,127.60419335157));
#1260 = CARTESIAN_POINT('',(1.611327144711,127.60864185597));
#1261 = CARTESIAN_POINT('',(1.584306599433,127.61086949288));
#1262 = CARTESIAN_POINT('',(1.557286054156,127.61086949288));
#1263 = CARTESIAN_POINT('',(1.530265508879,127.60864185597));
#1264 = CARTESIAN_POINT('',(1.503244963602,127.60419335157));
#1265 = ( GEOMETRIC_REPRESENTATION_CONTEXT(2) 
PARAMETRIC_REPRESENTATION_CONTEXT() REPRESENTATION_CONTEXT('2D SPACE',''
  ) );
#1266 = PCURVE('',#1267,#1272);
#1267 = PLANE('',#1268);
#1268 = AXIS2_PLACEMENT_3D('',#1269,#1270,#1271);
#1269 = CARTESIAN_POINT('',(2.25,30.,370.));
#1270 = DIRECTION('',(6.757102705208E-18,6.086257045056E-02,
    -0.998146155389));
#1271 = DIRECTION('',(1.108164843654E-16,0.998146155389,
    6.086257045056E-02));
#1272 = DEFINITIONAL_REPRESENTATION('',(#1273),#1277);
#1273 = ELLIPSE('',#1274,40.074291509348,40.);
#1274 = AXIS2_PLACEMENT_2D('',#1275,#1276);
#1275 = CARTESIAN_POINT('',(-30.05571863201,-2.25));
#1276 = DIRECTION('',(1.,0.));
#1277 = ( GEOMETRIC_REPRESENTATION_CONTEXT(2) 
PARAMETRIC_REPRESENTATION_CONTEXT() REPRESENTATION_CONTEXT('2D SPACE',''
  ) );
#1278 = ORIENTED_EDGE('',*,*,#1279,.F.);
#1279 = EDGE_CURVE('',#1280,#1246,#1282,.T.);
#1280 = VERTEX_POINT('',#1281);
#1281 = CARTESIAN_POINT('',(-2.25,39.936668614195,258.48252198772));
#1282 = SURFACE_CURVE('',#1283,(#1287,#1293),.PCURVE_S1.);
#1283 = LINE('',#1284,#1285);
#1284 = CARTESIAN_POINT('',(-2.25,39.936668614195,243.));
#1285 = VECTOR('',#1286,1.);
#1286 = DIRECTION('',(0.,0.,1.));
#1287 = PCURVE('',#283,#1288);
#1288 = DEFINITIONAL_REPRESENTATION('',(#1289),#1292);
#1289 = B_SPLINE_CURVE_WITH_KNOTS('',1,(#1290,#1291),.UNSPECIFIED.,.F.,
  .F.,(2,2),(0.9999994,144.5),.PIECEWISE_BEZIER_KNOTS.);
#1290 = CARTESIAN_POINT('',(1.627076032196,0.9999994));
#1291 = CARTESIAN_POINT('',(1.627076032196,144.5));
#1292 = ( GEOMETRIC_REPRESENTATION_CONTEXT(2) 
PARAMETRIC_REPRESENTATION_CONTEXT() REPRESENTATION_CONTEXT('2D SPACE',''
  ) );
#1293 = PCURVE('',#913,#1294);
#1294 = DEFINITIONAL_REPRESENTATION('',(#1295),#1298);
#1295 = B_SPLINE_CURVE_WITH_KNOTS('',1,(#1296,#1297),.UNSPECIFIED.,.F.,
  .F.,(2,2),(0.9999994,144.5),.PIECEWISE_BEZIER_KNOTS.);
#1296 = CARTESIAN_POINT('',(-78.33441105465,-23.7613004063));
#1297 = CARTESIAN_POINT('',(65.165589545346,-23.7613004063));
#1298 = ( GEOMETRIC_REPRESENTATION_CONTEXT(2) 
PARAMETRIC_REPRESENTATION_CONTEXT() REPRESENTATION_CONTEXT('2D SPACE',''
  ) );
#1299 = ORIENTED_EDGE('',*,*,#1300,.F.);
#1300 = EDGE_CURVE('',#1301,#1280,#1303,.T.);
#1301 = VERTEX_POINT('',#1302);
#1302 = CARTESIAN_POINT('',(2.25,39.936668614195,258.48252198772));
#1303 = SURFACE_CURVE('',#1304,(#1309,#1319),.PCURVE_S1.);
#1304 = ELLIPSE('',#1305,52.592515012463,40.);
#1305 = AXIS2_PLACEMENT_3D('',#1306,#1307,#1308);
#1306 = CARTESIAN_POINT('',(0.,0.,224.39024390243));
#1307 = DIRECTION('',(-7.208260432195E-17,-0.649262379928,0.760564502202
    ));
#1308 = DIRECTION('',(8.443962220571E-17,0.760564502202,0.649262379928)
  );
#1309 = PCURVE('',#283,#1310);
#1310 = DEFINITIONAL_REPRESENTATION('',(#1311),#1318);
#1311 = B_SPLINE_CURVE_WITH_KNOTS('',5,(#1312,#1313,#1314,#1315,#1316,
    #1317),.UNSPECIFIED.,.F.,.F.,(6,6),(6.215633943987,6.350736670373),
  .PIECEWISE_BEZIER_KNOTS.);
#1312 = CARTESIAN_POINT('',(1.503244963602,15.458706922017));
#1313 = CARTESIAN_POINT('',(1.530265508879,15.520985983693));
#1314 = CARTESIAN_POINT('',(1.557286054156,15.552172900421));
#1315 = CARTESIAN_POINT('',(1.584306599433,15.552172900421));
#1316 = CARTESIAN_POINT('',(1.611327144711,15.520985983693));
#1317 = CARTESIAN_POINT('',(1.638347689988,15.458706922017));
#1318 = ( GEOMETRIC_REPRESENTATION_CONTEXT(2) 
PARAMETRIC_REPRESENTATION_CONTEXT() REPRESENTATION_CONTEXT('2D SPACE',''
  ) );
#1319 = PCURVE('',#1320,#1325);
#1320 = PLANE('',#1321);
#1321 = AXIS2_PLACEMENT_3D('',#1322,#1323,#1324);
#1322 = CARTESIAN_POINT('',(2.25,112.,320.));
#1323 = DIRECTION('',(-7.208260432195E-17,-0.649262379928,0.760564502202
    ));
#1324 = DIRECTION('',(-8.443962220571E-17,-0.760564502202,
    -0.649262379928));
#1325 = DEFINITIONAL_REPRESENTATION('',(#1326),#1330);
#1326 = ELLIPSE('',#1327,52.592515012463,40.);
#1327 = AXIS2_PLACEMENT_2D('',#1328,#1329);
#1328 = CARTESIAN_POINT('',(147.25904203489,-2.25));
#1329 = DIRECTION('',(-1.,0.));
#1330 = ( GEOMETRIC_REPRESENTATION_CONTEXT(2) 
PARAMETRIC_REPRESENTATION_CONTEXT() REPRESENTATION_CONTEXT('2D SPACE',''
  ) );
#1331 = ORIENTED_EDGE('',*,*,#1332,.T.);
#1332 = EDGE_CURVE('',#1301,#1248,#1333,.T.);
#1333 = SURFACE_CURVE('',#1334,(#1338,#1344),.PCURVE_S1.);
#1334 = LINE('',#1335,#1336);
#1335 = CARTESIAN_POINT('',(2.25,39.936668614195,243.));
#1336 = VECTOR('',#1337,1.);
#1337 = DIRECTION('',(0.,0.,1.));
#1338 = PCURVE('',#283,#1339);
#1339 = DEFINITIONAL_REPRESENTATION('',(#1340),#1343);
#1340 = B_SPLINE_CURVE_WITH_KNOTS('',1,(#1341,#1342),.UNSPECIFIED.,.F.,
  .F.,(2,2),(0.9999994,144.5),.PIECEWISE_BEZIER_KNOTS.);
#1341 = CARTESIAN_POINT('',(1.514516621394,0.9999994));
#1342 = CARTESIAN_POINT('',(1.514516621394,144.5));
#1343 = ( GEOMETRIC_REPRESENTATION_CONTEXT(2) 
PARAMETRIC_REPRESENTATION_CONTEXT() REPRESENTATION_CONTEXT('2D SPACE',''
  ) );
#1344 = PCURVE('',#969,#1345);
#1345 = DEFINITIONAL_REPRESENTATION('',(#1346),#1349);
#1346 = B_SPLINE_CURVE_WITH_KNOTS('',1,(#1347,#1348),.UNSPECIFIED.,.F.,
  .F.,(2,2),(0.9999994,144.5),.PIECEWISE_BEZIER_KNOTS.);
#1347 = CARTESIAN_POINT('',(-78.33441105465,-23.7613004063));
#1348 = CARTESIAN_POINT('',(65.165589545346,-23.7613004063));
#1349 = ( GEOMETRIC_REPRESENTATION_CONTEXT(2) 
PARAMETRIC_REPRESENTATION_CONTEXT() REPRESENTATION_CONTEXT('2D SPACE',''
  ) );
#1350 = FACE_BOUND('',#1351,.F.);
#1351 = EDGE_LOOP('',(#1352,#1386,#1407,#1439));
#1352 = ORIENTED_EDGE('',*,*,#1353,.F.);
#1353 = EDGE_CURVE('',#1354,#1356,#1358,.T.);
#1354 = VERTEX_POINT('',#1355);
#1355 = CARTESIAN_POINT('',(-39.93666861419,-2.25,370.60589442769));
#1356 = VERTEX_POINT('',#1357);
#1357 = CARTESIAN_POINT('',(-39.93666861419,2.25,370.60589442769));
#1358 = SURFACE_CURVE('',#1359,(#1364,#1374),.PCURVE_S1.);
#1359 = ELLIPSE('',#1360,40.074291509348,40.);
#1360 = AXIS2_PLACEMENT_3D('',#1361,#1362,#1363);
#1361 = CARTESIAN_POINT('',(0.,0.,368.17073170731));
#1362 = DIRECTION('',(-6.086257045056E-02,7.453515209016E-18,
    -0.998146155389));
#1363 = DIRECTION('',(-0.998146155389,1.222376494279E-16,
    6.086257045056E-02));
#1364 = PCURVE('',#283,#1365);
#1365 = DEFINITIONAL_REPRESENTATION('',(#1366),#1373);
#1366 = B_SPLINE_CURVE_WITH_KNOTS('',5,(#1367,#1368,#1369,#1370,#1371,
    #1372),.UNSPECIFIED.,.F.,.F.,(6,6),(6.215633943987,6.350736670373),
  .PIECEWISE_BEZIER_KNOTS.);
#1367 = CARTESIAN_POINT('',(3.209144016783,127.60419335157));
#1368 = CARTESIAN_POINT('',(3.182123471506,127.60864185597));
#1369 = CARTESIAN_POINT('',(3.155102926228,127.61086949288));
#1370 = CARTESIAN_POINT('',(3.128082380951,127.61086949288));
#1371 = CARTESIAN_POINT('',(3.101061835674,127.60864185597));
#1372 = CARTESIAN_POINT('',(3.074041290397,127.60419335157));
#1373 = ( GEOMETRIC_REPRESENTATION_CONTEXT(2) 
PARAMETRIC_REPRESENTATION_CONTEXT() REPRESENTATION_CONTEXT('2D SPACE',''
  ) );
#1374 = PCURVE('',#1375,#1380);
#1375 = PLANE('',#1376);
#1376 = AXIS2_PLACEMENT_3D('',#1377,#1378,#1379);
#1377 = CARTESIAN_POINT('',(-30.,2.25,370.));
#1378 = DIRECTION('',(-6.086257045056E-02,7.453515209016E-18,
    -0.998146155389));
#1379 = DIRECTION('',(-0.998146155389,1.222376494279E-16,
    6.086257045056E-02));
#1380 = DEFINITIONAL_REPRESENTATION('',(#1381),#1385);
#1381 = ELLIPSE('',#1382,40.074291509348,40.);
#1382 = AXIS2_PLACEMENT_2D('',#1383,#1384);
#1383 = CARTESIAN_POINT('',(-30.05571863201,-2.25));
#1384 = DIRECTION('',(1.,-2.646425812915E-33));
#1385 = ( GEOMETRIC_REPRESENTATION_CONTEXT(2) 
PARAMETRIC_REPRESENTATION_CONTEXT() REPRESENTATION_CONTEXT('2D SPACE',''
  ) );
#1386 = ORIENTED_EDGE('',*,*,#1387,.F.);
#1387 = EDGE_CURVE('',#1388,#1354,#1390,.T.);
#1388 = VERTEX_POINT('',#1389);
#1389 = CARTESIAN_POINT('',(-39.93666861419,-2.25,258.48252198772));
#1390 = SURFACE_CURVE('',#1391,(#1395,#1401),.PCURVE_S1.);
#1391 = LINE('',#1392,#1393);
#1392 = CARTESIAN_POINT('',(-39.93666861419,-2.25,243.));
#1393 = VECTOR('',#1394,1.);
#1394 = DIRECTION('',(0.,0.,1.));
#1395 = PCURVE('',#283,#1396);
#1396 = DEFINITIONAL_REPRESENTATION('',(#1397),#1400);
#1397 = B_SPLINE_CURVE_WITH_KNOTS('',1,(#1398,#1399),.UNSPECIFIED.,.F.,
  .F.,(2,2),(0.9999994,144.5),.PIECEWISE_BEZIER_KNOTS.);
#1398 = CARTESIAN_POINT('',(3.197872358991,0.9999994));
#1399 = CARTESIAN_POINT('',(3.197872358991,144.5));
#1400 = ( GEOMETRIC_REPRESENTATION_CONTEXT(2) 
PARAMETRIC_REPRESENTATION_CONTEXT() REPRESENTATION_CONTEXT('2D SPACE',''
  ) );
#1401 = PCURVE('',#800,#1402);
#1402 = DEFINITIONAL_REPRESENTATION('',(#1403),#1406);
#1403 = B_SPLINE_CURVE_WITH_KNOTS('',1,(#1404,#1405),.UNSPECIFIED.,.F.,
  .F.,(2,2),(0.9999994,144.5),.PIECEWISE_BEZIER_KNOTS.);
#1404 = CARTESIAN_POINT('',(-78.33441105465,-23.7613004063));
#1405 = CARTESIAN_POINT('',(65.165589545346,-23.7613004063));
#1406 = ( GEOMETRIC_REPRESENTATION_CONTEXT(2) 
PARAMETRIC_REPRESENTATION_CONTEXT() REPRESENTATION_CONTEXT('2D SPACE',''
  ) );
#1407 = ORIENTED_EDGE('',*,*,#1408,.F.);
#1408 = EDGE_CURVE('',#1409,#1388,#1411,.T.);
#1409 = VERTEX_POINT('',#1410);
#1410 = CARTESIAN_POINT('',(-39.93666861419,2.25,258.48252198772));
#1411 = SURFACE_CURVE('',#1412,(#1417,#1427),.PCURVE_S1.);
#1412 = ELLIPSE('',#1413,52.592515012463,40.);
#1413 = AXIS2_PLACEMENT_3D('',#1414,#1415,#1416);
#1414 = CARTESIAN_POINT('',(0.,0.,224.39024390243));
#1415 = DIRECTION('',(0.649262379928,-7.951170953862E-17,0.760564502202)
  );
#1416 = DIRECTION('',(-0.760564502202,9.314228831667E-17,0.649262379928)
  );
#1417 = PCURVE('',#283,#1418);
#1418 = DEFINITIONAL_REPRESENTATION('',(#1419),#1426);
#1419 = B_SPLINE_CURVE_WITH_KNOTS('',5,(#1420,#1421,#1422,#1423,#1424,
    #1425),.UNSPECIFIED.,.F.,.F.,(6,6),(6.215633943987,6.350736670373),
  .PIECEWISE_BEZIER_KNOTS.);
#1420 = CARTESIAN_POINT('',(3.074041290397,15.458706922017));
#1421 = CARTESIAN_POINT('',(3.101061835674,15.520985983693));
#1422 = CARTESIAN_POINT('',(3.128082380951,15.552172900421));
#1423 = CARTESIAN_POINT('',(3.155102926228,15.552172900421));
#1424 = CARTESIAN_POINT('',(3.182123471506,15.520985983693));
#1425 = CARTESIAN_POINT('',(3.209144016783,15.458706922017));
#1426 = ( GEOMETRIC_REPRESENTATION_CONTEXT(2) 
PARAMETRIC_REPRESENTATION_CONTEXT() REPRESENTATION_CONTEXT('2D SPACE',''
  ) );
#1427 = PCURVE('',#1428,#1433);
#1428 = PLANE('',#1429);
#1429 = AXIS2_PLACEMENT_3D('',#1430,#1431,#1432);
#1430 = CARTESIAN_POINT('',(-112.,2.25,320.));
#1431 = DIRECTION('',(0.649262379928,-7.951170953862E-17,0.760564502202)
  );
#1432 = DIRECTION('',(0.760564502202,-9.314228831667E-17,-0.649262379928
    ));
#1433 = DEFINITIONAL_REPRESENTATION('',(#1434),#1438);
#1434 = ELLIPSE('',#1435,52.592515012463,40.);
#1435 = AXIS2_PLACEMENT_2D('',#1436,#1437);
#1436 = CARTESIAN_POINT('',(147.25904203489,-2.25));
#1437 = DIRECTION('',(-1.,5.47881547025E-33));
#1438 = ( GEOMETRIC_REPRESENTATION_CONTEXT(2) 
PARAMETRIC_REPRESENTATION_CONTEXT() REPRESENTATION_CONTEXT('2D SPACE',''
  ) );
#1439 = ORIENTED_EDGE('',*,*,#1440,.T.);
#1440 = EDGE_CURVE('',#1409,#1356,#1441,.T.);
#1441 = SURFACE_CURVE('',#1442,(#1446,#1452),.PCURVE_S1.);
#1442 = LINE('',#1443,#1444);
#1443 = CARTESIAN_POINT('',(-39.93666861419,2.25,243.));
#1444 = VECTOR('',#1445,1.);
#1445 = DIRECTION('',(0.,0.,1.));
#1446 = PCURVE('',#283,#1447);
#1447 = DEFINITIONAL_REPRESENTATION('',(#1448),#1451);
#1448 = B_SPLINE_CURVE_WITH_KNOTS('',1,(#1449,#1450),.UNSPECIFIED.,.F.,
  .F.,(2,2),(0.9999994,144.5),.PIECEWISE_BEZIER_KNOTS.);
#1449 = CARTESIAN_POINT('',(3.085312948189,0.9999994));
#1450 = CARTESIAN_POINT('',(3.085312948189,144.5));
#1451 = ( GEOMETRIC_REPRESENTATION_CONTEXT(2) 
PARAMETRIC_REPRESENTATION_CONTEXT() REPRESENTATION_CONTEXT('2D SPACE',''
  ) );
#1452 = PCURVE('',#858,#1453);
#1453 = DEFINITIONAL_REPRESENTATION('',(#1454),#1457);
#1454 = B_SPLINE_CURVE_WITH_KNOTS('',1,(#1455,#1456),.UNSPECIFIED.,.F.,
  .F.,(2,2),(0.9999994,144.5),.PIECEWISE_BEZIER_KNOTS.);
#1455 = CARTESIAN_POINT('',(-78.33441105465,-23.7613004063));
#1456 = CARTESIAN_POINT('',(65.165589545346,-23.7613004063));
#1457 = ( GEOMETRIC_REPRESENTATION_CONTEXT(2) 
PARAMETRIC_REPRESENTATION_CONTEXT() REPRESENTATION_CONTEXT('2D SPACE',''
  ) );
#1458 = FACE_BOUND('',#1459,.F.);
#1459 = EDGE_LOOP('',(#1460,#1461,#1462,#1487));
#1460 = ORIENTED_EDGE('',*,*,#268,.F.);
#1461 = ORIENTED_EDGE('',*,*,#430,.F.);
#1462 = ORIENTED_EDGE('',*,*,#1463,.F.);
#1463 = EDGE_CURVE('',#305,#431,#1464,.T.);
#1464 = SURFACE_CURVE('',#1465,(#1470,#1480),.PCURVE_S1.);
#1465 = ELLIPSE('',#1466,52.592515012463,40.);
#1466 = AXIS2_PLACEMENT_3D('',#1467,#1468,#1469);
#1467 = CARTESIAN_POINT('',(0.,0.,224.39024390243));
#1468 = DIRECTION('',(1.441652086439E-16,0.649262379928,0.760564502202)
  );
#1469 = DIRECTION('',(-1.688792444114E-16,-0.760564502202,0.649262379928
    ));
#1470 = PCURVE('',#283,#1471);
#1471 = DEFINITIONAL_REPRESENTATION('',(#1472),#1479);
#1472 = B_SPLINE_CURVE_WITH_KNOTS('',5,(#1473,#1474,#1475,#1476,#1477,
    #1478),.UNSPECIFIED.,.F.,.F.,(6,6),(6.215633943987,6.350736670373),
  .PIECEWISE_BEZIER_KNOTS.);
#1473 = CARTESIAN_POINT('',(4.644837617192,15.458706922017));
#1474 = CARTESIAN_POINT('',(4.671858162469,15.520985983693));
#1475 = CARTESIAN_POINT('',(4.698878707746,15.552172900421));
#1476 = CARTESIAN_POINT('',(4.725899253023,15.552172900421));
#1477 = CARTESIAN_POINT('',(4.7529197983,15.520985983693));
#1478 = CARTESIAN_POINT('',(4.779940343578,15.458706922017));
#1479 = ( GEOMETRIC_REPRESENTATION_CONTEXT(2) 
PARAMETRIC_REPRESENTATION_CONTEXT() REPRESENTATION_CONTEXT('2D SPACE',''
  ) );
#1480 = PCURVE('',#341,#1481);
#1481 = DEFINITIONAL_REPRESENTATION('',(#1482),#1486);
#1482 = ELLIPSE('',#1483,52.592515012463,40.);
#1483 = AXIS2_PLACEMENT_2D('',#1484,#1485);
#1484 = CARTESIAN_POINT('',(147.25904203489,-2.25));
#1485 = DIRECTION('',(-1.,0.));
#1486 = ( GEOMETRIC_REPRESENTATION_CONTEXT(2) 
PARAMETRIC_REPRESENTATION_CONTEXT() REPRESENTATION_CONTEXT('2D SPACE',''
  ) );
#1487 = ORIENTED_EDGE('',*,*,#304,.T.);
#1488 = ADVANCED_FACE('',(#1489),#394,.T.);
#1489 = FACE_BOUND('',#1490,.T.);
#1490 = EDGE_LOOP('',(#1491,#1512,#1534,#1535));
#1491 = ORIENTED_EDGE('',*,*,#1492,.F.);
#1492 = EDGE_CURVE('',#1493,#762,#1495,.T.);
#1493 = VERTEX_POINT('',#1494);
#1494 = CARTESIAN_POINT('',(-39.53602787332,-2.25,264.));
#1495 = SURFACE_CURVE('',#1496,(#1500,#1506),.PCURVE_S1.);
#1496 = LINE('',#1497,#1498);
#1497 = CARTESIAN_POINT('',(-31.84898451024,-2.25,264.));
#1498 = VECTOR('',#1499,1.);
#1499 = DIRECTION('',(1.,-1.224646799147E-16,0.));
#1500 = PCURVE('',#394,#1501);
#1501 = DEFINITIONAL_REPRESENTATION('',(#1502),#1505);
#1502 = B_SPLINE_CURVE_WITH_KNOTS('',1,(#1503,#1504),.UNSPECIFIED.,.F.,
  .F.,(2,2),(-7.751015489751,1.848984510249),.PIECEWISE_BEZIER_KNOTS.);
#1503 = CARTESIAN_POINT('',(-39.6,-2.25));
#1504 = CARTESIAN_POINT('',(-30.,-2.25));
#1505 = ( GEOMETRIC_REPRESENTATION_CONTEXT(2) 
PARAMETRIC_REPRESENTATION_CONTEXT() REPRESENTATION_CONTEXT('2D SPACE',''
  ) );
#1506 = PCURVE('',#800,#1507);
#1507 = DEFINITIONAL_REPRESENTATION('',(#1508),#1511);
#1508 = B_SPLINE_CURVE_WITH_KNOTS('',1,(#1509,#1510),.UNSPECIFIED.,.F.,
  .F.,(2,2),(-7.751015489751,1.848984510249),.PIECEWISE_BEZIER_KNOTS.);
#1509 = CARTESIAN_POINT('',(-58.33441045465,-24.09796902049));
#1510 = CARTESIAN_POINT('',(-58.33441045465,-33.69796902049));
#1511 = ( GEOMETRIC_REPRESENTATION_CONTEXT(2) 
PARAMETRIC_REPRESENTATION_CONTEXT() REPRESENTATION_CONTEXT('2D SPACE',''
  ) );
#1512 = ORIENTED_EDGE('',*,*,#1513,.T.);
#1513 = EDGE_CURVE('',#1493,#354,#1514,.T.);
#1514 = SURFACE_CURVE('',#1515,(#1520,#1527),.PCURVE_S1.);
#1515 = CIRCLE('',#1516,39.6);
#1516 = AXIS2_PLACEMENT_3D('',#1517,#1518,#1519);
#1517 = CARTESIAN_POINT('',(0.,0.,264.));
#1518 = DIRECTION('',(0.,0.,1.));
#1519 = DIRECTION('',(1.,0.,-0.));
#1520 = PCURVE('',#394,#1521);
#1521 = DEFINITIONAL_REPRESENTATION('',(#1522),#1526);
#1522 = CIRCLE('',#1523,39.6);
#1523 = AXIS2_PLACEMENT_2D('',#1524,#1525);
#1524 = CARTESIAN_POINT('',(0.,0.));
#1525 = DIRECTION('',(1.,0.));
#1526 = ( GEOMETRIC_REPRESENTATION_CONTEXT(2) 
PARAMETRIC_REPRESENTATION_CONTEXT() REPRESENTATION_CONTEXT('2D SPACE',''
  ) );
#1527 = PCURVE('',#368,#1528);
#1528 = DEFINITIONAL_REPRESENTATION('',(#1529),#1533);
#1529 = LINE('',#1530,#1531);
#1530 = CARTESIAN_POINT('',(0.,40.));
#1531 = VECTOR('',#1532,1.);
#1532 = DIRECTION('',(1.,0.));
#1533 = ( GEOMETRIC_REPRESENTATION_CONTEXT(2) 
PARAMETRIC_REPRESENTATION_CONTEXT() REPRESENTATION_CONTEXT('2D SPACE',''
  ) );
#1534 = ORIENTED_EDGE('',*,*,#379,.T.);
#1535 = ORIENTED_EDGE('',*,*,#761,.F.);
#1536 = ADVANCED_FACE('',(#1537),#368,.T.);
#1537 = FACE_BOUND('',#1538,.T.);
#1538 = EDGE_LOOP('',(#1539,#1565,#1586,#1613,#1636,#1658,#1659,#1686,
    #1707,#1729,#1730,#1755,#1756,#1757,#1778,#1805,#1826,#1850,#1871,
    #1898));
#1539 = ORIENTED_EDGE('',*,*,#1540,.F.);
#1540 = EDGE_CURVE('',#1541,#1543,#1545,.T.);
#1541 = VERTEX_POINT('',#1542);
#1542 = CARTESIAN_POINT('',(39.536027873321,2.25,264.));
#1543 = VERTEX_POINT('',#1544);
#1544 = CARTESIAN_POINT('',(2.25,39.536027873321,264.));
#1545 = SURFACE_CURVE('',#1546,(#1551,#1558),.PCURVE_S1.);
#1546 = CIRCLE('',#1547,39.6);
#1547 = AXIS2_PLACEMENT_3D('',#1548,#1549,#1550);
#1548 = CARTESIAN_POINT('',(0.,0.,264.));
#1549 = DIRECTION('',(0.,0.,1.));
#1550 = DIRECTION('',(1.,0.,-0.));
#1551 = PCURVE('',#368,#1552);
#1552 = DEFINITIONAL_REPRESENTATION('',(#1553),#1557);
#1553 = LINE('',#1554,#1555);
#1554 = CARTESIAN_POINT('',(0.,40.));
#1555 = VECTOR('',#1556,1.);
#1556 = DIRECTION('',(1.,0.));
#1557 = ( GEOMETRIC_REPRESENTATION_CONTEXT(2) 
PARAMETRIC_REPRESENTATION_CONTEXT() REPRESENTATION_CONTEXT('2D SPACE',''
  ) );
#1558 = PCURVE('',#562,#1559);
#1559 = DEFINITIONAL_REPRESENTATION('',(#1560),#1564);
#1560 = CIRCLE('',#1561,39.6);
#1561 = AXIS2_PLACEMENT_2D('',#1562,#1563);
#1562 = CARTESIAN_POINT('',(0.,0.));
#1563 = DIRECTION('',(1.,0.));
#1564 = ( GEOMETRIC_REPRESENTATION_CONTEXT(2) 
PARAMETRIC_REPRESENTATION_CONTEXT() REPRESENTATION_CONTEXT('2D SPACE',''
  ) );
#1565 = ORIENTED_EDGE('',*,*,#1566,.F.);
#1566 = EDGE_CURVE('',#1567,#1541,#1569,.T.);
#1567 = VERTEX_POINT('',#1568);
#1568 = CARTESIAN_POINT('',(39.536027873321,2.25,258.14051159917));
#1569 = SURFACE_CURVE('',#1570,(#1574,#1580),.PCURVE_S1.);
#1570 = LINE('',#1571,#1572);
#1571 = CARTESIAN_POINT('',(39.536027873321,2.25,224.));
#1572 = VECTOR('',#1573,1.);
#1573 = DIRECTION('',(0.,0.,1.));
#1574 = PCURVE('',#368,#1575);
#1575 = DEFINITIONAL_REPRESENTATION('',(#1576),#1579);
#1576 = B_SPLINE_CURVE_WITH_KNOTS('',1,(#1577,#1578),.UNSPECIFIED.,.F.,
  .F.,(2,2),(13.5,40.0000006),.PIECEWISE_BEZIER_KNOTS.);
#1577 = CARTESIAN_POINT('',(5.684879739298E-02,13.5));
#1578 = CARTESIAN_POINT('',(5.684879739298E-02,40.0000006));
#1579 = ( GEOMETRIC_REPRESENTATION_CONTEXT(2) 
PARAMETRIC_REPRESENTATION_CONTEXT() REPRESENTATION_CONTEXT('2D SPACE',''
  ) );
#1580 = PCURVE('',#589,#1581);
#1581 = DEFINITIONAL_REPRESENTATION('',(#1582),#1585);
#1582 = B_SPLINE_CURVE_WITH_KNOTS('',1,(#1583,#1584),.UNSPECIFIED.,.F.,
  .F.,(2,2),(13.5,40.0000006),.PIECEWISE_BEZIER_KNOTS.);
#1583 = CARTESIAN_POINT('',(-84.83441045465,-24.16194114717));
#1584 = CARTESIAN_POINT('',(-58.33440985465,-24.16194114717));
#1585 = ( GEOMETRIC_REPRESENTATION_CONTEXT(2) 
PARAMETRIC_REPRESENTATION_CONTEXT() REPRESENTATION_CONTEXT('2D SPACE',''
  ) );
#1586 = ORIENTED_EDGE('',*,*,#1587,.F.);
#1587 = EDGE_CURVE('',#1588,#1567,#1590,.T.);
#1588 = VERTEX_POINT('',#1589);
#1589 = CARTESIAN_POINT('',(39.6,-9.699202649247E-15,258.19512195122));
#1590 = SURFACE_CURVE('',#1591,(#1596,#1606),.PCURVE_S1.);
#1591 = ELLIPSE('',#1592,52.066589862338,39.6);
#1592 = AXIS2_PLACEMENT_3D('',#1593,#1594,#1595);
#1593 = CARTESIAN_POINT('',(0.,0.,224.39024390243));
#1594 = DIRECTION('',(-0.649262379928,0.,0.760564502202));
#1595 = DIRECTION('',(0.760564502202,0.,0.649262379928));
#1596 = PCURVE('',#368,#1597);
#1597 = DEFINITIONAL_REPRESENTATION('',(#1598),#1605);
#1598 = B_SPLINE_CURVE_WITH_KNOTS('',5,(#1599,#1600,#1601,#1602,#1603,
    #1604),.UNSPECIFIED.,.F.,.F.,(6,6),(0.,6.823475582118E-02),
  .PIECEWISE_BEZIER_KNOTS.);
#1599 = CARTESIAN_POINT('',(0.,34.19512195122));
#1600 = CARTESIAN_POINT('',(1.364695116424E-02,34.19512195122));
#1601 = CARTESIAN_POINT('',(2.729390232847E-02,34.187252206304));
#1602 = CARTESIAN_POINT('',(4.094085349271E-02,34.17151271579));
#1603 = CARTESIAN_POINT('',(5.458780465694E-02,34.147909588947));
#1604 = CARTESIAN_POINT('',(6.823475582118E-02,34.116455030776));
#1605 = ( GEOMETRIC_REPRESENTATION_CONTEXT(2) 
PARAMETRIC_REPRESENTATION_CONTEXT() REPRESENTATION_CONTEXT('2D SPACE',''
  ) );
#1606 = PCURVE('',#1135,#1607);
#1607 = DEFINITIONAL_REPRESENTATION('',(#1608),#1612);
#1608 = ELLIPSE('',#1609,52.066589862338,39.6);
#1609 = AXIS2_PLACEMENT_2D('',#1610,#1611);
#1610 = CARTESIAN_POINT('',(147.25904203489,-2.25));
#1611 = DIRECTION('',(-1.,0.));
#1612 = ( GEOMETRIC_REPRESENTATION_CONTEXT(2) 
PARAMETRIC_REPRESENTATION_CONTEXT() REPRESENTATION_CONTEXT('2D SPACE',''
  ) );
#1613 = ORIENTED_EDGE('',*,*,#1614,.F.);
#1614 = EDGE_CURVE('',#1615,#1588,#1617,.T.);
#1615 = VERTEX_POINT('',#1616);
#1616 = CARTESIAN_POINT('',(39.6,-9.699202649247E-15,224.));
#1617 = SEAM_CURVE('',#1618,(#1622,#1629),.PCURVE_S1.);
#1618 = LINE('',#1619,#1620);
#1619 = CARTESIAN_POINT('',(39.6,-9.699202649247E-15,224.));
#1620 = VECTOR('',#1621,1.);
#1621 = DIRECTION('',(0.,0.,1.));
#1622 = PCURVE('',#368,#1623);
#1623 = DEFINITIONAL_REPRESENTATION('',(#1624),#1628);
#1624 = LINE('',#1625,#1626);
#1625 = CARTESIAN_POINT('',(6.28318530718,-0.));
#1626 = VECTOR('',#1627,1.);
#1627 = DIRECTION('',(0.,1.));
#1628 = ( GEOMETRIC_REPRESENTATION_CONTEXT(2) 
PARAMETRIC_REPRESENTATION_CONTEXT() REPRESENTATION_CONTEXT('2D SPACE',''
  ) );
#1629 = PCURVE('',#368,#1630);
#1630 = DEFINITIONAL_REPRESENTATION('',(#1631),#1635);
#1631 = LINE('',#1632,#1633);
#1632 = CARTESIAN_POINT('',(0.,-0.));
#1633 = VECTOR('',#1634,1.);
#1634 = DIRECTION('',(0.,1.));
#1635 = ( GEOMETRIC_REPRESENTATION_CONTEXT(2) 
PARAMETRIC_REPRESENTATION_CONTEXT() REPRESENTATION_CONTEXT('2D SPACE',''
  ) );
#1636 = ORIENTED_EDGE('',*,*,#1637,.T.);
#1637 = EDGE_CURVE('',#1615,#1615,#1638,.T.);
#1638 = SURFACE_CURVE('',#1639,(#1644,#1651),.PCURVE_S1.);
#1639 = CIRCLE('',#1640,39.6);
#1640 = AXIS2_PLACEMENT_3D('',#1641,#1642,#1643);
#1641 = CARTESIAN_POINT('',(0.,0.,224.));
#1642 = DIRECTION('',(0.,0.,1.));
#1643 = DIRECTION('',(1.,0.,-0.));
#1644 = PCURVE('',#368,#1645);
#1645 = DEFINITIONAL_REPRESENTATION('',(#1646),#1650);
#1646 = LINE('',#1647,#1648);
#1647 = CARTESIAN_POINT('',(0.,0.));
#1648 = VECTOR('',#1649,1.);
#1649 = DIRECTION('',(1.,0.));
#1650 = ( GEOMETRIC_REPRESENTATION_CONTEXT(2) 
PARAMETRIC_REPRESENTATION_CONTEXT() REPRESENTATION_CONTEXT('2D SPACE',''
  ) );
#1651 = PCURVE('',#670,#1652);
#1652 = DEFINITIONAL_REPRESENTATION('',(#1653),#1657);
#1653 = CIRCLE('',#1654,39.6);
#1654 = AXIS2_PLACEMENT_2D('',#1655,#1656);
#1655 = CARTESIAN_POINT('',(0.,0.));
#1656 = DIRECTION('',(1.,0.));
#1657 = ( GEOMETRIC_REPRESENTATION_CONTEXT(2) 
PARAMETRIC_REPRESENTATION_CONTEXT() REPRESENTATION_CONTEXT('2D SPACE',''
  ) );
#1658 = ORIENTED_EDGE('',*,*,#1614,.T.);
#1659 = ORIENTED_EDGE('',*,*,#1660,.F.);
#1660 = EDGE_CURVE('',#1661,#1588,#1663,.T.);
#1661 = VERTEX_POINT('',#1662);
#1662 = CARTESIAN_POINT('',(39.536027873321,-2.25,258.14051159917));
#1663 = SURFACE_CURVE('',#1664,(#1669,#1679),.PCURVE_S1.);
#1664 = ELLIPSE('',#1665,52.066589862338,39.6);
#1665 = AXIS2_PLACEMENT_3D('',#1666,#1667,#1668);
#1666 = CARTESIAN_POINT('',(0.,0.,224.39024390243));
#1667 = DIRECTION('',(-0.649262379928,0.,0.760564502202));
#1668 = DIRECTION('',(0.760564502202,0.,0.649262379928));
#1669 = PCURVE('',#368,#1670);
#1670 = DEFINITIONAL_REPRESENTATION('',(#1671),#1678);
#1671 = B_SPLINE_CURVE_WITH_KNOTS('',5,(#1672,#1673,#1674,#1675,#1676,
    #1677),.UNSPECIFIED.,.F.,.F.,(6,6),(6.214950551358,6.28318530718),
  .PIECEWISE_BEZIER_KNOTS.);
#1672 = CARTESIAN_POINT('',(6.214950551358,34.116455030776));
#1673 = CARTESIAN_POINT('',(6.228597502523,34.147909588947));
#1674 = CARTESIAN_POINT('',(6.242244453687,34.17151271579));
#1675 = CARTESIAN_POINT('',(6.255891404851,34.187252206304));
#1676 = CARTESIAN_POINT('',(6.269538356015,34.19512195122));
#1677 = CARTESIAN_POINT('',(6.28318530718,34.19512195122));
#1678 = ( GEOMETRIC_REPRESENTATION_CONTEXT(2) 
PARAMETRIC_REPRESENTATION_CONTEXT() REPRESENTATION_CONTEXT('2D SPACE',''
  ) );
#1679 = PCURVE('',#1135,#1680);
#1680 = DEFINITIONAL_REPRESENTATION('',(#1681),#1685);
#1681 = ELLIPSE('',#1682,52.066589862338,39.6);
#1682 = AXIS2_PLACEMENT_2D('',#1683,#1684);
#1683 = CARTESIAN_POINT('',(147.25904203489,-2.25));
#1684 = DIRECTION('',(-1.,0.));
#1685 = ( GEOMETRIC_REPRESENTATION_CONTEXT(2) 
PARAMETRIC_REPRESENTATION_CONTEXT() REPRESENTATION_CONTEXT('2D SPACE',''
  ) );
#1686 = ORIENTED_EDGE('',*,*,#1687,.T.);
#1687 = EDGE_CURVE('',#1661,#1688,#1690,.T.);
#1688 = VERTEX_POINT('',#1689);
#1689 = CARTESIAN_POINT('',(39.536027873321,-2.25,264.));
#1690 = SURFACE_CURVE('',#1691,(#1695,#1701),.PCURVE_S1.);
#1691 = LINE('',#1692,#1693);
#1692 = CARTESIAN_POINT('',(39.536027873321,-2.25,224.));
#1693 = VECTOR('',#1694,1.);
#1694 = DIRECTION('',(0.,0.,1.));
#1695 = PCURVE('',#368,#1696);
#1696 = DEFINITIONAL_REPRESENTATION('',(#1697),#1700);
#1697 = B_SPLINE_CURVE_WITH_KNOTS('',1,(#1698,#1699),.UNSPECIFIED.,.F.,
  .F.,(2,2),(13.5,40.0000006),.PIECEWISE_BEZIER_KNOTS.);
#1698 = CARTESIAN_POINT('',(6.226336509787,13.5));
#1699 = CARTESIAN_POINT('',(6.226336509787,40.0000006));
#1700 = ( GEOMETRIC_REPRESENTATION_CONTEXT(2) 
PARAMETRIC_REPRESENTATION_CONTEXT() REPRESENTATION_CONTEXT('2D SPACE',''
  ) );
#1701 = PCURVE('',#725,#1702);
#1702 = DEFINITIONAL_REPRESENTATION('',(#1703),#1706);
#1703 = B_SPLINE_CURVE_WITH_KNOTS('',1,(#1704,#1705),.UNSPECIFIED.,.F.,
  .F.,(2,2),(13.5,40.0000006),.PIECEWISE_BEZIER_KNOTS.);
#1704 = CARTESIAN_POINT('',(-84.83441045465,-24.16194114717));
#1705 = CARTESIAN_POINT('',(-58.33440985465,-24.16194114717));
#1706 = ( GEOMETRIC_REPRESENTATION_CONTEXT(2) 
PARAMETRIC_REPRESENTATION_CONTEXT() REPRESENTATION_CONTEXT('2D SPACE',''
  ) );
#1707 = ORIENTED_EDGE('',*,*,#1708,.F.);
#1708 = EDGE_CURVE('',#475,#1688,#1709,.T.);
#1709 = SURFACE_CURVE('',#1710,(#1715,#1722),.PCURVE_S1.);
#1710 = CIRCLE('',#1711,39.6);
#1711 = AXIS2_PLACEMENT_3D('',#1712,#1713,#1714);
#1712 = CARTESIAN_POINT('',(0.,0.,264.));
#1713 = DIRECTION('',(0.,0.,1.));
#1714 = DIRECTION('',(1.,0.,-0.));
#1715 = PCURVE('',#368,#1716);
#1716 = DEFINITIONAL_REPRESENTATION('',(#1717),#1721);
#1717 = LINE('',#1718,#1719);
#1718 = CARTESIAN_POINT('',(0.,40.));
#1719 = VECTOR('',#1720,1.);
#1720 = DIRECTION('',(1.,0.));
#1721 = ( GEOMETRIC_REPRESENTATION_CONTEXT(2) 
PARAMETRIC_REPRESENTATION_CONTEXT() REPRESENTATION_CONTEXT('2D SPACE',''
  ) );
#1722 = PCURVE('',#510,#1723);
#1723 = DEFINITIONAL_REPRESENTATION('',(#1724),#1728);
#1724 = CIRCLE('',#1725,39.6);
#1725 = AXIS2_PLACEMENT_2D('',#1726,#1727);
#1726 = CARTESIAN_POINT('',(0.,0.));
#1727 = DIRECTION('',(1.,0.));
#1728 = ( GEOMETRIC_REPRESENTATION_CONTEXT(2) 
PARAMETRIC_REPRESENTATION_CONTEXT() REPRESENTATION_CONTEXT('2D SPACE',''
  ) );
#1729 = ORIENTED_EDGE('',*,*,#474,.F.);
#1730 = ORIENTED_EDGE('',*,*,#1731,.F.);
#1731 = EDGE_CURVE('',#326,#452,#1732,.T.);
#1732 = SURFACE_CURVE('',#1733,(#1738,#1748),.PCURVE_S1.);
#1733 = ELLIPSE('',#1734,52.066589862338,39.6);
#1734 = AXIS2_PLACEMENT_3D('',#1735,#1736,#1737);
#1735 = CARTESIAN_POINT('',(0.,0.,224.39024390243));
#1736 = DIRECTION('',(1.441652086439E-16,0.649262379928,0.760564502202)
  );
#1737 = DIRECTION('',(-1.688792444114E-16,-0.760564502202,0.649262379928
    ));
#1738 = PCURVE('',#368,#1739);
#1739 = DEFINITIONAL_REPRESENTATION('',(#1740),#1747);
#1740 = B_SPLINE_CURVE_WITH_KNOTS('',5,(#1741,#1742,#1743,#1744,#1745,
    #1746),.UNSPECIFIED.,.F.,.F.,(6,6),(6.214950551358,6.351420063001),
  .PIECEWISE_BEZIER_KNOTS.);
#1741 = CARTESIAN_POINT('',(4.644154224564,34.116455030776));
#1742 = CARTESIAN_POINT('',(4.671448126892,34.179364147119));
#1743 = CARTESIAN_POINT('',(4.69874202922,34.210867544372));
#1744 = CARTESIAN_POINT('',(4.726035931549,34.210867544372));
#1745 = CARTESIAN_POINT('',(4.753329833877,34.179364147119));
#1746 = CARTESIAN_POINT('',(4.780623736206,34.116455030776));
#1747 = ( GEOMETRIC_REPRESENTATION_CONTEXT(2) 
PARAMETRIC_REPRESENTATION_CONTEXT() REPRESENTATION_CONTEXT('2D SPACE',''
  ) );
#1748 = PCURVE('',#341,#1749);
#1749 = DEFINITIONAL_REPRESENTATION('',(#1750),#1754);
#1750 = ELLIPSE('',#1751,52.066589862338,39.6);
#1751 = AXIS2_PLACEMENT_2D('',#1752,#1753);
#1752 = CARTESIAN_POINT('',(147.25904203489,-2.25));
#1753 = DIRECTION('',(-1.,0.));
#1754 = ( GEOMETRIC_REPRESENTATION_CONTEXT(2) 
PARAMETRIC_REPRESENTATION_CONTEXT() REPRESENTATION_CONTEXT('2D SPACE',''
  ) );
#1755 = ORIENTED_EDGE('',*,*,#353,.T.);
#1756 = ORIENTED_EDGE('',*,*,#1513,.F.);
#1757 = ORIENTED_EDGE('',*,*,#1758,.F.);
#1758 = EDGE_CURVE('',#1759,#1493,#1761,.T.);
#1759 = VERTEX_POINT('',#1760);
#1760 = CARTESIAN_POINT('',(-39.53602787332,-2.25,258.14051159917));
#1761 = SURFACE_CURVE('',#1762,(#1766,#1772),.PCURVE_S1.);
#1762 = LINE('',#1763,#1764);
#1763 = CARTESIAN_POINT('',(-39.53602787332,-2.25,224.));
#1764 = VECTOR('',#1765,1.);
#1765 = DIRECTION('',(0.,0.,1.));
#1766 = PCURVE('',#368,#1767);
#1767 = DEFINITIONAL_REPRESENTATION('',(#1768),#1771);
#1768 = B_SPLINE_CURVE_WITH_KNOTS('',1,(#1769,#1770),.UNSPECIFIED.,.F.,
  .F.,(2,2),(13.5,40.0000006),.PIECEWISE_BEZIER_KNOTS.);
#1769 = CARTESIAN_POINT('',(3.198441450983,13.5));
#1770 = CARTESIAN_POINT('',(3.198441450983,40.0000006));
#1771 = ( GEOMETRIC_REPRESENTATION_CONTEXT(2) 
PARAMETRIC_REPRESENTATION_CONTEXT() REPRESENTATION_CONTEXT('2D SPACE',''
  ) );
#1772 = PCURVE('',#800,#1773);
#1773 = DEFINITIONAL_REPRESENTATION('',(#1774),#1777);
#1774 = B_SPLINE_CURVE_WITH_KNOTS('',1,(#1775,#1776),.UNSPECIFIED.,.F.,
  .F.,(2,2),(13.5,40.0000006),.PIECEWISE_BEZIER_KNOTS.);
#1775 = CARTESIAN_POINT('',(-84.83441045465,-24.16194114717));
#1776 = CARTESIAN_POINT('',(-58.33440985465,-24.16194114717));
#1777 = ( GEOMETRIC_REPRESENTATION_CONTEXT(2) 
PARAMETRIC_REPRESENTATION_CONTEXT() REPRESENTATION_CONTEXT('2D SPACE',''
  ) );
#1778 = ORIENTED_EDGE('',*,*,#1779,.F.);
#1779 = EDGE_CURVE('',#1780,#1759,#1782,.T.);
#1780 = VERTEX_POINT('',#1781);
#1781 = CARTESIAN_POINT('',(-39.53602787332,2.25,258.14051159917));
#1782 = SURFACE_CURVE('',#1783,(#1788,#1798),.PCURVE_S1.);
#1783 = ELLIPSE('',#1784,52.066589862338,39.6);
#1784 = AXIS2_PLACEMENT_3D('',#1785,#1786,#1787);
#1785 = CARTESIAN_POINT('',(0.,0.,224.39024390243));
#1786 = DIRECTION('',(0.649262379928,-7.951170953862E-17,0.760564502202)
  );
#1787 = DIRECTION('',(-0.760564502202,9.314228831667E-17,0.649262379928)
  );
#1788 = PCURVE('',#368,#1789);
#1789 = DEFINITIONAL_REPRESENTATION('',(#1790),#1797);
#1790 = B_SPLINE_CURVE_WITH_KNOTS('',5,(#1791,#1792,#1793,#1794,#1795,
    #1796),.UNSPECIFIED.,.F.,.F.,(6,6),(6.214950551358,6.351420063001),
  .PIECEWISE_BEZIER_KNOTS.);
#1791 = CARTESIAN_POINT('',(3.073357897769,34.116455030776));
#1792 = CARTESIAN_POINT('',(3.100651800097,34.179364147119));
#1793 = CARTESIAN_POINT('',(3.127945702426,34.210867544372));
#1794 = CARTESIAN_POINT('',(3.155239604754,34.210867544372));
#1795 = CARTESIAN_POINT('',(3.182533507083,34.179364147119));
#1796 = CARTESIAN_POINT('',(3.209827409411,34.116455030776));
#1797 = ( GEOMETRIC_REPRESENTATION_CONTEXT(2) 
PARAMETRIC_REPRESENTATION_CONTEXT() REPRESENTATION_CONTEXT('2D SPACE',''
  ) );
#1798 = PCURVE('',#1428,#1799);
#1799 = DEFINITIONAL_REPRESENTATION('',(#1800),#1804);
#1800 = ELLIPSE('',#1801,52.066589862338,39.6);
#1801 = AXIS2_PLACEMENT_2D('',#1802,#1803);
#1802 = CARTESIAN_POINT('',(147.25904203489,-2.25));
#1803 = DIRECTION('',(-1.,5.47881547025E-33));
#1804 = ( GEOMETRIC_REPRESENTATION_CONTEXT(2) 
PARAMETRIC_REPRESENTATION_CONTEXT() REPRESENTATION_CONTEXT('2D SPACE',''
  ) );
#1805 = ORIENTED_EDGE('',*,*,#1806,.T.);
#1806 = EDGE_CURVE('',#1780,#1807,#1809,.T.);
#1807 = VERTEX_POINT('',#1808);
#1808 = CARTESIAN_POINT('',(-39.53602787332,2.25,264.));
#1809 = SURFACE_CURVE('',#1810,(#1814,#1820),.PCURVE_S1.);
#1810 = LINE('',#1811,#1812);
#1811 = CARTESIAN_POINT('',(-39.53602787332,2.25,224.));
#1812 = VECTOR('',#1813,1.);
#1813 = DIRECTION('',(0.,0.,1.));
#1814 = PCURVE('',#368,#1815);
#1815 = DEFINITIONAL_REPRESENTATION('',(#1816),#1819);
#1816 = B_SPLINE_CURVE_WITH_KNOTS('',1,(#1817,#1818),.UNSPECIFIED.,.F.,
  .F.,(2,2),(13.5,40.0000006),.PIECEWISE_BEZIER_KNOTS.);
#1817 = CARTESIAN_POINT('',(3.084743856197,13.5));
#1818 = CARTESIAN_POINT('',(3.084743856197,40.0000006));
#1819 = ( GEOMETRIC_REPRESENTATION_CONTEXT(2) 
PARAMETRIC_REPRESENTATION_CONTEXT() REPRESENTATION_CONTEXT('2D SPACE',''
  ) );
#1820 = PCURVE('',#858,#1821);
#1821 = DEFINITIONAL_REPRESENTATION('',(#1822),#1825);
#1822 = B_SPLINE_CURVE_WITH_KNOTS('',1,(#1823,#1824),.UNSPECIFIED.,.F.,
  .F.,(2,2),(13.5,40.0000006),.PIECEWISE_BEZIER_KNOTS.);
#1823 = CARTESIAN_POINT('',(-84.83441045465,-24.16194114717));
#1824 = CARTESIAN_POINT('',(-58.33440985465,-24.16194114717));
#1825 = ( GEOMETRIC_REPRESENTATION_CONTEXT(2) 
PARAMETRIC_REPRESENTATION_CONTEXT() REPRESENTATION_CONTEXT('2D SPACE',''
  ) );
#1826 = ORIENTED_EDGE('',*,*,#1827,.F.);
#1827 = EDGE_CURVE('',#1828,#1807,#1830,.T.);
#1828 = VERTEX_POINT('',#1829);
#1829 = CARTESIAN_POINT('',(-2.25,39.536027873321,264.));
#1830 = SURFACE_CURVE('',#1831,(#1836,#1843),.PCURVE_S1.);
#1831 = CIRCLE('',#1832,39.6);
#1832 = AXIS2_PLACEMENT_3D('',#1833,#1834,#1835);
#1833 = CARTESIAN_POINT('',(0.,0.,264.));
#1834 = DIRECTION('',(0.,0.,1.));
#1835 = DIRECTION('',(1.,0.,-0.));
#1836 = PCURVE('',#368,#1837);
#1837 = DEFINITIONAL_REPRESENTATION('',(#1838),#1842);
#1838 = LINE('',#1839,#1840);
#1839 = CARTESIAN_POINT('',(0.,40.));
#1840 = VECTOR('',#1841,1.);
#1841 = DIRECTION('',(1.,0.));
#1842 = ( GEOMETRIC_REPRESENTATION_CONTEXT(2) 
PARAMETRIC_REPRESENTATION_CONTEXT() REPRESENTATION_CONTEXT('2D SPACE',''
  ) );
#1843 = PCURVE('',#886,#1844);
#1844 = DEFINITIONAL_REPRESENTATION('',(#1845),#1849);
#1845 = CIRCLE('',#1846,39.6);
#1846 = AXIS2_PLACEMENT_2D('',#1847,#1848);
#1847 = CARTESIAN_POINT('',(0.,0.));
#1848 = DIRECTION('',(1.,0.));
#1849 = ( GEOMETRIC_REPRESENTATION_CONTEXT(2) 
PARAMETRIC_REPRESENTATION_CONTEXT() REPRESENTATION_CONTEXT('2D SPACE',''
  ) );
#1850 = ORIENTED_EDGE('',*,*,#1851,.F.);
#1851 = EDGE_CURVE('',#1852,#1828,#1854,.T.);
#1852 = VERTEX_POINT('',#1853);
#1853 = CARTESIAN_POINT('',(-2.25,39.536027873321,258.14051159917));
#1854 = SURFACE_CURVE('',#1855,(#1859,#1865),.PCURVE_S1.);
#1855 = LINE('',#1856,#1857);
#1856 = CARTESIAN_POINT('',(-2.25,39.536027873321,224.));
#1857 = VECTOR('',#1858,1.);
#1858 = DIRECTION('',(0.,0.,1.));
#1859 = PCURVE('',#368,#1860);
#1860 = DEFINITIONAL_REPRESENTATION('',(#1861),#1864);
#1861 = B_SPLINE_CURVE_WITH_KNOTS('',1,(#1862,#1863),.UNSPECIFIED.,.F.,
  .F.,(2,2),(13.5,40.0000006),.PIECEWISE_BEZIER_KNOTS.);
#1862 = CARTESIAN_POINT('',(1.627645124188,13.5));
#1863 = CARTESIAN_POINT('',(1.627645124188,40.0000006));
#1864 = ( GEOMETRIC_REPRESENTATION_CONTEXT(2) 
PARAMETRIC_REPRESENTATION_CONTEXT() REPRESENTATION_CONTEXT('2D SPACE',''
  ) );
#1865 = PCURVE('',#913,#1866);
#1866 = DEFINITIONAL_REPRESENTATION('',(#1867),#1870);
#1867 = B_SPLINE_CURVE_WITH_KNOTS('',1,(#1868,#1869),.UNSPECIFIED.,.F.,
  .F.,(2,2),(13.5,40.0000006),.PIECEWISE_BEZIER_KNOTS.);
#1868 = CARTESIAN_POINT('',(-84.83441045465,-24.16194114717));
#1869 = CARTESIAN_POINT('',(-58.33440985465,-24.16194114717));
#1870 = ( GEOMETRIC_REPRESENTATION_CONTEXT(2) 
PARAMETRIC_REPRESENTATION_CONTEXT() REPRESENTATION_CONTEXT('2D SPACE',''
  ) );
#1871 = ORIENTED_EDGE('',*,*,#1872,.F.);
#1872 = EDGE_CURVE('',#1873,#1852,#1875,.T.);
#1873 = VERTEX_POINT('',#1874);
#1874 = CARTESIAN_POINT('',(2.25,39.536027873321,258.14051159917));
#1875 = SURFACE_CURVE('',#1876,(#1881,#1891),.PCURVE_S1.);
#1876 = ELLIPSE('',#1877,52.066589862338,39.6);
#1877 = AXIS2_PLACEMENT_3D('',#1878,#1879,#1880);
#1878 = CARTESIAN_POINT('',(0.,0.,224.39024390243));
#1879 = DIRECTION('',(-7.208260432195E-17,-0.649262379928,0.760564502202
    ));
#1880 = DIRECTION('',(8.443962220571E-17,0.760564502202,0.649262379928)
  );
#1881 = PCURVE('',#368,#1882);
#1882 = DEFINITIONAL_REPRESENTATION('',(#1883),#1890);
#1883 = B_SPLINE_CURVE_WITH_KNOTS('',5,(#1884,#1885,#1886,#1887,#1888,
    #1889),.UNSPECIFIED.,.F.,.F.,(6,6),(6.214950551358,6.351420063001),
  .PIECEWISE_BEZIER_KNOTS.);
#1884 = CARTESIAN_POINT('',(1.502561570974,34.116455030776));
#1885 = CARTESIAN_POINT('',(1.529855473302,34.179364147119));
#1886 = CARTESIAN_POINT('',(1.557149375631,34.210867544372));
#1887 = CARTESIAN_POINT('',(1.584443277959,34.210867544372));
#1888 = CARTESIAN_POINT('',(1.611737180288,34.179364147119));
#1889 = CARTESIAN_POINT('',(1.639031082616,34.116455030776));
#1890 = ( GEOMETRIC_REPRESENTATION_CONTEXT(2) 
PARAMETRIC_REPRESENTATION_CONTEXT() REPRESENTATION_CONTEXT('2D SPACE',''
  ) );
#1891 = PCURVE('',#1320,#1892);
#1892 = DEFINITIONAL_REPRESENTATION('',(#1893),#1897);
#1893 = ELLIPSE('',#1894,52.066589862338,39.6);
#1894 = AXIS2_PLACEMENT_2D('',#1895,#1896);
#1895 = CARTESIAN_POINT('',(147.25904203489,-2.25));
#1896 = DIRECTION('',(-1.,0.));
#1897 = ( GEOMETRIC_REPRESENTATION_CONTEXT(2) 
PARAMETRIC_REPRESENTATION_CONTEXT() REPRESENTATION_CONTEXT('2D SPACE',''
  ) );
#1898 = ORIENTED_EDGE('',*,*,#1899,.T.);
#1899 = EDGE_CURVE('',#1873,#1543,#1900,.T.);
#1900 = SURFACE_CURVE('',#1901,(#1905,#1911),.PCURVE_S1.);
#1901 = LINE('',#1902,#1903);
#1902 = CARTESIAN_POINT('',(2.25,39.536027873321,224.));
#1903 = VECTOR('',#1904,1.);
#1904 = DIRECTION('',(0.,0.,1.));
#1905 = PCURVE('',#368,#1906);
#1906 = DEFINITIONAL_REPRESENTATION('',(#1907),#1910);
#1907 = B_SPLINE_CURVE_WITH_KNOTS('',1,(#1908,#1909),.UNSPECIFIED.,.F.,
  .F.,(2,2),(13.5,40.0000006),.PIECEWISE_BEZIER_KNOTS.);
#1908 = CARTESIAN_POINT('',(1.513947529402,13.5));
#1909 = CARTESIAN_POINT('',(1.513947529402,40.0000006));
#1910 = ( GEOMETRIC_REPRESENTATION_CONTEXT(2) 
PARAMETRIC_REPRESENTATION_CONTEXT() REPRESENTATION_CONTEXT('2D SPACE',''
  ) );
#1911 = PCURVE('',#969,#1912);
#1912 = DEFINITIONAL_REPRESENTATION('',(#1913),#1916);
#1913 = B_SPLINE_CURVE_WITH_KNOTS('',1,(#1914,#1915),.UNSPECIFIED.,.F.,
  .F.,(2,2),(13.5,40.0000006),.PIECEWISE_BEZIER_KNOTS.);
#1914 = CARTESIAN_POINT('',(-84.83441045465,-24.16194114717));
#1915 = CARTESIAN_POINT('',(-58.33440985465,-24.16194114717));
#1916 = ( GEOMETRIC_REPRESENTATION_CONTEXT(2) 
PARAMETRIC_REPRESENTATION_CONTEXT() REPRESENTATION_CONTEXT('2D SPACE',''
  ) );
#1917 = ADVANCED_FACE('',(#1918),#341,.F.);
#1918 = FACE_BOUND('',#1919,.F.);
#1919 = EDGE_LOOP('',(#1920,#1921,#1922,#1923));
#1920 = ORIENTED_EDGE('',*,*,#325,.F.);
#1921 = ORIENTED_EDGE('',*,*,#1463,.T.);
#1922 = ORIENTED_EDGE('',*,*,#451,.T.);
#1923 = ORIENTED_EDGE('',*,*,#1731,.F.);
#1924 = ADVANCED_FACE('',(#1925),#510,.T.);
#1925 = FACE_BOUND('',#1926,.T.);
#1926 = EDGE_LOOP('',(#1927,#1928,#1929,#1948));
#1927 = ORIENTED_EDGE('',*,*,#495,.F.);
#1928 = ORIENTED_EDGE('',*,*,#1708,.T.);
#1929 = ORIENTED_EDGE('',*,*,#1930,.T.);
#1930 = EDGE_CURVE('',#1688,#711,#1931,.T.);
#1931 = SURFACE_CURVE('',#1932,(#1936,#1942),.PCURVE_S1.);
#1932 = LINE('',#1933,#1934);
#1933 = CARTESIAN_POINT('',(31.848984510249,-2.25,264.));
#1934 = VECTOR('',#1935,1.);
#1935 = DIRECTION('',(-1.,0.,0.));
#1936 = PCURVE('',#510,#1937);
#1937 = DEFINITIONAL_REPRESENTATION('',(#1938),#1941);
#1938 = B_SPLINE_CURVE_WITH_KNOTS('',1,(#1939,#1940),.UNSPECIFIED.,.F.,
  .F.,(2,2),(-7.751015489751,1.848984510249),.PIECEWISE_BEZIER_KNOTS.);
#1939 = CARTESIAN_POINT('',(39.6,-2.25));
#1940 = CARTESIAN_POINT('',(30.,-2.25));
#1941 = ( GEOMETRIC_REPRESENTATION_CONTEXT(2) 
PARAMETRIC_REPRESENTATION_CONTEXT() REPRESENTATION_CONTEXT('2D SPACE',''
  ) );
#1942 = PCURVE('',#725,#1943);
#1943 = DEFINITIONAL_REPRESENTATION('',(#1944),#1947);
#1944 = B_SPLINE_CURVE_WITH_KNOTS('',1,(#1945,#1946),.UNSPECIFIED.,.F.,
  .F.,(2,2),(-7.751015489751,1.848984510249),.PIECEWISE_BEZIER_KNOTS.);
#1945 = CARTESIAN_POINT('',(-58.33441045465,-24.09796902049));
#1946 = CARTESIAN_POINT('',(-58.33441045465,-33.69796902049));
#1947 = ( GEOMETRIC_REPRESENTATION_CONTEXT(2) 
PARAMETRIC_REPRESENTATION_CONTEXT() REPRESENTATION_CONTEXT('2D SPACE',''
  ) );
#1948 = ORIENTED_EDGE('',*,*,#736,.F.);
#1949 = ADVANCED_FACE('',(#1950),#562,.T.);
#1950 = FACE_BOUND('',#1951,.T.);
#1951 = EDGE_LOOP('',(#1952,#1971,#1972,#1991));
#1952 = ORIENTED_EDGE('',*,*,#1953,.F.);
#1953 = EDGE_CURVE('',#1541,#544,#1954,.T.);
#1954 = SURFACE_CURVE('',#1955,(#1959,#1965),.PCURVE_S1.);
#1955 = LINE('',#1956,#1957);
#1956 = CARTESIAN_POINT('',(31.848984510249,2.25,264.));
#1957 = VECTOR('',#1958,1.);
#1958 = DIRECTION('',(-1.,0.,0.));
#1959 = PCURVE('',#562,#1960);
#1960 = DEFINITIONAL_REPRESENTATION('',(#1961),#1964);
#1961 = B_SPLINE_CURVE_WITH_KNOTS('',1,(#1962,#1963),.UNSPECIFIED.,.F.,
  .F.,(2,2),(-7.751015489751,1.848984510249),.PIECEWISE_BEZIER_KNOTS.);
#1962 = CARTESIAN_POINT('',(39.6,2.25));
#1963 = CARTESIAN_POINT('',(30.,2.25));
#1964 = ( GEOMETRIC_REPRESENTATION_CONTEXT(2) 
PARAMETRIC_REPRESENTATION_CONTEXT() REPRESENTATION_CONTEXT('2D SPACE',''
  ) );
#1965 = PCURVE('',#589,#1966);
#1966 = DEFINITIONAL_REPRESENTATION('',(#1967),#1970);
#1967 = B_SPLINE_CURVE_WITH_KNOTS('',1,(#1968,#1969),.UNSPECIFIED.,.F.,
  .F.,(2,2),(-7.751015489751,1.848984510249),.PIECEWISE_BEZIER_KNOTS.);
#1968 = CARTESIAN_POINT('',(-58.33441045465,-24.09796902049));
#1969 = CARTESIAN_POINT('',(-58.33441045465,-33.69796902049));
#1970 = ( GEOMETRIC_REPRESENTATION_CONTEXT(2) 
PARAMETRIC_REPRESENTATION_CONTEXT() REPRESENTATION_CONTEXT('2D SPACE',''
  ) );
#1971 = ORIENTED_EDGE('',*,*,#1540,.T.);
#1972 = ORIENTED_EDGE('',*,*,#1973,.T.);
#1973 = EDGE_CURVE('',#1543,#546,#1974,.T.);
#1974 = SURFACE_CURVE('',#1975,(#1979,#1985),.PCURVE_S1.);
#1975 = LINE('',#1976,#1977);
#1976 = CARTESIAN_POINT('',(2.25,31.848984510249,264.));
#1977 = VECTOR('',#1978,1.);
#1978 = DIRECTION('',(-1.110223024625E-16,-1.,0.));
#1979 = PCURVE('',#562,#1980);
#1980 = DEFINITIONAL_REPRESENTATION('',(#1981),#1984);
#1981 = B_SPLINE_CURVE_WITH_KNOTS('',1,(#1982,#1983),.UNSPECIFIED.,.F.,
  .F.,(2,2),(-7.751015489751,1.848984510249),.PIECEWISE_BEZIER_KNOTS.);
#1982 = CARTESIAN_POINT('',(2.25,39.6));
#1983 = CARTESIAN_POINT('',(2.25,30.));
#1984 = ( GEOMETRIC_REPRESENTATION_CONTEXT(2) 
PARAMETRIC_REPRESENTATION_CONTEXT() REPRESENTATION_CONTEXT('2D SPACE',''
  ) );
#1985 = PCURVE('',#969,#1986);
#1986 = DEFINITIONAL_REPRESENTATION('',(#1987),#1990);
#1987 = B_SPLINE_CURVE_WITH_KNOTS('',1,(#1988,#1989),.UNSPECIFIED.,.F.,
  .F.,(2,2),(-7.751015489751,1.848984510249),.PIECEWISE_BEZIER_KNOTS.);
#1988 = CARTESIAN_POINT('',(-58.33441045465,-24.09796902049));
#1989 = CARTESIAN_POINT('',(-58.33441045465,-33.69796902049));
#1990 = ( GEOMETRIC_REPRESENTATION_CONTEXT(2) 
PARAMETRIC_REPRESENTATION_CONTEXT() REPRESENTATION_CONTEXT('2D SPACE',''
  ) );
#1991 = ORIENTED_EDGE('',*,*,#543,.F.);
#1992 = ADVANCED_FACE('',(#1993),#969,.F.);
#1993 = FACE_BOUND('',#1994,.F.);
#1994 = EDGE_LOOP('',(#1995,#2018,#2046,#2067,#2068,#2089,#2090,#2091));
#1995 = ORIENTED_EDGE('',*,*,#1996,.T.);
#1996 = EDGE_CURVE('',#925,#1997,#1999,.T.);
#1997 = VERTEX_POINT('',#1998);
#1998 = CARTESIAN_POINT('',(2.25,30.,250.));
#1999 = SURFACE_CURVE('',#2000,(#2004,#2011),.PCURVE_S1.);
#2000 = LINE('',#2001,#2002);
#2001 = CARTESIAN_POINT('',(2.25,112.,320.));
#2002 = VECTOR('',#2003,1.);
#2003 = DIRECTION('',(-8.443962220571E-17,-0.760564502202,
    -0.649262379928));
#2004 = PCURVE('',#969,#2005);
#2005 = DEFINITIONAL_REPRESENTATION('',(#2006),#2010);
#2006 = LINE('',#2007,#2008);
#2007 = CARTESIAN_POINT('',(-2.334410454654,48.302030979502));
#2008 = VECTOR('',#2009,1.);
#2009 = DIRECTION('',(-0.649262379928,-0.760564502202));
#2010 = ( GEOMETRIC_REPRESENTATION_CONTEXT(2) 
PARAMETRIC_REPRESENTATION_CONTEXT() REPRESENTATION_CONTEXT('2D SPACE',''
  ) );
#2011 = PCURVE('',#944,#2012);
#2012 = DEFINITIONAL_REPRESENTATION('',(#2013),#2017);
#2013 = LINE('',#2014,#2015);
#2014 = CARTESIAN_POINT('',(-0.,0.));
#2015 = VECTOR('',#2016,1.);
#2016 = DIRECTION('',(1.,0.));
#2017 = ( GEOMETRIC_REPRESENTATION_CONTEXT(2) 
PARAMETRIC_REPRESENTATION_CONTEXT() REPRESENTATION_CONTEXT('2D SPACE',''
  ) );
#2018 = ORIENTED_EDGE('',*,*,#2019,.T.);
#2019 = EDGE_CURVE('',#1997,#2020,#2022,.T.);
#2020 = VERTEX_POINT('',#2021);
#2021 = CARTESIAN_POINT('',(2.25,30.,370.));
#2022 = SURFACE_CURVE('',#2023,(#2027,#2034),.PCURVE_S1.);
#2023 = LINE('',#2024,#2025);
#2024 = CARTESIAN_POINT('',(2.25,30.,250.));
#2025 = VECTOR('',#2026,1.);
#2026 = DIRECTION('',(0.,0.,1.));
#2027 = PCURVE('',#969,#2028);
#2028 = DEFINITIONAL_REPRESENTATION('',(#2029),#2033);
#2029 = LINE('',#2030,#2031);
#2030 = CARTESIAN_POINT('',(-72.33441045465,-33.69796902049));
#2031 = VECTOR('',#2032,1.);
#2032 = DIRECTION('',(1.,0.));
#2033 = ( GEOMETRIC_REPRESENTATION_CONTEXT(2) 
PARAMETRIC_REPRESENTATION_CONTEXT() REPRESENTATION_CONTEXT('2D SPACE',''
  ) );
#2034 = PCURVE('',#2035,#2040);
#2035 = PLANE('',#2036);
#2036 = AXIS2_PLACEMENT_3D('',#2037,#2038,#2039);
#2037 = CARTESIAN_POINT('',(2.25,30.,250.));
#2038 = DIRECTION('',(1.110223024625E-16,1.,0.));
#2039 = DIRECTION('',(0.,0.,1.));
#2040 = DEFINITIONAL_REPRESENTATION('',(#2041),#2045);
#2041 = LINE('',#2042,#2043);
#2042 = CARTESIAN_POINT('',(0.,0.));
#2043 = VECTOR('',#2044,1.);
#2044 = DIRECTION('',(1.,0.));
#2045 = ( GEOMETRIC_REPRESENTATION_CONTEXT(2) 
PARAMETRIC_REPRESENTATION_CONTEXT() REPRESENTATION_CONTEXT('2D SPACE',''
  ) );
#2046 = ORIENTED_EDGE('',*,*,#2047,.T.);
#2047 = EDGE_CURVE('',#2020,#1248,#2048,.T.);
#2048 = SURFACE_CURVE('',#2049,(#2053,#2060),.PCURVE_S1.);
#2049 = LINE('',#2050,#2051);
#2050 = CARTESIAN_POINT('',(2.25,30.,370.));
#2051 = VECTOR('',#2052,1.);
#2052 = DIRECTION('',(1.108164843654E-16,0.998146155389,
    6.086257045056E-02));
#2053 = PCURVE('',#969,#2054);
#2054 = DEFINITIONAL_REPRESENTATION('',(#2055),#2059);
#2055 = LINE('',#2056,#2057);
#2056 = CARTESIAN_POINT('',(47.665589545346,-33.69796902049));
#2057 = VECTOR('',#2058,1.);
#2058 = DIRECTION('',(6.086257045056E-02,0.998146155389));
#2059 = ( GEOMETRIC_REPRESENTATION_CONTEXT(2) 
PARAMETRIC_REPRESENTATION_CONTEXT() REPRESENTATION_CONTEXT('2D SPACE',''
  ) );
#2060 = PCURVE('',#1267,#2061);
#2061 = DEFINITIONAL_REPRESENTATION('',(#2062),#2066);
#2062 = LINE('',#2063,#2064);
#2063 = CARTESIAN_POINT('',(0.,0.));
#2064 = VECTOR('',#2065,1.);
#2065 = DIRECTION('',(1.,0.));
#2066 = ( GEOMETRIC_REPRESENTATION_CONTEXT(2) 
PARAMETRIC_REPRESENTATION_CONTEXT() REPRESENTATION_CONTEXT('2D SPACE',''
  ) );
#2067 = ORIENTED_EDGE('',*,*,#1332,.F.);
#2068 = ORIENTED_EDGE('',*,*,#2069,.T.);
#2069 = EDGE_CURVE('',#1301,#1873,#2070,.T.);
#2070 = SURFACE_CURVE('',#2071,(#2075,#2082),.PCURVE_S1.);
#2071 = LINE('',#2072,#2073);
#2072 = CARTESIAN_POINT('',(2.25,112.,320.));
#2073 = VECTOR('',#2074,1.);
#2074 = DIRECTION('',(-8.443962220571E-17,-0.760564502202,
    -0.649262379928));
#2075 = PCURVE('',#969,#2076);
#2076 = DEFINITIONAL_REPRESENTATION('',(#2077),#2081);
#2077 = LINE('',#2078,#2079);
#2078 = CARTESIAN_POINT('',(-2.334410454654,48.302030979502));
#2079 = VECTOR('',#2080,1.);
#2080 = DIRECTION('',(-0.649262379928,-0.760564502202));
#2081 = ( GEOMETRIC_REPRESENTATION_CONTEXT(2) 
PARAMETRIC_REPRESENTATION_CONTEXT() REPRESENTATION_CONTEXT('2D SPACE',''
  ) );
#2082 = PCURVE('',#1320,#2083);
#2083 = DEFINITIONAL_REPRESENTATION('',(#2084),#2088);
#2084 = LINE('',#2085,#2086);
#2085 = CARTESIAN_POINT('',(-0.,0.));
#2086 = VECTOR('',#2087,1.);
#2087 = DIRECTION('',(1.,0.));
#2088 = ( GEOMETRIC_REPRESENTATION_CONTEXT(2) 
PARAMETRIC_REPRESENTATION_CONTEXT() REPRESENTATION_CONTEXT('2D SPACE',''
  ) );
#2089 = ORIENTED_EDGE('',*,*,#1899,.T.);
#2090 = ORIENTED_EDGE('',*,*,#1973,.T.);
#2091 = ORIENTED_EDGE('',*,*,#956,.F.);
#2092 = ADVANCED_FACE('',(#2093),#944,.F.);
#2093 = FACE_BOUND('',#2094,.F.);
#2094 = EDGE_LOOP('',(#2095,#2096,#2097,#2120));
#2095 = ORIENTED_EDGE('',*,*,#1996,.F.);
#2096 = ORIENTED_EDGE('',*,*,#924,.T.);
#2097 = ORIENTED_EDGE('',*,*,#2098,.T.);
#2098 = EDGE_CURVE('',#899,#2099,#2101,.T.);
#2099 = VERTEX_POINT('',#2100);
#2100 = CARTESIAN_POINT('',(-2.25,30.,250.));
#2101 = SURFACE_CURVE('',#2102,(#2106,#2113),.PCURVE_S1.);
#2102 = LINE('',#2103,#2104);
#2103 = CARTESIAN_POINT('',(-2.25,112.,320.));
#2104 = VECTOR('',#2105,1.);
#2105 = DIRECTION('',(-8.443962220571E-17,-0.760564502202,
    -0.649262379928));
#2106 = PCURVE('',#944,#2107);
#2107 = DEFINITIONAL_REPRESENTATION('',(#2108),#2112);
#2108 = LINE('',#2109,#2110);
#2109 = CARTESIAN_POINT('',(3.799782999257E-16,-4.5));
#2110 = VECTOR('',#2111,1.);
#2111 = DIRECTION('',(1.,0.));
#2112 = ( GEOMETRIC_REPRESENTATION_CONTEXT(2) 
PARAMETRIC_REPRESENTATION_CONTEXT() REPRESENTATION_CONTEXT('2D SPACE',''
  ) );
#2113 = PCURVE('',#913,#2114);
#2114 = DEFINITIONAL_REPRESENTATION('',(#2115),#2119);
#2115 = LINE('',#2116,#2117);
#2116 = CARTESIAN_POINT('',(-2.334410454654,48.302030979502));
#2117 = VECTOR('',#2118,1.);
#2118 = DIRECTION('',(-0.649262379928,-0.760564502202));
#2119 = ( GEOMETRIC_REPRESENTATION_CONTEXT(2) 
PARAMETRIC_REPRESENTATION_CONTEXT() REPRESENTATION_CONTEXT('2D SPACE',''
  ) );
#2120 = ORIENTED_EDGE('',*,*,#2121,.F.);
#2121 = EDGE_CURVE('',#1997,#2099,#2122,.T.);
#2122 = SURFACE_CURVE('',#2123,(#2127,#2134),.PCURVE_S1.);
#2123 = LINE('',#2124,#2125);
#2124 = CARTESIAN_POINT('',(2.25,30.,250.));
#2125 = VECTOR('',#2126,1.);
#2126 = DIRECTION('',(-1.,1.110223024625E-16,0.));
#2127 = PCURVE('',#944,#2128);
#2128 = DEFINITIONAL_REPRESENTATION('',(#2129),#2133);
#2129 = LINE('',#2130,#2131);
#2130 = CARTESIAN_POINT('',(107.81465577554,2.22044604925E-16));
#2131 = VECTOR('',#2132,1.);
#2132 = DIRECTION('',(0.,-1.));
#2133 = ( GEOMETRIC_REPRESENTATION_CONTEXT(2) 
PARAMETRIC_REPRESENTATION_CONTEXT() REPRESENTATION_CONTEXT('2D SPACE',''
  ) );
#2134 = PCURVE('',#2035,#2135);
#2135 = DEFINITIONAL_REPRESENTATION('',(#2136),#2140);
#2136 = LINE('',#2137,#2138);
#2137 = CARTESIAN_POINT('',(0.,0.));
#2138 = VECTOR('',#2139,1.);
#2139 = DIRECTION('',(0.,-1.));
#2140 = ( GEOMETRIC_REPRESENTATION_CONTEXT(2) 
PARAMETRIC_REPRESENTATION_CONTEXT() REPRESENTATION_CONTEXT('2D SPACE',''
  ) );
#2141 = ADVANCED_FACE('',(#2142),#913,.T.);
#2142 = FACE_BOUND('',#2143,.T.);
#2143 = EDGE_LOOP('',(#2144,#2145,#2168,#2189,#2190,#2211,#2212,#2231));
#2144 = ORIENTED_EDGE('',*,*,#2098,.T.);
#2145 = ORIENTED_EDGE('',*,*,#2146,.T.);
#2146 = EDGE_CURVE('',#2099,#2147,#2149,.T.);
#2147 = VERTEX_POINT('',#2148);
#2148 = CARTESIAN_POINT('',(-2.25,30.,370.));
#2149 = SURFACE_CURVE('',#2150,(#2154,#2161),.PCURVE_S1.);
#2150 = LINE('',#2151,#2152);
#2151 = CARTESIAN_POINT('',(-2.25,30.,250.));
#2152 = VECTOR('',#2153,1.);
#2153 = DIRECTION('',(0.,0.,1.));
#2154 = PCURVE('',#913,#2155);
#2155 = DEFINITIONAL_REPRESENTATION('',(#2156),#2160);
#2156 = LINE('',#2157,#2158);
#2157 = CARTESIAN_POINT('',(-72.33441045465,-33.69796902049));
#2158 = VECTOR('',#2159,1.);
#2159 = DIRECTION('',(1.,0.));
#2160 = ( GEOMETRIC_REPRESENTATION_CONTEXT(2) 
PARAMETRIC_REPRESENTATION_CONTEXT() REPRESENTATION_CONTEXT('2D SPACE',''
  ) );
#2161 = PCURVE('',#2035,#2162);
#2162 = DEFINITIONAL_REPRESENTATION('',(#2163),#2167);
#2163 = LINE('',#2164,#2165);
#2164 = CARTESIAN_POINT('',(0.,-4.5));
#2165 = VECTOR('',#2166,1.);
#2166 = DIRECTION('',(1.,0.));
#2167 = ( GEOMETRIC_REPRESENTATION_CONTEXT(2) 
PARAMETRIC_REPRESENTATION_CONTEXT() REPRESENTATION_CONTEXT('2D SPACE',''
  ) );
#2168 = ORIENTED_EDGE('',*,*,#2169,.T.);
#2169 = EDGE_CURVE('',#2147,#1246,#2170,.T.);
#2170 = SURFACE_CURVE('',#2171,(#2175,#2182),.PCURVE_S1.);
#2171 = LINE('',#2172,#2173);
#2172 = CARTESIAN_POINT('',(-2.25,30.,370.));
#2173 = VECTOR('',#2174,1.);
#2174 = DIRECTION('',(1.108164843654E-16,0.998146155389,
    6.086257045056E-02));
#2175 = PCURVE('',#913,#2176);
#2176 = DEFINITIONAL_REPRESENTATION('',(#2177),#2181);
#2177 = LINE('',#2178,#2179);
#2178 = CARTESIAN_POINT('',(47.665589545346,-33.69796902049));
#2179 = VECTOR('',#2180,1.);
#2180 = DIRECTION('',(6.086257045056E-02,0.998146155389));
#2181 = ( GEOMETRIC_REPRESENTATION_CONTEXT(2) 
PARAMETRIC_REPRESENTATION_CONTEXT() REPRESENTATION_CONTEXT('2D SPACE',''
  ) );
#2182 = PCURVE('',#1267,#2183);
#2183 = DEFINITIONAL_REPRESENTATION('',(#2184),#2188);
#2184 = LINE('',#2185,#2186);
#2185 = CARTESIAN_POINT('',(-4.986741796444E-16,-4.5));
#2186 = VECTOR('',#2187,1.);
#2187 = DIRECTION('',(1.,0.));
#2188 = ( GEOMETRIC_REPRESENTATION_CONTEXT(2) 
PARAMETRIC_REPRESENTATION_CONTEXT() REPRESENTATION_CONTEXT('2D SPACE',''
  ) );
#2189 = ORIENTED_EDGE('',*,*,#1279,.F.);
#2190 = ORIENTED_EDGE('',*,*,#2191,.T.);
#2191 = EDGE_CURVE('',#1280,#1852,#2192,.T.);
#2192 = SURFACE_CURVE('',#2193,(#2197,#2204),.PCURVE_S1.);
#2193 = LINE('',#2194,#2195);
#2194 = CARTESIAN_POINT('',(-2.25,112.,320.));
#2195 = VECTOR('',#2196,1.);
#2196 = DIRECTION('',(-8.443962220571E-17,-0.760564502202,
    -0.649262379928));
#2197 = PCURVE('',#913,#2198);
#2198 = DEFINITIONAL_REPRESENTATION('',(#2199),#2203);
#2199 = LINE('',#2200,#2201);
#2200 = CARTESIAN_POINT('',(-2.334410454654,48.302030979502));
#2201 = VECTOR('',#2202,1.);
#2202 = DIRECTION('',(-0.649262379928,-0.760564502202));
#2203 = ( GEOMETRIC_REPRESENTATION_CONTEXT(2) 
PARAMETRIC_REPRESENTATION_CONTEXT() REPRESENTATION_CONTEXT('2D SPACE',''
  ) );
#2204 = PCURVE('',#1320,#2205);
#2205 = DEFINITIONAL_REPRESENTATION('',(#2206),#2210);
#2206 = LINE('',#2207,#2208);
#2207 = CARTESIAN_POINT('',(3.799782999257E-16,-4.5));
#2208 = VECTOR('',#2209,1.);
#2209 = DIRECTION('',(1.,0.));
#2210 = ( GEOMETRIC_REPRESENTATION_CONTEXT(2) 
PARAMETRIC_REPRESENTATION_CONTEXT() REPRESENTATION_CONTEXT('2D SPACE',''
  ) );
#2211 = ORIENTED_EDGE('',*,*,#1851,.T.);
#2212 = ORIENTED_EDGE('',*,*,#2213,.T.);
#2213 = EDGE_CURVE('',#1828,#870,#2214,.T.);
#2214 = SURFACE_CURVE('',#2215,(#2219,#2225),.PCURVE_S1.);
#2215 = LINE('',#2216,#2217);
#2216 = CARTESIAN_POINT('',(-2.25,31.848984510249,264.));
#2217 = VECTOR('',#2218,1.);
#2218 = DIRECTION('',(-1.110223024625E-16,-1.,0.));
#2219 = PCURVE('',#913,#2220);
#2220 = DEFINITIONAL_REPRESENTATION('',(#2221),#2224);
#2221 = B_SPLINE_CURVE_WITH_KNOTS('',1,(#2222,#2223),.UNSPECIFIED.,.F.,
  .F.,(2,2),(-7.751015489751,1.848984510249),.PIECEWISE_BEZIER_KNOTS.);
#2222 = CARTESIAN_POINT('',(-58.33441045465,-24.09796902049));
#2223 = CARTESIAN_POINT('',(-58.33441045465,-33.69796902049));
#2224 = ( GEOMETRIC_REPRESENTATION_CONTEXT(2) 
PARAMETRIC_REPRESENTATION_CONTEXT() REPRESENTATION_CONTEXT('2D SPACE',''
  ) );
#2225 = PCURVE('',#886,#2226);
#2226 = DEFINITIONAL_REPRESENTATION('',(#2227),#2230);
#2227 = B_SPLINE_CURVE_WITH_KNOTS('',1,(#2228,#2229),.UNSPECIFIED.,.F.,
  .F.,(2,2),(-7.751015489751,1.848984510249),.PIECEWISE_BEZIER_KNOTS.);
#2228 = CARTESIAN_POINT('',(-2.25,39.6));
#2229 = CARTESIAN_POINT('',(-2.25,30.));
#2230 = ( GEOMETRIC_REPRESENTATION_CONTEXT(2) 
PARAMETRIC_REPRESENTATION_CONTEXT() REPRESENTATION_CONTEXT('2D SPACE',''
  ) );
#2231 = ORIENTED_EDGE('',*,*,#898,.F.);
#2232 = ADVANCED_FACE('',(#2233),#886,.T.);
#2233 = FACE_BOUND('',#2234,.T.);
#2234 = EDGE_LOOP('',(#2235,#2236,#2237,#2256));
#2235 = ORIENTED_EDGE('',*,*,#2213,.F.);
#2236 = ORIENTED_EDGE('',*,*,#1827,.T.);
#2237 = ORIENTED_EDGE('',*,*,#2238,.T.);
#2238 = EDGE_CURVE('',#1807,#844,#2239,.T.);
#2239 = SURFACE_CURVE('',#2240,(#2244,#2250),.PCURVE_S1.);
#2240 = LINE('',#2241,#2242);
#2241 = CARTESIAN_POINT('',(-31.84898451024,2.25,264.));
#2242 = VECTOR('',#2243,1.);
#2243 = DIRECTION('',(1.,-1.224646799147E-16,0.));
#2244 = PCURVE('',#886,#2245);
#2245 = DEFINITIONAL_REPRESENTATION('',(#2246),#2249);
#2246 = B_SPLINE_CURVE_WITH_KNOTS('',1,(#2247,#2248),.UNSPECIFIED.,.F.,
  .F.,(2,2),(-7.751015489751,1.848984510249),.PIECEWISE_BEZIER_KNOTS.);
#2247 = CARTESIAN_POINT('',(-39.6,2.25));
#2248 = CARTESIAN_POINT('',(-30.,2.25));
#2249 = ( GEOMETRIC_REPRESENTATION_CONTEXT(2) 
PARAMETRIC_REPRESENTATION_CONTEXT() REPRESENTATION_CONTEXT('2D SPACE',''
  ) );
#2250 = PCURVE('',#858,#2251);
#2251 = DEFINITIONAL_REPRESENTATION('',(#2252),#2255);
#2252 = B_SPLINE_CURVE_WITH_KNOTS('',1,(#2253,#2254),.UNSPECIFIED.,.F.,
  .F.,(2,2),(-7.751015489751,1.848984510249),.PIECEWISE_BEZIER_KNOTS.);
#2253 = CARTESIAN_POINT('',(-58.33441045465,-24.09796902049));
#2254 = CARTESIAN_POINT('',(-58.33441045465,-33.69796902049));
#2255 = ( GEOMETRIC_REPRESENTATION_CONTEXT(2) 
PARAMETRIC_REPRESENTATION_CONTEXT() REPRESENTATION_CONTEXT('2D SPACE',''
  ) );
#2256 = ORIENTED_EDGE('',*,*,#869,.F.);
#2257 = ADVANCED_FACE('',(#2258),#858,.F.);
#2258 = FACE_BOUND('',#2259,.F.);
#2259 = EDGE_LOOP('',(#2260,#2283,#2311,#2332,#2333,#2354,#2355,#2356));
#2260 = ORIENTED_EDGE('',*,*,#2261,.T.);
#2261 = EDGE_CURVE('',#812,#2262,#2264,.T.);
#2262 = VERTEX_POINT('',#2263);
#2263 = CARTESIAN_POINT('',(-30.,2.25,250.));
#2264 = SURFACE_CURVE('',#2265,(#2269,#2276),.PCURVE_S1.);
#2265 = LINE('',#2266,#2267);
#2266 = CARTESIAN_POINT('',(-112.,2.25,320.));
#2267 = VECTOR('',#2268,1.);
#2268 = DIRECTION('',(0.760564502202,-9.314228831667E-17,-0.649262379928
    ));
#2269 = PCURVE('',#858,#2270);
#2270 = DEFINITIONAL_REPRESENTATION('',(#2271),#2275);
#2271 = LINE('',#2272,#2273);
#2272 = CARTESIAN_POINT('',(-2.334410454654,48.302030979502));
#2273 = VECTOR('',#2274,1.);
#2274 = DIRECTION('',(-0.649262379928,-0.760564502202));
#2275 = ( GEOMETRIC_REPRESENTATION_CONTEXT(2) 
PARAMETRIC_REPRESENTATION_CONTEXT() REPRESENTATION_CONTEXT('2D SPACE',''
  ) );
#2276 = PCURVE('',#831,#2277);
#2277 = DEFINITIONAL_REPRESENTATION('',(#2278),#2282);
#2278 = LINE('',#2279,#2280);
#2279 = CARTESIAN_POINT('',(0.,0.));
#2280 = VECTOR('',#2281,1.);
#2281 = DIRECTION('',(1.,-5.47881547025E-33));
#2282 = ( GEOMETRIC_REPRESENTATION_CONTEXT(2) 
PARAMETRIC_REPRESENTATION_CONTEXT() REPRESENTATION_CONTEXT('2D SPACE',''
  ) );
#2283 = ORIENTED_EDGE('',*,*,#2284,.T.);
#2284 = EDGE_CURVE('',#2262,#2285,#2287,.T.);
#2285 = VERTEX_POINT('',#2286);
#2286 = CARTESIAN_POINT('',(-30.,2.25,370.));
#2287 = SURFACE_CURVE('',#2288,(#2292,#2299),.PCURVE_S1.);
#2288 = LINE('',#2289,#2290);
#2289 = CARTESIAN_POINT('',(-30.,2.25,250.));
#2290 = VECTOR('',#2291,1.);
#2291 = DIRECTION('',(0.,0.,1.));
#2292 = PCURVE('',#858,#2293);
#2293 = DEFINITIONAL_REPRESENTATION('',(#2294),#2298);
#2294 = LINE('',#2295,#2296);
#2295 = CARTESIAN_POINT('',(-72.33441045465,-33.69796902049));
#2296 = VECTOR('',#2297,1.);
#2297 = DIRECTION('',(1.,0.));
#2298 = ( GEOMETRIC_REPRESENTATION_CONTEXT(2) 
PARAMETRIC_REPRESENTATION_CONTEXT() REPRESENTATION_CONTEXT('2D SPACE',''
  ) );
#2299 = PCURVE('',#2300,#2305);
#2300 = PLANE('',#2301);
#2301 = AXIS2_PLACEMENT_3D('',#2302,#2303,#2304);
#2302 = CARTESIAN_POINT('',(-30.,2.25,250.));
#2303 = DIRECTION('',(-1.,1.224646799147E-16,0.));
#2304 = DIRECTION('',(0.,0.,1.));
#2305 = DEFINITIONAL_REPRESENTATION('',(#2306),#2310);
#2306 = LINE('',#2307,#2308);
#2307 = CARTESIAN_POINT('',(0.,0.));
#2308 = VECTOR('',#2309,1.);
#2309 = DIRECTION('',(1.,0.));
#2310 = ( GEOMETRIC_REPRESENTATION_CONTEXT(2) 
PARAMETRIC_REPRESENTATION_CONTEXT() REPRESENTATION_CONTEXT('2D SPACE',''
  ) );
#2311 = ORIENTED_EDGE('',*,*,#2312,.T.);
#2312 = EDGE_CURVE('',#2285,#1356,#2313,.T.);
#2313 = SURFACE_CURVE('',#2314,(#2318,#2325),.PCURVE_S1.);
#2314 = LINE('',#2315,#2316);
#2315 = CARTESIAN_POINT('',(-30.,2.25,370.));
#2316 = VECTOR('',#2317,1.);
#2317 = DIRECTION('',(-0.998146155389,1.222376494279E-16,
    6.086257045056E-02));
#2318 = PCURVE('',#858,#2319);
#2319 = DEFINITIONAL_REPRESENTATION('',(#2320),#2324);
#2320 = LINE('',#2321,#2322);
#2321 = CARTESIAN_POINT('',(47.665589545346,-33.69796902049));
#2322 = VECTOR('',#2323,1.);
#2323 = DIRECTION('',(6.086257045056E-02,0.998146155389));
#2324 = ( GEOMETRIC_REPRESENTATION_CONTEXT(2) 
PARAMETRIC_REPRESENTATION_CONTEXT() REPRESENTATION_CONTEXT('2D SPACE',''
  ) );
#2325 = PCURVE('',#1375,#2326);
#2326 = DEFINITIONAL_REPRESENTATION('',(#2327),#2331);
#2327 = LINE('',#2328,#2329);
#2328 = CARTESIAN_POINT('',(0.,0.));
#2329 = VECTOR('',#2330,1.);
#2330 = DIRECTION('',(1.,-2.646425812915E-33));
#2331 = ( GEOMETRIC_REPRESENTATION_CONTEXT(2) 
PARAMETRIC_REPRESENTATION_CONTEXT() REPRESENTATION_CONTEXT('2D SPACE',''
  ) );
#2332 = ORIENTED_EDGE('',*,*,#1440,.F.);
#2333 = ORIENTED_EDGE('',*,*,#2334,.T.);
#2334 = EDGE_CURVE('',#1409,#1780,#2335,.T.);
#2335 = SURFACE_CURVE('',#2336,(#2340,#2347),.PCURVE_S1.);
#2336 = LINE('',#2337,#2338);
#2337 = CARTESIAN_POINT('',(-112.,2.25,320.));
#2338 = VECTOR('',#2339,1.);
#2339 = DIRECTION('',(0.760564502202,-9.314228831667E-17,-0.649262379928
    ));
#2340 = PCURVE('',#858,#2341);
#2341 = DEFINITIONAL_REPRESENTATION('',(#2342),#2346);
#2342 = LINE('',#2343,#2344);
#2343 = CARTESIAN_POINT('',(-2.334410454654,48.302030979502));
#2344 = VECTOR('',#2345,1.);
#2345 = DIRECTION('',(-0.649262379928,-0.760564502202));
#2346 = ( GEOMETRIC_REPRESENTATION_CONTEXT(2) 
PARAMETRIC_REPRESENTATION_CONTEXT() REPRESENTATION_CONTEXT('2D SPACE',''
  ) );
#2347 = PCURVE('',#1428,#2348);
#2348 = DEFINITIONAL_REPRESENTATION('',(#2349),#2353);
#2349 = LINE('',#2350,#2351);
#2350 = CARTESIAN_POINT('',(0.,0.));
#2351 = VECTOR('',#2352,1.);
#2352 = DIRECTION('',(1.,-5.47881547025E-33));
#2353 = ( GEOMETRIC_REPRESENTATION_CONTEXT(2) 
PARAMETRIC_REPRESENTATION_CONTEXT() REPRESENTATION_CONTEXT('2D SPACE',''
  ) );
#2354 = ORIENTED_EDGE('',*,*,#1806,.T.);
#2355 = ORIENTED_EDGE('',*,*,#2238,.T.);
#2356 = ORIENTED_EDGE('',*,*,#843,.F.);
#2357 = ADVANCED_FACE('',(#2358),#831,.F.);
#2358 = FACE_BOUND('',#2359,.F.);
#2359 = EDGE_LOOP('',(#2360,#2361,#2362,#2385));
#2360 = ORIENTED_EDGE('',*,*,#2261,.F.);
#2361 = ORIENTED_EDGE('',*,*,#811,.T.);
#2362 = ORIENTED_EDGE('',*,*,#2363,.T.);
#2363 = EDGE_CURVE('',#786,#2364,#2366,.T.);
#2364 = VERTEX_POINT('',#2365);
#2365 = CARTESIAN_POINT('',(-30.,-2.25,250.));
#2366 = SURFACE_CURVE('',#2367,(#2371,#2378),.PCURVE_S1.);
#2367 = LINE('',#2368,#2369);
#2368 = CARTESIAN_POINT('',(-112.,-2.25,320.));
#2369 = VECTOR('',#2370,1.);
#2370 = DIRECTION('',(0.760564502202,-9.314228831667E-17,-0.649262379928
    ));
#2371 = PCURVE('',#831,#2372);
#2372 = DEFINITIONAL_REPRESENTATION('',(#2373),#2377);
#2373 = LINE('',#2374,#2375);
#2374 = CARTESIAN_POINT('',(4.19140297425E-16,-4.5));
#2375 = VECTOR('',#2376,1.);
#2376 = DIRECTION('',(1.,-5.47881547025E-33));
#2377 = ( GEOMETRIC_REPRESENTATION_CONTEXT(2) 
PARAMETRIC_REPRESENTATION_CONTEXT() REPRESENTATION_CONTEXT('2D SPACE',''
  ) );
#2378 = PCURVE('',#800,#2379);
#2379 = DEFINITIONAL_REPRESENTATION('',(#2380),#2384);
#2380 = LINE('',#2381,#2382);
#2381 = CARTESIAN_POINT('',(-2.334410454654,48.302030979502));
#2382 = VECTOR('',#2383,1.);
#2383 = DIRECTION('',(-0.649262379928,-0.760564502202));
#2384 = ( GEOMETRIC_REPRESENTATION_CONTEXT(2) 
PARAMETRIC_REPRESENTATION_CONTEXT() REPRESENTATION_CONTEXT('2D SPACE',''
  ) );
#2385 = ORIENTED_EDGE('',*,*,#2386,.F.);
#2386 = EDGE_CURVE('',#2262,#2364,#2387,.T.);
#2387 = SURFACE_CURVE('',#2388,(#2392,#2399),.PCURVE_S1.);
#2388 = LINE('',#2389,#2390);
#2389 = CARTESIAN_POINT('',(-30.,2.25,250.));
#2390 = VECTOR('',#2391,1.);
#2391 = DIRECTION('',(-1.224646799147E-16,-1.,0.));
#2392 = PCURVE('',#831,#2393);
#2393 = DEFINITIONAL_REPRESENTATION('',(#2394),#2398);
#2394 = LINE('',#2395,#2396);
#2395 = CARTESIAN_POINT('',(107.81465577554,-1.719480735431E-16));
#2396 = VECTOR('',#2397,1.);
#2397 = DIRECTION('',(6.355925380812E-33,-1.));
#2398 = ( GEOMETRIC_REPRESENTATION_CONTEXT(2) 
PARAMETRIC_REPRESENTATION_CONTEXT() REPRESENTATION_CONTEXT('2D SPACE',''
  ) );
#2399 = PCURVE('',#2300,#2400);
#2400 = DEFINITIONAL_REPRESENTATION('',(#2401),#2405);
#2401 = LINE('',#2402,#2403);
#2402 = CARTESIAN_POINT('',(0.,0.));
#2403 = VECTOR('',#2404,1.);
#2404 = DIRECTION('',(0.,-1.));
#2405 = ( GEOMETRIC_REPRESENTATION_CONTEXT(2) 
PARAMETRIC_REPRESENTATION_CONTEXT() REPRESENTATION_CONTEXT('2D SPACE',''
  ) );
#2406 = ADVANCED_FACE('',(#2407),#800,.T.);
#2407 = FACE_BOUND('',#2408,.T.);
#2408 = EDGE_LOOP('',(#2409,#2410,#2433,#2454,#2455,#2476,#2477,#2478));
#2409 = ORIENTED_EDGE('',*,*,#2363,.T.);
#2410 = ORIENTED_EDGE('',*,*,#2411,.T.);
#2411 = EDGE_CURVE('',#2364,#2412,#2414,.T.);
#2412 = VERTEX_POINT('',#2413);
#2413 = CARTESIAN_POINT('',(-30.,-2.25,370.));
#2414 = SURFACE_CURVE('',#2415,(#2419,#2426),.PCURVE_S1.);
#2415 = LINE('',#2416,#2417);
#2416 = CARTESIAN_POINT('',(-30.,-2.25,250.));
#2417 = VECTOR('',#2418,1.);
#2418 = DIRECTION('',(0.,0.,1.));
#2419 = PCURVE('',#800,#2420);
#2420 = DEFINITIONAL_REPRESENTATION('',(#2421),#2425);
#2421 = LINE('',#2422,#2423);
#2422 = CARTESIAN_POINT('',(-72.33441045465,-33.69796902049));
#2423 = VECTOR('',#2424,1.);
#2424 = DIRECTION('',(1.,0.));
#2425 = ( GEOMETRIC_REPRESENTATION_CONTEXT(2) 
PARAMETRIC_REPRESENTATION_CONTEXT() REPRESENTATION_CONTEXT('2D SPACE',''
  ) );
#2426 = PCURVE('',#2300,#2427);
#2427 = DEFINITIONAL_REPRESENTATION('',(#2428),#2432);
#2428 = LINE('',#2429,#2430);
#2429 = CARTESIAN_POINT('',(0.,-4.5));
#2430 = VECTOR('',#2431,1.);
#2431 = DIRECTION('',(1.,0.));
#2432 = ( GEOMETRIC_REPRESENTATION_CONTEXT(2) 
PARAMETRIC_REPRESENTATION_CONTEXT() REPRESENTATION_CONTEXT('2D SPACE',''
  ) );
#2433 = ORIENTED_EDGE('',*,*,#2434,.T.);
#2434 = EDGE_CURVE('',#2412,#1354,#2435,.T.);
#2435 = SURFACE_CURVE('',#2436,(#2440,#2447),.PCURVE_S1.);
#2436 = LINE('',#2437,#2438);
#2437 = CARTESIAN_POINT('',(-30.,-2.25,370.));
#2438 = VECTOR('',#2439,1.);
#2439 = DIRECTION('',(-0.998146155389,1.222376494279E-16,
    6.086257045056E-02));
#2440 = PCURVE('',#800,#2441);
#2441 = DEFINITIONAL_REPRESENTATION('',(#2442),#2446);
#2442 = LINE('',#2443,#2444);
#2443 = CARTESIAN_POINT('',(47.665589545346,-33.69796902049));
#2444 = VECTOR('',#2445,1.);
#2445 = DIRECTION('',(6.086257045056E-02,0.998146155389));
#2446 = ( GEOMETRIC_REPRESENTATION_CONTEXT(2) 
PARAMETRIC_REPRESENTATION_CONTEXT() REPRESENTATION_CONTEXT('2D SPACE',''
  ) );
#2447 = PCURVE('',#1375,#2448);
#2448 = DEFINITIONAL_REPRESENTATION('',(#2449),#2453);
#2449 = LINE('',#2450,#2451);
#2450 = CARTESIAN_POINT('',(-5.500694224254E-16,-4.5));
#2451 = VECTOR('',#2452,1.);
#2452 = DIRECTION('',(1.,-2.646425812915E-33));
#2453 = ( GEOMETRIC_REPRESENTATION_CONTEXT(2) 
PARAMETRIC_REPRESENTATION_CONTEXT() REPRESENTATION_CONTEXT('2D SPACE',''
  ) );
#2454 = ORIENTED_EDGE('',*,*,#1387,.F.);
#2455 = ORIENTED_EDGE('',*,*,#2456,.T.);
#2456 = EDGE_CURVE('',#1388,#1759,#2457,.T.);
#2457 = SURFACE_CURVE('',#2458,(#2462,#2469),.PCURVE_S1.);
#2458 = LINE('',#2459,#2460);
#2459 = CARTESIAN_POINT('',(-112.,-2.25,320.));
#2460 = VECTOR('',#2461,1.);
#2461 = DIRECTION('',(0.760564502202,-9.314228831667E-17,-0.649262379928
    ));
#2462 = PCURVE('',#800,#2463);
#2463 = DEFINITIONAL_REPRESENTATION('',(#2464),#2468);
#2464 = LINE('',#2465,#2466);
#2465 = CARTESIAN_POINT('',(-2.334410454654,48.302030979502));
#2466 = VECTOR('',#2467,1.);
#2467 = DIRECTION('',(-0.649262379928,-0.760564502202));
#2468 = ( GEOMETRIC_REPRESENTATION_CONTEXT(2) 
PARAMETRIC_REPRESENTATION_CONTEXT() REPRESENTATION_CONTEXT('2D SPACE',''
  ) );
#2469 = PCURVE('',#1428,#2470);
#2470 = DEFINITIONAL_REPRESENTATION('',(#2471),#2475);
#2471 = LINE('',#2472,#2473);
#2472 = CARTESIAN_POINT('',(4.19140297425E-16,-4.5));
#2473 = VECTOR('',#2474,1.);
#2474 = DIRECTION('',(1.,-5.47881547025E-33));
#2475 = ( GEOMETRIC_REPRESENTATION_CONTEXT(2) 
PARAMETRIC_REPRESENTATION_CONTEXT() REPRESENTATION_CONTEXT('2D SPACE',''
  ) );
#2476 = ORIENTED_EDGE('',*,*,#1758,.T.);
#2477 = ORIENTED_EDGE('',*,*,#1492,.T.);
#2478 = ORIENTED_EDGE('',*,*,#785,.F.);
#2479 = ADVANCED_FACE('',(#2480),#725,.F.);
#2480 = FACE_BOUND('',#2481,.F.);
#2481 = EDGE_LOOP('',(#2482,#2505,#2533,#2554,#2555,#2576,#2577,#2578));
#2482 = ORIENTED_EDGE('',*,*,#2483,.T.);
#2483 = EDGE_CURVE('',#684,#2484,#2486,.T.);
#2484 = VERTEX_POINT('',#2485);
#2485 = CARTESIAN_POINT('',(30.,-2.25,250.));
#2486 = SURFACE_CURVE('',#2487,(#2491,#2498),.PCURVE_S1.);
#2487 = LINE('',#2488,#2489);
#2488 = CARTESIAN_POINT('',(112.,-2.25,320.));
#2489 = VECTOR('',#2490,1.);
#2490 = DIRECTION('',(-0.760564502202,0.,-0.649262379928));
#2491 = PCURVE('',#725,#2492);
#2492 = DEFINITIONAL_REPRESENTATION('',(#2493),#2497);
#2493 = LINE('',#2494,#2495);
#2494 = CARTESIAN_POINT('',(-2.334410454654,48.302030979502));
#2495 = VECTOR('',#2496,1.);
#2496 = DIRECTION('',(-0.649262379928,-0.760564502202));
#2497 = ( GEOMETRIC_REPRESENTATION_CONTEXT(2) 
PARAMETRIC_REPRESENTATION_CONTEXT() REPRESENTATION_CONTEXT('2D SPACE',''
  ) );
#2498 = PCURVE('',#620,#2499);
#2499 = DEFINITIONAL_REPRESENTATION('',(#2500),#2504);
#2500 = LINE('',#2501,#2502);
#2501 = CARTESIAN_POINT('',(0.,0.));
#2502 = VECTOR('',#2503,1.);
#2503 = DIRECTION('',(1.,-0.));
#2504 = ( GEOMETRIC_REPRESENTATION_CONTEXT(2) 
PARAMETRIC_REPRESENTATION_CONTEXT() REPRESENTATION_CONTEXT('2D SPACE',''
  ) );
#2505 = ORIENTED_EDGE('',*,*,#2506,.T.);
#2506 = EDGE_CURVE('',#2484,#2507,#2509,.T.);
#2507 = VERTEX_POINT('',#2508);
#2508 = CARTESIAN_POINT('',(30.,-2.25,370.));
#2509 = SURFACE_CURVE('',#2510,(#2514,#2521),.PCURVE_S1.);
#2510 = LINE('',#2511,#2512);
#2511 = CARTESIAN_POINT('',(30.,-2.25,250.));
#2512 = VECTOR('',#2513,1.);
#2513 = DIRECTION('',(0.,0.,1.));
#2514 = PCURVE('',#725,#2515);
#2515 = DEFINITIONAL_REPRESENTATION('',(#2516),#2520);
#2516 = LINE('',#2517,#2518);
#2517 = CARTESIAN_POINT('',(-72.33441045465,-33.69796902049));
#2518 = VECTOR('',#2519,1.);
#2519 = DIRECTION('',(1.,0.));
#2520 = ( GEOMETRIC_REPRESENTATION_CONTEXT(2) 
PARAMETRIC_REPRESENTATION_CONTEXT() REPRESENTATION_CONTEXT('2D SPACE',''
  ) );
#2521 = PCURVE('',#2522,#2527);
#2522 = PLANE('',#2523);
#2523 = AXIS2_PLACEMENT_3D('',#2524,#2525,#2526);
#2524 = CARTESIAN_POINT('',(30.,-2.25,250.));
#2525 = DIRECTION('',(1.,0.,0.));
#2526 = DIRECTION('',(0.,0.,1.));
#2527 = DEFINITIONAL_REPRESENTATION('',(#2528),#2532);
#2528 = LINE('',#2529,#2530);
#2529 = CARTESIAN_POINT('',(0.,0.));
#2530 = VECTOR('',#2531,1.);
#2531 = DIRECTION('',(1.,0.));
#2532 = ( GEOMETRIC_REPRESENTATION_CONTEXT(2) 
PARAMETRIC_REPRESENTATION_CONTEXT() REPRESENTATION_CONTEXT('2D SPACE',''
  ) );
#2533 = ORIENTED_EDGE('',*,*,#2534,.T.);
#2534 = EDGE_CURVE('',#2507,#986,#2535,.T.);
#2535 = SURFACE_CURVE('',#2536,(#2540,#2547),.PCURVE_S1.);
#2536 = LINE('',#2537,#2538);
#2537 = CARTESIAN_POINT('',(30.,-2.25,370.));
#2538 = VECTOR('',#2539,1.);
#2539 = DIRECTION('',(0.998146155389,0.,6.086257045056E-02));
#2540 = PCURVE('',#725,#2541);
#2541 = DEFINITIONAL_REPRESENTATION('',(#2542),#2546);
#2542 = LINE('',#2543,#2544);
#2543 = CARTESIAN_POINT('',(47.665589545346,-33.69796902049));
#2544 = VECTOR('',#2545,1.);
#2545 = DIRECTION('',(6.086257045056E-02,0.998146155389));
#2546 = ( GEOMETRIC_REPRESENTATION_CONTEXT(2) 
PARAMETRIC_REPRESENTATION_CONTEXT() REPRESENTATION_CONTEXT('2D SPACE',''
  ) );
#2547 = PCURVE('',#1005,#2548);
#2548 = DEFINITIONAL_REPRESENTATION('',(#2549),#2553);
#2549 = LINE('',#2550,#2551);
#2550 = CARTESIAN_POINT('',(0.,0.));
#2551 = VECTOR('',#2552,1.);
#2552 = DIRECTION('',(1.,0.));
#2553 = ( GEOMETRIC_REPRESENTATION_CONTEXT(2) 
PARAMETRIC_REPRESENTATION_CONTEXT() REPRESENTATION_CONTEXT('2D SPACE',''
  ) );
#2554 = ORIENTED_EDGE('',*,*,#1224,.F.);
#2555 = ORIENTED_EDGE('',*,*,#2556,.T.);
#2556 = EDGE_CURVE('',#1198,#1661,#2557,.T.);
#2557 = SURFACE_CURVE('',#2558,(#2562,#2569),.PCURVE_S1.);
#2558 = LINE('',#2559,#2560);
#2559 = CARTESIAN_POINT('',(112.,-2.25,320.));
#2560 = VECTOR('',#2561,1.);
#2561 = DIRECTION('',(-0.760564502202,0.,-0.649262379928));
#2562 = PCURVE('',#725,#2563);
#2563 = DEFINITIONAL_REPRESENTATION('',(#2564),#2568);
#2564 = LINE('',#2565,#2566);
#2565 = CARTESIAN_POINT('',(-2.334410454654,48.302030979502));
#2566 = VECTOR('',#2567,1.);
#2567 = DIRECTION('',(-0.649262379928,-0.760564502202));
#2568 = ( GEOMETRIC_REPRESENTATION_CONTEXT(2) 
PARAMETRIC_REPRESENTATION_CONTEXT() REPRESENTATION_CONTEXT('2D SPACE',''
  ) );
#2569 = PCURVE('',#1135,#2570);
#2570 = DEFINITIONAL_REPRESENTATION('',(#2571),#2575);
#2571 = LINE('',#2572,#2573);
#2572 = CARTESIAN_POINT('',(0.,0.));
#2573 = VECTOR('',#2574,1.);
#2574 = DIRECTION('',(1.,-0.));
#2575 = ( GEOMETRIC_REPRESENTATION_CONTEXT(2) 
PARAMETRIC_REPRESENTATION_CONTEXT() REPRESENTATION_CONTEXT('2D SPACE',''
  ) );
#2576 = ORIENTED_EDGE('',*,*,#1687,.T.);
#2577 = ORIENTED_EDGE('',*,*,#1930,.T.);
#2578 = ORIENTED_EDGE('',*,*,#710,.F.);
#2579 = ADVANCED_FACE('',(#2580),#620,.F.);
#2580 = FACE_BOUND('',#2581,.F.);
#2581 = EDGE_LOOP('',(#2582,#2583,#2584,#2585,#2608));
#2582 = ORIENTED_EDGE('',*,*,#2483,.F.);
#2583 = ORIENTED_EDGE('',*,*,#683,.T.);
#2584 = ORIENTED_EDGE('',*,*,#600,.T.);
#2585 = ORIENTED_EDGE('',*,*,#2586,.T.);
#2586 = EDGE_CURVE('',#575,#2587,#2589,.T.);
#2587 = VERTEX_POINT('',#2588);
#2588 = CARTESIAN_POINT('',(30.,2.25,250.));
#2589 = SURFACE_CURVE('',#2590,(#2594,#2601),.PCURVE_S1.);
#2590 = LINE('',#2591,#2592);
#2591 = CARTESIAN_POINT('',(112.,2.25,320.));
#2592 = VECTOR('',#2593,1.);
#2593 = DIRECTION('',(-0.760564502202,0.,-0.649262379928));
#2594 = PCURVE('',#620,#2595);
#2595 = DEFINITIONAL_REPRESENTATION('',(#2596),#2600);
#2596 = LINE('',#2597,#2598);
#2597 = CARTESIAN_POINT('',(0.,-4.5));
#2598 = VECTOR('',#2599,1.);
#2599 = DIRECTION('',(1.,-0.));
#2600 = ( GEOMETRIC_REPRESENTATION_CONTEXT(2) 
PARAMETRIC_REPRESENTATION_CONTEXT() REPRESENTATION_CONTEXT('2D SPACE',''
  ) );
#2601 = PCURVE('',#589,#2602);
#2602 = DEFINITIONAL_REPRESENTATION('',(#2603),#2607);
#2603 = LINE('',#2604,#2605);
#2604 = CARTESIAN_POINT('',(-2.334410454654,48.302030979502));
#2605 = VECTOR('',#2606,1.);
#2606 = DIRECTION('',(-0.649262379928,-0.760564502202));
#2607 = ( GEOMETRIC_REPRESENTATION_CONTEXT(2) 
PARAMETRIC_REPRESENTATION_CONTEXT() REPRESENTATION_CONTEXT('2D SPACE',''
  ) );
#2608 = ORIENTED_EDGE('',*,*,#2609,.F.);
#2609 = EDGE_CURVE('',#2484,#2587,#2610,.T.);
#2610 = SURFACE_CURVE('',#2611,(#2615,#2622),.PCURVE_S1.);
#2611 = LINE('',#2612,#2613);
#2612 = CARTESIAN_POINT('',(30.,-2.25,250.));
#2613 = VECTOR('',#2614,1.);
#2614 = DIRECTION('',(0.,1.,0.));
#2615 = PCURVE('',#620,#2616);
#2616 = DEFINITIONAL_REPRESENTATION('',(#2617),#2621);
#2617 = LINE('',#2618,#2619);
#2618 = CARTESIAN_POINT('',(107.81465577554,-0.));
#2619 = VECTOR('',#2620,1.);
#2620 = DIRECTION('',(0.,-1.));
#2621 = ( GEOMETRIC_REPRESENTATION_CONTEXT(2) 
PARAMETRIC_REPRESENTATION_CONTEXT() REPRESENTATION_CONTEXT('2D SPACE',''
  ) );
#2622 = PCURVE('',#2522,#2623);
#2623 = DEFINITIONAL_REPRESENTATION('',(#2624),#2628);
#2624 = LINE('',#2625,#2626);
#2625 = CARTESIAN_POINT('',(0.,0.));
#2626 = VECTOR('',#2627,1.);
#2627 = DIRECTION('',(0.,-1.));
#2628 = ( GEOMETRIC_REPRESENTATION_CONTEXT(2) 
PARAMETRIC_REPRESENTATION_CONTEXT() REPRESENTATION_CONTEXT('2D SPACE',''
  ) );
#2629 = ADVANCED_FACE('',(#2630,#2633),#670,.F.);
#2630 = FACE_BOUND('',#2631,.F.);
#2631 = EDGE_LOOP('',(#2632));
#2632 = ORIENTED_EDGE('',*,*,#1637,.T.);
#2633 = FACE_BOUND('',#2634,.F.);
#2634 = EDGE_LOOP('',(#2635));
#2635 = ORIENTED_EDGE('',*,*,#655,.F.);
#2636 = ADVANCED_FACE('',(#2637),#589,.T.);
#2637 = FACE_BOUND('',#2638,.T.);
#2638 = EDGE_LOOP('',(#2639,#2640,#2663,#2684,#2685,#2706,#2707,#2708));
#2639 = ORIENTED_EDGE('',*,*,#2586,.T.);
#2640 = ORIENTED_EDGE('',*,*,#2641,.T.);
#2641 = EDGE_CURVE('',#2587,#2642,#2644,.T.);
#2642 = VERTEX_POINT('',#2643);
#2643 = CARTESIAN_POINT('',(30.,2.25,370.));
#2644 = SURFACE_CURVE('',#2645,(#2649,#2656),.PCURVE_S1.);
#2645 = LINE('',#2646,#2647);
#2646 = CARTESIAN_POINT('',(30.,2.25,250.));
#2647 = VECTOR('',#2648,1.);
#2648 = DIRECTION('',(0.,0.,1.));
#2649 = PCURVE('',#589,#2650);
#2650 = DEFINITIONAL_REPRESENTATION('',(#2651),#2655);
#2651 = LINE('',#2652,#2653);
#2652 = CARTESIAN_POINT('',(-72.33441045465,-33.69796902049));
#2653 = VECTOR('',#2654,1.);
#2654 = DIRECTION('',(1.,0.));
#2655 = ( GEOMETRIC_REPRESENTATION_CONTEXT(2) 
PARAMETRIC_REPRESENTATION_CONTEXT() REPRESENTATION_CONTEXT('2D SPACE',''
  ) );
#2656 = PCURVE('',#2522,#2657);
#2657 = DEFINITIONAL_REPRESENTATION('',(#2658),#2662);
#2658 = LINE('',#2659,#2660);
#2659 = CARTESIAN_POINT('',(0.,-4.5));
#2660 = VECTOR('',#2661,1.);
#2661 = DIRECTION('',(1.,0.));
#2662 = ( GEOMETRIC_REPRESENTATION_CONTEXT(2) 
PARAMETRIC_REPRESENTATION_CONTEXT() REPRESENTATION_CONTEXT('2D SPACE',''
  ) );
#2663 = ORIENTED_EDGE('',*,*,#2664,.T.);
#2664 = EDGE_CURVE('',#2642,#1068,#2665,.T.);
#2665 = SURFACE_CURVE('',#2666,(#2670,#2677),.PCURVE_S1.);
#2666 = LINE('',#2667,#2668);
#2667 = CARTESIAN_POINT('',(30.,2.25,370.));
#2668 = VECTOR('',#2669,1.);
#2669 = DIRECTION('',(0.998146155389,0.,6.086257045056E-02));
#2670 = PCURVE('',#589,#2671);
#2671 = DEFINITIONAL_REPRESENTATION('',(#2672),#2676);
#2672 = LINE('',#2673,#2674);
#2673 = CARTESIAN_POINT('',(47.665589545346,-33.69796902049));
#2674 = VECTOR('',#2675,1.);
#2675 = DIRECTION('',(6.086257045056E-02,0.998146155389));
#2676 = ( GEOMETRIC_REPRESENTATION_CONTEXT(2) 
PARAMETRIC_REPRESENTATION_CONTEXT() REPRESENTATION_CONTEXT('2D SPACE',''
  ) );
#2677 = PCURVE('',#1005,#2678);
#2678 = DEFINITIONAL_REPRESENTATION('',(#2679),#2683);
#2679 = LINE('',#2680,#2681);
#2680 = CARTESIAN_POINT('',(0.,-4.5));
#2681 = VECTOR('',#2682,1.);
#2682 = DIRECTION('',(1.,0.));
#2683 = ( GEOMETRIC_REPRESENTATION_CONTEXT(2) 
PARAMETRIC_REPRESENTATION_CONTEXT() REPRESENTATION_CONTEXT('2D SPACE',''
  ) );
#2684 = ORIENTED_EDGE('',*,*,#1094,.F.);
#2685 = ORIENTED_EDGE('',*,*,#2686,.T.);
#2686 = EDGE_CURVE('',#1095,#1567,#2687,.T.);
#2687 = SURFACE_CURVE('',#2688,(#2692,#2699),.PCURVE_S1.);
#2688 = LINE('',#2689,#2690);
#2689 = CARTESIAN_POINT('',(112.,2.25,320.));
#2690 = VECTOR('',#2691,1.);
#2691 = DIRECTION('',(-0.760564502202,0.,-0.649262379928));
#2692 = PCURVE('',#589,#2693);
#2693 = DEFINITIONAL_REPRESENTATION('',(#2694),#2698);
#2694 = LINE('',#2695,#2696);
#2695 = CARTESIAN_POINT('',(-2.334410454654,48.302030979502));
#2696 = VECTOR('',#2697,1.);
#2697 = DIRECTION('',(-0.649262379928,-0.760564502202));
#2698 = ( GEOMETRIC_REPRESENTATION_CONTEXT(2) 
PARAMETRIC_REPRESENTATION_CONTEXT() REPRESENTATION_CONTEXT('2D SPACE',''
  ) );
#2699 = PCURVE('',#1135,#2700);
#2700 = DEFINITIONAL_REPRESENTATION('',(#2701),#2705);
#2701 = LINE('',#2702,#2703);
#2702 = CARTESIAN_POINT('',(0.,-4.5));
#2703 = VECTOR('',#2704,1.);
#2704 = DIRECTION('',(1.,-0.));
#2705 = ( GEOMETRIC_REPRESENTATION_CONTEXT(2) 
PARAMETRIC_REPRESENTATION_CONTEXT() REPRESENTATION_CONTEXT('2D SPACE',''
  ) );
#2706 = ORIENTED_EDGE('',*,*,#1566,.T.);
#2707 = ORIENTED_EDGE('',*,*,#1953,.T.);
#2708 = ORIENTED_EDGE('',*,*,#574,.F.);
#2709 = ADVANCED_FACE('',(#2710),#1005,.F.);
#2710 = FACE_BOUND('',#2711,.F.);
#2711 = EDGE_LOOP('',(#2712,#2713,#2734,#2735,#2736));
#2712 = ORIENTED_EDGE('',*,*,#2534,.F.);
#2713 = ORIENTED_EDGE('',*,*,#2714,.T.);
#2714 = EDGE_CURVE('',#2507,#2642,#2715,.T.);
#2715 = SURFACE_CURVE('',#2716,(#2720,#2727),.PCURVE_S1.);
#2716 = LINE('',#2717,#2718);
#2717 = CARTESIAN_POINT('',(30.,-2.25,370.));
#2718 = VECTOR('',#2719,1.);
#2719 = DIRECTION('',(0.,1.,0.));
#2720 = PCURVE('',#1005,#2721);
#2721 = DEFINITIONAL_REPRESENTATION('',(#2722),#2726);
#2722 = LINE('',#2723,#2724);
#2723 = CARTESIAN_POINT('',(0.,0.));
#2724 = VECTOR('',#2725,1.);
#2725 = DIRECTION('',(0.,-1.));
#2726 = ( GEOMETRIC_REPRESENTATION_CONTEXT(2) 
PARAMETRIC_REPRESENTATION_CONTEXT() REPRESENTATION_CONTEXT('2D SPACE',''
  ) );
#2727 = PCURVE('',#2522,#2728);
#2728 = DEFINITIONAL_REPRESENTATION('',(#2729),#2733);
#2729 = LINE('',#2730,#2731);
#2730 = CARTESIAN_POINT('',(120.,0.));
#2731 = VECTOR('',#2732,1.);
#2732 = DIRECTION('',(0.,-1.));
#2733 = ( GEOMETRIC_REPRESENTATION_CONTEXT(2) 
PARAMETRIC_REPRESENTATION_CONTEXT() REPRESENTATION_CONTEXT('2D SPACE',''
  ) );
#2734 = ORIENTED_EDGE('',*,*,#2664,.T.);
#2735 = ORIENTED_EDGE('',*,*,#1067,.T.);
#2736 = ORIENTED_EDGE('',*,*,#983,.T.);
#2737 = ADVANCED_FACE('',(#2738),#1135,.F.);
#2738 = FACE_BOUND('',#2739,.F.);
#2739 = EDGE_LOOP('',(#2740,#2741,#2742,#2743,#2744,#2745));
#2740 = ORIENTED_EDGE('',*,*,#2556,.F.);
#2741 = ORIENTED_EDGE('',*,*,#1197,.T.);
#2742 = ORIENTED_EDGE('',*,*,#1115,.T.);
#2743 = ORIENTED_EDGE('',*,*,#2686,.T.);
#2744 = ORIENTED_EDGE('',*,*,#1587,.F.);
#2745 = ORIENTED_EDGE('',*,*,#1660,.F.);
#2746 = ADVANCED_FACE('',(#2747),#1184,.F.);
#2747 = FACE_BOUND('',#2748,.F.);
#2748 = EDGE_LOOP('',(#2749,#2750,#2773,#2800));
#2749 = ORIENTED_EDGE('',*,*,#1170,.F.);
#2750 = ORIENTED_EDGE('',*,*,#2751,.F.);
#2751 = EDGE_CURVE('',#2752,#1148,#2754,.T.);
#2752 = VERTEX_POINT('',#2753);
#2753 = CARTESIAN_POINT('',(40.,-9.797174393179E-15,0.));
#2754 = SEAM_CURVE('',#2755,(#2759,#2766),.PCURVE_S1.);
#2755 = LINE('',#2756,#2757);
#2756 = CARTESIAN_POINT('',(40.,-9.797174393179E-15,-1.));
#2757 = VECTOR('',#2758,1.);
#2758 = DIRECTION('',(0.,0.,1.));
#2759 = PCURVE('',#1184,#2760);
#2760 = DEFINITIONAL_REPRESENTATION('',(#2761),#2765);
#2761 = LINE('',#2762,#2763);
#2762 = CARTESIAN_POINT('',(6.28318530718,-0.));
#2763 = VECTOR('',#2764,1.);
#2764 = DIRECTION('',(0.,1.));
#2765 = ( GEOMETRIC_REPRESENTATION_CONTEXT(2) 
PARAMETRIC_REPRESENTATION_CONTEXT() REPRESENTATION_CONTEXT('2D SPACE',''
  ) );
#2766 = PCURVE('',#1184,#2767);
#2767 = DEFINITIONAL_REPRESENTATION('',(#2768),#2772);
#2768 = LINE('',#2769,#2770);
#2769 = CARTESIAN_POINT('',(0.,-0.));
#2770 = VECTOR('',#2771,1.);
#2771 = DIRECTION('',(0.,1.));
#2772 = ( GEOMETRIC_REPRESENTATION_CONTEXT(2) 
PARAMETRIC_REPRESENTATION_CONTEXT() REPRESENTATION_CONTEXT('2D SPACE',''
  ) );
#2773 = ORIENTED_EDGE('',*,*,#2774,.T.);
#2774 = EDGE_CURVE('',#2752,#2752,#2775,.T.);
#2775 = SURFACE_CURVE('',#2776,(#2781,#2788),.PCURVE_S1.);
#2776 = CIRCLE('',#2777,40.);
#2777 = AXIS2_PLACEMENT_3D('',#2778,#2779,#2780);
#2778 = CARTESIAN_POINT('',(0.,0.,0.));
#2779 = DIRECTION('',(0.,0.,1.));
#2780 = DIRECTION('',(1.,0.,-0.));
#2781 = PCURVE('',#1184,#2782);
#2782 = DEFINITIONAL_REPRESENTATION('',(#2783),#2787);
#2783 = LINE('',#2784,#2785);
#2784 = CARTESIAN_POINT('',(0.,1.));
#2785 = VECTOR('',#2786,1.);
#2786 = DIRECTION('',(1.,0.));
#2787 = ( GEOMETRIC_REPRESENTATION_CONTEXT(2) 
PARAMETRIC_REPRESENTATION_CONTEXT() REPRESENTATION_CONTEXT('2D SPACE',''
  ) );
#2788 = PCURVE('',#2789,#2794);
#2789 = PLANE('',#2790);
#2790 = AXIS2_PLACEMENT_3D('',#2791,#2792,#2793);
#2791 = CARTESIAN_POINT('',(0.,0.,0.));
#2792 = DIRECTION('',(0.,0.,1.));
#2793 = DIRECTION('',(1.,0.,-0.));
#2794 = DEFINITIONAL_REPRESENTATION('',(#2795),#2799);
#2795 = CIRCLE('',#2796,40.);
#2796 = AXIS2_PLACEMENT_2D('',#2797,#2798);
#2797 = CARTESIAN_POINT('',(0.,0.));
#2798 = DIRECTION('',(1.,0.));
#2799 = ( GEOMETRIC_REPRESENTATION_CONTEXT(2) 
PARAMETRIC_REPRESENTATION_CONTEXT() REPRESENTATION_CONTEXT('2D SPACE',''
  ) );
#2800 = ORIENTED_EDGE('',*,*,#2751,.T.);
#2801 = ADVANCED_FACE('',(#2802),#1055,.F.);
#2802 = FACE_BOUND('',#2803,.F.);
#2803 = EDGE_LOOP('',(#2804,#2832,#2853,#2854));
#2804 = ORIENTED_EDGE('',*,*,#2805,.F.);
#2805 = EDGE_CURVE('',#2806,#2806,#2808,.T.);
#2806 = VERTEX_POINT('',#2807);
#2807 = CARTESIAN_POINT('',(40.,-9.797174393179E-15,514.));
#2808 = SURFACE_CURVE('',#2809,(#2814,#2821),.PCURVE_S1.);
#2809 = CIRCLE('',#2810,40.);
#2810 = AXIS2_PLACEMENT_3D('',#2811,#2812,#2813);
#2811 = CARTESIAN_POINT('',(0.,0.,514.));
#2812 = DIRECTION('',(0.,0.,1.));
#2813 = DIRECTION('',(1.,0.,-0.));
#2814 = PCURVE('',#1055,#2815);
#2815 = DEFINITIONAL_REPRESENTATION('',(#2816),#2820);
#2816 = LINE('',#2817,#2818);
#2817 = CARTESIAN_POINT('',(0.,111.));
#2818 = VECTOR('',#2819,1.);
#2819 = DIRECTION('',(1.,0.));
#2820 = ( GEOMETRIC_REPRESENTATION_CONTEXT(2) 
PARAMETRIC_REPRESENTATION_CONTEXT() REPRESENTATION_CONTEXT('2D SPACE',''
  ) );
#2821 = PCURVE('',#2822,#2827);
#2822 = CYLINDRICAL_SURFACE('',#2823,40.);
#2823 = AXIS2_PLACEMENT_3D('',#2824,#2825,#2826);
#2824 = CARTESIAN_POINT('',(0.,0.,513.));
#2825 = DIRECTION('',(0.,0.,1.));
#2826 = DIRECTION('',(1.,0.,-0.));
#2827 = DEFINITIONAL_REPRESENTATION('',(#2828),#2831);
#2828 = B_SPLINE_CURVE_WITH_KNOTS('',1,(#2829,#2830),.UNSPECIFIED.,.F.,
  .F.,(2,2),(0.,6.28318530718),.PIECEWISE_BEZIER_KNOTS.);
#2829 = CARTESIAN_POINT('',(0.,1.));
#2830 = CARTESIAN_POINT('',(6.28318530718,1.));
#2831 = ( GEOMETRIC_REPRESENTATION_CONTEXT(2) 
PARAMETRIC_REPRESENTATION_CONTEXT() REPRESENTATION_CONTEXT('2D SPACE',''
  ) );
#2832 = ORIENTED_EDGE('',*,*,#2833,.F.);
#2833 = EDGE_CURVE('',#1018,#2806,#2834,.T.);
#2834 = SEAM_CURVE('',#2835,(#2839,#2846),.PCURVE_S1.);
#2835 = LINE('',#2836,#2837);
#2836 = CARTESIAN_POINT('',(40.,-9.797174393179E-15,403.));
#2837 = VECTOR('',#2838,1.);
#2838 = DIRECTION('',(0.,0.,1.));
#2839 = PCURVE('',#1055,#2840);
#2840 = DEFINITIONAL_REPRESENTATION('',(#2841),#2845);
#2841 = LINE('',#2842,#2843);
#2842 = CARTESIAN_POINT('',(6.28318530718,-0.));
#2843 = VECTOR('',#2844,1.);
#2844 = DIRECTION('',(0.,1.));
#2845 = ( GEOMETRIC_REPRESENTATION_CONTEXT(2) 
PARAMETRIC_REPRESENTATION_CONTEXT() REPRESENTATION_CONTEXT('2D SPACE',''
  ) );
#2846 = PCURVE('',#1055,#2847);
#2847 = DEFINITIONAL_REPRESENTATION('',(#2848),#2852);
#2848 = LINE('',#2849,#2850);
#2849 = CARTESIAN_POINT('',(0.,-0.));
#2850 = VECTOR('',#2851,1.);
#2851 = DIRECTION('',(0.,1.));
#2852 = ( GEOMETRIC_REPRESENTATION_CONTEXT(2) 
PARAMETRIC_REPRESENTATION_CONTEXT() REPRESENTATION_CONTEXT('2D SPACE',''
  ) );
#2853 = ORIENTED_EDGE('',*,*,#1040,.T.);
#2854 = ORIENTED_EDGE('',*,*,#2833,.T.);
#2855 = ADVANCED_FACE('',(#2856),#1267,.F.);
#2856 = FACE_BOUND('',#2857,.F.);
#2857 = EDGE_LOOP('',(#2858,#2859,#2880,#2881));
#2858 = ORIENTED_EDGE('',*,*,#2047,.F.);
#2859 = ORIENTED_EDGE('',*,*,#2860,.T.);
#2860 = EDGE_CURVE('',#2020,#2147,#2861,.T.);
#2861 = SURFACE_CURVE('',#2862,(#2866,#2873),.PCURVE_S1.);
#2862 = LINE('',#2863,#2864);
#2863 = CARTESIAN_POINT('',(2.25,30.,370.));
#2864 = VECTOR('',#2865,1.);
#2865 = DIRECTION('',(-1.,1.110223024625E-16,0.));
#2866 = PCURVE('',#1267,#2867);
#2867 = DEFINITIONAL_REPRESENTATION('',(#2868),#2872);
#2868 = LINE('',#2869,#2870);
#2869 = CARTESIAN_POINT('',(0.,0.));
#2870 = VECTOR('',#2871,1.);
#2871 = DIRECTION('',(0.,-1.));
#2872 = ( GEOMETRIC_REPRESENTATION_CONTEXT(2) 
PARAMETRIC_REPRESENTATION_CONTEXT() REPRESENTATION_CONTEXT('2D SPACE',''
  ) );
#2873 = PCURVE('',#2035,#2874);
#2874 = DEFINITIONAL_REPRESENTATION('',(#2875),#2879);
#2875 = LINE('',#2876,#2877);
#2876 = CARTESIAN_POINT('',(120.,0.));
#2877 = VECTOR('',#2878,1.);
#2878 = DIRECTION('',(0.,-1.));
#2879 = ( GEOMETRIC_REPRESENTATION_CONTEXT(2) 
PARAMETRIC_REPRESENTATION_CONTEXT() REPRESENTATION_CONTEXT('2D SPACE',''
  ) );
#2880 = ORIENTED_EDGE('',*,*,#2169,.T.);
#2881 = ORIENTED_EDGE('',*,*,#1245,.T.);
#2882 = ADVANCED_FACE('',(#2883),#1320,.F.);
#2883 = FACE_BOUND('',#2884,.F.);
#2884 = EDGE_LOOP('',(#2885,#2886,#2887,#2888));
#2885 = ORIENTED_EDGE('',*,*,#2069,.F.);
#2886 = ORIENTED_EDGE('',*,*,#1300,.T.);
#2887 = ORIENTED_EDGE('',*,*,#2191,.T.);
#2888 = ORIENTED_EDGE('',*,*,#1872,.F.);
#2889 = ADVANCED_FACE('',(#2890),#1375,.F.);
#2890 = FACE_BOUND('',#2891,.F.);
#2891 = EDGE_LOOP('',(#2892,#2893,#2914,#2915));
#2892 = ORIENTED_EDGE('',*,*,#2312,.F.);
#2893 = ORIENTED_EDGE('',*,*,#2894,.T.);
#2894 = EDGE_CURVE('',#2285,#2412,#2895,.T.);
#2895 = SURFACE_CURVE('',#2896,(#2900,#2907),.PCURVE_S1.);
#2896 = LINE('',#2897,#2898);
#2897 = CARTESIAN_POINT('',(-30.,2.25,370.));
#2898 = VECTOR('',#2899,1.);
#2899 = DIRECTION('',(-1.224646799147E-16,-1.,0.));
#2900 = PCURVE('',#1375,#2901);
#2901 = DEFINITIONAL_REPRESENTATION('',(#2902),#2906);
#2902 = LINE('',#2903,#2904);
#2903 = CARTESIAN_POINT('',(0.,0.));
#2904 = VECTOR('',#2905,1.);
#2905 = DIRECTION('',(2.629469696183E-33,-1.));
#2906 = ( GEOMETRIC_REPRESENTATION_CONTEXT(2) 
PARAMETRIC_REPRESENTATION_CONTEXT() REPRESENTATION_CONTEXT('2D SPACE',''
  ) );
#2907 = PCURVE('',#2300,#2908);
#2908 = DEFINITIONAL_REPRESENTATION('',(#2909),#2913);
#2909 = LINE('',#2910,#2911);
#2910 = CARTESIAN_POINT('',(120.,0.));
#2911 = VECTOR('',#2912,1.);
#2912 = DIRECTION('',(0.,-1.));
#2913 = ( GEOMETRIC_REPRESENTATION_CONTEXT(2) 
PARAMETRIC_REPRESENTATION_CONTEXT() REPRESENTATION_CONTEXT('2D SPACE',''
  ) );
#2914 = ORIENTED_EDGE('',*,*,#2434,.T.);
#2915 = ORIENTED_EDGE('',*,*,#1353,.T.);
#2916 = ADVANCED_FACE('',(#2917),#1428,.F.);
#2917 = FACE_BOUND('',#2918,.F.);
#2918 = EDGE_LOOP('',(#2919,#2920,#2921,#2922));
#2919 = ORIENTED_EDGE('',*,*,#2334,.F.);
#2920 = ORIENTED_EDGE('',*,*,#1408,.T.);
#2921 = ORIENTED_EDGE('',*,*,#2456,.T.);
#2922 = ORIENTED_EDGE('',*,*,#1779,.F.);
#2923 = ADVANCED_FACE('',(#2924),#2035,.F.);
#2924 = FACE_BOUND('',#2925,.F.);
#2925 = EDGE_LOOP('',(#2926,#2927,#2928,#2929));
#2926 = ORIENTED_EDGE('',*,*,#2121,.T.);
#2927 = ORIENTED_EDGE('',*,*,#2146,.T.);
#2928 = ORIENTED_EDGE('',*,*,#2860,.F.);
#2929 = ORIENTED_EDGE('',*,*,#2019,.F.);
#2930 = ADVANCED_FACE('',(#2931),#2300,.F.);
#2931 = FACE_BOUND('',#2932,.F.);
#2932 = EDGE_LOOP('',(#2933,#2934,#2935,#2936));
#2933 = ORIENTED_EDGE('',*,*,#2386,.T.);
#2934 = ORIENTED_EDGE('',*,*,#2411,.T.);
#2935 = ORIENTED_EDGE('',*,*,#2894,.F.);
#2936 = ORIENTED_EDGE('',*,*,#2284,.F.);
#2937 = ADVANCED_FACE('',(#2938),#2522,.F.);
#2938 = FACE_BOUND('',#2939,.F.);
#2939 = EDGE_LOOP('',(#2940,#2941,#2942,#2943));
#2940 = ORIENTED_EDGE('',*,*,#2609,.T.);
#2941 = ORIENTED_EDGE('',*,*,#2641,.T.);
#2942 = ORIENTED_EDGE('',*,*,#2714,.F.);
#2943 = ORIENTED_EDGE('',*,*,#2506,.F.);
#2944 = ADVANCED_FACE('',(#2945,#2976),#2789,.F.);
#2945 = FACE_BOUND('',#2946,.F.);
#2946 = EDGE_LOOP('',(#2947));
#2947 = ORIENTED_EDGE('',*,*,#2948,.T.);
#2948 = EDGE_CURVE('',#2949,#2949,#2951,.T.);
#2949 = VERTEX_POINT('',#2950);
#2950 = CARTESIAN_POINT('',(42.,-1.028703311284E-14,0.));
#2951 = SURFACE_CURVE('',#2952,(#2957,#2964),.PCURVE_S1.);
#2952 = CIRCLE('',#2953,42.);
#2953 = AXIS2_PLACEMENT_3D('',#2954,#2955,#2956);
#2954 = CARTESIAN_POINT('',(0.,0.,0.));
#2955 = DIRECTION('',(0.,0.,1.));
#2956 = DIRECTION('',(1.,0.,-0.));
#2957 = PCURVE('',#2789,#2958);
#2958 = DEFINITIONAL_REPRESENTATION('',(#2959),#2963);
#2959 = CIRCLE('',#2960,42.);
#2960 = AXIS2_PLACEMENT_2D('',#2961,#2962);
#2961 = CARTESIAN_POINT('',(0.,0.));
#2962 = DIRECTION('',(1.,0.));
#2963 = ( GEOMETRIC_REPRESENTATION_CONTEXT(2) 
PARAMETRIC_REPRESENTATION_CONTEXT() REPRESENTATION_CONTEXT('2D SPACE',''
  ) );
#2964 = PCURVE('',#2965,#2970);
#2965 = CYLINDRICAL_SURFACE('',#2966,42.);
#2966 = AXIS2_PLACEMENT_3D('',#2967,#2968,#2969);
#2967 = CARTESIAN_POINT('',(0.,0.,0.));
#2968 = DIRECTION('',(0.,0.,1.));
#2969 = DIRECTION('',(1.,0.,-0.));
#2970 = DEFINITIONAL_REPRESENTATION('',(#2971),#2975);
#2971 = LINE('',#2972,#2973);
#2972 = CARTESIAN_POINT('',(0.,0.));
#2973 = VECTOR('',#2974,1.);
#2974 = DIRECTION('',(1.,0.));
#2975 = ( GEOMETRIC_REPRESENTATION_CONTEXT(2) 
PARAMETRIC_REPRESENTATION_CONTEXT() REPRESENTATION_CONTEXT('2D SPACE',''
  ) );
#2976 = FACE_BOUND('',#2977,.F.);
#2977 = EDGE_LOOP('',(#2978));
#2978 = ORIENTED_EDGE('',*,*,#2774,.F.);
#2979 = ADVANCED_FACE('',(#2980),#2822,.F.);
#2980 = FACE_BOUND('',#2981,.F.);
#2981 = EDGE_LOOP('',(#2982,#3010,#3031,#3032));
#2982 = ORIENTED_EDGE('',*,*,#2983,.F.);
#2983 = EDGE_CURVE('',#2984,#2984,#2986,.T.);
#2984 = VERTEX_POINT('',#2985);
#2985 = CARTESIAN_POINT('',(40.,-5.175927927851E-15,674.));
#2986 = SURFACE_CURVE('',#2987,(#2992,#2999),.PCURVE_S1.);
#2987 = CIRCLE('',#2988,40.);
#2988 = AXIS2_PLACEMENT_3D('',#2989,#2990,#2991);
#2989 = CARTESIAN_POINT('',(0.,0.,674.));
#2990 = DIRECTION('',(0.,0.,1.));
#2991 = DIRECTION('',(1.,0.,-0.));
#2992 = PCURVE('',#2822,#2993);
#2993 = DEFINITIONAL_REPRESENTATION('',(#2994),#2998);
#2994 = LINE('',#2995,#2996);
#2995 = CARTESIAN_POINT('',(0.,161.));
#2996 = VECTOR('',#2997,1.);
#2997 = DIRECTION('',(1.,0.));
#2998 = ( GEOMETRIC_REPRESENTATION_CONTEXT(2) 
PARAMETRIC_REPRESENTATION_CONTEXT() REPRESENTATION_CONTEXT('2D SPACE',''
  ) );
#2999 = PCURVE('',#3000,#3005);
#3000 = CONICAL_SURFACE('',#3001,40.,3.321768468302E-03);
#3001 = AXIS2_PLACEMENT_3D('',#3002,#3003,#3004);
#3002 = CARTESIAN_POINT('',(0.,0.,674.));
#3003 = DIRECTION('',(-0.,-0.,-1.));
#3004 = DIRECTION('',(1.,0.,-0.));
#3005 = DEFINITIONAL_REPRESENTATION('',(#3006),#3009);
#3006 = B_SPLINE_CURVE_WITH_KNOTS('',1,(#3007,#3008),.UNSPECIFIED.,.F.,
  .F.,(2,2),(0.,6.28318530718),.PIECEWISE_BEZIER_KNOTS.);
#3007 = CARTESIAN_POINT('',(0.,0.));
#3008 = CARTESIAN_POINT('',(-6.28318530718,0.));
#3009 = ( GEOMETRIC_REPRESENTATION_CONTEXT(2) 
PARAMETRIC_REPRESENTATION_CONTEXT() REPRESENTATION_CONTEXT('2D SPACE',''
  ) );
#3010 = ORIENTED_EDGE('',*,*,#3011,.F.);
#3011 = EDGE_CURVE('',#2806,#2984,#3012,.T.);
#3012 = SEAM_CURVE('',#3013,(#3017,#3024),.PCURVE_S1.);
#3013 = LINE('',#3014,#3015);
#3014 = CARTESIAN_POINT('',(40.,-9.797174393179E-15,513.));
#3015 = VECTOR('',#3016,1.);
#3016 = DIRECTION('',(0.,0.,1.));
#3017 = PCURVE('',#2822,#3018);
#3018 = DEFINITIONAL_REPRESENTATION('',(#3019),#3023);
#3019 = LINE('',#3020,#3021);
#3020 = CARTESIAN_POINT('',(6.28318530718,-0.));
#3021 = VECTOR('',#3022,1.);
#3022 = DIRECTION('',(0.,1.));
#3023 = ( GEOMETRIC_REPRESENTATION_CONTEXT(2) 
PARAMETRIC_REPRESENTATION_CONTEXT() REPRESENTATION_CONTEXT('2D SPACE',''
  ) );
#3024 = PCURVE('',#2822,#3025);
#3025 = DEFINITIONAL_REPRESENTATION('',(#3026),#3030);
#3026 = LINE('',#3027,#3028);
#3027 = CARTESIAN_POINT('',(0.,-0.));
#3028 = VECTOR('',#3029,1.);
#3029 = DIRECTION('',(0.,1.));
#3030 = ( GEOMETRIC_REPRESENTATION_CONTEXT(2) 
PARAMETRIC_REPRESENTATION_CONTEXT() REPRESENTATION_CONTEXT('2D SPACE',''
  ) );
#3031 = ORIENTED_EDGE('',*,*,#2805,.T.);
#3032 = ORIENTED_EDGE('',*,*,#3011,.T.);
#3033 = ADVANCED_FACE('',(#3034),#2965,.T.);
#3034 = FACE_BOUND('',#3035,.T.);
#3035 = EDGE_LOOP('',(#3036,#3064,#3085,#3086));
#3036 = ORIENTED_EDGE('',*,*,#3037,.F.);
#3037 = EDGE_CURVE('',#3038,#3038,#3040,.T.);
#3038 = VERTEX_POINT('',#3039);
#3039 = CARTESIAN_POINT('',(42.,-1.028703311284E-14,244.));
#3040 = SURFACE_CURVE('',#3041,(#3046,#3053),.PCURVE_S1.);
#3041 = CIRCLE('',#3042,42.);
#3042 = AXIS2_PLACEMENT_3D('',#3043,#3044,#3045);
#3043 = CARTESIAN_POINT('',(0.,0.,244.));
#3044 = DIRECTION('',(0.,0.,1.));
#3045 = DIRECTION('',(1.,0.,-0.));
#3046 = PCURVE('',#2965,#3047);
#3047 = DEFINITIONAL_REPRESENTATION('',(#3048),#3052);
#3048 = LINE('',#3049,#3050);
#3049 = CARTESIAN_POINT('',(0.,244.));
#3050 = VECTOR('',#3051,1.);
#3051 = DIRECTION('',(1.,0.));
#3052 = ( GEOMETRIC_REPRESENTATION_CONTEXT(2) 
PARAMETRIC_REPRESENTATION_CONTEXT() REPRESENTATION_CONTEXT('2D SPACE',''
  ) );
#3053 = PCURVE('',#3054,#3059);
#3054 = CYLINDRICAL_SURFACE('',#3055,42.);
#3055 = AXIS2_PLACEMENT_3D('',#3056,#3057,#3058);
#3056 = CARTESIAN_POINT('',(0.,0.,244.));
#3057 = DIRECTION('',(0.,0.,1.));
#3058 = DIRECTION('',(1.,0.,-0.));
#3059 = DEFINITIONAL_REPRESENTATION('',(#3060),#3063);
#3060 = B_SPLINE_CURVE_WITH_KNOTS('',1,(#3061,#3062),.UNSPECIFIED.,.F.,
  .F.,(2,2),(0.,6.28318530718),.PIECEWISE_BEZIER_KNOTS.);
#3061 = CARTESIAN_POINT('',(0.,0.));
#3062 = CARTESIAN_POINT('',(6.28318530718,0.));
#3063 = ( GEOMETRIC_REPRESENTATION_CONTEXT(2) 
PARAMETRIC_REPRESENTATION_CONTEXT() REPRESENTATION_CONTEXT('2D SPACE',''
  ) );
#3064 = ORIENTED_EDGE('',*,*,#3065,.F.);
#3065 = EDGE_CURVE('',#2949,#3038,#3066,.T.);
#3066 = SEAM_CURVE('',#3067,(#3071,#3078),.PCURVE_S1.);
#3067 = LINE('',#3068,#3069);
#3068 = CARTESIAN_POINT('',(42.,-1.028703311284E-14,0.));
#3069 = VECTOR('',#3070,1.);
#3070 = DIRECTION('',(0.,0.,1.));
#3071 = PCURVE('',#2965,#3072);
#3072 = DEFINITIONAL_REPRESENTATION('',(#3073),#3077);
#3073 = LINE('',#3074,#3075);
#3074 = CARTESIAN_POINT('',(6.28318530718,-0.));
#3075 = VECTOR('',#3076,1.);
#3076 = DIRECTION('',(0.,1.));
#3077 = ( GEOMETRIC_REPRESENTATION_CONTEXT(2) 
PARAMETRIC_REPRESENTATION_CONTEXT() REPRESENTATION_CONTEXT('2D SPACE',''
  ) );
#3078 = PCURVE('',#2965,#3079);
#3079 = DEFINITIONAL_REPRESENTATION('',(#3080),#3084);
#3080 = LINE('',#3081,#3082);
#3081 = CARTESIAN_POINT('',(0.,-0.));
#3082 = VECTOR('',#3083,1.);
#3083 = DIRECTION('',(0.,1.));
#3084 = ( GEOMETRIC_REPRESENTATION_CONTEXT(2) 
PARAMETRIC_REPRESENTATION_CONTEXT() REPRESENTATION_CONTEXT('2D SPACE',''
  ) );
#3085 = ORIENTED_EDGE('',*,*,#2948,.T.);
#3086 = ORIENTED_EDGE('',*,*,#3065,.T.);
#3087 = ADVANCED_FACE('',(#3088),#3000,.F.);
#3088 = FACE_BOUND('',#3089,.F.);
#3089 = EDGE_LOOP('',(#3090,#3113,#3114,#3115));
#3090 = ORIENTED_EDGE('',*,*,#3091,.F.);
#3091 = EDGE_CURVE('',#2984,#3092,#3094,.T.);
#3092 = VERTEX_POINT('',#3093);
#3093 = CARTESIAN_POINT('',(39.988816671691,0.,677.36666666666));
#3094 = SEAM_CURVE('',#3095,(#3099,#3106),.PCURVE_S1.);
#3095 = LINE('',#3096,#3097);
#3096 = CARTESIAN_POINT('',(40.,0.,674.));
#3097 = VECTOR('',#3098,1.);
#3098 = DIRECTION('',(-3.321762359492E-03,0.,0.999994482932));
#3099 = PCURVE('',#3000,#3100);
#3100 = DEFINITIONAL_REPRESENTATION('',(#3101),#3105);
#3101 = LINE('',#3102,#3103);
#3102 = CARTESIAN_POINT('',(-0.,-0.));
#3103 = VECTOR('',#3104,1.);
#3104 = DIRECTION('',(-0.,-1.));
#3105 = ( GEOMETRIC_REPRESENTATION_CONTEXT(2) 
PARAMETRIC_REPRESENTATION_CONTEXT() REPRESENTATION_CONTEXT('2D SPACE',''
  ) );
#3106 = PCURVE('',#3000,#3107);
#3107 = DEFINITIONAL_REPRESENTATION('',(#3108),#3112);
#3108 = LINE('',#3109,#3110);
#3109 = CARTESIAN_POINT('',(-6.28318530718,-0.));
#3110 = VECTOR('',#3111,1.);
#3111 = DIRECTION('',(-0.,-1.));
#3112 = ( GEOMETRIC_REPRESENTATION_CONTEXT(2) 
PARAMETRIC_REPRESENTATION_CONTEXT() REPRESENTATION_CONTEXT('2D SPACE',''
  ) );
#3113 = ORIENTED_EDGE('',*,*,#2983,.T.);
#3114 = ORIENTED_EDGE('',*,*,#3091,.T.);
#3115 = ORIENTED_EDGE('',*,*,#3116,.F.);
#3116 = EDGE_CURVE('',#3092,#3092,#3117,.T.);
#3117 = SURFACE_CURVE('',#3118,(#3123,#3130),.PCURVE_S1.);
#3118 = CIRCLE('',#3119,39.988816671691);
#3119 = AXIS2_PLACEMENT_3D('',#3120,#3121,#3122);
#3120 = CARTESIAN_POINT('',(0.,0.,677.36666666666));
#3121 = DIRECTION('',(0.,0.,1.));
#3122 = DIRECTION('',(1.,0.,-0.));
#3123 = PCURVE('',#3000,#3124);
#3124 = DEFINITIONAL_REPRESENTATION('',(#3125),#3129);
#3125 = LINE('',#3126,#3127);
#3126 = CARTESIAN_POINT('',(-0.,-3.366666666667));
#3127 = VECTOR('',#3128,1.);
#3128 = DIRECTION('',(-1.,-0.));
#3129 = ( GEOMETRIC_REPRESENTATION_CONTEXT(2) 
PARAMETRIC_REPRESENTATION_CONTEXT() REPRESENTATION_CONTEXT('2D SPACE',''
  ) );
#3130 = PCURVE('',#3131,#3136);
#3131 = CONICAL_SURFACE('',#3132,39.988816671691,9.965452027656E-03);
#3132 = AXIS2_PLACEMENT_3D('',#3133,#3134,#3135);
#3133 = CARTESIAN_POINT('',(0.,0.,677.36666666666));
#3134 = DIRECTION('',(-0.,-0.,-1.));
#3135 = DIRECTION('',(1.,0.,-0.));
#3136 = DEFINITIONAL_REPRESENTATION('',(#3137),#3141);
#3137 = LINE('',#3138,#3139);
#3138 = CARTESIAN_POINT('',(-0.,-0.));
#3139 = VECTOR('',#3140,1.);
#3140 = DIRECTION('',(-1.,-0.));
#3141 = ( GEOMETRIC_REPRESENTATION_CONTEXT(2) 
PARAMETRIC_REPRESENTATION_CONTEXT() REPRESENTATION_CONTEXT('2D SPACE',''
  ) );
#3142 = ADVANCED_FACE('',(#3143,#3388,#3506,#3624),#3054,.T.);
#3143 = FACE_BOUND('',#3144,.T.);
#3144 = EDGE_LOOP('',(#3145,#3179,#3202,#3228,#3229,#3256,#3282,#3314,
    #3335,#3336,#3337,#3364));
#3145 = ORIENTED_EDGE('',*,*,#3146,.F.);
#3146 = EDGE_CURVE('',#3147,#3149,#3151,.T.);
#3147 = VERTEX_POINT('',#3148);
#3148 = CARTESIAN_POINT('',(42.,-1.028703311284E-14,370.73170731707));
#3149 = VERTEX_POINT('',#3150);
#3150 = CARTESIAN_POINT('',(41.939688840047,-2.25,370.72802980732));
#3151 = SURFACE_CURVE('',#3152,(#3157,#3167),.PCURVE_S1.);
#3152 = ELLIPSE('',#3153,42.078006084815,42.);
#3153 = AXIS2_PLACEMENT_3D('',#3154,#3155,#3156);
#3154 = CARTESIAN_POINT('',(0.,0.,368.17073170731));
#3155 = DIRECTION('',(6.086257045056E-02,0.,-0.998146155389));
#3156 = DIRECTION('',(0.998146155389,0.,6.086257045056E-02));
#3157 = PCURVE('',#3054,#3158);
#3158 = DEFINITIONAL_REPRESENTATION('',(#3159),#3166);
#3159 = B_SPLINE_CURVE_WITH_KNOTS('',5,(#3160,#3161,#3162,#3163,#3164,
    #3165),.UNSPECIFIED.,.F.,.F.,(6,6),(6.804340626802E-18,
    6.433007525882E-02),.PIECEWISE_BEZIER_KNOTS.);
#3160 = CARTESIAN_POINT('',(6.28318530718,126.73170731707));
#3161 = CARTESIAN_POINT('',(6.270319292128,126.73170731707));
#3162 = CARTESIAN_POINT('',(6.257453277076,126.7311774053));
#3163 = CARTESIAN_POINT('',(6.244587262024,126.73011758174));
#3164 = CARTESIAN_POINT('',(6.231721246973,126.72852821199));
#3165 = CARTESIAN_POINT('',(6.218855231921,126.72641002659));
#3166 = ( GEOMETRIC_REPRESENTATION_CONTEXT(2) 
PARAMETRIC_REPRESENTATION_CONTEXT() REPRESENTATION_CONTEXT('2D SPACE',''
  ) );
#3167 = PCURVE('',#3168,#3173);
#3168 = PLANE('',#3169);
#3169 = AXIS2_PLACEMENT_3D('',#3170,#3171,#3172);
#3170 = CARTESIAN_POINT('',(30.,-2.25,370.));
#3171 = DIRECTION('',(6.086257045056E-02,0.,-0.998146155389));
#3172 = DIRECTION('',(0.998146155389,0.,6.086257045056E-02));
#3173 = DEFINITIONAL_REPRESENTATION('',(#3174),#3178);
#3174 = ELLIPSE('',#3175,42.078006084815,42.);
#3175 = AXIS2_PLACEMENT_2D('',#3176,#3177);
#3176 = CARTESIAN_POINT('',(-30.05571863201,-2.25));
#3177 = DIRECTION('',(1.,0.));
#3178 = ( GEOMETRIC_REPRESENTATION_CONTEXT(2) 
PARAMETRIC_REPRESENTATION_CONTEXT() REPRESENTATION_CONTEXT('2D SPACE',''
  ) );
#3179 = ORIENTED_EDGE('',*,*,#3180,.T.);
#3180 = EDGE_CURVE('',#3147,#3181,#3183,.T.);
#3181 = VERTEX_POINT('',#3182);
#3182 = CARTESIAN_POINT('',(42.,-1.028703311284E-14,404.));
#3183 = SEAM_CURVE('',#3184,(#3188,#3195),.PCURVE_S1.);
#3184 = LINE('',#3185,#3186);
#3185 = CARTESIAN_POINT('',(42.,-1.028703311284E-14,244.));
#3186 = VECTOR('',#3187,1.);
#3187 = DIRECTION('',(0.,0.,1.));
#3188 = PCURVE('',#3054,#3189);
#3189 = DEFINITIONAL_REPRESENTATION('',(#3190),#3194);
#3190 = LINE('',#3191,#3192);
#3191 = CARTESIAN_POINT('',(0.,-0.));
#3192 = VECTOR('',#3193,1.);
#3193 = DIRECTION('',(0.,1.));
#3194 = ( GEOMETRIC_REPRESENTATION_CONTEXT(2) 
PARAMETRIC_REPRESENTATION_CONTEXT() REPRESENTATION_CONTEXT('2D SPACE',''
  ) );
#3195 = PCURVE('',#3054,#3196);
#3196 = DEFINITIONAL_REPRESENTATION('',(#3197),#3201);
#3197 = LINE('',#3198,#3199);
#3198 = CARTESIAN_POINT('',(6.28318530718,-0.));
#3199 = VECTOR('',#3200,1.);
#3200 = DIRECTION('',(0.,1.));
#3201 = ( GEOMETRIC_REPRESENTATION_CONTEXT(2) 
PARAMETRIC_REPRESENTATION_CONTEXT() REPRESENTATION_CONTEXT('2D SPACE',''
  ) );
#3202 = ORIENTED_EDGE('',*,*,#3203,.F.);
#3203 = EDGE_CURVE('',#3181,#3181,#3204,.T.);
#3204 = SURFACE_CURVE('',#3205,(#3210,#3217),.PCURVE_S1.);
#3205 = CIRCLE('',#3206,42.);
#3206 = AXIS2_PLACEMENT_3D('',#3207,#3208,#3209);
#3207 = CARTESIAN_POINT('',(0.,0.,404.));
#3208 = DIRECTION('',(0.,0.,1.));
#3209 = DIRECTION('',(1.,0.,-0.));
#3210 = PCURVE('',#3054,#3211);
#3211 = DEFINITIONAL_REPRESENTATION('',(#3212),#3216);
#3212 = LINE('',#3213,#3214);
#3213 = CARTESIAN_POINT('',(0.,160.));
#3214 = VECTOR('',#3215,1.);
#3215 = DIRECTION('',(1.,0.));
#3216 = ( GEOMETRIC_REPRESENTATION_CONTEXT(2) 
PARAMETRIC_REPRESENTATION_CONTEXT() REPRESENTATION_CONTEXT('2D SPACE',''
  ) );
#3217 = PCURVE('',#3218,#3223);
#3218 = CYLINDRICAL_SURFACE('',#3219,42.);
#3219 = AXIS2_PLACEMENT_3D('',#3220,#3221,#3222);
#3220 = CARTESIAN_POINT('',(0.,0.,404.));
#3221 = DIRECTION('',(0.,0.,1.));
#3222 = DIRECTION('',(1.,0.,-0.));
#3223 = DEFINITIONAL_REPRESENTATION('',(#3224),#3227);
#3224 = B_SPLINE_CURVE_WITH_KNOTS('',1,(#3225,#3226),.UNSPECIFIED.,.F.,
  .F.,(2,2),(0.,6.28318530718),.PIECEWISE_BEZIER_KNOTS.);
#3225 = CARTESIAN_POINT('',(0.,0.));
#3226 = CARTESIAN_POINT('',(6.28318530718,0.));
#3227 = ( GEOMETRIC_REPRESENTATION_CONTEXT(2) 
PARAMETRIC_REPRESENTATION_CONTEXT() REPRESENTATION_CONTEXT('2D SPACE',''
  ) );
#3228 = ORIENTED_EDGE('',*,*,#3180,.F.);
#3229 = ORIENTED_EDGE('',*,*,#3230,.F.);
#3230 = EDGE_CURVE('',#3231,#3147,#3233,.T.);
#3231 = VERTEX_POINT('',#3232);
#3232 = CARTESIAN_POINT('',(41.939688840047,2.25,370.72802980732));
#3233 = SURFACE_CURVE('',#3234,(#3239,#3249),.PCURVE_S1.);
#3234 = ELLIPSE('',#3235,42.078006084815,42.);
#3235 = AXIS2_PLACEMENT_3D('',#3236,#3237,#3238);
#3236 = CARTESIAN_POINT('',(0.,0.,368.17073170731));
#3237 = DIRECTION('',(6.086257045056E-02,0.,-0.998146155389));
#3238 = DIRECTION('',(0.998146155389,0.,6.086257045056E-02));
#3239 = PCURVE('',#3054,#3240);
#3240 = DEFINITIONAL_REPRESENTATION('',(#3241),#3248);
#3241 = B_SPLINE_CURVE_WITH_KNOTS('',5,(#3242,#3243,#3244,#3245,#3246,
    #3247),.UNSPECIFIED.,.F.,.F.,(6,6),(6.218855231921,6.28318530718),
  .PIECEWISE_BEZIER_KNOTS.);
#3242 = CARTESIAN_POINT('',(6.433007525882E-02,126.72641002659));
#3243 = CARTESIAN_POINT('',(5.146406020706E-02,126.72852821199));
#3244 = CARTESIAN_POINT('',(3.859804515529E-02,126.73011758174));
#3245 = CARTESIAN_POINT('',(2.573203010353E-02,126.7311774053));
#3246 = CARTESIAN_POINT('',(1.286601505176E-02,126.73170731707));
#3247 = CARTESIAN_POINT('',(2.449293598295E-16,126.73170731707));
#3248 = ( GEOMETRIC_REPRESENTATION_CONTEXT(2) 
PARAMETRIC_REPRESENTATION_CONTEXT() REPRESENTATION_CONTEXT('2D SPACE',''
  ) );
#3249 = PCURVE('',#3168,#3250);
#3250 = DEFINITIONAL_REPRESENTATION('',(#3251),#3255);
#3251 = ELLIPSE('',#3252,42.078006084815,42.);
#3252 = AXIS2_PLACEMENT_2D('',#3253,#3254);
#3253 = CARTESIAN_POINT('',(-30.05571863201,-2.25));
#3254 = DIRECTION('',(1.,0.));
#3255 = ( GEOMETRIC_REPRESENTATION_CONTEXT(2) 
PARAMETRIC_REPRESENTATION_CONTEXT() REPRESENTATION_CONTEXT('2D SPACE',''
  ) );
#3256 = ORIENTED_EDGE('',*,*,#3257,.F.);
#3257 = EDGE_CURVE('',#3258,#3231,#3260,.T.);
#3258 = VERTEX_POINT('',#3259);
#3259 = CARTESIAN_POINT('',(41.939688840047,2.25,260.19241730247));
#3260 = SURFACE_CURVE('',#3261,(#3265,#3271),.PCURVE_S1.);
#3261 = LINE('',#3262,#3263);
#3262 = CARTESIAN_POINT('',(41.939688840047,2.25,244.));
#3263 = VECTOR('',#3264,1.);
#3264 = DIRECTION('',(0.,0.,1.));
#3265 = PCURVE('',#3054,#3266);
#3266 = DEFINITIONAL_REPRESENTATION('',(#3267),#3270);
#3267 = B_SPLINE_CURVE_WITH_KNOTS('',1,(#3268,#3269),.UNSPECIFIED.,.F.,
  .F.,(2,2),(-5.999999928008E-07,143.5),.PIECEWISE_BEZIER_KNOTS.);
#3268 = CARTESIAN_POINT('',(5.359708580933E-02,-5.999999928008E-07));
#3269 = CARTESIAN_POINT('',(5.359708580933E-02,143.5));
#3270 = ( GEOMETRIC_REPRESENTATION_CONTEXT(2) 
PARAMETRIC_REPRESENTATION_CONTEXT() REPRESENTATION_CONTEXT('2D SPACE',''
  ) );
#3271 = PCURVE('',#3272,#3277);
#3272 = PLANE('',#3273);
#3273 = AXIS2_PLACEMENT_3D('',#3274,#3275,#3276);
#3274 = CARTESIAN_POINT('',(63.697969020498,2.25,322.33441045465));
#3275 = DIRECTION('',(0.,1.,0.));
#3276 = DIRECTION('',(0.,0.,1.));
#3277 = DEFINITIONAL_REPRESENTATION('',(#3278),#3281);
#3278 = B_SPLINE_CURVE_WITH_KNOTS('',1,(#3279,#3280),.UNSPECIFIED.,.F.,
  .F.,(2,2),(-5.999999928008E-07,143.5),.PIECEWISE_BEZIER_KNOTS.);
#3279 = CARTESIAN_POINT('',(-78.33441105465,-21.75828018045));
#3280 = CARTESIAN_POINT('',(65.165589545346,-21.75828018045));
#3281 = ( GEOMETRIC_REPRESENTATION_CONTEXT(2) 
PARAMETRIC_REPRESENTATION_CONTEXT() REPRESENTATION_CONTEXT('2D SPACE',''
  ) );
#3282 = ORIENTED_EDGE('',*,*,#3283,.F.);
#3283 = EDGE_CURVE('',#3284,#3258,#3286,.T.);
#3284 = VERTEX_POINT('',#3285);
#3285 = CARTESIAN_POINT('',(42.,-1.028703311284E-14,260.24390243902));
#3286 = SURFACE_CURVE('',#3287,(#3292,#3302),.PCURVE_S1.);
#3287 = ELLIPSE('',#3288,55.222140763086,42.);
#3288 = AXIS2_PLACEMENT_3D('',#3289,#3290,#3291);
#3289 = CARTESIAN_POINT('',(0.,0.,224.39024390243));
#3290 = DIRECTION('',(-0.649262379928,0.,0.760564502202));
#3291 = DIRECTION('',(0.760564502202,0.,0.649262379928));
#3292 = PCURVE('',#3054,#3293);
#3293 = DEFINITIONAL_REPRESENTATION('',(#3294),#3301);
#3294 = B_SPLINE_CURVE_WITH_KNOTS('',5,(#3295,#3296,#3297,#3298,#3299,
    #3300),.UNSPECIFIED.,.F.,.F.,(6,6),(0.,6.433007525882E-02),
  .PIECEWISE_BEZIER_KNOTS.);
#3295 = CARTESIAN_POINT('',(0.,16.243902439024));
#3296 = CARTESIAN_POINT('',(1.286601505176E-02,16.243902439024));
#3297 = CARTESIAN_POINT('',(2.573203010353E-02,16.236483674325));
#3298 = CARTESIAN_POINT('',(3.859804515529E-02,16.221646144419));
#3299 = CARTESIAN_POINT('',(5.146406020705E-02,16.199394967989));
#3300 = CARTESIAN_POINT('',(6.433007525882E-02,16.169740372321));
#3301 = ( GEOMETRIC_REPRESENTATION_CONTEXT(2) 
PARAMETRIC_REPRESENTATION_CONTEXT() REPRESENTATION_CONTEXT('2D SPACE',''
  ) );
#3302 = PCURVE('',#3303,#3308);
#3303 = PLANE('',#3304);
#3304 = AXIS2_PLACEMENT_3D('',#3305,#3306,#3307);
#3305 = CARTESIAN_POINT('',(112.,-2.25,320.));
#3306 = DIRECTION('',(-0.649262379928,0.,0.760564502202));
#3307 = DIRECTION('',(-0.760564502202,0.,-0.649262379928));
#3308 = DEFINITIONAL_REPRESENTATION('',(#3309),#3313);
#3309 = ELLIPSE('',#3310,55.222140763086,42.);
#3310 = AXIS2_PLACEMENT_2D('',#3311,#3312);
#3311 = CARTESIAN_POINT('',(147.25904203489,-2.25));
#3312 = DIRECTION('',(-1.,0.));
#3313 = ( GEOMETRIC_REPRESENTATION_CONTEXT(2) 
PARAMETRIC_REPRESENTATION_CONTEXT() REPRESENTATION_CONTEXT('2D SPACE',''
  ) );
#3314 = ORIENTED_EDGE('',*,*,#3315,.F.);
#3315 = EDGE_CURVE('',#3038,#3284,#3316,.T.);
#3316 = SEAM_CURVE('',#3317,(#3321,#3328),.PCURVE_S1.);
#3317 = LINE('',#3318,#3319);
#3318 = CARTESIAN_POINT('',(42.,-1.028703311284E-14,244.));
#3319 = VECTOR('',#3320,1.);
#3320 = DIRECTION('',(0.,0.,1.));
#3321 = PCURVE('',#3054,#3322);
#3322 = DEFINITIONAL_REPRESENTATION('',(#3323),#3327);
#3323 = LINE('',#3324,#3325);
#3324 = CARTESIAN_POINT('',(6.28318530718,-0.));
#3325 = VECTOR('',#3326,1.);
#3326 = DIRECTION('',(0.,1.));
#3327 = ( GEOMETRIC_REPRESENTATION_CONTEXT(2) 
PARAMETRIC_REPRESENTATION_CONTEXT() REPRESENTATION_CONTEXT('2D SPACE',''
  ) );
#3328 = PCURVE('',#3054,#3329);
#3329 = DEFINITIONAL_REPRESENTATION('',(#3330),#3334);
#3330 = LINE('',#3331,#3332);
#3331 = CARTESIAN_POINT('',(0.,-0.));
#3332 = VECTOR('',#3333,1.);
#3333 = DIRECTION('',(0.,1.));
#3334 = ( GEOMETRIC_REPRESENTATION_CONTEXT(2) 
PARAMETRIC_REPRESENTATION_CONTEXT() REPRESENTATION_CONTEXT('2D SPACE',''
  ) );
#3335 = ORIENTED_EDGE('',*,*,#3037,.T.);
#3336 = ORIENTED_EDGE('',*,*,#3315,.T.);
#3337 = ORIENTED_EDGE('',*,*,#3338,.F.);
#3338 = EDGE_CURVE('',#3339,#3284,#3341,.T.);
#3339 = VERTEX_POINT('',#3340);
#3340 = CARTESIAN_POINT('',(41.939688840047,-2.25,260.19241730247));
#3341 = SURFACE_CURVE('',#3342,(#3347,#3357),.PCURVE_S1.);
#3342 = ELLIPSE('',#3343,55.222140763086,42.);
#3343 = AXIS2_PLACEMENT_3D('',#3344,#3345,#3346);
#3344 = CARTESIAN_POINT('',(0.,0.,224.39024390243));
#3345 = DIRECTION('',(-0.649262379928,0.,0.760564502202));
#3346 = DIRECTION('',(0.760564502202,0.,0.649262379928));
#3347 = PCURVE('',#3054,#3348);
#3348 = DEFINITIONAL_REPRESENTATION('',(#3349),#3356);
#3349 = B_SPLINE_CURVE_WITH_KNOTS('',5,(#3350,#3351,#3352,#3353,#3354,
    #3355),.UNSPECIFIED.,.F.,.F.,(6,6),(6.218855231921,6.28318530718),
  .PIECEWISE_BEZIER_KNOTS.);
#3350 = CARTESIAN_POINT('',(6.218855231921,16.169740372321));
#3351 = CARTESIAN_POINT('',(6.231721246973,16.199394967989));
#3352 = CARTESIAN_POINT('',(6.244587262024,16.221646144419));
#3353 = CARTESIAN_POINT('',(6.257453277076,16.236483674325));
#3354 = CARTESIAN_POINT('',(6.270319292128,16.243902439024));
#3355 = CARTESIAN_POINT('',(6.28318530718,16.243902439024));
#3356 = ( GEOMETRIC_REPRESENTATION_CONTEXT(2) 
PARAMETRIC_REPRESENTATION_CONTEXT() REPRESENTATION_CONTEXT('2D SPACE',''
  ) );
#3357 = PCURVE('',#3303,#3358);
#3358 = DEFINITIONAL_REPRESENTATION('',(#3359),#3363);
#3359 = ELLIPSE('',#3360,55.222140763086,42.);
#3360 = AXIS2_PLACEMENT_2D('',#3361,#3362);
#3361 = CARTESIAN_POINT('',(147.25904203489,-2.25));
#3362 = DIRECTION('',(-1.,0.));
#3363 = ( GEOMETRIC_REPRESENTATION_CONTEXT(2) 
PARAMETRIC_REPRESENTATION_CONTEXT() REPRESENTATION_CONTEXT('2D SPACE',''
  ) );
#3364 = ORIENTED_EDGE('',*,*,#3365,.T.);
#3365 = EDGE_CURVE('',#3339,#3149,#3366,.T.);
#3366 = SURFACE_CURVE('',#3367,(#3371,#3377),.PCURVE_S1.);
#3367 = LINE('',#3368,#3369);
#3368 = CARTESIAN_POINT('',(41.939688840047,-2.25,244.));
#3369 = VECTOR('',#3370,1.);
#3370 = DIRECTION('',(0.,0.,1.));
#3371 = PCURVE('',#3054,#3372);
#3372 = DEFINITIONAL_REPRESENTATION('',(#3373),#3376);
#3373 = B_SPLINE_CURVE_WITH_KNOTS('',1,(#3374,#3375),.UNSPECIFIED.,.F.,
  .F.,(2,2),(-5.999999928008E-07,143.5),.PIECEWISE_BEZIER_KNOTS.);
#3374 = CARTESIAN_POINT('',(6.22958822137,-5.999999928008E-07));
#3375 = CARTESIAN_POINT('',(6.22958822137,143.5));
#3376 = ( GEOMETRIC_REPRESENTATION_CONTEXT(2) 
PARAMETRIC_REPRESENTATION_CONTEXT() REPRESENTATION_CONTEXT('2D SPACE',''
  ) );
#3377 = PCURVE('',#3378,#3383);
#3378 = PLANE('',#3379);
#3379 = AXIS2_PLACEMENT_3D('',#3380,#3381,#3382);
#3380 = CARTESIAN_POINT('',(63.697969020498,-2.25,322.33441045465));
#3381 = DIRECTION('',(0.,1.,0.));
#3382 = DIRECTION('',(0.,0.,1.));
#3383 = DEFINITIONAL_REPRESENTATION('',(#3384),#3387);
#3384 = B_SPLINE_CURVE_WITH_KNOTS('',1,(#3385,#3386),.UNSPECIFIED.,.F.,
  .F.,(2,2),(-5.999999928008E-07,143.5),.PIECEWISE_BEZIER_KNOTS.);
#3385 = CARTESIAN_POINT('',(-78.33441105465,-21.75828018045));
#3386 = CARTESIAN_POINT('',(65.165589545346,-21.75828018045));
#3387 = ( GEOMETRIC_REPRESENTATION_CONTEXT(2) 
PARAMETRIC_REPRESENTATION_CONTEXT() REPRESENTATION_CONTEXT('2D SPACE',''
  ) );
#3388 = FACE_BOUND('',#3389,.T.);
#3389 = EDGE_LOOP('',(#3390,#3424,#3450,#3482));
#3390 = ORIENTED_EDGE('',*,*,#3391,.F.);
#3391 = EDGE_CURVE('',#3392,#3394,#3396,.T.);
#3392 = VERTEX_POINT('',#3393);
#3393 = CARTESIAN_POINT('',(-2.25,41.939688840047,370.72802980732));
#3394 = VERTEX_POINT('',#3395);
#3395 = CARTESIAN_POINT('',(2.25,41.939688840047,370.72802980732));
#3396 = SURFACE_CURVE('',#3397,(#3402,#3412),.PCURVE_S1.);
#3397 = ELLIPSE('',#3398,42.078006084815,42.);
#3398 = AXIS2_PLACEMENT_3D('',#3399,#3400,#3401);
#3399 = CARTESIAN_POINT('',(0.,0.,368.17073170731));
#3400 = DIRECTION('',(6.757102705208E-18,6.086257045056E-02,
    -0.998146155389));
#3401 = DIRECTION('',(1.108164843654E-16,0.998146155389,
    6.086257045056E-02));
#3402 = PCURVE('',#3054,#3403);
#3403 = DEFINITIONAL_REPRESENTATION('',(#3404),#3411);
#3404 = B_SPLINE_CURVE_WITH_KNOTS('',5,(#3405,#3406,#3407,#3408,#3409,
    #3410),.UNSPECIFIED.,.F.,.F.,(6,6),(6.218855231921,6.347515382438),
  .PIECEWISE_BEZIER_KNOTS.);
#3405 = CARTESIAN_POINT('',(1.635126402054,126.72641002659));
#3406 = CARTESIAN_POINT('',(1.60939437195,126.7306463974));
#3407 = CARTESIAN_POINT('',(1.583662341847,126.7327675059));
#3408 = CARTESIAN_POINT('',(1.557930311743,126.7327675059));
#3409 = CARTESIAN_POINT('',(1.53219828164,126.7306463974));
#3410 = CARTESIAN_POINT('',(1.506466251536,126.72641002659));
#3411 = ( GEOMETRIC_REPRESENTATION_CONTEXT(2) 
PARAMETRIC_REPRESENTATION_CONTEXT() REPRESENTATION_CONTEXT('2D SPACE',''
  ) );
#3412 = PCURVE('',#3413,#3418);
#3413 = PLANE('',#3414);
#3414 = AXIS2_PLACEMENT_3D('',#3415,#3416,#3417);
#3415 = CARTESIAN_POINT('',(2.25,30.,370.));
#3416 = DIRECTION('',(6.757102705208E-18,6.086257045056E-02,
    -0.998146155389));
#3417 = DIRECTION('',(1.108164843654E-16,0.998146155389,
    6.086257045056E-02));
#3418 = DEFINITIONAL_REPRESENTATION('',(#3419),#3423);
#3419 = ELLIPSE('',#3420,42.078006084815,42.);
#3420 = AXIS2_PLACEMENT_2D('',#3421,#3422);
#3421 = CARTESIAN_POINT('',(-30.05571863201,-2.25));
#3422 = DIRECTION('',(1.,0.));
#3423 = ( GEOMETRIC_REPRESENTATION_CONTEXT(2) 
PARAMETRIC_REPRESENTATION_CONTEXT() REPRESENTATION_CONTEXT('2D SPACE',''
  ) );
#3424 = ORIENTED_EDGE('',*,*,#3425,.F.);
#3425 = EDGE_CURVE('',#3426,#3392,#3428,.T.);
#3426 = VERTEX_POINT('',#3427);
#3427 = CARTESIAN_POINT('',(-2.25,41.939688840047,260.19241730247));
#3428 = SURFACE_CURVE('',#3429,(#3433,#3439),.PCURVE_S1.);
#3429 = LINE('',#3430,#3431);
#3430 = CARTESIAN_POINT('',(-2.25,41.939688840047,244.));
#3431 = VECTOR('',#3432,1.);
#3432 = DIRECTION('',(0.,0.,1.));
#3433 = PCURVE('',#3054,#3434);
#3434 = DEFINITIONAL_REPRESENTATION('',(#3435),#3438);
#3435 = B_SPLINE_CURVE_WITH_KNOTS('',1,(#3436,#3437),.UNSPECIFIED.,.F.,
  .F.,(2,2),(-5.999999928008E-07,143.5),.PIECEWISE_BEZIER_KNOTS.);
#3436 = CARTESIAN_POINT('',(1.624393412604,-5.999999928008E-07));
#3437 = CARTESIAN_POINT('',(1.624393412604,143.5));
#3438 = ( GEOMETRIC_REPRESENTATION_CONTEXT(2) 
PARAMETRIC_REPRESENTATION_CONTEXT() REPRESENTATION_CONTEXT('2D SPACE',''
  ) );
#3439 = PCURVE('',#3440,#3445);
#3440 = PLANE('',#3441);
#3441 = AXIS2_PLACEMENT_3D('',#3442,#3443,#3444);
#3442 = CARTESIAN_POINT('',(-2.25,63.697969020498,322.33441045465));
#3443 = DIRECTION('',(-1.,1.110223024625E-16,0.));
#3444 = DIRECTION('',(0.,0.,1.));
#3445 = DEFINITIONAL_REPRESENTATION('',(#3446),#3449);
#3446 = B_SPLINE_CURVE_WITH_KNOTS('',1,(#3447,#3448),.UNSPECIFIED.,.F.,
  .F.,(2,2),(-5.999999928008E-07,143.5),.PIECEWISE_BEZIER_KNOTS.);
#3447 = CARTESIAN_POINT('',(-78.33441105465,-21.75828018045));
#3448 = CARTESIAN_POINT('',(65.165589545346,-21.75828018045));
#3449 = ( GEOMETRIC_REPRESENTATION_CONTEXT(2) 
PARAMETRIC_REPRESENTATION_CONTEXT() REPRESENTATION_CONTEXT('2D SPACE',''
  ) );
#3450 = ORIENTED_EDGE('',*,*,#3451,.F.);
#3451 = EDGE_CURVE('',#3452,#3426,#3454,.T.);
#3452 = VERTEX_POINT('',#3453);
#3453 = CARTESIAN_POINT('',(2.25,41.939688840047,260.19241730247));
#3454 = SURFACE_CURVE('',#3455,(#3460,#3470),.PCURVE_S1.);
#3455 = ELLIPSE('',#3456,55.222140763086,42.);
#3456 = AXIS2_PLACEMENT_3D('',#3457,#3458,#3459);
#3457 = CARTESIAN_POINT('',(0.,0.,224.39024390243));
#3458 = DIRECTION('',(-7.208260432195E-17,-0.649262379928,0.760564502202
    ));
#3459 = DIRECTION('',(8.443962220571E-17,0.760564502202,0.649262379928)
  );
#3460 = PCURVE('',#3054,#3461);
#3461 = DEFINITIONAL_REPRESENTATION('',(#3462),#3469);
#3462 = B_SPLINE_CURVE_WITH_KNOTS('',5,(#3463,#3464,#3465,#3466,#3467,
    #3468),.UNSPECIFIED.,.F.,.F.,(6,6),(6.218855231921,6.347515382438),
  .PIECEWISE_BEZIER_KNOTS.);
#3463 = CARTESIAN_POINT('',(1.506466251536,16.169740372321));
#3464 = CARTESIAN_POINT('',(1.53219828164,16.229049563657));
#3465 = CARTESIAN_POINT('',(1.557930311743,16.258745082676));
#3466 = CARTESIAN_POINT('',(1.583662341847,16.258745082676));
#3467 = CARTESIAN_POINT('',(1.60939437195,16.229049563657));
#3468 = CARTESIAN_POINT('',(1.635126402054,16.169740372321));
#3469 = ( GEOMETRIC_REPRESENTATION_CONTEXT(2) 
PARAMETRIC_REPRESENTATION_CONTEXT() REPRESENTATION_CONTEXT('2D SPACE',''
  ) );
#3470 = PCURVE('',#3471,#3476);
#3471 = PLANE('',#3472);
#3472 = AXIS2_PLACEMENT_3D('',#3473,#3474,#3475);
#3473 = CARTESIAN_POINT('',(2.25,112.,320.));
#3474 = DIRECTION('',(-7.208260432195E-17,-0.649262379928,0.760564502202
    ));
#3475 = DIRECTION('',(-8.443962220571E-17,-0.760564502202,
    -0.649262379928));
#3476 = DEFINITIONAL_REPRESENTATION('',(#3477),#3481);
#3477 = ELLIPSE('',#3478,55.222140763086,42.);
#3478 = AXIS2_PLACEMENT_2D('',#3479,#3480);
#3479 = CARTESIAN_POINT('',(147.25904203489,-2.25));
#3480 = DIRECTION('',(-1.,0.));
#3481 = ( GEOMETRIC_REPRESENTATION_CONTEXT(2) 
PARAMETRIC_REPRESENTATION_CONTEXT() REPRESENTATION_CONTEXT('2D SPACE',''
  ) );
#3482 = ORIENTED_EDGE('',*,*,#3483,.T.);
#3483 = EDGE_CURVE('',#3452,#3394,#3484,.T.);
#3484 = SURFACE_CURVE('',#3485,(#3489,#3495),.PCURVE_S1.);
#3485 = LINE('',#3486,#3487);
#3486 = CARTESIAN_POINT('',(2.25,41.939688840047,244.));
#3487 = VECTOR('',#3488,1.);
#3488 = DIRECTION('',(0.,0.,1.));
#3489 = PCURVE('',#3054,#3490);
#3490 = DEFINITIONAL_REPRESENTATION('',(#3491),#3494);
#3491 = B_SPLINE_CURVE_WITH_KNOTS('',1,(#3492,#3493),.UNSPECIFIED.,.F.,
  .F.,(2,2),(-5.999999928008E-07,143.5),.PIECEWISE_BEZIER_KNOTS.);
#3492 = CARTESIAN_POINT('',(1.517199240986,-5.999999928008E-07));
#3493 = CARTESIAN_POINT('',(1.517199240986,143.5));
#3494 = ( GEOMETRIC_REPRESENTATION_CONTEXT(2) 
PARAMETRIC_REPRESENTATION_CONTEXT() REPRESENTATION_CONTEXT('2D SPACE',''
  ) );
#3495 = PCURVE('',#3496,#3501);
#3496 = PLANE('',#3497);
#3497 = AXIS2_PLACEMENT_3D('',#3498,#3499,#3500);
#3498 = CARTESIAN_POINT('',(2.25,63.697969020498,322.33441045465));
#3499 = DIRECTION('',(-1.,1.110223024625E-16,0.));
#3500 = DIRECTION('',(0.,0.,1.));
#3501 = DEFINITIONAL_REPRESENTATION('',(#3502),#3505);
#3502 = B_SPLINE_CURVE_WITH_KNOTS('',1,(#3503,#3504),.UNSPECIFIED.,.F.,
  .F.,(2,2),(-5.999999928008E-07,143.5),.PIECEWISE_BEZIER_KNOTS.);
#3503 = CARTESIAN_POINT('',(-78.33441105465,-21.75828018045));
#3504 = CARTESIAN_POINT('',(65.165589545346,-21.75828018045));
#3505 = ( GEOMETRIC_REPRESENTATION_CONTEXT(2) 
PARAMETRIC_REPRESENTATION_CONTEXT() REPRESENTATION_CONTEXT('2D SPACE',''
  ) );
#3506 = FACE_BOUND('',#3507,.T.);
#3507 = EDGE_LOOP('',(#3508,#3542,#3568,#3600));
#3508 = ORIENTED_EDGE('',*,*,#3509,.F.);
#3509 = EDGE_CURVE('',#3510,#3512,#3514,.T.);
#3510 = VERTEX_POINT('',#3511);
#3511 = CARTESIAN_POINT('',(-41.93968884004,-2.25,370.72802980732));
#3512 = VERTEX_POINT('',#3513);
#3513 = CARTESIAN_POINT('',(-41.93968884004,2.25,370.72802980732));
#3514 = SURFACE_CURVE('',#3515,(#3520,#3530),.PCURVE_S1.);
#3515 = ELLIPSE('',#3516,42.078006084815,42.);
#3516 = AXIS2_PLACEMENT_3D('',#3517,#3518,#3519);
#3517 = CARTESIAN_POINT('',(0.,0.,368.17073170731));
#3518 = DIRECTION('',(-6.086257045056E-02,7.453515209016E-18,
    -0.998146155389));
#3519 = DIRECTION('',(-0.998146155389,1.222376494279E-16,
    6.086257045056E-02));
#3520 = PCURVE('',#3054,#3521);
#3521 = DEFINITIONAL_REPRESENTATION('',(#3522),#3529);
#3522 = B_SPLINE_CURVE_WITH_KNOTS('',5,(#3523,#3524,#3525,#3526,#3527,
    #3528),.UNSPECIFIED.,.F.,.F.,(6,6),(6.218855231921,6.347515382438),
  .PIECEWISE_BEZIER_KNOTS.);
#3523 = CARTESIAN_POINT('',(3.205922728849,126.72641002659));
#3524 = CARTESIAN_POINT('',(3.180190698745,126.7306463974));
#3525 = CARTESIAN_POINT('',(3.154458668642,126.7327675059));
#3526 = CARTESIAN_POINT('',(3.128726638538,126.7327675059));
#3527 = CARTESIAN_POINT('',(3.102994608435,126.7306463974));
#3528 = CARTESIAN_POINT('',(3.077262578331,126.72641002659));
#3529 = ( GEOMETRIC_REPRESENTATION_CONTEXT(2) 
PARAMETRIC_REPRESENTATION_CONTEXT() REPRESENTATION_CONTEXT('2D SPACE',''
  ) );
#3530 = PCURVE('',#3531,#3536);
#3531 = PLANE('',#3532);
#3532 = AXIS2_PLACEMENT_3D('',#3533,#3534,#3535);
#3533 = CARTESIAN_POINT('',(-30.,2.25,370.));
#3534 = DIRECTION('',(-6.086257045056E-02,7.453515209016E-18,
    -0.998146155389));
#3535 = DIRECTION('',(-0.998146155389,1.222376494279E-16,
    6.086257045056E-02));
#3536 = DEFINITIONAL_REPRESENTATION('',(#3537),#3541);
#3537 = ELLIPSE('',#3538,42.078006084815,42.);
#3538 = AXIS2_PLACEMENT_2D('',#3539,#3540);
#3539 = CARTESIAN_POINT('',(-30.05571863201,-2.25));
#3540 = DIRECTION('',(1.,-2.646425812915E-33));
#3541 = ( GEOMETRIC_REPRESENTATION_CONTEXT(2) 
PARAMETRIC_REPRESENTATION_CONTEXT() REPRESENTATION_CONTEXT('2D SPACE',''
  ) );
#3542 = ORIENTED_EDGE('',*,*,#3543,.F.);
#3543 = EDGE_CURVE('',#3544,#3510,#3546,.T.);
#3544 = VERTEX_POINT('',#3545);
#3545 = CARTESIAN_POINT('',(-41.93968884004,-2.25,260.19241730247));
#3546 = SURFACE_CURVE('',#3547,(#3551,#3557),.PCURVE_S1.);
#3547 = LINE('',#3548,#3549);
#3548 = CARTESIAN_POINT('',(-41.93968884004,-2.25,244.));
#3549 = VECTOR('',#3550,1.);
#3550 = DIRECTION('',(0.,0.,1.));
#3551 = PCURVE('',#3054,#3552);
#3552 = DEFINITIONAL_REPRESENTATION('',(#3553),#3556);
#3553 = B_SPLINE_CURVE_WITH_KNOTS('',1,(#3554,#3555),.UNSPECIFIED.,.F.,
  .F.,(2,2),(-5.999999928008E-07,143.5),.PIECEWISE_BEZIER_KNOTS.);
#3554 = CARTESIAN_POINT('',(3.195189739399,-5.999999928008E-07));
#3555 = CARTESIAN_POINT('',(3.195189739399,143.5));
#3556 = ( GEOMETRIC_REPRESENTATION_CONTEXT(2) 
PARAMETRIC_REPRESENTATION_CONTEXT() REPRESENTATION_CONTEXT('2D SPACE',''
  ) );
#3557 = PCURVE('',#3558,#3563);
#3558 = PLANE('',#3559);
#3559 = AXIS2_PLACEMENT_3D('',#3560,#3561,#3562);
#3560 = CARTESIAN_POINT('',(-63.69796902049,-2.25,322.33441045465));
#3561 = DIRECTION('',(-1.224646799147E-16,-1.,0.));
#3562 = DIRECTION('',(0.,0.,1.));
#3563 = DEFINITIONAL_REPRESENTATION('',(#3564),#3567);
#3564 = B_SPLINE_CURVE_WITH_KNOTS('',1,(#3565,#3566),.UNSPECIFIED.,.F.,
  .F.,(2,2),(-5.999999928008E-07,143.5),.PIECEWISE_BEZIER_KNOTS.);
#3565 = CARTESIAN_POINT('',(-78.33441105465,-21.75828018045));
#3566 = CARTESIAN_POINT('',(65.165589545346,-21.75828018045));
#3567 = ( GEOMETRIC_REPRESENTATION_CONTEXT(2) 
PARAMETRIC_REPRESENTATION_CONTEXT() REPRESENTATION_CONTEXT('2D SPACE',''
  ) );
#3568 = ORIENTED_EDGE('',*,*,#3569,.F.);
#3569 = EDGE_CURVE('',#3570,#3544,#3572,.T.);
#3570 = VERTEX_POINT('',#3571);
#3571 = CARTESIAN_POINT('',(-41.93968884004,2.25,260.19241730247));
#3572 = SURFACE_CURVE('',#3573,(#3578,#3588),.PCURVE_S1.);
#3573 = ELLIPSE('',#3574,55.222140763086,42.);
#3574 = AXIS2_PLACEMENT_3D('',#3575,#3576,#3577);
#3575 = CARTESIAN_POINT('',(0.,0.,224.39024390243));
#3576 = DIRECTION('',(0.649262379928,-7.951170953862E-17,0.760564502202)
  );
#3577 = DIRECTION('',(-0.760564502202,9.314228831667E-17,0.649262379928)
  );
#3578 = PCURVE('',#3054,#3579);
#3579 = DEFINITIONAL_REPRESENTATION('',(#3580),#3587);
#3580 = B_SPLINE_CURVE_WITH_KNOTS('',5,(#3581,#3582,#3583,#3584,#3585,
    #3586),.UNSPECIFIED.,.F.,.F.,(6,6),(6.218855231921,6.347515382438),
  .PIECEWISE_BEZIER_KNOTS.);
#3581 = CARTESIAN_POINT('',(3.077262578331,16.169740372321));
#3582 = CARTESIAN_POINT('',(3.102994608435,16.229049563657));
#3583 = CARTESIAN_POINT('',(3.128726638538,16.258745082676));
#3584 = CARTESIAN_POINT('',(3.154458668642,16.258745082676));
#3585 = CARTESIAN_POINT('',(3.180190698745,16.229049563657));
#3586 = CARTESIAN_POINT('',(3.205922728849,16.169740372321));
#3587 = ( GEOMETRIC_REPRESENTATION_CONTEXT(2) 
PARAMETRIC_REPRESENTATION_CONTEXT() REPRESENTATION_CONTEXT('2D SPACE',''
  ) );
#3588 = PCURVE('',#3589,#3594);
#3589 = PLANE('',#3590);
#3590 = AXIS2_PLACEMENT_3D('',#3591,#3592,#3593);
#3591 = CARTESIAN_POINT('',(-112.,2.25,320.));
#3592 = DIRECTION('',(0.649262379928,-7.951170953862E-17,0.760564502202)
  );
#3593 = DIRECTION('',(0.760564502202,-9.314228831667E-17,-0.649262379928
    ));
#3594 = DEFINITIONAL_REPRESENTATION('',(#3595),#3599);
#3595 = ELLIPSE('',#3596,55.222140763086,42.);
#3596 = AXIS2_PLACEMENT_2D('',#3597,#3598);
#3597 = CARTESIAN_POINT('',(147.25904203489,-2.25));
#3598 = DIRECTION('',(-1.,5.47881547025E-33));
#3599 = ( GEOMETRIC_REPRESENTATION_CONTEXT(2) 
PARAMETRIC_REPRESENTATION_CONTEXT() REPRESENTATION_CONTEXT('2D SPACE',''
  ) );
#3600 = ORIENTED_EDGE('',*,*,#3601,.T.);
#3601 = EDGE_CURVE('',#3570,#3512,#3602,.T.);
#3602 = SURFACE_CURVE('',#3603,(#3607,#3613),.PCURVE_S1.);
#3603 = LINE('',#3604,#3605);
#3604 = CARTESIAN_POINT('',(-41.93968884004,2.25,244.));
#3605 = VECTOR('',#3606,1.);
#3606 = DIRECTION('',(0.,0.,1.));
#3607 = PCURVE('',#3054,#3608);
#3608 = DEFINITIONAL_REPRESENTATION('',(#3609),#3612);
#3609 = B_SPLINE_CURVE_WITH_KNOTS('',1,(#3610,#3611),.UNSPECIFIED.,.F.,
  .F.,(2,2),(-5.999999928008E-07,143.5),.PIECEWISE_BEZIER_KNOTS.);
#3610 = CARTESIAN_POINT('',(3.08799556778,-5.999999928008E-07));
#3611 = CARTESIAN_POINT('',(3.08799556778,143.5));
#3612 = ( GEOMETRIC_REPRESENTATION_CONTEXT(2) 
PARAMETRIC_REPRESENTATION_CONTEXT() REPRESENTATION_CONTEXT('2D SPACE',''
  ) );
#3613 = PCURVE('',#3614,#3619);
#3614 = PLANE('',#3615);
#3615 = AXIS2_PLACEMENT_3D('',#3616,#3617,#3618);
#3616 = CARTESIAN_POINT('',(-63.69796902049,2.25,322.33441045465));
#3617 = DIRECTION('',(-1.224646799147E-16,-1.,0.));
#3618 = DIRECTION('',(0.,0.,1.));
#3619 = DEFINITIONAL_REPRESENTATION('',(#3620),#3623);
#3620 = B_SPLINE_CURVE_WITH_KNOTS('',1,(#3621,#3622),.UNSPECIFIED.,.F.,
  .F.,(2,2),(-5.999999928008E-07,143.5),.PIECEWISE_BEZIER_KNOTS.);
#3621 = CARTESIAN_POINT('',(-78.33441105465,-21.75828018045));
#3622 = CARTESIAN_POINT('',(65.165589545346,-21.75828018045));
#3623 = ( GEOMETRIC_REPRESENTATION_CONTEXT(2) 
PARAMETRIC_REPRESENTATION_CONTEXT() REPRESENTATION_CONTEXT('2D SPACE',''
  ) );
#3624 = FACE_BOUND('',#3625,.T.);
#3625 = EDGE_LOOP('',(#3626,#3660,#3686,#3718));
#3626 = ORIENTED_EDGE('',*,*,#3627,.F.);
#3627 = EDGE_CURVE('',#3628,#3630,#3632,.T.);
#3628 = VERTEX_POINT('',#3629);
#3629 = CARTESIAN_POINT('',(2.25,-41.93968884004,370.72802980732));
#3630 = VERTEX_POINT('',#3631);
#3631 = CARTESIAN_POINT('',(-2.25,-41.93968884004,370.72802980732));
#3632 = SURFACE_CURVE('',#3633,(#3638,#3648),.PCURVE_S1.);
#3633 = ELLIPSE('',#3634,42.078006084815,42.);
#3634 = AXIS2_PLACEMENT_3D('',#3635,#3636,#3637);
#3635 = CARTESIAN_POINT('',(0.,0.,368.17073170731));
#3636 = DIRECTION('',(-1.351420541042E-17,-6.086257045056E-02,
    -0.998146155389));
#3637 = DIRECTION('',(-2.216329687308E-16,-0.998146155389,
    6.086257045056E-02));
#3638 = PCURVE('',#3054,#3639);
#3639 = DEFINITIONAL_REPRESENTATION('',(#3640),#3647);
#3640 = B_SPLINE_CURVE_WITH_KNOTS('',5,(#3641,#3642,#3643,#3644,#3645,
    #3646),.UNSPECIFIED.,.F.,.F.,(6,6),(6.218855231921,6.347515382438),
  .PIECEWISE_BEZIER_KNOTS.);
#3641 = CARTESIAN_POINT('',(4.776719055644,126.72641002659));
#3642 = CARTESIAN_POINT('',(4.75098702554,126.7306463974));
#3643 = CARTESIAN_POINT('',(4.725254995436,126.7327675059));
#3644 = CARTESIAN_POINT('',(4.699522965333,126.7327675059));
#3645 = CARTESIAN_POINT('',(4.673790935229,126.7306463974));
#3646 = CARTESIAN_POINT('',(4.648058905126,126.72641002659));
#3647 = ( GEOMETRIC_REPRESENTATION_CONTEXT(2) 
PARAMETRIC_REPRESENTATION_CONTEXT() REPRESENTATION_CONTEXT('2D SPACE',''
  ) );
#3648 = PCURVE('',#3649,#3654);
#3649 = PLANE('',#3650);
#3650 = AXIS2_PLACEMENT_3D('',#3651,#3652,#3653);
#3651 = CARTESIAN_POINT('',(-2.25,-30.,370.));
#3652 = DIRECTION('',(-1.351420541042E-17,-6.086257045056E-02,
    -0.998146155389));
#3653 = DIRECTION('',(-2.216329687308E-16,-0.998146155389,
    6.086257045056E-02));
#3654 = DEFINITIONAL_REPRESENTATION('',(#3655),#3659);
#3655 = ELLIPSE('',#3656,42.078006084815,42.);
#3656 = AXIS2_PLACEMENT_2D('',#3657,#3658);
#3657 = CARTESIAN_POINT('',(-30.05571863201,-2.25));
#3658 = DIRECTION('',(1.,0.));
#3659 = ( GEOMETRIC_REPRESENTATION_CONTEXT(2) 
PARAMETRIC_REPRESENTATION_CONTEXT() REPRESENTATION_CONTEXT('2D SPACE',''
  ) );
#3660 = ORIENTED_EDGE('',*,*,#3661,.F.);
#3661 = EDGE_CURVE('',#3662,#3628,#3664,.T.);
#3662 = VERTEX_POINT('',#3663);
#3663 = CARTESIAN_POINT('',(2.25,-41.93968884004,260.19241730247));
#3664 = SURFACE_CURVE('',#3665,(#3669,#3675),.PCURVE_S1.);
#3665 = LINE('',#3666,#3667);
#3666 = CARTESIAN_POINT('',(2.25,-41.93968884004,244.));
#3667 = VECTOR('',#3668,1.);
#3668 = DIRECTION('',(0.,0.,1.));
#3669 = PCURVE('',#3054,#3670);
#3670 = DEFINITIONAL_REPRESENTATION('',(#3671),#3674);
#3671 = B_SPLINE_CURVE_WITH_KNOTS('',1,(#3672,#3673),.UNSPECIFIED.,.F.,
  .F.,(2,2),(-5.999999928008E-07,143.5),.PIECEWISE_BEZIER_KNOTS.);
#3672 = CARTESIAN_POINT('',(4.765986066194,-5.999999928008E-07));
#3673 = CARTESIAN_POINT('',(4.765986066194,143.5));
#3674 = ( GEOMETRIC_REPRESENTATION_CONTEXT(2) 
PARAMETRIC_REPRESENTATION_CONTEXT() REPRESENTATION_CONTEXT('2D SPACE',''
  ) );
#3675 = PCURVE('',#3676,#3681);
#3676 = PLANE('',#3677);
#3677 = AXIS2_PLACEMENT_3D('',#3678,#3679,#3680);
#3678 = CARTESIAN_POINT('',(2.25,-63.69796902049,322.33441045465));
#3679 = DIRECTION('',(1.,-2.22044604925E-16,0.));
#3680 = DIRECTION('',(0.,0.,1.));
#3681 = DEFINITIONAL_REPRESENTATION('',(#3682),#3685);
#3682 = B_SPLINE_CURVE_WITH_KNOTS('',1,(#3683,#3684),.UNSPECIFIED.,.F.,
  .F.,(2,2),(-5.999999928008E-07,143.5),.PIECEWISE_BEZIER_KNOTS.);
#3683 = CARTESIAN_POINT('',(-78.33441105465,-21.75828018045));
#3684 = CARTESIAN_POINT('',(65.165589545346,-21.75828018045));
#3685 = ( GEOMETRIC_REPRESENTATION_CONTEXT(2) 
PARAMETRIC_REPRESENTATION_CONTEXT() REPRESENTATION_CONTEXT('2D SPACE',''
  ) );
#3686 = ORIENTED_EDGE('',*,*,#3687,.F.);
#3687 = EDGE_CURVE('',#3688,#3662,#3690,.T.);
#3688 = VERTEX_POINT('',#3689);
#3689 = CARTESIAN_POINT('',(-2.25,-41.93968884004,260.19241730247));
#3690 = SURFACE_CURVE('',#3691,(#3696,#3706),.PCURVE_S1.);
#3691 = ELLIPSE('',#3692,55.222140763086,42.);
#3692 = AXIS2_PLACEMENT_3D('',#3693,#3694,#3695);
#3693 = CARTESIAN_POINT('',(0.,0.,224.39024390243));
#3694 = DIRECTION('',(1.441652086439E-16,0.649262379928,0.760564502202)
  );
#3695 = DIRECTION('',(-1.688792444114E-16,-0.760564502202,0.649262379928
    ));
#3696 = PCURVE('',#3054,#3697);
#3697 = DEFINITIONAL_REPRESENTATION('',(#3698),#3705);
#3698 = B_SPLINE_CURVE_WITH_KNOTS('',5,(#3699,#3700,#3701,#3702,#3703,
    #3704),.UNSPECIFIED.,.F.,.F.,(6,6),(6.218855231921,6.347515382438),
  .PIECEWISE_BEZIER_KNOTS.);
#3699 = CARTESIAN_POINT('',(4.648058905126,16.169740372321));
#3700 = CARTESIAN_POINT('',(4.673790935229,16.229049563657));
#3701 = CARTESIAN_POINT('',(4.699522965333,16.258745082676));
#3702 = CARTESIAN_POINT('',(4.725254995436,16.258745082676));
#3703 = CARTESIAN_POINT('',(4.75098702554,16.229049563657));
#3704 = CARTESIAN_POINT('',(4.776719055644,16.169740372321));
#3705 = ( GEOMETRIC_REPRESENTATION_CONTEXT(2) 
PARAMETRIC_REPRESENTATION_CONTEXT() REPRESENTATION_CONTEXT('2D SPACE',''
  ) );
#3706 = PCURVE('',#3707,#3712);
#3707 = PLANE('',#3708);
#3708 = AXIS2_PLACEMENT_3D('',#3709,#3710,#3711);
#3709 = CARTESIAN_POINT('',(-2.25,-112.,320.));
#3710 = DIRECTION('',(1.441652086439E-16,0.649262379928,0.760564502202)
  );
#3711 = DIRECTION('',(1.688792444114E-16,0.760564502202,-0.649262379928)
  );
#3712 = DEFINITIONAL_REPRESENTATION('',(#3713),#3717);
#3713 = ELLIPSE('',#3714,55.222140763086,42.);
#3714 = AXIS2_PLACEMENT_2D('',#3715,#3716);
#3715 = CARTESIAN_POINT('',(147.25904203489,-2.25));
#3716 = DIRECTION('',(-1.,0.));
#3717 = ( GEOMETRIC_REPRESENTATION_CONTEXT(2) 
PARAMETRIC_REPRESENTATION_CONTEXT() REPRESENTATION_CONTEXT('2D SPACE',''
  ) );
#3718 = ORIENTED_EDGE('',*,*,#3719,.T.);
#3719 = EDGE_CURVE('',#3688,#3630,#3720,.T.);
#3720 = SURFACE_CURVE('',#3721,(#3725,#3731),.PCURVE_S1.);
#3721 = LINE('',#3722,#3723);
#3722 = CARTESIAN_POINT('',(-2.25,-41.93968884004,244.));
#3723 = VECTOR('',#3724,1.);
#3724 = DIRECTION('',(0.,0.,1.));
#3725 = PCURVE('',#3054,#3726);
#3726 = DEFINITIONAL_REPRESENTATION('',(#3727),#3730);
#3727 = B_SPLINE_CURVE_WITH_KNOTS('',1,(#3728,#3729),.UNSPECIFIED.,.F.,
  .F.,(2,2),(-5.999999928008E-07,143.5),.PIECEWISE_BEZIER_KNOTS.);
#3728 = CARTESIAN_POINT('',(4.658791894575,-5.999999928008E-07));
#3729 = CARTESIAN_POINT('',(4.658791894575,143.5));
#3730 = ( GEOMETRIC_REPRESENTATION_CONTEXT(2) 
PARAMETRIC_REPRESENTATION_CONTEXT() REPRESENTATION_CONTEXT('2D SPACE',''
  ) );
#3731 = PCURVE('',#3732,#3737);
#3732 = PLANE('',#3733);
#3733 = AXIS2_PLACEMENT_3D('',#3734,#3735,#3736);
#3734 = CARTESIAN_POINT('',(-2.25,-63.69796902049,322.33441045465));
#3735 = DIRECTION('',(1.,-2.22044604925E-16,0.));
#3736 = DIRECTION('',(0.,0.,1.));
#3737 = DEFINITIONAL_REPRESENTATION('',(#3738),#3741);
#3738 = B_SPLINE_CURVE_WITH_KNOTS('',1,(#3739,#3740),.UNSPECIFIED.,.F.,
  .F.,(2,2),(-5.999999928008E-07,143.5),.PIECEWISE_BEZIER_KNOTS.);
#3739 = CARTESIAN_POINT('',(-78.33441105465,-21.75828018045));
#3740 = CARTESIAN_POINT('',(65.165589545346,-21.75828018045));
#3741 = ( GEOMETRIC_REPRESENTATION_CONTEXT(2) 
PARAMETRIC_REPRESENTATION_CONTEXT() REPRESENTATION_CONTEXT('2D SPACE',''
  ) );
#3742 = ADVANCED_FACE('',(#3743),#3131,.F.);
#3743 = FACE_BOUND('',#3744,.F.);
#3744 = EDGE_LOOP('',(#3745,#3746,#3769,#3796));
#3745 = ORIENTED_EDGE('',*,*,#3116,.T.);
#3746 = ORIENTED_EDGE('',*,*,#3747,.T.);
#3747 = EDGE_CURVE('',#3092,#3748,#3750,.T.);
#3748 = VERTEX_POINT('',#3749);
#3749 = CARTESIAN_POINT('',(39.955265205855,0.,680.73333333333));
#3750 = SEAM_CURVE('',#3751,(#3755,#3762),.PCURVE_S1.);
#3751 = LINE('',#3752,#3753);
#3752 = CARTESIAN_POINT('',(39.988816671691,0.,677.36666666666));
#3753 = VECTOR('',#3754,1.);
#3754 = DIRECTION('',(-9.965287083246E-03,0.,0.999950345294));
#3755 = PCURVE('',#3131,#3756);
#3756 = DEFINITIONAL_REPRESENTATION('',(#3757),#3761);
#3757 = LINE('',#3758,#3759);
#3758 = CARTESIAN_POINT('',(-0.,-0.));
#3759 = VECTOR('',#3760,1.);
#3760 = DIRECTION('',(-0.,-1.));
#3761 = ( GEOMETRIC_REPRESENTATION_CONTEXT(2) 
PARAMETRIC_REPRESENTATION_CONTEXT() REPRESENTATION_CONTEXT('2D SPACE',''
  ) );
#3762 = PCURVE('',#3131,#3763);
#3763 = DEFINITIONAL_REPRESENTATION('',(#3764),#3768);
#3764 = LINE('',#3765,#3766);
#3765 = CARTESIAN_POINT('',(-6.28318530718,-0.));
#3766 = VECTOR('',#3767,1.);
#3767 = DIRECTION('',(-0.,-1.));
#3768 = ( GEOMETRIC_REPRESENTATION_CONTEXT(2) 
PARAMETRIC_REPRESENTATION_CONTEXT() REPRESENTATION_CONTEXT('2D SPACE',''
  ) );
#3769 = ORIENTED_EDGE('',*,*,#3770,.F.);
#3770 = EDGE_CURVE('',#3748,#3748,#3771,.T.);
#3771 = SURFACE_CURVE('',#3772,(#3777,#3784),.PCURVE_S1.);
#3772 = CIRCLE('',#3773,39.955265205855);
#3773 = AXIS2_PLACEMENT_3D('',#3774,#3775,#3776);
#3774 = CARTESIAN_POINT('',(0.,0.,680.73333333333));
#3775 = DIRECTION('',(0.,0.,1.));
#3776 = DIRECTION('',(1.,0.,-0.));
#3777 = PCURVE('',#3131,#3778);
#3778 = DEFINITIONAL_REPRESENTATION('',(#3779),#3783);
#3779 = LINE('',#3780,#3781);
#3780 = CARTESIAN_POINT('',(-0.,-3.366666666667));
#3781 = VECTOR('',#3782,1.);
#3782 = DIRECTION('',(-1.,-0.));
#3783 = ( GEOMETRIC_REPRESENTATION_CONTEXT(2) 
PARAMETRIC_REPRESENTATION_CONTEXT() REPRESENTATION_CONTEXT('2D SPACE',''
  ) );
#3784 = PCURVE('',#3785,#3790);
#3785 = CONICAL_SURFACE('',#3786,39.955265205855,1.660957551378E-02);
#3786 = AXIS2_PLACEMENT_3D('',#3787,#3788,#3789);
#3787 = CARTESIAN_POINT('',(0.,0.,680.73333333333));
#3788 = DIRECTION('',(-0.,-0.,-1.));
#3789 = DIRECTION('',(1.,0.,-0.));
#3790 = DEFINITIONAL_REPRESENTATION('',(#3791),#3795);
#3791 = LINE('',#3792,#3793);
#3792 = CARTESIAN_POINT('',(-0.,-0.));
#3793 = VECTOR('',#3794,1.);
#3794 = DIRECTION('',(-1.,-0.));
#3795 = ( GEOMETRIC_REPRESENTATION_CONTEXT(2) 
PARAMETRIC_REPRESENTATION_CONTEXT() REPRESENTATION_CONTEXT('2D SPACE',''
  ) );
#3796 = ORIENTED_EDGE('',*,*,#3747,.F.);
#3797 = ADVANCED_FACE('',(#3798),#3168,.F.);
#3798 = FACE_BOUND('',#3799,.F.);
#3799 = EDGE_LOOP('',(#3800,#3823,#3824,#3825,#3848));
#3800 = ORIENTED_EDGE('',*,*,#3801,.F.);
#3801 = EDGE_CURVE('',#3149,#3802,#3804,.T.);
#3802 = VERTEX_POINT('',#3803);
#3803 = CARTESIAN_POINT('',(112.,-2.25,375.));
#3804 = SURFACE_CURVE('',#3805,(#3809,#3816),.PCURVE_S1.);
#3805 = LINE('',#3806,#3807);
#3806 = CARTESIAN_POINT('',(30.,-2.25,370.));
#3807 = VECTOR('',#3808,1.);
#3808 = DIRECTION('',(0.998146155389,0.,6.086257045056E-02));
#3809 = PCURVE('',#3168,#3810);
#3810 = DEFINITIONAL_REPRESENTATION('',(#3811),#3815);
#3811 = LINE('',#3812,#3813);
#3812 = CARTESIAN_POINT('',(0.,0.));
#3813 = VECTOR('',#3814,1.);
#3814 = DIRECTION('',(1.,0.));
#3815 = ( GEOMETRIC_REPRESENTATION_CONTEXT(2) 
PARAMETRIC_REPRESENTATION_CONTEXT() REPRESENTATION_CONTEXT('2D SPACE',''
  ) );
#3816 = PCURVE('',#3378,#3817);
#3817 = DEFINITIONAL_REPRESENTATION('',(#3818),#3822);
#3818 = LINE('',#3819,#3820);
#3819 = CARTESIAN_POINT('',(47.665589545346,-33.69796902049));
#3820 = VECTOR('',#3821,1.);
#3821 = DIRECTION('',(6.086257045056E-02,0.998146155389));
#3822 = ( GEOMETRIC_REPRESENTATION_CONTEXT(2) 
PARAMETRIC_REPRESENTATION_CONTEXT() REPRESENTATION_CONTEXT('2D SPACE',''
  ) );
#3823 = ORIENTED_EDGE('',*,*,#3146,.F.);
#3824 = ORIENTED_EDGE('',*,*,#3230,.F.);
#3825 = ORIENTED_EDGE('',*,*,#3826,.T.);
#3826 = EDGE_CURVE('',#3231,#3827,#3829,.T.);
#3827 = VERTEX_POINT('',#3828);
#3828 = CARTESIAN_POINT('',(112.,2.25,375.));
#3829 = SURFACE_CURVE('',#3830,(#3834,#3841),.PCURVE_S1.);
#3830 = LINE('',#3831,#3832);
#3831 = CARTESIAN_POINT('',(30.,2.25,370.));
#3832 = VECTOR('',#3833,1.);
#3833 = DIRECTION('',(0.998146155389,0.,6.086257045056E-02));
#3834 = PCURVE('',#3168,#3835);
#3835 = DEFINITIONAL_REPRESENTATION('',(#3836),#3840);
#3836 = LINE('',#3837,#3838);
#3837 = CARTESIAN_POINT('',(0.,-4.5));
#3838 = VECTOR('',#3839,1.);
#3839 = DIRECTION('',(1.,0.));
#3840 = ( GEOMETRIC_REPRESENTATION_CONTEXT(2) 
PARAMETRIC_REPRESENTATION_CONTEXT() REPRESENTATION_CONTEXT('2D SPACE',''
  ) );
#3841 = PCURVE('',#3272,#3842);
#3842 = DEFINITIONAL_REPRESENTATION('',(#3843),#3847);
#3843 = LINE('',#3844,#3845);
#3844 = CARTESIAN_POINT('',(47.665589545346,-33.69796902049));
#3845 = VECTOR('',#3846,1.);
#3846 = DIRECTION('',(6.086257045056E-02,0.998146155389));
#3847 = ( GEOMETRIC_REPRESENTATION_CONTEXT(2) 
PARAMETRIC_REPRESENTATION_CONTEXT() REPRESENTATION_CONTEXT('2D SPACE',''
  ) );
#3848 = ORIENTED_EDGE('',*,*,#3849,.F.);
#3849 = EDGE_CURVE('',#3802,#3827,#3850,.T.);
#3850 = SURFACE_CURVE('',#3851,(#3855,#3862),.PCURVE_S1.);
#3851 = LINE('',#3852,#3853);
#3852 = CARTESIAN_POINT('',(112.,-2.25,375.));
#3853 = VECTOR('',#3854,1.);
#3854 = DIRECTION('',(0.,1.,0.));
#3855 = PCURVE('',#3168,#3856);
#3856 = DEFINITIONAL_REPRESENTATION('',(#3857),#3861);
#3857 = LINE('',#3858,#3859);
#3858 = CARTESIAN_POINT('',(82.152297594163,0.));
#3859 = VECTOR('',#3860,1.);
#3860 = DIRECTION('',(0.,-1.));
#3861 = ( GEOMETRIC_REPRESENTATION_CONTEXT(2) 
PARAMETRIC_REPRESENTATION_CONTEXT() REPRESENTATION_CONTEXT('2D SPACE',''
  ) );
#3862 = PCURVE('',#3863,#3868);
#3863 = PLANE('',#3864);
#3864 = AXIS2_PLACEMENT_3D('',#3865,#3866,#3867);
#3865 = CARTESIAN_POINT('',(112.,-2.25,375.));
#3866 = DIRECTION('',(-1.,0.,0.));
#3867 = DIRECTION('',(0.,0.,-1.));
#3868 = DEFINITIONAL_REPRESENTATION('',(#3869),#3873);
#3869 = LINE('',#3870,#3871);
#3870 = CARTESIAN_POINT('',(0.,-0.));
#3871 = VECTOR('',#3872,1.);
#3872 = DIRECTION('',(0.,-1.));
#3873 = ( GEOMETRIC_REPRESENTATION_CONTEXT(2) 
PARAMETRIC_REPRESENTATION_CONTEXT() REPRESENTATION_CONTEXT('2D SPACE',''
  ) );
#3874 = ADVANCED_FACE('',(#3875),#3378,.F.);
#3875 = FACE_BOUND('',#3876,.F.);
#3876 = EDGE_LOOP('',(#3877,#3878,#3879,#3902));
#3877 = ORIENTED_EDGE('',*,*,#3365,.T.);
#3878 = ORIENTED_EDGE('',*,*,#3801,.T.);
#3879 = ORIENTED_EDGE('',*,*,#3880,.T.);
#3880 = EDGE_CURVE('',#3802,#3881,#3883,.T.);
#3881 = VERTEX_POINT('',#3882);
#3882 = CARTESIAN_POINT('',(112.,-2.25,320.));
#3883 = SURFACE_CURVE('',#3884,(#3888,#3895),.PCURVE_S1.);
#3884 = LINE('',#3885,#3886);
#3885 = CARTESIAN_POINT('',(112.,-2.25,375.));
#3886 = VECTOR('',#3887,1.);
#3887 = DIRECTION('',(0.,0.,-1.));
#3888 = PCURVE('',#3378,#3889);
#3889 = DEFINITIONAL_REPRESENTATION('',(#3890),#3894);
#3890 = LINE('',#3891,#3892);
#3891 = CARTESIAN_POINT('',(52.665589545346,48.302030979502));
#3892 = VECTOR('',#3893,1.);
#3893 = DIRECTION('',(-1.,0.));
#3894 = ( GEOMETRIC_REPRESENTATION_CONTEXT(2) 
PARAMETRIC_REPRESENTATION_CONTEXT() REPRESENTATION_CONTEXT('2D SPACE',''
  ) );
#3895 = PCURVE('',#3863,#3896);
#3896 = DEFINITIONAL_REPRESENTATION('',(#3897),#3901);
#3897 = LINE('',#3898,#3899);
#3898 = CARTESIAN_POINT('',(0.,-0.));
#3899 = VECTOR('',#3900,1.);
#3900 = DIRECTION('',(1.,0.));
#3901 = ( GEOMETRIC_REPRESENTATION_CONTEXT(2) 
PARAMETRIC_REPRESENTATION_CONTEXT() REPRESENTATION_CONTEXT('2D SPACE',''
  ) );
#3902 = ORIENTED_EDGE('',*,*,#3903,.T.);
#3903 = EDGE_CURVE('',#3881,#3339,#3904,.T.);
#3904 = SURFACE_CURVE('',#3905,(#3909,#3916),.PCURVE_S1.);
#3905 = LINE('',#3906,#3907);
#3906 = CARTESIAN_POINT('',(112.,-2.25,320.));
#3907 = VECTOR('',#3908,1.);
#3908 = DIRECTION('',(-0.760564502202,0.,-0.649262379928));
#3909 = PCURVE('',#3378,#3910);
#3910 = DEFINITIONAL_REPRESENTATION('',(#3911),#3915);
#3911 = LINE('',#3912,#3913);
#3912 = CARTESIAN_POINT('',(-2.334410454654,48.302030979502));
#3913 = VECTOR('',#3914,1.);
#3914 = DIRECTION('',(-0.649262379928,-0.760564502202));
#3915 = ( GEOMETRIC_REPRESENTATION_CONTEXT(2) 
PARAMETRIC_REPRESENTATION_CONTEXT() REPRESENTATION_CONTEXT('2D SPACE',''
  ) );
#3916 = PCURVE('',#3303,#3917);
#3917 = DEFINITIONAL_REPRESENTATION('',(#3918),#3922);
#3918 = LINE('',#3919,#3920);
#3919 = CARTESIAN_POINT('',(0.,0.));
#3920 = VECTOR('',#3921,1.);
#3921 = DIRECTION('',(1.,-0.));
#3922 = ( GEOMETRIC_REPRESENTATION_CONTEXT(2) 
PARAMETRIC_REPRESENTATION_CONTEXT() REPRESENTATION_CONTEXT('2D SPACE',''
  ) );
#3923 = ADVANCED_FACE('',(#3924),#3303,.F.);
#3924 = FACE_BOUND('',#3925,.F.);
#3925 = EDGE_LOOP('',(#3926,#3927,#3950,#3971,#3972));
#3926 = ORIENTED_EDGE('',*,*,#3903,.F.);
#3927 = ORIENTED_EDGE('',*,*,#3928,.T.);
#3928 = EDGE_CURVE('',#3881,#3929,#3931,.T.);
#3929 = VERTEX_POINT('',#3930);
#3930 = CARTESIAN_POINT('',(112.,2.25,320.));
#3931 = SURFACE_CURVE('',#3932,(#3936,#3943),.PCURVE_S1.);
#3932 = LINE('',#3933,#3934);
#3933 = CARTESIAN_POINT('',(112.,-2.25,320.));
#3934 = VECTOR('',#3935,1.);
#3935 = DIRECTION('',(0.,1.,0.));
#3936 = PCURVE('',#3303,#3937);
#3937 = DEFINITIONAL_REPRESENTATION('',(#3938),#3942);
#3938 = LINE('',#3939,#3940);
#3939 = CARTESIAN_POINT('',(0.,0.));
#3940 = VECTOR('',#3941,1.);
#3941 = DIRECTION('',(0.,-1.));
#3942 = ( GEOMETRIC_REPRESENTATION_CONTEXT(2) 
PARAMETRIC_REPRESENTATION_CONTEXT() REPRESENTATION_CONTEXT('2D SPACE',''
  ) );
#3943 = PCURVE('',#3863,#3944);
#3944 = DEFINITIONAL_REPRESENTATION('',(#3945),#3949);
#3945 = LINE('',#3946,#3947);
#3946 = CARTESIAN_POINT('',(55.,0.));
#3947 = VECTOR('',#3948,1.);
#3948 = DIRECTION('',(0.,-1.));
#3949 = ( GEOMETRIC_REPRESENTATION_CONTEXT(2) 
PARAMETRIC_REPRESENTATION_CONTEXT() REPRESENTATION_CONTEXT('2D SPACE',''
  ) );
#3950 = ORIENTED_EDGE('',*,*,#3951,.T.);
#3951 = EDGE_CURVE('',#3929,#3258,#3952,.T.);
#3952 = SURFACE_CURVE('',#3953,(#3957,#3964),.PCURVE_S1.);
#3953 = LINE('',#3954,#3955);
#3954 = CARTESIAN_POINT('',(112.,2.25,320.));
#3955 = VECTOR('',#3956,1.);
#3956 = DIRECTION('',(-0.760564502202,0.,-0.649262379928));
#3957 = PCURVE('',#3303,#3958);
#3958 = DEFINITIONAL_REPRESENTATION('',(#3959),#3963);
#3959 = LINE('',#3960,#3961);
#3960 = CARTESIAN_POINT('',(0.,-4.5));
#3961 = VECTOR('',#3962,1.);
#3962 = DIRECTION('',(1.,-0.));
#3963 = ( GEOMETRIC_REPRESENTATION_CONTEXT(2) 
PARAMETRIC_REPRESENTATION_CONTEXT() REPRESENTATION_CONTEXT('2D SPACE',''
  ) );
#3964 = PCURVE('',#3272,#3965);
#3965 = DEFINITIONAL_REPRESENTATION('',(#3966),#3970);
#3966 = LINE('',#3967,#3968);
#3967 = CARTESIAN_POINT('',(-2.334410454654,48.302030979502));
#3968 = VECTOR('',#3969,1.);
#3969 = DIRECTION('',(-0.649262379928,-0.760564502202));
#3970 = ( GEOMETRIC_REPRESENTATION_CONTEXT(2) 
PARAMETRIC_REPRESENTATION_CONTEXT() REPRESENTATION_CONTEXT('2D SPACE',''
  ) );
#3971 = ORIENTED_EDGE('',*,*,#3283,.F.);
#3972 = ORIENTED_EDGE('',*,*,#3338,.F.);
#3973 = ADVANCED_FACE('',(#3974),#3272,.T.);
#3974 = FACE_BOUND('',#3975,.T.);
#3975 = EDGE_LOOP('',(#3976,#3977,#3978,#3999));
#3976 = ORIENTED_EDGE('',*,*,#3257,.T.);
#3977 = ORIENTED_EDGE('',*,*,#3826,.T.);
#3978 = ORIENTED_EDGE('',*,*,#3979,.T.);
#3979 = EDGE_CURVE('',#3827,#3929,#3980,.T.);
#3980 = SURFACE_CURVE('',#3981,(#3985,#3992),.PCURVE_S1.);
#3981 = LINE('',#3982,#3983);
#3982 = CARTESIAN_POINT('',(112.,2.25,375.));
#3983 = VECTOR('',#3984,1.);
#3984 = DIRECTION('',(0.,0.,-1.));
#3985 = PCURVE('',#3272,#3986);
#3986 = DEFINITIONAL_REPRESENTATION('',(#3987),#3991);
#3987 = LINE('',#3988,#3989);
#3988 = CARTESIAN_POINT('',(52.665589545346,48.302030979502));
#3989 = VECTOR('',#3990,1.);
#3990 = DIRECTION('',(-1.,0.));
#3991 = ( GEOMETRIC_REPRESENTATION_CONTEXT(2) 
PARAMETRIC_REPRESENTATION_CONTEXT() REPRESENTATION_CONTEXT('2D SPACE',''
  ) );
#3992 = PCURVE('',#3863,#3993);
#3993 = DEFINITIONAL_REPRESENTATION('',(#3994),#3998);
#3994 = LINE('',#3995,#3996);
#3995 = CARTESIAN_POINT('',(0.,-4.5));
#3996 = VECTOR('',#3997,1.);
#3997 = DIRECTION('',(1.,0.));
#3998 = ( GEOMETRIC_REPRESENTATION_CONTEXT(2) 
PARAMETRIC_REPRESENTATION_CONTEXT() REPRESENTATION_CONTEXT('2D SPACE',''
  ) );
#3999 = ORIENTED_EDGE('',*,*,#3951,.T.);
#4000 = ADVANCED_FACE('',(#4001),#3218,.T.);
#4001 = FACE_BOUND('',#4002,.T.);
#4002 = EDGE_LOOP('',(#4003,#4031,#4052,#4053));
#4003 = ORIENTED_EDGE('',*,*,#4004,.F.);
#4004 = EDGE_CURVE('',#4005,#4005,#4007,.T.);
#4005 = VERTEX_POINT('',#4006);
#4006 = CARTESIAN_POINT('',(42.,-1.028703311284E-14,514.));
#4007 = SURFACE_CURVE('',#4008,(#4013,#4020),.PCURVE_S1.);
#4008 = CIRCLE('',#4009,42.);
#4009 = AXIS2_PLACEMENT_3D('',#4010,#4011,#4012);
#4010 = CARTESIAN_POINT('',(0.,0.,514.));
#4011 = DIRECTION('',(0.,0.,1.));
#4012 = DIRECTION('',(1.,0.,-0.));
#4013 = PCURVE('',#3218,#4014);
#4014 = DEFINITIONAL_REPRESENTATION('',(#4015),#4019);
#4015 = LINE('',#4016,#4017);
#4016 = CARTESIAN_POINT('',(0.,110.));
#4017 = VECTOR('',#4018,1.);
#4018 = DIRECTION('',(1.,0.));
#4019 = ( GEOMETRIC_REPRESENTATION_CONTEXT(2) 
PARAMETRIC_REPRESENTATION_CONTEXT() REPRESENTATION_CONTEXT('2D SPACE',''
  ) );
#4020 = PCURVE('',#4021,#4026);
#4021 = CYLINDRICAL_SURFACE('',#4022,42.);
#4022 = AXIS2_PLACEMENT_3D('',#4023,#4024,#4025);
#4023 = CARTESIAN_POINT('',(0.,0.,514.));
#4024 = DIRECTION('',(0.,0.,1.));
#4025 = DIRECTION('',(1.,0.,-0.));
#4026 = DEFINITIONAL_REPRESENTATION('',(#4027),#4030);
#4027 = B_SPLINE_CURVE_WITH_KNOTS('',1,(#4028,#4029),.UNSPECIFIED.,.F.,
  .F.,(2,2),(0.,6.28318530718),.PIECEWISE_BEZIER_KNOTS.);
#4028 = CARTESIAN_POINT('',(0.,0.));
#4029 = CARTESIAN_POINT('',(6.28318530718,0.));
#4030 = ( GEOMETRIC_REPRESENTATION_CONTEXT(2) 
PARAMETRIC_REPRESENTATION_CONTEXT() REPRESENTATION_CONTEXT('2D SPACE',''
  ) );
#4031 = ORIENTED_EDGE('',*,*,#4032,.F.);
#4032 = EDGE_CURVE('',#3181,#4005,#4033,.T.);
#4033 = SEAM_CURVE('',#4034,(#4038,#4045),.PCURVE_S1.);
#4034 = LINE('',#4035,#4036);
#4035 = CARTESIAN_POINT('',(42.,-1.028703311284E-14,404.));
#4036 = VECTOR('',#4037,1.);
#4037 = DIRECTION('',(0.,0.,1.));
#4038 = PCURVE('',#3218,#4039);
#4039 = DEFINITIONAL_REPRESENTATION('',(#4040),#4044);
#4040 = LINE('',#4041,#4042);
#4041 = CARTESIAN_POINT('',(6.28318530718,-0.));
#4042 = VECTOR('',#4043,1.);
#4043 = DIRECTION('',(0.,1.));
#4044 = ( GEOMETRIC_REPRESENTATION_CONTEXT(2) 
PARAMETRIC_REPRESENTATION_CONTEXT() REPRESENTATION_CONTEXT('2D SPACE',''
  ) );
#4045 = PCURVE('',#3218,#4046);
#4046 = DEFINITIONAL_REPRESENTATION('',(#4047),#4051);
#4047 = LINE('',#4048,#4049);
#4048 = CARTESIAN_POINT('',(0.,-0.));
#4049 = VECTOR('',#4050,1.);
#4050 = DIRECTION('',(0.,1.));
#4051 = ( GEOMETRIC_REPRESENTATION_CONTEXT(2) 
PARAMETRIC_REPRESENTATION_CONTEXT() REPRESENTATION_CONTEXT('2D SPACE',''
  ) );
#4052 = ORIENTED_EDGE('',*,*,#3203,.T.);
#4053 = ORIENTED_EDGE('',*,*,#4032,.T.);
#4054 = ADVANCED_FACE('',(#4055),#3413,.F.);
#4055 = FACE_BOUND('',#4056,.F.);
#4056 = EDGE_LOOP('',(#4057,#4080,#4081,#4104));
#4057 = ORIENTED_EDGE('',*,*,#4058,.F.);
#4058 = EDGE_CURVE('',#3394,#4059,#4061,.T.);
#4059 = VERTEX_POINT('',#4060);
#4060 = CARTESIAN_POINT('',(2.25,112.,375.));
#4061 = SURFACE_CURVE('',#4062,(#4066,#4073),.PCURVE_S1.);
#4062 = LINE('',#4063,#4064);
#4063 = CARTESIAN_POINT('',(2.25,30.,370.));
#4064 = VECTOR('',#4065,1.);
#4065 = DIRECTION('',(1.108164843654E-16,0.998146155389,
    6.086257045056E-02));
#4066 = PCURVE('',#3413,#4067);
#4067 = DEFINITIONAL_REPRESENTATION('',(#4068),#4072);
#4068 = LINE('',#4069,#4070);
#4069 = CARTESIAN_POINT('',(0.,0.));
#4070 = VECTOR('',#4071,1.);
#4071 = DIRECTION('',(1.,0.));
#4072 = ( GEOMETRIC_REPRESENTATION_CONTEXT(2) 
PARAMETRIC_REPRESENTATION_CONTEXT() REPRESENTATION_CONTEXT('2D SPACE',''
  ) );
#4073 = PCURVE('',#3496,#4074);
#4074 = DEFINITIONAL_REPRESENTATION('',(#4075),#4079);
#4075 = LINE('',#4076,#4077);
#4076 = CARTESIAN_POINT('',(47.665589545346,-33.69796902049));
#4077 = VECTOR('',#4078,1.);
#4078 = DIRECTION('',(6.086257045056E-02,0.998146155389));
#4079 = ( GEOMETRIC_REPRESENTATION_CONTEXT(2) 
PARAMETRIC_REPRESENTATION_CONTEXT() REPRESENTATION_CONTEXT('2D SPACE',''
  ) );
#4080 = ORIENTED_EDGE('',*,*,#3391,.F.);
#4081 = ORIENTED_EDGE('',*,*,#4082,.T.);
#4082 = EDGE_CURVE('',#3392,#4083,#4085,.T.);
#4083 = VERTEX_POINT('',#4084);
#4084 = CARTESIAN_POINT('',(-2.25,112.,375.));
#4085 = SURFACE_CURVE('',#4086,(#4090,#4097),.PCURVE_S1.);
#4086 = LINE('',#4087,#4088);
#4087 = CARTESIAN_POINT('',(-2.25,30.,370.));
#4088 = VECTOR('',#4089,1.);
#4089 = DIRECTION('',(1.108164843654E-16,0.998146155389,
    6.086257045056E-02));
#4090 = PCURVE('',#3413,#4091);
#4091 = DEFINITIONAL_REPRESENTATION('',(#4092),#4096);
#4092 = LINE('',#4093,#4094);
#4093 = CARTESIAN_POINT('',(-4.986741796444E-16,-4.5));
#4094 = VECTOR('',#4095,1.);
#4095 = DIRECTION('',(1.,0.));
#4096 = ( GEOMETRIC_REPRESENTATION_CONTEXT(2) 
PARAMETRIC_REPRESENTATION_CONTEXT() REPRESENTATION_CONTEXT('2D SPACE',''
  ) );
#4097 = PCURVE('',#3440,#4098);
#4098 = DEFINITIONAL_REPRESENTATION('',(#4099),#4103);
#4099 = LINE('',#4100,#4101);
#4100 = CARTESIAN_POINT('',(47.665589545346,-33.69796902049));
#4101 = VECTOR('',#4102,1.);
#4102 = DIRECTION('',(6.086257045056E-02,0.998146155389));
#4103 = ( GEOMETRIC_REPRESENTATION_CONTEXT(2) 
PARAMETRIC_REPRESENTATION_CONTEXT() REPRESENTATION_CONTEXT('2D SPACE',''
  ) );
#4104 = ORIENTED_EDGE('',*,*,#4105,.F.);
#4105 = EDGE_CURVE('',#4059,#4083,#4106,.T.);
#4106 = SURFACE_CURVE('',#4107,(#4111,#4118),.PCURVE_S1.);
#4107 = LINE('',#4108,#4109);
#4108 = CARTESIAN_POINT('',(2.25,112.,375.));
#4109 = VECTOR('',#4110,1.);
#4110 = DIRECTION('',(-1.,1.110223024625E-16,0.));
#4111 = PCURVE('',#3413,#4112);
#4112 = DEFINITIONAL_REPRESENTATION('',(#4113),#4117);
#4113 = LINE('',#4114,#4115);
#4114 = CARTESIAN_POINT('',(82.152297594163,-2.22044604925E-16));
#4115 = VECTOR('',#4116,1.);
#4116 = DIRECTION('',(0.,-1.));
#4117 = ( GEOMETRIC_REPRESENTATION_CONTEXT(2) 
PARAMETRIC_REPRESENTATION_CONTEXT() REPRESENTATION_CONTEXT('2D SPACE',''
  ) );
#4118 = PCURVE('',#4119,#4124);
#4119 = PLANE('',#4120);
#4120 = AXIS2_PLACEMENT_3D('',#4121,#4122,#4123);
#4121 = CARTESIAN_POINT('',(2.25,112.,375.));
#4122 = DIRECTION('',(-1.110223024625E-16,-1.,0.));
#4123 = DIRECTION('',(0.,0.,-1.));
#4124 = DEFINITIONAL_REPRESENTATION('',(#4125),#4129);
#4125 = LINE('',#4126,#4127);
#4126 = CARTESIAN_POINT('',(0.,0.));
#4127 = VECTOR('',#4128,1.);
#4128 = DIRECTION('',(0.,-1.));
#4129 = ( GEOMETRIC_REPRESENTATION_CONTEXT(2) 
PARAMETRIC_REPRESENTATION_CONTEXT() REPRESENTATION_CONTEXT('2D SPACE',''
  ) );
#4130 = ADVANCED_FACE('',(#4131),#3440,.T.);
#4131 = FACE_BOUND('',#4132,.T.);
#4132 = EDGE_LOOP('',(#4133,#4134,#4135,#4158));
#4133 = ORIENTED_EDGE('',*,*,#3425,.T.);
#4134 = ORIENTED_EDGE('',*,*,#4082,.T.);
#4135 = ORIENTED_EDGE('',*,*,#4136,.T.);
#4136 = EDGE_CURVE('',#4083,#4137,#4139,.T.);
#4137 = VERTEX_POINT('',#4138);
#4138 = CARTESIAN_POINT('',(-2.25,112.,320.));
#4139 = SURFACE_CURVE('',#4140,(#4144,#4151),.PCURVE_S1.);
#4140 = LINE('',#4141,#4142);
#4141 = CARTESIAN_POINT('',(-2.25,112.,375.));
#4142 = VECTOR('',#4143,1.);
#4143 = DIRECTION('',(0.,0.,-1.));
#4144 = PCURVE('',#3440,#4145);
#4145 = DEFINITIONAL_REPRESENTATION('',(#4146),#4150);
#4146 = LINE('',#4147,#4148);
#4147 = CARTESIAN_POINT('',(52.665589545346,48.302030979502));
#4148 = VECTOR('',#4149,1.);
#4149 = DIRECTION('',(-1.,0.));
#4150 = ( GEOMETRIC_REPRESENTATION_CONTEXT(2) 
PARAMETRIC_REPRESENTATION_CONTEXT() REPRESENTATION_CONTEXT('2D SPACE',''
  ) );
#4151 = PCURVE('',#4119,#4152);
#4152 = DEFINITIONAL_REPRESENTATION('',(#4153),#4157);
#4153 = LINE('',#4154,#4155);
#4154 = CARTESIAN_POINT('',(0.,-4.5));
#4155 = VECTOR('',#4156,1.);
#4156 = DIRECTION('',(1.,0.));
#4157 = ( GEOMETRIC_REPRESENTATION_CONTEXT(2) 
PARAMETRIC_REPRESENTATION_CONTEXT() REPRESENTATION_CONTEXT('2D SPACE',''
  ) );
#4158 = ORIENTED_EDGE('',*,*,#4159,.T.);
#4159 = EDGE_CURVE('',#4137,#3426,#4160,.T.);
#4160 = SURFACE_CURVE('',#4161,(#4165,#4172),.PCURVE_S1.);
#4161 = LINE('',#4162,#4163);
#4162 = CARTESIAN_POINT('',(-2.25,112.,320.));
#4163 = VECTOR('',#4164,1.);
#4164 = DIRECTION('',(-8.443962220571E-17,-0.760564502202,
    -0.649262379928));
#4165 = PCURVE('',#3440,#4166);
#4166 = DEFINITIONAL_REPRESENTATION('',(#4167),#4171);
#4167 = LINE('',#4168,#4169);
#4168 = CARTESIAN_POINT('',(-2.334410454654,48.302030979502));
#4169 = VECTOR('',#4170,1.);
#4170 = DIRECTION('',(-0.649262379928,-0.760564502202));
#4171 = ( GEOMETRIC_REPRESENTATION_CONTEXT(2) 
PARAMETRIC_REPRESENTATION_CONTEXT() REPRESENTATION_CONTEXT('2D SPACE',''
  ) );
#4172 = PCURVE('',#3471,#4173);
#4173 = DEFINITIONAL_REPRESENTATION('',(#4174),#4178);
#4174 = LINE('',#4175,#4176);
#4175 = CARTESIAN_POINT('',(3.799782999257E-16,-4.5));
#4176 = VECTOR('',#4177,1.);
#4177 = DIRECTION('',(1.,0.));
#4178 = ( GEOMETRIC_REPRESENTATION_CONTEXT(2) 
PARAMETRIC_REPRESENTATION_CONTEXT() REPRESENTATION_CONTEXT('2D SPACE',''
  ) );
#4179 = ADVANCED_FACE('',(#4180),#3496,.F.);
#4180 = FACE_BOUND('',#4181,.F.);
#4181 = EDGE_LOOP('',(#4182,#4183,#4184,#4207));
#4182 = ORIENTED_EDGE('',*,*,#3483,.T.);
#4183 = ORIENTED_EDGE('',*,*,#4058,.T.);
#4184 = ORIENTED_EDGE('',*,*,#4185,.T.);
#4185 = EDGE_CURVE('',#4059,#4186,#4188,.T.);
#4186 = VERTEX_POINT('',#4187);
#4187 = CARTESIAN_POINT('',(2.25,112.,320.));
#4188 = SURFACE_CURVE('',#4189,(#4193,#4200),.PCURVE_S1.);
#4189 = LINE('',#4190,#4191);
#4190 = CARTESIAN_POINT('',(2.25,112.,375.));
#4191 = VECTOR('',#4192,1.);
#4192 = DIRECTION('',(0.,0.,-1.));
#4193 = PCURVE('',#3496,#4194);
#4194 = DEFINITIONAL_REPRESENTATION('',(#4195),#4199);
#4195 = LINE('',#4196,#4197);
#4196 = CARTESIAN_POINT('',(52.665589545346,48.302030979502));
#4197 = VECTOR('',#4198,1.);
#4198 = DIRECTION('',(-1.,0.));
#4199 = ( GEOMETRIC_REPRESENTATION_CONTEXT(2) 
PARAMETRIC_REPRESENTATION_CONTEXT() REPRESENTATION_CONTEXT('2D SPACE',''
  ) );
#4200 = PCURVE('',#4119,#4201);
#4201 = DEFINITIONAL_REPRESENTATION('',(#4202),#4206);
#4202 = LINE('',#4203,#4204);
#4203 = CARTESIAN_POINT('',(0.,0.));
#4204 = VECTOR('',#4205,1.);
#4205 = DIRECTION('',(1.,0.));
#4206 = ( GEOMETRIC_REPRESENTATION_CONTEXT(2) 
PARAMETRIC_REPRESENTATION_CONTEXT() REPRESENTATION_CONTEXT('2D SPACE',''
  ) );
#4207 = ORIENTED_EDGE('',*,*,#4208,.T.);
#4208 = EDGE_CURVE('',#4186,#3452,#4209,.T.);
#4209 = SURFACE_CURVE('',#4210,(#4214,#4221),.PCURVE_S1.);
#4210 = LINE('',#4211,#4212);
#4211 = CARTESIAN_POINT('',(2.25,112.,320.));
#4212 = VECTOR('',#4213,1.);
#4213 = DIRECTION('',(-8.443962220571E-17,-0.760564502202,
    -0.649262379928));
#4214 = PCURVE('',#3496,#4215);
#4215 = DEFINITIONAL_REPRESENTATION('',(#4216),#4220);
#4216 = LINE('',#4217,#4218);
#4217 = CARTESIAN_POINT('',(-2.334410454654,48.302030979502));
#4218 = VECTOR('',#4219,1.);
#4219 = DIRECTION('',(-0.649262379928,-0.760564502202));
#4220 = ( GEOMETRIC_REPRESENTATION_CONTEXT(2) 
PARAMETRIC_REPRESENTATION_CONTEXT() REPRESENTATION_CONTEXT('2D SPACE',''
  ) );
#4221 = PCURVE('',#3471,#4222);
#4222 = DEFINITIONAL_REPRESENTATION('',(#4223),#4227);
#4223 = LINE('',#4224,#4225);
#4224 = CARTESIAN_POINT('',(-0.,0.));
#4225 = VECTOR('',#4226,1.);
#4226 = DIRECTION('',(1.,0.));
#4227 = ( GEOMETRIC_REPRESENTATION_CONTEXT(2) 
PARAMETRIC_REPRESENTATION_CONTEXT() REPRESENTATION_CONTEXT('2D SPACE',''
  ) );
#4228 = ADVANCED_FACE('',(#4229),#3471,.F.);
#4229 = FACE_BOUND('',#4230,.F.);
#4230 = EDGE_LOOP('',(#4231,#4232,#4253,#4254));
#4231 = ORIENTED_EDGE('',*,*,#4208,.F.);
#4232 = ORIENTED_EDGE('',*,*,#4233,.T.);
#4233 = EDGE_CURVE('',#4186,#4137,#4234,.T.);
#4234 = SURFACE_CURVE('',#4235,(#4239,#4246),.PCURVE_S1.);
#4235 = LINE('',#4236,#4237);
#4236 = CARTESIAN_POINT('',(2.25,112.,320.));
#4237 = VECTOR('',#4238,1.);
#4238 = DIRECTION('',(-1.,1.110223024625E-16,0.));
#4239 = PCURVE('',#3471,#4240);
#4240 = DEFINITIONAL_REPRESENTATION('',(#4241),#4245);
#4241 = LINE('',#4242,#4243);
#4242 = CARTESIAN_POINT('',(-0.,0.));
#4243 = VECTOR('',#4244,1.);
#4244 = DIRECTION('',(0.,-1.));
#4245 = ( GEOMETRIC_REPRESENTATION_CONTEXT(2) 
PARAMETRIC_REPRESENTATION_CONTEXT() REPRESENTATION_CONTEXT('2D SPACE',''
  ) );
#4246 = PCURVE('',#4119,#4247);
#4247 = DEFINITIONAL_REPRESENTATION('',(#4248),#4252);
#4248 = LINE('',#4249,#4250);
#4249 = CARTESIAN_POINT('',(55.,0.));
#4250 = VECTOR('',#4251,1.);
#4251 = DIRECTION('',(0.,-1.));
#4252 = ( GEOMETRIC_REPRESENTATION_CONTEXT(2) 
PARAMETRIC_REPRESENTATION_CONTEXT() REPRESENTATION_CONTEXT('2D SPACE',''
  ) );
#4253 = ORIENTED_EDGE('',*,*,#4159,.T.);
#4254 = ORIENTED_EDGE('',*,*,#3451,.F.);
#4255 = ADVANCED_FACE('',(#4256),#3531,.F.);
#4256 = FACE_BOUND('',#4257,.F.);
#4257 = EDGE_LOOP('',(#4258,#4281,#4282,#4305));
#4258 = ORIENTED_EDGE('',*,*,#4259,.F.);
#4259 = EDGE_CURVE('',#3512,#4260,#4262,.T.);
#4260 = VERTEX_POINT('',#4261);
#4261 = CARTESIAN_POINT('',(-112.,2.25,375.));
#4262 = SURFACE_CURVE('',#4263,(#4267,#4274),.PCURVE_S1.);
#4263 = LINE('',#4264,#4265);
#4264 = CARTESIAN_POINT('',(-30.,2.25,370.));
#4265 = VECTOR('',#4266,1.);
#4266 = DIRECTION('',(-0.998146155389,1.222376494279E-16,
    6.086257045056E-02));
#4267 = PCURVE('',#3531,#4268);
#4268 = DEFINITIONAL_REPRESENTATION('',(#4269),#4273);
#4269 = LINE('',#4270,#4271);
#4270 = CARTESIAN_POINT('',(0.,0.));
#4271 = VECTOR('',#4272,1.);
#4272 = DIRECTION('',(1.,-2.646425812915E-33));
#4273 = ( GEOMETRIC_REPRESENTATION_CONTEXT(2) 
PARAMETRIC_REPRESENTATION_CONTEXT() REPRESENTATION_CONTEXT('2D SPACE',''
  ) );
#4274 = PCURVE('',#3614,#4275);
#4275 = DEFINITIONAL_REPRESENTATION('',(#4276),#4280);
#4276 = LINE('',#4277,#4278);
#4277 = CARTESIAN_POINT('',(47.665589545346,-33.69796902049));
#4278 = VECTOR('',#4279,1.);
#4279 = DIRECTION('',(6.086257045056E-02,0.998146155389));
#4280 = ( GEOMETRIC_REPRESENTATION_CONTEXT(2) 
PARAMETRIC_REPRESENTATION_CONTEXT() REPRESENTATION_CONTEXT('2D SPACE',''
  ) );
#4281 = ORIENTED_EDGE('',*,*,#3509,.F.);
#4282 = ORIENTED_EDGE('',*,*,#4283,.T.);
#4283 = EDGE_CURVE('',#3510,#4284,#4286,.T.);
#4284 = VERTEX_POINT('',#4285);
#4285 = CARTESIAN_POINT('',(-112.,-2.25,375.));
#4286 = SURFACE_CURVE('',#4287,(#4291,#4298),.PCURVE_S1.);
#4287 = LINE('',#4288,#4289);
#4288 = CARTESIAN_POINT('',(-30.,-2.25,370.));
#4289 = VECTOR('',#4290,1.);
#4290 = DIRECTION('',(-0.998146155389,1.222376494279E-16,
    6.086257045056E-02));
#4291 = PCURVE('',#3531,#4292);
#4292 = DEFINITIONAL_REPRESENTATION('',(#4293),#4297);
#4293 = LINE('',#4294,#4295);
#4294 = CARTESIAN_POINT('',(-5.500694224254E-16,-4.5));
#4295 = VECTOR('',#4296,1.);
#4296 = DIRECTION('',(1.,-2.646425812915E-33));
#4297 = ( GEOMETRIC_REPRESENTATION_CONTEXT(2) 
PARAMETRIC_REPRESENTATION_CONTEXT() REPRESENTATION_CONTEXT('2D SPACE',''
  ) );
#4298 = PCURVE('',#3558,#4299);
#4299 = DEFINITIONAL_REPRESENTATION('',(#4300),#4304);
#4300 = LINE('',#4301,#4302);
#4301 = CARTESIAN_POINT('',(47.665589545346,-33.69796902049));
#4302 = VECTOR('',#4303,1.);
#4303 = DIRECTION('',(6.086257045056E-02,0.998146155389));
#4304 = ( GEOMETRIC_REPRESENTATION_CONTEXT(2) 
PARAMETRIC_REPRESENTATION_CONTEXT() REPRESENTATION_CONTEXT('2D SPACE',''
  ) );
#4305 = ORIENTED_EDGE('',*,*,#4306,.F.);
#4306 = EDGE_CURVE('',#4260,#4284,#4307,.T.);
#4307 = SURFACE_CURVE('',#4308,(#4312,#4319),.PCURVE_S1.);
#4308 = LINE('',#4309,#4310);
#4309 = CARTESIAN_POINT('',(-112.,2.25,375.));
#4310 = VECTOR('',#4311,1.);
#4311 = DIRECTION('',(-1.224646799147E-16,-1.,0.));
#4312 = PCURVE('',#3531,#4313);
#4313 = DEFINITIONAL_REPRESENTATION('',(#4314),#4318);
#4314 = LINE('',#4315,#4316);
#4315 = CARTESIAN_POINT('',(82.152297594163,1.719480735431E-16));
#4316 = VECTOR('',#4317,1.);
#4317 = DIRECTION('',(2.629469696183E-33,-1.));
#4318 = ( GEOMETRIC_REPRESENTATION_CONTEXT(2) 
PARAMETRIC_REPRESENTATION_CONTEXT() REPRESENTATION_CONTEXT('2D SPACE',''
  ) );
#4319 = PCURVE('',#4320,#4325);
#4320 = PLANE('',#4321);
#4321 = AXIS2_PLACEMENT_3D('',#4322,#4323,#4324);
#4322 = CARTESIAN_POINT('',(-112.,2.25,375.));
#4323 = DIRECTION('',(1.,-1.224646799147E-16,0.));
#4324 = DIRECTION('',(-0.,0.,-1.));
#4325 = DEFINITIONAL_REPRESENTATION('',(#4326),#4330);
#4326 = LINE('',#4327,#4328);
#4327 = CARTESIAN_POINT('',(0.,0.));
#4328 = VECTOR('',#4329,1.);
#4329 = DIRECTION('',(0.,-1.));
#4330 = ( GEOMETRIC_REPRESENTATION_CONTEXT(2) 
PARAMETRIC_REPRESENTATION_CONTEXT() REPRESENTATION_CONTEXT('2D SPACE',''
  ) );
#4331 = ADVANCED_FACE('',(#4332),#3558,.T.);
#4332 = FACE_BOUND('',#4333,.T.);
#4333 = EDGE_LOOP('',(#4334,#4335,#4336,#4359));
#4334 = ORIENTED_EDGE('',*,*,#3543,.T.);
#4335 = ORIENTED_EDGE('',*,*,#4283,.T.);
#4336 = ORIENTED_EDGE('',*,*,#4337,.T.);
#4337 = EDGE_CURVE('',#4284,#4338,#4340,.T.);
#4338 = VERTEX_POINT('',#4339);
#4339 = CARTESIAN_POINT('',(-112.,-2.25,320.));
#4340 = SURFACE_CURVE('',#4341,(#4345,#4352),.PCURVE_S1.);
#4341 = LINE('',#4342,#4343);
#4342 = CARTESIAN_POINT('',(-112.,-2.25,375.));
#4343 = VECTOR('',#4344,1.);
#4344 = DIRECTION('',(-0.,0.,-1.));
#4345 = PCURVE('',#3558,#4346);
#4346 = DEFINITIONAL_REPRESENTATION('',(#4347),#4351);
#4347 = LINE('',#4348,#4349);
#4348 = CARTESIAN_POINT('',(52.665589545346,48.302030979502));
#4349 = VECTOR('',#4350,1.);
#4350 = DIRECTION('',(-1.,0.));
#4351 = ( GEOMETRIC_REPRESENTATION_CONTEXT(2) 
PARAMETRIC_REPRESENTATION_CONTEXT() REPRESENTATION_CONTEXT('2D SPACE',''
  ) );
#4352 = PCURVE('',#4320,#4353);
#4353 = DEFINITIONAL_REPRESENTATION('',(#4354),#4358);
#4354 = LINE('',#4355,#4356);
#4355 = CARTESIAN_POINT('',(-0.,-4.5));
#4356 = VECTOR('',#4357,1.);
#4357 = DIRECTION('',(1.,0.));
#4358 = ( GEOMETRIC_REPRESENTATION_CONTEXT(2) 
PARAMETRIC_REPRESENTATION_CONTEXT() REPRESENTATION_CONTEXT('2D SPACE',''
  ) );
#4359 = ORIENTED_EDGE('',*,*,#4360,.T.);
#4360 = EDGE_CURVE('',#4338,#3544,#4361,.T.);
#4361 = SURFACE_CURVE('',#4362,(#4366,#4373),.PCURVE_S1.);
#4362 = LINE('',#4363,#4364);
#4363 = CARTESIAN_POINT('',(-112.,-2.25,320.));
#4364 = VECTOR('',#4365,1.);
#4365 = DIRECTION('',(0.760564502202,-9.314228831667E-17,-0.649262379928
    ));
#4366 = PCURVE('',#3558,#4367);
#4367 = DEFINITIONAL_REPRESENTATION('',(#4368),#4372);
#4368 = LINE('',#4369,#4370);
#4369 = CARTESIAN_POINT('',(-2.334410454654,48.302030979502));
#4370 = VECTOR('',#4371,1.);
#4371 = DIRECTION('',(-0.649262379928,-0.760564502202));
#4372 = ( GEOMETRIC_REPRESENTATION_CONTEXT(2) 
PARAMETRIC_REPRESENTATION_CONTEXT() REPRESENTATION_CONTEXT('2D SPACE',''
  ) );
#4373 = PCURVE('',#3589,#4374);
#4374 = DEFINITIONAL_REPRESENTATION('',(#4375),#4379);
#4375 = LINE('',#4376,#4377);
#4376 = CARTESIAN_POINT('',(4.19140297425E-16,-4.5));
#4377 = VECTOR('',#4378,1.);
#4378 = DIRECTION('',(1.,-5.47881547025E-33));
#4379 = ( GEOMETRIC_REPRESENTATION_CONTEXT(2) 
PARAMETRIC_REPRESENTATION_CONTEXT() REPRESENTATION_CONTEXT('2D SPACE',''
  ) );
#4380 = ADVANCED_FACE('',(#4381),#3614,.F.);
#4381 = FACE_BOUND('',#4382,.F.);
#4382 = EDGE_LOOP('',(#4383,#4384,#4385,#4408));
#4383 = ORIENTED_EDGE('',*,*,#3601,.T.);
#4384 = ORIENTED_EDGE('',*,*,#4259,.T.);
#4385 = ORIENTED_EDGE('',*,*,#4386,.T.);
#4386 = EDGE_CURVE('',#4260,#4387,#4389,.T.);
#4387 = VERTEX_POINT('',#4388);
#4388 = CARTESIAN_POINT('',(-112.,2.25,320.));
#4389 = SURFACE_CURVE('',#4390,(#4394,#4401),.PCURVE_S1.);
#4390 = LINE('',#4391,#4392);
#4391 = CARTESIAN_POINT('',(-112.,2.25,375.));
#4392 = VECTOR('',#4393,1.);
#4393 = DIRECTION('',(-0.,0.,-1.));
#4394 = PCURVE('',#3614,#4395);
#4395 = DEFINITIONAL_REPRESENTATION('',(#4396),#4400);
#4396 = LINE('',#4397,#4398);
#4397 = CARTESIAN_POINT('',(52.665589545346,48.302030979502));
#4398 = VECTOR('',#4399,1.);
#4399 = DIRECTION('',(-1.,0.));
#4400 = ( GEOMETRIC_REPRESENTATION_CONTEXT(2) 
PARAMETRIC_REPRESENTATION_CONTEXT() REPRESENTATION_CONTEXT('2D SPACE',''
  ) );
#4401 = PCURVE('',#4320,#4402);
#4402 = DEFINITIONAL_REPRESENTATION('',(#4403),#4407);
#4403 = LINE('',#4404,#4405);
#4404 = CARTESIAN_POINT('',(0.,0.));
#4405 = VECTOR('',#4406,1.);
#4406 = DIRECTION('',(1.,0.));
#4407 = ( GEOMETRIC_REPRESENTATION_CONTEXT(2) 
PARAMETRIC_REPRESENTATION_CONTEXT() REPRESENTATION_CONTEXT('2D SPACE',''
  ) );
#4408 = ORIENTED_EDGE('',*,*,#4409,.T.);
#4409 = EDGE_CURVE('',#4387,#3570,#4410,.T.);
#4410 = SURFACE_CURVE('',#4411,(#4415,#4422),.PCURVE_S1.);
#4411 = LINE('',#4412,#4413);
#4412 = CARTESIAN_POINT('',(-112.,2.25,320.));
#4413 = VECTOR('',#4414,1.);
#4414 = DIRECTION('',(0.760564502202,-9.314228831667E-17,-0.649262379928
    ));
#4415 = PCURVE('',#3614,#4416);
#4416 = DEFINITIONAL_REPRESENTATION('',(#4417),#4421);
#4417 = LINE('',#4418,#4419);
#4418 = CARTESIAN_POINT('',(-2.334410454654,48.302030979502));
#4419 = VECTOR('',#4420,1.);
#4420 = DIRECTION('',(-0.649262379928,-0.760564502202));
#4421 = ( GEOMETRIC_REPRESENTATION_CONTEXT(2) 
PARAMETRIC_REPRESENTATION_CONTEXT() REPRESENTATION_CONTEXT('2D SPACE',''
  ) );
#4422 = PCURVE('',#3589,#4423);
#4423 = DEFINITIONAL_REPRESENTATION('',(#4424),#4428);
#4424 = LINE('',#4425,#4426);
#4425 = CARTESIAN_POINT('',(0.,0.));
#4426 = VECTOR('',#4427,1.);
#4427 = DIRECTION('',(1.,-5.47881547025E-33));
#4428 = ( GEOMETRIC_REPRESENTATION_CONTEXT(2) 
PARAMETRIC_REPRESENTATION_CONTEXT() REPRESENTATION_CONTEXT('2D SPACE',''
  ) );
#4429 = ADVANCED_FACE('',(#4430),#3589,.F.);
#4430 = FACE_BOUND('',#4431,.F.);
#4431 = EDGE_LOOP('',(#4432,#4433,#4454,#4455));
#4432 = ORIENTED_EDGE('',*,*,#4409,.F.);
#4433 = ORIENTED_EDGE('',*,*,#4434,.T.);
#4434 = EDGE_CURVE('',#4387,#4338,#4435,.T.);
#4435 = SURFACE_CURVE('',#4436,(#4440,#4447),.PCURVE_S1.);
#4436 = LINE('',#4437,#4438);
#4437 = CARTESIAN_POINT('',(-112.,2.25,320.));
#4438 = VECTOR('',#4439,1.);
#4439 = DIRECTION('',(-1.224646799147E-16,-1.,0.));
#4440 = PCURVE('',#3589,#4441);
#4441 = DEFINITIONAL_REPRESENTATION('',(#4442),#4446);
#4442 = LINE('',#4443,#4444);
#4443 = CARTESIAN_POINT('',(0.,0.));
#4444 = VECTOR('',#4445,1.);
#4445 = DIRECTION('',(6.355925380812E-33,-1.));
#4446 = ( GEOMETRIC_REPRESENTATION_CONTEXT(2) 
PARAMETRIC_REPRESENTATION_CONTEXT() REPRESENTATION_CONTEXT('2D SPACE',''
  ) );
#4447 = PCURVE('',#4320,#4448);
#4448 = DEFINITIONAL_REPRESENTATION('',(#4449),#4453);
#4449 = LINE('',#4450,#4451);
#4450 = CARTESIAN_POINT('',(55.,0.));
#4451 = VECTOR('',#4452,1.);
#4452 = DIRECTION('',(0.,-1.));
#4453 = ( GEOMETRIC_REPRESENTATION_CONTEXT(2) 
PARAMETRIC_REPRESENTATION_CONTEXT() REPRESENTATION_CONTEXT('2D SPACE',''
  ) );
#4454 = ORIENTED_EDGE('',*,*,#4360,.T.);
#4455 = ORIENTED_EDGE('',*,*,#3569,.F.);
#4456 = ADVANCED_FACE('',(#4457),#3649,.F.);
#4457 = FACE_BOUND('',#4458,.F.);
#4458 = EDGE_LOOP('',(#4459,#4482,#4483,#4506));
#4459 = ORIENTED_EDGE('',*,*,#4460,.F.);
#4460 = EDGE_CURVE('',#3630,#4461,#4463,.T.);
#4461 = VERTEX_POINT('',#4462);
#4462 = CARTESIAN_POINT('',(-2.25,-112.,375.));
#4463 = SURFACE_CURVE('',#4464,(#4468,#4475),.PCURVE_S1.);
#4464 = LINE('',#4465,#4466);
#4465 = CARTESIAN_POINT('',(-2.25,-30.,370.));
#4466 = VECTOR('',#4467,1.);
#4467 = DIRECTION('',(-2.216329687308E-16,-0.998146155389,
    6.086257045056E-02));
#4468 = PCURVE('',#3649,#4469);
#4469 = DEFINITIONAL_REPRESENTATION('',(#4470),#4474);
#4470 = LINE('',#4471,#4472);
#4471 = CARTESIAN_POINT('',(0.,0.));
#4472 = VECTOR('',#4473,1.);
#4473 = DIRECTION('',(1.,0.));
#4474 = ( GEOMETRIC_REPRESENTATION_CONTEXT(2) 
PARAMETRIC_REPRESENTATION_CONTEXT() REPRESENTATION_CONTEXT('2D SPACE',''
  ) );
#4475 = PCURVE('',#3732,#4476);
#4476 = DEFINITIONAL_REPRESENTATION('',(#4477),#4481);
#4477 = LINE('',#4478,#4479);
#4478 = CARTESIAN_POINT('',(47.665589545346,-33.69796902049));
#4479 = VECTOR('',#4480,1.);
#4480 = DIRECTION('',(6.086257045056E-02,0.998146155389));
#4481 = ( GEOMETRIC_REPRESENTATION_CONTEXT(2) 
PARAMETRIC_REPRESENTATION_CONTEXT() REPRESENTATION_CONTEXT('2D SPACE',''
  ) );
#4482 = ORIENTED_EDGE('',*,*,#3627,.F.);
#4483 = ORIENTED_EDGE('',*,*,#4484,.T.);
#4484 = EDGE_CURVE('',#3628,#4485,#4487,.T.);
#4485 = VERTEX_POINT('',#4486);
#4486 = CARTESIAN_POINT('',(2.25,-112.,375.));
#4487 = SURFACE_CURVE('',#4488,(#4492,#4499),.PCURVE_S1.);
#4488 = LINE('',#4489,#4490);
#4489 = CARTESIAN_POINT('',(2.25,-30.,370.));
#4490 = VECTOR('',#4491,1.);
#4491 = DIRECTION('',(-2.216329687308E-16,-0.998146155389,
    6.086257045056E-02));
#4492 = PCURVE('',#3649,#4493);
#4493 = DEFINITIONAL_REPRESENTATION('',(#4494),#4498);
#4494 = LINE('',#4495,#4496);
#4495 = CARTESIAN_POINT('',(-9.973483592887E-16,-4.5));
#4496 = VECTOR('',#4497,1.);
#4497 = DIRECTION('',(1.,0.));
#4498 = ( GEOMETRIC_REPRESENTATION_CONTEXT(2) 
PARAMETRIC_REPRESENTATION_CONTEXT() REPRESENTATION_CONTEXT('2D SPACE',''
  ) );
#4499 = PCURVE('',#3676,#4500);
#4500 = DEFINITIONAL_REPRESENTATION('',(#4501),#4505);
#4501 = LINE('',#4502,#4503);
#4502 = CARTESIAN_POINT('',(47.665589545346,-33.69796902049));
#4503 = VECTOR('',#4504,1.);
#4504 = DIRECTION('',(6.086257045056E-02,0.998146155389));
#4505 = ( GEOMETRIC_REPRESENTATION_CONTEXT(2) 
PARAMETRIC_REPRESENTATION_CONTEXT() REPRESENTATION_CONTEXT('2D SPACE',''
  ) );
#4506 = ORIENTED_EDGE('',*,*,#4507,.F.);
#4507 = EDGE_CURVE('',#4461,#4485,#4508,.T.);
#4508 = SURFACE_CURVE('',#4509,(#4513,#4520),.PCURVE_S1.);
#4509 = LINE('',#4510,#4511);
#4510 = CARTESIAN_POINT('',(-2.25,-112.,375.));
#4511 = VECTOR('',#4512,1.);
#4512 = DIRECTION('',(1.,-2.22044604925E-16,0.));
#4513 = PCURVE('',#3649,#4514);
#4514 = DEFINITIONAL_REPRESENTATION('',(#4515),#4519);
#4515 = LINE('',#4516,#4517);
#4516 = CARTESIAN_POINT('',(82.152297594163,0.));
#4517 = VECTOR('',#4518,1.);
#4518 = DIRECTION('',(0.,-1.));
#4519 = ( GEOMETRIC_REPRESENTATION_CONTEXT(2) 
PARAMETRIC_REPRESENTATION_CONTEXT() REPRESENTATION_CONTEXT('2D SPACE',''
  ) );
#4520 = PCURVE('',#4521,#4526);
#4521 = PLANE('',#4522);
#4522 = AXIS2_PLACEMENT_3D('',#4523,#4524,#4525);
#4523 = CARTESIAN_POINT('',(-2.25,-112.,375.));
#4524 = DIRECTION('',(2.22044604925E-16,1.,0.));
#4525 = DIRECTION('',(0.,-0.,-1.));
#4526 = DEFINITIONAL_REPRESENTATION('',(#4527),#4531);
#4527 = LINE('',#4528,#4529);
#4528 = CARTESIAN_POINT('',(0.,0.));
#4529 = VECTOR('',#4530,1.);
#4530 = DIRECTION('',(0.,-1.));
#4531 = ( GEOMETRIC_REPRESENTATION_CONTEXT(2) 
PARAMETRIC_REPRESENTATION_CONTEXT() REPRESENTATION_CONTEXT('2D SPACE',''
  ) );
#4532 = ADVANCED_FACE('',(#4533),#3732,.F.);
#4533 = FACE_BOUND('',#4534,.F.);
#4534 = EDGE_LOOP('',(#4535,#4536,#4537,#4560));
#4535 = ORIENTED_EDGE('',*,*,#3719,.T.);
#4536 = ORIENTED_EDGE('',*,*,#4460,.T.);
#4537 = ORIENTED_EDGE('',*,*,#4538,.T.);
#4538 = EDGE_CURVE('',#4461,#4539,#4541,.T.);
#4539 = VERTEX_POINT('',#4540);
#4540 = CARTESIAN_POINT('',(-2.25,-112.,320.));
#4541 = SURFACE_CURVE('',#4542,(#4546,#4553),.PCURVE_S1.);
#4542 = LINE('',#4543,#4544);
#4543 = CARTESIAN_POINT('',(-2.25,-112.,375.));
#4544 = VECTOR('',#4545,1.);
#4545 = DIRECTION('',(0.,-0.,-1.));
#4546 = PCURVE('',#3732,#4547);
#4547 = DEFINITIONAL_REPRESENTATION('',(#4548),#4552);
#4548 = LINE('',#4549,#4550);
#4549 = CARTESIAN_POINT('',(52.665589545346,48.302030979502));
#4550 = VECTOR('',#4551,1.);
#4551 = DIRECTION('',(-1.,-0.));
#4552 = ( GEOMETRIC_REPRESENTATION_CONTEXT(2) 
PARAMETRIC_REPRESENTATION_CONTEXT() REPRESENTATION_CONTEXT('2D SPACE',''
  ) );
#4553 = PCURVE('',#4521,#4554);
#4554 = DEFINITIONAL_REPRESENTATION('',(#4555),#4559);
#4555 = LINE('',#4556,#4557);
#4556 = CARTESIAN_POINT('',(0.,0.));
#4557 = VECTOR('',#4558,1.);
#4558 = DIRECTION('',(1.,0.));
#4559 = ( GEOMETRIC_REPRESENTATION_CONTEXT(2) 
PARAMETRIC_REPRESENTATION_CONTEXT() REPRESENTATION_CONTEXT('2D SPACE',''
  ) );
#4560 = ORIENTED_EDGE('',*,*,#4561,.T.);
#4561 = EDGE_CURVE('',#4539,#3688,#4562,.T.);
#4562 = SURFACE_CURVE('',#4563,(#4567,#4574),.PCURVE_S1.);
#4563 = LINE('',#4564,#4565);
#4564 = CARTESIAN_POINT('',(-2.25,-112.,320.));
#4565 = VECTOR('',#4566,1.);
#4566 = DIRECTION('',(1.688792444114E-16,0.760564502202,-0.649262379928)
  );
#4567 = PCURVE('',#3732,#4568);
#4568 = DEFINITIONAL_REPRESENTATION('',(#4569),#4573);
#4569 = LINE('',#4570,#4571);
#4570 = CARTESIAN_POINT('',(-2.334410454654,48.302030979502));
#4571 = VECTOR('',#4572,1.);
#4572 = DIRECTION('',(-0.649262379928,-0.760564502202));
#4573 = ( GEOMETRIC_REPRESENTATION_CONTEXT(2) 
PARAMETRIC_REPRESENTATION_CONTEXT() REPRESENTATION_CONTEXT('2D SPACE',''
  ) );
#4574 = PCURVE('',#3707,#4575);
#4575 = DEFINITIONAL_REPRESENTATION('',(#4576),#4580);
#4576 = LINE('',#4577,#4578);
#4577 = CARTESIAN_POINT('',(0.,0.));
#4578 = VECTOR('',#4579,1.);
#4579 = DIRECTION('',(1.,0.));
#4580 = ( GEOMETRIC_REPRESENTATION_CONTEXT(2) 
PARAMETRIC_REPRESENTATION_CONTEXT() REPRESENTATION_CONTEXT('2D SPACE',''
  ) );
#4581 = ADVANCED_FACE('',(#4582),#3707,.F.);
#4582 = FACE_BOUND('',#4583,.F.);
#4583 = EDGE_LOOP('',(#4584,#4585,#4608,#4629));
#4584 = ORIENTED_EDGE('',*,*,#4561,.F.);
#4585 = ORIENTED_EDGE('',*,*,#4586,.T.);
#4586 = EDGE_CURVE('',#4539,#4587,#4589,.T.);
#4587 = VERTEX_POINT('',#4588);
#4588 = CARTESIAN_POINT('',(2.25,-112.,320.));
#4589 = SURFACE_CURVE('',#4590,(#4594,#4601),.PCURVE_S1.);
#4590 = LINE('',#4591,#4592);
#4591 = CARTESIAN_POINT('',(-2.25,-112.,320.));
#4592 = VECTOR('',#4593,1.);
#4593 = DIRECTION('',(1.,-2.22044604925E-16,0.));
#4594 = PCURVE('',#3707,#4595);
#4595 = DEFINITIONAL_REPRESENTATION('',(#4596),#4600);
#4596 = LINE('',#4597,#4598);
#4597 = CARTESIAN_POINT('',(0.,0.));
#4598 = VECTOR('',#4599,1.);
#4599 = DIRECTION('',(0.,-1.));
#4600 = ( GEOMETRIC_REPRESENTATION_CONTEXT(2) 
PARAMETRIC_REPRESENTATION_CONTEXT() REPRESENTATION_CONTEXT('2D SPACE',''
  ) );
#4601 = PCURVE('',#4521,#4602);
#4602 = DEFINITIONAL_REPRESENTATION('',(#4603),#4607);
#4603 = LINE('',#4604,#4605);
#4604 = CARTESIAN_POINT('',(55.,0.));
#4605 = VECTOR('',#4606,1.);
#4606 = DIRECTION('',(0.,-1.));
#4607 = ( GEOMETRIC_REPRESENTATION_CONTEXT(2) 
PARAMETRIC_REPRESENTATION_CONTEXT() REPRESENTATION_CONTEXT('2D SPACE',''
  ) );
#4608 = ORIENTED_EDGE('',*,*,#4609,.T.);
#4609 = EDGE_CURVE('',#4587,#3662,#4610,.T.);
#4610 = SURFACE_CURVE('',#4611,(#4615,#4622),.PCURVE_S1.);
#4611 = LINE('',#4612,#4613);
#4612 = CARTESIAN_POINT('',(2.25,-112.,320.));
#4613 = VECTOR('',#4614,1.);
#4614 = DIRECTION('',(1.688792444114E-16,0.760564502202,-0.649262379928)
  );
#4615 = PCURVE('',#3707,#4616);
#4616 = DEFINITIONAL_REPRESENTATION('',(#4617),#4621);
#4617 = LINE('',#4618,#4619);
#4618 = CARTESIAN_POINT('',(7.599565998514E-16,-4.5));
#4619 = VECTOR('',#4620,1.);
#4620 = DIRECTION('',(1.,0.));
#4621 = ( GEOMETRIC_REPRESENTATION_CONTEXT(2) 
PARAMETRIC_REPRESENTATION_CONTEXT() REPRESENTATION_CONTEXT('2D SPACE',''
  ) );
#4622 = PCURVE('',#3676,#4623);
#4623 = DEFINITIONAL_REPRESENTATION('',(#4624),#4628);
#4624 = LINE('',#4625,#4626);
#4625 = CARTESIAN_POINT('',(-2.334410454654,48.302030979502));
#4626 = VECTOR('',#4627,1.);
#4627 = DIRECTION('',(-0.649262379928,-0.760564502202));
#4628 = ( GEOMETRIC_REPRESENTATION_CONTEXT(2) 
PARAMETRIC_REPRESENTATION_CONTEXT() REPRESENTATION_CONTEXT('2D SPACE',''
  ) );
#4629 = ORIENTED_EDGE('',*,*,#3687,.F.);
#4630 = ADVANCED_FACE('',(#4631),#3676,.T.);
#4631 = FACE_BOUND('',#4632,.T.);
#4632 = EDGE_LOOP('',(#4633,#4634,#4635,#4656));
#4633 = ORIENTED_EDGE('',*,*,#3661,.T.);
#4634 = ORIENTED_EDGE('',*,*,#4484,.T.);
#4635 = ORIENTED_EDGE('',*,*,#4636,.T.);
#4636 = EDGE_CURVE('',#4485,#4587,#4637,.T.);
#4637 = SURFACE_CURVE('',#4638,(#4642,#4649),.PCURVE_S1.);
#4638 = LINE('',#4639,#4640);
#4639 = CARTESIAN_POINT('',(2.25,-112.,375.));
#4640 = VECTOR('',#4641,1.);
#4641 = DIRECTION('',(0.,-0.,-1.));
#4642 = PCURVE('',#3676,#4643);
#4643 = DEFINITIONAL_REPRESENTATION('',(#4644),#4648);
#4644 = LINE('',#4645,#4646);
#4645 = CARTESIAN_POINT('',(52.665589545346,48.302030979502));
#4646 = VECTOR('',#4647,1.);
#4647 = DIRECTION('',(-1.,-0.));
#4648 = ( GEOMETRIC_REPRESENTATION_CONTEXT(2) 
PARAMETRIC_REPRESENTATION_CONTEXT() REPRESENTATION_CONTEXT('2D SPACE',''
  ) );
#4649 = PCURVE('',#4521,#4650);
#4650 = DEFINITIONAL_REPRESENTATION('',(#4651),#4655);
#4651 = LINE('',#4652,#4653);
#4652 = CARTESIAN_POINT('',(0.,-4.5));
#4653 = VECTOR('',#4654,1.);
#4654 = DIRECTION('',(1.,0.));
#4655 = ( GEOMETRIC_REPRESENTATION_CONTEXT(2) 
PARAMETRIC_REPRESENTATION_CONTEXT() REPRESENTATION_CONTEXT('2D SPACE',''
  ) );
#4656 = ORIENTED_EDGE('',*,*,#4609,.T.);
#4657 = ADVANCED_FACE('',(#4658),#3785,.F.);
#4658 = FACE_BOUND('',#4659,.F.);
#4659 = EDGE_LOOP('',(#4660,#4661,#4684,#4711));
#4660 = ORIENTED_EDGE('',*,*,#3770,.T.);
#4661 = ORIENTED_EDGE('',*,*,#4662,.T.);
#4662 = EDGE_CURVE('',#3748,#4663,#4665,.T.);
#4663 = VERTEX_POINT('',#4664);
#4664 = CARTESIAN_POINT('',(39.899341158793,0.,684.1));
#4665 = SEAM_CURVE('',#4666,(#4670,#4677),.PCURVE_S1.);
#4666 = LINE('',#4667,#4668);
#4667 = CARTESIAN_POINT('',(39.955265205855,0.,680.73333333333));
#4668 = VECTOR('',#4669,1.);
#4669 = DIRECTION('',(-1.660881182157E-02,0.,0.999862064172));
#4670 = PCURVE('',#3785,#4671);
#4671 = DEFINITIONAL_REPRESENTATION('',(#4672),#4676);
#4672 = LINE('',#4673,#4674);
#4673 = CARTESIAN_POINT('',(-0.,-0.));
#4674 = VECTOR('',#4675,1.);
#4675 = DIRECTION('',(-0.,-1.));
#4676 = ( GEOMETRIC_REPRESENTATION_CONTEXT(2) 
PARAMETRIC_REPRESENTATION_CONTEXT() REPRESENTATION_CONTEXT('2D SPACE',''
  ) );
#4677 = PCURVE('',#3785,#4678);
#4678 = DEFINITIONAL_REPRESENTATION('',(#4679),#4683);
#4679 = LINE('',#4680,#4681);
#4680 = CARTESIAN_POINT('',(-6.28318530718,-0.));
#4681 = VECTOR('',#4682,1.);
#4682 = DIRECTION('',(-0.,-1.));
#4683 = ( GEOMETRIC_REPRESENTATION_CONTEXT(2) 
PARAMETRIC_REPRESENTATION_CONTEXT() REPRESENTATION_CONTEXT('2D SPACE',''
  ) );
#4684 = ORIENTED_EDGE('',*,*,#4685,.F.);
#4685 = EDGE_CURVE('',#4663,#4663,#4686,.T.);
#4686 = SURFACE_CURVE('',#4687,(#4692,#4699),.PCURVE_S1.);
#4687 = CIRCLE('',#4688,39.899341158793);
#4688 = AXIS2_PLACEMENT_3D('',#4689,#4690,#4691);
#4689 = CARTESIAN_POINT('',(0.,0.,684.1));
#4690 = DIRECTION('',(0.,0.,1.));
#4691 = DIRECTION('',(1.,0.,-0.));
#4692 = PCURVE('',#3785,#4693);
#4693 = DEFINITIONAL_REPRESENTATION('',(#4694),#4698);
#4694 = LINE('',#4695,#4696);
#4695 = CARTESIAN_POINT('',(-0.,-3.366666666667));
#4696 = VECTOR('',#4697,1.);
#4697 = DIRECTION('',(-1.,-0.));
#4698 = ( GEOMETRIC_REPRESENTATION_CONTEXT(2) 
PARAMETRIC_REPRESENTATION_CONTEXT() REPRESENTATION_CONTEXT('2D SPACE',''
  ) );
#4699 = PCURVE('',#4700,#4705);
#4700 = CONICAL_SURFACE('',#4701,39.899341158793,2.32544324055E-02);
#4701 = AXIS2_PLACEMENT_3D('',#4702,#4703,#4704);
#4702 = CARTESIAN_POINT('',(0.,0.,684.1));
#4703 = DIRECTION('',(-0.,-0.,-1.));
#4704 = DIRECTION('',(1.,0.,-0.));
#4705 = DEFINITIONAL_REPRESENTATION('',(#4706),#4710);
#4706 = LINE('',#4707,#4708);
#4707 = CARTESIAN_POINT('',(-0.,-0.));
#4708 = VECTOR('',#4709,1.);
#4709 = DIRECTION('',(-1.,-0.));
#4710 = ( GEOMETRIC_REPRESENTATION_CONTEXT(2) 
PARAMETRIC_REPRESENTATION_CONTEXT() REPRESENTATION_CONTEXT('2D SPACE',''
  ) );
#4711 = ORIENTED_EDGE('',*,*,#4662,.F.);
#4712 = ADVANCED_FACE('',(#4713),#3863,.F.);
#4713 = FACE_BOUND('',#4714,.F.);
#4714 = EDGE_LOOP('',(#4715,#4716,#4717,#4718));
#4715 = ORIENTED_EDGE('',*,*,#3849,.T.);
#4716 = ORIENTED_EDGE('',*,*,#3979,.T.);
#4717 = ORIENTED_EDGE('',*,*,#3928,.F.);
#4718 = ORIENTED_EDGE('',*,*,#3880,.F.);
#4719 = ADVANCED_FACE('',(#4720),#4021,.T.);
#4720 = FACE_BOUND('',#4721,.T.);
#4721 = EDGE_LOOP('',(#4722,#4750,#4771,#4772));
#4722 = ORIENTED_EDGE('',*,*,#4723,.F.);
#4723 = EDGE_CURVE('',#4724,#4724,#4726,.T.);
#4724 = VERTEX_POINT('',#4725);
#4725 = CARTESIAN_POINT('',(42.,-5.143516556419E-15,674.));
#4726 = SURFACE_CURVE('',#4727,(#4732,#4739),.PCURVE_S1.);
#4727 = CIRCLE('',#4728,42.);
#4728 = AXIS2_PLACEMENT_3D('',#4729,#4730,#4731);
#4729 = CARTESIAN_POINT('',(0.,0.,674.));
#4730 = DIRECTION('',(0.,0.,1.));
#4731 = DIRECTION('',(1.,0.,-0.));
#4732 = PCURVE('',#4021,#4733);
#4733 = DEFINITIONAL_REPRESENTATION('',(#4734),#4738);
#4734 = LINE('',#4735,#4736);
#4735 = CARTESIAN_POINT('',(0.,160.));
#4736 = VECTOR('',#4737,1.);
#4737 = DIRECTION('',(1.,0.));
#4738 = ( GEOMETRIC_REPRESENTATION_CONTEXT(2) 
PARAMETRIC_REPRESENTATION_CONTEXT() REPRESENTATION_CONTEXT('2D SPACE',''
  ) );
#4739 = PCURVE('',#4740,#4745);
#4740 = CONICAL_SURFACE('',#4741,42.,3.321768468302E-03);
#4741 = AXIS2_PLACEMENT_3D('',#4742,#4743,#4744);
#4742 = CARTESIAN_POINT('',(0.,0.,674.));
#4743 = DIRECTION('',(-0.,-0.,-1.));
#4744 = DIRECTION('',(1.,0.,-0.));
#4745 = DEFINITIONAL_REPRESENTATION('',(#4746),#4749);
#4746 = B_SPLINE_CURVE_WITH_KNOTS('',1,(#4747,#4748),.UNSPECIFIED.,.F.,
  .F.,(2,2),(0.,6.28318530718),.PIECEWISE_BEZIER_KNOTS.);
#4747 = CARTESIAN_POINT('',(0.,0.));
#4748 = CARTESIAN_POINT('',(-6.28318530718,0.));
#4749 = ( GEOMETRIC_REPRESENTATION_CONTEXT(2) 
PARAMETRIC_REPRESENTATION_CONTEXT() REPRESENTATION_CONTEXT('2D SPACE',''
  ) );
#4750 = ORIENTED_EDGE('',*,*,#4751,.F.);
#4751 = EDGE_CURVE('',#4005,#4724,#4752,.T.);
#4752 = SEAM_CURVE('',#4753,(#4757,#4764),.PCURVE_S1.);
#4753 = LINE('',#4754,#4755);
#4754 = CARTESIAN_POINT('',(42.,-1.028703311284E-14,514.));
#4755 = VECTOR('',#4756,1.);
#4756 = DIRECTION('',(0.,0.,1.));
#4757 = PCURVE('',#4021,#4758);
#4758 = DEFINITIONAL_REPRESENTATION('',(#4759),#4763);
#4759 = LINE('',#4760,#4761);
#4760 = CARTESIAN_POINT('',(6.28318530718,-0.));
#4761 = VECTOR('',#4762,1.);
#4762 = DIRECTION('',(0.,1.));
#4763 = ( GEOMETRIC_REPRESENTATION_CONTEXT(2) 
PARAMETRIC_REPRESENTATION_CONTEXT() REPRESENTATION_CONTEXT('2D SPACE',''
  ) );
#4764 = PCURVE('',#4021,#4765);
#4765 = DEFINITIONAL_REPRESENTATION('',(#4766),#4770);
#4766 = LINE('',#4767,#4768);
#4767 = CARTESIAN_POINT('',(0.,-0.));
#4768 = VECTOR('',#4769,1.);
#4769 = DIRECTION('',(0.,1.));
#4770 = ( GEOMETRIC_REPRESENTATION_CONTEXT(2) 
PARAMETRIC_REPRESENTATION_CONTEXT() REPRESENTATION_CONTEXT('2D SPACE',''
  ) );
#4771 = ORIENTED_EDGE('',*,*,#4004,.T.);
#4772 = ORIENTED_EDGE('',*,*,#4751,.T.);
#4773 = ADVANCED_FACE('',(#4774),#4119,.F.);
#4774 = FACE_BOUND('',#4775,.F.);
#4775 = EDGE_LOOP('',(#4776,#4777,#4778,#4779));
#4776 = ORIENTED_EDGE('',*,*,#4105,.T.);
#4777 = ORIENTED_EDGE('',*,*,#4136,.T.);
#4778 = ORIENTED_EDGE('',*,*,#4233,.F.);
#4779 = ORIENTED_EDGE('',*,*,#4185,.F.);
#4780 = ADVANCED_FACE('',(#4781),#4320,.F.);
#4781 = FACE_BOUND('',#4782,.F.);
#4782 = EDGE_LOOP('',(#4783,#4784,#4785,#4786));
#4783 = ORIENTED_EDGE('',*,*,#4306,.T.);
#4784 = ORIENTED_EDGE('',*,*,#4337,.T.);
#4785 = ORIENTED_EDGE('',*,*,#4434,.F.);
#4786 = ORIENTED_EDGE('',*,*,#4386,.F.);
#4787 = ADVANCED_FACE('',(#4788),#4521,.F.);
#4788 = FACE_BOUND('',#4789,.F.);
#4789 = EDGE_LOOP('',(#4790,#4791,#4792,#4793));
#4790 = ORIENTED_EDGE('',*,*,#4507,.T.);
#4791 = ORIENTED_EDGE('',*,*,#4636,.T.);
#4792 = ORIENTED_EDGE('',*,*,#4586,.F.);
#4793 = ORIENTED_EDGE('',*,*,#4538,.F.);
#4794 = ADVANCED_FACE('',(#4795),#4700,.F.);
#4795 = FACE_BOUND('',#4796,.F.);
#4796 = EDGE_LOOP('',(#4797,#4798,#4821,#4848));
#4797 = ORIENTED_EDGE('',*,*,#4685,.T.);
#4798 = ORIENTED_EDGE('',*,*,#4799,.T.);
#4799 = EDGE_CURVE('',#4663,#4800,#4802,.T.);
#4800 = VERTEX_POINT('',#4801);
#4801 = CARTESIAN_POINT('',(39.821037121063,0.,687.46666666666));
#4802 = SEAM_CURVE('',#4803,(#4807,#4814),.PCURVE_S1.);
#4803 = LINE('',#4804,#4805);
#4804 = CARTESIAN_POINT('',(39.899341158793,0.,684.1));
#4805 = VECTOR('',#4806,1.);
#4806 = DIRECTION('',(-2.325233658426E-02,0.,0.999729627871));
#4807 = PCURVE('',#4700,#4808);
#4808 = DEFINITIONAL_REPRESENTATION('',(#4809),#4813);
#4809 = LINE('',#4810,#4811);
#4810 = CARTESIAN_POINT('',(-0.,-0.));
#4811 = VECTOR('',#4812,1.);
#4812 = DIRECTION('',(-0.,-1.));
#4813 = ( GEOMETRIC_REPRESENTATION_CONTEXT(2) 
PARAMETRIC_REPRESENTATION_CONTEXT() REPRESENTATION_CONTEXT('2D SPACE',''
  ) );
#4814 = PCURVE('',#4700,#4815);
#4815 = DEFINITIONAL_REPRESENTATION('',(#4816),#4820);
#4816 = LINE('',#4817,#4818);
#4817 = CARTESIAN_POINT('',(-6.28318530718,-0.));
#4818 = VECTOR('',#4819,1.);
#4819 = DIRECTION('',(-0.,-1.));
#4820 = ( GEOMETRIC_REPRESENTATION_CONTEXT(2) 
PARAMETRIC_REPRESENTATION_CONTEXT() REPRESENTATION_CONTEXT('2D SPACE',''
  ) );
#4821 = ORIENTED_EDGE('',*,*,#4822,.F.);
#4822 = EDGE_CURVE('',#4800,#4800,#4823,.T.);
#4823 = SURFACE_CURVE('',#4824,(#4829,#4836),.PCURVE_S1.);
#4824 = CIRCLE('',#4825,39.821037121063);
#4825 = AXIS2_PLACEMENT_3D('',#4826,#4827,#4828);
#4826 = CARTESIAN_POINT('',(0.,0.,687.46666666666));
#4827 = DIRECTION('',(0.,0.,1.));
#4828 = DIRECTION('',(1.,0.,-0.));
#4829 = PCURVE('',#4700,#4830);
#4830 = DEFINITIONAL_REPRESENTATION('',(#4831),#4835);
#4831 = LINE('',#4832,#4833);
#4832 = CARTESIAN_POINT('',(-0.,-3.366666666667));
#4833 = VECTOR('',#4834,1.);
#4834 = DIRECTION('',(-1.,-0.));
#4835 = ( GEOMETRIC_REPRESENTATION_CONTEXT(2) 
PARAMETRIC_REPRESENTATION_CONTEXT() REPRESENTATION_CONTEXT('2D SPACE',''
  ) );
#4836 = PCURVE('',#4837,#4842);
#4837 = CONICAL_SURFACE('',#4838,39.821037121063,2.990031647305E-02);
#4838 = AXIS2_PLACEMENT_3D('',#4839,#4840,#4841);
#4839 = CARTESIAN_POINT('',(0.,0.,687.46666666666));
#4840 = DIRECTION('',(-0.,-0.,-1.));
#4841 = DIRECTION('',(1.,0.,-0.));
#4842 = DEFINITIONAL_REPRESENTATION('',(#4843),#4847);
#4843 = LINE('',#4844,#4845);
#4844 = CARTESIAN_POINT('',(-0.,-0.));
#4845 = VECTOR('',#4846,1.);
#4846 = DIRECTION('',(-1.,-0.));
#4847 = ( GEOMETRIC_REPRESENTATION_CONTEXT(2) 
PARAMETRIC_REPRESENTATION_CONTEXT() REPRESENTATION_CONTEXT('2D SPACE',''
  ) );
#4848 = ORIENTED_EDGE('',*,*,#4799,.F.);
#4849 = ADVANCED_FACE('',(#4850),#4740,.T.);
#4850 = FACE_BOUND('',#4851,.T.);
#4851 = EDGE_LOOP('',(#4852,#4875,#4876,#4877));
#4852 = ORIENTED_EDGE('',*,*,#4853,.F.);
#4853 = EDGE_CURVE('',#4724,#4854,#4856,.T.);
#4854 = VERTEX_POINT('',#4855);
#4855 = CARTESIAN_POINT('',(41.988816671691,0.,677.36666666666));
#4856 = SEAM_CURVE('',#4857,(#4861,#4868),.PCURVE_S1.);
#4857 = LINE('',#4858,#4859);
#4858 = CARTESIAN_POINT('',(42.,0.,674.));
#4859 = VECTOR('',#4860,1.);
#4860 = DIRECTION('',(-3.321762359492E-03,0.,0.999994482932));
#4861 = PCURVE('',#4740,#4862);
#4862 = DEFINITIONAL_REPRESENTATION('',(#4863),#4867);
#4863 = LINE('',#4864,#4865);
#4864 = CARTESIAN_POINT('',(-0.,-0.));
#4865 = VECTOR('',#4866,1.);
#4866 = DIRECTION('',(-0.,-1.));
#4867 = ( GEOMETRIC_REPRESENTATION_CONTEXT(2) 
PARAMETRIC_REPRESENTATION_CONTEXT() REPRESENTATION_CONTEXT('2D SPACE',''
  ) );
#4868 = PCURVE('',#4740,#4869);
#4869 = DEFINITIONAL_REPRESENTATION('',(#4870),#4874);
#4870 = LINE('',#4871,#4872);
#4871 = CARTESIAN_POINT('',(-6.28318530718,-0.));
#4872 = VECTOR('',#4873,1.);
#4873 = DIRECTION('',(-0.,-1.));
#4874 = ( GEOMETRIC_REPRESENTATION_CONTEXT(2) 
PARAMETRIC_REPRESENTATION_CONTEXT() REPRESENTATION_CONTEXT('2D SPACE',''
  ) );
#4875 = ORIENTED_EDGE('',*,*,#4723,.T.);
#4876 = ORIENTED_EDGE('',*,*,#4853,.T.);
#4877 = ORIENTED_EDGE('',*,*,#4878,.F.);
#4878 = EDGE_CURVE('',#4854,#4854,#4879,.T.);
#4879 = SURFACE_CURVE('',#4880,(#4885,#4892),.PCURVE_S1.);
#4880 = CIRCLE('',#4881,41.988816671691);
#4881 = AXIS2_PLACEMENT_3D('',#4882,#4883,#4884);
#4882 = CARTESIAN_POINT('',(0.,0.,677.36666666666));
#4883 = DIRECTION('',(0.,0.,1.));
#4884 = DIRECTION('',(1.,0.,-0.));
#4885 = PCURVE('',#4740,#4886);
#4886 = DEFINITIONAL_REPRESENTATION('',(#4887),#4891);
#4887 = LINE('',#4888,#4889);
#4888 = CARTESIAN_POINT('',(-0.,-3.366666666667));
#4889 = VECTOR('',#4890,1.);
#4890 = DIRECTION('',(-1.,-0.));
#4891 = ( GEOMETRIC_REPRESENTATION_CONTEXT(2) 
PARAMETRIC_REPRESENTATION_CONTEXT() REPRESENTATION_CONTEXT('2D SPACE',''
  ) );
#4892 = PCURVE('',#4893,#4898);
#4893 = CONICAL_SURFACE('',#4894,41.988816671691,9.965452027656E-03);
#4894 = AXIS2_PLACEMENT_3D('',#4895,#4896,#4897);
#4895 = CARTESIAN_POINT('',(0.,0.,677.36666666666));
#4896 = DIRECTION('',(-0.,-0.,-1.));
#4897 = DIRECTION('',(1.,0.,-0.));
#4898 = DEFINITIONAL_REPRESENTATION('',(#4899),#4903);
#4899 = LINE('',#4900,#4901);
#4900 = CARTESIAN_POINT('',(-0.,-0.));
#4901 = VECTOR('',#4902,1.);
#4902 = DIRECTION('',(-1.,-0.));
#4903 = ( GEOMETRIC_REPRESENTATION_CONTEXT(2) 
PARAMETRIC_REPRESENTATION_CONTEXT() REPRESENTATION_CONTEXT('2D SPACE',''
  ) );
#4904 = ADVANCED_FACE('',(#4905),#4837,.F.);
#4905 = FACE_BOUND('',#4906,.F.);
#4906 = EDGE_LOOP('',(#4907,#4908,#4931,#4958));
#4907 = ORIENTED_EDGE('',*,*,#4822,.T.);
#4908 = ORIENTED_EDGE('',*,*,#4909,.T.);
#4909 = EDGE_CURVE('',#4800,#4910,#4912,.T.);
#4910 = VERTEX_POINT('',#4911);
#4911 = CARTESIAN_POINT('',(39.720342712578,0.,690.83333333333));
#4912 = SEAM_CURVE('',#4913,(#4917,#4924),.PCURVE_S1.);
#4913 = LINE('',#4914,#4915);
#4914 = CARTESIAN_POINT('',(39.821037121063,0.,687.46666666666));
#4915 = VECTOR('',#4916,1.);
#4916 = DIRECTION('',(-2.98958613809E-02,0.,0.99955301884));
#4917 = PCURVE('',#4837,#4918);
#4918 = DEFINITIONAL_REPRESENTATION('',(#4919),#4923);
#4919 = LINE('',#4920,#4921);
#4920 = CARTESIAN_POINT('',(-0.,-0.));
#4921 = VECTOR('',#4922,1.);
#4922 = DIRECTION('',(-0.,-1.));
#4923 = ( GEOMETRIC_REPRESENTATION_CONTEXT(2) 
PARAMETRIC_REPRESENTATION_CONTEXT() REPRESENTATION_CONTEXT('2D SPACE',''
  ) );
#4924 = PCURVE('',#4837,#4925);
#4925 = DEFINITIONAL_REPRESENTATION('',(#4926),#4930);
#4926 = LINE('',#4927,#4928);
#4927 = CARTESIAN_POINT('',(-6.28318530718,-0.));
#4928 = VECTOR('',#4929,1.);
#4929 = DIRECTION('',(-0.,-1.));
#4930 = ( GEOMETRIC_REPRESENTATION_CONTEXT(2) 
PARAMETRIC_REPRESENTATION_CONTEXT() REPRESENTATION_CONTEXT('2D SPACE',''
  ) );
#4931 = ORIENTED_EDGE('',*,*,#4932,.F.);
#4932 = EDGE_CURVE('',#4910,#4910,#4933,.T.);
#4933 = SURFACE_CURVE('',#4934,(#4939,#4946),.PCURVE_S1.);
#4934 = CIRCLE('',#4935,39.720342712578);
#4935 = AXIS2_PLACEMENT_3D('',#4936,#4937,#4938);
#4936 = CARTESIAN_POINT('',(0.,0.,690.83333333333));
#4937 = DIRECTION('',(0.,0.,1.));
#4938 = DIRECTION('',(1.,0.,-0.));
#4939 = PCURVE('',#4837,#4940);
#4940 = DEFINITIONAL_REPRESENTATION('',(#4941),#4945);
#4941 = LINE('',#4942,#4943);
#4942 = CARTESIAN_POINT('',(-0.,-3.366666666667));
#4943 = VECTOR('',#4944,1.);
#4944 = DIRECTION('',(-1.,-0.));
#4945 = ( GEOMETRIC_REPRESENTATION_CONTEXT(2) 
PARAMETRIC_REPRESENTATION_CONTEXT() REPRESENTATION_CONTEXT('2D SPACE',''
  ) );
#4946 = PCURVE('',#4947,#4952);
#4947 = CONICAL_SURFACE('',#4948,39.720342712578,3.654752189562E-02);
#4948 = AXIS2_PLACEMENT_3D('',#4949,#4950,#4951);
#4949 = CARTESIAN_POINT('',(0.,0.,690.83333333333));
#4950 = DIRECTION('',(-0.,-0.,-1.));
#4951 = DIRECTION('',(1.,0.,-0.));
#4952 = DEFINITIONAL_REPRESENTATION('',(#4953),#4957);
#4953 = LINE('',#4954,#4955);
#4954 = CARTESIAN_POINT('',(-0.,-0.));
#4955 = VECTOR('',#4956,1.);
#4956 = DIRECTION('',(-1.,-0.));
#4957 = ( GEOMETRIC_REPRESENTATION_CONTEXT(2) 
PARAMETRIC_REPRESENTATION_CONTEXT() REPRESENTATION_CONTEXT('2D SPACE',''
  ) );
#4958 = ORIENTED_EDGE('',*,*,#4909,.F.);
#4959 = ADVANCED_FACE('',(#4960),#4893,.T.);
#4960 = FACE_BOUND('',#4961,.T.);
#4961 = EDGE_LOOP('',(#4962,#4963,#4986,#5013));
#4962 = ORIENTED_EDGE('',*,*,#4878,.T.);
#4963 = ORIENTED_EDGE('',*,*,#4964,.T.);
#4964 = EDGE_CURVE('',#4854,#4965,#4967,.T.);
#4965 = VERTEX_POINT('',#4966);
#4966 = CARTESIAN_POINT('',(41.955265205855,0.,680.73333333333));
#4967 = SEAM_CURVE('',#4968,(#4972,#4979),.PCURVE_S1.);
#4968 = LINE('',#4969,#4970);
#4969 = CARTESIAN_POINT('',(41.988816671691,0.,677.36666666666));
#4970 = VECTOR('',#4971,1.);
#4971 = DIRECTION('',(-9.965287083246E-03,0.,0.999950345294));
#4972 = PCURVE('',#4893,#4973);
#4973 = DEFINITIONAL_REPRESENTATION('',(#4974),#4978);
#4974 = LINE('',#4975,#4976);
#4975 = CARTESIAN_POINT('',(-0.,-0.));
#4976 = VECTOR('',#4977,1.);
#4977 = DIRECTION('',(-0.,-1.));
#4978 = ( GEOMETRIC_REPRESENTATION_CONTEXT(2) 
PARAMETRIC_REPRESENTATION_CONTEXT() REPRESENTATION_CONTEXT('2D SPACE',''
  ) );
#4979 = PCURVE('',#4893,#4980);
#4980 = DEFINITIONAL_REPRESENTATION('',(#4981),#4985);
#4981 = LINE('',#4982,#4983);
#4982 = CARTESIAN_POINT('',(-6.28318530718,-0.));
#4983 = VECTOR('',#4984,1.);
#4984 = DIRECTION('',(-0.,-1.));
#4985 = ( GEOMETRIC_REPRESENTATION_CONTEXT(2) 
PARAMETRIC_REPRESENTATION_CONTEXT() REPRESENTATION_CONTEXT('2D SPACE',''
  ) );
#4986 = ORIENTED_EDGE('',*,*,#4987,.F.);
#4987 = EDGE_CURVE('',#4965,#4965,#4988,.T.);
#4988 = SURFACE_CURVE('',#4989,(#4994,#5001),.PCURVE_S1.);
#4989 = CIRCLE('',#4990,41.955265205855);
#4990 = AXIS2_PLACEMENT_3D('',#4991,#4992,#4993);
#4991 = CARTESIAN_POINT('',(0.,0.,680.73333333333));
#4992 = DIRECTION('',(0.,0.,1.));
#4993 = DIRECTION('',(1.,0.,-0.));
#4994 = PCURVE('',#4893,#4995);
#4995 = DEFINITIONAL_REPRESENTATION('',(#4996),#5000);
#4996 = LINE('',#4997,#4998);
#4997 = CARTESIAN_POINT('',(-0.,-3.366666666667));
#4998 = VECTOR('',#4999,1.);
#4999 = DIRECTION('',(-1.,-0.));
#5000 = ( GEOMETRIC_REPRESENTATION_CONTEXT(2) 
PARAMETRIC_REPRESENTATION_CONTEXT() REPRESENTATION_CONTEXT('2D SPACE',''
  ) );
#5001 = PCURVE('',#5002,#5007);
#5002 = CONICAL_SURFACE('',#5003,41.955265205855,1.660957551378E-02);
#5003 = AXIS2_PLACEMENT_3D('',#5004,#5005,#5006);
#5004 = CARTESIAN_POINT('',(0.,0.,680.73333333333));
#5005 = DIRECTION('',(-0.,-0.,-1.));
#5006 = DIRECTION('',(1.,0.,-0.));
#5007 = DEFINITIONAL_REPRESENTATION('',(#5008),#5012);
#5008 = LINE('',#5009,#5010);
#5009 = CARTESIAN_POINT('',(-0.,-0.));
#5010 = VECTOR('',#5011,1.);
#5011 = DIRECTION('',(-1.,-0.));
#5012 = ( GEOMETRIC_REPRESENTATION_CONTEXT(2) 
PARAMETRIC_REPRESENTATION_CONTEXT() REPRESENTATION_CONTEXT('2D SPACE',''
  ) );
#5013 = ORIENTED_EDGE('',*,*,#4964,.F.);
#5014 = ADVANCED_FACE('',(#5015),#4947,.F.);
#5015 = FACE_BOUND('',#5016,.F.);
#5016 = EDGE_LOOP('',(#5017,#5018,#5041,#5068));
#5017 = ORIENTED_EDGE('',*,*,#4932,.T.);
#5018 = ORIENTED_EDGE('',*,*,#5019,.T.);
#5019 = EDGE_CURVE('',#4910,#5020,#5022,.T.);
#5020 = VERTEX_POINT('',#5021);
#5021 = CARTESIAN_POINT('',(39.597244575711,0.,694.2));
#5022 = SEAM_CURVE('',#5023,(#5027,#5034),.PCURVE_S1.);
#5023 = LINE('',#5024,#5025);
#5024 = CARTESIAN_POINT('',(39.720342712578,0.,690.83333333333));
#5025 = VECTOR('',#5026,1.);
#5026 = DIRECTION('',(-3.65393862214E-02,0.,0.999332213658));
#5027 = PCURVE('',#4947,#5028);
#5028 = DEFINITIONAL_REPRESENTATION('',(#5029),#5033);
#5029 = LINE('',#5030,#5031);
#5030 = CARTESIAN_POINT('',(-0.,-0.));
#5031 = VECTOR('',#5032,1.);
#5032 = DIRECTION('',(-0.,-1.));
#5033 = ( GEOMETRIC_REPRESENTATION_CONTEXT(2) 
PARAMETRIC_REPRESENTATION_CONTEXT() REPRESENTATION_CONTEXT('2D SPACE',''
  ) );
#5034 = PCURVE('',#4947,#5035);
#5035 = DEFINITIONAL_REPRESENTATION('',(#5036),#5040);
#5036 = LINE('',#5037,#5038);
#5037 = CARTESIAN_POINT('',(-6.28318530718,-0.));
#5038 = VECTOR('',#5039,1.);
#5039 = DIRECTION('',(-0.,-1.));
#5040 = ( GEOMETRIC_REPRESENTATION_CONTEXT(2) 
PARAMETRIC_REPRESENTATION_CONTEXT() REPRESENTATION_CONTEXT('2D SPACE',''
  ) );
#5041 = ORIENTED_EDGE('',*,*,#5042,.F.);
#5042 = EDGE_CURVE('',#5020,#5020,#5043,.T.);
#5043 = SURFACE_CURVE('',#5044,(#5049,#5056),.PCURVE_S1.);
#5044 = CIRCLE('',#5045,39.597244575711);
#5045 = AXIS2_PLACEMENT_3D('',#5046,#5047,#5048);
#5046 = CARTESIAN_POINT('',(0.,0.,694.2));
#5047 = DIRECTION('',(0.,0.,1.));
#5048 = DIRECTION('',(1.,0.,-0.));
#5049 = PCURVE('',#4947,#5050);
#5050 = DEFINITIONAL_REPRESENTATION('',(#5051),#5055);
#5051 = LINE('',#5052,#5053);
#5052 = CARTESIAN_POINT('',(-0.,-3.366666666667));
#5053 = VECTOR('',#5054,1.);
#5054 = DIRECTION('',(-1.,-0.));
#5055 = ( GEOMETRIC_REPRESENTATION_CONTEXT(2) 
PARAMETRIC_REPRESENTATION_CONTEXT() REPRESENTATION_CONTEXT('2D SPACE',''
  ) );
#5056 = PCURVE('',#5057,#5062);
#5057 = CONICAL_SURFACE('',#5058,39.597244575711,4.319634337846E-02);
#5058 = AXIS2_PLACEMENT_3D('',#5059,#5060,#5061);
#5059 = CARTESIAN_POINT('',(0.,0.,694.2));
#5060 = DIRECTION('',(-0.,-0.,-1.));
#5061 = DIRECTION('',(1.,0.,-0.));
#5062 = DEFINITIONAL_REPRESENTATION('',(#5063),#5067);
#5063 = LINE('',#5064,#5065);
#5064 = CARTESIAN_POINT('',(-0.,-0.));
#5065 = VECTOR('',#5066,1.);
#5066 = DIRECTION('',(-1.,-0.));
#5067 = ( GEOMETRIC_REPRESENTATION_CONTEXT(2) 
PARAMETRIC_REPRESENTATION_CONTEXT() REPRESENTATION_CONTEXT('2D SPACE',''
  ) );
#5068 = ORIENTED_EDGE('',*,*,#5019,.F.);
#5069 = ADVANCED_FACE('',(#5070),#5002,.T.);
#5070 = FACE_BOUND('',#5071,.T.);
#5071 = EDGE_LOOP('',(#5072,#5073,#5096,#5123));
#5072 = ORIENTED_EDGE('',*,*,#4987,.T.);
#5073 = ORIENTED_EDGE('',*,*,#5074,.T.);
#5074 = EDGE_CURVE('',#4965,#5075,#5077,.T.);
#5075 = VERTEX_POINT('',#5076);
#5076 = CARTESIAN_POINT('',(41.899341158793,0.,684.1));
#5077 = SEAM_CURVE('',#5078,(#5082,#5089),.PCURVE_S1.);
#5078 = LINE('',#5079,#5080);
#5079 = CARTESIAN_POINT('',(41.955265205855,0.,680.73333333333));
#5080 = VECTOR('',#5081,1.);
#5081 = DIRECTION('',(-1.660881182157E-02,0.,0.999862064172));
#5082 = PCURVE('',#5002,#5083);
#5083 = DEFINITIONAL_REPRESENTATION('',(#5084),#5088);
#5084 = LINE('',#5085,#5086);
#5085 = CARTESIAN_POINT('',(-0.,-0.));
#5086 = VECTOR('',#5087,1.);
#5087 = DIRECTION('',(-0.,-1.));
#5088 = ( GEOMETRIC_REPRESENTATION_CONTEXT(2) 
PARAMETRIC_REPRESENTATION_CONTEXT() REPRESENTATION_CONTEXT('2D SPACE',''
  ) );
#5089 = PCURVE('',#5002,#5090);
#5090 = DEFINITIONAL_REPRESENTATION('',(#5091),#5095);
#5091 = LINE('',#5092,#5093);
#5092 = CARTESIAN_POINT('',(-6.28318530718,-0.));
#5093 = VECTOR('',#5094,1.);
#5094 = DIRECTION('',(-0.,-1.));
#5095 = ( GEOMETRIC_REPRESENTATION_CONTEXT(2) 
PARAMETRIC_REPRESENTATION_CONTEXT() REPRESENTATION_CONTEXT('2D SPACE',''
  ) );
#5096 = ORIENTED_EDGE('',*,*,#5097,.F.);
#5097 = EDGE_CURVE('',#5075,#5075,#5098,.T.);
#5098 = SURFACE_CURVE('',#5099,(#5104,#5111),.PCURVE_S1.);
#5099 = CIRCLE('',#5100,41.899341158793);
#5100 = AXIS2_PLACEMENT_3D('',#5101,#5102,#5103);
#5101 = CARTESIAN_POINT('',(0.,0.,684.1));
#5102 = DIRECTION('',(0.,0.,1.));
#5103 = DIRECTION('',(1.,0.,-0.));
#5104 = PCURVE('',#5002,#5105);
#5105 = DEFINITIONAL_REPRESENTATION('',(#5106),#5110);
#5106 = LINE('',#5107,#5108);
#5107 = CARTESIAN_POINT('',(-0.,-3.366666666667));
#5108 = VECTOR('',#5109,1.);
#5109 = DIRECTION('',(-1.,-0.));
#5110 = ( GEOMETRIC_REPRESENTATION_CONTEXT(2) 
PARAMETRIC_REPRESENTATION_CONTEXT() REPRESENTATION_CONTEXT('2D SPACE',''
  ) );
#5111 = PCURVE('',#5112,#5117);
#5112 = CONICAL_SURFACE('',#5113,41.899341158793,2.32544324055E-02);
#5113 = AXIS2_PLACEMENT_3D('',#5114,#5115,#5116);
#5114 = CARTESIAN_POINT('',(0.,0.,684.1));
#5115 = DIRECTION('',(-0.,-0.,-1.));
#5116 = DIRECTION('',(1.,0.,-0.));
#5117 = DEFINITIONAL_REPRESENTATION('',(#5118),#5122);
#5118 = LINE('',#5119,#5120);
#5119 = CARTESIAN_POINT('',(-0.,-0.));
#5120 = VECTOR('',#5121,1.);
#5121 = DIRECTION('',(-1.,-0.));
#5122 = ( GEOMETRIC_REPRESENTATION_CONTEXT(2) 
PARAMETRIC_REPRESENTATION_CONTEXT() REPRESENTATION_CONTEXT('2D SPACE',''
  ) );
#5123 = ORIENTED_EDGE('',*,*,#5074,.F.);
#5124 = ADVANCED_FACE('',(#5125),#5057,.F.);
#5125 = FACE_BOUND('',#5126,.F.);
#5126 = EDGE_LOOP('',(#5127,#5128,#5151,#5178));
#5127 = ORIENTED_EDGE('',*,*,#5042,.T.);
#5128 = ORIENTED_EDGE('',*,*,#5129,.T.);
#5129 = EDGE_CURVE('',#5020,#5130,#5132,.T.);
#5130 = VERTEX_POINT('',#5131);
#5131 = CARTESIAN_POINT('',(39.451726366432,0.,697.56666666666));
#5132 = SEAM_CURVE('',#5133,(#5137,#5144),.PCURVE_S1.);
#5133 = LINE('',#5134,#5135);
#5134 = CARTESIAN_POINT('',(39.597244575711,0.,694.2));
#5135 = VECTOR('',#5136,1.);
#5136 = DIRECTION('',(-4.318291111548E-02,0.,0.99906718302));
#5137 = PCURVE('',#5057,#5138);
#5138 = DEFINITIONAL_REPRESENTATION('',(#5139),#5143);
#5139 = LINE('',#5140,#5141);
#5140 = CARTESIAN_POINT('',(-0.,-0.));
#5141 = VECTOR('',#5142,1.);
#5142 = DIRECTION('',(-0.,-1.));
#5143 = ( GEOMETRIC_REPRESENTATION_CONTEXT(2) 
PARAMETRIC_REPRESENTATION_CONTEXT() REPRESENTATION_CONTEXT('2D SPACE',''
  ) );
#5144 = PCURVE('',#5057,#5145);
#5145 = DEFINITIONAL_REPRESENTATION('',(#5146),#5150);
#5146 = LINE('',#5147,#5148);
#5147 = CARTESIAN_POINT('',(-6.28318530718,-0.));
#5148 = VECTOR('',#5149,1.);
#5149 = DIRECTION('',(-0.,-1.));
#5150 = ( GEOMETRIC_REPRESENTATION_CONTEXT(2) 
PARAMETRIC_REPRESENTATION_CONTEXT() REPRESENTATION_CONTEXT('2D SPACE',''
  ) );
#5151 = ORIENTED_EDGE('',*,*,#5152,.F.);
#5152 = EDGE_CURVE('',#5130,#5130,#5153,.T.);
#5153 = SURFACE_CURVE('',#5154,(#5159,#5166),.PCURVE_S1.);
#5154 = CIRCLE('',#5155,39.451726366432);
#5155 = AXIS2_PLACEMENT_3D('',#5156,#5157,#5158);
#5156 = CARTESIAN_POINT('',(0.,0.,697.56666666666));
#5157 = DIRECTION('',(0.,0.,1.));
#5158 = DIRECTION('',(1.,0.,-0.));
#5159 = PCURVE('',#5057,#5160);
#5160 = DEFINITIONAL_REPRESENTATION('',(#5161),#5165);
#5161 = LINE('',#5162,#5163);
#5162 = CARTESIAN_POINT('',(-0.,-3.366666666667));
#5163 = VECTOR('',#5164,1.);
#5164 = DIRECTION('',(-1.,-0.));
#5165 = ( GEOMETRIC_REPRESENTATION_CONTEXT(2) 
PARAMETRIC_REPRESENTATION_CONTEXT() REPRESENTATION_CONTEXT('2D SPACE',''
  ) );
#5166 = PCURVE('',#5167,#5172);
#5167 = CONICAL_SURFACE('',#5168,39.451726366432,4.984707627141E-02);
#5168 = AXIS2_PLACEMENT_3D('',#5169,#5170,#5171);
#5169 = CARTESIAN_POINT('',(0.,0.,697.56666666666));
#5170 = DIRECTION('',(-0.,-0.,-1.));
#5171 = DIRECTION('',(1.,0.,-0.));
#5172 = DEFINITIONAL_REPRESENTATION('',(#5173),#5177);
#5173 = LINE('',#5174,#5175);
#5174 = CARTESIAN_POINT('',(-0.,-0.));
#5175 = VECTOR('',#5176,1.);
#5176 = DIRECTION('',(-1.,-0.));
#5177 = ( GEOMETRIC_REPRESENTATION_CONTEXT(2) 
PARAMETRIC_REPRESENTATION_CONTEXT() REPRESENTATION_CONTEXT('2D SPACE',''
  ) );
#5178 = ORIENTED_EDGE('',*,*,#5129,.F.);
#5179 = ADVANCED_FACE('',(#5180),#5112,.T.);
#5180 = FACE_BOUND('',#5181,.T.);
#5181 = EDGE_LOOP('',(#5182,#5183,#5206,#5233));
#5182 = ORIENTED_EDGE('',*,*,#5097,.T.);
#5183 = ORIENTED_EDGE('',*,*,#5184,.T.);
#5184 = EDGE_CURVE('',#5075,#5185,#5187,.T.);
#5185 = VERTEX_POINT('',#5186);
#5186 = CARTESIAN_POINT('',(41.821037121063,0.,687.46666666666));
#5187 = SEAM_CURVE('',#5188,(#5192,#5199),.PCURVE_S1.);
#5188 = LINE('',#5189,#5190);
#5189 = CARTESIAN_POINT('',(41.899341158793,0.,684.1));
#5190 = VECTOR('',#5191,1.);
#5191 = DIRECTION('',(-2.325233658426E-02,0.,0.999729627871));
#5192 = PCURVE('',#5112,#5193);
#5193 = DEFINITIONAL_REPRESENTATION('',(#5194),#5198);
#5194 = LINE('',#5195,#5196);
#5195 = CARTESIAN_POINT('',(-0.,-0.));
#5196 = VECTOR('',#5197,1.);
#5197 = DIRECTION('',(-0.,-1.));
#5198 = ( GEOMETRIC_REPRESENTATION_CONTEXT(2) 
PARAMETRIC_REPRESENTATION_CONTEXT() REPRESENTATION_CONTEXT('2D SPACE',''
  ) );
#5199 = PCURVE('',#5112,#5200);
#5200 = DEFINITIONAL_REPRESENTATION('',(#5201),#5205);
#5201 = LINE('',#5202,#5203);
#5202 = CARTESIAN_POINT('',(-6.28318530718,-0.));
#5203 = VECTOR('',#5204,1.);
#5204 = DIRECTION('',(-0.,-1.));
#5205 = ( GEOMETRIC_REPRESENTATION_CONTEXT(2) 
PARAMETRIC_REPRESENTATION_CONTEXT() REPRESENTATION_CONTEXT('2D SPACE',''
  ) );
#5206 = ORIENTED_EDGE('',*,*,#5207,.F.);
#5207 = EDGE_CURVE('',#5185,#5185,#5208,.T.);
#5208 = SURFACE_CURVE('',#5209,(#5214,#5221),.PCURVE_S1.);
#5209 = CIRCLE('',#5210,41.821037121063);
#5210 = AXIS2_PLACEMENT_3D('',#5211,#5212,#5213);
#5211 = CARTESIAN_POINT('',(0.,0.,687.46666666666));
#5212 = DIRECTION('',(0.,0.,1.));
#5213 = DIRECTION('',(1.,0.,-0.));
#5214 = PCURVE('',#5112,#5215);
#5215 = DEFINITIONAL_REPRESENTATION('',(#5216),#5220);
#5216 = LINE('',#5217,#5218);
#5217 = CARTESIAN_POINT('',(-0.,-3.366666666667));
#5218 = VECTOR('',#5219,1.);
#5219 = DIRECTION('',(-1.,-0.));
#5220 = ( GEOMETRIC_REPRESENTATION_CONTEXT(2) 
PARAMETRIC_REPRESENTATION_CONTEXT() REPRESENTATION_CONTEXT('2D SPACE',''
  ) );
#5221 = PCURVE('',#5222,#5227);
#5222 = CONICAL_SURFACE('',#5223,41.821037121063,2.990031647305E-02);
#5223 = AXIS2_PLACEMENT_3D('',#5224,#5225,#5226);
#5224 = CARTESIAN_POINT('',(0.,0.,687.46666666666));
#5225 = DIRECTION('',(-0.,-0.,-1.));
#5226 = DIRECTION('',(1.,0.,-0.));
#5227 = DEFINITIONAL_REPRESENTATION('',(#5228),#5232);
#5228 = LINE('',#5229,#5230);
#5229 = CARTESIAN_POINT('',(-0.,-0.));
#5230 = VECTOR('',#5231,1.);
#5231 = DIRECTION('',(-1.,-0.));
#5232 = ( GEOMETRIC_REPRESENTATION_CONTEXT(2) 
PARAMETRIC_REPRESENTATION_CONTEXT() REPRESENTATION_CONTEXT('2D SPACE',''
  ) );
#5233 = ORIENTED_EDGE('',*,*,#5184,.F.);
#5234 = ADVANCED_FACE('',(#5235),#5167,.F.);
#5235 = FACE_BOUND('',#5236,.F.);
#5236 = EDGE_LOOP('',(#5237,#5238,#5261,#5288));
#5237 = ORIENTED_EDGE('',*,*,#5152,.T.);
#5238 = ORIENTED_EDGE('',*,*,#5239,.T.);
#5239 = EDGE_CURVE('',#5130,#5240,#5242,.T.);
#5240 = VERTEX_POINT('',#5241);
#5241 = CARTESIAN_POINT('',(39.283768743431,0.,700.93333333333));
#5242 = SEAM_CURVE('',#5243,(#5247,#5254),.PCURVE_S1.);
#5243 = LINE('',#5244,#5245);
#5244 = CARTESIAN_POINT('',(39.451726366432,0.,697.56666666666));
#5245 = VECTOR('',#5246,1.);
#5246 = DIRECTION('',(-4.982643607312E-02,0.,0.998757891718));
#5247 = PCURVE('',#5167,#5248);
#5248 = DEFINITIONAL_REPRESENTATION('',(#5249),#5253);
#5249 = LINE('',#5250,#5251);
#5250 = CARTESIAN_POINT('',(-0.,-0.));
#5251 = VECTOR('',#5252,1.);
#5252 = DIRECTION('',(-0.,-1.));
#5253 = ( GEOMETRIC_REPRESENTATION_CONTEXT(2) 
PARAMETRIC_REPRESENTATION_CONTEXT() REPRESENTATION_CONTEXT('2D SPACE',''
  ) );
#5254 = PCURVE('',#5167,#5255);
#5255 = DEFINITIONAL_REPRESENTATION('',(#5256),#5260);
#5256 = LINE('',#5257,#5258);
#5257 = CARTESIAN_POINT('',(-6.28318530718,-0.));
#5258 = VECTOR('',#5259,1.);
#5259 = DIRECTION('',(-0.,-1.));
#5260 = ( GEOMETRIC_REPRESENTATION_CONTEXT(2) 
PARAMETRIC_REPRESENTATION_CONTEXT() REPRESENTATION_CONTEXT('2D SPACE',''
  ) );
#5261 = ORIENTED_EDGE('',*,*,#5262,.F.);
#5262 = EDGE_CURVE('',#5240,#5240,#5263,.T.);
#5263 = SURFACE_CURVE('',#5264,(#5269,#5276),.PCURVE_S1.);
#5264 = CIRCLE('',#5265,39.283768743431);
#5265 = AXIS2_PLACEMENT_3D('',#5266,#5267,#5268);
#5266 = CARTESIAN_POINT('',(0.,0.,700.93333333333));
#5267 = DIRECTION('',(0.,0.,1.));
#5268 = DIRECTION('',(1.,0.,-0.));
#5269 = PCURVE('',#5167,#5270);
#5270 = DEFINITIONAL_REPRESENTATION('',(#5271),#5275);
#5271 = LINE('',#5272,#5273);
#5272 = CARTESIAN_POINT('',(-0.,-3.366666666667));
#5273 = VECTOR('',#5274,1.);
#5274 = DIRECTION('',(-1.,-0.));
#5275 = ( GEOMETRIC_REPRESENTATION_CONTEXT(2) 
PARAMETRIC_REPRESENTATION_CONTEXT() REPRESENTATION_CONTEXT('2D SPACE',''
  ) );
#5276 = PCURVE('',#5277,#5282);
#5277 = CONICAL_SURFACE('',#5278,39.283768743431,5.650001668729E-02);
#5278 = AXIS2_PLACEMENT_3D('',#5279,#5280,#5281);
#5279 = CARTESIAN_POINT('',(0.,0.,700.93333333333));
#5280 = DIRECTION('',(-0.,-0.,-1.));
#5281 = DIRECTION('',(1.,0.,-0.));
#5282 = DEFINITIONAL_REPRESENTATION('',(#5283),#5287);
#5283 = LINE('',#5284,#5285);
#5284 = CARTESIAN_POINT('',(-0.,-0.));
#5285 = VECTOR('',#5286,1.);
#5286 = DIRECTION('',(-1.,-0.));
#5287 = ( GEOMETRIC_REPRESENTATION_CONTEXT(2) 
PARAMETRIC_REPRESENTATION_CONTEXT() REPRESENTATION_CONTEXT('2D SPACE',''
  ) );
#5288 = ORIENTED_EDGE('',*,*,#5239,.F.);
#5289 = ADVANCED_FACE('',(#5290),#5222,.T.);
#5290 = FACE_BOUND('',#5291,.T.);
#5291 = EDGE_LOOP('',(#5292,#5293,#5316,#5343));
#5292 = ORIENTED_EDGE('',*,*,#5207,.T.);
#5293 = ORIENTED_EDGE('',*,*,#5294,.T.);
#5294 = EDGE_CURVE('',#5185,#5295,#5297,.T.);
#5295 = VERTEX_POINT('',#5296);
#5296 = CARTESIAN_POINT('',(41.720342712578,0.,690.83333333333));
#5297 = SEAM_CURVE('',#5298,(#5302,#5309),.PCURVE_S1.);
#5298 = LINE('',#5299,#5300);
#5299 = CARTESIAN_POINT('',(41.821037121063,0.,687.46666666666));
#5300 = VECTOR('',#5301,1.);
#5301 = DIRECTION('',(-2.98958613809E-02,0.,0.99955301884));
#5302 = PCURVE('',#5222,#5303);
#5303 = DEFINITIONAL_REPRESENTATION('',(#5304),#5308);
#5304 = LINE('',#5305,#5306);
#5305 = CARTESIAN_POINT('',(-0.,-0.));
#5306 = VECTOR('',#5307,1.);
#5307 = DIRECTION('',(-0.,-1.));
#5308 = ( GEOMETRIC_REPRESENTATION_CONTEXT(2) 
PARAMETRIC_REPRESENTATION_CONTEXT() REPRESENTATION_CONTEXT('2D SPACE',''
  ) );
#5309 = PCURVE('',#5222,#5310);
#5310 = DEFINITIONAL_REPRESENTATION('',(#5311),#5315);
#5311 = LINE('',#5312,#5313);
#5312 = CARTESIAN_POINT('',(-6.28318530718,-0.));
#5313 = VECTOR('',#5314,1.);
#5314 = DIRECTION('',(-0.,-1.));
#5315 = ( GEOMETRIC_REPRESENTATION_CONTEXT(2) 
PARAMETRIC_REPRESENTATION_CONTEXT() REPRESENTATION_CONTEXT('2D SPACE',''
  ) );
#5316 = ORIENTED_EDGE('',*,*,#5317,.F.);
#5317 = EDGE_CURVE('',#5295,#5295,#5318,.T.);
#5318 = SURFACE_CURVE('',#5319,(#5324,#5331),.PCURVE_S1.);
#5319 = CIRCLE('',#5320,41.720342712578);
#5320 = AXIS2_PLACEMENT_3D('',#5321,#5322,#5323);
#5321 = CARTESIAN_POINT('',(0.,0.,690.83333333333));
#5322 = DIRECTION('',(0.,0.,1.));
#5323 = DIRECTION('',(1.,0.,-0.));
#5324 = PCURVE('',#5222,#5325);
#5325 = DEFINITIONAL_REPRESENTATION('',(#5326),#5330);
#5326 = LINE('',#5327,#5328);
#5327 = CARTESIAN_POINT('',(-0.,-3.366666666667));
#5328 = VECTOR('',#5329,1.);
#5329 = DIRECTION('',(-1.,-0.));
#5330 = ( GEOMETRIC_REPRESENTATION_CONTEXT(2) 
PARAMETRIC_REPRESENTATION_CONTEXT() REPRESENTATION_CONTEXT('2D SPACE',''
  ) );
#5331 = PCURVE('',#5332,#5337);
#5332 = CONICAL_SURFACE('',#5333,41.720342712578,3.654752189562E-02);
#5333 = AXIS2_PLACEMENT_3D('',#5334,#5335,#5336);
#5334 = CARTESIAN_POINT('',(0.,0.,690.83333333333));
#5335 = DIRECTION('',(-0.,-0.,-1.));
#5336 = DIRECTION('',(1.,0.,-0.));
#5337 = DEFINITIONAL_REPRESENTATION('',(#5338),#5342);
#5338 = LINE('',#5339,#5340);
#5339 = CARTESIAN_POINT('',(-0.,-0.));
#5340 = VECTOR('',#5341,1.);
#5341 = DIRECTION('',(-1.,-0.));
#5342 = ( GEOMETRIC_REPRESENTATION_CONTEXT(2) 
PARAMETRIC_REPRESENTATION_CONTEXT() REPRESENTATION_CONTEXT('2D SPACE',''
  ) );
#5343 = ORIENTED_EDGE('',*,*,#5294,.F.);
#5344 = ADVANCED_FACE('',(#5345),#5277,.F.);
#5345 = FACE_BOUND('',#5346,.F.);
#5346 = EDGE_LOOP('',(#5347,#5348,#5371,#5398));
#5347 = ORIENTED_EDGE('',*,*,#5262,.T.);
#5348 = ORIENTED_EDGE('',*,*,#5349,.T.);
#5349 = EDGE_CURVE('',#5240,#5350,#5352,.T.);
#5350 = VERTEX_POINT('',#5351);
#5351 = CARTESIAN_POINT('',(39.093349355233,0.,704.3));
#5352 = SEAM_CURVE('',#5353,(#5357,#5364),.PCURVE_S1.);
#5353 = LINE('',#5354,#5355);
#5354 = CARTESIAN_POINT('',(39.283768743431,0.,700.93333333333));
#5355 = VECTOR('',#5356,1.);
#5356 = DIRECTION('',(-5.646996110413E-02,0.,0.998404298615));
#5357 = PCURVE('',#5277,#5358);
#5358 = DEFINITIONAL_REPRESENTATION('',(#5359),#5363);
#5359 = LINE('',#5360,#5361);
#5360 = CARTESIAN_POINT('',(-0.,-0.));
#5361 = VECTOR('',#5362,1.);
#5362 = DIRECTION('',(-0.,-1.));
#5363 = ( GEOMETRIC_REPRESENTATION_CONTEXT(2) 
PARAMETRIC_REPRESENTATION_CONTEXT() REPRESENTATION_CONTEXT('2D SPACE',''
  ) );
#5364 = PCURVE('',#5277,#5365);
#5365 = DEFINITIONAL_REPRESENTATION('',(#5366),#5370);
#5366 = LINE('',#5367,#5368);
#5367 = CARTESIAN_POINT('',(-6.28318530718,-0.));
#5368 = VECTOR('',#5369,1.);
#5369 = DIRECTION('',(-0.,-1.));
#5370 = ( GEOMETRIC_REPRESENTATION_CONTEXT(2) 
PARAMETRIC_REPRESENTATION_CONTEXT() REPRESENTATION_CONTEXT('2D SPACE',''
  ) );
#5371 = ORIENTED_EDGE('',*,*,#5372,.F.);
#5372 = EDGE_CURVE('',#5350,#5350,#5373,.T.);
#5373 = SURFACE_CURVE('',#5374,(#5379,#5386),.PCURVE_S1.);
#5374 = CIRCLE('',#5375,39.093349355233);
#5375 = AXIS2_PLACEMENT_3D('',#5376,#5377,#5378);
#5376 = CARTESIAN_POINT('',(0.,0.,704.3));
#5377 = DIRECTION('',(0.,0.,1.));
#5378 = DIRECTION('',(1.,0.,-0.));
#5379 = PCURVE('',#5277,#5380);
#5380 = DEFINITIONAL_REPRESENTATION('',(#5381),#5385);
#5381 = LINE('',#5382,#5383);
#5382 = CARTESIAN_POINT('',(-0.,-3.366666666667));
#5383 = VECTOR('',#5384,1.);
#5384 = DIRECTION('',(-1.,-0.));
#5385 = ( GEOMETRIC_REPRESENTATION_CONTEXT(2) 
PARAMETRIC_REPRESENTATION_CONTEXT() REPRESENTATION_CONTEXT('2D SPACE',''
  ) );
#5386 = PCURVE('',#5387,#5392);
#5387 = CONICAL_SURFACE('',#5388,39.093349355233,6.315546162198E-02);
#5388 = AXIS2_PLACEMENT_3D('',#5389,#5390,#5391);
#5389 = CARTESIAN_POINT('',(0.,0.,704.3));
#5390 = DIRECTION('',(-0.,-0.,-1.));
#5391 = DIRECTION('',(1.,0.,-0.));
#5392 = DEFINITIONAL_REPRESENTATION('',(#5393),#5397);
#5393 = LINE('',#5394,#5395);
#5394 = CARTESIAN_POINT('',(-0.,-0.));
#5395 = VECTOR('',#5396,1.);
#5396 = DIRECTION('',(-1.,-0.));
#5397 = ( GEOMETRIC_REPRESENTATION_CONTEXT(2) 
PARAMETRIC_REPRESENTATION_CONTEXT() REPRESENTATION_CONTEXT('2D SPACE',''
  ) );
#5398 = ORIENTED_EDGE('',*,*,#5349,.F.);
#5399 = ADVANCED_FACE('',(#5400),#5332,.T.);
#5400 = FACE_BOUND('',#5401,.T.);
#5401 = EDGE_LOOP('',(#5402,#5403,#5426,#5453));
#5402 = ORIENTED_EDGE('',*,*,#5317,.T.);
#5403 = ORIENTED_EDGE('',*,*,#5404,.T.);
#5404 = EDGE_CURVE('',#5295,#5405,#5407,.T.);
#5405 = VERTEX_POINT('',#5406);
#5406 = CARTESIAN_POINT('',(41.597244575711,0.,694.2));
#5407 = SEAM_CURVE('',#5408,(#5412,#5419),.PCURVE_S1.);
#5408 = LINE('',#5409,#5410);
#5409 = CARTESIAN_POINT('',(41.720342712578,0.,690.83333333333));
#5410 = VECTOR('',#5411,1.);
#5411 = DIRECTION('',(-3.65393862214E-02,0.,0.999332213658));
#5412 = PCURVE('',#5332,#5413);
#5413 = DEFINITIONAL_REPRESENTATION('',(#5414),#5418);
#5414 = LINE('',#5415,#5416);
#5415 = CARTESIAN_POINT('',(-0.,-0.));
#5416 = VECTOR('',#5417,1.);
#5417 = DIRECTION('',(-0.,-1.));
#5418 = ( GEOMETRIC_REPRESENTATION_CONTEXT(2) 
PARAMETRIC_REPRESENTATION_CONTEXT() REPRESENTATION_CONTEXT('2D SPACE',''
  ) );
#5419 = PCURVE('',#5332,#5420);
#5420 = DEFINITIONAL_REPRESENTATION('',(#5421),#5425);
#5421 = LINE('',#5422,#5423);
#5422 = CARTESIAN_POINT('',(-6.28318530718,-0.));
#5423 = VECTOR('',#5424,1.);
#5424 = DIRECTION('',(-0.,-1.));
#5425 = ( GEOMETRIC_REPRESENTATION_CONTEXT(2) 
PARAMETRIC_REPRESENTATION_CONTEXT() REPRESENTATION_CONTEXT('2D SPACE',''
  ) );
#5426 = ORIENTED_EDGE('',*,*,#5427,.F.);
#5427 = EDGE_CURVE('',#5405,#5405,#5428,.T.);
#5428 = SURFACE_CURVE('',#5429,(#5434,#5441),.PCURVE_S1.);
#5429 = CIRCLE('',#5430,41.597244575711);
#5430 = AXIS2_PLACEMENT_3D('',#5431,#5432,#5433);
#5431 = CARTESIAN_POINT('',(0.,0.,694.2));
#5432 = DIRECTION('',(0.,0.,1.));
#5433 = DIRECTION('',(1.,0.,-0.));
#5434 = PCURVE('',#5332,#5435);
#5435 = DEFINITIONAL_REPRESENTATION('',(#5436),#5440);
#5436 = LINE('',#5437,#5438);
#5437 = CARTESIAN_POINT('',(-0.,-3.366666666667));
#5438 = VECTOR('',#5439,1.);
#5439 = DIRECTION('',(-1.,-0.));
#5440 = ( GEOMETRIC_REPRESENTATION_CONTEXT(2) 
PARAMETRIC_REPRESENTATION_CONTEXT() REPRESENTATION_CONTEXT('2D SPACE',''
  ) );
#5441 = PCURVE('',#5442,#5447);
#5442 = CONICAL_SURFACE('',#5443,41.597244575711,4.319634337846E-02);
#5443 = AXIS2_PLACEMENT_3D('',#5444,#5445,#5446);
#5444 = CARTESIAN_POINT('',(0.,0.,694.2));
#5445 = DIRECTION('',(-0.,-0.,-1.));
#5446 = DIRECTION('',(1.,0.,-0.));
#5447 = DEFINITIONAL_REPRESENTATION('',(#5448),#5452);
#5448 = LINE('',#5449,#5450);
#5449 = CARTESIAN_POINT('',(-0.,-0.));
#5450 = VECTOR('',#5451,1.);
#5451 = DIRECTION('',(-1.,-0.));
#5452 = ( GEOMETRIC_REPRESENTATION_CONTEXT(2) 
PARAMETRIC_REPRESENTATION_CONTEXT() REPRESENTATION_CONTEXT('2D SPACE',''
  ) );
#5453 = ORIENTED_EDGE('',*,*,#5404,.F.);
#5454 = ADVANCED_FACE('',(#5455),#5387,.F.);
#5455 = FACE_BOUND('',#5456,.F.);
#5456 = EDGE_LOOP('',(#5457,#5458,#5481,#5508));
#5457 = ORIENTED_EDGE('',*,*,#5372,.T.);
#5458 = ORIENTED_EDGE('',*,*,#5459,.T.);
#5459 = EDGE_CURVE('',#5350,#5460,#5462,.T.);
#5460 = VERTEX_POINT('',#5461);
#5461 = CARTESIAN_POINT('',(38.88044282527,0.,707.66666666666));
#5462 = SEAM_CURVE('',#5463,(#5467,#5474),.PCURVE_S1.);
#5463 = LINE('',#5464,#5465);
#5464 = CARTESIAN_POINT('',(39.093349355233,0.,704.3));
#5465 = VECTOR('',#5466,1.);
#5466 = DIRECTION('',(-6.311348621851E-02,0.,0.998006356622));
#5467 = PCURVE('',#5387,#5468);
#5468 = DEFINITIONAL_REPRESENTATION('',(#5469),#5473);
#5469 = LINE('',#5470,#5471);
#5470 = CARTESIAN_POINT('',(-0.,-0.));
#5471 = VECTOR('',#5472,1.);
#5472 = DIRECTION('',(-0.,-1.));
#5473 = ( GEOMETRIC_REPRESENTATION_CONTEXT(2) 
PARAMETRIC_REPRESENTATION_CONTEXT() REPRESENTATION_CONTEXT('2D SPACE',''
  ) );
#5474 = PCURVE('',#5387,#5475);
#5475 = DEFINITIONAL_REPRESENTATION('',(#5476),#5480);
#5476 = LINE('',#5477,#5478);
#5477 = CARTESIAN_POINT('',(-6.28318530718,-0.));
#5478 = VECTOR('',#5479,1.);
#5479 = DIRECTION('',(-0.,-1.));
#5480 = ( GEOMETRIC_REPRESENTATION_CONTEXT(2) 
PARAMETRIC_REPRESENTATION_CONTEXT() REPRESENTATION_CONTEXT('2D SPACE',''
  ) );
#5481 = ORIENTED_EDGE('',*,*,#5482,.F.);
#5482 = EDGE_CURVE('',#5460,#5460,#5483,.T.);
#5483 = SURFACE_CURVE('',#5484,(#5489,#5496),.PCURVE_S1.);
#5484 = CIRCLE('',#5485,38.88044282527);
#5485 = AXIS2_PLACEMENT_3D('',#5486,#5487,#5488);
#5486 = CARTESIAN_POINT('',(0.,0.,707.66666666666));
#5487 = DIRECTION('',(0.,0.,1.));
#5488 = DIRECTION('',(1.,0.,-0.));
#5489 = PCURVE('',#5387,#5490);
#5490 = DEFINITIONAL_REPRESENTATION('',(#5491),#5495);
#5491 = LINE('',#5492,#5493);
#5492 = CARTESIAN_POINT('',(-0.,-3.366666666667));
#5493 = VECTOR('',#5494,1.);
#5494 = DIRECTION('',(-1.,-0.));
#5495 = ( GEOMETRIC_REPRESENTATION_CONTEXT(2) 
PARAMETRIC_REPRESENTATION_CONTEXT() REPRESENTATION_CONTEXT('2D SPACE',''
  ) );
#5496 = PCURVE('',#5497,#5502);
#5497 = CONICAL_SURFACE('',#5498,38.88044282527,6.981370907498E-02);
#5498 = AXIS2_PLACEMENT_3D('',#5499,#5500,#5501);
#5499 = CARTESIAN_POINT('',(0.,0.,707.66666666666));
#5500 = DIRECTION('',(-0.,-0.,-1.));
#5501 = DIRECTION('',(1.,0.,-0.));
#5502 = DEFINITIONAL_REPRESENTATION('',(#5503),#5507);
#5503 = LINE('',#5504,#5505);
#5504 = CARTESIAN_POINT('',(-0.,-0.));
#5505 = VECTOR('',#5506,1.);
#5506 = DIRECTION('',(-1.,-0.));
#5507 = ( GEOMETRIC_REPRESENTATION_CONTEXT(2) 
PARAMETRIC_REPRESENTATION_CONTEXT() REPRESENTATION_CONTEXT('2D SPACE',''
  ) );
#5508 = ORIENTED_EDGE('',*,*,#5459,.F.);
#5509 = ADVANCED_FACE('',(#5510),#5442,.T.);
#5510 = FACE_BOUND('',#5511,.T.);
#5511 = EDGE_LOOP('',(#5512,#5513,#5536,#5563));
#5512 = ORIENTED_EDGE('',*,*,#5427,.T.);
#5513 = ORIENTED_EDGE('',*,*,#5514,.T.);
#5514 = EDGE_CURVE('',#5405,#5515,#5517,.T.);
#5515 = VERTEX_POINT('',#5516);
#5516 = CARTESIAN_POINT('',(41.451726366432,0.,697.56666666666));
#5517 = SEAM_CURVE('',#5518,(#5522,#5529),.PCURVE_S1.);
#5518 = LINE('',#5519,#5520);
#5519 = CARTESIAN_POINT('',(41.597244575711,0.,694.2));
#5520 = VECTOR('',#5521,1.);
#5521 = DIRECTION('',(-4.318291111548E-02,0.,0.99906718302));
#5522 = PCURVE('',#5442,#5523);
#5523 = DEFINITIONAL_REPRESENTATION('',(#5524),#5528);
#5524 = LINE('',#5525,#5526);
#5525 = CARTESIAN_POINT('',(-0.,-0.));
#5526 = VECTOR('',#5527,1.);
#5527 = DIRECTION('',(-0.,-1.));
#5528 = ( GEOMETRIC_REPRESENTATION_CONTEXT(2) 
PARAMETRIC_REPRESENTATION_CONTEXT() REPRESENTATION_CONTEXT('2D SPACE',''
  ) );
#5529 = PCURVE('',#5442,#5530);
#5530 = DEFINITIONAL_REPRESENTATION('',(#5531),#5535);
#5531 = LINE('',#5532,#5533);
#5532 = CARTESIAN_POINT('',(-6.28318530718,-0.));
#5533 = VECTOR('',#5534,1.);
#5534 = DIRECTION('',(-0.,-1.));
#5535 = ( GEOMETRIC_REPRESENTATION_CONTEXT(2) 
PARAMETRIC_REPRESENTATION_CONTEXT() REPRESENTATION_CONTEXT('2D SPACE',''
  ) );
#5536 = ORIENTED_EDGE('',*,*,#5537,.F.);
#5537 = EDGE_CURVE('',#5515,#5515,#5538,.T.);
#5538 = SURFACE_CURVE('',#5539,(#5544,#5551),.PCURVE_S1.);
#5539 = CIRCLE('',#5540,41.451726366432);
#5540 = AXIS2_PLACEMENT_3D('',#5541,#5542,#5543);
#5541 = CARTESIAN_POINT('',(0.,0.,697.56666666666));
#5542 = DIRECTION('',(0.,0.,1.));
#5543 = DIRECTION('',(1.,0.,-0.));
#5544 = PCURVE('',#5442,#5545);
#5545 = DEFINITIONAL_REPRESENTATION('',(#5546),#5550);
#5546 = LINE('',#5547,#5548);
#5547 = CARTESIAN_POINT('',(-0.,-3.366666666667));
#5548 = VECTOR('',#5549,1.);
#5549 = DIRECTION('',(-1.,-0.));
#5550 = ( GEOMETRIC_REPRESENTATION_CONTEXT(2) 
PARAMETRIC_REPRESENTATION_CONTEXT() REPRESENTATION_CONTEXT('2D SPACE',''
  ) );
#5551 = PCURVE('',#5552,#5557);
#5552 = CONICAL_SURFACE('',#5553,41.451726366432,4.984707627141E-02);
#5553 = AXIS2_PLACEMENT_3D('',#5554,#5555,#5556);
#5554 = CARTESIAN_POINT('',(0.,0.,697.56666666666));
#5555 = DIRECTION('',(-0.,-0.,-1.));
#5556 = DIRECTION('',(1.,0.,-0.));
#5557 = DEFINITIONAL_REPRESENTATION('',(#5558),#5562);
#5558 = LINE('',#5559,#5560);
#5559 = CARTESIAN_POINT('',(-0.,-0.));
#5560 = VECTOR('',#5561,1.);
#5561 = DIRECTION('',(-1.,-0.));
#5562 = ( GEOMETRIC_REPRESENTATION_CONTEXT(2) 
PARAMETRIC_REPRESENTATION_CONTEXT() REPRESENTATION_CONTEXT('2D SPACE',''
  ) );
#5563 = ORIENTED_EDGE('',*,*,#5514,.F.);
#5564 = ADVANCED_FACE('',(#5565),#5497,.F.);
#5565 = FACE_BOUND('',#5566,.F.);
#5566 = EDGE_LOOP('',(#5567,#5568,#5591,#5618));
#5567 = ORIENTED_EDGE('',*,*,#5482,.T.);
#5568 = ORIENTED_EDGE('',*,*,#5569,.T.);
#5569 = EDGE_CURVE('',#5460,#5570,#5572,.T.);
#5570 = VERTEX_POINT('',#5571);
#5571 = CARTESIAN_POINT('',(38.645020734903,0.,711.03333333333));
#5572 = SEAM_CURVE('',#5573,(#5577,#5584),.PCURVE_S1.);
#5573 = LINE('',#5574,#5575);
#5574 = CARTESIAN_POINT('',(38.88044282527,0.,707.66666666666));
#5575 = VECTOR('',#5576,1.);
#5576 = DIRECTION('',(-6.975701142636E-02,0.,0.997564012661));
#5577 = PCURVE('',#5497,#5578);
#5578 = DEFINITIONAL_REPRESENTATION('',(#5579),#5583);
#5579 = LINE('',#5580,#5581);
#5580 = CARTESIAN_POINT('',(-0.,-0.));
#5581 = VECTOR('',#5582,1.);
#5582 = DIRECTION('',(-0.,-1.));
#5583 = ( GEOMETRIC_REPRESENTATION_CONTEXT(2) 
PARAMETRIC_REPRESENTATION_CONTEXT() REPRESENTATION_CONTEXT('2D SPACE',''
  ) );
#5584 = PCURVE('',#5497,#5585);
#5585 = DEFINITIONAL_REPRESENTATION('',(#5586),#5590);
#5586 = LINE('',#5587,#5588);
#5587 = CARTESIAN_POINT('',(-6.28318530718,-0.));
#5588 = VECTOR('',#5589,1.);
#5589 = DIRECTION('',(-0.,-1.));
#5590 = ( GEOMETRIC_REPRESENTATION_CONTEXT(2) 
PARAMETRIC_REPRESENTATION_CONTEXT() REPRESENTATION_CONTEXT('2D SPACE',''
  ) );
#5591 = ORIENTED_EDGE('',*,*,#5592,.F.);
#5592 = EDGE_CURVE('',#5570,#5570,#5593,.T.);
#5593 = SURFACE_CURVE('',#5594,(#5599,#5606),.PCURVE_S1.);
#5594 = CIRCLE('',#5595,38.645020734903);
#5595 = AXIS2_PLACEMENT_3D('',#5596,#5597,#5598);
#5596 = CARTESIAN_POINT('',(0.,0.,711.03333333333));
#5597 = DIRECTION('',(0.,0.,1.));
#5598 = DIRECTION('',(1.,0.,-0.));
#5599 = PCURVE('',#5497,#5600);
#5600 = DEFINITIONAL_REPRESENTATION('',(#5601),#5605);
#5601 = LINE('',#5602,#5603);
#5602 = CARTESIAN_POINT('',(-0.,-3.366666666667));
#5603 = VECTOR('',#5604,1.);
#5604 = DIRECTION('',(-1.,-0.));
#5605 = ( GEOMETRIC_REPRESENTATION_CONTEXT(2) 
PARAMETRIC_REPRESENTATION_CONTEXT() REPRESENTATION_CONTEXT('2D SPACE',''
  ) );
#5606 = PCURVE('',#5607,#5612);
#5607 = CONICAL_SURFACE('',#5608,38.645020734903,7.64750581712E-02);
#5608 = AXIS2_PLACEMENT_3D('',#5609,#5610,#5611);
#5609 = CARTESIAN_POINT('',(0.,0.,711.03333333333));
#5610 = DIRECTION('',(-0.,-0.,-1.));
#5611 = DIRECTION('',(1.,0.,-0.));
#5612 = DEFINITIONAL_REPRESENTATION('',(#5613),#5617);
#5613 = LINE('',#5614,#5615);
#5614 = CARTESIAN_POINT('',(-0.,-0.));
#5615 = VECTOR('',#5616,1.);
#5616 = DIRECTION('',(-1.,-0.));
#5617 = ( GEOMETRIC_REPRESENTATION_CONTEXT(2) 
PARAMETRIC_REPRESENTATION_CONTEXT() REPRESENTATION_CONTEXT('2D SPACE',''
  ) );
#5618 = ORIENTED_EDGE('',*,*,#5569,.F.);
#5619 = ADVANCED_FACE('',(#5620),#5552,.T.);
#5620 = FACE_BOUND('',#5621,.T.);
#5621 = EDGE_LOOP('',(#5622,#5623,#5646,#5673));
#5622 = ORIENTED_EDGE('',*,*,#5537,.T.);
#5623 = ORIENTED_EDGE('',*,*,#5624,.T.);
#5624 = EDGE_CURVE('',#5515,#5625,#5627,.T.);
#5625 = VERTEX_POINT('',#5626);
#5626 = CARTESIAN_POINT('',(41.283768743431,0.,700.93333333333));
#5627 = SEAM_CURVE('',#5628,(#5632,#5639),.PCURVE_S1.);
#5628 = LINE('',#5629,#5630);
#5629 = CARTESIAN_POINT('',(41.451726366432,0.,697.56666666666));
#5630 = VECTOR('',#5631,1.);
#5631 = DIRECTION('',(-4.982643607312E-02,0.,0.998757891718));
#5632 = PCURVE('',#5552,#5633);
#5633 = DEFINITIONAL_REPRESENTATION('',(#5634),#5638);
#5634 = LINE('',#5635,#5636);
#5635 = CARTESIAN_POINT('',(-0.,-0.));
#5636 = VECTOR('',#5637,1.);
#5637 = DIRECTION('',(-0.,-1.));
#5638 = ( GEOMETRIC_REPRESENTATION_CONTEXT(2) 
PARAMETRIC_REPRESENTATION_CONTEXT() REPRESENTATION_CONTEXT('2D SPACE',''
  ) );
#5639 = PCURVE('',#5552,#5640);
#5640 = DEFINITIONAL_REPRESENTATION('',(#5641),#5645);
#5641 = LINE('',#5642,#5643);
#5642 = CARTESIAN_POINT('',(-6.28318530718,-0.));
#5643 = VECTOR('',#5644,1.);
#5644 = DIRECTION('',(-0.,-1.));
#5645 = ( GEOMETRIC_REPRESENTATION_CONTEXT(2) 
PARAMETRIC_REPRESENTATION_CONTEXT() REPRESENTATION_CONTEXT('2D SPACE',''
  ) );
#5646 = ORIENTED_EDGE('',*,*,#5647,.F.);
#5647 = EDGE_CURVE('',#5625,#5625,#5648,.T.);
#5648 = SURFACE_CURVE('',#5649,(#5654,#5661),.PCURVE_S1.);
#5649 = CIRCLE('',#5650,41.283768743431);
#5650 = AXIS2_PLACEMENT_3D('',#5651,#5652,#5653);
#5651 = CARTESIAN_POINT('',(0.,0.,700.93333333333));
#5652 = DIRECTION('',(0.,0.,1.));
#5653 = DIRECTION('',(1.,0.,-0.));
#5654 = PCURVE('',#5552,#5655);
#5655 = DEFINITIONAL_REPRESENTATION('',(#5656),#5660);
#5656 = LINE('',#5657,#5658);
#5657 = CARTESIAN_POINT('',(-0.,-3.366666666667));
#5658 = VECTOR('',#5659,1.);
#5659 = DIRECTION('',(-1.,-0.));
#5660 = ( GEOMETRIC_REPRESENTATION_CONTEXT(2) 
PARAMETRIC_REPRESENTATION_CONTEXT() REPRESENTATION_CONTEXT('2D SPACE',''
  ) );
#5661 = PCURVE('',#5662,#5667);
#5662 = CONICAL_SURFACE('',#5663,41.283768743431,5.650001668729E-02);
#5663 = AXIS2_PLACEMENT_3D('',#5664,#5665,#5666);
#5664 = CARTESIAN_POINT('',(0.,0.,700.93333333333));
#5665 = DIRECTION('',(-0.,-0.,-1.));
#5666 = DIRECTION('',(1.,0.,-0.));
#5667 = DEFINITIONAL_REPRESENTATION('',(#5668),#5672);
#5668 = LINE('',#5669,#5670);
#5669 = CARTESIAN_POINT('',(-0.,-0.));
#5670 = VECTOR('',#5671,1.);
#5671 = DIRECTION('',(-1.,-0.));
#5672 = ( GEOMETRIC_REPRESENTATION_CONTEXT(2) 
PARAMETRIC_REPRESENTATION_CONTEXT() REPRESENTATION_CONTEXT('2D SPACE',''
  ) );
#5673 = ORIENTED_EDGE('',*,*,#5624,.F.);
#5674 = ADVANCED_FACE('',(#5675),#5607,.F.);
#5675 = FACE_BOUND('',#5676,.F.);
#5676 = EDGE_LOOP('',(#5677,#5678,#5701,#5728));
#5677 = ORIENTED_EDGE('',*,*,#5592,.T.);
#5678 = ORIENTED_EDGE('',*,*,#5679,.T.);
#5679 = EDGE_CURVE('',#5570,#5680,#5682,.T.);
#5680 = VERTEX_POINT('',#5681);
#5681 = CARTESIAN_POINT('',(38.387051604348,0.,714.4));
#5682 = SEAM_CURVE('',#5683,(#5687,#5694),.PCURVE_S1.);
#5683 = LINE('',#5684,#5685);
#5684 = CARTESIAN_POINT('',(38.645020734903,0.,711.03333333333));
#5685 = VECTOR('',#5686,1.);
#5686 = DIRECTION('',(-7.640053673784E-02,0.,0.997077207635));
#5687 = PCURVE('',#5607,#5688);
#5688 = DEFINITIONAL_REPRESENTATION('',(#5689),#5693);
#5689 = LINE('',#5690,#5691);
#5690 = CARTESIAN_POINT('',(-0.,-0.));
#5691 = VECTOR('',#5692,1.);
#5692 = DIRECTION('',(-0.,-1.));
#5693 = ( GEOMETRIC_REPRESENTATION_CONTEXT(2) 
PARAMETRIC_REPRESENTATION_CONTEXT() REPRESENTATION_CONTEXT('2D SPACE',''
  ) );
#5694 = PCURVE('',#5607,#5695);
#5695 = DEFINITIONAL_REPRESENTATION('',(#5696),#5700);
#5696 = LINE('',#5697,#5698);
#5697 = CARTESIAN_POINT('',(-6.28318530718,-0.));
#5698 = VECTOR('',#5699,1.);
#5699 = DIRECTION('',(-0.,-1.));
#5700 = ( GEOMETRIC_REPRESENTATION_CONTEXT(2) 
PARAMETRIC_REPRESENTATION_CONTEXT() REPRESENTATION_CONTEXT('2D SPACE',''
  ) );
#5701 = ORIENTED_EDGE('',*,*,#5702,.F.);
#5702 = EDGE_CURVE('',#5680,#5680,#5703,.T.);
#5703 = SURFACE_CURVE('',#5704,(#5709,#5716),.PCURVE_S1.);
#5704 = CIRCLE('',#5705,38.387051604348);
#5705 = AXIS2_PLACEMENT_3D('',#5706,#5707,#5708);
#5706 = CARTESIAN_POINT('',(0.,0.,714.4));
#5707 = DIRECTION('',(0.,0.,1.));
#5708 = DIRECTION('',(1.,0.,-0.));
#5709 = PCURVE('',#5607,#5710);
#5710 = DEFINITIONAL_REPRESENTATION('',(#5711),#5715);
#5711 = LINE('',#5712,#5713);
#5712 = CARTESIAN_POINT('',(-0.,-3.366666666667));
#5713 = VECTOR('',#5714,1.);
#5714 = DIRECTION('',(-1.,-0.));
#5715 = ( GEOMETRIC_REPRESENTATION_CONTEXT(2) 
PARAMETRIC_REPRESENTATION_CONTEXT() REPRESENTATION_CONTEXT('2D SPACE',''
  ) );
#5716 = PCURVE('',#5717,#5722);
#5717 = CONICAL_SURFACE('',#5718,38.387051604348,8.313980928387E-02);
#5718 = AXIS2_PLACEMENT_3D('',#5719,#5720,#5721);
#5719 = CARTESIAN_POINT('',(0.,0.,714.4));
#5720 = DIRECTION('',(-0.,-0.,-1.));
#5721 = DIRECTION('',(1.,0.,-0.));
#5722 = DEFINITIONAL_REPRESENTATION('',(#5723),#5727);
#5723 = LINE('',#5724,#5725);
#5724 = CARTESIAN_POINT('',(-0.,-0.));
#5725 = VECTOR('',#5726,1.);
#5726 = DIRECTION('',(-1.,-0.));
#5727 = ( GEOMETRIC_REPRESENTATION_CONTEXT(2) 
PARAMETRIC_REPRESENTATION_CONTEXT() REPRESENTATION_CONTEXT('2D SPACE',''
  ) );
#5728 = ORIENTED_EDGE('',*,*,#5679,.F.);
#5729 = ADVANCED_FACE('',(#5730),#5662,.T.);
#5730 = FACE_BOUND('',#5731,.T.);
#5731 = EDGE_LOOP('',(#5732,#5733,#5756,#5783));
#5732 = ORIENTED_EDGE('',*,*,#5647,.T.);
#5733 = ORIENTED_EDGE('',*,*,#5734,.T.);
#5734 = EDGE_CURVE('',#5625,#5735,#5737,.T.);
#5735 = VERTEX_POINT('',#5736);
#5736 = CARTESIAN_POINT('',(41.093349355233,0.,704.3));
#5737 = SEAM_CURVE('',#5738,(#5742,#5749),.PCURVE_S1.);
#5738 = LINE('',#5739,#5740);
#5739 = CARTESIAN_POINT('',(41.283768743431,0.,700.93333333333));
#5740 = VECTOR('',#5741,1.);
#5741 = DIRECTION('',(-5.646996110413E-02,0.,0.998404298615));
#5742 = PCURVE('',#5662,#5743);
#5743 = DEFINITIONAL_REPRESENTATION('',(#5744),#5748);
#5744 = LINE('',#5745,#5746);
#5745 = CARTESIAN_POINT('',(-0.,-0.));
#5746 = VECTOR('',#5747,1.);
#5747 = DIRECTION('',(-0.,-1.));
#5748 = ( GEOMETRIC_REPRESENTATION_CONTEXT(2) 
PARAMETRIC_REPRESENTATION_CONTEXT() REPRESENTATION_CONTEXT('2D SPACE',''
  ) );
#5749 = PCURVE('',#5662,#5750);
#5750 = DEFINITIONAL_REPRESENTATION('',(#5751),#5755);
#5751 = LINE('',#5752,#5753);
#5752 = CARTESIAN_POINT('',(-6.28318530718,-0.));
#5753 = VECTOR('',#5754,1.);
#5754 = DIRECTION('',(-0.,-1.));
#5755 = ( GEOMETRIC_REPRESENTATION_CONTEXT(2) 
PARAMETRIC_REPRESENTATION_CONTEXT() REPRESENTATION_CONTEXT('2D SPACE',''
  ) );
#5756 = ORIENTED_EDGE('',*,*,#5757,.F.);
#5757 = EDGE_CURVE('',#5735,#5735,#5758,.T.);
#5758 = SURFACE_CURVE('',#5759,(#5764,#5771),.PCURVE_S1.);
#5759 = CIRCLE('',#5760,41.093349355233);
#5760 = AXIS2_PLACEMENT_3D('',#5761,#5762,#5763);
#5761 = CARTESIAN_POINT('',(0.,0.,704.3));
#5762 = DIRECTION('',(0.,0.,1.));
#5763 = DIRECTION('',(1.,0.,-0.));
#5764 = PCURVE('',#5662,#5765);
#5765 = DEFINITIONAL_REPRESENTATION('',(#5766),#5770);
#5766 = LINE('',#5767,#5768);
#5767 = CARTESIAN_POINT('',(-0.,-3.366666666667));
#5768 = VECTOR('',#5769,1.);
#5769 = DIRECTION('',(-1.,-0.));
#5770 = ( GEOMETRIC_REPRESENTATION_CONTEXT(2) 
PARAMETRIC_REPRESENTATION_CONTEXT() REPRESENTATION_CONTEXT('2D SPACE',''
  ) );
#5771 = PCURVE('',#5772,#5777);
#5772 = CONICAL_SURFACE('',#5773,41.093349355233,6.315546162198E-02);
#5773 = AXIS2_PLACEMENT_3D('',#5774,#5775,#5776);
#5774 = CARTESIAN_POINT('',(0.,0.,704.3));
#5775 = DIRECTION('',(-0.,-0.,-1.));
#5776 = DIRECTION('',(1.,0.,-0.));
#5777 = DEFINITIONAL_REPRESENTATION('',(#5778),#5782);
#5778 = LINE('',#5779,#5780);
#5779 = CARTESIAN_POINT('',(-0.,-0.));
#5780 = VECTOR('',#5781,1.);
#5781 = DIRECTION('',(-1.,-0.));
#5782 = ( GEOMETRIC_REPRESENTATION_CONTEXT(2) 
PARAMETRIC_REPRESENTATION_CONTEXT() REPRESENTATION_CONTEXT('2D SPACE',''
  ) );
#5783 = ORIENTED_EDGE('',*,*,#5734,.F.);
#5784 = ADVANCED_FACE('',(#5785),#5717,.F.);
#5785 = FACE_BOUND('',#5786,.F.);
#5786 = EDGE_LOOP('',(#5787,#5788,#5811,#5838));
#5787 = ORIENTED_EDGE('',*,*,#5702,.T.);
#5788 = ORIENTED_EDGE('',*,*,#5789,.T.);
#5789 = EDGE_CURVE('',#5680,#5790,#5792,.T.);
#5790 = VERTEX_POINT('',#5791);
#5791 = CARTESIAN_POINT('',(38.106500871487,0.,717.76666666666));
#5792 = SEAM_CURVE('',#5793,(#5797,#5804),.PCURVE_S1.);
#5793 = LINE('',#5794,#5795);
#5794 = CARTESIAN_POINT('',(38.387051604348,0.,714.4));
#5795 = VECTOR('',#5796,1.);
#5796 = DIRECTION('',(-8.304406216311E-02,0.,0.996545876385));
#5797 = PCURVE('',#5717,#5798);
#5798 = DEFINITIONAL_REPRESENTATION('',(#5799),#5803);
#5799 = LINE('',#5800,#5801);
#5800 = CARTESIAN_POINT('',(-0.,-0.));
#5801 = VECTOR('',#5802,1.);
#5802 = DIRECTION('',(-0.,-1.));
#5803 = ( GEOMETRIC_REPRESENTATION_CONTEXT(2) 
PARAMETRIC_REPRESENTATION_CONTEXT() REPRESENTATION_CONTEXT('2D SPACE',''
  ) );
#5804 = PCURVE('',#5717,#5805);
#5805 = DEFINITIONAL_REPRESENTATION('',(#5806),#5810);
#5806 = LINE('',#5807,#5808);
#5807 = CARTESIAN_POINT('',(-6.28318530718,-0.));
#5808 = VECTOR('',#5809,1.);
#5809 = DIRECTION('',(-0.,-1.));
#5810 = ( GEOMETRIC_REPRESENTATION_CONTEXT(2) 
PARAMETRIC_REPRESENTATION_CONTEXT() REPRESENTATION_CONTEXT('2D SPACE',''
  ) );
#5811 = ORIENTED_EDGE('',*,*,#5812,.F.);
#5812 = EDGE_CURVE('',#5790,#5790,#5813,.T.);
#5813 = SURFACE_CURVE('',#5814,(#5819,#5826),.PCURVE_S1.);
#5814 = CIRCLE('',#5815,38.106500871487);
#5815 = AXIS2_PLACEMENT_3D('',#5816,#5817,#5818);
#5816 = CARTESIAN_POINT('',(0.,0.,717.76666666666));
#5817 = DIRECTION('',(0.,0.,1.));
#5818 = DIRECTION('',(1.,0.,-0.));
#5819 = PCURVE('',#5717,#5820);
#5820 = DEFINITIONAL_REPRESENTATION('',(#5821),#5825);
#5821 = LINE('',#5822,#5823);
#5822 = CARTESIAN_POINT('',(-0.,-3.366666666667));
#5823 = VECTOR('',#5824,1.);
#5824 = DIRECTION('',(-1.,-0.));
#5825 = ( GEOMETRIC_REPRESENTATION_CONTEXT(2) 
PARAMETRIC_REPRESENTATION_CONTEXT() REPRESENTATION_CONTEXT('2D SPACE',''
  ) );
#5826 = PCURVE('',#5827,#5832);
#5827 = CONICAL_SURFACE('',#5828,38.106500871487,8.980826415932E-02);
#5828 = AXIS2_PLACEMENT_3D('',#5829,#5830,#5831);
#5829 = CARTESIAN_POINT('',(0.,0.,717.76666666666));
#5830 = DIRECTION('',(-0.,-0.,-1.));
#5831 = DIRECTION('',(1.,0.,-0.));
#5832 = DEFINITIONAL_REPRESENTATION('',(#5833),#5837);
#5833 = LINE('',#5834,#5835);
#5834 = CARTESIAN_POINT('',(-0.,-0.));
#5835 = VECTOR('',#5836,1.);
#5836 = DIRECTION('',(-1.,-0.));
#5837 = ( GEOMETRIC_REPRESENTATION_CONTEXT(2) 
PARAMETRIC_REPRESENTATION_CONTEXT() REPRESENTATION_CONTEXT('2D SPACE',''
  ) );
#5838 = ORIENTED_EDGE('',*,*,#5789,.F.);
#5839 = ADVANCED_FACE('',(#5840),#5772,.T.);
#5840 = FACE_BOUND('',#5841,.T.);
#5841 = EDGE_LOOP('',(#5842,#5843,#5866,#5893));
#5842 = ORIENTED_EDGE('',*,*,#5757,.T.);
#5843 = ORIENTED_EDGE('',*,*,#5844,.T.);
#5844 = EDGE_CURVE('',#5735,#5845,#5847,.T.);
#5845 = VERTEX_POINT('',#5846);
#5846 = CARTESIAN_POINT('',(40.88044282527,0.,707.66666666666));
#5847 = SEAM_CURVE('',#5848,(#5852,#5859),.PCURVE_S1.);
#5848 = LINE('',#5849,#5850);
#5849 = CARTESIAN_POINT('',(41.093349355233,0.,704.3));
#5850 = VECTOR('',#5851,1.);
#5851 = DIRECTION('',(-6.311348621851E-02,0.,0.998006356622));
#5852 = PCURVE('',#5772,#5853);
#5853 = DEFINITIONAL_REPRESENTATION('',(#5854),#5858);
#5854 = LINE('',#5855,#5856);
#5855 = CARTESIAN_POINT('',(-0.,-0.));
#5856 = VECTOR('',#5857,1.);
#5857 = DIRECTION('',(-0.,-1.));
#5858 = ( GEOMETRIC_REPRESENTATION_CONTEXT(2) 
PARAMETRIC_REPRESENTATION_CONTEXT() REPRESENTATION_CONTEXT('2D SPACE',''
  ) );
#5859 = PCURVE('',#5772,#5860);
#5860 = DEFINITIONAL_REPRESENTATION('',(#5861),#5865);
#5861 = LINE('',#5862,#5863);
#5862 = CARTESIAN_POINT('',(-6.28318530718,-0.));
#5863 = VECTOR('',#5864,1.);
#5864 = DIRECTION('',(-0.,-1.));
#5865 = ( GEOMETRIC_REPRESENTATION_CONTEXT(2) 
PARAMETRIC_REPRESENTATION_CONTEXT() REPRESENTATION_CONTEXT('2D SPACE',''
  ) );
#5866 = ORIENTED_EDGE('',*,*,#5867,.F.);
#5867 = EDGE_CURVE('',#5845,#5845,#5868,.T.);
#5868 = SURFACE_CURVE('',#5869,(#5874,#5881),.PCURVE_S1.);
#5869 = CIRCLE('',#5870,40.88044282527);
#5870 = AXIS2_PLACEMENT_3D('',#5871,#5872,#5873);
#5871 = CARTESIAN_POINT('',(0.,0.,707.66666666666));
#5872 = DIRECTION('',(0.,0.,1.));
#5873 = DIRECTION('',(1.,0.,-0.));
#5874 = PCURVE('',#5772,#5875);
#5875 = DEFINITIONAL_REPRESENTATION('',(#5876),#5880);
#5876 = LINE('',#5877,#5878);
#5877 = CARTESIAN_POINT('',(-0.,-3.366666666667));
#5878 = VECTOR('',#5879,1.);
#5879 = DIRECTION('',(-1.,-0.));
#5880 = ( GEOMETRIC_REPRESENTATION_CONTEXT(2) 
PARAMETRIC_REPRESENTATION_CONTEXT() REPRESENTATION_CONTEXT('2D SPACE',''
  ) );
#5881 = PCURVE('',#5882,#5887);
#5882 = CONICAL_SURFACE('',#5883,40.88044282527,6.981370907498E-02);
#5883 = AXIS2_PLACEMENT_3D('',#5884,#5885,#5886);
#5884 = CARTESIAN_POINT('',(0.,0.,707.66666666666));
#5885 = DIRECTION('',(-0.,-0.,-1.));
#5886 = DIRECTION('',(1.,0.,-0.));
#5887 = DEFINITIONAL_REPRESENTATION('',(#5888),#5892);
#5888 = LINE('',#5889,#5890);
#5889 = CARTESIAN_POINT('',(-0.,-0.));
#5890 = VECTOR('',#5891,1.);
#5891 = DIRECTION('',(-1.,-0.));
#5892 = ( GEOMETRIC_REPRESENTATION_CONTEXT(2) 
PARAMETRIC_REPRESENTATION_CONTEXT() REPRESENTATION_CONTEXT('2D SPACE',''
  ) );
#5893 = ORIENTED_EDGE('',*,*,#5844,.F.);
#5894 = ADVANCED_FACE('',(#5895),#5827,.F.);
#5895 = FACE_BOUND('',#5896,.F.);
#5896 = EDGE_LOOP('',(#5897,#5898,#5921,#5948));
#5897 = ORIENTED_EDGE('',*,*,#5812,.T.);
#5898 = ORIENTED_EDGE('',*,*,#5899,.T.);
#5899 = EDGE_CURVE('',#5790,#5900,#5902,.T.);
#5900 = VERTEX_POINT('',#5901);
#5901 = CARTESIAN_POINT('',(37.803330868537,0.,721.13333333333));
#5902 = SEAM_CURVE('',#5903,(#5907,#5914),.PCURVE_S1.);
#5903 = LINE('',#5904,#5905);
#5904 = CARTESIAN_POINT('',(38.106500871487,0.,717.76666666666));
#5905 = VECTOR('',#5906,1.);
#5906 = DIRECTION('',(-8.968758771255E-02,0.,0.995969947644));
#5907 = PCURVE('',#5827,#5908);
#5908 = DEFINITIONAL_REPRESENTATION('',(#5909),#5913);
#5909 = LINE('',#5910,#5911);
#5910 = CARTESIAN_POINT('',(-0.,-0.));
#5911 = VECTOR('',#5912,1.);
#5912 = DIRECTION('',(-0.,-1.));
#5913 = ( GEOMETRIC_REPRESENTATION_CONTEXT(2) 
PARAMETRIC_REPRESENTATION_CONTEXT() REPRESENTATION_CONTEXT('2D SPACE',''
  ) );
#5914 = PCURVE('',#5827,#5915);
#5915 = DEFINITIONAL_REPRESENTATION('',(#5916),#5920);
#5916 = LINE('',#5917,#5918);
#5917 = CARTESIAN_POINT('',(-6.28318530718,-0.));
#5918 = VECTOR('',#5919,1.);
#5919 = DIRECTION('',(-0.,-1.));
#5920 = ( GEOMETRIC_REPRESENTATION_CONTEXT(2) 
PARAMETRIC_REPRESENTATION_CONTEXT() REPRESENTATION_CONTEXT('2D SPACE',''
  ) );
#5921 = ORIENTED_EDGE('',*,*,#5922,.F.);
#5922 = EDGE_CURVE('',#5900,#5900,#5923,.T.);
#5923 = SURFACE_CURVE('',#5924,(#5929,#5936),.PCURVE_S1.);
#5924 = CIRCLE('',#5925,37.803330868537);
#5925 = AXIS2_PLACEMENT_3D('',#5926,#5927,#5928);
#5926 = CARTESIAN_POINT('',(0.,0.,721.13333333333));
#5927 = DIRECTION('',(0.,0.,1.));
#5928 = DIRECTION('',(1.,0.,-0.));
#5929 = PCURVE('',#5827,#5930);
#5930 = DEFINITIONAL_REPRESENTATION('',(#5931),#5935);
#5931 = LINE('',#5932,#5933);
#5932 = CARTESIAN_POINT('',(-0.,-3.366666666667));
#5933 = VECTOR('',#5934,1.);
#5934 = DIRECTION('',(-1.,-0.));
#5935 = ( GEOMETRIC_REPRESENTATION_CONTEXT(2) 
PARAMETRIC_REPRESENTATION_CONTEXT() REPRESENTATION_CONTEXT('2D SPACE',''
  ) );
#5936 = PCURVE('',#5937,#5942);
#5937 = CONICAL_SURFACE('',#5938,37.803330868537,9.648072604276E-02);
#5938 = AXIS2_PLACEMENT_3D('',#5939,#5940,#5941);
#5939 = CARTESIAN_POINT('',(0.,0.,721.13333333333));
#5940 = DIRECTION('',(-0.,-0.,-1.));
#5941 = DIRECTION('',(1.,0.,-0.));
#5942 = DEFINITIONAL_REPRESENTATION('',(#5943),#5947);
#5943 = LINE('',#5944,#5945);
#5944 = CARTESIAN_POINT('',(-0.,-0.));
#5945 = VECTOR('',#5946,1.);
#5946 = DIRECTION('',(-1.,-0.));
#5947 = ( GEOMETRIC_REPRESENTATION_CONTEXT(2) 
PARAMETRIC_REPRESENTATION_CONTEXT() REPRESENTATION_CONTEXT('2D SPACE',''
  ) );
#5948 = ORIENTED_EDGE('',*,*,#5899,.F.);
#5949 = ADVANCED_FACE('',(#5950),#5882,.T.);
#5950 = FACE_BOUND('',#5951,.T.);
#5951 = EDGE_LOOP('',(#5952,#5953,#5976,#6003));
#5952 = ORIENTED_EDGE('',*,*,#5867,.T.);
#5953 = ORIENTED_EDGE('',*,*,#5954,.T.);
#5954 = EDGE_CURVE('',#5845,#5955,#5957,.T.);
#5955 = VERTEX_POINT('',#5956);
#5956 = CARTESIAN_POINT('',(40.645020734903,0.,711.03333333333));
#5957 = SEAM_CURVE('',#5958,(#5962,#5969),.PCURVE_S1.);
#5958 = LINE('',#5959,#5960);
#5959 = CARTESIAN_POINT('',(40.88044282527,0.,707.66666666666));
#5960 = VECTOR('',#5961,1.);
#5961 = DIRECTION('',(-6.975701142636E-02,0.,0.997564012661));
#5962 = PCURVE('',#5882,#5963);
#5963 = DEFINITIONAL_REPRESENTATION('',(#5964),#5968);
#5964 = LINE('',#5965,#5966);
#5965 = CARTESIAN_POINT('',(-0.,-0.));
#5966 = VECTOR('',#5967,1.);
#5967 = DIRECTION('',(-0.,-1.));
#5968 = ( GEOMETRIC_REPRESENTATION_CONTEXT(2) 
PARAMETRIC_REPRESENTATION_CONTEXT() REPRESENTATION_CONTEXT('2D SPACE',''
  ) );
#5969 = PCURVE('',#5882,#5970);
#5970 = DEFINITIONAL_REPRESENTATION('',(#5971),#5975);
#5971 = LINE('',#5972,#5973);
#5972 = CARTESIAN_POINT('',(-6.28318530718,-0.));
#5973 = VECTOR('',#5974,1.);
#5974 = DIRECTION('',(-0.,-1.));
#5975 = ( GEOMETRIC_REPRESENTATION_CONTEXT(2) 
PARAMETRIC_REPRESENTATION_CONTEXT() REPRESENTATION_CONTEXT('2D SPACE',''
  ) );
#5976 = ORIENTED_EDGE('',*,*,#5977,.F.);
#5977 = EDGE_CURVE('',#5955,#5955,#5978,.T.);
#5978 = SURFACE_CURVE('',#5979,(#5984,#5991),.PCURVE_S1.);
#5979 = CIRCLE('',#5980,40.645020734903);
#5980 = AXIS2_PLACEMENT_3D('',#5981,#5982,#5983);
#5981 = CARTESIAN_POINT('',(0.,0.,711.03333333333));
#5982 = DIRECTION('',(0.,0.,1.));
#5983 = DIRECTION('',(1.,0.,-0.));
#5984 = PCURVE('',#5882,#5985);
#5985 = DEFINITIONAL_REPRESENTATION('',(#5986),#5990);
#5986 = LINE('',#5987,#5988);
#5987 = CARTESIAN_POINT('',(-0.,-3.366666666667));
#5988 = VECTOR('',#5989,1.);
#5989 = DIRECTION('',(-1.,-0.));
#5990 = ( GEOMETRIC_REPRESENTATION_CONTEXT(2) 
PARAMETRIC_REPRESENTATION_CONTEXT() REPRESENTATION_CONTEXT('2D SPACE',''
  ) );
#5991 = PCURVE('',#5992,#5997);
#5992 = CONICAL_SURFACE('',#5993,40.645020734903,7.64750581712E-02);
#5993 = AXIS2_PLACEMENT_3D('',#5994,#5995,#5996);
#5994 = CARTESIAN_POINT('',(0.,0.,711.03333333333));
#5995 = DIRECTION('',(-0.,-0.,-1.));
#5996 = DIRECTION('',(1.,0.,-0.));
#5997 = DEFINITIONAL_REPRESENTATION('',(#5998),#6002);
#5998 = LINE('',#5999,#6000);
#5999 = CARTESIAN_POINT('',(-0.,-0.));
#6000 = VECTOR('',#6001,1.);
#6001 = DIRECTION('',(-1.,-0.));
#6002 = ( GEOMETRIC_REPRESENTATION_CONTEXT(2) 
PARAMETRIC_REPRESENTATION_CONTEXT() REPRESENTATION_CONTEXT('2D SPACE',''
  ) );
#6003 = ORIENTED_EDGE('',*,*,#5954,.F.);
#6004 = ADVANCED_FACE('',(#6005),#5937,.F.);
#6005 = FACE_BOUND('',#6006,.F.);
#6006 = EDGE_LOOP('',(#6007,#6008,#6031,#6058));
#6007 = ORIENTED_EDGE('',*,*,#5922,.T.);
#6008 = ORIENTED_EDGE('',*,*,#6009,.T.);
#6009 = EDGE_CURVE('',#5900,#6010,#6012,.T.);
#6010 = VERTEX_POINT('',#6011);
#6011 = CARTESIAN_POINT('',(37.47750079652,0.,724.5));
#6012 = SEAM_CURVE('',#6013,(#6017,#6024),.PCURVE_S1.);
#6013 = LINE('',#6014,#6015);
#6014 = CARTESIAN_POINT('',(37.803330868537,0.,721.13333333333));
#6015 = VECTOR('',#6016,1.);
#6016 = DIRECTION('',(-9.633111339663E-02,0.,0.995349343995));
#6017 = PCURVE('',#5937,#6018);
#6018 = DEFINITIONAL_REPRESENTATION('',(#6019),#6023);
#6019 = LINE('',#6020,#6021);
#6020 = CARTESIAN_POINT('',(-0.,-0.));
#6021 = VECTOR('',#6022,1.);
#6022 = DIRECTION('',(-0.,-1.));
#6023 = ( GEOMETRIC_REPRESENTATION_CONTEXT(2) 
PARAMETRIC_REPRESENTATION_CONTEXT() REPRESENTATION_CONTEXT('2D SPACE',''
  ) );
#6024 = PCURVE('',#5937,#6025);
#6025 = DEFINITIONAL_REPRESENTATION('',(#6026),#6030);
#6026 = LINE('',#6027,#6028);
#6027 = CARTESIAN_POINT('',(-6.28318530718,-0.));
#6028 = VECTOR('',#6029,1.);
#6029 = DIRECTION('',(-0.,-1.));
#6030 = ( GEOMETRIC_REPRESENTATION_CONTEXT(2) 
PARAMETRIC_REPRESENTATION_CONTEXT() REPRESENTATION_CONTEXT('2D SPACE',''
  ) );
#6031 = ORIENTED_EDGE('',*,*,#6032,.F.);
#6032 = EDGE_CURVE('',#6010,#6010,#6033,.T.);
#6033 = SURFACE_CURVE('',#6034,(#6039,#6046),.PCURVE_S1.);
#6034 = CIRCLE('',#6035,37.47750079652);
#6035 = AXIS2_PLACEMENT_3D('',#6036,#6037,#6038);
#6036 = CARTESIAN_POINT('',(0.,0.,724.5));
#6037 = DIRECTION('',(0.,0.,1.));
#6038 = DIRECTION('',(1.,0.,-0.));
#6039 = PCURVE('',#5937,#6040);
#6040 = DEFINITIONAL_REPRESENTATION('',(#6041),#6045);
#6041 = LINE('',#6042,#6043);
#6042 = CARTESIAN_POINT('',(-0.,-3.366666666667));
#6043 = VECTOR('',#6044,1.);
#6044 = DIRECTION('',(-1.,-0.));
#6045 = ( GEOMETRIC_REPRESENTATION_CONTEXT(2) 
PARAMETRIC_REPRESENTATION_CONTEXT() REPRESENTATION_CONTEXT('2D SPACE',''
  ) );
#6046 = PCURVE('',#6047,#6052);
#6047 = CONICAL_SURFACE('',#6048,37.47750079652,0.103157499806);
#6048 = AXIS2_PLACEMENT_3D('',#6049,#6050,#6051);
#6049 = CARTESIAN_POINT('',(0.,0.,724.5));
#6050 = DIRECTION('',(-0.,-0.,-1.));
#6051 = DIRECTION('',(1.,0.,-0.));
#6052 = DEFINITIONAL_REPRESENTATION('',(#6053),#6057);
#6053 = LINE('',#6054,#6055);
#6054 = CARTESIAN_POINT('',(-0.,-0.));
#6055 = VECTOR('',#6056,1.);
#6056 = DIRECTION('',(-1.,-0.));
#6057 = ( GEOMETRIC_REPRESENTATION_CONTEXT(2) 
PARAMETRIC_REPRESENTATION_CONTEXT() REPRESENTATION_CONTEXT('2D SPACE',''
  ) );
#6058 = ORIENTED_EDGE('',*,*,#6009,.F.);
#6059 = ADVANCED_FACE('',(#6060),#5992,.T.);
#6060 = FACE_BOUND('',#6061,.T.);
#6061 = EDGE_LOOP('',(#6062,#6063,#6086,#6113));
#6062 = ORIENTED_EDGE('',*,*,#5977,.T.);
#6063 = ORIENTED_EDGE('',*,*,#6064,.T.);
#6064 = EDGE_CURVE('',#5955,#6065,#6067,.T.);
#6065 = VERTEX_POINT('',#6066);
#6066 = CARTESIAN_POINT('',(40.387051604348,0.,714.4));
#6067 = SEAM_CURVE('',#6068,(#6072,#6079),.PCURVE_S1.);
#6068 = LINE('',#6069,#6070);
#6069 = CARTESIAN_POINT('',(40.645020734903,0.,711.03333333333));
#6070 = VECTOR('',#6071,1.);
#6071 = DIRECTION('',(-7.640053673784E-02,0.,0.997077207635));
#6072 = PCURVE('',#5992,#6073);
#6073 = DEFINITIONAL_REPRESENTATION('',(#6074),#6078);
#6074 = LINE('',#6075,#6076);
#6075 = CARTESIAN_POINT('',(-0.,-0.));
#6076 = VECTOR('',#6077,1.);
#6077 = DIRECTION('',(-0.,-1.));
#6078 = ( GEOMETRIC_REPRESENTATION_CONTEXT(2) 
PARAMETRIC_REPRESENTATION_CONTEXT() REPRESENTATION_CONTEXT('2D SPACE',''
  ) );
#6079 = PCURVE('',#5992,#6080);
#6080 = DEFINITIONAL_REPRESENTATION('',(#6081),#6085);
#6081 = LINE('',#6082,#6083);
#6082 = CARTESIAN_POINT('',(-6.28318530718,-0.));
#6083 = VECTOR('',#6084,1.);
#6084 = DIRECTION('',(-0.,-1.));
#6085 = ( GEOMETRIC_REPRESENTATION_CONTEXT(2) 
PARAMETRIC_REPRESENTATION_CONTEXT() REPRESENTATION_CONTEXT('2D SPACE',''
  ) );
#6086 = ORIENTED_EDGE('',*,*,#6087,.F.);
#6087 = EDGE_CURVE('',#6065,#6065,#6088,.T.);
#6088 = SURFACE_CURVE('',#6089,(#6094,#6101),.PCURVE_S1.);
#6089 = CIRCLE('',#6090,40.387051604348);
#6090 = AXIS2_PLACEMENT_3D('',#6091,#6092,#6093);
#6091 = CARTESIAN_POINT('',(0.,0.,714.4));
#6092 = DIRECTION('',(0.,0.,1.));
#6093 = DIRECTION('',(1.,0.,-0.));
#6094 = PCURVE('',#5992,#6095);
#6095 = DEFINITIONAL_REPRESENTATION('',(#6096),#6100);
#6096 = LINE('',#6097,#6098);
#6097 = CARTESIAN_POINT('',(-0.,-3.366666666667));
#6098 = VECTOR('',#6099,1.);
#6099 = DIRECTION('',(-1.,-0.));
#6100 = ( GEOMETRIC_REPRESENTATION_CONTEXT(2) 
PARAMETRIC_REPRESENTATION_CONTEXT() REPRESENTATION_CONTEXT('2D SPACE',''
  ) );
#6101 = PCURVE('',#6102,#6107);
#6102 = CONICAL_SURFACE('',#6103,40.387051604348,8.313980928387E-02);
#6103 = AXIS2_PLACEMENT_3D('',#6104,#6105,#6106);
#6104 = CARTESIAN_POINT('',(0.,0.,714.4));
#6105 = DIRECTION('',(-0.,-0.,-1.));
#6106 = DIRECTION('',(1.,0.,-0.));
#6107 = DEFINITIONAL_REPRESENTATION('',(#6108),#6112);
#6108 = LINE('',#6109,#6110);
#6109 = CARTESIAN_POINT('',(-0.,-0.));
#6110 = VECTOR('',#6111,1.);
#6111 = DIRECTION('',(-1.,-0.));
#6112 = ( GEOMETRIC_REPRESENTATION_CONTEXT(2) 
PARAMETRIC_REPRESENTATION_CONTEXT() REPRESENTATION_CONTEXT('2D SPACE',''
  ) );
#6113 = ORIENTED_EDGE('',*,*,#6064,.F.);
#6114 = ADVANCED_FACE('',(#6115),#6047,.F.);
#6115 = FACE_BOUND('',#6116,.F.);
#6116 = EDGE_LOOP('',(#6117,#6118,#6141,#6168));
#6117 = ORIENTED_EDGE('',*,*,#6032,.T.);
#6118 = ORIENTED_EDGE('',*,*,#6119,.T.);
#6119 = EDGE_CURVE('',#6010,#6120,#6122,.T.);
#6120 = VERTEX_POINT('',#6121);
#6121 = CARTESIAN_POINT('',(37.128966697517,0.,727.86666666666));
#6122 = SEAM_CURVE('',#6123,(#6127,#6134),.PCURVE_S1.);
#6123 = LINE('',#6124,#6125);
#6124 = CARTESIAN_POINT('',(37.47750079652,0.,724.5));
#6125 = VECTOR('',#6126,1.);
#6126 = DIRECTION('',(-0.102974639226,0.,0.994683981813));
#6127 = PCURVE('',#6047,#6128);
#6128 = DEFINITIONAL_REPRESENTATION('',(#6129),#6133);
#6129 = LINE('',#6130,#6131);
#6130 = CARTESIAN_POINT('',(-0.,-0.));
#6131 = VECTOR('',#6132,1.);
#6132 = DIRECTION('',(-0.,-1.));
#6133 = ( GEOMETRIC_REPRESENTATION_CONTEXT(2) 
PARAMETRIC_REPRESENTATION_CONTEXT() REPRESENTATION_CONTEXT('2D SPACE',''
  ) );
#6134 = PCURVE('',#6047,#6135);
#6135 = DEFINITIONAL_REPRESENTATION('',(#6136),#6140);
#6136 = LINE('',#6137,#6138);
#6137 = CARTESIAN_POINT('',(-6.28318530718,-0.));
#6138 = VECTOR('',#6139,1.);
#6139 = DIRECTION('',(-0.,-1.));
#6140 = ( GEOMETRIC_REPRESENTATION_CONTEXT(2) 
PARAMETRIC_REPRESENTATION_CONTEXT() REPRESENTATION_CONTEXT('2D SPACE',''
  ) );
#6141 = ORIENTED_EDGE('',*,*,#6142,.F.);
#6142 = EDGE_CURVE('',#6120,#6120,#6143,.T.);
#6143 = SURFACE_CURVE('',#6144,(#6149,#6156),.PCURVE_S1.);
#6144 = CIRCLE('',#6145,37.128966697517);
#6145 = AXIS2_PLACEMENT_3D('',#6146,#6147,#6148);
#6146 = CARTESIAN_POINT('',(0.,0.,727.86666666666));
#6147 = DIRECTION('',(0.,0.,1.));
#6148 = DIRECTION('',(1.,0.,-0.));
#6149 = PCURVE('',#6047,#6150);
#6150 = DEFINITIONAL_REPRESENTATION('',(#6151),#6155);
#6151 = LINE('',#6152,#6153);
#6152 = CARTESIAN_POINT('',(-0.,-3.366666666667));
#6153 = VECTOR('',#6154,1.);
#6154 = DIRECTION('',(-1.,-0.));
#6155 = ( GEOMETRIC_REPRESENTATION_CONTEXT(2) 
PARAMETRIC_REPRESENTATION_CONTEXT() REPRESENTATION_CONTEXT('2D SPACE',''
  ) );
#6156 = PCURVE('',#6157,#6162);
#6157 = CONICAL_SURFACE('',#6158,37.128966697517,0.109838892077);
#6158 = AXIS2_PLACEMENT_3D('',#6159,#6160,#6161);
#6159 = CARTESIAN_POINT('',(0.,0.,727.86666666666));
#6160 = DIRECTION('',(-0.,-0.,-1.));
#6161 = DIRECTION('',(1.,0.,-0.));
#6162 = DEFINITIONAL_REPRESENTATION('',(#6163),#6167);
#6163 = LINE('',#6164,#6165);
#6164 = CARTESIAN_POINT('',(-0.,-0.));
#6165 = VECTOR('',#6166,1.);
#6166 = DIRECTION('',(-1.,-0.));
#6167 = ( GEOMETRIC_REPRESENTATION_CONTEXT(2) 
PARAMETRIC_REPRESENTATION_CONTEXT() REPRESENTATION_CONTEXT('2D SPACE',''
  ) );
#6168 = ORIENTED_EDGE('',*,*,#6119,.F.);
#6169 = ADVANCED_FACE('',(#6170),#6102,.T.);
#6170 = FACE_BOUND('',#6171,.T.);
#6171 = EDGE_LOOP('',(#6172,#6173,#6196,#6223));
#6172 = ORIENTED_EDGE('',*,*,#6087,.T.);
#6173 = ORIENTED_EDGE('',*,*,#6174,.T.);
#6174 = EDGE_CURVE('',#6065,#6175,#6177,.T.);
#6175 = VERTEX_POINT('',#6176);
#6176 = CARTESIAN_POINT('',(40.106500871487,0.,717.76666666666));
#6177 = SEAM_CURVE('',#6178,(#6182,#6189),.PCURVE_S1.);
#6178 = LINE('',#6179,#6180);
#6179 = CARTESIAN_POINT('',(40.387051604348,0.,714.4));
#6180 = VECTOR('',#6181,1.);
#6181 = DIRECTION('',(-8.304406216311E-02,0.,0.996545876385));
#6182 = PCURVE('',#6102,#6183);
#6183 = DEFINITIONAL_REPRESENTATION('',(#6184),#6188);
#6184 = LINE('',#6185,#6186);
#6185 = CARTESIAN_POINT('',(-0.,-0.));
#6186 = VECTOR('',#6187,1.);
#6187 = DIRECTION('',(-0.,-1.));
#6188 = ( GEOMETRIC_REPRESENTATION_CONTEXT(2) 
PARAMETRIC_REPRESENTATION_CONTEXT() REPRESENTATION_CONTEXT('2D SPACE',''
  ) );
#6189 = PCURVE('',#6102,#6190);
#6190 = DEFINITIONAL_REPRESENTATION('',(#6191),#6195);
#6191 = LINE('',#6192,#6193);
#6192 = CARTESIAN_POINT('',(-6.28318530718,-0.));
#6193 = VECTOR('',#6194,1.);
#6194 = DIRECTION('',(-0.,-1.));
#6195 = ( GEOMETRIC_REPRESENTATION_CONTEXT(2) 
PARAMETRIC_REPRESENTATION_CONTEXT() REPRESENTATION_CONTEXT('2D SPACE',''
  ) );
#6196 = ORIENTED_EDGE('',*,*,#6197,.F.);
#6197 = EDGE_CURVE('',#6175,#6175,#6198,.T.);
#6198 = SURFACE_CURVE('',#6199,(#6204,#6211),.PCURVE_S1.);
#6199 = CIRCLE('',#6200,40.106500871487);
#6200 = AXIS2_PLACEMENT_3D('',#6201,#6202,#6203);
#6201 = CARTESIAN_POINT('',(0.,0.,717.76666666666));
#6202 = DIRECTION('',(0.,0.,1.));
#6203 = DIRECTION('',(1.,0.,-0.));
#6204 = PCURVE('',#6102,#6205);
#6205 = DEFINITIONAL_REPRESENTATION('',(#6206),#6210);
#6206 = LINE('',#6207,#6208);
#6207 = CARTESIAN_POINT('',(-0.,-3.366666666667));
#6208 = VECTOR('',#6209,1.);
#6209 = DIRECTION('',(-1.,-0.));
#6210 = ( GEOMETRIC_REPRESENTATION_CONTEXT(2) 
PARAMETRIC_REPRESENTATION_CONTEXT() REPRESENTATION_CONTEXT('2D SPACE',''
  ) );
#6211 = PCURVE('',#6212,#6217);
#6212 = CONICAL_SURFACE('',#6213,40.106500871487,8.980826415932E-02);
#6213 = AXIS2_PLACEMENT_3D('',#6214,#6215,#6216);
#6214 = CARTESIAN_POINT('',(0.,0.,717.76666666666));
#6215 = DIRECTION('',(-0.,-0.,-1.));
#6216 = DIRECTION('',(1.,0.,-0.));
#6217 = DEFINITIONAL_REPRESENTATION('',(#6218),#6222);
#6218 = LINE('',#6219,#6220);
#6219 = CARTESIAN_POINT('',(-0.,-0.));
#6220 = VECTOR('',#6221,1.);
#6221 = DIRECTION('',(-1.,-0.));
#6222 = ( GEOMETRIC_REPRESENTATION_CONTEXT(2) 
PARAMETRIC_REPRESENTATION_CONTEXT() REPRESENTATION_CONTEXT('2D SPACE',''
  ) );
#6223 = ORIENTED_EDGE('',*,*,#6174,.F.);
#6224 = ADVANCED_FACE('',(#6225),#6157,.F.);
#6225 = FACE_BOUND('',#6226,.F.);
#6226 = EDGE_LOOP('',(#6227,#6228,#6251,#6278));
#6227 = ORIENTED_EDGE('',*,*,#6142,.T.);
#6228 = ORIENTED_EDGE('',*,*,#6229,.T.);
#6229 = EDGE_CURVE('',#6120,#6230,#6232,.T.);
#6230 = VERTEX_POINT('',#6231);
#6231 = CARTESIAN_POINT('',(36.75768142464,0.,731.23333333333));
#6232 = SEAM_CURVE('',#6233,(#6237,#6244),.PCURVE_S1.);
#6233 = LINE('',#6234,#6235);
#6234 = CARTESIAN_POINT('',(37.128966697517,0.,727.86666666666));
#6235 = VECTOR('',#6236,1.);
#6236 = DIRECTION('',(-0.109618165211,0.,0.993973771211));
#6237 = PCURVE('',#6157,#6238);
#6238 = DEFINITIONAL_REPRESENTATION('',(#6239),#6243);
#6239 = LINE('',#6240,#6241);
#6240 = CARTESIAN_POINT('',(-0.,-0.));
#6241 = VECTOR('',#6242,1.);
#6242 = DIRECTION('',(-0.,-1.));
#6243 = ( GEOMETRIC_REPRESENTATION_CONTEXT(2) 
PARAMETRIC_REPRESENTATION_CONTEXT() REPRESENTATION_CONTEXT('2D SPACE',''
  ) );
#6244 = PCURVE('',#6157,#6245);
#6245 = DEFINITIONAL_REPRESENTATION('',(#6246),#6250);
#6246 = LINE('',#6247,#6248);
#6247 = CARTESIAN_POINT('',(-6.28318530718,-0.));
#6248 = VECTOR('',#6249,1.);
#6249 = DIRECTION('',(-0.,-1.));
#6250 = ( GEOMETRIC_REPRESENTATION_CONTEXT(2) 
PARAMETRIC_REPRESENTATION_CONTEXT() REPRESENTATION_CONTEXT('2D SPACE',''
  ) );
#6251 = ORIENTED_EDGE('',*,*,#6252,.F.);
#6252 = EDGE_CURVE('',#6230,#6230,#6253,.T.);
#6253 = SURFACE_CURVE('',#6254,(#6259,#6266),.PCURVE_S1.);
#6254 = CIRCLE('',#6255,36.75768142464);
#6255 = AXIS2_PLACEMENT_3D('',#6256,#6257,#6258);
#6256 = CARTESIAN_POINT('',(0.,0.,731.23333333333));
#6257 = DIRECTION('',(0.,0.,1.));
#6258 = DIRECTION('',(1.,0.,-0.));
#6259 = PCURVE('',#6157,#6260);
#6260 = DEFINITIONAL_REPRESENTATION('',(#6261),#6265);
#6261 = LINE('',#6262,#6263);
#6262 = CARTESIAN_POINT('',(-0.,-3.366666666667));
#6263 = VECTOR('',#6264,1.);
#6264 = DIRECTION('',(-1.,-0.));
#6265 = ( GEOMETRIC_REPRESENTATION_CONTEXT(2) 
PARAMETRIC_REPRESENTATION_CONTEXT() REPRESENTATION_CONTEXT('2D SPACE',''
  ) );
#6266 = PCURVE('',#6267,#6272);
#6267 = CONICAL_SURFACE('',#6268,36.75768142464,0.116525211373);
#6268 = AXIS2_PLACEMENT_3D('',#6269,#6270,#6271);
#6269 = CARTESIAN_POINT('',(0.,0.,731.23333333333));
#6270 = DIRECTION('',(-0.,-0.,-1.));
#6271 = DIRECTION('',(1.,0.,-0.));
#6272 = DEFINITIONAL_REPRESENTATION('',(#6273),#6277);
#6273 = LINE('',#6274,#6275);
#6274 = CARTESIAN_POINT('',(-0.,-0.));
#6275 = VECTOR('',#6276,1.);
#6276 = DIRECTION('',(-1.,-0.));
#6277 = ( GEOMETRIC_REPRESENTATION_CONTEXT(2) 
PARAMETRIC_REPRESENTATION_CONTEXT() REPRESENTATION_CONTEXT('2D SPACE',''
  ) );
#6278 = ORIENTED_EDGE('',*,*,#6229,.F.);
#6279 = ADVANCED_FACE('',(#6280),#6212,.T.);
#6280 = FACE_BOUND('',#6281,.T.);
#6281 = EDGE_LOOP('',(#6282,#6283,#6306,#6333));
#6282 = ORIENTED_EDGE('',*,*,#6197,.T.);
#6283 = ORIENTED_EDGE('',*,*,#6284,.T.);
#6284 = EDGE_CURVE('',#6175,#6285,#6287,.T.);
#6285 = VERTEX_POINT('',#6286);
#6286 = CARTESIAN_POINT('',(39.803330868537,0.,721.13333333333));
#6287 = SEAM_CURVE('',#6288,(#6292,#6299),.PCURVE_S1.);
#6288 = LINE('',#6289,#6290);
#6289 = CARTESIAN_POINT('',(40.106500871487,0.,717.76666666666));
#6290 = VECTOR('',#6291,1.);
#6291 = DIRECTION('',(-8.968758771255E-02,0.,0.995969947644));
#6292 = PCURVE('',#6212,#6293);
#6293 = DEFINITIONAL_REPRESENTATION('',(#6294),#6298);
#6294 = LINE('',#6295,#6296);
#6295 = CARTESIAN_POINT('',(-0.,-0.));
#6296 = VECTOR('',#6297,1.);
#6297 = DIRECTION('',(-0.,-1.));
#6298 = ( GEOMETRIC_REPRESENTATION_CONTEXT(2) 
PARAMETRIC_REPRESENTATION_CONTEXT() REPRESENTATION_CONTEXT('2D SPACE',''
  ) );
#6299 = PCURVE('',#6212,#6300);
#6300 = DEFINITIONAL_REPRESENTATION('',(#6301),#6305);
#6301 = LINE('',#6302,#6303);
#6302 = CARTESIAN_POINT('',(-6.28318530718,-0.));
#6303 = VECTOR('',#6304,1.);
#6304 = DIRECTION('',(-0.,-1.));
#6305 = ( GEOMETRIC_REPRESENTATION_CONTEXT(2) 
PARAMETRIC_REPRESENTATION_CONTEXT() REPRESENTATION_CONTEXT('2D SPACE',''
  ) );
#6306 = ORIENTED_EDGE('',*,*,#6307,.F.);
#6307 = EDGE_CURVE('',#6285,#6285,#6308,.T.);
#6308 = SURFACE_CURVE('',#6309,(#6314,#6321),.PCURVE_S1.);
#6309 = CIRCLE('',#6310,39.803330868537);
#6310 = AXIS2_PLACEMENT_3D('',#6311,#6312,#6313);
#6311 = CARTESIAN_POINT('',(0.,0.,721.13333333333));
#6312 = DIRECTION('',(0.,0.,1.));
#6313 = DIRECTION('',(1.,0.,-0.));
#6314 = PCURVE('',#6212,#6315);
#6315 = DEFINITIONAL_REPRESENTATION('',(#6316),#6320);
#6316 = LINE('',#6317,#6318);
#6317 = CARTESIAN_POINT('',(-0.,-3.366666666667));
#6318 = VECTOR('',#6319,1.);
#6319 = DIRECTION('',(-1.,-0.));
#6320 = ( GEOMETRIC_REPRESENTATION_CONTEXT(2) 
PARAMETRIC_REPRESENTATION_CONTEXT() REPRESENTATION_CONTEXT('2D SPACE',''
  ) );
#6321 = PCURVE('',#6322,#6327);
#6322 = CONICAL_SURFACE('',#6323,39.803330868537,9.648072604276E-02);
#6323 = AXIS2_PLACEMENT_3D('',#6324,#6325,#6326);
#6324 = CARTESIAN_POINT('',(0.,0.,721.13333333333));
#6325 = DIRECTION('',(-0.,-0.,-1.));
#6326 = DIRECTION('',(1.,0.,-0.));
#6327 = DEFINITIONAL_REPRESENTATION('',(#6328),#6332);
#6328 = LINE('',#6329,#6330);
#6329 = CARTESIAN_POINT('',(-0.,-0.));
#6330 = VECTOR('',#6331,1.);
#6331 = DIRECTION('',(-1.,-0.));
#6332 = ( GEOMETRIC_REPRESENTATION_CONTEXT(2) 
PARAMETRIC_REPRESENTATION_CONTEXT() REPRESENTATION_CONTEXT('2D SPACE',''
  ) );
#6333 = ORIENTED_EDGE('',*,*,#6284,.F.);
#6334 = ADVANCED_FACE('',(#6335),#6267,.F.);
#6335 = FACE_BOUND('',#6336,.F.);
#6336 = EDGE_LOOP('',(#6337,#6338,#6361,#6388));
#6337 = ORIENTED_EDGE('',*,*,#6252,.T.);
#6338 = ORIENTED_EDGE('',*,*,#6339,.T.);
#6339 = EDGE_CURVE('',#6230,#6340,#6342,.T.);
#6340 = VERTEX_POINT('',#6341);
#6341 = CARTESIAN_POINT('',(36.363594609687,0.,734.6));
#6342 = SEAM_CURVE('',#6343,(#6347,#6354),.PCURVE_S1.);
#6343 = LINE('',#6344,#6345);
#6344 = CARTESIAN_POINT('',(36.75768142464,0.,731.23333333333));
#6345 = VECTOR('',#6346,1.);
#6346 = DIRECTION('',(-0.116261691363,0.,0.993218615976));
#6347 = PCURVE('',#6267,#6348);
#6348 = DEFINITIONAL_REPRESENTATION('',(#6349),#6353);
#6349 = LINE('',#6350,#6351);
#6350 = CARTESIAN_POINT('',(-0.,-0.));
#6351 = VECTOR('',#6352,1.);
#6352 = DIRECTION('',(-0.,-1.));
#6353 = ( GEOMETRIC_REPRESENTATION_CONTEXT(2) 
PARAMETRIC_REPRESENTATION_CONTEXT() REPRESENTATION_CONTEXT('2D SPACE',''
  ) );
#6354 = PCURVE('',#6267,#6355);
#6355 = DEFINITIONAL_REPRESENTATION('',(#6356),#6360);
#6356 = LINE('',#6357,#6358);
#6357 = CARTESIAN_POINT('',(-6.28318530718,-0.));
#6358 = VECTOR('',#6359,1.);
#6359 = DIRECTION('',(-0.,-1.));
#6360 = ( GEOMETRIC_REPRESENTATION_CONTEXT(2) 
PARAMETRIC_REPRESENTATION_CONTEXT() REPRESENTATION_CONTEXT('2D SPACE',''
  ) );
#6361 = ORIENTED_EDGE('',*,*,#6362,.F.);
#6362 = EDGE_CURVE('',#6340,#6340,#6363,.T.);
#6363 = SURFACE_CURVE('',#6364,(#6369,#6376),.PCURVE_S1.);
#6364 = CIRCLE('',#6365,36.363594609687);
#6365 = AXIS2_PLACEMENT_3D('',#6366,#6367,#6368);
#6366 = CARTESIAN_POINT('',(0.,0.,734.6));
#6367 = DIRECTION('',(0.,0.,1.));
#6368 = DIRECTION('',(1.,0.,-0.));
#6369 = PCURVE('',#6267,#6370);
#6370 = DEFINITIONAL_REPRESENTATION('',(#6371),#6375);
#6371 = LINE('',#6372,#6373);
#6372 = CARTESIAN_POINT('',(-0.,-3.366666666667));
#6373 = VECTOR('',#6374,1.);
#6374 = DIRECTION('',(-1.,-0.));
#6375 = ( GEOMETRIC_REPRESENTATION_CONTEXT(2) 
PARAMETRIC_REPRESENTATION_CONTEXT() REPRESENTATION_CONTEXT('2D SPACE',''
  ) );
#6376 = PCURVE('',#6377,#6382);
#6377 = CONICAL_SURFACE('',#6378,36.363594609687,0.123216768229);
#6378 = AXIS2_PLACEMENT_3D('',#6379,#6380,#6381);
#6379 = CARTESIAN_POINT('',(0.,0.,734.6));
#6380 = DIRECTION('',(-0.,-0.,-1.));
#6381 = DIRECTION('',(1.,0.,-0.));
#6382 = DEFINITIONAL_REPRESENTATION('',(#6383),#6387);
#6383 = LINE('',#6384,#6385);
#6384 = CARTESIAN_POINT('',(-0.,-0.));
#6385 = VECTOR('',#6386,1.);
#6386 = DIRECTION('',(-1.,-0.));
#6387 = ( GEOMETRIC_REPRESENTATION_CONTEXT(2) 
PARAMETRIC_REPRESENTATION_CONTEXT() REPRESENTATION_CONTEXT('2D SPACE',''
  ) );
#6388 = ORIENTED_EDGE('',*,*,#6339,.F.);
#6389 = ADVANCED_FACE('',(#6390),#6322,.T.);
#6390 = FACE_BOUND('',#6391,.T.);
#6391 = EDGE_LOOP('',(#6392,#6393,#6416,#6443));
#6392 = ORIENTED_EDGE('',*,*,#6307,.T.);
#6393 = ORIENTED_EDGE('',*,*,#6394,.T.);
#6394 = EDGE_CURVE('',#6285,#6395,#6397,.T.);
#6395 = VERTEX_POINT('',#6396);
#6396 = CARTESIAN_POINT('',(39.47750079652,0.,724.5));
#6397 = SEAM_CURVE('',#6398,(#6402,#6409),.PCURVE_S1.);
#6398 = LINE('',#6399,#6400);
#6399 = CARTESIAN_POINT('',(39.803330868537,0.,721.13333333333));
#6400 = VECTOR('',#6401,1.);
#6401 = DIRECTION('',(-9.633111339663E-02,0.,0.995349343995));
#6402 = PCURVE('',#6322,#6403);
#6403 = DEFINITIONAL_REPRESENTATION('',(#6404),#6408);
#6404 = LINE('',#6405,#6406);
#6405 = CARTESIAN_POINT('',(-0.,-0.));
#6406 = VECTOR('',#6407,1.);
#6407 = DIRECTION('',(-0.,-1.));
#6408 = ( GEOMETRIC_REPRESENTATION_CONTEXT(2) 
PARAMETRIC_REPRESENTATION_CONTEXT() REPRESENTATION_CONTEXT('2D SPACE',''
  ) );
#6409 = PCURVE('',#6322,#6410);
#6410 = DEFINITIONAL_REPRESENTATION('',(#6411),#6415);
#6411 = LINE('',#6412,#6413);
#6412 = CARTESIAN_POINT('',(-6.28318530718,-0.));
#6413 = VECTOR('',#6414,1.);
#6414 = DIRECTION('',(-0.,-1.));
#6415 = ( GEOMETRIC_REPRESENTATION_CONTEXT(2) 
PARAMETRIC_REPRESENTATION_CONTEXT() REPRESENTATION_CONTEXT('2D SPACE',''
  ) );
#6416 = ORIENTED_EDGE('',*,*,#6417,.F.);
#6417 = EDGE_CURVE('',#6395,#6395,#6418,.T.);
#6418 = SURFACE_CURVE('',#6419,(#6424,#6431),.PCURVE_S1.);
#6419 = CIRCLE('',#6420,39.47750079652);
#6420 = AXIS2_PLACEMENT_3D('',#6421,#6422,#6423);
#6421 = CARTESIAN_POINT('',(0.,0.,724.5));
#6422 = DIRECTION('',(0.,0.,1.));
#6423 = DIRECTION('',(1.,0.,-0.));
#6424 = PCURVE('',#6322,#6425);
#6425 = DEFINITIONAL_REPRESENTATION('',(#6426),#6430);
#6426 = LINE('',#6427,#6428);
#6427 = CARTESIAN_POINT('',(-0.,-3.366666666667));
#6428 = VECTOR('',#6429,1.);
#6429 = DIRECTION('',(-1.,-0.));
#6430 = ( GEOMETRIC_REPRESENTATION_CONTEXT(2) 
PARAMETRIC_REPRESENTATION_CONTEXT() REPRESENTATION_CONTEXT('2D SPACE',''
  ) );
#6431 = PCURVE('',#6432,#6437);
#6432 = CONICAL_SURFACE('',#6433,39.47750079652,0.103157499806);
#6433 = AXIS2_PLACEMENT_3D('',#6434,#6435,#6436);
#6434 = CARTESIAN_POINT('',(0.,0.,724.5));
#6435 = DIRECTION('',(-0.,-0.,-1.));
#6436 = DIRECTION('',(1.,0.,-0.));
#6437 = DEFINITIONAL_REPRESENTATION('',(#6438),#6442);
#6438 = LINE('',#6439,#6440);
#6439 = CARTESIAN_POINT('',(-0.,-0.));
#6440 = VECTOR('',#6441,1.);
#6441 = DIRECTION('',(-1.,-0.));
#6442 = ( GEOMETRIC_REPRESENTATION_CONTEXT(2) 
PARAMETRIC_REPRESENTATION_CONTEXT() REPRESENTATION_CONTEXT('2D SPACE',''
  ) );
#6443 = ORIENTED_EDGE('',*,*,#6394,.F.);
#6444 = ADVANCED_FACE('',(#6445),#6377,.F.);
#6445 = FACE_BOUND('',#6446,.F.);
#6446 = EDGE_LOOP('',(#6447,#6448,#6471,#6498));
#6447 = ORIENTED_EDGE('',*,*,#6362,.T.);
#6448 = ORIENTED_EDGE('',*,*,#6449,.T.);
#6449 = EDGE_CURVE('',#6340,#6450,#6452,.T.);
#6450 = VERTEX_POINT('',#6451);
#6451 = CARTESIAN_POINT('',(35.946652628428,0.,737.96666666666));
#6452 = SEAM_CURVE('',#6453,(#6457,#6464),.PCURVE_S1.);
#6453 = LINE('',#6454,#6455);
#6454 = CARTESIAN_POINT('',(36.363594609687,0.,734.6));
#6455 = VECTOR('',#6456,1.);
#6456 = DIRECTION('',(-0.122905217693,0.,0.992418413505));
#6457 = PCURVE('',#6377,#6458);
#6458 = DEFINITIONAL_REPRESENTATION('',(#6459),#6463);
#6459 = LINE('',#6460,#6461);
#6460 = CARTESIAN_POINT('',(-0.,-0.));
#6461 = VECTOR('',#6462,1.);
#6462 = DIRECTION('',(-0.,-1.));
#6463 = ( GEOMETRIC_REPRESENTATION_CONTEXT(2) 
PARAMETRIC_REPRESENTATION_CONTEXT() REPRESENTATION_CONTEXT('2D SPACE',''
  ) );
#6464 = PCURVE('',#6377,#6465);
#6465 = DEFINITIONAL_REPRESENTATION('',(#6466),#6470);
#6466 = LINE('',#6467,#6468);
#6467 = CARTESIAN_POINT('',(-6.28318530718,-0.));
#6468 = VECTOR('',#6469,1.);
#6469 = DIRECTION('',(-0.,-1.));
#6470 = ( GEOMETRIC_REPRESENTATION_CONTEXT(2) 
PARAMETRIC_REPRESENTATION_CONTEXT() REPRESENTATION_CONTEXT('2D SPACE',''
  ) );
#6471 = ORIENTED_EDGE('',*,*,#6472,.F.);
#6472 = EDGE_CURVE('',#6450,#6450,#6473,.T.);
#6473 = SURFACE_CURVE('',#6474,(#6479,#6486),.PCURVE_S1.);
#6474 = CIRCLE('',#6475,35.946652628428);
#6475 = AXIS2_PLACEMENT_3D('',#6476,#6477,#6478);
#6476 = CARTESIAN_POINT('',(0.,0.,737.96666666666));
#6477 = DIRECTION('',(0.,0.,1.));
#6478 = DIRECTION('',(1.,0.,-0.));
#6479 = PCURVE('',#6377,#6480);
#6480 = DEFINITIONAL_REPRESENTATION('',(#6481),#6485);
#6481 = LINE('',#6482,#6483);
#6482 = CARTESIAN_POINT('',(-0.,-3.366666666667));
#6483 = VECTOR('',#6484,1.);
#6484 = DIRECTION('',(-1.,-0.));
#6485 = ( GEOMETRIC_REPRESENTATION_CONTEXT(2) 
PARAMETRIC_REPRESENTATION_CONTEXT() REPRESENTATION_CONTEXT('2D SPACE',''
  ) );
#6486 = PCURVE('',#6487,#6492);
#6487 = CONICAL_SURFACE('',#6488,35.946652628428,0.129913875343);
#6488 = AXIS2_PLACEMENT_3D('',#6489,#6490,#6491);
#6489 = CARTESIAN_POINT('',(0.,0.,737.96666666666));
#6490 = DIRECTION('',(-0.,-0.,-1.));
#6491 = DIRECTION('',(1.,0.,-0.));
#6492 = DEFINITIONAL_REPRESENTATION('',(#6493),#6497);
#6493 = LINE('',#6494,#6495);
#6494 = CARTESIAN_POINT('',(-0.,-0.));
#6495 = VECTOR('',#6496,1.);
#6496 = DIRECTION('',(-1.,-0.));
#6497 = ( GEOMETRIC_REPRESENTATION_CONTEXT(2) 
PARAMETRIC_REPRESENTATION_CONTEXT() REPRESENTATION_CONTEXT('2D SPACE',''
  ) );
#6498 = ORIENTED_EDGE('',*,*,#6449,.F.);
#6499 = ADVANCED_FACE('',(#6500),#6432,.T.);
#6500 = FACE_BOUND('',#6501,.T.);
#6501 = EDGE_LOOP('',(#6502,#6503,#6526,#6553));
#6502 = ORIENTED_EDGE('',*,*,#6417,.T.);
#6503 = ORIENTED_EDGE('',*,*,#6504,.T.);
#6504 = EDGE_CURVE('',#6395,#6505,#6507,.T.);
#6505 = VERTEX_POINT('',#6506);
#6506 = CARTESIAN_POINT('',(39.128966697517,0.,727.86666666666));
#6507 = SEAM_CURVE('',#6508,(#6512,#6519),.PCURVE_S1.);
#6508 = LINE('',#6509,#6510);
#6509 = CARTESIAN_POINT('',(39.47750079652,0.,724.5));
#6510 = VECTOR('',#6511,1.);
#6511 = DIRECTION('',(-0.102974639226,0.,0.994683981813));
#6512 = PCURVE('',#6432,#6513);
#6513 = DEFINITIONAL_REPRESENTATION('',(#6514),#6518);
#6514 = LINE('',#6515,#6516);
#6515 = CARTESIAN_POINT('',(-0.,-0.));
#6516 = VECTOR('',#6517,1.);
#6517 = DIRECTION('',(-0.,-1.));
#6518 = ( GEOMETRIC_REPRESENTATION_CONTEXT(2) 
PARAMETRIC_REPRESENTATION_CONTEXT() REPRESENTATION_CONTEXT('2D SPACE',''
  ) );
#6519 = PCURVE('',#6432,#6520);
#6520 = DEFINITIONAL_REPRESENTATION('',(#6521),#6525);
#6521 = LINE('',#6522,#6523);
#6522 = CARTESIAN_POINT('',(-6.28318530718,-0.));
#6523 = VECTOR('',#6524,1.);
#6524 = DIRECTION('',(-0.,-1.));
#6525 = ( GEOMETRIC_REPRESENTATION_CONTEXT(2) 
PARAMETRIC_REPRESENTATION_CONTEXT() REPRESENTATION_CONTEXT('2D SPACE',''
  ) );
#6526 = ORIENTED_EDGE('',*,*,#6527,.F.);
#6527 = EDGE_CURVE('',#6505,#6505,#6528,.T.);
#6528 = SURFACE_CURVE('',#6529,(#6534,#6541),.PCURVE_S1.);
#6529 = CIRCLE('',#6530,39.128966697517);
#6530 = AXIS2_PLACEMENT_3D('',#6531,#6532,#6533);
#6531 = CARTESIAN_POINT('',(0.,0.,727.86666666666));
#6532 = DIRECTION('',(0.,0.,1.));
#6533 = DIRECTION('',(1.,0.,-0.));
#6534 = PCURVE('',#6432,#6535);
#6535 = DEFINITIONAL_REPRESENTATION('',(#6536),#6540);
#6536 = LINE('',#6537,#6538);
#6537 = CARTESIAN_POINT('',(-0.,-3.366666666667));
#6538 = VECTOR('',#6539,1.);
#6539 = DIRECTION('',(-1.,-0.));
#6540 = ( GEOMETRIC_REPRESENTATION_CONTEXT(2) 
PARAMETRIC_REPRESENTATION_CONTEXT() REPRESENTATION_CONTEXT('2D SPACE',''
  ) );
#6541 = PCURVE('',#6542,#6547);
#6542 = CONICAL_SURFACE('',#6543,39.128966697517,0.109838892077);
#6543 = AXIS2_PLACEMENT_3D('',#6544,#6545,#6546);
#6544 = CARTESIAN_POINT('',(0.,0.,727.86666666666));
#6545 = DIRECTION('',(-0.,-0.,-1.));
#6546 = DIRECTION('',(1.,0.,-0.));
#6547 = DEFINITIONAL_REPRESENTATION('',(#6548),#6552);
#6548 = LINE('',#6549,#6550);
#6549 = CARTESIAN_POINT('',(-0.,-0.));
#6550 = VECTOR('',#6551,1.);
#6551 = DIRECTION('',(-1.,-0.));
#6552 = ( GEOMETRIC_REPRESENTATION_CONTEXT(2) 
PARAMETRIC_REPRESENTATION_CONTEXT() REPRESENTATION_CONTEXT('2D SPACE',''
  ) );
#6553 = ORIENTED_EDGE('',*,*,#6504,.F.);
#6554 = ADVANCED_FACE('',(#6555),#6487,.F.);
#6555 = FACE_BOUND('',#6556,.F.);
#6556 = EDGE_LOOP('',(#6557,#6558,#6581,#6608));
#6557 = ORIENTED_EDGE('',*,*,#6472,.T.);
#6558 = ORIENTED_EDGE('',*,*,#6559,.T.);
#6559 = EDGE_CURVE('',#6450,#6560,#6562,.T.);
#6560 = VERTEX_POINT('',#6561);
#6561 = CARTESIAN_POINT('',(35.506798563453,0.,741.33333333333));
#6562 = SEAM_CURVE('',#6563,(#6567,#6574),.PCURVE_S1.);
#6563 = LINE('',#6564,#6565);
#6564 = CARTESIAN_POINT('',(35.946652628428,0.,737.96666666666));
#6565 = VECTOR('',#6566,1.);
#6566 = DIRECTION('',(-0.129548744211,0.,0.991573054733));
#6567 = PCURVE('',#6487,#6568);
#6568 = DEFINITIONAL_REPRESENTATION('',(#6569),#6573);
#6569 = LINE('',#6570,#6571);
#6570 = CARTESIAN_POINT('',(-0.,-0.));
#6571 = VECTOR('',#6572,1.);
#6572 = DIRECTION('',(-0.,-1.));
#6573 = ( GEOMETRIC_REPRESENTATION_CONTEXT(2) 
PARAMETRIC_REPRESENTATION_CONTEXT() REPRESENTATION_CONTEXT('2D SPACE',''
  ) );
#6574 = PCURVE('',#6487,#6575);
#6575 = DEFINITIONAL_REPRESENTATION('',(#6576),#6580);
#6576 = LINE('',#6577,#6578);
#6577 = CARTESIAN_POINT('',(-6.28318530718,-0.));
#6578 = VECTOR('',#6579,1.);
#6579 = DIRECTION('',(-0.,-1.));
#6580 = ( GEOMETRIC_REPRESENTATION_CONTEXT(2) 
PARAMETRIC_REPRESENTATION_CONTEXT() REPRESENTATION_CONTEXT('2D SPACE',''
  ) );
#6581 = ORIENTED_EDGE('',*,*,#6582,.F.);
#6582 = EDGE_CURVE('',#6560,#6560,#6583,.T.);
#6583 = SURFACE_CURVE('',#6584,(#6589,#6596),.PCURVE_S1.);
#6584 = CIRCLE('',#6585,35.506798563453);
#6585 = AXIS2_PLACEMENT_3D('',#6586,#6587,#6588);
#6586 = CARTESIAN_POINT('',(0.,0.,741.33333333333));
#6587 = DIRECTION('',(0.,0.,1.));
#6588 = DIRECTION('',(1.,0.,-0.));
#6589 = PCURVE('',#6487,#6590);
#6590 = DEFINITIONAL_REPRESENTATION('',(#6591),#6595);
#6591 = LINE('',#6592,#6593);
#6592 = CARTESIAN_POINT('',(-0.,-3.366666666667));
#6593 = VECTOR('',#6594,1.);
#6594 = DIRECTION('',(-1.,-0.));
#6595 = ( GEOMETRIC_REPRESENTATION_CONTEXT(2) 
PARAMETRIC_REPRESENTATION_CONTEXT() REPRESENTATION_CONTEXT('2D SPACE',''
  ) );
#6596 = PCURVE('',#6597,#6602);
#6597 = CONICAL_SURFACE('',#6598,35.506798563453,0.136616847705);
#6598 = AXIS2_PLACEMENT_3D('',#6599,#6600,#6601);
#6599 = CARTESIAN_POINT('',(0.,0.,741.33333333333));
#6600 = DIRECTION('',(-0.,-0.,-1.));
#6601 = DIRECTION('',(1.,0.,-0.));
#6602 = DEFINITIONAL_REPRESENTATION('',(#6603),#6607);
#6603 = LINE('',#6604,#6605);
#6604 = CARTESIAN_POINT('',(-0.,-0.));
#6605 = VECTOR('',#6606,1.);
#6606 = DIRECTION('',(-1.,-0.));
#6607 = ( GEOMETRIC_REPRESENTATION_CONTEXT(2) 
PARAMETRIC_REPRESENTATION_CONTEXT() REPRESENTATION_CONTEXT('2D SPACE',''
  ) );
#6608 = ORIENTED_EDGE('',*,*,#6559,.F.);
#6609 = ADVANCED_FACE('',(#6610),#6542,.T.);
#6610 = FACE_BOUND('',#6611,.T.);
#6611 = EDGE_LOOP('',(#6612,#6613,#6636,#6663));
#6612 = ORIENTED_EDGE('',*,*,#6527,.T.);
#6613 = ORIENTED_EDGE('',*,*,#6614,.T.);
#6614 = EDGE_CURVE('',#6505,#6615,#6617,.T.);
#6615 = VERTEX_POINT('',#6616);
#6616 = CARTESIAN_POINT('',(38.75768142464,0.,731.23333333333));
#6617 = SEAM_CURVE('',#6618,(#6622,#6629),.PCURVE_S1.);
#6618 = LINE('',#6619,#6620);
#6619 = CARTESIAN_POINT('',(39.128966697517,0.,727.86666666666));
#6620 = VECTOR('',#6621,1.);
#6621 = DIRECTION('',(-0.109618165211,0.,0.993973771211));
#6622 = PCURVE('',#6542,#6623);
#6623 = DEFINITIONAL_REPRESENTATION('',(#6624),#6628);
#6624 = LINE('',#6625,#6626);
#6625 = CARTESIAN_POINT('',(-0.,-0.));
#6626 = VECTOR('',#6627,1.);
#6627 = DIRECTION('',(-0.,-1.));
#6628 = ( GEOMETRIC_REPRESENTATION_CONTEXT(2) 
PARAMETRIC_REPRESENTATION_CONTEXT() REPRESENTATION_CONTEXT('2D SPACE',''
  ) );
#6629 = PCURVE('',#6542,#6630);
#6630 = DEFINITIONAL_REPRESENTATION('',(#6631),#6635);
#6631 = LINE('',#6632,#6633);
#6632 = CARTESIAN_POINT('',(-6.28318530718,-0.));
#6633 = VECTOR('',#6634,1.);
#6634 = DIRECTION('',(-0.,-1.));
#6635 = ( GEOMETRIC_REPRESENTATION_CONTEXT(2) 
PARAMETRIC_REPRESENTATION_CONTEXT() REPRESENTATION_CONTEXT('2D SPACE',''
  ) );
#6636 = ORIENTED_EDGE('',*,*,#6637,.F.);
#6637 = EDGE_CURVE('',#6615,#6615,#6638,.T.);
#6638 = SURFACE_CURVE('',#6639,(#6644,#6651),.PCURVE_S1.);
#6639 = CIRCLE('',#6640,38.75768142464);
#6640 = AXIS2_PLACEMENT_3D('',#6641,#6642,#6643);
#6641 = CARTESIAN_POINT('',(0.,0.,731.23333333333));
#6642 = DIRECTION('',(0.,0.,1.));
#6643 = DIRECTION('',(1.,0.,-0.));
#6644 = PCURVE('',#6542,#6645);
#6645 = DEFINITIONAL_REPRESENTATION('',(#6646),#6650);
#6646 = LINE('',#6647,#6648);
#6647 = CARTESIAN_POINT('',(-0.,-3.366666666667));
#6648 = VECTOR('',#6649,1.);
#6649 = DIRECTION('',(-1.,-0.));
#6650 = ( GEOMETRIC_REPRESENTATION_CONTEXT(2) 
PARAMETRIC_REPRESENTATION_CONTEXT() REPRESENTATION_CONTEXT('2D SPACE',''
  ) );
#6651 = PCURVE('',#6652,#6657);
#6652 = CONICAL_SURFACE('',#6653,38.75768142464,0.116525211373);
#6653 = AXIS2_PLACEMENT_3D('',#6654,#6655,#6656);
#6654 = CARTESIAN_POINT('',(0.,0.,731.23333333333));
#6655 = DIRECTION('',(-0.,-0.,-1.));
#6656 = DIRECTION('',(1.,0.,-0.));
#6657 = DEFINITIONAL_REPRESENTATION('',(#6658),#6662);
#6658 = LINE('',#6659,#6660);
#6659 = CARTESIAN_POINT('',(-0.,-0.));
#6660 = VECTOR('',#6661,1.);
#6661 = DIRECTION('',(-1.,-0.));
#6662 = ( GEOMETRIC_REPRESENTATION_CONTEXT(2) 
PARAMETRIC_REPRESENTATION_CONTEXT() REPRESENTATION_CONTEXT('2D SPACE',''
  ) );
#6663 = ORIENTED_EDGE('',*,*,#6614,.F.);
#6664 = ADVANCED_FACE('',(#6665),#6597,.F.);
#6665 = FACE_BOUND('',#6666,.F.);
#6666 = EDGE_LOOP('',(#6667,#6668,#6691,#6718));
#6667 = ORIENTED_EDGE('',*,*,#6582,.T.);
#6668 = ORIENTED_EDGE('',*,*,#6669,.T.);
#6669 = EDGE_CURVE('',#6560,#6670,#6672,.T.);
#6670 = VERTEX_POINT('',#6671);
#6671 = CARTESIAN_POINT('',(35.043972164536,0.,744.7));
#6672 = SEAM_CURVE('',#6673,(#6677,#6684),.PCURVE_S1.);
#6673 = LINE('',#6674,#6675);
#6674 = CARTESIAN_POINT('',(35.506798563453,0.,741.33333333333));
#6675 = VECTOR('',#6676,1.);
#6676 = DIRECTION('',(-0.13619227093,0.,0.990682424059));
#6677 = PCURVE('',#6597,#6678);
#6678 = DEFINITIONAL_REPRESENTATION('',(#6679),#6683);
#6679 = LINE('',#6680,#6681);
#6680 = CARTESIAN_POINT('',(-0.,-0.));
#6681 = VECTOR('',#6682,1.);
#6682 = DIRECTION('',(-0.,-1.));
#6683 = ( GEOMETRIC_REPRESENTATION_CONTEXT(2) 
PARAMETRIC_REPRESENTATION_CONTEXT() REPRESENTATION_CONTEXT('2D SPACE',''
  ) );
#6684 = PCURVE('',#6597,#6685);
#6685 = DEFINITIONAL_REPRESENTATION('',(#6686),#6690);
#6686 = LINE('',#6687,#6688);
#6687 = CARTESIAN_POINT('',(-6.28318530718,-0.));
#6688 = VECTOR('',#6689,1.);
#6689 = DIRECTION('',(-0.,-1.));
#6690 = ( GEOMETRIC_REPRESENTATION_CONTEXT(2) 
PARAMETRIC_REPRESENTATION_CONTEXT() REPRESENTATION_CONTEXT('2D SPACE',''
  ) );
#6691 = ORIENTED_EDGE('',*,*,#6692,.F.);
#6692 = EDGE_CURVE('',#6670,#6670,#6693,.T.);
#6693 = SURFACE_CURVE('',#6694,(#6699,#6706),.PCURVE_S1.);
#6694 = CIRCLE('',#6695,35.043972164536);
#6695 = AXIS2_PLACEMENT_3D('',#6696,#6697,#6698);
#6696 = CARTESIAN_POINT('',(0.,0.,744.7));
#6697 = DIRECTION('',(0.,0.,1.));
#6698 = DIRECTION('',(1.,0.,-0.));
#6699 = PCURVE('',#6597,#6700);
#6700 = DEFINITIONAL_REPRESENTATION('',(#6701),#6705);
#6701 = LINE('',#6702,#6703);
#6702 = CARTESIAN_POINT('',(-0.,-3.366666666667));
#6703 = VECTOR('',#6704,1.);
#6704 = DIRECTION('',(-1.,-0.));
#6705 = ( GEOMETRIC_REPRESENTATION_CONTEXT(2) 
PARAMETRIC_REPRESENTATION_CONTEXT() REPRESENTATION_CONTEXT('2D SPACE',''
  ) );
#6706 = PCURVE('',#6707,#6712);
#6707 = CONICAL_SURFACE('',#6708,35.043972164536,0.143326002745);
#6708 = AXIS2_PLACEMENT_3D('',#6709,#6710,#6711);
#6709 = CARTESIAN_POINT('',(0.,0.,744.7));
#6710 = DIRECTION('',(-0.,-0.,-1.));
#6711 = DIRECTION('',(1.,0.,-0.));
#6712 = DEFINITIONAL_REPRESENTATION('',(#6713),#6717);
#6713 = LINE('',#6714,#6715);
#6714 = CARTESIAN_POINT('',(-0.,-0.));
#6715 = VECTOR('',#6716,1.);
#6716 = DIRECTION('',(-1.,-0.));
#6717 = ( GEOMETRIC_REPRESENTATION_CONTEXT(2) 
PARAMETRIC_REPRESENTATION_CONTEXT() REPRESENTATION_CONTEXT('2D SPACE',''
  ) );
#6718 = ORIENTED_EDGE('',*,*,#6669,.F.);
#6719 = ADVANCED_FACE('',(#6720),#6652,.T.);
#6720 = FACE_BOUND('',#6721,.T.);
#6721 = EDGE_LOOP('',(#6722,#6723,#6746,#6773));
#6722 = ORIENTED_EDGE('',*,*,#6637,.T.);
#6723 = ORIENTED_EDGE('',*,*,#6724,.T.);
#6724 = EDGE_CURVE('',#6615,#6725,#6727,.T.);
#6725 = VERTEX_POINT('',#6726);
#6726 = CARTESIAN_POINT('',(38.363594609687,0.,734.6));
#6727 = SEAM_CURVE('',#6728,(#6732,#6739),.PCURVE_S1.);
#6728 = LINE('',#6729,#6730);
#6729 = CARTESIAN_POINT('',(38.75768142464,0.,731.23333333333));
#6730 = VECTOR('',#6731,1.);
#6731 = DIRECTION('',(-0.116261691363,0.,0.993218615976));
#6732 = PCURVE('',#6652,#6733);
#6733 = DEFINITIONAL_REPRESENTATION('',(#6734),#6738);
#6734 = LINE('',#6735,#6736);
#6735 = CARTESIAN_POINT('',(-0.,-0.));
#6736 = VECTOR('',#6737,1.);
#6737 = DIRECTION('',(-0.,-1.));
#6738 = ( GEOMETRIC_REPRESENTATION_CONTEXT(2) 
PARAMETRIC_REPRESENTATION_CONTEXT() REPRESENTATION_CONTEXT('2D SPACE',''
  ) );
#6739 = PCURVE('',#6652,#6740);
#6740 = DEFINITIONAL_REPRESENTATION('',(#6741),#6745);
#6741 = LINE('',#6742,#6743);
#6742 = CARTESIAN_POINT('',(-6.28318530718,-0.));
#6743 = VECTOR('',#6744,1.);
#6744 = DIRECTION('',(-0.,-1.));
#6745 = ( GEOMETRIC_REPRESENTATION_CONTEXT(2) 
PARAMETRIC_REPRESENTATION_CONTEXT() REPRESENTATION_CONTEXT('2D SPACE',''
  ) );
#6746 = ORIENTED_EDGE('',*,*,#6747,.F.);
#6747 = EDGE_CURVE('',#6725,#6725,#6748,.T.);
#6748 = SURFACE_CURVE('',#6749,(#6754,#6761),.PCURVE_S1.);
#6749 = CIRCLE('',#6750,38.363594609687);
#6750 = AXIS2_PLACEMENT_3D('',#6751,#6752,#6753);
#6751 = CARTESIAN_POINT('',(0.,0.,734.6));
#6752 = DIRECTION('',(0.,0.,1.));
#6753 = DIRECTION('',(1.,0.,-0.));
#6754 = PCURVE('',#6652,#6755);
#6755 = DEFINITIONAL_REPRESENTATION('',(#6756),#6760);
#6756 = LINE('',#6757,#6758);
#6757 = CARTESIAN_POINT('',(-0.,-3.366666666667));
#6758 = VECTOR('',#6759,1.);
#6759 = DIRECTION('',(-1.,-0.));
#6760 = ( GEOMETRIC_REPRESENTATION_CONTEXT(2) 
PARAMETRIC_REPRESENTATION_CONTEXT() REPRESENTATION_CONTEXT('2D SPACE',''
  ) );
#6761 = PCURVE('',#6762,#6767);
#6762 = CONICAL_SURFACE('',#6763,38.363594609687,0.123216768229);
#6763 = AXIS2_PLACEMENT_3D('',#6764,#6765,#6766);
#6764 = CARTESIAN_POINT('',(0.,0.,734.6));
#6765 = DIRECTION('',(-0.,-0.,-1.));
#6766 = DIRECTION('',(1.,0.,-0.));
#6767 = DEFINITIONAL_REPRESENTATION('',(#6768),#6772);
#6768 = LINE('',#6769,#6770);
#6769 = CARTESIAN_POINT('',(-0.,-0.));
#6770 = VECTOR('',#6771,1.);
#6771 = DIRECTION('',(-1.,-0.));
#6772 = ( GEOMETRIC_REPRESENTATION_CONTEXT(2) 
PARAMETRIC_REPRESENTATION_CONTEXT() REPRESENTATION_CONTEXT('2D SPACE',''
  ) );
#6773 = ORIENTED_EDGE('',*,*,#6724,.F.);
#6774 = ADVANCED_FACE('',(#6775),#6707,.F.);
#6775 = FACE_BOUND('',#6776,.F.);
#6776 = EDGE_LOOP('',(#6777,#6778,#6801,#6828));
#6777 = ORIENTED_EDGE('',*,*,#6692,.T.);
#6778 = ORIENTED_EDGE('',*,*,#6779,.T.);
#6779 = EDGE_CURVE('',#6670,#6780,#6782,.T.);
#6780 = VERTEX_POINT('',#6781);
#6781 = CARTESIAN_POINT('',(34.558109806437,0.,748.06666666666));
#6782 = SEAM_CURVE('',#6783,(#6787,#6794),.PCURVE_S1.);
#6783 = LINE('',#6784,#6785);
#6784 = CARTESIAN_POINT('',(35.043972164536,0.,744.7));
#6785 = VECTOR('',#6786,1.);
#6786 = DIRECTION('',(-0.142835797861,0.,0.989746399261));
#6787 = PCURVE('',#6707,#6788);
#6788 = DEFINITIONAL_REPRESENTATION('',(#6789),#6793);
#6789 = LINE('',#6790,#6791);
#6790 = CARTESIAN_POINT('',(-0.,-0.));
#6791 = VECTOR('',#6792,1.);
#6792 = DIRECTION('',(-0.,-1.));
#6793 = ( GEOMETRIC_REPRESENTATION_CONTEXT(2) 
PARAMETRIC_REPRESENTATION_CONTEXT() REPRESENTATION_CONTEXT('2D SPACE',''
  ) );
#6794 = PCURVE('',#6707,#6795);
#6795 = DEFINITIONAL_REPRESENTATION('',(#6796),#6800);
#6796 = LINE('',#6797,#6798);
#6797 = CARTESIAN_POINT('',(-6.28318530718,-0.));
#6798 = VECTOR('',#6799,1.);
#6799 = DIRECTION('',(-0.,-1.));
#6800 = ( GEOMETRIC_REPRESENTATION_CONTEXT(2) 
PARAMETRIC_REPRESENTATION_CONTEXT() REPRESENTATION_CONTEXT('2D SPACE',''
  ) );
#6801 = ORIENTED_EDGE('',*,*,#6802,.F.);
#6802 = EDGE_CURVE('',#6780,#6780,#6803,.T.);
#6803 = SURFACE_CURVE('',#6804,(#6809,#6816),.PCURVE_S1.);
#6804 = CIRCLE('',#6805,34.558109806437);
#6805 = AXIS2_PLACEMENT_3D('',#6806,#6807,#6808);
#6806 = CARTESIAN_POINT('',(0.,0.,748.06666666666));
#6807 = DIRECTION('',(0.,0.,1.));
#6808 = DIRECTION('',(1.,0.,-0.));
#6809 = PCURVE('',#6707,#6810);
#6810 = DEFINITIONAL_REPRESENTATION('',(#6811),#6815);
#6811 = LINE('',#6812,#6813);
#6812 = CARTESIAN_POINT('',(-0.,-3.366666666667));
#6813 = VECTOR('',#6814,1.);
#6814 = DIRECTION('',(-1.,-0.));
#6815 = ( GEOMETRIC_REPRESENTATION_CONTEXT(2) 
PARAMETRIC_REPRESENTATION_CONTEXT() REPRESENTATION_CONTEXT('2D SPACE',''
  ) );
#6816 = PCURVE('',#6817,#6822);
#6817 = CONICAL_SURFACE('',#6818,34.558109806437,0.150041660473);
#6818 = AXIS2_PLACEMENT_3D('',#6819,#6820,#6821);
#6819 = CARTESIAN_POINT('',(0.,0.,748.06666666666));
#6820 = DIRECTION('',(-0.,-0.,-1.));
#6821 = DIRECTION('',(1.,0.,-0.));
#6822 = DEFINITIONAL_REPRESENTATION('',(#6823),#6827);
#6823 = LINE('',#6824,#6825);
#6824 = CARTESIAN_POINT('',(-0.,-0.));
#6825 = VECTOR('',#6826,1.);
#6826 = DIRECTION('',(-1.,-0.));
#6827 = ( GEOMETRIC_REPRESENTATION_CONTEXT(2) 
PARAMETRIC_REPRESENTATION_CONTEXT() REPRESENTATION_CONTEXT('2D SPACE',''
  ) );
#6828 = ORIENTED_EDGE('',*,*,#6779,.F.);
#6829 = ADVANCED_FACE('',(#6830),#6762,.T.);
#6830 = FACE_BOUND('',#6831,.T.);
#6831 = EDGE_LOOP('',(#6832,#6833,#6856,#6883));
#6832 = ORIENTED_EDGE('',*,*,#6747,.T.);
#6833 = ORIENTED_EDGE('',*,*,#6834,.T.);
#6834 = EDGE_CURVE('',#6725,#6835,#6837,.T.);
#6835 = VERTEX_POINT('',#6836);
#6836 = CARTESIAN_POINT('',(37.946652628428,0.,737.96666666666));
#6837 = SEAM_CURVE('',#6838,(#6842,#6849),.PCURVE_S1.);
#6838 = LINE('',#6839,#6840);
#6839 = CARTESIAN_POINT('',(38.363594609687,0.,734.6));
#6840 = VECTOR('',#6841,1.);
#6841 = DIRECTION('',(-0.122905217693,0.,0.992418413505));
#6842 = PCURVE('',#6762,#6843);
#6843 = DEFINITIONAL_REPRESENTATION('',(#6844),#6848);
#6844 = LINE('',#6845,#6846);
#6845 = CARTESIAN_POINT('',(-0.,-0.));
#6846 = VECTOR('',#6847,1.);
#6847 = DIRECTION('',(-0.,-1.));
#6848 = ( GEOMETRIC_REPRESENTATION_CONTEXT(2) 
PARAMETRIC_REPRESENTATION_CONTEXT() REPRESENTATION_CONTEXT('2D SPACE',''
  ) );
#6849 = PCURVE('',#6762,#6850);
#6850 = DEFINITIONAL_REPRESENTATION('',(#6851),#6855);
#6851 = LINE('',#6852,#6853);
#6852 = CARTESIAN_POINT('',(-6.28318530718,-0.));
#6853 = VECTOR('',#6854,1.);
#6854 = DIRECTION('',(-0.,-1.));
#6855 = ( GEOMETRIC_REPRESENTATION_CONTEXT(2) 
PARAMETRIC_REPRESENTATION_CONTEXT() REPRESENTATION_CONTEXT('2D SPACE',''
  ) );
#6856 = ORIENTED_EDGE('',*,*,#6857,.F.);
#6857 = EDGE_CURVE('',#6835,#6835,#6858,.T.);
#6858 = SURFACE_CURVE('',#6859,(#6864,#6871),.PCURVE_S1.);
#6859 = CIRCLE('',#6860,37.946652628428);
#6860 = AXIS2_PLACEMENT_3D('',#6861,#6862,#6863);
#6861 = CARTESIAN_POINT('',(0.,0.,737.96666666666));
#6862 = DIRECTION('',(0.,0.,1.));
#6863 = DIRECTION('',(1.,0.,-0.));
#6864 = PCURVE('',#6762,#6865);
#6865 = DEFINITIONAL_REPRESENTATION('',(#6866),#6870);
#6866 = LINE('',#6867,#6868);
#6867 = CARTESIAN_POINT('',(-0.,-3.366666666667));
#6868 = VECTOR('',#6869,1.);
#6869 = DIRECTION('',(-1.,-0.));
#6870 = ( GEOMETRIC_REPRESENTATION_CONTEXT(2) 
PARAMETRIC_REPRESENTATION_CONTEXT() REPRESENTATION_CONTEXT('2D SPACE',''
  ) );
#6871 = PCURVE('',#6872,#6877);
#6872 = CONICAL_SURFACE('',#6873,37.946652628428,0.129913875343);
#6873 = AXIS2_PLACEMENT_3D('',#6874,#6875,#6876);
#6874 = CARTESIAN_POINT('',(0.,0.,737.96666666666));
#6875 = DIRECTION('',(-0.,-0.,-1.));
#6876 = DIRECTION('',(1.,0.,-0.));
#6877 = DEFINITIONAL_REPRESENTATION('',(#6878),#6882);
#6878 = LINE('',#6879,#6880);
#6879 = CARTESIAN_POINT('',(-0.,-0.));
#6880 = VECTOR('',#6881,1.);
#6881 = DIRECTION('',(-1.,-0.));
#6882 = ( GEOMETRIC_REPRESENTATION_CONTEXT(2) 
PARAMETRIC_REPRESENTATION_CONTEXT() REPRESENTATION_CONTEXT('2D SPACE',''
  ) );
#6883 = ORIENTED_EDGE('',*,*,#6834,.F.);
#6884 = ADVANCED_FACE('',(#6885),#6817,.F.);
#6885 = FACE_BOUND('',#6886,.F.);
#6886 = EDGE_LOOP('',(#6887,#6888,#6911,#6938));
#6887 = ORIENTED_EDGE('',*,*,#6802,.T.);
#6888 = ORIENTED_EDGE('',*,*,#6889,.T.);
#6889 = EDGE_CURVE('',#6780,#6890,#6892,.T.);
#6890 = VERTEX_POINT('',#6891);
#6891 = CARTESIAN_POINT('',(34.049144444083,0.,751.43333333333));
#6892 = SEAM_CURVE('',#6893,(#6897,#6904),.PCURVE_S1.);
#6893 = LINE('',#6894,#6895);
#6894 = CARTESIAN_POINT('',(34.558109806437,0.,748.06666666666));
#6895 = VECTOR('',#6896,1.);
#6896 = DIRECTION('',(-0.149479325015,0.,0.988764851415));
#6897 = PCURVE('',#6817,#6898);
#6898 = DEFINITIONAL_REPRESENTATION('',(#6899),#6903);
#6899 = LINE('',#6900,#6901);
#6900 = CARTESIAN_POINT('',(-0.,-0.));
#6901 = VECTOR('',#6902,1.);
#6902 = DIRECTION('',(-0.,-1.));
#6903 = ( GEOMETRIC_REPRESENTATION_CONTEXT(2) 
PARAMETRIC_REPRESENTATION_CONTEXT() REPRESENTATION_CONTEXT('2D SPACE',''
  ) );
#6904 = PCURVE('',#6817,#6905);
#6905 = DEFINITIONAL_REPRESENTATION('',(#6906),#6910);
#6906 = LINE('',#6907,#6908);
#6907 = CARTESIAN_POINT('',(-6.28318530718,-0.));
#6908 = VECTOR('',#6909,1.);
#6909 = DIRECTION('',(-0.,-1.));
#6910 = ( GEOMETRIC_REPRESENTATION_CONTEXT(2) 
PARAMETRIC_REPRESENTATION_CONTEXT() REPRESENTATION_CONTEXT('2D SPACE',''
  ) );
#6911 = ORIENTED_EDGE('',*,*,#6912,.F.);
#6912 = EDGE_CURVE('',#6890,#6890,#6913,.T.);
#6913 = SURFACE_CURVE('',#6914,(#6919,#6926),.PCURVE_S1.);
#6914 = CIRCLE('',#6915,34.049144444083);
#6915 = AXIS2_PLACEMENT_3D('',#6916,#6917,#6918);
#6916 = CARTESIAN_POINT('',(0.,0.,751.43333333333));
#6917 = DIRECTION('',(0.,0.,1.));
#6918 = DIRECTION('',(1.,0.,-0.));
#6919 = PCURVE('',#6817,#6920);
#6920 = DEFINITIONAL_REPRESENTATION('',(#6921),#6925);
#6921 = LINE('',#6922,#6923);
#6922 = CARTESIAN_POINT('',(-0.,-3.366666666667));
#6923 = VECTOR('',#6924,1.);
#6924 = DIRECTION('',(-1.,-0.));
#6925 = ( GEOMETRIC_REPRESENTATION_CONTEXT(2) 
PARAMETRIC_REPRESENTATION_CONTEXT() REPRESENTATION_CONTEXT('2D SPACE',''
  ) );
#6926 = PCURVE('',#6927,#6932);
#6927 = CONICAL_SURFACE('',#6928,34.049144444083,0.15676414363);
#6928 = AXIS2_PLACEMENT_3D('',#6929,#6930,#6931);
#6929 = CARTESIAN_POINT('',(0.,0.,751.43333333333));
#6930 = DIRECTION('',(-0.,-0.,-1.));
#6931 = DIRECTION('',(1.,0.,-0.));
#6932 = DEFINITIONAL_REPRESENTATION('',(#6933),#6937);
#6933 = LINE('',#6934,#6935);
#6934 = CARTESIAN_POINT('',(-0.,-0.));
#6935 = VECTOR('',#6936,1.);
#6936 = DIRECTION('',(-1.,-0.));
#6937 = ( GEOMETRIC_REPRESENTATION_CONTEXT(2) 
PARAMETRIC_REPRESENTATION_CONTEXT() REPRESENTATION_CONTEXT('2D SPACE',''
  ) );
#6938 = ORIENTED_EDGE('',*,*,#6889,.F.);
#6939 = ADVANCED_FACE('',(#6940),#6872,.T.);
#6940 = FACE_BOUND('',#6941,.T.);
#6941 = EDGE_LOOP('',(#6942,#6943,#6966,#6993));
#6942 = ORIENTED_EDGE('',*,*,#6857,.T.);
#6943 = ORIENTED_EDGE('',*,*,#6944,.T.);
#6944 = EDGE_CURVE('',#6835,#6945,#6947,.T.);
#6945 = VERTEX_POINT('',#6946);
#6946 = CARTESIAN_POINT('',(37.506798563453,0.,741.33333333333));
#6947 = SEAM_CURVE('',#6948,(#6952,#6959),.PCURVE_S1.);
#6948 = LINE('',#6949,#6950);
#6949 = CARTESIAN_POINT('',(37.946652628428,0.,737.96666666666));
#6950 = VECTOR('',#6951,1.);
#6951 = DIRECTION('',(-0.129548744211,0.,0.991573054733));
#6952 = PCURVE('',#6872,#6953);
#6953 = DEFINITIONAL_REPRESENTATION('',(#6954),#6958);
#6954 = LINE('',#6955,#6956);
#6955 = CARTESIAN_POINT('',(-0.,-0.));
#6956 = VECTOR('',#6957,1.);
#6957 = DIRECTION('',(-0.,-1.));
#6958 = ( GEOMETRIC_REPRESENTATION_CONTEXT(2) 
PARAMETRIC_REPRESENTATION_CONTEXT() REPRESENTATION_CONTEXT('2D SPACE',''
  ) );
#6959 = PCURVE('',#6872,#6960);
#6960 = DEFINITIONAL_REPRESENTATION('',(#6961),#6965);
#6961 = LINE('',#6962,#6963);
#6962 = CARTESIAN_POINT('',(-6.28318530718,-0.));
#6963 = VECTOR('',#6964,1.);
#6964 = DIRECTION('',(-0.,-1.));
#6965 = ( GEOMETRIC_REPRESENTATION_CONTEXT(2) 
PARAMETRIC_REPRESENTATION_CONTEXT() REPRESENTATION_CONTEXT('2D SPACE',''
  ) );
#6966 = ORIENTED_EDGE('',*,*,#6967,.F.);
#6967 = EDGE_CURVE('',#6945,#6945,#6968,.T.);
#6968 = SURFACE_CURVE('',#6969,(#6974,#6981),.PCURVE_S1.);
#6969 = CIRCLE('',#6970,37.506798563453);
#6970 = AXIS2_PLACEMENT_3D('',#6971,#6972,#6973);
#6971 = CARTESIAN_POINT('',(0.,0.,741.33333333333));
#6972 = DIRECTION('',(0.,0.,1.));
#6973 = DIRECTION('',(1.,0.,-0.));
#6974 = PCURVE('',#6872,#6975);
#6975 = DEFINITIONAL_REPRESENTATION('',(#6976),#6980);
#6976 = LINE('',#6977,#6978);
#6977 = CARTESIAN_POINT('',(-0.,-3.366666666667));
#6978 = VECTOR('',#6979,1.);
#6979 = DIRECTION('',(-1.,-0.));
#6980 = ( GEOMETRIC_REPRESENTATION_CONTEXT(2) 
PARAMETRIC_REPRESENTATION_CONTEXT() REPRESENTATION_CONTEXT('2D SPACE',''
  ) );
#6981 = PCURVE('',#6982,#6987);
#6982 = CONICAL_SURFACE('',#6983,37.506798563453,0.136616847705);
#6983 = AXIS2_PLACEMENT_3D('',#6984,#6985,#6986);
#6984 = CARTESIAN_POINT('',(0.,0.,741.33333333333));
#6985 = DIRECTION('',(-0.,-0.,-1.));
#6986 = DIRECTION('',(1.,0.,-0.));
#6987 = DEFINITIONAL_REPRESENTATION('',(#6988),#6992);
#6988 = LINE('',#6989,#6990);
#6989 = CARTESIAN_POINT('',(-0.,-0.));
#6990 = VECTOR('',#6991,1.);
#6991 = DIRECTION('',(-1.,-0.));
#6992 = ( GEOMETRIC_REPRESENTATION_CONTEXT(2) 
PARAMETRIC_REPRESENTATION_CONTEXT() REPRESENTATION_CONTEXT('2D SPACE',''
  ) );
#6993 = ORIENTED_EDGE('',*,*,#6944,.F.);
#6994 = ADVANCED_FACE('',(#6995),#6927,.F.);
#6995 = FACE_BOUND('',#6996,.F.);
#6996 = EDGE_LOOP('',(#6997,#6998,#7021,#7048));
#6997 = ORIENTED_EDGE('',*,*,#6912,.T.);
#6998 = ORIENTED_EDGE('',*,*,#6999,.T.);
#6999 = EDGE_CURVE('',#6890,#7000,#7002,.T.);
#7000 = VERTEX_POINT('',#7001);
#7001 = CARTESIAN_POINT('',(33.517005565039,0.,754.8));
#7002 = SEAM_CURVE('',#7003,(#7007,#7014),.PCURVE_S1.);
#7003 = LINE('',#7004,#7005);
#7004 = CARTESIAN_POINT('',(34.049144444083,0.,751.43333333333));
#7005 = VECTOR('',#7006,1.);
#7006 = DIRECTION('',(-0.156122852404,0.,0.987737644801));
#7007 = PCURVE('',#6927,#7008);
#7008 = DEFINITIONAL_REPRESENTATION('',(#7009),#7013);
#7009 = LINE('',#7010,#7011);
#7010 = CARTESIAN_POINT('',(-0.,-0.));
#7011 = VECTOR('',#7012,1.);
#7012 = DIRECTION('',(-0.,-1.));
#7013 = ( GEOMETRIC_REPRESENTATION_CONTEXT(2) 
PARAMETRIC_REPRESENTATION_CONTEXT() REPRESENTATION_CONTEXT('2D SPACE',''
  ) );
#7014 = PCURVE('',#6927,#7015);
#7015 = DEFINITIONAL_REPRESENTATION('',(#7016),#7020);
#7016 = LINE('',#7017,#7018);
#7017 = CARTESIAN_POINT('',(-6.28318530718,-0.));
#7018 = VECTOR('',#7019,1.);
#7019 = DIRECTION('',(-0.,-1.));
#7020 = ( GEOMETRIC_REPRESENTATION_CONTEXT(2) 
PARAMETRIC_REPRESENTATION_CONTEXT() REPRESENTATION_CONTEXT('2D SPACE',''
  ) );
#7021 = ORIENTED_EDGE('',*,*,#7022,.F.);
#7022 = EDGE_CURVE('',#7000,#7000,#7023,.T.);
#7023 = SURFACE_CURVE('',#7024,(#7029,#7036),.PCURVE_S1.);
#7024 = CIRCLE('',#7025,33.517005565039);
#7025 = AXIS2_PLACEMENT_3D('',#7026,#7027,#7028);
#7026 = CARTESIAN_POINT('',(0.,0.,754.8));
#7027 = DIRECTION('',(0.,0.,1.));
#7028 = DIRECTION('',(1.,0.,-0.));
#7029 = PCURVE('',#6927,#7030);
#7030 = DEFINITIONAL_REPRESENTATION('',(#7031),#7035);
#7031 = LINE('',#7032,#7033);
#7032 = CARTESIAN_POINT('',(-0.,-3.366666666667));
#7033 = VECTOR('',#7034,1.);
#7034 = DIRECTION('',(-1.,-0.));
#7035 = ( GEOMETRIC_REPRESENTATION_CONTEXT(2) 
PARAMETRIC_REPRESENTATION_CONTEXT() REPRESENTATION_CONTEXT('2D SPACE',''
  ) );
#7036 = PCURVE('',#7037,#7042);
#7037 = CONICAL_SURFACE('',#7038,33.517005565039,0.163493777835);
#7038 = AXIS2_PLACEMENT_3D('',#7039,#7040,#7041);
#7039 = CARTESIAN_POINT('',(0.,0.,754.8));
#7040 = DIRECTION('',(-0.,-0.,-1.));
#7041 = DIRECTION('',(1.,0.,-0.));
#7042 = DEFINITIONAL_REPRESENTATION('',(#7043),#7047);
#7043 = LINE('',#7044,#7045);
#7044 = CARTESIAN_POINT('',(-0.,-0.));
#7045 = VECTOR('',#7046,1.);
#7046 = DIRECTION('',(-1.,-0.));
#7047 = ( GEOMETRIC_REPRESENTATION_CONTEXT(2) 
PARAMETRIC_REPRESENTATION_CONTEXT() REPRESENTATION_CONTEXT('2D SPACE',''
  ) );
#7048 = ORIENTED_EDGE('',*,*,#6999,.F.);
#7049 = ADVANCED_FACE('',(#7050),#6982,.T.);
#7050 = FACE_BOUND('',#7051,.T.);
#7051 = EDGE_LOOP('',(#7052,#7053,#7076,#7103));
#7052 = ORIENTED_EDGE('',*,*,#6967,.T.);
#7053 = ORIENTED_EDGE('',*,*,#7054,.T.);
#7054 = EDGE_CURVE('',#6945,#7055,#7057,.T.);
#7055 = VERTEX_POINT('',#7056);
#7056 = CARTESIAN_POINT('',(37.043972164536,0.,744.7));
#7057 = SEAM_CURVE('',#7058,(#7062,#7069),.PCURVE_S1.);
#7058 = LINE('',#7059,#7060);
#7059 = CARTESIAN_POINT('',(37.506798563453,0.,741.33333333333));
#7060 = VECTOR('',#7061,1.);
#7061 = DIRECTION('',(-0.13619227093,0.,0.990682424059));
#7062 = PCURVE('',#6982,#7063);
#7063 = DEFINITIONAL_REPRESENTATION('',(#7064),#7068);
#7064 = LINE('',#7065,#7066);
#7065 = CARTESIAN_POINT('',(-0.,-0.));
#7066 = VECTOR('',#7067,1.);
#7067 = DIRECTION('',(-0.,-1.));
#7068 = ( GEOMETRIC_REPRESENTATION_CONTEXT(2) 
PARAMETRIC_REPRESENTATION_CONTEXT() REPRESENTATION_CONTEXT('2D SPACE',''
  ) );
#7069 = PCURVE('',#6982,#7070);
#7070 = DEFINITIONAL_REPRESENTATION('',(#7071),#7075);
#7071 = LINE('',#7072,#7073);
#7072 = CARTESIAN_POINT('',(-6.28318530718,-0.));
#7073 = VECTOR('',#7074,1.);
#7074 = DIRECTION('',(-0.,-1.));
#7075 = ( GEOMETRIC_REPRESENTATION_CONTEXT(2) 
PARAMETRIC_REPRESENTATION_CONTEXT() REPRESENTATION_CONTEXT('2D SPACE',''
  ) );
#7076 = ORIENTED_EDGE('',*,*,#7077,.F.);
#7077 = EDGE_CURVE('',#7055,#7055,#7078,.T.);
#7078 = SURFACE_CURVE('',#7079,(#7084,#7091),.PCURVE_S1.);
#7079 = CIRCLE('',#7080,37.043972164536);
#7080 = AXIS2_PLACEMENT_3D('',#7081,#7082,#7083);
#7081 = CARTESIAN_POINT('',(0.,0.,744.7));
#7082 = DIRECTION('',(0.,0.,1.));
#7083 = DIRECTION('',(1.,0.,-0.));
#7084 = PCURVE('',#6982,#7085);
#7085 = DEFINITIONAL_REPRESENTATION('',(#7086),#7090);
#7086 = LINE('',#7087,#7088);
#7087 = CARTESIAN_POINT('',(-0.,-3.366666666667));
#7088 = VECTOR('',#7089,1.);
#7089 = DIRECTION('',(-1.,-0.));
#7090 = ( GEOMETRIC_REPRESENTATION_CONTEXT(2) 
PARAMETRIC_REPRESENTATION_CONTEXT() REPRESENTATION_CONTEXT('2D SPACE',''
  ) );
#7091 = PCURVE('',#7092,#7097);
#7092 = CONICAL_SURFACE('',#7093,37.043972164536,0.143326002745);
#7093 = AXIS2_PLACEMENT_3D('',#7094,#7095,#7096);
#7094 = CARTESIAN_POINT('',(0.,0.,744.7));
#7095 = DIRECTION('',(-0.,-0.,-1.));
#7096 = DIRECTION('',(1.,0.,-0.));
#7097 = DEFINITIONAL_REPRESENTATION('',(#7098),#7102);
#7098 = LINE('',#7099,#7100);
#7099 = CARTESIAN_POINT('',(-0.,-0.));
#7100 = VECTOR('',#7101,1.);
#7101 = DIRECTION('',(-1.,-0.));
#7102 = ( GEOMETRIC_REPRESENTATION_CONTEXT(2) 
PARAMETRIC_REPRESENTATION_CONTEXT() REPRESENTATION_CONTEXT('2D SPACE',''
  ) );
#7103 = ORIENTED_EDGE('',*,*,#7054,.F.);
#7104 = ADVANCED_FACE('',(#7105),#7037,.F.);
#7105 = FACE_BOUND('',#7106,.F.);
#7106 = EDGE_LOOP('',(#7107,#7108,#7131,#7158));
#7107 = ORIENTED_EDGE('',*,*,#7022,.T.);
#7108 = ORIENTED_EDGE('',*,*,#7109,.T.);
#7109 = EDGE_CURVE('',#7000,#7110,#7112,.T.);
#7110 = VERTEX_POINT('',#7111);
#7111 = CARTESIAN_POINT('',(32.961619139198,0.,758.16666666666));
#7112 = SEAM_CURVE('',#7113,(#7117,#7124),.PCURVE_S1.);
#7113 = LINE('',#7114,#7115);
#7114 = CARTESIAN_POINT('',(33.517005565039,0.,754.8));
#7115 = VECTOR('',#7116,1.);
#7116 = DIRECTION('',(-0.162766380042,0.,0.986664636808));
#7117 = PCURVE('',#7037,#7118);
#7118 = DEFINITIONAL_REPRESENTATION('',(#7119),#7123);
#7119 = LINE('',#7120,#7121);
#7120 = CARTESIAN_POINT('',(-0.,-0.));
#7121 = VECTOR('',#7122,1.);
#7122 = DIRECTION('',(-0.,-1.));
#7123 = ( GEOMETRIC_REPRESENTATION_CONTEXT(2) 
PARAMETRIC_REPRESENTATION_CONTEXT() REPRESENTATION_CONTEXT('2D SPACE',''
  ) );
#7124 = PCURVE('',#7037,#7125);
#7125 = DEFINITIONAL_REPRESENTATION('',(#7126),#7130);
#7126 = LINE('',#7127,#7128);
#7127 = CARTESIAN_POINT('',(-6.28318530718,-0.));
#7128 = VECTOR('',#7129,1.);
#7129 = DIRECTION('',(-0.,-1.));
#7130 = ( GEOMETRIC_REPRESENTATION_CONTEXT(2) 
PARAMETRIC_REPRESENTATION_CONTEXT() REPRESENTATION_CONTEXT('2D SPACE',''
  ) );
#7131 = ORIENTED_EDGE('',*,*,#7132,.F.);
#7132 = EDGE_CURVE('',#7110,#7110,#7133,.T.);
#7133 = SURFACE_CURVE('',#7134,(#7139,#7146),.PCURVE_S1.);
#7134 = CIRCLE('',#7135,32.961619139198);
#7135 = AXIS2_PLACEMENT_3D('',#7136,#7137,#7138);
#7136 = CARTESIAN_POINT('',(0.,0.,758.16666666666));
#7137 = DIRECTION('',(0.,0.,1.));
#7138 = DIRECTION('',(1.,0.,-0.));
#7139 = PCURVE('',#7037,#7140);
#7140 = DEFINITIONAL_REPRESENTATION('',(#7141),#7145);
#7141 = LINE('',#7142,#7143);
#7142 = CARTESIAN_POINT('',(-0.,-3.366666666667));
#7143 = VECTOR('',#7144,1.);
#7144 = DIRECTION('',(-1.,-0.));
#7145 = ( GEOMETRIC_REPRESENTATION_CONTEXT(2) 
PARAMETRIC_REPRESENTATION_CONTEXT() REPRESENTATION_CONTEXT('2D SPACE',''
  ) );
#7146 = PCURVE('',#7147,#7152);
#7147 = CONICAL_SURFACE('',#7148,32.961619139198,0.170230891742);
#7148 = AXIS2_PLACEMENT_3D('',#7149,#7150,#7151);
#7149 = CARTESIAN_POINT('',(0.,0.,758.16666666666));
#7150 = DIRECTION('',(-0.,-0.,-1.));
#7151 = DIRECTION('',(1.,0.,-0.));
#7152 = DEFINITIONAL_REPRESENTATION('',(#7153),#7157);
#7153 = LINE('',#7154,#7155);
#7154 = CARTESIAN_POINT('',(-0.,-0.));
#7155 = VECTOR('',#7156,1.);
#7156 = DIRECTION('',(-1.,-0.));
#7157 = ( GEOMETRIC_REPRESENTATION_CONTEXT(2) 
PARAMETRIC_REPRESENTATION_CONTEXT() REPRESENTATION_CONTEXT('2D SPACE',''
  ) );
#7158 = ORIENTED_EDGE('',*,*,#7109,.F.);
#7159 = ADVANCED_FACE('',(#7160),#7092,.T.);
#7160 = FACE_BOUND('',#7161,.T.);
#7161 = EDGE_LOOP('',(#7162,#7163,#7186,#7213));
#7162 = ORIENTED_EDGE('',*,*,#7077,.T.);
#7163 = ORIENTED_EDGE('',*,*,#7164,.T.);
#7164 = EDGE_CURVE('',#7055,#7165,#7167,.T.);
#7165 = VERTEX_POINT('',#7166);
#7166 = CARTESIAN_POINT('',(36.558109806437,0.,748.06666666666));
#7167 = SEAM_CURVE('',#7168,(#7172,#7179),.PCURVE_S1.);
#7168 = LINE('',#7169,#7170);
#7169 = CARTESIAN_POINT('',(37.043972164536,0.,744.7));
#7170 = VECTOR('',#7171,1.);
#7171 = DIRECTION('',(-0.142835797861,0.,0.989746399261));
#7172 = PCURVE('',#7092,#7173);
#7173 = DEFINITIONAL_REPRESENTATION('',(#7174),#7178);
#7174 = LINE('',#7175,#7176);
#7175 = CARTESIAN_POINT('',(-0.,-0.));
#7176 = VECTOR('',#7177,1.);
#7177 = DIRECTION('',(-0.,-1.));
#7178 = ( GEOMETRIC_REPRESENTATION_CONTEXT(2) 
PARAMETRIC_REPRESENTATION_CONTEXT() REPRESENTATION_CONTEXT('2D SPACE',''
  ) );
#7179 = PCURVE('',#7092,#7180);
#7180 = DEFINITIONAL_REPRESENTATION('',(#7181),#7185);
#7181 = LINE('',#7182,#7183);
#7182 = CARTESIAN_POINT('',(-6.28318530718,-0.));
#7183 = VECTOR('',#7184,1.);
#7184 = DIRECTION('',(-0.,-1.));
#7185 = ( GEOMETRIC_REPRESENTATION_CONTEXT(2) 
PARAMETRIC_REPRESENTATION_CONTEXT() REPRESENTATION_CONTEXT('2D SPACE',''
  ) );
#7186 = ORIENTED_EDGE('',*,*,#7187,.F.);
#7187 = EDGE_CURVE('',#7165,#7165,#7188,.T.);
#7188 = SURFACE_CURVE('',#7189,(#7194,#7201),.PCURVE_S1.);
#7189 = CIRCLE('',#7190,36.558109806437);
#7190 = AXIS2_PLACEMENT_3D('',#7191,#7192,#7193);
#7191 = CARTESIAN_POINT('',(0.,0.,748.06666666666));
#7192 = DIRECTION('',(0.,0.,1.));
#7193 = DIRECTION('',(1.,0.,-0.));
#7194 = PCURVE('',#7092,#7195);
#7195 = DEFINITIONAL_REPRESENTATION('',(#7196),#7200);
#7196 = LINE('',#7197,#7198);
#7197 = CARTESIAN_POINT('',(-0.,-3.366666666667));
#7198 = VECTOR('',#7199,1.);
#7199 = DIRECTION('',(-1.,-0.));
#7200 = ( GEOMETRIC_REPRESENTATION_CONTEXT(2) 
PARAMETRIC_REPRESENTATION_CONTEXT() REPRESENTATION_CONTEXT('2D SPACE',''
  ) );
#7201 = PCURVE('',#7202,#7207);
#7202 = CONICAL_SURFACE('',#7203,36.558109806437,0.150041660473);
#7203 = AXIS2_PLACEMENT_3D('',#7204,#7205,#7206);
#7204 = CARTESIAN_POINT('',(0.,0.,748.06666666666));
#7205 = DIRECTION('',(-0.,-0.,-1.));
#7206 = DIRECTION('',(1.,0.,-0.));
#7207 = DEFINITIONAL_REPRESENTATION('',(#7208),#7212);
#7208 = LINE('',#7209,#7210);
#7209 = CARTESIAN_POINT('',(-0.,-0.));
#7210 = VECTOR('',#7211,1.);
#7211 = DIRECTION('',(-1.,-0.));
#7212 = ( GEOMETRIC_REPRESENTATION_CONTEXT(2) 
PARAMETRIC_REPRESENTATION_CONTEXT() REPRESENTATION_CONTEXT('2D SPACE',''
  ) );
#7213 = ORIENTED_EDGE('',*,*,#7164,.F.);
#7214 = ADVANCED_FACE('',(#7215),#7147,.F.);
#7215 = FACE_BOUND('',#7216,.F.);
#7216 = EDGE_LOOP('',(#7217,#7218,#7241,#7268));
#7217 = ORIENTED_EDGE('',*,*,#7132,.T.);
#7218 = ORIENTED_EDGE('',*,*,#7219,.T.);
#7219 = EDGE_CURVE('',#7110,#7220,#7222,.T.);
#7220 = VERTEX_POINT('',#7221);
#7221 = CARTESIAN_POINT('',(32.38290756561,0.,761.53333333333));
#7222 = SEAM_CURVE('',#7223,(#7227,#7234),.PCURVE_S1.);
#7223 = LINE('',#7224,#7225);
#7224 = CARTESIAN_POINT('',(32.961619139198,0.,758.16666666666));
#7225 = VECTOR('',#7226,1.);
#7226 = DIRECTION('',(-0.169409907939,0.,0.985545677831));
#7227 = PCURVE('',#7147,#7228);
#7228 = DEFINITIONAL_REPRESENTATION('',(#7229),#7233);
#7229 = LINE('',#7230,#7231);
#7230 = CARTESIAN_POINT('',(-0.,-0.));
#7231 = VECTOR('',#7232,1.);
#7232 = DIRECTION('',(-0.,-1.));
#7233 = ( GEOMETRIC_REPRESENTATION_CONTEXT(2) 
PARAMETRIC_REPRESENTATION_CONTEXT() REPRESENTATION_CONTEXT('2D SPACE',''
  ) );
#7234 = PCURVE('',#7147,#7235);
#7235 = DEFINITIONAL_REPRESENTATION('',(#7236),#7240);
#7236 = LINE('',#7237,#7238);
#7237 = CARTESIAN_POINT('',(-6.28318530718,-0.));
#7238 = VECTOR('',#7239,1.);
#7239 = DIRECTION('',(-0.,-1.));
#7240 = ( GEOMETRIC_REPRESENTATION_CONTEXT(2) 
PARAMETRIC_REPRESENTATION_CONTEXT() REPRESENTATION_CONTEXT('2D SPACE',''
  ) );
#7241 = ORIENTED_EDGE('',*,*,#7242,.F.);
#7242 = EDGE_CURVE('',#7220,#7220,#7243,.T.);
#7243 = SURFACE_CURVE('',#7244,(#7249,#7256),.PCURVE_S1.);
#7244 = CIRCLE('',#7245,32.38290756561);
#7245 = AXIS2_PLACEMENT_3D('',#7246,#7247,#7248);
#7246 = CARTESIAN_POINT('',(0.,0.,761.53333333333));
#7247 = DIRECTION('',(0.,0.,1.));
#7248 = DIRECTION('',(1.,0.,-0.));
#7249 = PCURVE('',#7147,#7250);
#7250 = DEFINITIONAL_REPRESENTATION('',(#7251),#7255);
#7251 = LINE('',#7252,#7253);
#7252 = CARTESIAN_POINT('',(-0.,-3.366666666667));
#7253 = VECTOR('',#7254,1.);
#7254 = DIRECTION('',(-1.,-0.));
#7255 = ( GEOMETRIC_REPRESENTATION_CONTEXT(2) 
PARAMETRIC_REPRESENTATION_CONTEXT() REPRESENTATION_CONTEXT('2D SPACE',''
  ) );
#7256 = PCURVE('',#7257,#7262);
#7257 = CONICAL_SURFACE('',#7258,32.38290756561,0.176975817195);
#7258 = AXIS2_PLACEMENT_3D('',#7259,#7260,#7261);
#7259 = CARTESIAN_POINT('',(0.,0.,761.53333333333));
#7260 = DIRECTION('',(-0.,-0.,-1.));
#7261 = DIRECTION('',(1.,0.,-0.));
#7262 = DEFINITIONAL_REPRESENTATION('',(#7263),#7267);
#7263 = LINE('',#7264,#7265);
#7264 = CARTESIAN_POINT('',(-0.,-0.));
#7265 = VECTOR('',#7266,1.);
#7266 = DIRECTION('',(-1.,-0.));
#7267 = ( GEOMETRIC_REPRESENTATION_CONTEXT(2) 
PARAMETRIC_REPRESENTATION_CONTEXT() REPRESENTATION_CONTEXT('2D SPACE',''
  ) );
#7268 = ORIENTED_EDGE('',*,*,#7219,.F.);
#7269 = ADVANCED_FACE('',(#7270),#7202,.T.);
#7270 = FACE_BOUND('',#7271,.T.);
#7271 = EDGE_LOOP('',(#7272,#7273,#7296,#7323));
#7272 = ORIENTED_EDGE('',*,*,#7187,.T.);
#7273 = ORIENTED_EDGE('',*,*,#7274,.T.);
#7274 = EDGE_CURVE('',#7165,#7275,#7277,.T.);
#7275 = VERTEX_POINT('',#7276);
#7276 = CARTESIAN_POINT('',(36.049144444083,0.,751.43333333333));
#7277 = SEAM_CURVE('',#7278,(#7282,#7289),.PCURVE_S1.);
#7278 = LINE('',#7279,#7280);
#7279 = CARTESIAN_POINT('',(36.558109806437,0.,748.06666666666));
#7280 = VECTOR('',#7281,1.);
#7281 = DIRECTION('',(-0.149479325015,0.,0.988764851415));
#7282 = PCURVE('',#7202,#7283);
#7283 = DEFINITIONAL_REPRESENTATION('',(#7284),#7288);
#7284 = LINE('',#7285,#7286);
#7285 = CARTESIAN_POINT('',(-0.,-0.));
#7286 = VECTOR('',#7287,1.);
#7287 = DIRECTION('',(-0.,-1.));
#7288 = ( GEOMETRIC_REPRESENTATION_CONTEXT(2) 
PARAMETRIC_REPRESENTATION_CONTEXT() REPRESENTATION_CONTEXT('2D SPACE',''
  ) );
#7289 = PCURVE('',#7202,#7290);
#7290 = DEFINITIONAL_REPRESENTATION('',(#7291),#7295);
#7291 = LINE('',#7292,#7293);
#7292 = CARTESIAN_POINT('',(-6.28318530718,-0.));
#7293 = VECTOR('',#7294,1.);
#7294 = DIRECTION('',(-0.,-1.));
#7295 = ( GEOMETRIC_REPRESENTATION_CONTEXT(2) 
PARAMETRIC_REPRESENTATION_CONTEXT() REPRESENTATION_CONTEXT('2D SPACE',''
  ) );
#7296 = ORIENTED_EDGE('',*,*,#7297,.F.);
#7297 = EDGE_CURVE('',#7275,#7275,#7298,.T.);
#7298 = SURFACE_CURVE('',#7299,(#7304,#7311),.PCURVE_S1.);
#7299 = CIRCLE('',#7300,36.049144444083);
#7300 = AXIS2_PLACEMENT_3D('',#7301,#7302,#7303);
#7301 = CARTESIAN_POINT('',(0.,0.,751.43333333333));
#7302 = DIRECTION('',(0.,0.,1.));
#7303 = DIRECTION('',(1.,0.,-0.));
#7304 = PCURVE('',#7202,#7305);
#7305 = DEFINITIONAL_REPRESENTATION('',(#7306),#7310);
#7306 = LINE('',#7307,#7308);
#7307 = CARTESIAN_POINT('',(-0.,-3.366666666667));
#7308 = VECTOR('',#7309,1.);
#7309 = DIRECTION('',(-1.,-0.));
#7310 = ( GEOMETRIC_REPRESENTATION_CONTEXT(2) 
PARAMETRIC_REPRESENTATION_CONTEXT() REPRESENTATION_CONTEXT('2D SPACE',''
  ) );
#7311 = PCURVE('',#7312,#7317);
#7312 = CONICAL_SURFACE('',#7313,36.049144444083,0.15676414363);
#7313 = AXIS2_PLACEMENT_3D('',#7314,#7315,#7316);
#7314 = CARTESIAN_POINT('',(0.,0.,751.43333333333));
#7315 = DIRECTION('',(-0.,-0.,-1.));
#7316 = DIRECTION('',(1.,0.,-0.));
#7317 = DEFINITIONAL_REPRESENTATION('',(#7318),#7322);
#7318 = LINE('',#7319,#7320);
#7319 = CARTESIAN_POINT('',(-0.,-0.));
#7320 = VECTOR('',#7321,1.);
#7321 = DIRECTION('',(-1.,-0.));
#7322 = ( GEOMETRIC_REPRESENTATION_CONTEXT(2) 
PARAMETRIC_REPRESENTATION_CONTEXT() REPRESENTATION_CONTEXT('2D SPACE',''
  ) );
#7323 = ORIENTED_EDGE('',*,*,#7274,.F.);
#7324 = ADVANCED_FACE('',(#7325),#7257,.F.);
#7325 = FACE_BOUND('',#7326,.F.);
#7326 = EDGE_LOOP('',(#7327,#7328,#7351,#7378));
#7327 = ORIENTED_EDGE('',*,*,#7242,.T.);
#7328 = ORIENTED_EDGE('',*,*,#7329,.T.);
#7329 = EDGE_CURVE('',#7220,#7330,#7332,.T.);
#7330 = VERTEX_POINT('',#7331);
#7331 = CARTESIAN_POINT('',(31.780789616334,0.,764.9));
#7332 = SEAM_CURVE('',#7333,(#7337,#7344),.PCURVE_S1.);
#7333 = LINE('',#7334,#7335);
#7334 = CARTESIAN_POINT('',(32.38290756561,0.,761.53333333333));
#7335 = VECTOR('',#7336,1.);
#7336 = DIRECTION('',(-0.176053436109,0.,0.984380611163));
#7337 = PCURVE('',#7257,#7338);
#7338 = DEFINITIONAL_REPRESENTATION('',(#7339),#7343);
#7339 = LINE('',#7340,#7341);
#7340 = CARTESIAN_POINT('',(-0.,-0.));
#7341 = VECTOR('',#7342,1.);
#7342 = DIRECTION('',(-0.,-1.));
#7343 = ( GEOMETRIC_REPRESENTATION_CONTEXT(2) 
PARAMETRIC_REPRESENTATION_CONTEXT() REPRESENTATION_CONTEXT('2D SPACE',''
  ) );
#7344 = PCURVE('',#7257,#7345);
#7345 = DEFINITIONAL_REPRESENTATION('',(#7346),#7350);
#7346 = LINE('',#7347,#7348);
#7347 = CARTESIAN_POINT('',(-6.28318530718,-0.));
#7348 = VECTOR('',#7349,1.);
#7349 = DIRECTION('',(-0.,-1.));
#7350 = ( GEOMETRIC_REPRESENTATION_CONTEXT(2) 
PARAMETRIC_REPRESENTATION_CONTEXT() REPRESENTATION_CONTEXT('2D SPACE',''
  ) );
#7351 = ORIENTED_EDGE('',*,*,#7352,.F.);
#7352 = EDGE_CURVE('',#7330,#7330,#7353,.T.);
#7353 = SURFACE_CURVE('',#7354,(#7359,#7366),.PCURVE_S1.);
#7354 = CIRCLE('',#7355,31.780789616334);
#7355 = AXIS2_PLACEMENT_3D('',#7356,#7357,#7358);
#7356 = CARTESIAN_POINT('',(0.,0.,764.9));
#7357 = DIRECTION('',(0.,0.,1.));
#7358 = DIRECTION('',(1.,0.,-0.));
#7359 = PCURVE('',#7257,#7360);
#7360 = DEFINITIONAL_REPRESENTATION('',(#7361),#7365);
#7361 = LINE('',#7362,#7363);
#7362 = CARTESIAN_POINT('',(-0.,-3.366666666667));
#7363 = VECTOR('',#7364,1.);
#7364 = DIRECTION('',(-1.,-0.));
#7365 = ( GEOMETRIC_REPRESENTATION_CONTEXT(2) 
PARAMETRIC_REPRESENTATION_CONTEXT() REPRESENTATION_CONTEXT('2D SPACE',''
  ) );
#7366 = PCURVE('',#7367,#7372);
#7367 = CONICAL_SURFACE('',#7368,31.780789616334,0.183728889391);
#7368 = AXIS2_PLACEMENT_3D('',#7369,#7370,#7371);
#7369 = CARTESIAN_POINT('',(0.,0.,764.9));
#7370 = DIRECTION('',(-0.,-0.,-1.));
#7371 = DIRECTION('',(1.,0.,-0.));
#7372 = DEFINITIONAL_REPRESENTATION('',(#7373),#7377);
#7373 = LINE('',#7374,#7375);
#7374 = CARTESIAN_POINT('',(-0.,-0.));
#7375 = VECTOR('',#7376,1.);
#7376 = DIRECTION('',(-1.,-0.));
#7377 = ( GEOMETRIC_REPRESENTATION_CONTEXT(2) 
PARAMETRIC_REPRESENTATION_CONTEXT() REPRESENTATION_CONTEXT('2D SPACE',''
  ) );
#7378 = ORIENTED_EDGE('',*,*,#7329,.F.);
#7379 = ADVANCED_FACE('',(#7380),#7312,.T.);
#7380 = FACE_BOUND('',#7381,.T.);
#7381 = EDGE_LOOP('',(#7382,#7383,#7406,#7433));
#7382 = ORIENTED_EDGE('',*,*,#7297,.T.);
#7383 = ORIENTED_EDGE('',*,*,#7384,.T.);
#7384 = EDGE_CURVE('',#7275,#7385,#7387,.T.);
#7385 = VERTEX_POINT('',#7386);
#7386 = CARTESIAN_POINT('',(35.517005565039,0.,754.8));
#7387 = SEAM_CURVE('',#7388,(#7392,#7399),.PCURVE_S1.);
#7388 = LINE('',#7389,#7390);
#7389 = CARTESIAN_POINT('',(36.049144444083,0.,751.43333333333));
#7390 = VECTOR('',#7391,1.);
#7391 = DIRECTION('',(-0.156122852404,0.,0.987737644801));
#7392 = PCURVE('',#7312,#7393);
#7393 = DEFINITIONAL_REPRESENTATION('',(#7394),#7398);
#7394 = LINE('',#7395,#7396);
#7395 = CARTESIAN_POINT('',(-0.,-0.));
#7396 = VECTOR('',#7397,1.);
#7397 = DIRECTION('',(-0.,-1.));
#7398 = ( GEOMETRIC_REPRESENTATION_CONTEXT(2) 
PARAMETRIC_REPRESENTATION_CONTEXT() REPRESENTATION_CONTEXT('2D SPACE',''
  ) );
#7399 = PCURVE('',#7312,#7400);
#7400 = DEFINITIONAL_REPRESENTATION('',(#7401),#7405);
#7401 = LINE('',#7402,#7403);
#7402 = CARTESIAN_POINT('',(-6.28318530718,-0.));
#7403 = VECTOR('',#7404,1.);
#7404 = DIRECTION('',(-0.,-1.));
#7405 = ( GEOMETRIC_REPRESENTATION_CONTEXT(2) 
PARAMETRIC_REPRESENTATION_CONTEXT() REPRESENTATION_CONTEXT('2D SPACE',''
  ) );
#7406 = ORIENTED_EDGE('',*,*,#7407,.F.);
#7407 = EDGE_CURVE('',#7385,#7385,#7408,.T.);
#7408 = SURFACE_CURVE('',#7409,(#7414,#7421),.PCURVE_S1.);
#7409 = CIRCLE('',#7410,35.517005565039);
#7410 = AXIS2_PLACEMENT_3D('',#7411,#7412,#7413);
#7411 = CARTESIAN_POINT('',(0.,0.,754.8));
#7412 = DIRECTION('',(0.,0.,1.));
#7413 = DIRECTION('',(1.,0.,-0.));
#7414 = PCURVE('',#7312,#7415);
#7415 = DEFINITIONAL_REPRESENTATION('',(#7416),#7420);
#7416 = LINE('',#7417,#7418);
#7417 = CARTESIAN_POINT('',(-0.,-3.366666666667));
#7418 = VECTOR('',#7419,1.);
#7419 = DIRECTION('',(-1.,-0.));
#7420 = ( GEOMETRIC_REPRESENTATION_CONTEXT(2) 
PARAMETRIC_REPRESENTATION_CONTEXT() REPRESENTATION_CONTEXT('2D SPACE',''
  ) );
#7421 = PCURVE('',#7422,#7427);
#7422 = CONICAL_SURFACE('',#7423,35.517005565039,0.163493777835);
#7423 = AXIS2_PLACEMENT_3D('',#7424,#7425,#7426);
#7424 = CARTESIAN_POINT('',(0.,0.,754.8));
#7425 = DIRECTION('',(-0.,-0.,-1.));
#7426 = DIRECTION('',(1.,0.,-0.));
#7427 = DEFINITIONAL_REPRESENTATION('',(#7428),#7432);
#7428 = LINE('',#7429,#7430);
#7429 = CARTESIAN_POINT('',(-0.,-0.));
#7430 = VECTOR('',#7431,1.);
#7431 = DIRECTION('',(-1.,-0.));
#7432 = ( GEOMETRIC_REPRESENTATION_CONTEXT(2) 
PARAMETRIC_REPRESENTATION_CONTEXT() REPRESENTATION_CONTEXT('2D SPACE',''
  ) );
#7433 = ORIENTED_EDGE('',*,*,#7384,.F.);
#7434 = ADVANCED_FACE('',(#7435),#7367,.F.);
#7435 = FACE_BOUND('',#7436,.F.);
#7436 = EDGE_LOOP('',(#7437,#7438,#7461,#7488));
#7437 = ORIENTED_EDGE('',*,*,#7352,.T.);
#7438 = ORIENTED_EDGE('',*,*,#7439,.T.);
#7439 = EDGE_CURVE('',#7330,#7440,#7442,.T.);
#7440 = VERTEX_POINT('',#7441);
#7441 = CARTESIAN_POINT('',(31.155180377247,0.,768.26666666666));
#7442 = SEAM_CURVE('',#7443,(#7447,#7454),.PCURVE_S1.);
#7443 = LINE('',#7444,#7445);
#7444 = CARTESIAN_POINT('',(31.780789616334,0.,764.9));
#7445 = VECTOR('',#7446,1.);
#7446 = DIRECTION('',(-0.182696964565,0.,0.983169272882));
#7447 = PCURVE('',#7367,#7448);
#7448 = DEFINITIONAL_REPRESENTATION('',(#7449),#7453);
#7449 = LINE('',#7450,#7451);
#7450 = CARTESIAN_POINT('',(-0.,-0.));
#7451 = VECTOR('',#7452,1.);
#7452 = DIRECTION('',(-0.,-1.));
#7453 = ( GEOMETRIC_REPRESENTATION_CONTEXT(2) 
PARAMETRIC_REPRESENTATION_CONTEXT() REPRESENTATION_CONTEXT('2D SPACE',''
  ) );
#7454 = PCURVE('',#7367,#7455);
#7455 = DEFINITIONAL_REPRESENTATION('',(#7456),#7460);
#7456 = LINE('',#7457,#7458);
#7457 = CARTESIAN_POINT('',(-6.28318530718,-0.));
#7458 = VECTOR('',#7459,1.);
#7459 = DIRECTION('',(-0.,-1.));
#7460 = ( GEOMETRIC_REPRESENTATION_CONTEXT(2) 
PARAMETRIC_REPRESENTATION_CONTEXT() REPRESENTATION_CONTEXT('2D SPACE',''
  ) );
#7461 = ORIENTED_EDGE('',*,*,#7462,.F.);
#7462 = EDGE_CURVE('',#7440,#7440,#7463,.T.);
#7463 = SURFACE_CURVE('',#7464,(#7469,#7476),.PCURVE_S1.);
#7464 = CIRCLE('',#7465,31.155180377247);
#7465 = AXIS2_PLACEMENT_3D('',#7466,#7467,#7468);
#7466 = CARTESIAN_POINT('',(0.,0.,768.26666666666));
#7467 = DIRECTION('',(0.,0.,1.));
#7468 = DIRECTION('',(1.,0.,-0.));
#7469 = PCURVE('',#7367,#7470);
#7470 = DEFINITIONAL_REPRESENTATION('',(#7471),#7475);
#7471 = LINE('',#7472,#7473);
#7472 = CARTESIAN_POINT('',(-0.,-3.366666666667));
#7473 = VECTOR('',#7474,1.);
#7474 = DIRECTION('',(-1.,-0.));
#7475 = ( GEOMETRIC_REPRESENTATION_CONTEXT(2) 
PARAMETRIC_REPRESENTATION_CONTEXT() REPRESENTATION_CONTEXT('2D SPACE',''
  ) );
#7476 = PCURVE('',#7477,#7482);
#7477 = CONICAL_SURFACE('',#7478,31.155180377247,0.190490447046);
#7478 = AXIS2_PLACEMENT_3D('',#7479,#7480,#7481);
#7479 = CARTESIAN_POINT('',(0.,0.,768.26666666666));
#7480 = DIRECTION('',(-0.,-0.,-1.));
#7481 = DIRECTION('',(1.,0.,-0.));
#7482 = DEFINITIONAL_REPRESENTATION('',(#7483),#7487);
#7483 = LINE('',#7484,#7485);
#7484 = CARTESIAN_POINT('',(-0.,-0.));
#7485 = VECTOR('',#7486,1.);
#7486 = DIRECTION('',(-1.,-0.));
#7487 = ( GEOMETRIC_REPRESENTATION_CONTEXT(2) 
PARAMETRIC_REPRESENTATION_CONTEXT() REPRESENTATION_CONTEXT('2D SPACE',''
  ) );
#7488 = ORIENTED_EDGE('',*,*,#7439,.F.);
#7489 = ADVANCED_FACE('',(#7490),#7422,.T.);
#7490 = FACE_BOUND('',#7491,.T.);
#7491 = EDGE_LOOP('',(#7492,#7493,#7516,#7543));
#7492 = ORIENTED_EDGE('',*,*,#7407,.T.);
#7493 = ORIENTED_EDGE('',*,*,#7494,.T.);
#7494 = EDGE_CURVE('',#7385,#7495,#7497,.T.);
#7495 = VERTEX_POINT('',#7496);
#7496 = CARTESIAN_POINT('',(34.961619139198,0.,758.16666666666));
#7497 = SEAM_CURVE('',#7498,(#7502,#7509),.PCURVE_S1.);
#7498 = LINE('',#7499,#7500);
#7499 = CARTESIAN_POINT('',(35.517005565039,0.,754.8));
#7500 = VECTOR('',#7501,1.);
#7501 = DIRECTION('',(-0.162766380042,0.,0.986664636808));
#7502 = PCURVE('',#7422,#7503);
#7503 = DEFINITIONAL_REPRESENTATION('',(#7504),#7508);
#7504 = LINE('',#7505,#7506);
#7505 = CARTESIAN_POINT('',(-0.,-0.));
#7506 = VECTOR('',#7507,1.);
#7507 = DIRECTION('',(-0.,-1.));
#7508 = ( GEOMETRIC_REPRESENTATION_CONTEXT(2) 
PARAMETRIC_REPRESENTATION_CONTEXT() REPRESENTATION_CONTEXT('2D SPACE',''
  ) );
#7509 = PCURVE('',#7422,#7510);
#7510 = DEFINITIONAL_REPRESENTATION('',(#7511),#7515);
#7511 = LINE('',#7512,#7513);
#7512 = CARTESIAN_POINT('',(-6.28318530718,-0.));
#7513 = VECTOR('',#7514,1.);
#7514 = DIRECTION('',(-0.,-1.));
#7515 = ( GEOMETRIC_REPRESENTATION_CONTEXT(2) 
PARAMETRIC_REPRESENTATION_CONTEXT() REPRESENTATION_CONTEXT('2D SPACE',''
  ) );
#7516 = ORIENTED_EDGE('',*,*,#7517,.F.);
#7517 = EDGE_CURVE('',#7495,#7495,#7518,.T.);
#7518 = SURFACE_CURVE('',#7519,(#7524,#7531),.PCURVE_S1.);
#7519 = CIRCLE('',#7520,34.961619139198);
#7520 = AXIS2_PLACEMENT_3D('',#7521,#7522,#7523);
#7521 = CARTESIAN_POINT('',(0.,0.,758.16666666666));
#7522 = DIRECTION('',(0.,0.,1.));
#7523 = DIRECTION('',(1.,0.,-0.));
#7524 = PCURVE('',#7422,#7525);
#7525 = DEFINITIONAL_REPRESENTATION('',(#7526),#7530);
#7526 = LINE('',#7527,#7528);
#7527 = CARTESIAN_POINT('',(-0.,-3.366666666667));
#7528 = VECTOR('',#7529,1.);
#7529 = DIRECTION('',(-1.,-0.));
#7530 = ( GEOMETRIC_REPRESENTATION_CONTEXT(2) 
PARAMETRIC_REPRESENTATION_CONTEXT() REPRESENTATION_CONTEXT('2D SPACE',''
  ) );
#7531 = PCURVE('',#7532,#7537);
#7532 = CONICAL_SURFACE('',#7533,34.961619139198,0.170230891742);
#7533 = AXIS2_PLACEMENT_3D('',#7534,#7535,#7536);
#7534 = CARTESIAN_POINT('',(0.,0.,758.16666666666));
#7535 = DIRECTION('',(-0.,-0.,-1.));
#7536 = DIRECTION('',(1.,0.,-0.));
#7537 = DEFINITIONAL_REPRESENTATION('',(#7538),#7542);
#7538 = LINE('',#7539,#7540);
#7539 = CARTESIAN_POINT('',(-0.,-0.));
#7540 = VECTOR('',#7541,1.);
#7541 = DIRECTION('',(-1.,-0.));
#7542 = ( GEOMETRIC_REPRESENTATION_CONTEXT(2) 
PARAMETRIC_REPRESENTATION_CONTEXT() REPRESENTATION_CONTEXT('2D SPACE',''
  ) );
#7543 = ORIENTED_EDGE('',*,*,#7494,.F.);
#7544 = ADVANCED_FACE('',(#7545),#7477,.F.);
#7545 = FACE_BOUND('',#7546,.F.);
#7546 = EDGE_LOOP('',(#7547,#7548,#7571,#7598));
#7547 = ORIENTED_EDGE('',*,*,#7462,.T.);
#7548 = ORIENTED_EDGE('',*,*,#7549,.T.);
#7549 = EDGE_CURVE('',#7440,#7550,#7552,.T.);
#7550 = VERTEX_POINT('',#7551);
#7551 = CARTESIAN_POINT('',(30.505991185678,0.,771.63333333333));
#7552 = SEAM_CURVE('',#7553,(#7557,#7564),.PCURVE_S1.);
#7553 = LINE('',#7554,#7555);
#7554 = CARTESIAN_POINT('',(31.155180377247,0.,768.26666666666));
#7555 = VECTOR('',#7556,1.);
#7556 = DIRECTION('',(-0.189340493319,0.,0.981911491729));
#7557 = PCURVE('',#7477,#7558);
#7558 = DEFINITIONAL_REPRESENTATION('',(#7559),#7563);
#7559 = LINE('',#7560,#7561);
#7560 = CARTESIAN_POINT('',(-0.,-0.));
#7561 = VECTOR('',#7562,1.);
#7562 = DIRECTION('',(-0.,-1.));
#7563 = ( GEOMETRIC_REPRESENTATION_CONTEXT(2) 
PARAMETRIC_REPRESENTATION_CONTEXT() REPRESENTATION_CONTEXT('2D SPACE',''
  ) );
#7564 = PCURVE('',#7477,#7565);
#7565 = DEFINITIONAL_REPRESENTATION('',(#7566),#7570);
#7566 = LINE('',#7567,#7568);
#7567 = CARTESIAN_POINT('',(-6.28318530718,-0.));
#7568 = VECTOR('',#7569,1.);
#7569 = DIRECTION('',(-0.,-1.));
#7570 = ( GEOMETRIC_REPRESENTATION_CONTEXT(2) 
PARAMETRIC_REPRESENTATION_CONTEXT() REPRESENTATION_CONTEXT('2D SPACE',''
  ) );
#7571 = ORIENTED_EDGE('',*,*,#7572,.F.);
#7572 = EDGE_CURVE('',#7550,#7550,#7573,.T.);
#7573 = SURFACE_CURVE('',#7574,(#7579,#7586),.PCURVE_S1.);
#7574 = CIRCLE('',#7575,30.505991185678);
#7575 = AXIS2_PLACEMENT_3D('',#7576,#7577,#7578);
#7576 = CARTESIAN_POINT('',(0.,0.,771.63333333333));
#7577 = DIRECTION('',(0.,0.,1.));
#7578 = DIRECTION('',(1.,0.,-0.));
#7579 = PCURVE('',#7477,#7580);
#7580 = DEFINITIONAL_REPRESENTATION('',(#7581),#7585);
#7581 = LINE('',#7582,#7583);
#7582 = CARTESIAN_POINT('',(-0.,-3.366666666667));
#7583 = VECTOR('',#7584,1.);
#7584 = DIRECTION('',(-1.,-0.));
#7585 = ( GEOMETRIC_REPRESENTATION_CONTEXT(2) 
PARAMETRIC_REPRESENTATION_CONTEXT() REPRESENTATION_CONTEXT('2D SPACE',''
  ) );
#7586 = PCURVE('',#7587,#7592);
#7587 = CONICAL_SURFACE('',#7588,30.505991185678,0.197260832564);
#7588 = AXIS2_PLACEMENT_3D('',#7589,#7590,#7591);
#7589 = CARTESIAN_POINT('',(0.,0.,771.63333333333));
#7590 = DIRECTION('',(-0.,-0.,-1.));
#7591 = DIRECTION('',(1.,0.,-0.));
#7592 = DEFINITIONAL_REPRESENTATION('',(#7593),#7597);
#7593 = LINE('',#7594,#7595);
#7594 = CARTESIAN_POINT('',(-0.,-0.));
#7595 = VECTOR('',#7596,1.);
#7596 = DIRECTION('',(-1.,-0.));
#7597 = ( GEOMETRIC_REPRESENTATION_CONTEXT(2) 
PARAMETRIC_REPRESENTATION_CONTEXT() REPRESENTATION_CONTEXT('2D SPACE',''
  ) );
#7598 = ORIENTED_EDGE('',*,*,#7549,.F.);
#7599 = ADVANCED_FACE('',(#7600),#7532,.T.);
#7600 = FACE_BOUND('',#7601,.T.);
#7601 = EDGE_LOOP('',(#7602,#7603,#7626,#7653));
#7602 = ORIENTED_EDGE('',*,*,#7517,.T.);
#7603 = ORIENTED_EDGE('',*,*,#7604,.T.);
#7604 = EDGE_CURVE('',#7495,#7605,#7607,.T.);
#7605 = VERTEX_POINT('',#7606);
#7606 = CARTESIAN_POINT('',(34.38290756561,0.,761.53333333333));
#7607 = SEAM_CURVE('',#7608,(#7612,#7619),.PCURVE_S1.);
#7608 = LINE('',#7609,#7610);
#7609 = CARTESIAN_POINT('',(34.961619139198,0.,758.16666666666));
#7610 = VECTOR('',#7611,1.);
#7611 = DIRECTION('',(-0.169409907939,0.,0.985545677831));
#7612 = PCURVE('',#7532,#7613);
#7613 = DEFINITIONAL_REPRESENTATION('',(#7614),#7618);
#7614 = LINE('',#7615,#7616);
#7615 = CARTESIAN_POINT('',(-0.,-0.));
#7616 = VECTOR('',#7617,1.);
#7617 = DIRECTION('',(-0.,-1.));
#7618 = ( GEOMETRIC_REPRESENTATION_CONTEXT(2) 
PARAMETRIC_REPRESENTATION_CONTEXT() REPRESENTATION_CONTEXT('2D SPACE',''
  ) );
#7619 = PCURVE('',#7532,#7620);
#7620 = DEFINITIONAL_REPRESENTATION('',(#7621),#7625);
#7621 = LINE('',#7622,#7623);
#7622 = CARTESIAN_POINT('',(-6.28318530718,-0.));
#7623 = VECTOR('',#7624,1.);
#7624 = DIRECTION('',(-0.,-1.));
#7625 = ( GEOMETRIC_REPRESENTATION_CONTEXT(2) 
PARAMETRIC_REPRESENTATION_CONTEXT() REPRESENTATION_CONTEXT('2D SPACE',''
  ) );
#7626 = ORIENTED_EDGE('',*,*,#7627,.F.);
#7627 = EDGE_CURVE('',#7605,#7605,#7628,.T.);
#7628 = SURFACE_CURVE('',#7629,(#7634,#7641),.PCURVE_S1.);
#7629 = CIRCLE('',#7630,34.38290756561);
#7630 = AXIS2_PLACEMENT_3D('',#7631,#7632,#7633);
#7631 = CARTESIAN_POINT('',(0.,0.,761.53333333333));
#7632 = DIRECTION('',(0.,0.,1.));
#7633 = DIRECTION('',(1.,0.,-0.));
#7634 = PCURVE('',#7532,#7635);
#7635 = DEFINITIONAL_REPRESENTATION('',(#7636),#7640);
#7636 = LINE('',#7637,#7638);
#7637 = CARTESIAN_POINT('',(-0.,-3.366666666667));
#7638 = VECTOR('',#7639,1.);
#7639 = DIRECTION('',(-1.,-0.));
#7640 = ( GEOMETRIC_REPRESENTATION_CONTEXT(2) 
PARAMETRIC_REPRESENTATION_CONTEXT() REPRESENTATION_CONTEXT('2D SPACE',''
  ) );
#7641 = PCURVE('',#7642,#7647);
#7642 = CONICAL_SURFACE('',#7643,34.38290756561,0.176975817195);
#7643 = AXIS2_PLACEMENT_3D('',#7644,#7645,#7646);
#7644 = CARTESIAN_POINT('',(0.,0.,761.53333333333));
#7645 = DIRECTION('',(-0.,-0.,-1.));
#7646 = DIRECTION('',(1.,0.,-0.));
#7647 = DEFINITIONAL_REPRESENTATION('',(#7648),#7652);
#7648 = LINE('',#7649,#7650);
#7649 = CARTESIAN_POINT('',(-0.,-0.));
#7650 = VECTOR('',#7651,1.);
#7651 = DIRECTION('',(-1.,-0.));
#7652 = ( GEOMETRIC_REPRESENTATION_CONTEXT(2) 
PARAMETRIC_REPRESENTATION_CONTEXT() REPRESENTATION_CONTEXT('2D SPACE',''
  ) );
#7653 = ORIENTED_EDGE('',*,*,#7604,.F.);
#7654 = ADVANCED_FACE('',(#7655),#7587,.F.);
#7655 = FACE_BOUND('',#7656,.F.);
#7656 = EDGE_LOOP('',(#7657,#7658,#7681,#7708));
#7657 = ORIENTED_EDGE('',*,*,#7572,.T.);
#7658 = ORIENTED_EDGE('',*,*,#7659,.T.);
#7659 = EDGE_CURVE('',#7550,#7660,#7662,.T.);
#7660 = VERTEX_POINT('',#7661);
#7661 = CARTESIAN_POINT('',(29.833129564772,0.,775.));
#7662 = SEAM_CURVE('',#7663,(#7667,#7674),.PCURVE_S1.);
#7663 = LINE('',#7664,#7665);
#7664 = CARTESIAN_POINT('',(30.505991185678,0.,771.63333333333));
#7665 = VECTOR('',#7666,1.);
#7666 = DIRECTION('',(-0.195984022386,0.,0.980607088986));
#7667 = PCURVE('',#7587,#7668);
#7668 = DEFINITIONAL_REPRESENTATION('',(#7669),#7673);
#7669 = LINE('',#7670,#7671);
#7670 = CARTESIAN_POINT('',(-0.,-0.));
#7671 = VECTOR('',#7672,1.);
#7672 = DIRECTION('',(-0.,-1.));
#7673 = ( GEOMETRIC_REPRESENTATION_CONTEXT(2) 
PARAMETRIC_REPRESENTATION_CONTEXT() REPRESENTATION_CONTEXT('2D SPACE',''
  ) );
#7674 = PCURVE('',#7587,#7675);
#7675 = DEFINITIONAL_REPRESENTATION('',(#7676),#7680);
#7676 = LINE('',#7677,#7678);
#7677 = CARTESIAN_POINT('',(-6.28318530718,-0.));
#7678 = VECTOR('',#7679,1.);
#7679 = DIRECTION('',(-0.,-1.));
#7680 = ( GEOMETRIC_REPRESENTATION_CONTEXT(2) 
PARAMETRIC_REPRESENTATION_CONTEXT() REPRESENTATION_CONTEXT('2D SPACE',''
  ) );
#7681 = ORIENTED_EDGE('',*,*,#7682,.F.);
#7682 = EDGE_CURVE('',#7660,#7660,#7683,.T.);
#7683 = SURFACE_CURVE('',#7684,(#7689,#7696),.PCURVE_S1.);
#7684 = CIRCLE('',#7685,29.833129564772);
#7685 = AXIS2_PLACEMENT_3D('',#7686,#7687,#7688);
#7686 = CARTESIAN_POINT('',(0.,0.,775.));
#7687 = DIRECTION('',(0.,0.,1.));
#7688 = DIRECTION('',(1.,0.,-0.));
#7689 = PCURVE('',#7587,#7690);
#7690 = DEFINITIONAL_REPRESENTATION('',(#7691),#7695);
#7691 = LINE('',#7692,#7693);
#7692 = CARTESIAN_POINT('',(-0.,-3.366666666667));
#7693 = VECTOR('',#7694,1.);
#7694 = DIRECTION('',(-1.,-0.));
#7695 = ( GEOMETRIC_REPRESENTATION_CONTEXT(2) 
PARAMETRIC_REPRESENTATION_CONTEXT() REPRESENTATION_CONTEXT('2D SPACE',''
  ) );
#7696 = PCURVE('',#7697,#7702);
#7697 = CONICAL_SURFACE('',#7698,29.833129564772,0.204040392215);
#7698 = AXIS2_PLACEMENT_3D('',#7699,#7700,#7701);
#7699 = CARTESIAN_POINT('',(0.,0.,775.));
#7700 = DIRECTION('',(-0.,-0.,-1.));
#7701 = DIRECTION('',(1.,0.,-0.));
#7702 = DEFINITIONAL_REPRESENTATION('',(#7703),#7707);
#7703 = LINE('',#7704,#7705);
#7704 = CARTESIAN_POINT('',(-0.,-0.));
#7705 = VECTOR('',#7706,1.);
#7706 = DIRECTION('',(-1.,-0.));
#7707 = ( GEOMETRIC_REPRESENTATION_CONTEXT(2) 
PARAMETRIC_REPRESENTATION_CONTEXT() REPRESENTATION_CONTEXT('2D SPACE',''
  ) );
#7708 = ORIENTED_EDGE('',*,*,#7659,.F.);
#7709 = ADVANCED_FACE('',(#7710),#7642,.T.);
#7710 = FACE_BOUND('',#7711,.T.);
#7711 = EDGE_LOOP('',(#7712,#7713,#7736,#7763));
#7712 = ORIENTED_EDGE('',*,*,#7627,.T.);
#7713 = ORIENTED_EDGE('',*,*,#7714,.T.);
#7714 = EDGE_CURVE('',#7605,#7715,#7717,.T.);
#7715 = VERTEX_POINT('',#7716);
#7716 = CARTESIAN_POINT('',(33.780789616334,0.,764.9));
#7717 = SEAM_CURVE('',#7718,(#7722,#7729),.PCURVE_S1.);
#7718 = LINE('',#7719,#7720);
#7719 = CARTESIAN_POINT('',(34.38290756561,0.,761.53333333333));
#7720 = VECTOR('',#7721,1.);
#7721 = DIRECTION('',(-0.176053436109,0.,0.984380611163));
#7722 = PCURVE('',#7642,#7723);
#7723 = DEFINITIONAL_REPRESENTATION('',(#7724),#7728);
#7724 = LINE('',#7725,#7726);
#7725 = CARTESIAN_POINT('',(-0.,-0.));
#7726 = VECTOR('',#7727,1.);
#7727 = DIRECTION('',(-0.,-1.));
#7728 = ( GEOMETRIC_REPRESENTATION_CONTEXT(2) 
PARAMETRIC_REPRESENTATION_CONTEXT() REPRESENTATION_CONTEXT('2D SPACE',''
  ) );
#7729 = PCURVE('',#7642,#7730);
#7730 = DEFINITIONAL_REPRESENTATION('',(#7731),#7735);
#7731 = LINE('',#7732,#7733);
#7732 = CARTESIAN_POINT('',(-6.28318530718,-0.));
#7733 = VECTOR('',#7734,1.);
#7734 = DIRECTION('',(-0.,-1.));
#7735 = ( GEOMETRIC_REPRESENTATION_CONTEXT(2) 
PARAMETRIC_REPRESENTATION_CONTEXT() REPRESENTATION_CONTEXT('2D SPACE',''
  ) );
#7736 = ORIENTED_EDGE('',*,*,#7737,.F.);
#7737 = EDGE_CURVE('',#7715,#7715,#7738,.T.);
#7738 = SURFACE_CURVE('',#7739,(#7744,#7751),.PCURVE_S1.);
#7739 = CIRCLE('',#7740,33.780789616334);
#7740 = AXIS2_PLACEMENT_3D('',#7741,#7742,#7743);
#7741 = CARTESIAN_POINT('',(0.,0.,764.9));
#7742 = DIRECTION('',(0.,0.,1.));
#7743 = DIRECTION('',(1.,0.,-0.));
#7744 = PCURVE('',#7642,#7745);
#7745 = DEFINITIONAL_REPRESENTATION('',(#7746),#7750);
#7746 = LINE('',#7747,#7748);
#7747 = CARTESIAN_POINT('',(-0.,-3.366666666667));
#7748 = VECTOR('',#7749,1.);
#7749 = DIRECTION('',(-1.,-0.));
#7750 = ( GEOMETRIC_REPRESENTATION_CONTEXT(2) 
PARAMETRIC_REPRESENTATION_CONTEXT() REPRESENTATION_CONTEXT('2D SPACE',''
  ) );
#7751 = PCURVE('',#7752,#7757);
#7752 = CONICAL_SURFACE('',#7753,33.780789616334,0.183728889391);
#7753 = AXIS2_PLACEMENT_3D('',#7754,#7755,#7756);
#7754 = CARTESIAN_POINT('',(0.,0.,764.9));
#7755 = DIRECTION('',(-0.,-0.,-1.));
#7756 = DIRECTION('',(1.,0.,-0.));
#7757 = DEFINITIONAL_REPRESENTATION('',(#7758),#7762);
#7758 = LINE('',#7759,#7760);
#7759 = CARTESIAN_POINT('',(-0.,-0.));
#7760 = VECTOR('',#7761,1.);
#7761 = DIRECTION('',(-1.,-0.));
#7762 = ( GEOMETRIC_REPRESENTATION_CONTEXT(2) 
PARAMETRIC_REPRESENTATION_CONTEXT() REPRESENTATION_CONTEXT('2D SPACE',''
  ) );
#7763 = ORIENTED_EDGE('',*,*,#7714,.F.);
#7764 = ADVANCED_FACE('',(#7765),#7697,.F.);
#7765 = FACE_BOUND('',#7766,.F.);
#7766 = EDGE_LOOP('',(#7767,#7768,#7791,#7818));
#7767 = ORIENTED_EDGE('',*,*,#7682,.T.);
#7768 = ORIENTED_EDGE('',*,*,#7769,.T.);
#7769 = EDGE_CURVE('',#7660,#7770,#7772,.T.);
#7770 = VERTEX_POINT('',#7771);
#7771 = CARTESIAN_POINT('',(29.136499154465,0.,778.36666666666));
#7772 = SEAM_CURVE('',#7773,(#7777,#7784),.PCURVE_S1.);
#7773 = LINE('',#7774,#7775);
#7774 = CARTESIAN_POINT('',(29.833129564772,0.,775.));
#7775 = VECTOR('',#7776,1.);
#7776 = DIRECTION('',(-0.202627551779,0.,0.979255878338));
#7777 = PCURVE('',#7697,#7778);
#7778 = DEFINITIONAL_REPRESENTATION('',(#7779),#7783);
#7779 = LINE('',#7780,#7781);
#7780 = CARTESIAN_POINT('',(-0.,-0.));
#7781 = VECTOR('',#7782,1.);
#7782 = DIRECTION('',(-0.,-1.));
#7783 = ( GEOMETRIC_REPRESENTATION_CONTEXT(2) 
PARAMETRIC_REPRESENTATION_CONTEXT() REPRESENTATION_CONTEXT('2D SPACE',''
  ) );
#7784 = PCURVE('',#7697,#7785);
#7785 = DEFINITIONAL_REPRESENTATION('',(#7786),#7790);
#7786 = LINE('',#7787,#7788);
#7787 = CARTESIAN_POINT('',(-6.28318530718,-0.));
#7788 = VECTOR('',#7789,1.);
#7789 = DIRECTION('',(-0.,-1.));
#7790 = ( GEOMETRIC_REPRESENTATION_CONTEXT(2) 
PARAMETRIC_REPRESENTATION_CONTEXT() REPRESENTATION_CONTEXT('2D SPACE',''
  ) );
#7791 = ORIENTED_EDGE('',*,*,#7792,.F.);
#7792 = EDGE_CURVE('',#7770,#7770,#7793,.T.);
#7793 = SURFACE_CURVE('',#7794,(#7799,#7806),.PCURVE_S1.);
#7794 = CIRCLE('',#7795,29.136499154465);
#7795 = AXIS2_PLACEMENT_3D('',#7796,#7797,#7798);
#7796 = CARTESIAN_POINT('',(0.,0.,778.36666666666));
#7797 = DIRECTION('',(0.,0.,1.));
#7798 = DIRECTION('',(1.,0.,-0.));
#7799 = PCURVE('',#7697,#7800);
#7800 = DEFINITIONAL_REPRESENTATION('',(#7801),#7805);
#7801 = LINE('',#7802,#7803);
#7802 = CARTESIAN_POINT('',(-0.,-3.366666666667));
#7803 = VECTOR('',#7804,1.);
#7804 = DIRECTION('',(-1.,-0.));
#7805 = ( GEOMETRIC_REPRESENTATION_CONTEXT(2) 
PARAMETRIC_REPRESENTATION_CONTEXT() REPRESENTATION_CONTEXT('2D SPACE',''
  ) );
#7806 = PCURVE('',#7807,#7812);
#7807 = CONICAL_SURFACE('',#7808,29.136499154465,0.210829476309);
#7808 = AXIS2_PLACEMENT_3D('',#7809,#7810,#7811);
#7809 = CARTESIAN_POINT('',(0.,0.,778.36666666666));
#7810 = DIRECTION('',(-0.,-0.,-1.));
#7811 = DIRECTION('',(1.,0.,-0.));
#7812 = DEFINITIONAL_REPRESENTATION('',(#7813),#7817);
#7813 = LINE('',#7814,#7815);
#7814 = CARTESIAN_POINT('',(-0.,-0.));
#7815 = VECTOR('',#7816,1.);
#7816 = DIRECTION('',(-1.,-0.));
#7817 = ( GEOMETRIC_REPRESENTATION_CONTEXT(2) 
PARAMETRIC_REPRESENTATION_CONTEXT() REPRESENTATION_CONTEXT('2D SPACE',''
  ) );
#7818 = ORIENTED_EDGE('',*,*,#7769,.F.);
#7819 = ADVANCED_FACE('',(#7820),#7752,.T.);
#7820 = FACE_BOUND('',#7821,.T.);
#7821 = EDGE_LOOP('',(#7822,#7823,#7846,#7873));
#7822 = ORIENTED_EDGE('',*,*,#7737,.T.);
#7823 = ORIENTED_EDGE('',*,*,#7824,.T.);
#7824 = EDGE_CURVE('',#7715,#7825,#7827,.T.);
#7825 = VERTEX_POINT('',#7826);
#7826 = CARTESIAN_POINT('',(33.155180377247,0.,768.26666666666));
#7827 = SEAM_CURVE('',#7828,(#7832,#7839),.PCURVE_S1.);
#7828 = LINE('',#7829,#7830);
#7829 = CARTESIAN_POINT('',(33.780789616334,0.,764.9));
#7830 = VECTOR('',#7831,1.);
#7831 = DIRECTION('',(-0.182696964565,0.,0.983169272882));
#7832 = PCURVE('',#7752,#7833);
#7833 = DEFINITIONAL_REPRESENTATION('',(#7834),#7838);
#7834 = LINE('',#7835,#7836);
#7835 = CARTESIAN_POINT('',(-0.,-0.));
#7836 = VECTOR('',#7837,1.);
#7837 = DIRECTION('',(-0.,-1.));
#7838 = ( GEOMETRIC_REPRESENTATION_CONTEXT(2) 
PARAMETRIC_REPRESENTATION_CONTEXT() REPRESENTATION_CONTEXT('2D SPACE',''
  ) );
#7839 = PCURVE('',#7752,#7840);
#7840 = DEFINITIONAL_REPRESENTATION('',(#7841),#7845);
#7841 = LINE('',#7842,#7843);
#7842 = CARTESIAN_POINT('',(-6.28318530718,-0.));
#7843 = VECTOR('',#7844,1.);
#7844 = DIRECTION('',(-0.,-1.));
#7845 = ( GEOMETRIC_REPRESENTATION_CONTEXT(2) 
PARAMETRIC_REPRESENTATION_CONTEXT() REPRESENTATION_CONTEXT('2D SPACE',''
  ) );
#7846 = ORIENTED_EDGE('',*,*,#7847,.F.);
#7847 = EDGE_CURVE('',#7825,#7825,#7848,.T.);
#7848 = SURFACE_CURVE('',#7849,(#7854,#7861),.PCURVE_S1.);
#7849 = CIRCLE('',#7850,33.155180377247);
#7850 = AXIS2_PLACEMENT_3D('',#7851,#7852,#7853);
#7851 = CARTESIAN_POINT('',(0.,0.,768.26666666666));
#7852 = DIRECTION('',(0.,0.,1.));
#7853 = DIRECTION('',(1.,0.,-0.));
#7854 = PCURVE('',#7752,#7855);
#7855 = DEFINITIONAL_REPRESENTATION('',(#7856),#7860);
#7856 = LINE('',#7857,#7858);
#7857 = CARTESIAN_POINT('',(-0.,-3.366666666667));
#7858 = VECTOR('',#7859,1.);
#7859 = DIRECTION('',(-1.,-0.));
#7860 = ( GEOMETRIC_REPRESENTATION_CONTEXT(2) 
PARAMETRIC_REPRESENTATION_CONTEXT() REPRESENTATION_CONTEXT('2D SPACE',''
  ) );
#7861 = PCURVE('',#7862,#7867);
#7862 = CONICAL_SURFACE('',#7863,33.155180377247,0.190490447046);
#7863 = AXIS2_PLACEMENT_3D('',#7864,#7865,#7866);
#7864 = CARTESIAN_POINT('',(0.,0.,768.26666666666));
#7865 = DIRECTION('',(-0.,-0.,-1.));
#7866 = DIRECTION('',(1.,0.,-0.));
#7867 = DEFINITIONAL_REPRESENTATION('',(#7868),#7872);
#7868 = LINE('',#7869,#7870);
#7869 = CARTESIAN_POINT('',(-0.,-0.));
#7870 = VECTOR('',#7871,1.);
#7871 = DIRECTION('',(-1.,-0.));
#7872 = ( GEOMETRIC_REPRESENTATION_CONTEXT(2) 
PARAMETRIC_REPRESENTATION_CONTEXT() REPRESENTATION_CONTEXT('2D SPACE',''
  ) );
#7873 = ORIENTED_EDGE('',*,*,#7824,.F.);
#7874 = ADVANCED_FACE('',(#7875),#7807,.F.);
#7875 = FACE_BOUND('',#7876,.F.);
#7876 = EDGE_LOOP('',(#7877,#7878,#7901,#7928));
#7877 = ORIENTED_EDGE('',*,*,#7792,.T.);
#7878 = ORIENTED_EDGE('',*,*,#7879,.T.);
#7879 = EDGE_CURVE('',#7770,#7880,#7882,.T.);
#7880 = VERTEX_POINT('',#7881);
#7881 = CARTESIAN_POINT('',(28.41599963893,0.,781.73333333333));
#7882 = SEAM_CURVE('',#7883,(#7887,#7894),.PCURVE_S1.);
#7883 = LINE('',#7884,#7885);
#7884 = CARTESIAN_POINT('',(29.136499154465,0.,778.36666666666));
#7885 = VECTOR('',#7886,1.);
#7886 = DIRECTION('',(-0.209271081513,0.,0.977857665738));
#7887 = PCURVE('',#7807,#7888);
#7888 = DEFINITIONAL_REPRESENTATION('',(#7889),#7893);
#7889 = LINE('',#7890,#7891);
#7890 = CARTESIAN_POINT('',(-0.,-0.));
#7891 = VECTOR('',#7892,1.);
#7892 = DIRECTION('',(-0.,-1.));
#7893 = ( GEOMETRIC_REPRESENTATION_CONTEXT(2) 
PARAMETRIC_REPRESENTATION_CONTEXT() REPRESENTATION_CONTEXT('2D SPACE',''
  ) );
#7894 = PCURVE('',#7807,#7895);
#7895 = DEFINITIONAL_REPRESENTATION('',(#7896),#7900);
#7896 = LINE('',#7897,#7898);
#7897 = CARTESIAN_POINT('',(-6.28318530718,-0.));
#7898 = VECTOR('',#7899,1.);
#7899 = DIRECTION('',(-0.,-1.));
#7900 = ( GEOMETRIC_REPRESENTATION_CONTEXT(2) 
PARAMETRIC_REPRESENTATION_CONTEXT() REPRESENTATION_CONTEXT('2D SPACE',''
  ) );
#7901 = ORIENTED_EDGE('',*,*,#7902,.F.);
#7902 = EDGE_CURVE('',#7880,#7880,#7903,.T.);
#7903 = SURFACE_CURVE('',#7904,(#7909,#7916),.PCURVE_S1.);
#7904 = CIRCLE('',#7905,28.41599963893);
#7905 = AXIS2_PLACEMENT_3D('',#7906,#7907,#7908);
#7906 = CARTESIAN_POINT('',(0.,0.,781.73333333333));
#7907 = DIRECTION('',(0.,0.,1.));
#7908 = DIRECTION('',(1.,0.,-0.));
#7909 = PCURVE('',#7807,#7910);
#7910 = DEFINITIONAL_REPRESENTATION('',(#7911),#7915);
#7911 = LINE('',#7912,#7913);
#7912 = CARTESIAN_POINT('',(-0.,-3.366666666667));
#7913 = VECTOR('',#7914,1.);
#7914 = DIRECTION('',(-1.,-0.));
#7915 = ( GEOMETRIC_REPRESENTATION_CONTEXT(2) 
PARAMETRIC_REPRESENTATION_CONTEXT() REPRESENTATION_CONTEXT('2D SPACE',''
  ) );
#7916 = PCURVE('',#7917,#7922);
#7917 = CONICAL_SURFACE('',#7918,28.41599963893,0.217628439385);
#7918 = AXIS2_PLACEMENT_3D('',#7919,#7920,#7921);
#7919 = CARTESIAN_POINT('',(0.,0.,781.73333333333));
#7920 = DIRECTION('',(-0.,-0.,-1.));
#7921 = DIRECTION('',(1.,0.,-0.));
#7922 = DEFINITIONAL_REPRESENTATION('',(#7923),#7927);
#7923 = LINE('',#7924,#7925);
#7924 = CARTESIAN_POINT('',(-0.,-0.));
#7925 = VECTOR('',#7926,1.);
#7926 = DIRECTION('',(-1.,-0.));
#7927 = ( GEOMETRIC_REPRESENTATION_CONTEXT(2) 
PARAMETRIC_REPRESENTATION_CONTEXT() REPRESENTATION_CONTEXT('2D SPACE',''
  ) );
#7928 = ORIENTED_EDGE('',*,*,#7879,.F.);
#7929 = ADVANCED_FACE('',(#7930),#7862,.T.);
#7930 = FACE_BOUND('',#7931,.T.);
#7931 = EDGE_LOOP('',(#7932,#7933,#7956,#7983));
#7932 = ORIENTED_EDGE('',*,*,#7847,.T.);
#7933 = ORIENTED_EDGE('',*,*,#7934,.T.);
#7934 = EDGE_CURVE('',#7825,#7935,#7937,.T.);
#7935 = VERTEX_POINT('',#7936);
#7936 = CARTESIAN_POINT('',(32.505991185678,0.,771.63333333333));
#7937 = SEAM_CURVE('',#7938,(#7942,#7949),.PCURVE_S1.);
#7938 = LINE('',#7939,#7940);
#7939 = CARTESIAN_POINT('',(33.155180377247,0.,768.26666666666));
#7940 = VECTOR('',#7941,1.);
#7941 = DIRECTION('',(-0.189340493319,0.,0.981911491729));
#7942 = PCURVE('',#7862,#7943);
#7943 = DEFINITIONAL_REPRESENTATION('',(#7944),#7948);
#7944 = LINE('',#7945,#7946);
#7945 = CARTESIAN_POINT('',(-0.,-0.));
#7946 = VECTOR('',#7947,1.);
#7947 = DIRECTION('',(-0.,-1.));
#7948 = ( GEOMETRIC_REPRESENTATION_CONTEXT(2) 
PARAMETRIC_REPRESENTATION_CONTEXT() REPRESENTATION_CONTEXT('2D SPACE',''
  ) );
#7949 = PCURVE('',#7862,#7950);
#7950 = DEFINITIONAL_REPRESENTATION('',(#7951),#7955);
#7951 = LINE('',#7952,#7953);
#7952 = CARTESIAN_POINT('',(-6.28318530718,-0.));
#7953 = VECTOR('',#7954,1.);
#7954 = DIRECTION('',(-0.,-1.));
#7955 = ( GEOMETRIC_REPRESENTATION_CONTEXT(2) 
PARAMETRIC_REPRESENTATION_CONTEXT() REPRESENTATION_CONTEXT('2D SPACE',''
  ) );
#7956 = ORIENTED_EDGE('',*,*,#7957,.F.);
#7957 = EDGE_CURVE('',#7935,#7935,#7958,.T.);
#7958 = SURFACE_CURVE('',#7959,(#7964,#7971),.PCURVE_S1.);
#7959 = CIRCLE('',#7960,32.505991185678);
#7960 = AXIS2_PLACEMENT_3D('',#7961,#7962,#7963);
#7961 = CARTESIAN_POINT('',(0.,0.,771.63333333333));
#7962 = DIRECTION('',(0.,0.,1.));
#7963 = DIRECTION('',(1.,0.,-0.));
#7964 = PCURVE('',#7862,#7965);
#7965 = DEFINITIONAL_REPRESENTATION('',(#7966),#7970);
#7966 = LINE('',#7967,#7968);
#7967 = CARTESIAN_POINT('',(-0.,-3.366666666667));
#7968 = VECTOR('',#7969,1.);
#7969 = DIRECTION('',(-1.,-0.));
#7970 = ( GEOMETRIC_REPRESENTATION_CONTEXT(2) 
PARAMETRIC_REPRESENTATION_CONTEXT() REPRESENTATION_CONTEXT('2D SPACE',''
  ) );
#7971 = PCURVE('',#7972,#7977);
#7972 = CONICAL_SURFACE('',#7973,32.505991185678,0.197260832564);
#7973 = AXIS2_PLACEMENT_3D('',#7974,#7975,#7976);
#7974 = CARTESIAN_POINT('',(0.,0.,771.63333333333));
#7975 = DIRECTION('',(-0.,-0.,-1.));
#7976 = DIRECTION('',(1.,0.,-0.));
#7977 = DEFINITIONAL_REPRESENTATION('',(#7978),#7982);
#7978 = LINE('',#7979,#7980);
#7979 = CARTESIAN_POINT('',(-0.,-0.));
#7980 = VECTOR('',#7981,1.);
#7981 = DIRECTION('',(-1.,-0.));
#7982 = ( GEOMETRIC_REPRESENTATION_CONTEXT(2) 
PARAMETRIC_REPRESENTATION_CONTEXT() REPRESENTATION_CONTEXT('2D SPACE',''
  ) );
#7983 = ORIENTED_EDGE('',*,*,#7934,.F.);
#7984 = ADVANCED_FACE('',(#7985),#7917,.F.);
#7985 = FACE_BOUND('',#7986,.F.);
#7986 = EDGE_LOOP('',(#7987,#7988,#8011,#8038));
#7987 = ORIENTED_EDGE('',*,*,#7902,.T.);
#7988 = ORIENTED_EDGE('',*,*,#7989,.T.);
#7989 = EDGE_CURVE('',#7880,#7990,#7992,.T.);
#7990 = VERTEX_POINT('',#7991);
#7991 = CARTESIAN_POINT('',(27.67152667039,0.,785.1));
#7992 = SEAM_CURVE('',#7993,(#7997,#8004),.PCURVE_S1.);
#7993 = LINE('',#7994,#7995);
#7994 = CARTESIAN_POINT('',(28.41599963893,0.,781.73333333333));
#7995 = VECTOR('',#7996,1.);
#7996 = DIRECTION('',(-0.215914611601,0.,0.976412249256));
#7997 = PCURVE('',#7917,#7998);
#7998 = DEFINITIONAL_REPRESENTATION('',(#7999),#8003);
#7999 = LINE('',#8000,#8001);
#8000 = CARTESIAN_POINT('',(-0.,-0.));
#8001 = VECTOR('',#8002,1.);
#8002 = DIRECTION('',(-0.,-1.));
#8003 = ( GEOMETRIC_REPRESENTATION_CONTEXT(2) 
PARAMETRIC_REPRESENTATION_CONTEXT() REPRESENTATION_CONTEXT('2D SPACE',''
  ) );
#8004 = PCURVE('',#7917,#8005);
#8005 = DEFINITIONAL_REPRESENTATION('',(#8006),#8010);
#8006 = LINE('',#8007,#8008);
#8007 = CARTESIAN_POINT('',(-6.28318530718,-0.));
#8008 = VECTOR('',#8009,1.);
#8009 = DIRECTION('',(-0.,-1.));
#8010 = ( GEOMETRIC_REPRESENTATION_CONTEXT(2) 
PARAMETRIC_REPRESENTATION_CONTEXT() REPRESENTATION_CONTEXT('2D SPACE',''
  ) );
#8011 = ORIENTED_EDGE('',*,*,#8012,.F.);
#8012 = EDGE_CURVE('',#7990,#7990,#8013,.T.);
#8013 = SURFACE_CURVE('',#8014,(#8019,#8026),.PCURVE_S1.);
#8014 = CIRCLE('',#8015,27.67152667039);
#8015 = AXIS2_PLACEMENT_3D('',#8016,#8017,#8018);
#8016 = CARTESIAN_POINT('',(0.,0.,785.1));
#8017 = DIRECTION('',(0.,0.,1.));
#8018 = DIRECTION('',(1.,0.,-0.));
#8019 = PCURVE('',#7917,#8020);
#8020 = DEFINITIONAL_REPRESENTATION('',(#8021),#8025);
#8021 = LINE('',#8022,#8023);
#8022 = CARTESIAN_POINT('',(-0.,-3.366666666667));
#8023 = VECTOR('',#8024,1.);
#8024 = DIRECTION('',(-1.,-0.));
#8025 = ( GEOMETRIC_REPRESENTATION_CONTEXT(2) 
PARAMETRIC_REPRESENTATION_CONTEXT() REPRESENTATION_CONTEXT('2D SPACE',''
  ) );
#8026 = PCURVE('',#8027,#8032);
#8027 = CONICAL_SURFACE('',#8028,27.67152667039,0.224437640401);
#8028 = AXIS2_PLACEMENT_3D('',#8029,#8030,#8031);
#8029 = CARTESIAN_POINT('',(0.,0.,785.1));
#8030 = DIRECTION('',(-0.,-0.,-1.));
#8031 = DIRECTION('',(1.,0.,-0.));
#8032 = DEFINITIONAL_REPRESENTATION('',(#8033),#8037);
#8033 = LINE('',#8034,#8035);
#8034 = CARTESIAN_POINT('',(-0.,-0.));
#8035 = VECTOR('',#8036,1.);
#8036 = DIRECTION('',(-1.,-0.));
#8037 = ( GEOMETRIC_REPRESENTATION_CONTEXT(2) 
PARAMETRIC_REPRESENTATION_CONTEXT() REPRESENTATION_CONTEXT('2D SPACE',''
  ) );
#8038 = ORIENTED_EDGE('',*,*,#7989,.F.);
#8039 = ADVANCED_FACE('',(#8040),#7972,.T.);
#8040 = FACE_BOUND('',#8041,.T.);
#8041 = EDGE_LOOP('',(#8042,#8043,#8066,#8093));
#8042 = ORIENTED_EDGE('',*,*,#7957,.T.);
#8043 = ORIENTED_EDGE('',*,*,#8044,.T.);
#8044 = EDGE_CURVE('',#7935,#8045,#8047,.T.);
#8045 = VERTEX_POINT('',#8046);
#8046 = CARTESIAN_POINT('',(31.833129564772,0.,775.));
#8047 = SEAM_CURVE('',#8048,(#8052,#8059),.PCURVE_S1.);
#8048 = LINE('',#8049,#8050);
#8049 = CARTESIAN_POINT('',(32.505991185678,0.,771.63333333333));
#8050 = VECTOR('',#8051,1.);
#8051 = DIRECTION('',(-0.195984022386,0.,0.980607088986));
#8052 = PCURVE('',#7972,#8053);
#8053 = DEFINITIONAL_REPRESENTATION('',(#8054),#8058);
#8054 = LINE('',#8055,#8056);
#8055 = CARTESIAN_POINT('',(-0.,-0.));
#8056 = VECTOR('',#8057,1.);
#8057 = DIRECTION('',(-0.,-1.));
#8058 = ( GEOMETRIC_REPRESENTATION_CONTEXT(2) 
PARAMETRIC_REPRESENTATION_CONTEXT() REPRESENTATION_CONTEXT('2D SPACE',''
  ) );
#8059 = PCURVE('',#7972,#8060);
#8060 = DEFINITIONAL_REPRESENTATION('',(#8061),#8065);
#8061 = LINE('',#8062,#8063);
#8062 = CARTESIAN_POINT('',(-6.28318530718,-0.));
#8063 = VECTOR('',#8064,1.);
#8064 = DIRECTION('',(-0.,-1.));
#8065 = ( GEOMETRIC_REPRESENTATION_CONTEXT(2) 
PARAMETRIC_REPRESENTATION_CONTEXT() REPRESENTATION_CONTEXT('2D SPACE',''
  ) );
#8066 = ORIENTED_EDGE('',*,*,#8067,.F.);
#8067 = EDGE_CURVE('',#8045,#8045,#8068,.T.);
#8068 = SURFACE_CURVE('',#8069,(#8074,#8081),.PCURVE_S1.);
#8069 = CIRCLE('',#8070,31.833129564772);
#8070 = AXIS2_PLACEMENT_3D('',#8071,#8072,#8073);
#8071 = CARTESIAN_POINT('',(0.,0.,775.));
#8072 = DIRECTION('',(0.,0.,1.));
#8073 = DIRECTION('',(1.,0.,-0.));
#8074 = PCURVE('',#7972,#8075);
#8075 = DEFINITIONAL_REPRESENTATION('',(#8076),#8080);
#8076 = LINE('',#8077,#8078);
#8077 = CARTESIAN_POINT('',(-0.,-3.366666666667));
#8078 = VECTOR('',#8079,1.);
#8079 = DIRECTION('',(-1.,-0.));
#8080 = ( GEOMETRIC_REPRESENTATION_CONTEXT(2) 
PARAMETRIC_REPRESENTATION_CONTEXT() REPRESENTATION_CONTEXT('2D SPACE',''
  ) );
#8081 = PCURVE('',#8082,#8087);
#8082 = CONICAL_SURFACE('',#8083,31.833129564772,0.204040392215);
#8083 = AXIS2_PLACEMENT_3D('',#8084,#8085,#8086);
#8084 = CARTESIAN_POINT('',(0.,0.,775.));
#8085 = DIRECTION('',(-0.,-0.,-1.));
#8086 = DIRECTION('',(1.,0.,-0.));
#8087 = DEFINITIONAL_REPRESENTATION('',(#8088),#8092);
#8088 = LINE('',#8089,#8090);
#8089 = CARTESIAN_POINT('',(-0.,-0.));
#8090 = VECTOR('',#8091,1.);
#8091 = DIRECTION('',(-1.,-0.));
#8092 = ( GEOMETRIC_REPRESENTATION_CONTEXT(2) 
PARAMETRIC_REPRESENTATION_CONTEXT() REPRESENTATION_CONTEXT('2D SPACE',''
  ) );
#8093 = ORIENTED_EDGE('',*,*,#8044,.F.);
#8094 = ADVANCED_FACE('',(#8095),#8027,.F.);
#8095 = FACE_BOUND('',#8096,.F.);
#8096 = EDGE_LOOP('',(#8097,#8098,#8121,#8148));
#8097 = ORIENTED_EDGE('',*,*,#8012,.T.);
#8098 = ORIENTED_EDGE('',*,*,#8099,.T.);
#8099 = EDGE_CURVE('',#7990,#8100,#8102,.T.);
#8100 = VERTEX_POINT('',#8101);
#8101 = CARTESIAN_POINT('',(26.902971789117,0.,788.46666666666));
#8102 = SEAM_CURVE('',#8103,(#8107,#8114),.PCURVE_S1.);
#8103 = LINE('',#8104,#8105);
#8104 = CARTESIAN_POINT('',(27.67152667039,0.,785.1));
#8105 = VECTOR('',#8106,1.);
#8106 = DIRECTION('',(-0.222558142059,0.,0.974919418928));
#8107 = PCURVE('',#8027,#8108);
#8108 = DEFINITIONAL_REPRESENTATION('',(#8109),#8113);
#8109 = LINE('',#8110,#8111);
#8110 = CARTESIAN_POINT('',(-0.,-0.));
#8111 = VECTOR('',#8112,1.);
#8112 = DIRECTION('',(-0.,-1.));
#8113 = ( GEOMETRIC_REPRESENTATION_CONTEXT(2) 
PARAMETRIC_REPRESENTATION_CONTEXT() REPRESENTATION_CONTEXT('2D SPACE',''
  ) );
#8114 = PCURVE('',#8027,#8115);
#8115 = DEFINITIONAL_REPRESENTATION('',(#8116),#8120);
#8116 = LINE('',#8117,#8118);
#8117 = CARTESIAN_POINT('',(-6.28318530718,-0.));
#8118 = VECTOR('',#8119,1.);
#8119 = DIRECTION('',(-0.,-1.));
#8120 = ( GEOMETRIC_REPRESENTATION_CONTEXT(2) 
PARAMETRIC_REPRESENTATION_CONTEXT() REPRESENTATION_CONTEXT('2D SPACE',''
  ) );
#8121 = ORIENTED_EDGE('',*,*,#8122,.F.);
#8122 = EDGE_CURVE('',#8100,#8100,#8123,.T.);
#8123 = SURFACE_CURVE('',#8124,(#8129,#8136),.PCURVE_S1.);
#8124 = CIRCLE('',#8125,26.902971789117);
#8125 = AXIS2_PLACEMENT_3D('',#8126,#8127,#8128);
#8126 = CARTESIAN_POINT('',(0.,0.,788.46666666666));
#8127 = DIRECTION('',(0.,0.,1.));
#8128 = DIRECTION('',(1.,0.,-0.));
#8129 = PCURVE('',#8027,#8130);
#8130 = DEFINITIONAL_REPRESENTATION('',(#8131),#8135);
#8131 = LINE('',#8132,#8133);
#8132 = CARTESIAN_POINT('',(-0.,-3.366666666667));
#8133 = VECTOR('',#8134,1.);
#8134 = DIRECTION('',(-1.,-0.));
#8135 = ( GEOMETRIC_REPRESENTATION_CONTEXT(2) 
PARAMETRIC_REPRESENTATION_CONTEXT() REPRESENTATION_CONTEXT('2D SPACE',''
  ) );
#8136 = PCURVE('',#8137,#8142);
#8137 = CONICAL_SURFACE('',#8138,26.902971789117,0.231257442929);
#8138 = AXIS2_PLACEMENT_3D('',#8139,#8140,#8141);
#8139 = CARTESIAN_POINT('',(0.,0.,788.46666666666));
#8140 = DIRECTION('',(-0.,-0.,-1.));
#8141 = DIRECTION('',(1.,0.,-0.));
#8142 = DEFINITIONAL_REPRESENTATION('',(#8143),#8147);
#8143 = LINE('',#8144,#8145);
#8144 = CARTESIAN_POINT('',(-0.,-0.));
#8145 = VECTOR('',#8146,1.);
#8146 = DIRECTION('',(-1.,-0.));
#8147 = ( GEOMETRIC_REPRESENTATION_CONTEXT(2) 
PARAMETRIC_REPRESENTATION_CONTEXT() REPRESENTATION_CONTEXT('2D SPACE',''
  ) );
#8148 = ORIENTED_EDGE('',*,*,#8099,.F.);
#8149 = ADVANCED_FACE('',(#8150),#8082,.T.);
#8150 = FACE_BOUND('',#8151,.T.);
#8151 = EDGE_LOOP('',(#8152,#8153,#8176,#8203));
#8152 = ORIENTED_EDGE('',*,*,#8067,.T.);
#8153 = ORIENTED_EDGE('',*,*,#8154,.T.);
#8154 = EDGE_CURVE('',#8045,#8155,#8157,.T.);
#8155 = VERTEX_POINT('',#8156);
#8156 = CARTESIAN_POINT('',(31.136499154465,0.,778.36666666666));
#8157 = SEAM_CURVE('',#8158,(#8162,#8169),.PCURVE_S1.);
#8158 = LINE('',#8159,#8160);
#8159 = CARTESIAN_POINT('',(31.833129564772,0.,775.));
#8160 = VECTOR('',#8161,1.);
#8161 = DIRECTION('',(-0.202627551779,0.,0.979255878338));
#8162 = PCURVE('',#8082,#8163);
#8163 = DEFINITIONAL_REPRESENTATION('',(#8164),#8168);
#8164 = LINE('',#8165,#8166);
#8165 = CARTESIAN_POINT('',(-0.,-0.));
#8166 = VECTOR('',#8167,1.);
#8167 = DIRECTION('',(-0.,-1.));
#8168 = ( GEOMETRIC_REPRESENTATION_CONTEXT(2) 
PARAMETRIC_REPRESENTATION_CONTEXT() REPRESENTATION_CONTEXT('2D SPACE',''
  ) );
#8169 = PCURVE('',#8082,#8170);
#8170 = DEFINITIONAL_REPRESENTATION('',(#8171),#8175);
#8171 = LINE('',#8172,#8173);
#8172 = CARTESIAN_POINT('',(-6.28318530718,-0.));
#8173 = VECTOR('',#8174,1.);
#8174 = DIRECTION('',(-0.,-1.));
#8175 = ( GEOMETRIC_REPRESENTATION_CONTEXT(2) 
PARAMETRIC_REPRESENTATION_CONTEXT() REPRESENTATION_CONTEXT('2D SPACE',''
  ) );
#8176 = ORIENTED_EDGE('',*,*,#8177,.F.);
#8177 = EDGE_CURVE('',#8155,#8155,#8178,.T.);
#8178 = SURFACE_CURVE('',#8179,(#8184,#8191),.PCURVE_S1.);
#8179 = CIRCLE('',#8180,31.136499154465);
#8180 = AXIS2_PLACEMENT_3D('',#8181,#8182,#8183);
#8181 = CARTESIAN_POINT('',(0.,0.,778.36666666666));
#8182 = DIRECTION('',(0.,0.,1.));
#8183 = DIRECTION('',(1.,0.,-0.));
#8184 = PCURVE('',#8082,#8185);
#8185 = DEFINITIONAL_REPRESENTATION('',(#8186),#8190);
#8186 = LINE('',#8187,#8188);
#8187 = CARTESIAN_POINT('',(-0.,-3.366666666667));
#8188 = VECTOR('',#8189,1.);
#8189 = DIRECTION('',(-1.,-0.));
#8190 = ( GEOMETRIC_REPRESENTATION_CONTEXT(2) 
PARAMETRIC_REPRESENTATION_CONTEXT() REPRESENTATION_CONTEXT('2D SPACE',''
  ) );
#8191 = PCURVE('',#8192,#8197);
#8192 = CONICAL_SURFACE('',#8193,31.136499154465,0.210829476309);
#8193 = AXIS2_PLACEMENT_3D('',#8194,#8195,#8196);
#8194 = CARTESIAN_POINT('',(0.,0.,778.36666666666));
#8195 = DIRECTION('',(-0.,-0.,-1.));
#8196 = DIRECTION('',(1.,0.,-0.));
#8197 = DEFINITIONAL_REPRESENTATION('',(#8198),#8202);
#8198 = LINE('',#8199,#8200);
#8199 = CARTESIAN_POINT('',(-0.,-0.));
#8200 = VECTOR('',#8201,1.);
#8201 = DIRECTION('',(-1.,-0.));
#8202 = ( GEOMETRIC_REPRESENTATION_CONTEXT(2) 
PARAMETRIC_REPRESENTATION_CONTEXT() REPRESENTATION_CONTEXT('2D SPACE',''
  ) );
#8203 = ORIENTED_EDGE('',*,*,#8154,.F.);
#8204 = ADVANCED_FACE('',(#8205),#8137,.F.);
#8205 = FACE_BOUND('',#8206,.F.);
#8206 = EDGE_LOOP('',(#8207,#8208,#8231,#8258));
#8207 = ORIENTED_EDGE('',*,*,#8122,.T.);
#8208 = ORIENTED_EDGE('',*,*,#8209,.T.);
#8209 = EDGE_CURVE('',#8100,#8210,#8212,.T.);
#8210 = VERTEX_POINT('',#8211);
#8211 = CARTESIAN_POINT('',(26.110222339506,0.,791.83333333333));
#8212 = SEAM_CURVE('',#8213,(#8217,#8224),.PCURVE_S1.);
#8213 = LINE('',#8214,#8215);
#8214 = CARTESIAN_POINT('',(26.902971789117,0.,788.46666666666));
#8215 = VECTOR('',#8216,1.);
#8216 = DIRECTION('',(-0.229201672902,0.,0.973378956593));
#8217 = PCURVE('',#8137,#8218);
#8218 = DEFINITIONAL_REPRESENTATION('',(#8219),#8223);
#8219 = LINE('',#8220,#8221);
#8220 = CARTESIAN_POINT('',(-0.,-0.));
#8221 = VECTOR('',#8222,1.);
#8222 = DIRECTION('',(-0.,-1.));
#8223 = ( GEOMETRIC_REPRESENTATION_CONTEXT(2) 
PARAMETRIC_REPRESENTATION_CONTEXT() REPRESENTATION_CONTEXT('2D SPACE',''
  ) );
#8224 = PCURVE('',#8137,#8225);
#8225 = DEFINITIONAL_REPRESENTATION('',(#8226),#8230);
#8226 = LINE('',#8227,#8228);
#8227 = CARTESIAN_POINT('',(-6.28318530718,-0.));
#8228 = VECTOR('',#8229,1.);
#8229 = DIRECTION('',(-0.,-1.));
#8230 = ( GEOMETRIC_REPRESENTATION_CONTEXT(2) 
PARAMETRIC_REPRESENTATION_CONTEXT() REPRESENTATION_CONTEXT('2D SPACE',''
  ) );
#8231 = ORIENTED_EDGE('',*,*,#8232,.F.);
#8232 = EDGE_CURVE('',#8210,#8210,#8233,.T.);
#8233 = SURFACE_CURVE('',#8234,(#8239,#8246),.PCURVE_S1.);
#8234 = CIRCLE('',#8235,26.110222339506);
#8235 = AXIS2_PLACEMENT_3D('',#8236,#8237,#8238);
#8236 = CARTESIAN_POINT('',(0.,0.,791.83333333333));
#8237 = DIRECTION('',(0.,0.,1.));
#8238 = DIRECTION('',(1.,0.,-0.));
#8239 = PCURVE('',#8137,#8240);
#8240 = DEFINITIONAL_REPRESENTATION('',(#8241),#8245);
#8241 = LINE('',#8242,#8243);
#8242 = CARTESIAN_POINT('',(-0.,-3.366666666667));
#8243 = VECTOR('',#8244,1.);
#8244 = DIRECTION('',(-1.,-0.));
#8245 = ( GEOMETRIC_REPRESENTATION_CONTEXT(2) 
PARAMETRIC_REPRESENTATION_CONTEXT() REPRESENTATION_CONTEXT('2D SPACE',''
  ) );
#8246 = PCURVE('',#8247,#8252);
#8247 = CONICAL_SURFACE('',#8248,26.110222339506,0.23808821536);
#8248 = AXIS2_PLACEMENT_3D('',#8249,#8250,#8251);
#8249 = CARTESIAN_POINT('',(0.,0.,791.83333333333));
#8250 = DIRECTION('',(-0.,-0.,-1.));
#8251 = DIRECTION('',(1.,0.,-0.));
#8252 = DEFINITIONAL_REPRESENTATION('',(#8253),#8257);
#8253 = LINE('',#8254,#8255);
#8254 = CARTESIAN_POINT('',(-0.,-0.));
#8255 = VECTOR('',#8256,1.);
#8256 = DIRECTION('',(-1.,-0.));
#8257 = ( GEOMETRIC_REPRESENTATION_CONTEXT(2) 
PARAMETRIC_REPRESENTATION_CONTEXT() REPRESENTATION_CONTEXT('2D SPACE',''
  ) );
#8258 = ORIENTED_EDGE('',*,*,#8209,.F.);
#8259 = ADVANCED_FACE('',(#8260),#8192,.T.);
#8260 = FACE_BOUND('',#8261,.T.);
#8261 = EDGE_LOOP('',(#8262,#8263,#8286,#8313));
#8262 = ORIENTED_EDGE('',*,*,#8177,.T.);
#8263 = ORIENTED_EDGE('',*,*,#8264,.T.);
#8264 = EDGE_CURVE('',#8155,#8265,#8267,.T.);
#8265 = VERTEX_POINT('',#8266);
#8266 = CARTESIAN_POINT('',(30.41599963893,0.,781.73333333333));
#8267 = SEAM_CURVE('',#8268,(#8272,#8279),.PCURVE_S1.);
#8268 = LINE('',#8269,#8270);
#8269 = CARTESIAN_POINT('',(31.136499154465,0.,778.36666666666));
#8270 = VECTOR('',#8271,1.);
#8271 = DIRECTION('',(-0.209271081513,0.,0.977857665738));
#8272 = PCURVE('',#8192,#8273);
#8273 = DEFINITIONAL_REPRESENTATION('',(#8274),#8278);
#8274 = LINE('',#8275,#8276);
#8275 = CARTESIAN_POINT('',(-0.,-0.));
#8276 = VECTOR('',#8277,1.);
#8277 = DIRECTION('',(-0.,-1.));
#8278 = ( GEOMETRIC_REPRESENTATION_CONTEXT(2) 
PARAMETRIC_REPRESENTATION_CONTEXT() REPRESENTATION_CONTEXT('2D SPACE',''
  ) );
#8279 = PCURVE('',#8192,#8280);
#8280 = DEFINITIONAL_REPRESENTATION('',(#8281),#8285);
#8281 = LINE('',#8282,#8283);
#8282 = CARTESIAN_POINT('',(-6.28318530718,-0.));
#8283 = VECTOR('',#8284,1.);
#8284 = DIRECTION('',(-0.,-1.));
#8285 = ( GEOMETRIC_REPRESENTATION_CONTEXT(2) 
PARAMETRIC_REPRESENTATION_CONTEXT() REPRESENTATION_CONTEXT('2D SPACE',''
  ) );
#8286 = ORIENTED_EDGE('',*,*,#8287,.F.);
#8287 = EDGE_CURVE('',#8265,#8265,#8288,.T.);
#8288 = SURFACE_CURVE('',#8289,(#8294,#8301),.PCURVE_S1.);
#8289 = CIRCLE('',#8290,30.41599963893);
#8290 = AXIS2_PLACEMENT_3D('',#8291,#8292,#8293);
#8291 = CARTESIAN_POINT('',(0.,0.,781.73333333333));
#8292 = DIRECTION('',(0.,0.,1.));
#8293 = DIRECTION('',(1.,0.,-0.));
#8294 = PCURVE('',#8192,#8295);
#8295 = DEFINITIONAL_REPRESENTATION('',(#8296),#8300);
#8296 = LINE('',#8297,#8298);
#8297 = CARTESIAN_POINT('',(-0.,-3.366666666667));
#8298 = VECTOR('',#8299,1.);
#8299 = DIRECTION('',(-1.,-0.));
#8300 = ( GEOMETRIC_REPRESENTATION_CONTEXT(2) 
PARAMETRIC_REPRESENTATION_CONTEXT() REPRESENTATION_CONTEXT('2D SPACE',''
  ) );
#8301 = PCURVE('',#8302,#8307);
#8302 = CONICAL_SURFACE('',#8303,30.41599963893,0.217628439385);
#8303 = AXIS2_PLACEMENT_3D('',#8304,#8305,#8306);
#8304 = CARTESIAN_POINT('',(0.,0.,781.73333333333));
#8305 = DIRECTION('',(-0.,-0.,-1.));
#8306 = DIRECTION('',(1.,0.,-0.));
#8307 = DEFINITIONAL_REPRESENTATION('',(#8308),#8312);
#8308 = LINE('',#8309,#8310);
#8309 = CARTESIAN_POINT('',(-0.,-0.));
#8310 = VECTOR('',#8311,1.);
#8311 = DIRECTION('',(-1.,-0.));
#8312 = ( GEOMETRIC_REPRESENTATION_CONTEXT(2) 
PARAMETRIC_REPRESENTATION_CONTEXT() REPRESENTATION_CONTEXT('2D SPACE',''
  ) );
#8313 = ORIENTED_EDGE('',*,*,#8264,.F.);
#8314 = ADVANCED_FACE('',(#8315),#8247,.F.);
#8315 = FACE_BOUND('',#8316,.F.);
#8316 = EDGE_LOOP('',(#8317,#8318,#8341,#8368));
#8317 = ORIENTED_EDGE('',*,*,#8232,.T.);
#8318 = ORIENTED_EDGE('',*,*,#8319,.T.);
#8319 = EDGE_CURVE('',#8210,#8320,#8322,.T.);
#8320 = VERTEX_POINT('',#8321);
#8321 = CARTESIAN_POINT('',(25.293161382032,0.,795.2));
#8322 = SEAM_CURVE('',#8323,(#8327,#8334),.PCURVE_S1.);
#8323 = LINE('',#8324,#8325);
#8324 = CARTESIAN_POINT('',(26.110222339506,0.,791.83333333333));
#8325 = VECTOR('',#8326,1.);
#8326 = DIRECTION('',(-0.235845204145,0.,0.971790635724));
#8327 = PCURVE('',#8247,#8328);
#8328 = DEFINITIONAL_REPRESENTATION('',(#8329),#8333);
#8329 = LINE('',#8330,#8331);
#8330 = CARTESIAN_POINT('',(-0.,-0.));
#8331 = VECTOR('',#8332,1.);
#8332 = DIRECTION('',(-0.,-1.));
#8333 = ( GEOMETRIC_REPRESENTATION_CONTEXT(2) 
PARAMETRIC_REPRESENTATION_CONTEXT() REPRESENTATION_CONTEXT('2D SPACE',''
  ) );
#8334 = PCURVE('',#8247,#8335);
#8335 = DEFINITIONAL_REPRESENTATION('',(#8336),#8340);
#8336 = LINE('',#8337,#8338);
#8337 = CARTESIAN_POINT('',(-6.28318530718,-0.));
#8338 = VECTOR('',#8339,1.);
#8339 = DIRECTION('',(-0.,-1.));
#8340 = ( GEOMETRIC_REPRESENTATION_CONTEXT(2) 
PARAMETRIC_REPRESENTATION_CONTEXT() REPRESENTATION_CONTEXT('2D SPACE',''
  ) );
#8341 = ORIENTED_EDGE('',*,*,#8342,.F.);
#8342 = EDGE_CURVE('',#8320,#8320,#8343,.T.);
#8343 = SURFACE_CURVE('',#8344,(#8349,#8356),.PCURVE_S1.);
#8344 = CIRCLE('',#8345,25.293161382032);
#8345 = AXIS2_PLACEMENT_3D('',#8346,#8347,#8348);
#8346 = CARTESIAN_POINT('',(0.,0.,795.2));
#8347 = DIRECTION('',(0.,0.,1.));
#8348 = DIRECTION('',(1.,0.,-0.));
#8349 = PCURVE('',#8247,#8350);
#8350 = DEFINITIONAL_REPRESENTATION('',(#8351),#8355);
#8351 = LINE('',#8352,#8353);
#8352 = CARTESIAN_POINT('',(-0.,-3.366666666667));
#8353 = VECTOR('',#8354,1.);
#8354 = DIRECTION('',(-1.,-0.));
#8355 = ( GEOMETRIC_REPRESENTATION_CONTEXT(2) 
PARAMETRIC_REPRESENTATION_CONTEXT() REPRESENTATION_CONTEXT('2D SPACE',''
  ) );
#8356 = PCURVE('',#8357,#8362);
#8357 = CONICAL_SURFACE('',#8358,25.293161382032,0.244930331106);
#8358 = AXIS2_PLACEMENT_3D('',#8359,#8360,#8361);
#8359 = CARTESIAN_POINT('',(0.,0.,795.2));
#8360 = DIRECTION('',(-0.,-0.,-1.));
#8361 = DIRECTION('',(1.,0.,-0.));
#8362 = DEFINITIONAL_REPRESENTATION('',(#8363),#8367);
#8363 = LINE('',#8364,#8365);
#8364 = CARTESIAN_POINT('',(-0.,-0.));
#8365 = VECTOR('',#8366,1.);
#8366 = DIRECTION('',(-1.,-0.));
#8367 = ( GEOMETRIC_REPRESENTATION_CONTEXT(2) 
PARAMETRIC_REPRESENTATION_CONTEXT() REPRESENTATION_CONTEXT('2D SPACE',''
  ) );
#8368 = ORIENTED_EDGE('',*,*,#8319,.F.);
#8369 = ADVANCED_FACE('',(#8370),#8302,.T.);
#8370 = FACE_BOUND('',#8371,.T.);
#8371 = EDGE_LOOP('',(#8372,#8373,#8396,#8423));
#8372 = ORIENTED_EDGE('',*,*,#8287,.T.);
#8373 = ORIENTED_EDGE('',*,*,#8374,.T.);
#8374 = EDGE_CURVE('',#8265,#8375,#8377,.T.);
#8375 = VERTEX_POINT('',#8376);
#8376 = CARTESIAN_POINT('',(29.67152667039,0.,785.1));
#8377 = SEAM_CURVE('',#8378,(#8382,#8389),.PCURVE_S1.);
#8378 = LINE('',#8379,#8380);
#8379 = CARTESIAN_POINT('',(30.41599963893,0.,781.73333333333));
#8380 = VECTOR('',#8381,1.);
#8381 = DIRECTION('',(-0.215914611601,0.,0.976412249256));
#8382 = PCURVE('',#8302,#8383);
#8383 = DEFINITIONAL_REPRESENTATION('',(#8384),#8388);
#8384 = LINE('',#8385,#8386);
#8385 = CARTESIAN_POINT('',(-0.,-0.));
#8386 = VECTOR('',#8387,1.);
#8387 = DIRECTION('',(-0.,-1.));
#8388 = ( GEOMETRIC_REPRESENTATION_CONTEXT(2) 
PARAMETRIC_REPRESENTATION_CONTEXT() REPRESENTATION_CONTEXT('2D SPACE',''
  ) );
#8389 = PCURVE('',#8302,#8390);
#8390 = DEFINITIONAL_REPRESENTATION('',(#8391),#8395);
#8391 = LINE('',#8392,#8393);
#8392 = CARTESIAN_POINT('',(-6.28318530718,-0.));
#8393 = VECTOR('',#8394,1.);
#8394 = DIRECTION('',(-0.,-1.));
#8395 = ( GEOMETRIC_REPRESENTATION_CONTEXT(2) 
PARAMETRIC_REPRESENTATION_CONTEXT() REPRESENTATION_CONTEXT('2D SPACE',''
  ) );
#8396 = ORIENTED_EDGE('',*,*,#8397,.F.);
#8397 = EDGE_CURVE('',#8375,#8375,#8398,.T.);
#8398 = SURFACE_CURVE('',#8399,(#8404,#8411),.PCURVE_S1.);
#8399 = CIRCLE('',#8400,29.67152667039);
#8400 = AXIS2_PLACEMENT_3D('',#8401,#8402,#8403);
#8401 = CARTESIAN_POINT('',(0.,0.,785.1));
#8402 = DIRECTION('',(0.,0.,1.));
#8403 = DIRECTION('',(1.,0.,-0.));
#8404 = PCURVE('',#8302,#8405);
#8405 = DEFINITIONAL_REPRESENTATION('',(#8406),#8410);
#8406 = LINE('',#8407,#8408);
#8407 = CARTESIAN_POINT('',(-0.,-3.366666666667));
#8408 = VECTOR('',#8409,1.);
#8409 = DIRECTION('',(-1.,-0.));
#8410 = ( GEOMETRIC_REPRESENTATION_CONTEXT(2) 
PARAMETRIC_REPRESENTATION_CONTEXT() REPRESENTATION_CONTEXT('2D SPACE',''
  ) );
#8411 = PCURVE('',#8412,#8417);
#8412 = CONICAL_SURFACE('',#8413,29.67152667039,0.224437640401);
#8413 = AXIS2_PLACEMENT_3D('',#8414,#8415,#8416);
#8414 = CARTESIAN_POINT('',(0.,0.,785.1));
#8415 = DIRECTION('',(-0.,-0.,-1.));
#8416 = DIRECTION('',(1.,0.,-0.));
#8417 = DEFINITIONAL_REPRESENTATION('',(#8418),#8422);
#8418 = LINE('',#8419,#8420);
#8419 = CARTESIAN_POINT('',(-0.,-0.));
#8420 = VECTOR('',#8421,1.);
#8421 = DIRECTION('',(-1.,-0.));
#8422 = ( GEOMETRIC_REPRESENTATION_CONTEXT(2) 
PARAMETRIC_REPRESENTATION_CONTEXT() REPRESENTATION_CONTEXT('2D SPACE',''
  ) );
#8423 = ORIENTED_EDGE('',*,*,#8374,.F.);
#8424 = ADVANCED_FACE('',(#8425),#8357,.F.);
#8425 = FACE_BOUND('',#8426,.F.);
#8426 = EDGE_LOOP('',(#8427,#8428,#8451,#8478));
#8427 = ORIENTED_EDGE('',*,*,#8342,.T.);
#8428 = ORIENTED_EDGE('',*,*,#8429,.T.);
#8429 = EDGE_CURVE('',#8320,#8430,#8432,.T.);
#8430 = VERTEX_POINT('',#8431);
#8431 = CARTESIAN_POINT('',(24.451667600942,0.,798.56666666666));
#8432 = SEAM_CURVE('',#8433,(#8437,#8444),.PCURVE_S1.);
#8433 = LINE('',#8434,#8435);
#8434 = CARTESIAN_POINT('',(25.293161382032,0.,795.2));
#8435 = VECTOR('',#8436,1.);
#8436 = DIRECTION('',(-0.242488735806,0.,0.970154221249));
#8437 = PCURVE('',#8357,#8438);
#8438 = DEFINITIONAL_REPRESENTATION('',(#8439),#8443);
#8439 = LINE('',#8440,#8441);
#8440 = CARTESIAN_POINT('',(-0.,-0.));
#8441 = VECTOR('',#8442,1.);
#8442 = DIRECTION('',(-0.,-1.));
#8443 = ( GEOMETRIC_REPRESENTATION_CONTEXT(2) 
PARAMETRIC_REPRESENTATION_CONTEXT() REPRESENTATION_CONTEXT('2D SPACE',''
  ) );
#8444 = PCURVE('',#8357,#8445);
#8445 = DEFINITIONAL_REPRESENTATION('',(#8446),#8450);
#8446 = LINE('',#8447,#8448);
#8447 = CARTESIAN_POINT('',(-6.28318530718,-0.));
#8448 = VECTOR('',#8449,1.);
#8449 = DIRECTION('',(-0.,-1.));
#8450 = ( GEOMETRIC_REPRESENTATION_CONTEXT(2) 
PARAMETRIC_REPRESENTATION_CONTEXT() REPRESENTATION_CONTEXT('2D SPACE',''
  ) );
#8451 = ORIENTED_EDGE('',*,*,#8452,.F.);
#8452 = EDGE_CURVE('',#8430,#8430,#8453,.T.);
#8453 = SURFACE_CURVE('',#8454,(#8459,#8466),.PCURVE_S1.);
#8454 = CIRCLE('',#8455,24.451667600942);
#8455 = AXIS2_PLACEMENT_3D('',#8456,#8457,#8458);
#8456 = CARTESIAN_POINT('',(0.,0.,798.56666666666));
#8457 = DIRECTION('',(0.,0.,1.));
#8458 = DIRECTION('',(1.,0.,-0.));
#8459 = PCURVE('',#8357,#8460);
#8460 = DEFINITIONAL_REPRESENTATION('',(#8461),#8465);
#8461 = LINE('',#8462,#8463);
#8462 = CARTESIAN_POINT('',(-0.,-3.366666666667));
#8463 = VECTOR('',#8464,1.);
#8464 = DIRECTION('',(-1.,-0.));
#8465 = ( GEOMETRIC_REPRESENTATION_CONTEXT(2) 
PARAMETRIC_REPRESENTATION_CONTEXT() REPRESENTATION_CONTEXT('2D SPACE',''
  ) );
#8466 = PCURVE('',#8467,#8472);
#8467 = CONICAL_SURFACE('',#8468,24.451667600942,0.251784168825);
#8468 = AXIS2_PLACEMENT_3D('',#8469,#8470,#8471);
#8469 = CARTESIAN_POINT('',(0.,0.,798.56666666666));
#8470 = DIRECTION('',(-0.,-0.,-1.));
#8471 = DIRECTION('',(1.,0.,-0.));
#8472 = DEFINITIONAL_REPRESENTATION('',(#8473),#8477);
#8473 = LINE('',#8474,#8475);
#8474 = CARTESIAN_POINT('',(-0.,-0.));
#8475 = VECTOR('',#8476,1.);
#8476 = DIRECTION('',(-1.,-0.));
#8477 = ( GEOMETRIC_REPRESENTATION_CONTEXT(2) 
PARAMETRIC_REPRESENTATION_CONTEXT() REPRESENTATION_CONTEXT('2D SPACE',''
  ) );
#8478 = ORIENTED_EDGE('',*,*,#8429,.F.);
#8479 = ADVANCED_FACE('',(#8480),#8412,.T.);
#8480 = FACE_BOUND('',#8481,.T.);
#8481 = EDGE_LOOP('',(#8482,#8483,#8506,#8533));
#8482 = ORIENTED_EDGE('',*,*,#8397,.T.);
#8483 = ORIENTED_EDGE('',*,*,#8484,.T.);
#8484 = EDGE_CURVE('',#8375,#8485,#8487,.T.);
#8485 = VERTEX_POINT('',#8486);
#8486 = CARTESIAN_POINT('',(28.902971789117,0.,788.46666666666));
#8487 = SEAM_CURVE('',#8488,(#8492,#8499),.PCURVE_S1.);
#8488 = LINE('',#8489,#8490);
#8489 = CARTESIAN_POINT('',(29.67152667039,0.,785.1));
#8490 = VECTOR('',#8491,1.);
#8491 = DIRECTION('',(-0.222558142059,0.,0.974919418928));
#8492 = PCURVE('',#8412,#8493);
#8493 = DEFINITIONAL_REPRESENTATION('',(#8494),#8498);
#8494 = LINE('',#8495,#8496);
#8495 = CARTESIAN_POINT('',(-0.,-0.));
#8496 = VECTOR('',#8497,1.);
#8497 = DIRECTION('',(-0.,-1.));
#8498 = ( GEOMETRIC_REPRESENTATION_CONTEXT(2) 
PARAMETRIC_REPRESENTATION_CONTEXT() REPRESENTATION_CONTEXT('2D SPACE',''
  ) );
#8499 = PCURVE('',#8412,#8500);
#8500 = DEFINITIONAL_REPRESENTATION('',(#8501),#8505);
#8501 = LINE('',#8502,#8503);
#8502 = CARTESIAN_POINT('',(-6.28318530718,-0.));
#8503 = VECTOR('',#8504,1.);
#8504 = DIRECTION('',(-0.,-1.));
#8505 = ( GEOMETRIC_REPRESENTATION_CONTEXT(2) 
PARAMETRIC_REPRESENTATION_CONTEXT() REPRESENTATION_CONTEXT('2D SPACE',''
  ) );
#8506 = ORIENTED_EDGE('',*,*,#8507,.F.);
#8507 = EDGE_CURVE('',#8485,#8485,#8508,.T.);
#8508 = SURFACE_CURVE('',#8509,(#8514,#8521),.PCURVE_S1.);
#8509 = CIRCLE('',#8510,28.902971789117);
#8510 = AXIS2_PLACEMENT_3D('',#8511,#8512,#8513);
#8511 = CARTESIAN_POINT('',(0.,0.,788.46666666666));
#8512 = DIRECTION('',(0.,0.,1.));
#8513 = DIRECTION('',(1.,0.,-0.));
#8514 = PCURVE('',#8412,#8515);
#8515 = DEFINITIONAL_REPRESENTATION('',(#8516),#8520);
#8516 = LINE('',#8517,#8518);
#8517 = CARTESIAN_POINT('',(-0.,-3.366666666667));
#8518 = VECTOR('',#8519,1.);
#8519 = DIRECTION('',(-1.,-0.));
#8520 = ( GEOMETRIC_REPRESENTATION_CONTEXT(2) 
PARAMETRIC_REPRESENTATION_CONTEXT() REPRESENTATION_CONTEXT('2D SPACE',''
  ) );
#8521 = PCURVE('',#8522,#8527);
#8522 = CONICAL_SURFACE('',#8523,28.902971789117,0.231257442929);
#8523 = AXIS2_PLACEMENT_3D('',#8524,#8525,#8526);
#8524 = CARTESIAN_POINT('',(0.,0.,788.46666666666));
#8525 = DIRECTION('',(-0.,-0.,-1.));
#8526 = DIRECTION('',(1.,0.,-0.));
#8527 = DEFINITIONAL_REPRESENTATION('',(#8528),#8532);
#8528 = LINE('',#8529,#8530);
#8529 = CARTESIAN_POINT('',(-0.,-0.));
#8530 = VECTOR('',#8531,1.);
#8531 = DIRECTION('',(-1.,-0.));
#8532 = ( GEOMETRIC_REPRESENTATION_CONTEXT(2) 
PARAMETRIC_REPRESENTATION_CONTEXT() REPRESENTATION_CONTEXT('2D SPACE',''
  ) );
#8533 = ORIENTED_EDGE('',*,*,#8484,.F.);
#8534 = ADVANCED_FACE('',(#8535),#8467,.F.);
#8535 = FACE_BOUND('',#8536,.F.);
#8536 = EDGE_LOOP('',(#8537,#8538,#8561,#8588));
#8537 = ORIENTED_EDGE('',*,*,#8452,.T.);
#8538 = ORIENTED_EDGE('',*,*,#8539,.T.);
#8539 = EDGE_CURVE('',#8430,#8540,#8542,.T.);
#8540 = VERTEX_POINT('',#8541);
#8541 = CARTESIAN_POINT('',(23.58561520749,0.,801.93333333333));
#8542 = SEAM_CURVE('',#8543,(#8547,#8554),.PCURVE_S1.);
#8543 = LINE('',#8544,#8545);
#8544 = CARTESIAN_POINT('',(24.451667600942,0.,798.56666666666));
#8545 = VECTOR('',#8546,1.);
#8546 = DIRECTION('',(-0.249132267899,0.,0.968469469365));
#8547 = PCURVE('',#8467,#8548);
#8548 = DEFINITIONAL_REPRESENTATION('',(#8549),#8553);
#8549 = LINE('',#8550,#8551);
#8550 = CARTESIAN_POINT('',(-0.,-0.));
#8551 = VECTOR('',#8552,1.);
#8552 = DIRECTION('',(-0.,-1.));
#8553 = ( GEOMETRIC_REPRESENTATION_CONTEXT(2) 
PARAMETRIC_REPRESENTATION_CONTEXT() REPRESENTATION_CONTEXT('2D SPACE',''
  ) );
#8554 = PCURVE('',#8467,#8555);
#8555 = DEFINITIONAL_REPRESENTATION('',(#8556),#8560);
#8556 = LINE('',#8557,#8558);
#8557 = CARTESIAN_POINT('',(-6.28318530718,-0.));
#8558 = VECTOR('',#8559,1.);
#8559 = DIRECTION('',(-0.,-1.));
#8560 = ( GEOMETRIC_REPRESENTATION_CONTEXT(2) 
PARAMETRIC_REPRESENTATION_CONTEXT() REPRESENTATION_CONTEXT('2D SPACE',''
  ) );
#8561 = ORIENTED_EDGE('',*,*,#8562,.F.);
#8562 = EDGE_CURVE('',#8540,#8540,#8563,.T.);
#8563 = SURFACE_CURVE('',#8564,(#8569,#8576),.PCURVE_S1.);
#8564 = CIRCLE('',#8565,23.58561520749);
#8565 = AXIS2_PLACEMENT_3D('',#8566,#8567,#8568);
#8566 = CARTESIAN_POINT('',(0.,0.,801.93333333333));
#8567 = DIRECTION('',(0.,0.,1.));
#8568 = DIRECTION('',(1.,0.,-0.));
#8569 = PCURVE('',#8467,#8570);
#8570 = DEFINITIONAL_REPRESENTATION('',(#8571),#8575);
#8571 = LINE('',#8572,#8573);
#8572 = CARTESIAN_POINT('',(-0.,-3.366666666667));
#8573 = VECTOR('',#8574,1.);
#8574 = DIRECTION('',(-1.,-0.));
#8575 = ( GEOMETRIC_REPRESENTATION_CONTEXT(2) 
PARAMETRIC_REPRESENTATION_CONTEXT() REPRESENTATION_CONTEXT('2D SPACE',''
  ) );
#8576 = PCURVE('',#8577,#8582);
#8577 = CONICAL_SURFACE('',#8578,23.58561520749,0.258650112637);
#8578 = AXIS2_PLACEMENT_3D('',#8579,#8580,#8581);
#8579 = CARTESIAN_POINT('',(0.,0.,801.93333333333));
#8580 = DIRECTION('',(-0.,-0.,-1.));
#8581 = DIRECTION('',(1.,0.,-0.));
#8582 = DEFINITIONAL_REPRESENTATION('',(#8583),#8587);
#8583 = LINE('',#8584,#8585);
#8584 = CARTESIAN_POINT('',(-0.,-0.));
#8585 = VECTOR('',#8586,1.);
#8586 = DIRECTION('',(-1.,-0.));
#8587 = ( GEOMETRIC_REPRESENTATION_CONTEXT(2) 
PARAMETRIC_REPRESENTATION_CONTEXT() REPRESENTATION_CONTEXT('2D SPACE',''
  ) );
#8588 = ORIENTED_EDGE('',*,*,#8539,.F.);
#8589 = ADVANCED_FACE('',(#8590),#8522,.T.);
#8590 = FACE_BOUND('',#8591,.T.);
#8591 = EDGE_LOOP('',(#8592,#8593,#8616,#8643));
#8592 = ORIENTED_EDGE('',*,*,#8507,.T.);
#8593 = ORIENTED_EDGE('',*,*,#8594,.T.);
#8594 = EDGE_CURVE('',#8485,#8595,#8597,.T.);
#8595 = VERTEX_POINT('',#8596);
#8596 = CARTESIAN_POINT('',(28.110222339506,0.,791.83333333333));
#8597 = SEAM_CURVE('',#8598,(#8602,#8609),.PCURVE_S1.);
#8598 = LINE('',#8599,#8600);
#8599 = CARTESIAN_POINT('',(28.902971789117,0.,788.46666666666));
#8600 = VECTOR('',#8601,1.);
#8601 = DIRECTION('',(-0.229201672902,0.,0.973378956593));
#8602 = PCURVE('',#8522,#8603);
#8603 = DEFINITIONAL_REPRESENTATION('',(#8604),#8608);
#8604 = LINE('',#8605,#8606);
#8605 = CARTESIAN_POINT('',(-0.,-0.));
#8606 = VECTOR('',#8607,1.);
#8607 = DIRECTION('',(-0.,-1.));
#8608 = ( GEOMETRIC_REPRESENTATION_CONTEXT(2) 
PARAMETRIC_REPRESENTATION_CONTEXT() REPRESENTATION_CONTEXT('2D SPACE',''
  ) );
#8609 = PCURVE('',#8522,#8610);
#8610 = DEFINITIONAL_REPRESENTATION('',(#8611),#8615);
#8611 = LINE('',#8612,#8613);
#8612 = CARTESIAN_POINT('',(-6.28318530718,-0.));
#8613 = VECTOR('',#8614,1.);
#8614 = DIRECTION('',(-0.,-1.));
#8615 = ( GEOMETRIC_REPRESENTATION_CONTEXT(2) 
PARAMETRIC_REPRESENTATION_CONTEXT() REPRESENTATION_CONTEXT('2D SPACE',''
  ) );
#8616 = ORIENTED_EDGE('',*,*,#8617,.F.);
#8617 = EDGE_CURVE('',#8595,#8595,#8618,.T.);
#8618 = SURFACE_CURVE('',#8619,(#8624,#8631),.PCURVE_S1.);
#8619 = CIRCLE('',#8620,28.110222339506);
#8620 = AXIS2_PLACEMENT_3D('',#8621,#8622,#8623);
#8621 = CARTESIAN_POINT('',(0.,0.,791.83333333333));
#8622 = DIRECTION('',(0.,0.,1.));
#8623 = DIRECTION('',(1.,0.,-0.));
#8624 = PCURVE('',#8522,#8625);
#8625 = DEFINITIONAL_REPRESENTATION('',(#8626),#8630);
#8626 = LINE('',#8627,#8628);
#8627 = CARTESIAN_POINT('',(-0.,-3.366666666667));
#8628 = VECTOR('',#8629,1.);
#8629 = DIRECTION('',(-1.,-0.));
#8630 = ( GEOMETRIC_REPRESENTATION_CONTEXT(2) 
PARAMETRIC_REPRESENTATION_CONTEXT() REPRESENTATION_CONTEXT('2D SPACE',''
  ) );
#8631 = PCURVE('',#8632,#8637);
#8632 = CONICAL_SURFACE('',#8633,28.110222339506,0.23808821536);
#8633 = AXIS2_PLACEMENT_3D('',#8634,#8635,#8636);
#8634 = CARTESIAN_POINT('',(0.,0.,791.83333333333));
#8635 = DIRECTION('',(-0.,-0.,-1.));
#8636 = DIRECTION('',(1.,0.,-0.));
#8637 = DEFINITIONAL_REPRESENTATION('',(#8638),#8642);
#8638 = LINE('',#8639,#8640);
#8639 = CARTESIAN_POINT('',(-0.,-0.));
#8640 = VECTOR('',#8641,1.);
#8641 = DIRECTION('',(-1.,-0.));
#8642 = ( GEOMETRIC_REPRESENTATION_CONTEXT(2) 
PARAMETRIC_REPRESENTATION_CONTEXT() REPRESENTATION_CONTEXT('2D SPACE',''
  ) );
#8643 = ORIENTED_EDGE('',*,*,#8594,.F.);
#8644 = ADVANCED_FACE('',(#8645),#8577,.F.);
#8645 = FACE_BOUND('',#8646,.F.);
#8646 = EDGE_LOOP('',(#8647,#8648,#8671,#8698));
#8647 = ORIENTED_EDGE('',*,*,#8562,.T.);
#8648 = ORIENTED_EDGE('',*,*,#8649,.T.);
#8649 = EDGE_CURVE('',#8540,#8650,#8652,.T.);
#8650 = VERTEX_POINT('',#8651);
#8651 = CARTESIAN_POINT('',(22.694873838529,0.,805.3));
#8652 = SEAM_CURVE('',#8653,(#8657,#8664),.PCURVE_S1.);
#8653 = LINE('',#8654,#8655);
#8654 = CARTESIAN_POINT('',(23.58561520749,0.,801.93333333333));
#8655 = VECTOR('',#8656,1.);
#8656 = DIRECTION('',(-0.255775800443,0.,0.966736127342));
#8657 = PCURVE('',#8577,#8658);
#8658 = DEFINITIONAL_REPRESENTATION('',(#8659),#8663);
#8659 = LINE('',#8660,#8661);
#8660 = CARTESIAN_POINT('',(-0.,-0.));
#8661 = VECTOR('',#8662,1.);
#8662 = DIRECTION('',(-0.,-1.));
#8663 = ( GEOMETRIC_REPRESENTATION_CONTEXT(2) 
PARAMETRIC_REPRESENTATION_CONTEXT() REPRESENTATION_CONTEXT('2D SPACE',''
  ) );
#8664 = PCURVE('',#8577,#8665);
#8665 = DEFINITIONAL_REPRESENTATION('',(#8666),#8670);
#8666 = LINE('',#8667,#8668);
#8667 = CARTESIAN_POINT('',(-6.28318530718,-0.));
#8668 = VECTOR('',#8669,1.);
#8669 = DIRECTION('',(-0.,-1.));
#8670 = ( GEOMETRIC_REPRESENTATION_CONTEXT(2) 
PARAMETRIC_REPRESENTATION_CONTEXT() REPRESENTATION_CONTEXT('2D SPACE',''
  ) );
#8671 = ORIENTED_EDGE('',*,*,#8672,.F.);
#8672 = EDGE_CURVE('',#8650,#8650,#8673,.T.);
#8673 = SURFACE_CURVE('',#8674,(#8679,#8686),.PCURVE_S1.);
#8674 = CIRCLE('',#8675,22.694873838529);
#8675 = AXIS2_PLACEMENT_3D('',#8676,#8677,#8678);
#8676 = CARTESIAN_POINT('',(0.,0.,805.3));
#8677 = DIRECTION('',(0.,0.,1.));
#8678 = DIRECTION('',(1.,0.,-0.));
#8679 = PCURVE('',#8577,#8680);
#8680 = DEFINITIONAL_REPRESENTATION('',(#8681),#8685);
#8681 = LINE('',#8682,#8683);
#8682 = CARTESIAN_POINT('',(-0.,-3.366666666667));
#8683 = VECTOR('',#8684,1.);
#8684 = DIRECTION('',(-1.,-0.));
#8685 = ( GEOMETRIC_REPRESENTATION_CONTEXT(2) 
PARAMETRIC_REPRESENTATION_CONTEXT() REPRESENTATION_CONTEXT('2D SPACE',''
  ) );
#8686 = PCURVE('',#8687,#8692);
#8687 = CONICAL_SURFACE('',#8688,22.694873838529,0.265528552355);
#8688 = AXIS2_PLACEMENT_3D('',#8689,#8690,#8691);
#8689 = CARTESIAN_POINT('',(0.,0.,805.3));
#8690 = DIRECTION('',(-0.,-0.,-1.));
#8691 = DIRECTION('',(1.,0.,-0.));
#8692 = DEFINITIONAL_REPRESENTATION('',(#8693),#8697);
#8693 = LINE('',#8694,#8695);
#8694 = CARTESIAN_POINT('',(-0.,-0.));
#8695 = VECTOR('',#8696,1.);
#8696 = DIRECTION('',(-1.,-0.));
#8697 = ( GEOMETRIC_REPRESENTATION_CONTEXT(2) 
PARAMETRIC_REPRESENTATION_CONTEXT() REPRESENTATION_CONTEXT('2D SPACE',''
  ) );
#8698 = ORIENTED_EDGE('',*,*,#8649,.F.);
#8699 = ADVANCED_FACE('',(#8700),#8632,.T.);
#8700 = FACE_BOUND('',#8701,.T.);
#8701 = EDGE_LOOP('',(#8702,#8703,#8726,#8753));
#8702 = ORIENTED_EDGE('',*,*,#8617,.T.);
#8703 = ORIENTED_EDGE('',*,*,#8704,.T.);
#8704 = EDGE_CURVE('',#8595,#8705,#8707,.T.);
#8705 = VERTEX_POINT('',#8706);
#8706 = CARTESIAN_POINT('',(27.293161382032,0.,795.2));
#8707 = SEAM_CURVE('',#8708,(#8712,#8719),.PCURVE_S1.);
#8708 = LINE('',#8709,#8710);
#8709 = CARTESIAN_POINT('',(28.110222339506,0.,791.83333333333));
#8710 = VECTOR('',#8711,1.);
#8711 = DIRECTION('',(-0.235845204145,0.,0.971790635724));
#8712 = PCURVE('',#8632,#8713);
#8713 = DEFINITIONAL_REPRESENTATION('',(#8714),#8718);
#8714 = LINE('',#8715,#8716);
#8715 = CARTESIAN_POINT('',(-0.,-0.));
#8716 = VECTOR('',#8717,1.);
#8717 = DIRECTION('',(-0.,-1.));
#8718 = ( GEOMETRIC_REPRESENTATION_CONTEXT(2) 
PARAMETRIC_REPRESENTATION_CONTEXT() REPRESENTATION_CONTEXT('2D SPACE',''
  ) );
#8719 = PCURVE('',#8632,#8720);
#8720 = DEFINITIONAL_REPRESENTATION('',(#8721),#8725);
#8721 = LINE('',#8722,#8723);
#8722 = CARTESIAN_POINT('',(-6.28318530718,-0.));
#8723 = VECTOR('',#8724,1.);
#8724 = DIRECTION('',(-0.,-1.));
#8725 = ( GEOMETRIC_REPRESENTATION_CONTEXT(2) 
PARAMETRIC_REPRESENTATION_CONTEXT() REPRESENTATION_CONTEXT('2D SPACE',''
  ) );
#8726 = ORIENTED_EDGE('',*,*,#8727,.F.);
#8727 = EDGE_CURVE('',#8705,#8705,#8728,.T.);
#8728 = SURFACE_CURVE('',#8729,(#8734,#8741),.PCURVE_S1.);
#8729 = CIRCLE('',#8730,27.293161382032);
#8730 = AXIS2_PLACEMENT_3D('',#8731,#8732,#8733);
#8731 = CARTESIAN_POINT('',(0.,0.,795.2));
#8732 = DIRECTION('',(0.,0.,1.));
#8733 = DIRECTION('',(1.,0.,-0.));
#8734 = PCURVE('',#8632,#8735);
#8735 = DEFINITIONAL_REPRESENTATION('',(#8736),#8740);
#8736 = LINE('',#8737,#8738);
#8737 = CARTESIAN_POINT('',(-0.,-3.366666666667));
#8738 = VECTOR('',#8739,1.);
#8739 = DIRECTION('',(-1.,-0.));
#8740 = ( GEOMETRIC_REPRESENTATION_CONTEXT(2) 
PARAMETRIC_REPRESENTATION_CONTEXT() REPRESENTATION_CONTEXT('2D SPACE',''
  ) );
#8741 = PCURVE('',#8742,#8747);
#8742 = CONICAL_SURFACE('',#8743,27.293161382032,0.244930331106);
#8743 = AXIS2_PLACEMENT_3D('',#8744,#8745,#8746);
#8744 = CARTESIAN_POINT('',(0.,0.,795.2));
#8745 = DIRECTION('',(-0.,-0.,-1.));
#8746 = DIRECTION('',(1.,0.,-0.));
#8747 = DEFINITIONAL_REPRESENTATION('',(#8748),#8752);
#8748 = LINE('',#8749,#8750);
#8749 = CARTESIAN_POINT('',(-0.,-0.));
#8750 = VECTOR('',#8751,1.);
#8751 = DIRECTION('',(-1.,-0.));
#8752 = ( GEOMETRIC_REPRESENTATION_CONTEXT(2) 
PARAMETRIC_REPRESENTATION_CONTEXT() REPRESENTATION_CONTEXT('2D SPACE',''
  ) );
#8753 = ORIENTED_EDGE('',*,*,#8704,.F.);
#8754 = ADVANCED_FACE('',(#8755),#8687,.F.);
#8755 = FACE_BOUND('',#8756,.F.);
#8756 = EDGE_LOOP('',(#8757,#8758,#8781,#8808));
#8757 = ORIENTED_EDGE('',*,*,#8672,.T.);
#8758 = ORIENTED_EDGE('',*,*,#8759,.T.);
#8759 = EDGE_CURVE('',#8650,#8760,#8762,.T.);
#8760 = VERTEX_POINT('',#8761);
#8761 = CARTESIAN_POINT('',(21.779308450249,0.,808.66666666666));
#8762 = SEAM_CURVE('',#8763,(#8767,#8774),.PCURVE_S1.);
#8763 = LINE('',#8764,#8765);
#8764 = CARTESIAN_POINT('',(22.694873838529,0.,805.3));
#8765 = VECTOR('',#8766,1.);
#8766 = DIRECTION('',(-0.262419333455,0.,0.96495393332));
#8767 = PCURVE('',#8687,#8768);
#8768 = DEFINITIONAL_REPRESENTATION('',(#8769),#8773);
#8769 = LINE('',#8770,#8771);
#8770 = CARTESIAN_POINT('',(-0.,-0.));
#8771 = VECTOR('',#8772,1.);
#8772 = DIRECTION('',(-0.,-1.));
#8773 = ( GEOMETRIC_REPRESENTATION_CONTEXT(2) 
PARAMETRIC_REPRESENTATION_CONTEXT() REPRESENTATION_CONTEXT('2D SPACE',''
  ) );
#8774 = PCURVE('',#8687,#8775);
#8775 = DEFINITIONAL_REPRESENTATION('',(#8776),#8780);
#8776 = LINE('',#8777,#8778);
#8777 = CARTESIAN_POINT('',(-6.28318530718,-0.));
#8778 = VECTOR('',#8779,1.);
#8779 = DIRECTION('',(-0.,-1.));
#8780 = ( GEOMETRIC_REPRESENTATION_CONTEXT(2) 
PARAMETRIC_REPRESENTATION_CONTEXT() REPRESENTATION_CONTEXT('2D SPACE',''
  ) );
#8781 = ORIENTED_EDGE('',*,*,#8782,.F.);
#8782 = EDGE_CURVE('',#8760,#8760,#8783,.T.);
#8783 = SURFACE_CURVE('',#8784,(#8789,#8796),.PCURVE_S1.);
#8784 = CIRCLE('',#8785,21.779308450249);
#8785 = AXIS2_PLACEMENT_3D('',#8786,#8787,#8788);
#8786 = CARTESIAN_POINT('',(0.,0.,808.66666666666));
#8787 = DIRECTION('',(0.,0.,1.));
#8788 = DIRECTION('',(1.,0.,-0.));
#8789 = PCURVE('',#8687,#8790);
#8790 = DEFINITIONAL_REPRESENTATION('',(#8791),#8795);
#8791 = LINE('',#8792,#8793);
#8792 = CARTESIAN_POINT('',(-0.,-3.366666666667));
#8793 = VECTOR('',#8794,1.);
#8794 = DIRECTION('',(-1.,-0.));
#8795 = ( GEOMETRIC_REPRESENTATION_CONTEXT(2) 
PARAMETRIC_REPRESENTATION_CONTEXT() REPRESENTATION_CONTEXT('2D SPACE',''
  ) );
#8796 = PCURVE('',#8797,#8802);
#8797 = CONICAL_SURFACE('',#8798,21.779308450249,0.272419883726);
#8798 = AXIS2_PLACEMENT_3D('',#8799,#8800,#8801);
#8799 = CARTESIAN_POINT('',(0.,0.,808.66666666666));
#8800 = DIRECTION('',(-0.,-0.,-1.));
#8801 = DIRECTION('',(1.,0.,-0.));
#8802 = DEFINITIONAL_REPRESENTATION('',(#8803),#8807);
#8803 = LINE('',#8804,#8805);
#8804 = CARTESIAN_POINT('',(-0.,-0.));
#8805 = VECTOR('',#8806,1.);
#8806 = DIRECTION('',(-1.,-0.));
#8807 = ( GEOMETRIC_REPRESENTATION_CONTEXT(2) 
PARAMETRIC_REPRESENTATION_CONTEXT() REPRESENTATION_CONTEXT('2D SPACE',''
  ) );
#8808 = ORIENTED_EDGE('',*,*,#8759,.F.);
#8809 = ADVANCED_FACE('',(#8810),#8742,.T.);
#8810 = FACE_BOUND('',#8811,.T.);
#8811 = EDGE_LOOP('',(#8812,#8813,#8836,#8863));
#8812 = ORIENTED_EDGE('',*,*,#8727,.T.);
#8813 = ORIENTED_EDGE('',*,*,#8814,.T.);
#8814 = EDGE_CURVE('',#8705,#8815,#8817,.T.);
#8815 = VERTEX_POINT('',#8816);
#8816 = CARTESIAN_POINT('',(26.451667600942,0.,798.56666666666));
#8817 = SEAM_CURVE('',#8818,(#8822,#8829),.PCURVE_S1.);
#8818 = LINE('',#8819,#8820);
#8819 = CARTESIAN_POINT('',(27.293161382032,0.,795.2));
#8820 = VECTOR('',#8821,1.);
#8821 = DIRECTION('',(-0.242488735806,0.,0.970154221249));
#8822 = PCURVE('',#8742,#8823);
#8823 = DEFINITIONAL_REPRESENTATION('',(#8824),#8828);
#8824 = LINE('',#8825,#8826);
#8825 = CARTESIAN_POINT('',(-0.,-0.));
#8826 = VECTOR('',#8827,1.);
#8827 = DIRECTION('',(-0.,-1.));
#8828 = ( GEOMETRIC_REPRESENTATION_CONTEXT(2) 
PARAMETRIC_REPRESENTATION_CONTEXT() REPRESENTATION_CONTEXT('2D SPACE',''
  ) );
#8829 = PCURVE('',#8742,#8830);
#8830 = DEFINITIONAL_REPRESENTATION('',(#8831),#8835);
#8831 = LINE('',#8832,#8833);
#8832 = CARTESIAN_POINT('',(-6.28318530718,-0.));
#8833 = VECTOR('',#8834,1.);
#8834 = DIRECTION('',(-0.,-1.));
#8835 = ( GEOMETRIC_REPRESENTATION_CONTEXT(2) 
PARAMETRIC_REPRESENTATION_CONTEXT() REPRESENTATION_CONTEXT('2D SPACE',''
  ) );
#8836 = ORIENTED_EDGE('',*,*,#8837,.F.);
#8837 = EDGE_CURVE('',#8815,#8815,#8838,.T.);
#8838 = SURFACE_CURVE('',#8839,(#8844,#8851),.PCURVE_S1.);
#8839 = CIRCLE('',#8840,26.451667600942);
#8840 = AXIS2_PLACEMENT_3D('',#8841,#8842,#8843);
#8841 = CARTESIAN_POINT('',(0.,0.,798.56666666666));
#8842 = DIRECTION('',(0.,0.,1.));
#8843 = DIRECTION('',(1.,0.,-0.));
#8844 = PCURVE('',#8742,#8845);
#8845 = DEFINITIONAL_REPRESENTATION('',(#8846),#8850);
#8846 = LINE('',#8847,#8848);
#8847 = CARTESIAN_POINT('',(-0.,-3.366666666667));
#8848 = VECTOR('',#8849,1.);
#8849 = DIRECTION('',(-1.,-0.));
#8850 = ( GEOMETRIC_REPRESENTATION_CONTEXT(2) 
PARAMETRIC_REPRESENTATION_CONTEXT() REPRESENTATION_CONTEXT('2D SPACE',''
  ) );
#8851 = PCURVE('',#8852,#8857);
#8852 = CONICAL_SURFACE('',#8853,26.451667600942,0.251784168825);
#8853 = AXIS2_PLACEMENT_3D('',#8854,#8855,#8856);
#8854 = CARTESIAN_POINT('',(0.,0.,798.56666666666));
#8855 = DIRECTION('',(-0.,-0.,-1.));
#8856 = DIRECTION('',(1.,0.,-0.));
#8857 = DEFINITIONAL_REPRESENTATION('',(#8858),#8862);
#8858 = LINE('',#8859,#8860);
#8859 = CARTESIAN_POINT('',(-0.,-0.));
#8860 = VECTOR('',#8861,1.);
#8861 = DIRECTION('',(-1.,-0.));
#8862 = ( GEOMETRIC_REPRESENTATION_CONTEXT(2) 
PARAMETRIC_REPRESENTATION_CONTEXT() REPRESENTATION_CONTEXT('2D SPACE',''
  ) );
#8863 = ORIENTED_EDGE('',*,*,#8814,.F.);
#8864 = ADVANCED_FACE('',(#8865),#8797,.F.);
#8865 = FACE_BOUND('',#8866,.F.);
#8866 = EDGE_LOOP('',(#8867,#8868,#8891,#8918));
#8867 = ORIENTED_EDGE('',*,*,#8782,.T.);
#8868 = ORIENTED_EDGE('',*,*,#8869,.T.);
#8869 = EDGE_CURVE('',#8760,#8870,#8872,.T.);
#8870 = VERTEX_POINT('',#8871);
#8871 = CARTESIAN_POINT('',(20.838779206855,0.,812.03333333333));
#8872 = SEAM_CURVE('',#8873,(#8877,#8884),.PCURVE_S1.);
#8873 = LINE('',#8874,#8875);
#8874 = CARTESIAN_POINT('',(21.779308450249,0.,808.66666666666));
#8875 = VECTOR('',#8876,1.);
#8876 = DIRECTION('',(-0.269062866953,0.,0.963122616092));
#8877 = PCURVE('',#8797,#8878);
#8878 = DEFINITIONAL_REPRESENTATION('',(#8879),#8883);
#8879 = LINE('',#8880,#8881);
#8880 = CARTESIAN_POINT('',(-0.,-0.));
#8881 = VECTOR('',#8882,1.);
#8882 = DIRECTION('',(-0.,-1.));
#8883 = ( GEOMETRIC_REPRESENTATION_CONTEXT(2) 
PARAMETRIC_REPRESENTATION_CONTEXT() REPRESENTATION_CONTEXT('2D SPACE',''
  ) );
#8884 = PCURVE('',#8797,#8885);
#8885 = DEFINITIONAL_REPRESENTATION('',(#8886),#8890);
#8886 = LINE('',#8887,#8888);
#8887 = CARTESIAN_POINT('',(-6.28318530718,-0.));
#8888 = VECTOR('',#8889,1.);
#8889 = DIRECTION('',(-0.,-1.));
#8890 = ( GEOMETRIC_REPRESENTATION_CONTEXT(2) 
PARAMETRIC_REPRESENTATION_CONTEXT() REPRESENTATION_CONTEXT('2D SPACE',''
  ) );
#8891 = ORIENTED_EDGE('',*,*,#8892,.F.);
#8892 = EDGE_CURVE('',#8870,#8870,#8893,.T.);
#8893 = SURFACE_CURVE('',#8894,(#8899,#8906),.PCURVE_S1.);
#8894 = CIRCLE('',#8895,20.838779206855);
#8895 = AXIS2_PLACEMENT_3D('',#8896,#8897,#8898);
#8896 = CARTESIAN_POINT('',(0.,0.,812.03333333333));
#8897 = DIRECTION('',(0.,0.,1.));
#8898 = DIRECTION('',(1.,0.,-0.));
#8899 = PCURVE('',#8797,#8900);
#8900 = DEFINITIONAL_REPRESENTATION('',(#8901),#8905);
#8901 = LINE('',#8902,#8903);
#8902 = CARTESIAN_POINT('',(-0.,-3.366666666667));
#8903 = VECTOR('',#8904,1.);
#8904 = DIRECTION('',(-1.,-0.));
#8905 = ( GEOMETRIC_REPRESENTATION_CONTEXT(2) 
PARAMETRIC_REPRESENTATION_CONTEXT() REPRESENTATION_CONTEXT('2D SPACE',''
  ) );
#8906 = PCURVE('',#8907,#8912);
#8907 = CONICAL_SURFACE('',#8908,20.838779206855,0.279324508677);
#8908 = AXIS2_PLACEMENT_3D('',#8909,#8910,#8911);
#8909 = CARTESIAN_POINT('',(0.,0.,812.03333333333));
#8910 = DIRECTION('',(-0.,-0.,-1.));
#8911 = DIRECTION('',(1.,0.,-0.));
#8912 = DEFINITIONAL_REPRESENTATION('',(#8913),#8917);
#8913 = LINE('',#8914,#8915);
#8914 = CARTESIAN_POINT('',(-0.,-0.));
#8915 = VECTOR('',#8916,1.);
#8916 = DIRECTION('',(-1.,-0.));
#8917 = ( GEOMETRIC_REPRESENTATION_CONTEXT(2) 
PARAMETRIC_REPRESENTATION_CONTEXT() REPRESENTATION_CONTEXT('2D SPACE',''
  ) );
#8918 = ORIENTED_EDGE('',*,*,#8869,.F.);
#8919 = ADVANCED_FACE('',(#8920),#8852,.T.);
#8920 = FACE_BOUND('',#8921,.T.);
#8921 = EDGE_LOOP('',(#8922,#8923,#8946,#8973));
#8922 = ORIENTED_EDGE('',*,*,#8837,.T.);
#8923 = ORIENTED_EDGE('',*,*,#8924,.T.);
#8924 = EDGE_CURVE('',#8815,#8925,#8927,.T.);
#8925 = VERTEX_POINT('',#8926);
#8926 = CARTESIAN_POINT('',(25.58561520749,0.,801.93333333333));
#8927 = SEAM_CURVE('',#8928,(#8932,#8939),.PCURVE_S1.);
#8928 = LINE('',#8929,#8930);
#8929 = CARTESIAN_POINT('',(26.451667600942,0.,798.56666666666));
#8930 = VECTOR('',#8931,1.);
#8931 = DIRECTION('',(-0.249132267899,0.,0.968469469365));
#8932 = PCURVE('',#8852,#8933);
#8933 = DEFINITIONAL_REPRESENTATION('',(#8934),#8938);
#8934 = LINE('',#8935,#8936);
#8935 = CARTESIAN_POINT('',(-0.,-0.));
#8936 = VECTOR('',#8937,1.);
#8937 = DIRECTION('',(-0.,-1.));
#8938 = ( GEOMETRIC_REPRESENTATION_CONTEXT(2) 
PARAMETRIC_REPRESENTATION_CONTEXT() REPRESENTATION_CONTEXT('2D SPACE',''
  ) );
#8939 = PCURVE('',#8852,#8940);
#8940 = DEFINITIONAL_REPRESENTATION('',(#8941),#8945);
#8941 = LINE('',#8942,#8943);
#8942 = CARTESIAN_POINT('',(-6.28318530718,-0.));
#8943 = VECTOR('',#8944,1.);
#8944 = DIRECTION('',(-0.,-1.));
#8945 = ( GEOMETRIC_REPRESENTATION_CONTEXT(2) 
PARAMETRIC_REPRESENTATION_CONTEXT() REPRESENTATION_CONTEXT('2D SPACE',''
  ) );
#8946 = ORIENTED_EDGE('',*,*,#8947,.F.);
#8947 = EDGE_CURVE('',#8925,#8925,#8948,.T.);
#8948 = SURFACE_CURVE('',#8949,(#8954,#8961),.PCURVE_S1.);
#8949 = CIRCLE('',#8950,25.58561520749);
#8950 = AXIS2_PLACEMENT_3D('',#8951,#8952,#8953);
#8951 = CARTESIAN_POINT('',(0.,0.,801.93333333333));
#8952 = DIRECTION('',(0.,0.,1.));
#8953 = DIRECTION('',(1.,0.,-0.));
#8954 = PCURVE('',#8852,#8955);
#8955 = DEFINITIONAL_REPRESENTATION('',(#8956),#8960);
#8956 = LINE('',#8957,#8958);
#8957 = CARTESIAN_POINT('',(-0.,-3.366666666667));
#8958 = VECTOR('',#8959,1.);
#8959 = DIRECTION('',(-1.,-0.));
#8960 = ( GEOMETRIC_REPRESENTATION_CONTEXT(2) 
PARAMETRIC_REPRESENTATION_CONTEXT() REPRESENTATION_CONTEXT('2D SPACE',''
  ) );
#8961 = PCURVE('',#8962,#8967);
#8962 = CONICAL_SURFACE('',#8963,25.58561520749,0.258650112637);
#8963 = AXIS2_PLACEMENT_3D('',#8964,#8965,#8966);
#8964 = CARTESIAN_POINT('',(0.,0.,801.93333333333));
#8965 = DIRECTION('',(-0.,-0.,-1.));
#8966 = DIRECTION('',(1.,0.,-0.));
#8967 = DEFINITIONAL_REPRESENTATION('',(#8968),#8972);
#8968 = LINE('',#8969,#8970);
#8969 = CARTESIAN_POINT('',(-0.,-0.));
#8970 = VECTOR('',#8971,1.);
#8971 = DIRECTION('',(-1.,-0.));
#8972 = ( GEOMETRIC_REPRESENTATION_CONTEXT(2) 
PARAMETRIC_REPRESENTATION_CONTEXT() REPRESENTATION_CONTEXT('2D SPACE',''
  ) );
#8973 = ORIENTED_EDGE('',*,*,#8924,.F.);
#8974 = ADVANCED_FACE('',(#8975),#8907,.F.);
#8975 = FACE_BOUND('',#8976,.F.);
#8976 = EDGE_LOOP('',(#8977,#8978,#9001,#9028));
#8977 = ORIENTED_EDGE('',*,*,#8892,.T.);
#8978 = ORIENTED_EDGE('',*,*,#8979,.T.);
#8979 = EDGE_CURVE('',#8870,#8980,#8982,.T.);
#8980 = VERTEX_POINT('',#8981);
#8981 = CARTESIAN_POINT('',(19.873141363951,0.,815.4));
#8982 = SEAM_CURVE('',#8983,(#8987,#8994),.PCURVE_S1.);
#8983 = LINE('',#8984,#8985);
#8984 = CARTESIAN_POINT('',(20.838779206855,0.,812.03333333333));
#8985 = VECTOR('',#8986,1.);
#8986 = DIRECTION('',(-0.275706400955,0.,0.96124189488));
#8987 = PCURVE('',#8907,#8988);
#8988 = DEFINITIONAL_REPRESENTATION('',(#8989),#8993);
#8989 = LINE('',#8990,#8991);
#8990 = CARTESIAN_POINT('',(-0.,-0.));
#8991 = VECTOR('',#8992,1.);
#8992 = DIRECTION('',(-0.,-1.));
#8993 = ( GEOMETRIC_REPRESENTATION_CONTEXT(2) 
PARAMETRIC_REPRESENTATION_CONTEXT() REPRESENTATION_CONTEXT('2D SPACE',''
  ) );
#8994 = PCURVE('',#8907,#8995);
#8995 = DEFINITIONAL_REPRESENTATION('',(#8996),#9000);
#8996 = LINE('',#8997,#8998);
#8997 = CARTESIAN_POINT('',(-6.28318530718,-0.));
#8998 = VECTOR('',#8999,1.);
#8999 = DIRECTION('',(-0.,-1.));
#9000 = ( GEOMETRIC_REPRESENTATION_CONTEXT(2) 
PARAMETRIC_REPRESENTATION_CONTEXT() REPRESENTATION_CONTEXT('2D SPACE',''
  ) );
#9001 = ORIENTED_EDGE('',*,*,#9002,.F.);
#9002 = EDGE_CURVE('',#8980,#8980,#9003,.T.);
#9003 = SURFACE_CURVE('',#9004,(#9009,#9016),.PCURVE_S1.);
#9004 = CIRCLE('',#9005,19.873141363951);
#9005 = AXIS2_PLACEMENT_3D('',#9006,#9007,#9008);
#9006 = CARTESIAN_POINT('',(0.,0.,815.4));
#9007 = DIRECTION('',(0.,0.,1.));
#9008 = DIRECTION('',(1.,0.,-0.));
#9009 = PCURVE('',#8907,#9010);
#9010 = DEFINITIONAL_REPRESENTATION('',(#9011),#9015);
#9011 = LINE('',#9012,#9013);
#9012 = CARTESIAN_POINT('',(-0.,-3.366666666667));
#9013 = VECTOR('',#9014,1.);
#9014 = DIRECTION('',(-1.,-0.));
#9015 = ( GEOMETRIC_REPRESENTATION_CONTEXT(2) 
PARAMETRIC_REPRESENTATION_CONTEXT() REPRESENTATION_CONTEXT('2D SPACE',''
  ) );
#9016 = PCURVE('',#9017,#9022);
#9017 = CONICAL_SURFACE('',#9018,19.873141363951,0.286242835569);
#9018 = AXIS2_PLACEMENT_3D('',#9019,#9020,#9021);
#9019 = CARTESIAN_POINT('',(0.,0.,815.4));
#9020 = DIRECTION('',(-0.,-0.,-1.));
#9021 = DIRECTION('',(1.,0.,-0.));
#9022 = DEFINITIONAL_REPRESENTATION('',(#9023),#9027);
#9023 = LINE('',#9024,#9025);
#9024 = CARTESIAN_POINT('',(-0.,-0.));
#9025 = VECTOR('',#9026,1.);
#9026 = DIRECTION('',(-1.,-0.));
#9027 = ( GEOMETRIC_REPRESENTATION_CONTEXT(2) 
PARAMETRIC_REPRESENTATION_CONTEXT() REPRESENTATION_CONTEXT('2D SPACE',''
  ) );
#9028 = ORIENTED_EDGE('',*,*,#8979,.F.);
#9029 = ADVANCED_FACE('',(#9030),#8962,.T.);
#9030 = FACE_BOUND('',#9031,.T.);
#9031 = EDGE_LOOP('',(#9032,#9033,#9056,#9083));
#9032 = ORIENTED_EDGE('',*,*,#8947,.T.);
#9033 = ORIENTED_EDGE('',*,*,#9034,.T.);
#9034 = EDGE_CURVE('',#8925,#9035,#9037,.T.);
#9035 = VERTEX_POINT('',#9036);
#9036 = CARTESIAN_POINT('',(24.694873838529,0.,805.3));
#9037 = SEAM_CURVE('',#9038,(#9042,#9049),.PCURVE_S1.);
#9038 = LINE('',#9039,#9040);
#9039 = CARTESIAN_POINT('',(25.58561520749,0.,801.93333333333));
#9040 = VECTOR('',#9041,1.);
#9041 = DIRECTION('',(-0.255775800443,0.,0.966736127342));
#9042 = PCURVE('',#8962,#9043);
#9043 = DEFINITIONAL_REPRESENTATION('',(#9044),#9048);
#9044 = LINE('',#9045,#9046);
#9045 = CARTESIAN_POINT('',(-0.,-0.));
#9046 = VECTOR('',#9047,1.);
#9047 = DIRECTION('',(-0.,-1.));
#9048 = ( GEOMETRIC_REPRESENTATION_CONTEXT(2) 
PARAMETRIC_REPRESENTATION_CONTEXT() REPRESENTATION_CONTEXT('2D SPACE',''
  ) );
#9049 = PCURVE('',#8962,#9050);
#9050 = DEFINITIONAL_REPRESENTATION('',(#9051),#9055);
#9051 = LINE('',#9052,#9053);
#9052 = CARTESIAN_POINT('',(-6.28318530718,-0.));
#9053 = VECTOR('',#9054,1.);
#9054 = DIRECTION('',(-0.,-1.));
#9055 = ( GEOMETRIC_REPRESENTATION_CONTEXT(2) 
PARAMETRIC_REPRESENTATION_CONTEXT() REPRESENTATION_CONTEXT('2D SPACE',''
  ) );
#9056 = ORIENTED_EDGE('',*,*,#9057,.F.);
#9057 = EDGE_CURVE('',#9035,#9035,#9058,.T.);
#9058 = SURFACE_CURVE('',#9059,(#9064,#9071),.PCURVE_S1.);
#9059 = CIRCLE('',#9060,24.694873838529);
#9060 = AXIS2_PLACEMENT_3D('',#9061,#9062,#9063);
#9061 = CARTESIAN_POINT('',(0.,0.,805.3));
#9062 = DIRECTION('',(0.,0.,1.));
#9063 = DIRECTION('',(1.,0.,-0.));
#9064 = PCURVE('',#8962,#9065);
#9065 = DEFINITIONAL_REPRESENTATION('',(#9066),#9070);
#9066 = LINE('',#9067,#9068);
#9067 = CARTESIAN_POINT('',(-0.,-3.366666666667));
#9068 = VECTOR('',#9069,1.);
#9069 = DIRECTION('',(-1.,-0.));
#9070 = ( GEOMETRIC_REPRESENTATION_CONTEXT(2) 
PARAMETRIC_REPRESENTATION_CONTEXT() REPRESENTATION_CONTEXT('2D SPACE',''
  ) );
#9071 = PCURVE('',#9072,#9077);
#9072 = CONICAL_SURFACE('',#9073,24.694873838529,0.265528552355);
#9073 = AXIS2_PLACEMENT_3D('',#9074,#9075,#9076);
#9074 = CARTESIAN_POINT('',(0.,0.,805.3));
#9075 = DIRECTION('',(-0.,-0.,-1.));
#9076 = DIRECTION('',(1.,0.,-0.));
#9077 = DEFINITIONAL_REPRESENTATION('',(#9078),#9082);
#9078 = LINE('',#9079,#9080);
#9079 = CARTESIAN_POINT('',(-0.,-0.));
#9080 = VECTOR('',#9081,1.);
#9081 = DIRECTION('',(-1.,-0.));
#9082 = ( GEOMETRIC_REPRESENTATION_CONTEXT(2) 
PARAMETRIC_REPRESENTATION_CONTEXT() REPRESENTATION_CONTEXT('2D SPACE',''
  ) );
#9083 = ORIENTED_EDGE('',*,*,#9034,.F.);
#9084 = ADVANCED_FACE('',(#9085),#9017,.F.);
#9085 = FACE_BOUND('',#9086,.F.);
#9086 = EDGE_LOOP('',(#9087,#9088,#9111,#9138));
#9087 = ORIENTED_EDGE('',*,*,#9002,.T.);
#9088 = ORIENTED_EDGE('',*,*,#9089,.T.);
#9089 = EDGE_CURVE('',#8980,#9090,#9092,.T.);
#9090 = VERTEX_POINT('',#9091);
#9091 = CARTESIAN_POINT('',(18.882245146375,0.,818.76666666666));
#9092 = SEAM_CURVE('',#9093,(#9097,#9104),.PCURVE_S1.);
#9093 = LINE('',#9094,#9095);
#9094 = CARTESIAN_POINT('',(19.873141363951,0.,815.4));
#9095 = VECTOR('',#9096,1.);
#9096 = DIRECTION('',(-0.282349935481,0.,0.959311479101));
#9097 = PCURVE('',#9017,#9098);
#9098 = DEFINITIONAL_REPRESENTATION('',(#9099),#9103);
#9099 = LINE('',#9100,#9101);
#9100 = CARTESIAN_POINT('',(-0.,-0.));
#9101 = VECTOR('',#9102,1.);
#9102 = DIRECTION('',(-0.,-1.));
#9103 = ( GEOMETRIC_REPRESENTATION_CONTEXT(2) 
PARAMETRIC_REPRESENTATION_CONTEXT() REPRESENTATION_CONTEXT('2D SPACE',''
  ) );
#9104 = PCURVE('',#9017,#9105);
#9105 = DEFINITIONAL_REPRESENTATION('',(#9106),#9110);
#9106 = LINE('',#9107,#9108);
#9107 = CARTESIAN_POINT('',(-6.28318530718,-0.));
#9108 = VECTOR('',#9109,1.);
#9109 = DIRECTION('',(-0.,-1.));
#9110 = ( GEOMETRIC_REPRESENTATION_CONTEXT(2) 
PARAMETRIC_REPRESENTATION_CONTEXT() REPRESENTATION_CONTEXT('2D SPACE',''
  ) );
#9111 = ORIENTED_EDGE('',*,*,#9112,.F.);
#9112 = EDGE_CURVE('',#9090,#9090,#9113,.T.);
#9113 = SURFACE_CURVE('',#9114,(#9119,#9126),.PCURVE_S1.);
#9114 = CIRCLE('',#9115,18.882245146375);
#9115 = AXIS2_PLACEMENT_3D('',#9116,#9117,#9118);
#9116 = CARTESIAN_POINT('',(0.,0.,818.76666666666));
#9117 = DIRECTION('',(0.,0.,1.));
#9118 = DIRECTION('',(1.,0.,-0.));
#9119 = PCURVE('',#9017,#9120);
#9120 = DEFINITIONAL_REPRESENTATION('',(#9121),#9125);
#9121 = LINE('',#9122,#9123);
#9122 = CARTESIAN_POINT('',(-0.,-3.366666666667));
#9123 = VECTOR('',#9124,1.);
#9124 = DIRECTION('',(-1.,-0.));
#9125 = ( GEOMETRIC_REPRESENTATION_CONTEXT(2) 
PARAMETRIC_REPRESENTATION_CONTEXT() REPRESENTATION_CONTEXT('2D SPACE',''
  ) );
#9126 = PCURVE('',#9127,#9132);
#9127 = CONICAL_SURFACE('',#9128,18.882245146375,0.293175279463);
#9128 = AXIS2_PLACEMENT_3D('',#9129,#9130,#9131);
#9129 = CARTESIAN_POINT('',(0.,0.,818.76666666666));
#9130 = DIRECTION('',(-0.,-0.,-1.));
#9131 = DIRECTION('',(1.,0.,-0.));
#9132 = DEFINITIONAL_REPRESENTATION('',(#9133),#9137);
#9133 = LINE('',#9134,#9135);
#9134 = CARTESIAN_POINT('',(-0.,-0.));
#9135 = VECTOR('',#9136,1.);
#9136 = DIRECTION('',(-1.,-0.));
#9137 = ( GEOMETRIC_REPRESENTATION_CONTEXT(2) 
PARAMETRIC_REPRESENTATION_CONTEXT() REPRESENTATION_CONTEXT('2D SPACE',''
  ) );
#9138 = ORIENTED_EDGE('',*,*,#9089,.F.);
#9139 = ADVANCED_FACE('',(#9140),#9072,.T.);
#9140 = FACE_BOUND('',#9141,.T.);
#9141 = EDGE_LOOP('',(#9142,#9143,#9166,#9193));
#9142 = ORIENTED_EDGE('',*,*,#9057,.T.);
#9143 = ORIENTED_EDGE('',*,*,#9144,.T.);
#9144 = EDGE_CURVE('',#9035,#9145,#9147,.T.);
#9145 = VERTEX_POINT('',#9146);
#9146 = CARTESIAN_POINT('',(23.779308450249,0.,808.66666666666));
#9147 = SEAM_CURVE('',#9148,(#9152,#9159),.PCURVE_S1.);
#9148 = LINE('',#9149,#9150);
#9149 = CARTESIAN_POINT('',(24.694873838529,0.,805.3));
#9150 = VECTOR('',#9151,1.);
#9151 = DIRECTION('',(-0.262419333455,0.,0.96495393332));
#9152 = PCURVE('',#9072,#9153);
#9153 = DEFINITIONAL_REPRESENTATION('',(#9154),#9158);
#9154 = LINE('',#9155,#9156);
#9155 = CARTESIAN_POINT('',(-0.,-0.));
#9156 = VECTOR('',#9157,1.);
#9157 = DIRECTION('',(-0.,-1.));
#9158 = ( GEOMETRIC_REPRESENTATION_CONTEXT(2) 
PARAMETRIC_REPRESENTATION_CONTEXT() REPRESENTATION_CONTEXT('2D SPACE',''
  ) );
#9159 = PCURVE('',#9072,#9160);
#9160 = DEFINITIONAL_REPRESENTATION('',(#9161),#9165);
#9161 = LINE('',#9162,#9163);
#9162 = CARTESIAN_POINT('',(-6.28318530718,-0.));
#9163 = VECTOR('',#9164,1.);
#9164 = DIRECTION('',(-0.,-1.));
#9165 = ( GEOMETRIC_REPRESENTATION_CONTEXT(2) 
PARAMETRIC_REPRESENTATION_CONTEXT() REPRESENTATION_CONTEXT('2D SPACE',''
  ) );
#9166 = ORIENTED_EDGE('',*,*,#9167,.F.);
#9167 = EDGE_CURVE('',#9145,#9145,#9168,.T.);
#9168 = SURFACE_CURVE('',#9169,(#9174,#9181),.PCURVE_S1.);
#9169 = CIRCLE('',#9170,23.779308450249);
#9170 = AXIS2_PLACEMENT_3D('',#9171,#9172,#9173);
#9171 = CARTESIAN_POINT('',(0.,0.,808.66666666666));
#9172 = DIRECTION('',(0.,0.,1.));
#9173 = DIRECTION('',(1.,0.,-0.));
#9174 = PCURVE('',#9072,#9175);
#9175 = DEFINITIONAL_REPRESENTATION('',(#9176),#9180);
#9176 = LINE('',#9177,#9178);
#9177 = CARTESIAN_POINT('',(-0.,-3.366666666667));
#9178 = VECTOR('',#9179,1.);
#9179 = DIRECTION('',(-1.,-0.));
#9180 = ( GEOMETRIC_REPRESENTATION_CONTEXT(2) 
PARAMETRIC_REPRESENTATION_CONTEXT() REPRESENTATION_CONTEXT('2D SPACE',''
  ) );
#9181 = PCURVE('',#9182,#9187);
#9182 = CONICAL_SURFACE('',#9183,23.779308450249,0.272419883726);
#9183 = AXIS2_PLACEMENT_3D('',#9184,#9185,#9186);
#9184 = CARTESIAN_POINT('',(0.,0.,808.66666666666));
#9185 = DIRECTION('',(-0.,-0.,-1.));
#9186 = DIRECTION('',(1.,0.,-0.));
#9187 = DEFINITIONAL_REPRESENTATION('',(#9188),#9192);
#9188 = LINE('',#9189,#9190);
#9189 = CARTESIAN_POINT('',(-0.,-0.));
#9190 = VECTOR('',#9191,1.);
#9191 = DIRECTION('',(-1.,-0.));
#9192 = ( GEOMETRIC_REPRESENTATION_CONTEXT(2) 
PARAMETRIC_REPRESENTATION_CONTEXT() REPRESENTATION_CONTEXT('2D SPACE',''
  ) );
#9193 = ORIENTED_EDGE('',*,*,#9144,.F.);
#9194 = ADVANCED_FACE('',(#9195),#9127,.F.);
#9195 = FACE_BOUND('',#9196,.F.);
#9196 = EDGE_LOOP('',(#9197,#9198,#9221,#9248));
#9197 = ORIENTED_EDGE('',*,*,#9112,.T.);
#9198 = ORIENTED_EDGE('',*,*,#9199,.T.);
#9199 = EDGE_CURVE('',#9090,#9200,#9202,.T.);
#9200 = VERTEX_POINT('',#9201);
#9201 = CARTESIAN_POINT('',(17.865935620248,0.,822.13333333333));
#9202 = SEAM_CURVE('',#9203,(#9207,#9214),.PCURVE_S1.);
#9203 = LINE('',#9204,#9205);
#9204 = CARTESIAN_POINT('',(18.882245146375,0.,818.76666666666));
#9205 = VECTOR('',#9206,1.);
#9206 = DIRECTION('',(-0.28899347055,0.,0.957331068116));
#9207 = PCURVE('',#9127,#9208);
#9208 = DEFINITIONAL_REPRESENTATION('',(#9209),#9213);
#9209 = LINE('',#9210,#9211);
#9210 = CARTESIAN_POINT('',(-0.,-0.));
#9211 = VECTOR('',#9212,1.);
#9212 = DIRECTION('',(-0.,-1.));
#9213 = ( GEOMETRIC_REPRESENTATION_CONTEXT(2) 
PARAMETRIC_REPRESENTATION_CONTEXT() REPRESENTATION_CONTEXT('2D SPACE',''
  ) );
#9214 = PCURVE('',#9127,#9215);
#9215 = DEFINITIONAL_REPRESENTATION('',(#9216),#9220);
#9216 = LINE('',#9217,#9218);
#9217 = CARTESIAN_POINT('',(-6.28318530718,-0.));
#9218 = VECTOR('',#9219,1.);
#9219 = DIRECTION('',(-0.,-1.));
#9220 = ( GEOMETRIC_REPRESENTATION_CONTEXT(2) 
PARAMETRIC_REPRESENTATION_CONTEXT() REPRESENTATION_CONTEXT('2D SPACE',''
  ) );
#9221 = ORIENTED_EDGE('',*,*,#9222,.F.);
#9222 = EDGE_CURVE('',#9200,#9200,#9223,.T.);
#9223 = SURFACE_CURVE('',#9224,(#9229,#9236),.PCURVE_S1.);
#9224 = CIRCLE('',#9225,17.865935620248);
#9225 = AXIS2_PLACEMENT_3D('',#9226,#9227,#9228);
#9226 = CARTESIAN_POINT('',(0.,0.,822.13333333333));
#9227 = DIRECTION('',(0.,0.,1.));
#9228 = DIRECTION('',(1.,0.,-0.));
#9229 = PCURVE('',#9127,#9230);
#9230 = DEFINITIONAL_REPRESENTATION('',(#9231),#9235);
#9231 = LINE('',#9232,#9233);
#9232 = CARTESIAN_POINT('',(-0.,-3.366666666667));
#9233 = VECTOR('',#9234,1.);
#9234 = DIRECTION('',(-1.,-0.));
#9235 = ( GEOMETRIC_REPRESENTATION_CONTEXT(2) 
PARAMETRIC_REPRESENTATION_CONTEXT() REPRESENTATION_CONTEXT('2D SPACE',''
  ) );
#9236 = PCURVE('',#9237,#9242);
#9237 = CONICAL_SURFACE('',#9238,17.865935620248,0.300122262398);
#9238 = AXIS2_PLACEMENT_3D('',#9239,#9240,#9241);
#9239 = CARTESIAN_POINT('',(0.,0.,822.13333333333));
#9240 = DIRECTION('',(-0.,-0.,-1.));
#9241 = DIRECTION('',(1.,0.,-0.));
#9242 = DEFINITIONAL_REPRESENTATION('',(#9243),#9247);
#9243 = LINE('',#9244,#9245);
#9244 = CARTESIAN_POINT('',(-0.,-0.));
#9245 = VECTOR('',#9246,1.);
#9246 = DIRECTION('',(-1.,-0.));
#9247 = ( GEOMETRIC_REPRESENTATION_CONTEXT(2) 
PARAMETRIC_REPRESENTATION_CONTEXT() REPRESENTATION_CONTEXT('2D SPACE',''
  ) );
#9248 = ORIENTED_EDGE('',*,*,#9199,.F.);
#9249 = ADVANCED_FACE('',(#9250),#9182,.T.);
#9250 = FACE_BOUND('',#9251,.T.);
#9251 = EDGE_LOOP('',(#9252,#9253,#9276,#9303));
#9252 = ORIENTED_EDGE('',*,*,#9167,.T.);
#9253 = ORIENTED_EDGE('',*,*,#9254,.T.);
#9254 = EDGE_CURVE('',#9145,#9255,#9257,.T.);
#9255 = VERTEX_POINT('',#9256);
#9256 = CARTESIAN_POINT('',(22.838779206855,0.,812.03333333333));
#9257 = SEAM_CURVE('',#9258,(#9262,#9269),.PCURVE_S1.);
#9258 = LINE('',#9259,#9260);
#9259 = CARTESIAN_POINT('',(23.779308450249,0.,808.66666666666));
#9260 = VECTOR('',#9261,1.);
#9261 = DIRECTION('',(-0.269062866953,0.,0.963122616092));
#9262 = PCURVE('',#9182,#9263);
#9263 = DEFINITIONAL_REPRESENTATION('',(#9264),#9268);
#9264 = LINE('',#9265,#9266);
#9265 = CARTESIAN_POINT('',(-0.,-0.));
#9266 = VECTOR('',#9267,1.);
#9267 = DIRECTION('',(-0.,-1.));
#9268 = ( GEOMETRIC_REPRESENTATION_CONTEXT(2) 
PARAMETRIC_REPRESENTATION_CONTEXT() REPRESENTATION_CONTEXT('2D SPACE',''
  ) );
#9269 = PCURVE('',#9182,#9270);
#9270 = DEFINITIONAL_REPRESENTATION('',(#9271),#9275);
#9271 = LINE('',#9272,#9273);
#9272 = CARTESIAN_POINT('',(-6.28318530718,-0.));
#9273 = VECTOR('',#9274,1.);
#9274 = DIRECTION('',(-0.,-1.));
#9275 = ( GEOMETRIC_REPRESENTATION_CONTEXT(2) 
PARAMETRIC_REPRESENTATION_CONTEXT() REPRESENTATION_CONTEXT('2D SPACE',''
  ) );
#9276 = ORIENTED_EDGE('',*,*,#9277,.F.);
#9277 = EDGE_CURVE('',#9255,#9255,#9278,.T.);
#9278 = SURFACE_CURVE('',#9279,(#9284,#9291),.PCURVE_S1.);
#9279 = CIRCLE('',#9280,22.838779206855);
#9280 = AXIS2_PLACEMENT_3D('',#9281,#9282,#9283);
#9281 = CARTESIAN_POINT('',(0.,0.,812.03333333333));
#9282 = DIRECTION('',(0.,0.,1.));
#9283 = DIRECTION('',(1.,0.,-0.));
#9284 = PCURVE('',#9182,#9285);
#9285 = DEFINITIONAL_REPRESENTATION('',(#9286),#9290);
#9286 = LINE('',#9287,#9288);
#9287 = CARTESIAN_POINT('',(-0.,-3.366666666667));
#9288 = VECTOR('',#9289,1.);
#9289 = DIRECTION('',(-1.,-0.));
#9290 = ( GEOMETRIC_REPRESENTATION_CONTEXT(2) 
PARAMETRIC_REPRESENTATION_CONTEXT() REPRESENTATION_CONTEXT('2D SPACE',''
  ) );
#9291 = PCURVE('',#9292,#9297);
#9292 = CONICAL_SURFACE('',#9293,22.838779206855,0.279324508677);
#9293 = AXIS2_PLACEMENT_3D('',#9294,#9295,#9296);
#9294 = CARTESIAN_POINT('',(0.,0.,812.03333333333));
#9295 = DIRECTION('',(-0.,-0.,-1.));
#9296 = DIRECTION('',(1.,0.,-0.));
#9297 = DEFINITIONAL_REPRESENTATION('',(#9298),#9302);
#9298 = LINE('',#9299,#9300);
#9299 = CARTESIAN_POINT('',(-0.,-0.));
#9300 = VECTOR('',#9301,1.);
#9301 = DIRECTION('',(-1.,-0.));
#9302 = ( GEOMETRIC_REPRESENTATION_CONTEXT(2) 
PARAMETRIC_REPRESENTATION_CONTEXT() REPRESENTATION_CONTEXT('2D SPACE',''
  ) );
#9303 = ORIENTED_EDGE('',*,*,#9254,.F.);
#9304 = ADVANCED_FACE('',(#9305),#9237,.F.);
#9305 = FACE_BOUND('',#9306,.F.);
#9306 = EDGE_LOOP('',(#9307,#9308,#9331,#9358));
#9307 = ORIENTED_EDGE('',*,*,#9222,.T.);
#9308 = ORIENTED_EDGE('',*,*,#9309,.T.);
#9309 = EDGE_CURVE('',#9200,#9310,#9312,.T.);
#9310 = VERTEX_POINT('',#9311);
#9311 = CARTESIAN_POINT('',(16.824052558936,0.,825.5));
#9312 = SEAM_CURVE('',#9313,(#9317,#9324),.PCURVE_S1.);
#9313 = LINE('',#9314,#9315);
#9314 = CARTESIAN_POINT('',(17.865935620248,0.,822.13333333333));
#9315 = VECTOR('',#9316,1.);
#9316 = DIRECTION('',(-0.295637006183,0.,0.955300350976));
#9317 = PCURVE('',#9237,#9318);
#9318 = DEFINITIONAL_REPRESENTATION('',(#9319),#9323);
#9319 = LINE('',#9320,#9321);
#9320 = CARTESIAN_POINT('',(-0.,-0.));
#9321 = VECTOR('',#9322,1.);
#9322 = DIRECTION('',(-0.,-1.));
#9323 = ( GEOMETRIC_REPRESENTATION_CONTEXT(2) 
PARAMETRIC_REPRESENTATION_CONTEXT() REPRESENTATION_CONTEXT('2D SPACE',''
  ) );
#9324 = PCURVE('',#9237,#9325);
#9325 = DEFINITIONAL_REPRESENTATION('',(#9326),#9330);
#9326 = LINE('',#9327,#9328);
#9327 = CARTESIAN_POINT('',(-6.28318530718,-0.));
#9328 = VECTOR('',#9329,1.);
#9329 = DIRECTION('',(-0.,-1.));
#9330 = ( GEOMETRIC_REPRESENTATION_CONTEXT(2) 
PARAMETRIC_REPRESENTATION_CONTEXT() REPRESENTATION_CONTEXT('2D SPACE',''
  ) );
#9331 = ORIENTED_EDGE('',*,*,#9332,.F.);
#9332 = EDGE_CURVE('',#9310,#9310,#9333,.T.);
#9333 = SURFACE_CURVE('',#9334,(#9339,#9346),.PCURVE_S1.);
#9334 = CIRCLE('',#9335,16.824052558936);
#9335 = AXIS2_PLACEMENT_3D('',#9336,#9337,#9338);
#9336 = CARTESIAN_POINT('',(0.,0.,825.5));
#9337 = DIRECTION('',(0.,0.,1.));
#9338 = DIRECTION('',(1.,0.,-0.));
#9339 = PCURVE('',#9237,#9340);
#9340 = DEFINITIONAL_REPRESENTATION('',(#9341),#9345);
#9341 = LINE('',#9342,#9343);
#9342 = CARTESIAN_POINT('',(-0.,-3.366666666667));
#9343 = VECTOR('',#9344,1.);
#9344 = DIRECTION('',(-1.,-0.));
#9345 = ( GEOMETRIC_REPRESENTATION_CONTEXT(2) 
PARAMETRIC_REPRESENTATION_CONTEXT() REPRESENTATION_CONTEXT('2D SPACE',''
  ) );
#9346 = PCURVE('',#9347,#9352);
#9347 = CONICAL_SURFACE('',#9348,16.824052558936,0.307084213671);
#9348 = AXIS2_PLACEMENT_3D('',#9349,#9350,#9351);
#9349 = CARTESIAN_POINT('',(0.,0.,825.5));
#9350 = DIRECTION('',(-0.,-0.,-1.));
#9351 = DIRECTION('',(1.,0.,-0.));
#9352 = DEFINITIONAL_REPRESENTATION('',(#9353),#9357);
#9353 = LINE('',#9354,#9355);
#9354 = CARTESIAN_POINT('',(-0.,-0.));
#9355 = VECTOR('',#9356,1.);
#9356 = DIRECTION('',(-1.,-0.));
#9357 = ( GEOMETRIC_REPRESENTATION_CONTEXT(2) 
PARAMETRIC_REPRESENTATION_CONTEXT() REPRESENTATION_CONTEXT('2D SPACE',''
  ) );
#9358 = ORIENTED_EDGE('',*,*,#9309,.F.);
#9359 = ADVANCED_FACE('',(#9360),#9292,.T.);
#9360 = FACE_BOUND('',#9361,.T.);
#9361 = EDGE_LOOP('',(#9362,#9363,#9386,#9413));
#9362 = ORIENTED_EDGE('',*,*,#9277,.T.);
#9363 = ORIENTED_EDGE('',*,*,#9364,.T.);
#9364 = EDGE_CURVE('',#9255,#9365,#9367,.T.);
#9365 = VERTEX_POINT('',#9366);
#9366 = CARTESIAN_POINT('',(21.873141363951,0.,815.4));
#9367 = SEAM_CURVE('',#9368,(#9372,#9379),.PCURVE_S1.);
#9368 = LINE('',#9369,#9370);
#9369 = CARTESIAN_POINT('',(22.838779206855,0.,812.03333333333));
#9370 = VECTOR('',#9371,1.);
#9371 = DIRECTION('',(-0.275706400955,0.,0.96124189488));
#9372 = PCURVE('',#9292,#9373);
#9373 = DEFINITIONAL_REPRESENTATION('',(#9374),#9378);
#9374 = LINE('',#9375,#9376);
#9375 = CARTESIAN_POINT('',(-0.,-0.));
#9376 = VECTOR('',#9377,1.);
#9377 = DIRECTION('',(-0.,-1.));
#9378 = ( GEOMETRIC_REPRESENTATION_CONTEXT(2) 
PARAMETRIC_REPRESENTATION_CONTEXT() REPRESENTATION_CONTEXT('2D SPACE',''
  ) );
#9379 = PCURVE('',#9292,#9380);
#9380 = DEFINITIONAL_REPRESENTATION('',(#9381),#9385);
#9381 = LINE('',#9382,#9383);
#9382 = CARTESIAN_POINT('',(-6.28318530718,-0.));
#9383 = VECTOR('',#9384,1.);
#9384 = DIRECTION('',(-0.,-1.));
#9385 = ( GEOMETRIC_REPRESENTATION_CONTEXT(2) 
PARAMETRIC_REPRESENTATION_CONTEXT() REPRESENTATION_CONTEXT('2D SPACE',''
  ) );
#9386 = ORIENTED_EDGE('',*,*,#9387,.F.);
#9387 = EDGE_CURVE('',#9365,#9365,#9388,.T.);
#9388 = SURFACE_CURVE('',#9389,(#9394,#9401),.PCURVE_S1.);
#9389 = CIRCLE('',#9390,21.873141363951);
#9390 = AXIS2_PLACEMENT_3D('',#9391,#9392,#9393);
#9391 = CARTESIAN_POINT('',(0.,0.,815.4));
#9392 = DIRECTION('',(0.,0.,1.));
#9393 = DIRECTION('',(1.,0.,-0.));
#9394 = PCURVE('',#9292,#9395);
#9395 = DEFINITIONAL_REPRESENTATION('',(#9396),#9400);
#9396 = LINE('',#9397,#9398);
#9397 = CARTESIAN_POINT('',(-0.,-3.366666666667));
#9398 = VECTOR('',#9399,1.);
#9399 = DIRECTION('',(-1.,-0.));
#9400 = ( GEOMETRIC_REPRESENTATION_CONTEXT(2) 
PARAMETRIC_REPRESENTATION_CONTEXT() REPRESENTATION_CONTEXT('2D SPACE',''
  ) );
#9401 = PCURVE('',#9402,#9407);
#9402 = CONICAL_SURFACE('',#9403,21.873141363951,0.286242835569);
#9403 = AXIS2_PLACEMENT_3D('',#9404,#9405,#9406);
#9404 = CARTESIAN_POINT('',(0.,0.,815.4));
#9405 = DIRECTION('',(-0.,-0.,-1.));
#9406 = DIRECTION('',(1.,0.,-0.));
#9407 = DEFINITIONAL_REPRESENTATION('',(#9408),#9412);
#9408 = LINE('',#9409,#9410);
#9409 = CARTESIAN_POINT('',(-0.,-0.));
#9410 = VECTOR('',#9411,1.);
#9411 = DIRECTION('',(-1.,-0.));
#9412 = ( GEOMETRIC_REPRESENTATION_CONTEXT(2) 
PARAMETRIC_REPRESENTATION_CONTEXT() REPRESENTATION_CONTEXT('2D SPACE',''
  ) );
#9413 = ORIENTED_EDGE('',*,*,#9364,.F.);
#9414 = ADVANCED_FACE('',(#9415),#9347,.F.);
#9415 = FACE_BOUND('',#9416,.F.);
#9416 = EDGE_LOOP('',(#9417,#9418,#9441,#9468));
#9417 = ORIENTED_EDGE('',*,*,#9332,.T.);
#9418 = ORIENTED_EDGE('',*,*,#9419,.T.);
#9419 = EDGE_CURVE('',#9310,#9420,#9422,.T.);
#9420 = VERTEX_POINT('',#9421);
#9421 = CARTESIAN_POINT('',(15.756430302649,0.,828.86666666666));
#9422 = SEAM_CURVE('',#9423,(#9427,#9434),.PCURVE_S1.);
#9423 = LINE('',#9424,#9425);
#9424 = CARTESIAN_POINT('',(16.824052558936,0.,825.5));
#9425 = VECTOR('',#9426,1.);
#9426 = DIRECTION('',(-0.3022805424,0.,0.95321900615));
#9427 = PCURVE('',#9347,#9428);
#9428 = DEFINITIONAL_REPRESENTATION('',(#9429),#9433);
#9429 = LINE('',#9430,#9431);
#9430 = CARTESIAN_POINT('',(-0.,-0.));
#9431 = VECTOR('',#9432,1.);
#9432 = DIRECTION('',(-0.,-1.));
#9433 = ( GEOMETRIC_REPRESENTATION_CONTEXT(2) 
PARAMETRIC_REPRESENTATION_CONTEXT() REPRESENTATION_CONTEXT('2D SPACE',''
  ) );
#9434 = PCURVE('',#9347,#9435);
#9435 = DEFINITIONAL_REPRESENTATION('',(#9436),#9440);
#9436 = LINE('',#9437,#9438);
#9437 = CARTESIAN_POINT('',(-6.28318530718,-0.));
#9438 = VECTOR('',#9439,1.);
#9439 = DIRECTION('',(-0.,-1.));
#9440 = ( GEOMETRIC_REPRESENTATION_CONTEXT(2) 
PARAMETRIC_REPRESENTATION_CONTEXT() REPRESENTATION_CONTEXT('2D SPACE',''
  ) );
#9441 = ORIENTED_EDGE('',*,*,#9442,.F.);
#9442 = EDGE_CURVE('',#9420,#9420,#9443,.T.);
#9443 = SURFACE_CURVE('',#9444,(#9449,#9456),.PCURVE_S1.);
#9444 = CIRCLE('',#9445,15.756430302649);
#9445 = AXIS2_PLACEMENT_3D('',#9446,#9447,#9448);
#9446 = CARTESIAN_POINT('',(0.,0.,828.86666666666));
#9447 = DIRECTION('',(0.,0.,1.));
#9448 = DIRECTION('',(1.,0.,-0.));
#9449 = PCURVE('',#9347,#9450);
#9450 = DEFINITIONAL_REPRESENTATION('',(#9451),#9455);
#9451 = LINE('',#9452,#9453);
#9452 = CARTESIAN_POINT('',(-0.,-3.366666666667));
#9453 = VECTOR('',#9454,1.);
#9454 = DIRECTION('',(-1.,-0.));
#9455 = ( GEOMETRIC_REPRESENTATION_CONTEXT(2) 
PARAMETRIC_REPRESENTATION_CONTEXT() REPRESENTATION_CONTEXT('2D SPACE',''
  ) );
#9456 = PCURVE('',#9457,#9462);
#9457 = CONICAL_SURFACE('',#9458,15.756430302649,0.314061570139);
#9458 = AXIS2_PLACEMENT_3D('',#9459,#9460,#9461);
#9459 = CARTESIAN_POINT('',(0.,0.,828.86666666666));
#9460 = DIRECTION('',(-0.,-0.,-1.));
#9461 = DIRECTION('',(1.,0.,-0.));
#9462 = DEFINITIONAL_REPRESENTATION('',(#9463),#9467);
#9463 = LINE('',#9464,#9465);
#9464 = CARTESIAN_POINT('',(-0.,-0.));
#9465 = VECTOR('',#9466,1.);
#9466 = DIRECTION('',(-1.,-0.));
#9467 = ( GEOMETRIC_REPRESENTATION_CONTEXT(2) 
PARAMETRIC_REPRESENTATION_CONTEXT() REPRESENTATION_CONTEXT('2D SPACE',''
  ) );
#9468 = ORIENTED_EDGE('',*,*,#9419,.F.);
#9469 = ADVANCED_FACE('',(#9470),#9402,.T.);
#9470 = FACE_BOUND('',#9471,.T.);
#9471 = EDGE_LOOP('',(#9472,#9473,#9496,#9523));
#9472 = ORIENTED_EDGE('',*,*,#9387,.T.);
#9473 = ORIENTED_EDGE('',*,*,#9474,.T.);
#9474 = EDGE_CURVE('',#9365,#9475,#9477,.T.);
#9475 = VERTEX_POINT('',#9476);
#9476 = CARTESIAN_POINT('',(20.882245146375,0.,818.76666666666));
#9477 = SEAM_CURVE('',#9478,(#9482,#9489),.PCURVE_S1.);
#9478 = LINE('',#9479,#9480);
#9479 = CARTESIAN_POINT('',(21.873141363951,0.,815.4));
#9480 = VECTOR('',#9481,1.);
#9481 = DIRECTION('',(-0.282349935481,0.,0.959311479101));
#9482 = PCURVE('',#9402,#9483);
#9483 = DEFINITIONAL_REPRESENTATION('',(#9484),#9488);
#9484 = LINE('',#9485,#9486);
#9485 = CARTESIAN_POINT('',(-0.,-0.));
#9486 = VECTOR('',#9487,1.);
#9487 = DIRECTION('',(-0.,-1.));
#9488 = ( GEOMETRIC_REPRESENTATION_CONTEXT(2) 
PARAMETRIC_REPRESENTATION_CONTEXT() REPRESENTATION_CONTEXT('2D SPACE',''
  ) );
#9489 = PCURVE('',#9402,#9490);
#9490 = DEFINITIONAL_REPRESENTATION('',(#9491),#9495);
#9491 = LINE('',#9492,#9493);
#9492 = CARTESIAN_POINT('',(-6.28318530718,-0.));
#9493 = VECTOR('',#9494,1.);
#9494 = DIRECTION('',(-0.,-1.));
#9495 = ( GEOMETRIC_REPRESENTATION_CONTEXT(2) 
PARAMETRIC_REPRESENTATION_CONTEXT() REPRESENTATION_CONTEXT('2D SPACE',''
  ) );
#9496 = ORIENTED_EDGE('',*,*,#9497,.F.);
#9497 = EDGE_CURVE('',#9475,#9475,#9498,.T.);
#9498 = SURFACE_CURVE('',#9499,(#9504,#9511),.PCURVE_S1.);
#9499 = CIRCLE('',#9500,20.882245146375);
#9500 = AXIS2_PLACEMENT_3D('',#9501,#9502,#9503);
#9501 = CARTESIAN_POINT('',(0.,0.,818.76666666666));
#9502 = DIRECTION('',(0.,0.,1.));
#9503 = DIRECTION('',(1.,0.,-0.));
#9504 = PCURVE('',#9402,#9505);
#9505 = DEFINITIONAL_REPRESENTATION('',(#9506),#9510);
#9506 = LINE('',#9507,#9508);
#9507 = CARTESIAN_POINT('',(-0.,-3.366666666667));
#9508 = VECTOR('',#9509,1.);
#9509 = DIRECTION('',(-1.,-0.));
#9510 = ( GEOMETRIC_REPRESENTATION_CONTEXT(2) 
PARAMETRIC_REPRESENTATION_CONTEXT() REPRESENTATION_CONTEXT('2D SPACE',''
  ) );
#9511 = PCURVE('',#9512,#9517);
#9512 = CONICAL_SURFACE('',#9513,20.882245146375,0.293175279463);
#9513 = AXIS2_PLACEMENT_3D('',#9514,#9515,#9516);
#9514 = CARTESIAN_POINT('',(0.,0.,818.76666666666));
#9515 = DIRECTION('',(-0.,-0.,-1.));
#9516 = DIRECTION('',(1.,0.,-0.));
#9517 = DEFINITIONAL_REPRESENTATION('',(#9518),#9522);
#9518 = LINE('',#9519,#9520);
#9519 = CARTESIAN_POINT('',(-0.,-0.));
#9520 = VECTOR('',#9521,1.);
#9521 = DIRECTION('',(-1.,-0.));
#9522 = ( GEOMETRIC_REPRESENTATION_CONTEXT(2) 
PARAMETRIC_REPRESENTATION_CONTEXT() REPRESENTATION_CONTEXT('2D SPACE',''
  ) );
#9523 = ORIENTED_EDGE('',*,*,#9474,.F.);
#9524 = ADVANCED_FACE('',(#9525),#9457,.F.);
#9525 = FACE_BOUND('',#9526,.F.);
#9526 = EDGE_LOOP('',(#9527,#9528,#9551,#9578));
#9527 = ORIENTED_EDGE('',*,*,#9442,.T.);
#9528 = ORIENTED_EDGE('',*,*,#9529,.T.);
#9529 = EDGE_CURVE('',#9420,#9530,#9532,.T.);
#9530 = VERTEX_POINT('',#9531);
#9531 = CARTESIAN_POINT('',(14.662897611359,0.,832.23333333333));
#9532 = SEAM_CURVE('',#9533,(#9537,#9544),.PCURVE_S1.);
#9533 = LINE('',#9534,#9535);
#9534 = CARTESIAN_POINT('',(15.756430302649,0.,828.86666666666));
#9535 = VECTOR('',#9536,1.);
#9536 = DIRECTION('',(-0.308924079225,0.,0.95108670124));
#9537 = PCURVE('',#9457,#9538);
#9538 = DEFINITIONAL_REPRESENTATION('',(#9539),#9543);
#9539 = LINE('',#9540,#9541);
#9540 = CARTESIAN_POINT('',(-0.,-0.));
#9541 = VECTOR('',#9542,1.);
#9542 = DIRECTION('',(-0.,-1.));
#9543 = ( GEOMETRIC_REPRESENTATION_CONTEXT(2) 
PARAMETRIC_REPRESENTATION_CONTEXT() REPRESENTATION_CONTEXT('2D SPACE',''
  ) );
#9544 = PCURVE('',#9457,#9545);
#9545 = DEFINITIONAL_REPRESENTATION('',(#9546),#9550);
#9546 = LINE('',#9547,#9548);
#9547 = CARTESIAN_POINT('',(-6.28318530718,-0.));
#9548 = VECTOR('',#9549,1.);
#9549 = DIRECTION('',(-0.,-1.));
#9550 = ( GEOMETRIC_REPRESENTATION_CONTEXT(2) 
PARAMETRIC_REPRESENTATION_CONTEXT() REPRESENTATION_CONTEXT('2D SPACE',''
  ) );
#9551 = ORIENTED_EDGE('',*,*,#9552,.F.);
#9552 = EDGE_CURVE('',#9530,#9530,#9553,.T.);
#9553 = SURFACE_CURVE('',#9554,(#9559,#9566),.PCURVE_S1.);
#9554 = CIRCLE('',#9555,14.662897611359);
#9555 = AXIS2_PLACEMENT_3D('',#9556,#9557,#9558);
#9556 = CARTESIAN_POINT('',(0.,0.,832.23333333333));
#9557 = DIRECTION('',(0.,0.,1.));
#9558 = DIRECTION('',(1.,0.,-0.));
#9559 = PCURVE('',#9457,#9560);
#9560 = DEFINITIONAL_REPRESENTATION('',(#9561),#9565);
#9561 = LINE('',#9562,#9563);
#9562 = CARTESIAN_POINT('',(-0.,-3.366666666667));
#9563 = VECTOR('',#9564,1.);
#9564 = DIRECTION('',(-1.,-0.));
#9565 = ( GEOMETRIC_REPRESENTATION_CONTEXT(2) 
PARAMETRIC_REPRESENTATION_CONTEXT() REPRESENTATION_CONTEXT('2D SPACE',''
  ) );
#9566 = PCURVE('',#9567,#9572);
#9567 = CONICAL_SURFACE('',#9568,14.662897611359,0.321054776524);
#9568 = AXIS2_PLACEMENT_3D('',#9569,#9570,#9571);
#9569 = CARTESIAN_POINT('',(0.,0.,832.23333333333));
#9570 = DIRECTION('',(-0.,-0.,-1.));
#9571 = DIRECTION('',(1.,0.,-0.));
#9572 = DEFINITIONAL_REPRESENTATION('',(#9573),#9577);
#9573 = LINE('',#9574,#9575);
#9574 = CARTESIAN_POINT('',(-0.,-0.));
#9575 = VECTOR('',#9576,1.);
#9576 = DIRECTION('',(-1.,-0.));
#9577 = ( GEOMETRIC_REPRESENTATION_CONTEXT(2) 
PARAMETRIC_REPRESENTATION_CONTEXT() REPRESENTATION_CONTEXT('2D SPACE',''
  ) );
#9578 = ORIENTED_EDGE('',*,*,#9529,.F.);
#9579 = ADVANCED_FACE('',(#9580),#9512,.T.);
#9580 = FACE_BOUND('',#9581,.T.);
#9581 = EDGE_LOOP('',(#9582,#9583,#9606,#9633));
#9582 = ORIENTED_EDGE('',*,*,#9497,.T.);
#9583 = ORIENTED_EDGE('',*,*,#9584,.T.);
#9584 = EDGE_CURVE('',#9475,#9585,#9587,.T.);
#9585 = VERTEX_POINT('',#9586);
#9586 = CARTESIAN_POINT('',(19.865935620248,0.,822.13333333333));
#9587 = SEAM_CURVE('',#9588,(#9592,#9599),.PCURVE_S1.);
#9588 = LINE('',#9589,#9590);
#9589 = CARTESIAN_POINT('',(20.882245146375,0.,818.76666666666));
#9590 = VECTOR('',#9591,1.);
#9591 = DIRECTION('',(-0.28899347055,0.,0.957331068116));
#9592 = PCURVE('',#9512,#9593);
#9593 = DEFINITIONAL_REPRESENTATION('',(#9594),#9598);
#9594 = LINE('',#9595,#9596);
#9595 = CARTESIAN_POINT('',(-0.,-0.));
#9596 = VECTOR('',#9597,1.);
#9597 = DIRECTION('',(-0.,-1.));
#9598 = ( GEOMETRIC_REPRESENTATION_CONTEXT(2) 
PARAMETRIC_REPRESENTATION_CONTEXT() REPRESENTATION_CONTEXT('2D SPACE',''
  ) );
#9599 = PCURVE('',#9512,#9600);
#9600 = DEFINITIONAL_REPRESENTATION('',(#9601),#9605);
#9601 = LINE('',#9602,#9603);
#9602 = CARTESIAN_POINT('',(-6.28318530718,-0.));
#9603 = VECTOR('',#9604,1.);
#9604 = DIRECTION('',(-0.,-1.));
#9605 = ( GEOMETRIC_REPRESENTATION_CONTEXT(2) 
PARAMETRIC_REPRESENTATION_CONTEXT() REPRESENTATION_CONTEXT('2D SPACE',''
  ) );
#9606 = ORIENTED_EDGE('',*,*,#9607,.F.);
#9607 = EDGE_CURVE('',#9585,#9585,#9608,.T.);
#9608 = SURFACE_CURVE('',#9609,(#9614,#9621),.PCURVE_S1.);
#9609 = CIRCLE('',#9610,19.865935620248);
#9610 = AXIS2_PLACEMENT_3D('',#9611,#9612,#9613);
#9611 = CARTESIAN_POINT('',(0.,0.,822.13333333333));
#9612 = DIRECTION('',(0.,0.,1.));
#9613 = DIRECTION('',(1.,0.,-0.));
#9614 = PCURVE('',#9512,#9615);
#9615 = DEFINITIONAL_REPRESENTATION('',(#9616),#9620);
#9616 = LINE('',#9617,#9618);
#9617 = CARTESIAN_POINT('',(-0.,-3.366666666667));
#9618 = VECTOR('',#9619,1.);
#9619 = DIRECTION('',(-1.,-0.));
#9620 = ( GEOMETRIC_REPRESENTATION_CONTEXT(2) 
PARAMETRIC_REPRESENTATION_CONTEXT() REPRESENTATION_CONTEXT('2D SPACE',''
  ) );
#9621 = PCURVE('',#9622,#9627);
#9622 = CONICAL_SURFACE('',#9623,19.865935620248,0.300122262398);
#9623 = AXIS2_PLACEMENT_3D('',#9624,#9625,#9626);
#9624 = CARTESIAN_POINT('',(0.,0.,822.13333333333));
#9625 = DIRECTION('',(-0.,-0.,-1.));
#9626 = DIRECTION('',(1.,0.,-0.));
#9627 = DEFINITIONAL_REPRESENTATION('',(#9628),#9632);
#9628 = LINE('',#9629,#9630);
#9629 = CARTESIAN_POINT('',(-0.,-0.));
#9630 = VECTOR('',#9631,1.);
#9631 = DIRECTION('',(-1.,-0.));
#9632 = ( GEOMETRIC_REPRESENTATION_CONTEXT(2) 
PARAMETRIC_REPRESENTATION_CONTEXT() REPRESENTATION_CONTEXT('2D SPACE',''
  ) );
#9633 = ORIENTED_EDGE('',*,*,#9584,.F.);
#9634 = ADVANCED_FACE('',(#9635),#9567,.F.);
#9635 = FACE_BOUND('',#9636,.F.);
#9636 = EDGE_LOOP('',(#9637,#9638,#9661,#9688));
#9637 = ORIENTED_EDGE('',*,*,#9552,.T.);
#9638 = ORIENTED_EDGE('',*,*,#9639,.T.);
#9639 = EDGE_CURVE('',#9530,#9640,#9642,.T.);
#9640 = VERTEX_POINT('',#9641);
#9641 = CARTESIAN_POINT('',(13.543277510693,0.,835.6));
#9642 = SEAM_CURVE('',#9643,(#9647,#9654),.PCURVE_S1.);
#9643 = LINE('',#9644,#9645);
#9644 = CARTESIAN_POINT('',(14.662897611359,0.,832.23333333333));
#9645 = VECTOR('',#9646,1.);
#9646 = DIRECTION('',(-0.315567616679,0.,0.948903092683));
#9647 = PCURVE('',#9567,#9648);
#9648 = DEFINITIONAL_REPRESENTATION('',(#9649),#9653);
#9649 = LINE('',#9650,#9651);
#9650 = CARTESIAN_POINT('',(-0.,-0.));
#9651 = VECTOR('',#9652,1.);
#9652 = DIRECTION('',(-0.,-1.));
#9653 = ( GEOMETRIC_REPRESENTATION_CONTEXT(2) 
PARAMETRIC_REPRESENTATION_CONTEXT() REPRESENTATION_CONTEXT('2D SPACE',''
  ) );
#9654 = PCURVE('',#9567,#9655);
#9655 = DEFINITIONAL_REPRESENTATION('',(#9656),#9660);
#9656 = LINE('',#9657,#9658);
#9657 = CARTESIAN_POINT('',(-6.28318530718,-0.));
#9658 = VECTOR('',#9659,1.);
#9659 = DIRECTION('',(-0.,-1.));
#9660 = ( GEOMETRIC_REPRESENTATION_CONTEXT(2) 
PARAMETRIC_REPRESENTATION_CONTEXT() REPRESENTATION_CONTEXT('2D SPACE',''
  ) );
#9661 = ORIENTED_EDGE('',*,*,#9662,.F.);
#9662 = EDGE_CURVE('',#9640,#9640,#9663,.T.);
#9663 = SURFACE_CURVE('',#9664,(#9669,#9676),.PCURVE_S1.);
#9664 = CIRCLE('',#9665,13.543277510693);
#9665 = AXIS2_PLACEMENT_3D('',#9666,#9667,#9668);
#9666 = CARTESIAN_POINT('',(0.,0.,835.6));
#9667 = DIRECTION('',(0.,0.,1.));
#9668 = DIRECTION('',(1.,0.,-0.));
#9669 = PCURVE('',#9567,#9670);
#9670 = DEFINITIONAL_REPRESENTATION('',(#9671),#9675);
#9671 = LINE('',#9672,#9673);
#9672 = CARTESIAN_POINT('',(-0.,-3.366666666667));
#9673 = VECTOR('',#9674,1.);
#9674 = DIRECTION('',(-1.,-0.));
#9675 = ( GEOMETRIC_REPRESENTATION_CONTEXT(2) 
PARAMETRIC_REPRESENTATION_CONTEXT() REPRESENTATION_CONTEXT('2D SPACE',''
  ) );
#9676 = PCURVE('',#9677,#9682);
#9677 = CONICAL_SURFACE('',#9678,13.543277510693,0.328064285734);
#9678 = AXIS2_PLACEMENT_3D('',#9679,#9680,#9681);
#9679 = CARTESIAN_POINT('',(0.,0.,835.6));
#9680 = DIRECTION('',(-0.,-0.,-1.));
#9681 = DIRECTION('',(1.,0.,-0.));
#9682 = DEFINITIONAL_REPRESENTATION('',(#9683),#9687);
#9683 = LINE('',#9684,#9685);
#9684 = CARTESIAN_POINT('',(-0.,-0.));
#9685 = VECTOR('',#9686,1.);
#9686 = DIRECTION('',(-1.,-0.));
#9687 = ( GEOMETRIC_REPRESENTATION_CONTEXT(2) 
PARAMETRIC_REPRESENTATION_CONTEXT() REPRESENTATION_CONTEXT('2D SPACE',''
  ) );
#9688 = ORIENTED_EDGE('',*,*,#9639,.F.);
#9689 = ADVANCED_FACE('',(#9690),#9622,.T.);
#9690 = FACE_BOUND('',#9691,.T.);
#9691 = EDGE_LOOP('',(#9692,#9693,#9716,#9743));
#9692 = ORIENTED_EDGE('',*,*,#9607,.T.);
#9693 = ORIENTED_EDGE('',*,*,#9694,.T.);
#9694 = EDGE_CURVE('',#9585,#9695,#9697,.T.);
#9695 = VERTEX_POINT('',#9696);
#9696 = CARTESIAN_POINT('',(18.824052558936,0.,825.5));
#9697 = SEAM_CURVE('',#9698,(#9702,#9709),.PCURVE_S1.);
#9698 = LINE('',#9699,#9700);
#9699 = CARTESIAN_POINT('',(19.865935620248,0.,822.13333333333));
#9700 = VECTOR('',#9701,1.);
#9701 = DIRECTION('',(-0.295637006183,0.,0.955300350976));
#9702 = PCURVE('',#9622,#9703);
#9703 = DEFINITIONAL_REPRESENTATION('',(#9704),#9708);
#9704 = LINE('',#9705,#9706);
#9705 = CARTESIAN_POINT('',(-0.,-0.));
#9706 = VECTOR('',#9707,1.);
#9707 = DIRECTION('',(-0.,-1.));
#9708 = ( GEOMETRIC_REPRESENTATION_CONTEXT(2) 
PARAMETRIC_REPRESENTATION_CONTEXT() REPRESENTATION_CONTEXT('2D SPACE',''
  ) );
#9709 = PCURVE('',#9622,#9710);
#9710 = DEFINITIONAL_REPRESENTATION('',(#9711),#9715);
#9711 = LINE('',#9712,#9713);
#9712 = CARTESIAN_POINT('',(-6.28318530718,-0.));
#9713 = VECTOR('',#9714,1.);
#9714 = DIRECTION('',(-0.,-1.));
#9715 = ( GEOMETRIC_REPRESENTATION_CONTEXT(2) 
PARAMETRIC_REPRESENTATION_CONTEXT() REPRESENTATION_CONTEXT('2D SPACE',''
  ) );
#9716 = ORIENTED_EDGE('',*,*,#9717,.F.);
#9717 = EDGE_CURVE('',#9695,#9695,#9718,.T.);
#9718 = SURFACE_CURVE('',#9719,(#9724,#9731),.PCURVE_S1.);
#9719 = CIRCLE('',#9720,18.824052558936);
#9720 = AXIS2_PLACEMENT_3D('',#9721,#9722,#9723);
#9721 = CARTESIAN_POINT('',(0.,0.,825.5));
#9722 = DIRECTION('',(0.,0.,1.));
#9723 = DIRECTION('',(1.,0.,-0.));
#9724 = PCURVE('',#9622,#9725);
#9725 = DEFINITIONAL_REPRESENTATION('',(#9726),#9730);
#9726 = LINE('',#9727,#9728);
#9727 = CARTESIAN_POINT('',(-0.,-3.366666666667));
#9728 = VECTOR('',#9729,1.);
#9729 = DIRECTION('',(-1.,-0.));
#9730 = ( GEOMETRIC_REPRESENTATION_CONTEXT(2) 
PARAMETRIC_REPRESENTATION_CONTEXT() REPRESENTATION_CONTEXT('2D SPACE',''
  ) );
#9731 = PCURVE('',#9732,#9737);
#9732 = CONICAL_SURFACE('',#9733,18.824052558936,0.307084213671);
#9733 = AXIS2_PLACEMENT_3D('',#9734,#9735,#9736);
#9734 = CARTESIAN_POINT('',(0.,0.,825.5));
#9735 = DIRECTION('',(-0.,-0.,-1.));
#9736 = DIRECTION('',(1.,0.,-0.));
#9737 = DEFINITIONAL_REPRESENTATION('',(#9738),#9742);
#9738 = LINE('',#9739,#9740);
#9739 = CARTESIAN_POINT('',(-0.,-0.));
#9740 = VECTOR('',#9741,1.);
#9741 = DIRECTION('',(-1.,-0.));
#9742 = ( GEOMETRIC_REPRESENTATION_CONTEXT(2) 
PARAMETRIC_REPRESENTATION_CONTEXT() REPRESENTATION_CONTEXT('2D SPACE',''
  ) );
#9743 = ORIENTED_EDGE('',*,*,#9694,.F.);
#9744 = ADVANCED_FACE('',(#9745),#9677,.F.);
#9745 = FACE_BOUND('',#9746,.F.);
#9746 = EDGE_LOOP('',(#9747,#9748,#9771,#9798));
#9747 = ORIENTED_EDGE('',*,*,#9662,.T.);
#9748 = ORIENTED_EDGE('',*,*,#9749,.T.);
#9749 = EDGE_CURVE('',#9640,#9750,#9752,.T.);
#9750 = VERTEX_POINT('',#9751);
#9751 = CARTESIAN_POINT('',(12.397387130471,0.,838.96666666666));
#9752 = SEAM_CURVE('',#9753,(#9757,#9764),.PCURVE_S1.);
#9753 = LINE('',#9754,#9755);
#9754 = CARTESIAN_POINT('',(13.543277510693,0.,835.6));
#9755 = VECTOR('',#9756,1.);
#9756 = DIRECTION('',(-0.322211154785,0.,0.946667825445));
#9757 = PCURVE('',#9677,#9758);
#9758 = DEFINITIONAL_REPRESENTATION('',(#9759),#9763);
#9759 = LINE('',#9760,#9761);
#9760 = CARTESIAN_POINT('',(-0.,-0.));
#9761 = VECTOR('',#9762,1.);
#9762 = DIRECTION('',(-0.,-1.));
#9763 = ( GEOMETRIC_REPRESENTATION_CONTEXT(2) 
PARAMETRIC_REPRESENTATION_CONTEXT() REPRESENTATION_CONTEXT('2D SPACE',''
  ) );
#9764 = PCURVE('',#9677,#9765);
#9765 = DEFINITIONAL_REPRESENTATION('',(#9766),#9770);
#9766 = LINE('',#9767,#9768);
#9767 = CARTESIAN_POINT('',(-6.28318530718,-0.));
#9768 = VECTOR('',#9769,1.);
#9769 = DIRECTION('',(-0.,-1.));
#9770 = ( GEOMETRIC_REPRESENTATION_CONTEXT(2) 
PARAMETRIC_REPRESENTATION_CONTEXT() REPRESENTATION_CONTEXT('2D SPACE',''
  ) );
#9771 = ORIENTED_EDGE('',*,*,#9772,.F.);
#9772 = EDGE_CURVE('',#9750,#9750,#9773,.T.);
#9773 = SURFACE_CURVE('',#9774,(#9779,#9786),.PCURVE_S1.);
#9774 = CIRCLE('',#9775,12.397387130471);
#9775 = AXIS2_PLACEMENT_3D('',#9776,#9777,#9778);
#9776 = CARTESIAN_POINT('',(0.,0.,838.96666666666));
#9777 = DIRECTION('',(0.,0.,1.));
#9778 = DIRECTION('',(1.,0.,-0.));
#9779 = PCURVE('',#9677,#9780);
#9780 = DEFINITIONAL_REPRESENTATION('',(#9781),#9785);
#9781 = LINE('',#9782,#9783);
#9782 = CARTESIAN_POINT('',(-0.,-3.366666666667));
#9783 = VECTOR('',#9784,1.);
#9784 = DIRECTION('',(-1.,-0.));
#9785 = ( GEOMETRIC_REPRESENTATION_CONTEXT(2) 
PARAMETRIC_REPRESENTATION_CONTEXT() REPRESENTATION_CONTEXT('2D SPACE',''
  ) );
#9786 = PCURVE('',#9787,#9792);
#9787 = CONICAL_SURFACE('',#9788,12.397387130471,0.335090559201);
#9788 = AXIS2_PLACEMENT_3D('',#9789,#9790,#9791);
#9789 = CARTESIAN_POINT('',(0.,0.,838.96666666666));
#9790 = DIRECTION('',(-0.,-0.,-1.));
#9791 = DIRECTION('',(1.,0.,-0.));
#9792 = DEFINITIONAL_REPRESENTATION('',(#9793),#9797);
#9793 = LINE('',#9794,#9795);
#9794 = CARTESIAN_POINT('',(-0.,-0.));
#9795 = VECTOR('',#9796,1.);
#9796 = DIRECTION('',(-1.,-0.));
#9797 = ( GEOMETRIC_REPRESENTATION_CONTEXT(2) 
PARAMETRIC_REPRESENTATION_CONTEXT() REPRESENTATION_CONTEXT('2D SPACE',''
  ) );
#9798 = ORIENTED_EDGE('',*,*,#9749,.F.);
#9799 = ADVANCED_FACE('',(#9800),#9732,.T.);
#9800 = FACE_BOUND('',#9801,.T.);
#9801 = EDGE_LOOP('',(#9802,#9803,#9826,#9853));
#9802 = ORIENTED_EDGE('',*,*,#9717,.T.);
#9803 = ORIENTED_EDGE('',*,*,#9804,.T.);
#9804 = EDGE_CURVE('',#9695,#9805,#9807,.T.);
#9805 = VERTEX_POINT('',#9806);
#9806 = CARTESIAN_POINT('',(17.756430302649,0.,828.86666666666));
#9807 = SEAM_CURVE('',#9808,(#9812,#9819),.PCURVE_S1.);
#9808 = LINE('',#9809,#9810);
#9809 = CARTESIAN_POINT('',(18.824052558936,0.,825.5));
#9810 = VECTOR('',#9811,1.);
#9811 = DIRECTION('',(-0.3022805424,0.,0.95321900615));
#9812 = PCURVE('',#9732,#9813);
#9813 = DEFINITIONAL_REPRESENTATION('',(#9814),#9818);
#9814 = LINE('',#9815,#9816);
#9815 = CARTESIAN_POINT('',(-0.,-0.));
#9816 = VECTOR('',#9817,1.);
#9817 = DIRECTION('',(-0.,-1.));
#9818 = ( GEOMETRIC_REPRESENTATION_CONTEXT(2) 
PARAMETRIC_REPRESENTATION_CONTEXT() REPRESENTATION_CONTEXT('2D SPACE',''
  ) );
#9819 = PCURVE('',#9732,#9820);
#9820 = DEFINITIONAL_REPRESENTATION('',(#9821),#9825);
#9821 = LINE('',#9822,#9823);
#9822 = CARTESIAN_POINT('',(-6.28318530718,-0.));
#9823 = VECTOR('',#9824,1.);
#9824 = DIRECTION('',(-0.,-1.));
#9825 = ( GEOMETRIC_REPRESENTATION_CONTEXT(2) 
PARAMETRIC_REPRESENTATION_CONTEXT() REPRESENTATION_CONTEXT('2D SPACE',''
  ) );
#9826 = ORIENTED_EDGE('',*,*,#9827,.F.);
#9827 = EDGE_CURVE('',#9805,#9805,#9828,.T.);
#9828 = SURFACE_CURVE('',#9829,(#9834,#9841),.PCURVE_S1.);
#9829 = CIRCLE('',#9830,17.756430302649);
#9830 = AXIS2_PLACEMENT_3D('',#9831,#9832,#9833);
#9831 = CARTESIAN_POINT('',(0.,0.,828.86666666666));
#9832 = DIRECTION('',(0.,0.,1.));
#9833 = DIRECTION('',(1.,0.,-0.));
#9834 = PCURVE('',#9732,#9835);
#9835 = DEFINITIONAL_REPRESENTATION('',(#9836),#9840);
#9836 = LINE('',#9837,#9838);
#9837 = CARTESIAN_POINT('',(-0.,-3.366666666667));
#9838 = VECTOR('',#9839,1.);
#9839 = DIRECTION('',(-1.,-0.));
#9840 = ( GEOMETRIC_REPRESENTATION_CONTEXT(2) 
PARAMETRIC_REPRESENTATION_CONTEXT() REPRESENTATION_CONTEXT('2D SPACE',''
  ) );
#9841 = PCURVE('',#9842,#9847);
#9842 = CONICAL_SURFACE('',#9843,17.756430302649,0.314061570139);
#9843 = AXIS2_PLACEMENT_3D('',#9844,#9845,#9846);
#9844 = CARTESIAN_POINT('',(0.,0.,828.86666666666));
#9845 = DIRECTION('',(-0.,-0.,-1.));
#9846 = DIRECTION('',(1.,0.,-0.));
#9847 = DEFINITIONAL_REPRESENTATION('',(#9848),#9852);
#9848 = LINE('',#9849,#9850);
#9849 = CARTESIAN_POINT('',(-0.,-0.));
#9850 = VECTOR('',#9851,1.);
#9851 = DIRECTION('',(-1.,-0.));
#9852 = ( GEOMETRIC_REPRESENTATION_CONTEXT(2) 
PARAMETRIC_REPRESENTATION_CONTEXT() REPRESENTATION_CONTEXT('2D SPACE',''
  ) );
#9853 = ORIENTED_EDGE('',*,*,#9804,.F.);
#9854 = ADVANCED_FACE('',(#9855),#9787,.F.);
#9855 = FACE_BOUND('',#9856,.F.);
#9856 = EDGE_LOOP('',(#9857,#9858,#9881,#9908));
#9857 = ORIENTED_EDGE('',*,*,#9772,.T.);
#9858 = ORIENTED_EDGE('',*,*,#9859,.T.);
#9859 = EDGE_CURVE('',#9750,#9860,#9862,.T.);
#9860 = VERTEX_POINT('',#9861);
#9861 = CARTESIAN_POINT('',(11.225037535479,0.,842.33333333333));
#9862 = SEAM_CURVE('',#9863,(#9867,#9874),.PCURVE_S1.);
#9863 = LINE('',#9864,#9865);
#9864 = CARTESIAN_POINT('',(12.397387130471,0.,838.96666666666));
#9865 = VECTOR('',#9866,1.);
#9866 = DIRECTION('',(-0.328854693568,0.,0.944380532687));
#9867 = PCURVE('',#9787,#9868);
#9868 = DEFINITIONAL_REPRESENTATION('',(#9869),#9873);
#9869 = LINE('',#9870,#9871);
#9870 = CARTESIAN_POINT('',(-0.,-0.));
#9871 = VECTOR('',#9872,1.);
#9872 = DIRECTION('',(-0.,-1.));
#9873 = ( GEOMETRIC_REPRESENTATION_CONTEXT(2) 
PARAMETRIC_REPRESENTATION_CONTEXT() REPRESENTATION_CONTEXT('2D SPACE',''
  ) );
#9874 = PCURVE('',#9787,#9875);
#9875 = DEFINITIONAL_REPRESENTATION('',(#9876),#9880);
#9876 = LINE('',#9877,#9878);
#9877 = CARTESIAN_POINT('',(-6.28318530718,-0.));
#9878 = VECTOR('',#9879,1.);
#9879 = DIRECTION('',(-0.,-1.));
#9880 = ( GEOMETRIC_REPRESENTATION_CONTEXT(2) 
PARAMETRIC_REPRESENTATION_CONTEXT() REPRESENTATION_CONTEXT('2D SPACE',''
  ) );
#9881 = ORIENTED_EDGE('',*,*,#9882,.F.);
#9882 = EDGE_CURVE('',#9860,#9860,#9883,.T.);
#9883 = SURFACE_CURVE('',#9884,(#9889,#9896),.PCURVE_S1.);
#9884 = CIRCLE('',#9885,11.225037535479);
#9885 = AXIS2_PLACEMENT_3D('',#9886,#9887,#9888);
#9886 = CARTESIAN_POINT('',(0.,0.,842.33333333333));
#9887 = DIRECTION('',(0.,0.,1.));
#9888 = DIRECTION('',(1.,0.,-0.));
#9889 = PCURVE('',#9787,#9890);
#9890 = DEFINITIONAL_REPRESENTATION('',(#9891),#9895);
#9891 = LINE('',#9892,#9893);
#9892 = CARTESIAN_POINT('',(-0.,-3.366666666667));
#9893 = VECTOR('',#9894,1.);
#9894 = DIRECTION('',(-1.,-0.));
#9895 = ( GEOMETRIC_REPRESENTATION_CONTEXT(2) 
PARAMETRIC_REPRESENTATION_CONTEXT() REPRESENTATION_CONTEXT('2D SPACE',''
  ) );
#9896 = PCURVE('',#9897,#9902);
#9897 = CONICAL_SURFACE('',#9898,11.225037535479,0.342134067222);
#9898 = AXIS2_PLACEMENT_3D('',#9899,#9900,#9901);
#9899 = CARTESIAN_POINT('',(0.,0.,842.33333333333));
#9900 = DIRECTION('',(-0.,-0.,-1.));
#9901 = DIRECTION('',(1.,0.,-0.));
#9902 = DEFINITIONAL_REPRESENTATION('',(#9903),#9907);
#9903 = LINE('',#9904,#9905);
#9904 = CARTESIAN_POINT('',(-0.,-0.));
#9905 = VECTOR('',#9906,1.);
#9906 = DIRECTION('',(-1.,-0.));
#9907 = ( GEOMETRIC_REPRESENTATION_CONTEXT(2) 
PARAMETRIC_REPRESENTATION_CONTEXT() REPRESENTATION_CONTEXT('2D SPACE',''
  ) );
#9908 = ORIENTED_EDGE('',*,*,#9859,.F.);
#9909 = ADVANCED_FACE('',(#9910),#9842,.T.);
#9910 = FACE_BOUND('',#9911,.T.);
#9911 = EDGE_LOOP('',(#9912,#9913,#9936,#9963));
#9912 = ORIENTED_EDGE('',*,*,#9827,.T.);
#9913 = ORIENTED_EDGE('',*,*,#9914,.T.);
#9914 = EDGE_CURVE('',#9805,#9915,#9917,.T.);
#9915 = VERTEX_POINT('',#9916);
#9916 = CARTESIAN_POINT('',(16.662897611359,0.,832.23333333333));
#9917 = SEAM_CURVE('',#9918,(#9922,#9929),.PCURVE_S1.);
#9918 = LINE('',#9919,#9920);
#9919 = CARTESIAN_POINT('',(17.756430302649,0.,828.86666666666));
#9920 = VECTOR('',#9921,1.);
#9921 = DIRECTION('',(-0.308924079225,0.,0.95108670124));
#9922 = PCURVE('',#9842,#9923);
#9923 = DEFINITIONAL_REPRESENTATION('',(#9924),#9928);
#9924 = LINE('',#9925,#9926);
#9925 = CARTESIAN_POINT('',(-0.,-0.));
#9926 = VECTOR('',#9927,1.);
#9927 = DIRECTION('',(-0.,-1.));
#9928 = ( GEOMETRIC_REPRESENTATION_CONTEXT(2) 
PARAMETRIC_REPRESENTATION_CONTEXT() REPRESENTATION_CONTEXT('2D SPACE',''
  ) );
#9929 = PCURVE('',#9842,#9930);
#9930 = DEFINITIONAL_REPRESENTATION('',(#9931),#9935);
#9931 = LINE('',#9932,#9933);
#9932 = CARTESIAN_POINT('',(-6.28318530718,-0.));
#9933 = VECTOR('',#9934,1.);
#9934 = DIRECTION('',(-0.,-1.));
#9935 = ( GEOMETRIC_REPRESENTATION_CONTEXT(2) 
PARAMETRIC_REPRESENTATION_CONTEXT() REPRESENTATION_CONTEXT('2D SPACE',''
  ) );
#9936 = ORIENTED_EDGE('',*,*,#9937,.F.);
#9937 = EDGE_CURVE('',#9915,#9915,#9938,.T.);
#9938 = SURFACE_CURVE('',#9939,(#9944,#9951),.PCURVE_S1.);
#9939 = CIRCLE('',#9940,16.662897611359);
#9940 = AXIS2_PLACEMENT_3D('',#9941,#9942,#9943);
#9941 = CARTESIAN_POINT('',(0.,0.,832.23333333333));
#9942 = DIRECTION('',(0.,0.,1.));
#9943 = DIRECTION('',(1.,0.,-0.));
#9944 = PCURVE('',#9842,#9945);
#9945 = DEFINITIONAL_REPRESENTATION('',(#9946),#9950);
#9946 = LINE('',#9947,#9948);
#9947 = CARTESIAN_POINT('',(-0.,-3.366666666667));
#9948 = VECTOR('',#9949,1.);
#9949 = DIRECTION('',(-1.,-0.));
#9950 = ( GEOMETRIC_REPRESENTATION_CONTEXT(2) 
PARAMETRIC_REPRESENTATION_CONTEXT() REPRESENTATION_CONTEXT('2D SPACE',''
  ) );
#9951 = PCURVE('',#9952,#9957);
#9952 = CONICAL_SURFACE('',#9953,16.662897611359,0.321054776524);
#9953 = AXIS2_PLACEMENT_3D('',#9954,#9955,#9956);
#9954 = CARTESIAN_POINT('',(0.,0.,832.23333333333));
#9955 = DIRECTION('',(-0.,-0.,-1.));
#9956 = DIRECTION('',(1.,0.,-0.));
#9957 = DEFINITIONAL_REPRESENTATION('',(#9958),#9962);
#9958 = LINE('',#9959,#9960);
#9959 = CARTESIAN_POINT('',(-0.,-0.));
#9960 = VECTOR('',#9961,1.);
#9961 = DIRECTION('',(-1.,-0.));
#9962 = ( GEOMETRIC_REPRESENTATION_CONTEXT(2) 
PARAMETRIC_REPRESENTATION_CONTEXT() REPRESENTATION_CONTEXT('2D SPACE',''
  ) );
#9963 = ORIENTED_EDGE('',*,*,#9914,.F.);
#9964 = ADVANCED_FACE('',(#9965),#9897,.F.);
#9965 = FACE_BOUND('',#9966,.F.);
#9966 = EDGE_LOOP('',(#9967,#9968,#9991,#10018));
#9967 = ORIENTED_EDGE('',*,*,#9882,.T.);
#9968 = ORIENTED_EDGE('',*,*,#9969,.T.);
#9969 = EDGE_CURVE('',#9860,#9970,#9972,.T.);
#9970 = VERTEX_POINT('',#9971);
#9971 = CARTESIAN_POINT('',(10.026033548109,0.,845.7));
#9972 = SEAM_CURVE('',#9973,(#9977,#9984),.PCURVE_S1.);
#9973 = LINE('',#9974,#9975);
#9974 = CARTESIAN_POINT('',(11.225037535479,0.,842.33333333333));
#9975 = VECTOR('',#9976,1.);
#9976 = DIRECTION('',(-0.335498233053,0.,0.94204083543));
#9977 = PCURVE('',#9897,#9978);
#9978 = DEFINITIONAL_REPRESENTATION('',(#9979),#9983);
#9979 = LINE('',#9980,#9981);
#9980 = CARTESIAN_POINT('',(-0.,-0.));
#9981 = VECTOR('',#9982,1.);
#9982 = DIRECTION('',(-0.,-1.));
#9983 = ( GEOMETRIC_REPRESENTATION_CONTEXT(2) 
PARAMETRIC_REPRESENTATION_CONTEXT() REPRESENTATION_CONTEXT('2D SPACE',''
  ) );
#9984 = PCURVE('',#9897,#9985);
#9985 = DEFINITIONAL_REPRESENTATION('',(#9986),#9990);
#9986 = LINE('',#9987,#9988);
#9987 = CARTESIAN_POINT('',(-6.28318530718,-0.));
#9988 = VECTOR('',#9989,1.);
#9989 = DIRECTION('',(-0.,-1.));
#9990 = ( GEOMETRIC_REPRESENTATION_CONTEXT(2) 
PARAMETRIC_REPRESENTATION_CONTEXT() REPRESENTATION_CONTEXT('2D SPACE',''
  ) );
#9991 = ORIENTED_EDGE('',*,*,#9992,.F.);
#9992 = EDGE_CURVE('',#9970,#9970,#9993,.T.);
#9993 = SURFACE_CURVE('',#9994,(#9999,#10006),.PCURVE_S1.);
#9994 = CIRCLE('',#9995,10.026033548109);
#9995 = AXIS2_PLACEMENT_3D('',#9996,#9997,#9998);
#9996 = CARTESIAN_POINT('',(0.,0.,845.7));
#9997 = DIRECTION('',(0.,0.,1.));
#9998 = DIRECTION('',(1.,0.,-0.));
#9999 = PCURVE('',#9897,#10000);
#10000 = DEFINITIONAL_REPRESENTATION('',(#10001),#10005);
#10001 = LINE('',#10002,#10003);
#10002 = CARTESIAN_POINT('',(-0.,-3.366666666667));
#10003 = VECTOR('',#10004,1.);
#10004 = DIRECTION('',(-1.,-0.));
#10005 = ( GEOMETRIC_REPRESENTATION_CONTEXT(2) 
PARAMETRIC_REPRESENTATION_CONTEXT() REPRESENTATION_CONTEXT('2D SPACE',''
  ) );
#10006 = PCURVE('',#10007,#10012);
#10007 = CONICAL_SURFACE('',#10008,10.026033548109,0.349195289327);
#10008 = AXIS2_PLACEMENT_3D('',#10009,#10010,#10011);
#10009 = CARTESIAN_POINT('',(0.,0.,845.7));
#10010 = DIRECTION('',(-0.,-0.,-1.));
#10011 = DIRECTION('',(1.,0.,-0.));
#10012 = DEFINITIONAL_REPRESENTATION('',(#10013),#10017);
#10013 = LINE('',#10014,#10015);
#10014 = CARTESIAN_POINT('',(-0.,-0.));
#10015 = VECTOR('',#10016,1.);
#10016 = DIRECTION('',(-1.,-0.));
#10017 = ( GEOMETRIC_REPRESENTATION_CONTEXT(2) 
PARAMETRIC_REPRESENTATION_CONTEXT() REPRESENTATION_CONTEXT('2D SPACE',''
  ) );
#10018 = ORIENTED_EDGE('',*,*,#9969,.F.);
#10019 = ADVANCED_FACE('',(#10020),#9952,.T.);
#10020 = FACE_BOUND('',#10021,.T.);
#10021 = EDGE_LOOP('',(#10022,#10023,#10046,#10073));
#10022 = ORIENTED_EDGE('',*,*,#9937,.T.);
#10023 = ORIENTED_EDGE('',*,*,#10024,.T.);
#10024 = EDGE_CURVE('',#9915,#10025,#10027,.T.);
#10025 = VERTEX_POINT('',#10026);
#10026 = CARTESIAN_POINT('',(15.543277510693,0.,835.6));
#10027 = SEAM_CURVE('',#10028,(#10032,#10039),.PCURVE_S1.);
#10028 = LINE('',#10029,#10030);
#10029 = CARTESIAN_POINT('',(16.662897611359,0.,832.23333333333));
#10030 = VECTOR('',#10031,1.);
#10031 = DIRECTION('',(-0.315567616679,0.,0.948903092683));
#10032 = PCURVE('',#9952,#10033);
#10033 = DEFINITIONAL_REPRESENTATION('',(#10034),#10038);
#10034 = LINE('',#10035,#10036);
#10035 = CARTESIAN_POINT('',(-0.,-0.));
#10036 = VECTOR('',#10037,1.);
#10037 = DIRECTION('',(-0.,-1.));
#10038 = ( GEOMETRIC_REPRESENTATION_CONTEXT(2) 
PARAMETRIC_REPRESENTATION_CONTEXT() REPRESENTATION_CONTEXT('2D SPACE',''
  ) );
#10039 = PCURVE('',#9952,#10040);
#10040 = DEFINITIONAL_REPRESENTATION('',(#10041),#10045);
#10041 = LINE('',#10042,#10043);
#10042 = CARTESIAN_POINT('',(-6.28318530718,-0.));
#10043 = VECTOR('',#10044,1.);
#10044 = DIRECTION('',(-0.,-1.));
#10045 = ( GEOMETRIC_REPRESENTATION_CONTEXT(2) 
PARAMETRIC_REPRESENTATION_CONTEXT() REPRESENTATION_CONTEXT('2D SPACE',''
  ) );
#10046 = ORIENTED_EDGE('',*,*,#10047,.F.);
#10047 = EDGE_CURVE('',#10025,#10025,#10048,.T.);
#10048 = SURFACE_CURVE('',#10049,(#10054,#10061),.PCURVE_S1.);
#10049 = CIRCLE('',#10050,15.543277510693);
#10050 = AXIS2_PLACEMENT_3D('',#10051,#10052,#10053);
#10051 = CARTESIAN_POINT('',(0.,0.,835.6));
#10052 = DIRECTION('',(0.,0.,1.));
#10053 = DIRECTION('',(1.,0.,-0.));
#10054 = PCURVE('',#9952,#10055);
#10055 = DEFINITIONAL_REPRESENTATION('',(#10056),#10060);
#10056 = LINE('',#10057,#10058);
#10057 = CARTESIAN_POINT('',(-0.,-3.366666666667));
#10058 = VECTOR('',#10059,1.);
#10059 = DIRECTION('',(-1.,-0.));
#10060 = ( GEOMETRIC_REPRESENTATION_CONTEXT(2) 
PARAMETRIC_REPRESENTATION_CONTEXT() REPRESENTATION_CONTEXT('2D SPACE',''
  ) );
#10061 = PCURVE('',#10062,#10067);
#10062 = CONICAL_SURFACE('',#10063,15.543277510693,0.328064285734);
#10063 = AXIS2_PLACEMENT_3D('',#10064,#10065,#10066);
#10064 = CARTESIAN_POINT('',(0.,0.,835.6));
#10065 = DIRECTION('',(-0.,-0.,-1.));
#10066 = DIRECTION('',(1.,0.,-0.));
#10067 = DEFINITIONAL_REPRESENTATION('',(#10068),#10072);
#10068 = LINE('',#10069,#10070);
#10069 = CARTESIAN_POINT('',(-0.,-0.));
#10070 = VECTOR('',#10071,1.);
#10071 = DIRECTION('',(-1.,-0.));
#10072 = ( GEOMETRIC_REPRESENTATION_CONTEXT(2) 
PARAMETRIC_REPRESENTATION_CONTEXT() REPRESENTATION_CONTEXT('2D SPACE',''
  ) );
#10073 = ORIENTED_EDGE('',*,*,#10024,.F.);
#10074 = ADVANCED_FACE('',(#10075),#10007,.F.);
#10075 = FACE_BOUND('',#10076,.F.);
#10076 = EDGE_LOOP('',(#10077,#10078,#10101,#10128));
#10077 = ORIENTED_EDGE('',*,*,#9992,.T.);
#10078 = ORIENTED_EDGE('',*,*,#10079,.T.);
#10079 = EDGE_CURVE('',#9970,#10080,#10082,.T.);
#10080 = VERTEX_POINT('',#10081);
#10081 = CARTESIAN_POINT('',(8.800173562404,0.,849.06666666666));
#10082 = SEAM_CURVE('',#10083,(#10087,#10094),.PCURVE_S1.);
#10083 = LINE('',#10084,#10085);
#10084 = CARTESIAN_POINT('',(10.026033548109,0.,845.7));
#10085 = VECTOR('',#10086,1.);
#10086 = DIRECTION('',(-0.342141773266,0.,0.939648342193));
#10087 = PCURVE('',#10007,#10088);
#10088 = DEFINITIONAL_REPRESENTATION('',(#10089),#10093);
#10089 = LINE('',#10090,#10091);
#10090 = CARTESIAN_POINT('',(-0.,-0.));
#10091 = VECTOR('',#10092,1.);
#10092 = DIRECTION('',(-0.,-1.));
#10093 = ( GEOMETRIC_REPRESENTATION_CONTEXT(2) 
PARAMETRIC_REPRESENTATION_CONTEXT() REPRESENTATION_CONTEXT('2D SPACE',''
  ) );
#10094 = PCURVE('',#10007,#10095);
#10095 = DEFINITIONAL_REPRESENTATION('',(#10096),#10100);
#10096 = LINE('',#10097,#10098);
#10097 = CARTESIAN_POINT('',(-6.28318530718,-0.));
#10098 = VECTOR('',#10099,1.);
#10099 = DIRECTION('',(-0.,-1.));
#10100 = ( GEOMETRIC_REPRESENTATION_CONTEXT(2) 
PARAMETRIC_REPRESENTATION_CONTEXT() REPRESENTATION_CONTEXT('2D SPACE',''
  ) );
#10101 = ORIENTED_EDGE('',*,*,#10102,.F.);
#10102 = EDGE_CURVE('',#10080,#10080,#10103,.T.);
#10103 = SURFACE_CURVE('',#10104,(#10109,#10116),.PCURVE_S1.);
#10104 = CIRCLE('',#10105,8.800173562404);
#10105 = AXIS2_PLACEMENT_3D('',#10106,#10107,#10108);
#10106 = CARTESIAN_POINT('',(0.,0.,849.06666666666));
#10107 = DIRECTION('',(0.,0.,1.));
#10108 = DIRECTION('',(1.,0.,-0.));
#10109 = PCURVE('',#10007,#10110);
#10110 = DEFINITIONAL_REPRESENTATION('',(#10111),#10115);
#10111 = LINE('',#10112,#10113);
#10112 = CARTESIAN_POINT('',(-0.,-3.366666666667));
#10113 = VECTOR('',#10114,1.);
#10114 = DIRECTION('',(-1.,-0.));
#10115 = ( GEOMETRIC_REPRESENTATION_CONTEXT(2) 
PARAMETRIC_REPRESENTATION_CONTEXT() REPRESENTATION_CONTEXT('2D SPACE',''
  ) );
#10116 = PCURVE('',#10117,#10122);
#10117 = CONICAL_SURFACE('',#10118,8.800173562404,0.356274714655);
#10118 = AXIS2_PLACEMENT_3D('',#10119,#10120,#10121);
#10119 = CARTESIAN_POINT('',(0.,0.,849.06666666666));
#10120 = DIRECTION('',(-0.,-0.,-1.));
#10121 = DIRECTION('',(1.,0.,-0.));
#10122 = DEFINITIONAL_REPRESENTATION('',(#10123),#10127);
#10123 = LINE('',#10124,#10125);
#10124 = CARTESIAN_POINT('',(-0.,-0.));
#10125 = VECTOR('',#10126,1.);
#10126 = DIRECTION('',(-1.,-0.));
#10127 = ( GEOMETRIC_REPRESENTATION_CONTEXT(2) 
PARAMETRIC_REPRESENTATION_CONTEXT() REPRESENTATION_CONTEXT('2D SPACE',''
  ) );
#10128 = ORIENTED_EDGE('',*,*,#10079,.F.);
#10129 = ADVANCED_FACE('',(#10130),#10062,.T.);
#10130 = FACE_BOUND('',#10131,.T.);
#10131 = EDGE_LOOP('',(#10132,#10133,#10156,#10183));
#10132 = ORIENTED_EDGE('',*,*,#10047,.T.);
#10133 = ORIENTED_EDGE('',*,*,#10134,.T.);
#10134 = EDGE_CURVE('',#10025,#10135,#10137,.T.);
#10135 = VERTEX_POINT('',#10136);
#10136 = CARTESIAN_POINT('',(14.397387130471,0.,838.96666666666));
#10137 = SEAM_CURVE('',#10138,(#10142,#10149),.PCURVE_S1.);
#10138 = LINE('',#10139,#10140);
#10139 = CARTESIAN_POINT('',(15.543277510693,0.,835.6));
#10140 = VECTOR('',#10141,1.);
#10141 = DIRECTION('',(-0.322211154785,0.,0.946667825445));
#10142 = PCURVE('',#10062,#10143);
#10143 = DEFINITIONAL_REPRESENTATION('',(#10144),#10148);
#10144 = LINE('',#10145,#10146);
#10145 = CARTESIAN_POINT('',(-0.,-0.));
#10146 = VECTOR('',#10147,1.);
#10147 = DIRECTION('',(-0.,-1.));
#10148 = ( GEOMETRIC_REPRESENTATION_CONTEXT(2) 
PARAMETRIC_REPRESENTATION_CONTEXT() REPRESENTATION_CONTEXT('2D SPACE',''
  ) );
#10149 = PCURVE('',#10062,#10150);
#10150 = DEFINITIONAL_REPRESENTATION('',(#10151),#10155);
#10151 = LINE('',#10152,#10153);
#10152 = CARTESIAN_POINT('',(-6.28318530718,-0.));
#10153 = VECTOR('',#10154,1.);
#10154 = DIRECTION('',(-0.,-1.));
#10155 = ( GEOMETRIC_REPRESENTATION_CONTEXT(2) 
PARAMETRIC_REPRESENTATION_CONTEXT() REPRESENTATION_CONTEXT('2D SPACE',''
  ) );
#10156 = ORIENTED_EDGE('',*,*,#10157,.F.);
#10157 = EDGE_CURVE('',#10135,#10135,#10158,.T.);
#10158 = SURFACE_CURVE('',#10159,(#10164,#10171),.PCURVE_S1.);
#10159 = CIRCLE('',#10160,14.397387130471);
#10160 = AXIS2_PLACEMENT_3D('',#10161,#10162,#10163);
#10161 = CARTESIAN_POINT('',(0.,0.,838.96666666666));
#10162 = DIRECTION('',(0.,0.,1.));
#10163 = DIRECTION('',(1.,0.,-0.));
#10164 = PCURVE('',#10062,#10165);
#10165 = DEFINITIONAL_REPRESENTATION('',(#10166),#10170);
#10166 = LINE('',#10167,#10168);
#10167 = CARTESIAN_POINT('',(-0.,-3.366666666667));
#10168 = VECTOR('',#10169,1.);
#10169 = DIRECTION('',(-1.,-0.));
#10170 = ( GEOMETRIC_REPRESENTATION_CONTEXT(2) 
PARAMETRIC_REPRESENTATION_CONTEXT() REPRESENTATION_CONTEXT('2D SPACE',''
  ) );
#10171 = PCURVE('',#10172,#10177);
#10172 = CONICAL_SURFACE('',#10173,14.397387130471,0.335090559201);
#10173 = AXIS2_PLACEMENT_3D('',#10174,#10175,#10176);
#10174 = CARTESIAN_POINT('',(0.,0.,838.96666666666));
#10175 = DIRECTION('',(-0.,-0.,-1.));
#10176 = DIRECTION('',(1.,0.,-0.));
#10177 = DEFINITIONAL_REPRESENTATION('',(#10178),#10182);
#10178 = LINE('',#10179,#10180);
#10179 = CARTESIAN_POINT('',(-0.,-0.));
#10180 = VECTOR('',#10181,1.);
#10181 = DIRECTION('',(-1.,-0.));
#10182 = ( GEOMETRIC_REPRESENTATION_CONTEXT(2) 
PARAMETRIC_REPRESENTATION_CONTEXT() REPRESENTATION_CONTEXT('2D SPACE',''
  ) );
#10183 = ORIENTED_EDGE('',*,*,#10134,.F.);
#10184 = ADVANCED_FACE('',(#10185),#10117,.F.);
#10185 = FACE_BOUND('',#10186,.F.);
#10186 = EDGE_LOOP('',(#10187,#10188,#10211,#10238));
#10187 = ORIENTED_EDGE('',*,*,#10102,.T.);
#10188 = ORIENTED_EDGE('',*,*,#10189,.T.);
#10189 = EDGE_CURVE('',#10080,#10190,#10192,.T.);
#10190 = VERTEX_POINT('',#10191);
#10191 = CARTESIAN_POINT('',(7.547249349071,0.,852.43333333333));
#10192 = SEAM_CURVE('',#10193,(#10197,#10204),.PCURVE_S1.);
#10193 = LINE('',#10194,#10195);
#10194 = CARTESIAN_POINT('',(8.800173562404,0.,849.06666666666));
#10195 = VECTOR('',#10196,1.);
#10196 = DIRECTION('',(-0.348785314233,0.,0.937202648617));
#10197 = PCURVE('',#10117,#10198);
#10198 = DEFINITIONAL_REPRESENTATION('',(#10199),#10203);
#10199 = LINE('',#10200,#10201);
#10200 = CARTESIAN_POINT('',(-0.,-0.));
#10201 = VECTOR('',#10202,1.);
#10202 = DIRECTION('',(-0.,-1.));
#10203 = ( GEOMETRIC_REPRESENTATION_CONTEXT(2) 
PARAMETRIC_REPRESENTATION_CONTEXT() REPRESENTATION_CONTEXT('2D SPACE',''
  ) );
#10204 = PCURVE('',#10117,#10205);
#10205 = DEFINITIONAL_REPRESENTATION('',(#10206),#10210);
#10206 = LINE('',#10207,#10208);
#10207 = CARTESIAN_POINT('',(-6.28318530718,-0.));
#10208 = VECTOR('',#10209,1.);
#10209 = DIRECTION('',(-0.,-1.));
#10210 = ( GEOMETRIC_REPRESENTATION_CONTEXT(2) 
PARAMETRIC_REPRESENTATION_CONTEXT() REPRESENTATION_CONTEXT('2D SPACE',''
  ) );
#10211 = ORIENTED_EDGE('',*,*,#10212,.F.);
#10212 = EDGE_CURVE('',#10190,#10190,#10213,.T.);
#10213 = SURFACE_CURVE('',#10214,(#10219,#10226),.PCURVE_S1.);
#10214 = CIRCLE('',#10215,7.547249349071);
#10215 = AXIS2_PLACEMENT_3D('',#10216,#10217,#10218);
#10216 = CARTESIAN_POINT('',(0.,0.,852.43333333333));
#10217 = DIRECTION('',(0.,0.,1.));
#10218 = DIRECTION('',(1.,0.,-0.));
#10219 = PCURVE('',#10117,#10220);
#10220 = DEFINITIONAL_REPRESENTATION('',(#10221),#10225);
#10221 = LINE('',#10222,#10223);
#10222 = CARTESIAN_POINT('',(-0.,-3.366666666667));
#10223 = VECTOR('',#10224,1.);
#10224 = DIRECTION('',(-1.,-0.));
#10225 = ( GEOMETRIC_REPRESENTATION_CONTEXT(2) 
PARAMETRIC_REPRESENTATION_CONTEXT() REPRESENTATION_CONTEXT('2D SPACE',''
  ) );
#10226 = PCURVE('',#10227,#10232);
#10227 = CONICAL_SURFACE('',#10228,7.547249349071,0.363372842346);
#10228 = AXIS2_PLACEMENT_3D('',#10229,#10230,#10231);
#10229 = CARTESIAN_POINT('',(0.,0.,852.43333333333));
#10230 = DIRECTION('',(-0.,-0.,-1.));
#10231 = DIRECTION('',(1.,0.,-0.));
#10232 = DEFINITIONAL_REPRESENTATION('',(#10233),#10237);
#10233 = LINE('',#10234,#10235);
#10234 = CARTESIAN_POINT('',(-0.,-0.));
#10235 = VECTOR('',#10236,1.);
#10236 = DIRECTION('',(-1.,-0.));
#10237 = ( GEOMETRIC_REPRESENTATION_CONTEXT(2) 
PARAMETRIC_REPRESENTATION_CONTEXT() REPRESENTATION_CONTEXT('2D SPACE',''
  ) );
#10238 = ORIENTED_EDGE('',*,*,#10189,.F.);
#10239 = ADVANCED_FACE('',(#10240),#10172,.T.);
#10240 = FACE_BOUND('',#10241,.T.);
#10241 = EDGE_LOOP('',(#10242,#10243,#10266,#10293));
#10242 = ORIENTED_EDGE('',*,*,#10157,.T.);
#10243 = ORIENTED_EDGE('',*,*,#10244,.T.);
#10244 = EDGE_CURVE('',#10135,#10245,#10247,.T.);
#10245 = VERTEX_POINT('',#10246);
#10246 = CARTESIAN_POINT('',(13.225037535479,0.,842.33333333333));
#10247 = SEAM_CURVE('',#10248,(#10252,#10259),.PCURVE_S1.);
#10248 = LINE('',#10249,#10250);
#10249 = CARTESIAN_POINT('',(14.397387130471,0.,838.96666666666));
#10250 = VECTOR('',#10251,1.);
#10251 = DIRECTION('',(-0.328854693568,0.,0.944380532687));
#10252 = PCURVE('',#10172,#10253);
#10253 = DEFINITIONAL_REPRESENTATION('',(#10254),#10258);
#10254 = LINE('',#10255,#10256);
#10255 = CARTESIAN_POINT('',(-0.,-0.));
#10256 = VECTOR('',#10257,1.);
#10257 = DIRECTION('',(-0.,-1.));
#10258 = ( GEOMETRIC_REPRESENTATION_CONTEXT(2) 
PARAMETRIC_REPRESENTATION_CONTEXT() REPRESENTATION_CONTEXT('2D SPACE',''
  ) );
#10259 = PCURVE('',#10172,#10260);
#10260 = DEFINITIONAL_REPRESENTATION('',(#10261),#10265);
#10261 = LINE('',#10262,#10263);
#10262 = CARTESIAN_POINT('',(-6.28318530718,-0.));
#10263 = VECTOR('',#10264,1.);
#10264 = DIRECTION('',(-0.,-1.));
#10265 = ( GEOMETRIC_REPRESENTATION_CONTEXT(2) 
PARAMETRIC_REPRESENTATION_CONTEXT() REPRESENTATION_CONTEXT('2D SPACE',''
  ) );
#10266 = ORIENTED_EDGE('',*,*,#10267,.F.);
#10267 = EDGE_CURVE('',#10245,#10245,#10268,.T.);
#10268 = SURFACE_CURVE('',#10269,(#10274,#10281),.PCURVE_S1.);
#10269 = CIRCLE('',#10270,13.225037535479);
#10270 = AXIS2_PLACEMENT_3D('',#10271,#10272,#10273);
#10271 = CARTESIAN_POINT('',(0.,0.,842.33333333333));
#10272 = DIRECTION('',(0.,0.,1.));
#10273 = DIRECTION('',(1.,0.,-0.));
#10274 = PCURVE('',#10172,#10275);
#10275 = DEFINITIONAL_REPRESENTATION('',(#10276),#10280);
#10276 = LINE('',#10277,#10278);
#10277 = CARTESIAN_POINT('',(-0.,-3.366666666667));
#10278 = VECTOR('',#10279,1.);
#10279 = DIRECTION('',(-1.,-0.));
#10280 = ( GEOMETRIC_REPRESENTATION_CONTEXT(2) 
PARAMETRIC_REPRESENTATION_CONTEXT() REPRESENTATION_CONTEXT('2D SPACE',''
  ) );
#10281 = PCURVE('',#10282,#10287);
#10282 = CONICAL_SURFACE('',#10283,13.225037535479,0.342134067222);
#10283 = AXIS2_PLACEMENT_3D('',#10284,#10285,#10286);
#10284 = CARTESIAN_POINT('',(0.,0.,842.33333333333));
#10285 = DIRECTION('',(-0.,-0.,-1.));
#10286 = DIRECTION('',(1.,0.,-0.));
#10287 = DEFINITIONAL_REPRESENTATION('',(#10288),#10292);
#10288 = LINE('',#10289,#10290);
#10289 = CARTESIAN_POINT('',(-0.,-0.));
#10290 = VECTOR('',#10291,1.);
#10291 = DIRECTION('',(-1.,-0.));
#10292 = ( GEOMETRIC_REPRESENTATION_CONTEXT(2) 
PARAMETRIC_REPRESENTATION_CONTEXT() REPRESENTATION_CONTEXT('2D SPACE',''
  ) );
#10293 = ORIENTED_EDGE('',*,*,#10244,.F.);
#10294 = ADVANCED_FACE('',(#10295),#10227,.F.);
#10295 = FACE_BOUND('',#10296,.F.);
#10296 = EDGE_LOOP('',(#10297,#10298,#10321,#10348));
#10297 = ORIENTED_EDGE('',*,*,#10212,.T.);
#10298 = ORIENTED_EDGE('',*,*,#10299,.T.);
#10299 = EDGE_CURVE('',#10190,#10300,#10302,.T.);
#10300 = VERTEX_POINT('',#10301);
#10301 = CARTESIAN_POINT('',(6.267045850966,0.,855.8));
#10302 = SEAM_CURVE('',#10303,(#10307,#10314),.PCURVE_S1.);
#10303 = LINE('',#10304,#10305);
#10304 = CARTESIAN_POINT('',(7.547249349071,0.,852.43333333333));
#10305 = VECTOR('',#10306,1.);
#10306 = DIRECTION('',(-0.355428855983,0.,0.934703337072));
#10307 = PCURVE('',#10227,#10308);
#10308 = DEFINITIONAL_REPRESENTATION('',(#10309),#10313);
#10309 = LINE('',#10310,#10311);
#10310 = CARTESIAN_POINT('',(-0.,-0.));
#10311 = VECTOR('',#10312,1.);
#10312 = DIRECTION('',(-0.,-1.));
#10313 = ( GEOMETRIC_REPRESENTATION_CONTEXT(2) 
PARAMETRIC_REPRESENTATION_CONTEXT() REPRESENTATION_CONTEXT('2D SPACE',''
  ) );
#10314 = PCURVE('',#10227,#10315);
#10315 = DEFINITIONAL_REPRESENTATION('',(#10316),#10320);
#10316 = LINE('',#10317,#10318);
#10317 = CARTESIAN_POINT('',(-6.28318530718,-0.));
#10318 = VECTOR('',#10319,1.);
#10319 = DIRECTION('',(-0.,-1.));
#10320 = ( GEOMETRIC_REPRESENTATION_CONTEXT(2) 
PARAMETRIC_REPRESENTATION_CONTEXT() REPRESENTATION_CONTEXT('2D SPACE',''
  ) );
#10321 = ORIENTED_EDGE('',*,*,#10322,.F.);
#10322 = EDGE_CURVE('',#10300,#10300,#10323,.T.);
#10323 = SURFACE_CURVE('',#10324,(#10329,#10336),.PCURVE_S1.);
#10324 = CIRCLE('',#10325,6.267045850966);
#10325 = AXIS2_PLACEMENT_3D('',#10326,#10327,#10328);
#10326 = CARTESIAN_POINT('',(0.,0.,855.8));
#10327 = DIRECTION('',(0.,0.,1.));
#10328 = DIRECTION('',(1.,0.,-0.));
#10329 = PCURVE('',#10227,#10330);
#10330 = DEFINITIONAL_REPRESENTATION('',(#10331),#10335);
#10331 = LINE('',#10332,#10333);
#10332 = CARTESIAN_POINT('',(-0.,-3.366666666667));
#10333 = VECTOR('',#10334,1.);
#10334 = DIRECTION('',(-1.,-0.));
#10335 = ( GEOMETRIC_REPRESENTATION_CONTEXT(2) 
PARAMETRIC_REPRESENTATION_CONTEXT() REPRESENTATION_CONTEXT('2D SPACE',''
  ) );
#10336 = PCURVE('',#10337,#10342);
#10337 = CONICAL_SURFACE('',#10338,6.267045850966,0.370490181957);
#10338 = AXIS2_PLACEMENT_3D('',#10339,#10340,#10341);
#10339 = CARTESIAN_POINT('',(0.,0.,855.8));
#10340 = DIRECTION('',(-0.,-0.,-1.));
#10341 = DIRECTION('',(1.,0.,-0.));
#10342 = DEFINITIONAL_REPRESENTATION('',(#10343),#10347);
#10343 = LINE('',#10344,#10345);
#10344 = CARTESIAN_POINT('',(-0.,-0.));
#10345 = VECTOR('',#10346,1.);
#10346 = DIRECTION('',(-1.,-0.));
#10347 = ( GEOMETRIC_REPRESENTATION_CONTEXT(2) 
PARAMETRIC_REPRESENTATION_CONTEXT() REPRESENTATION_CONTEXT('2D SPACE',''
  ) );
#10348 = ORIENTED_EDGE('',*,*,#10299,.F.);
#10349 = ADVANCED_FACE('',(#10350),#10282,.T.);
#10350 = FACE_BOUND('',#10351,.T.);
#10351 = EDGE_LOOP('',(#10352,#10353,#10376,#10403));
#10352 = ORIENTED_EDGE('',*,*,#10267,.T.);
#10353 = ORIENTED_EDGE('',*,*,#10354,.T.);
#10354 = EDGE_CURVE('',#10245,#10355,#10357,.T.);
#10355 = VERTEX_POINT('',#10356);
#10356 = CARTESIAN_POINT('',(12.026033548109,0.,845.7));
#10357 = SEAM_CURVE('',#10358,(#10362,#10369),.PCURVE_S1.);
#10358 = LINE('',#10359,#10360);
#10359 = CARTESIAN_POINT('',(13.225037535479,0.,842.33333333333));
#10360 = VECTOR('',#10361,1.);
#10361 = DIRECTION('',(-0.335498233053,0.,0.94204083543));
#10362 = PCURVE('',#10282,#10363);
#10363 = DEFINITIONAL_REPRESENTATION('',(#10364),#10368);
#10364 = LINE('',#10365,#10366);
#10365 = CARTESIAN_POINT('',(-0.,-0.));
#10366 = VECTOR('',#10367,1.);
#10367 = DIRECTION('',(-0.,-1.));
#10368 = ( GEOMETRIC_REPRESENTATION_CONTEXT(2) 
PARAMETRIC_REPRESENTATION_CONTEXT() REPRESENTATION_CONTEXT('2D SPACE',''
  ) );
#10369 = PCURVE('',#10282,#10370);
#10370 = DEFINITIONAL_REPRESENTATION('',(#10371),#10375);
#10371 = LINE('',#10372,#10373);
#10372 = CARTESIAN_POINT('',(-6.28318530718,-0.));
#10373 = VECTOR('',#10374,1.);
#10374 = DIRECTION('',(-0.,-1.));
#10375 = ( GEOMETRIC_REPRESENTATION_CONTEXT(2) 
PARAMETRIC_REPRESENTATION_CONTEXT() REPRESENTATION_CONTEXT('2D SPACE',''
  ) );
#10376 = ORIENTED_EDGE('',*,*,#10377,.F.);
#10377 = EDGE_CURVE('',#10355,#10355,#10378,.T.);
#10378 = SURFACE_CURVE('',#10379,(#10384,#10391),.PCURVE_S1.);
#10379 = CIRCLE('',#10380,12.026033548109);
#10380 = AXIS2_PLACEMENT_3D('',#10381,#10382,#10383);
#10381 = CARTESIAN_POINT('',(0.,0.,845.7));
#10382 = DIRECTION('',(0.,0.,1.));
#10383 = DIRECTION('',(1.,0.,-0.));
#10384 = PCURVE('',#10282,#10385);
#10385 = DEFINITIONAL_REPRESENTATION('',(#10386),#10390);
#10386 = LINE('',#10387,#10388);
#10387 = CARTESIAN_POINT('',(-0.,-3.366666666667));
#10388 = VECTOR('',#10389,1.);
#10389 = DIRECTION('',(-1.,-0.));
#10390 = ( GEOMETRIC_REPRESENTATION_CONTEXT(2) 
PARAMETRIC_REPRESENTATION_CONTEXT() REPRESENTATION_CONTEXT('2D SPACE',''
  ) );
#10391 = PCURVE('',#10392,#10397);
#10392 = CONICAL_SURFACE('',#10393,12.026033548109,0.349195289327);
#10393 = AXIS2_PLACEMENT_3D('',#10394,#10395,#10396);
#10394 = CARTESIAN_POINT('',(0.,0.,845.7));
#10395 = DIRECTION('',(-0.,-0.,-1.));
#10396 = DIRECTION('',(1.,0.,-0.));
#10397 = DEFINITIONAL_REPRESENTATION('',(#10398),#10402);
#10398 = LINE('',#10399,#10400);
#10399 = CARTESIAN_POINT('',(-0.,-0.));
#10400 = VECTOR('',#10401,1.);
#10401 = DIRECTION('',(-1.,-0.));
#10402 = ( GEOMETRIC_REPRESENTATION_CONTEXT(2) 
PARAMETRIC_REPRESENTATION_CONTEXT() REPRESENTATION_CONTEXT('2D SPACE',''
  ) );
#10403 = ORIENTED_EDGE('',*,*,#10354,.F.);
#10404 = ADVANCED_FACE('',(#10405),#10337,.F.);
#10405 = FACE_BOUND('',#10406,.F.);
#10406 = EDGE_LOOP('',(#10407,#10408,#10431,#10458));
#10407 = ORIENTED_EDGE('',*,*,#10322,.T.);
#10408 = ORIENTED_EDGE('',*,*,#10409,.T.);
#10409 = EDGE_CURVE('',#10300,#10410,#10412,.T.);
#10410 = VERTEX_POINT('',#10411);
#10411 = CARTESIAN_POINT('',(4.959340968526,0.,859.16666666666));
#10412 = SEAM_CURVE('',#10413,(#10417,#10424),.PCURVE_S1.);
#10413 = LINE('',#10414,#10415);
#10414 = CARTESIAN_POINT('',(6.267045850966,0.,855.8));
#10415 = VECTOR('',#10416,1.);
#10416 = DIRECTION('',(-0.362072398545,0.,0.932149976244));
#10417 = PCURVE('',#10337,#10418);
#10418 = DEFINITIONAL_REPRESENTATION('',(#10419),#10423);
#10419 = LINE('',#10420,#10421);
#10420 = CARTESIAN_POINT('',(-0.,-0.));
#10421 = VECTOR('',#10422,1.);
#10422 = DIRECTION('',(-0.,-1.));
#10423 = ( GEOMETRIC_REPRESENTATION_CONTEXT(2) 
PARAMETRIC_REPRESENTATION_CONTEXT() REPRESENTATION_CONTEXT('2D SPACE',''
  ) );
#10424 = PCURVE('',#10337,#10425);
#10425 = DEFINITIONAL_REPRESENTATION('',(#10426),#10430);
#10426 = LINE('',#10427,#10428);
#10427 = CARTESIAN_POINT('',(-6.28318530718,-0.));
#10428 = VECTOR('',#10429,1.);
#10429 = DIRECTION('',(-0.,-1.));
#10430 = ( GEOMETRIC_REPRESENTATION_CONTEXT(2) 
PARAMETRIC_REPRESENTATION_CONTEXT() REPRESENTATION_CONTEXT('2D SPACE',''
  ) );
#10431 = ORIENTED_EDGE('',*,*,#10432,.F.);
#10432 = EDGE_CURVE('',#10410,#10410,#10433,.T.);
#10433 = SURFACE_CURVE('',#10434,(#10439,#10446),.PCURVE_S1.);
#10434 = CIRCLE('',#10435,4.959340968526);
#10435 = AXIS2_PLACEMENT_3D('',#10436,#10437,#10438);
#10436 = CARTESIAN_POINT('',(0.,0.,859.16666666666));
#10437 = DIRECTION('',(0.,0.,1.));
#10438 = DIRECTION('',(1.,0.,-0.));
#10439 = PCURVE('',#10337,#10440);
#10440 = DEFINITIONAL_REPRESENTATION('',(#10441),#10445);
#10441 = LINE('',#10442,#10443);
#10442 = CARTESIAN_POINT('',(-0.,-3.366666666667));
#10443 = VECTOR('',#10444,1.);
#10444 = DIRECTION('',(-1.,-0.));
#10445 = ( GEOMETRIC_REPRESENTATION_CONTEXT(2) 
PARAMETRIC_REPRESENTATION_CONTEXT() REPRESENTATION_CONTEXT('2D SPACE',''
  ) );
#10446 = PCURVE('',#10447,#10452);
#10447 = CONICAL_SURFACE('',#10448,4.959340968526,0.377627253885);
#10448 = AXIS2_PLACEMENT_3D('',#10449,#10450,#10451);
#10449 = CARTESIAN_POINT('',(0.,0.,859.16666666666));
#10450 = DIRECTION('',(-0.,-0.,-1.));
#10451 = DIRECTION('',(1.,0.,-0.));
#10452 = DEFINITIONAL_REPRESENTATION('',(#10453),#10457);
#10453 = LINE('',#10454,#10455);
#10454 = CARTESIAN_POINT('',(-0.,-0.));
#10455 = VECTOR('',#10456,1.);
#10456 = DIRECTION('',(-1.,-0.));
#10457 = ( GEOMETRIC_REPRESENTATION_CONTEXT(2) 
PARAMETRIC_REPRESENTATION_CONTEXT() REPRESENTATION_CONTEXT('2D SPACE',''
  ) );
#10458 = ORIENTED_EDGE('',*,*,#10409,.F.);
#10459 = ADVANCED_FACE('',(#10460),#10392,.T.);
#10460 = FACE_BOUND('',#10461,.T.);
#10461 = EDGE_LOOP('',(#10462,#10463,#10486,#10513));
#10462 = ORIENTED_EDGE('',*,*,#10377,.T.);
#10463 = ORIENTED_EDGE('',*,*,#10464,.T.);
#10464 = EDGE_CURVE('',#10355,#10465,#10467,.T.);
#10465 = VERTEX_POINT('',#10466);
#10466 = CARTESIAN_POINT('',(10.800173562404,0.,849.06666666666));
#10467 = SEAM_CURVE('',#10468,(#10472,#10479),.PCURVE_S1.);
#10468 = LINE('',#10469,#10470);
#10469 = CARTESIAN_POINT('',(12.026033548109,0.,845.7));
#10470 = VECTOR('',#10471,1.);
#10471 = DIRECTION('',(-0.342141773266,0.,0.939648342193));
#10472 = PCURVE('',#10392,#10473);
#10473 = DEFINITIONAL_REPRESENTATION('',(#10474),#10478);
#10474 = LINE('',#10475,#10476);
#10475 = CARTESIAN_POINT('',(-0.,-0.));
#10476 = VECTOR('',#10477,1.);
#10477 = DIRECTION('',(-0.,-1.));
#10478 = ( GEOMETRIC_REPRESENTATION_CONTEXT(2) 
PARAMETRIC_REPRESENTATION_CONTEXT() REPRESENTATION_CONTEXT('2D SPACE',''
  ) );
#10479 = PCURVE('',#10392,#10480);
#10480 = DEFINITIONAL_REPRESENTATION('',(#10481),#10485);
#10481 = LINE('',#10482,#10483);
#10482 = CARTESIAN_POINT('',(-6.28318530718,-0.));
#10483 = VECTOR('',#10484,1.);
#10484 = DIRECTION('',(-0.,-1.));
#10485 = ( GEOMETRIC_REPRESENTATION_CONTEXT(2) 
PARAMETRIC_REPRESENTATION_CONTEXT() REPRESENTATION_CONTEXT('2D SPACE',''
  ) );
#10486 = ORIENTED_EDGE('',*,*,#10487,.F.);
#10487 = EDGE_CURVE('',#10465,#10465,#10488,.T.);
#10488 = SURFACE_CURVE('',#10489,(#10494,#10501),.PCURVE_S1.);
#10489 = CIRCLE('',#10490,10.800173562404);
#10490 = AXIS2_PLACEMENT_3D('',#10491,#10492,#10493);
#10491 = CARTESIAN_POINT('',(0.,0.,849.06666666666));
#10492 = DIRECTION('',(0.,0.,1.));
#10493 = DIRECTION('',(1.,0.,-0.));
#10494 = PCURVE('',#10392,#10495);
#10495 = DEFINITIONAL_REPRESENTATION('',(#10496),#10500);
#10496 = LINE('',#10497,#10498);
#10497 = CARTESIAN_POINT('',(-0.,-3.366666666667));
#10498 = VECTOR('',#10499,1.);
#10499 = DIRECTION('',(-1.,-0.));
#10500 = ( GEOMETRIC_REPRESENTATION_CONTEXT(2) 
PARAMETRIC_REPRESENTATION_CONTEXT() REPRESENTATION_CONTEXT('2D SPACE',''
  ) );
#10501 = PCURVE('',#10502,#10507);
#10502 = CONICAL_SURFACE('',#10503,10.800173562404,0.356274714655);
#10503 = AXIS2_PLACEMENT_3D('',#10504,#10505,#10506);
#10504 = CARTESIAN_POINT('',(0.,0.,849.06666666666));
#10505 = DIRECTION('',(-0.,-0.,-1.));
#10506 = DIRECTION('',(1.,0.,-0.));
#10507 = DEFINITIONAL_REPRESENTATION('',(#10508),#10512);
#10508 = LINE('',#10509,#10510);
#10509 = CARTESIAN_POINT('',(-0.,-0.));
#10510 = VECTOR('',#10511,1.);
#10511 = DIRECTION('',(-1.,-0.));
#10512 = ( GEOMETRIC_REPRESENTATION_CONTEXT(2) 
PARAMETRIC_REPRESENTATION_CONTEXT() REPRESENTATION_CONTEXT('2D SPACE',''
  ) );
#10513 = ORIENTED_EDGE('',*,*,#10464,.F.);
#10514 = ADVANCED_FACE('',(#10515),#10447,.F.);
#10515 = FACE_BOUND('',#10516,.F.);
#10516 = EDGE_LOOP('',(#10517,#10518,#10541,#10568));
#10517 = ORIENTED_EDGE('',*,*,#10432,.T.);
#10518 = ORIENTED_EDGE('',*,*,#10519,.T.);
#10519 = EDGE_CURVE('',#10410,#10520,#10522,.T.);
#10520 = VERTEX_POINT('',#10521);
#10521 = CARTESIAN_POINT('',(3.62390533459,0.,862.53333333333));
#10522 = SEAM_CURVE('',#10523,(#10527,#10534),.PCURVE_S1.);
#10523 = LINE('',#10524,#10525);
#10524 = CARTESIAN_POINT('',(4.959340968526,0.,859.16666666666));
#10525 = VECTOR('',#10526,1.);
#10526 = DIRECTION('',(-0.368715941948,0.,0.929542120699));
#10527 = PCURVE('',#10447,#10528);
#10528 = DEFINITIONAL_REPRESENTATION('',(#10529),#10533);
#10529 = LINE('',#10530,#10531);
#10530 = CARTESIAN_POINT('',(-0.,-0.));
#10531 = VECTOR('',#10532,1.);
#10532 = DIRECTION('',(-0.,-1.));
#10533 = ( GEOMETRIC_REPRESENTATION_CONTEXT(2) 
PARAMETRIC_REPRESENTATION_CONTEXT() REPRESENTATION_CONTEXT('2D SPACE',''
  ) );
#10534 = PCURVE('',#10447,#10535);
#10535 = DEFINITIONAL_REPRESENTATION('',(#10536),#10540);
#10536 = LINE('',#10537,#10538);
#10537 = CARTESIAN_POINT('',(-6.28318530718,-0.));
#10538 = VECTOR('',#10539,1.);
#10539 = DIRECTION('',(-0.,-1.));
#10540 = ( GEOMETRIC_REPRESENTATION_CONTEXT(2) 
PARAMETRIC_REPRESENTATION_CONTEXT() REPRESENTATION_CONTEXT('2D SPACE',''
  ) );
#10541 = ORIENTED_EDGE('',*,*,#10542,.F.);
#10542 = EDGE_CURVE('',#10520,#10520,#10543,.T.);
#10543 = SURFACE_CURVE('',#10544,(#10549,#10556),.PCURVE_S1.);
#10544 = CIRCLE('',#10545,3.62390533459);
#10545 = AXIS2_PLACEMENT_3D('',#10546,#10547,#10548);
#10546 = CARTESIAN_POINT('',(0.,0.,862.53333333333));
#10547 = DIRECTION('',(0.,0.,1.));
#10548 = DIRECTION('',(1.,0.,-0.));
#10549 = PCURVE('',#10447,#10550);
#10550 = DEFINITIONAL_REPRESENTATION('',(#10551),#10555);
#10551 = LINE('',#10552,#10553);
#10552 = CARTESIAN_POINT('',(-0.,-3.366666666667));
#10553 = VECTOR('',#10554,1.);
#10554 = DIRECTION('',(-1.,-0.));
#10555 = ( GEOMETRIC_REPRESENTATION_CONTEXT(2) 
PARAMETRIC_REPRESENTATION_CONTEXT() REPRESENTATION_CONTEXT('2D SPACE',''
  ) );
#10556 = PCURVE('',#10557,#10562);
#10557 = CONICAL_SURFACE('',#10558,3.62390533459,0.384784589826);
#10558 = AXIS2_PLACEMENT_3D('',#10559,#10560,#10561);
#10559 = CARTESIAN_POINT('',(0.,0.,862.53333333333));
#10560 = DIRECTION('',(-0.,-0.,-1.));
#10561 = DIRECTION('',(1.,0.,-0.));
#10562 = DEFINITIONAL_REPRESENTATION('',(#10563),#10567);
#10563 = LINE('',#10564,#10565);
#10564 = CARTESIAN_POINT('',(-0.,-0.));
#10565 = VECTOR('',#10566,1.);
#10566 = DIRECTION('',(-1.,-0.));
#10567 = ( GEOMETRIC_REPRESENTATION_CONTEXT(2) 
PARAMETRIC_REPRESENTATION_CONTEXT() REPRESENTATION_CONTEXT('2D SPACE',''
  ) );
#10568 = ORIENTED_EDGE('',*,*,#10519,.F.);
#10569 = ADVANCED_FACE('',(#10570),#10502,.T.);
#10570 = FACE_BOUND('',#10571,.T.);
#10571 = EDGE_LOOP('',(#10572,#10573,#10596,#10623));
#10572 = ORIENTED_EDGE('',*,*,#10487,.T.);
#10573 = ORIENTED_EDGE('',*,*,#10574,.T.);
#10574 = EDGE_CURVE('',#10465,#10575,#10577,.T.);
#10575 = VERTEX_POINT('',#10576);
#10576 = CARTESIAN_POINT('',(9.547249349071,0.,852.43333333333));
#10577 = SEAM_CURVE('',#10578,(#10582,#10589),.PCURVE_S1.);
#10578 = LINE('',#10579,#10580);
#10579 = CARTESIAN_POINT('',(10.800173562404,0.,849.06666666666));
#10580 = VECTOR('',#10581,1.);
#10581 = DIRECTION('',(-0.348785314233,0.,0.937202648617));
#10582 = PCURVE('',#10502,#10583);
#10583 = DEFINITIONAL_REPRESENTATION('',(#10584),#10588);
#10584 = LINE('',#10585,#10586);
#10585 = CARTESIAN_POINT('',(-0.,-0.));
#10586 = VECTOR('',#10587,1.);
#10587 = DIRECTION('',(-0.,-1.));
#10588 = ( GEOMETRIC_REPRESENTATION_CONTEXT(2) 
PARAMETRIC_REPRESENTATION_CONTEXT() REPRESENTATION_CONTEXT('2D SPACE',''
  ) );
#10589 = PCURVE('',#10502,#10590);
#10590 = DEFINITIONAL_REPRESENTATION('',(#10591),#10595);
#10591 = LINE('',#10592,#10593);
#10592 = CARTESIAN_POINT('',(-6.28318530718,-0.));
#10593 = VECTOR('',#10594,1.);
#10594 = DIRECTION('',(-0.,-1.));
#10595 = ( GEOMETRIC_REPRESENTATION_CONTEXT(2) 
PARAMETRIC_REPRESENTATION_CONTEXT() REPRESENTATION_CONTEXT('2D SPACE',''
  ) );
#10596 = ORIENTED_EDGE('',*,*,#10597,.F.);
#10597 = EDGE_CURVE('',#10575,#10575,#10598,.T.);
#10598 = SURFACE_CURVE('',#10599,(#10604,#10611),.PCURVE_S1.);
#10599 = CIRCLE('',#10600,9.547249349071);
#10600 = AXIS2_PLACEMENT_3D('',#10601,#10602,#10603);
#10601 = CARTESIAN_POINT('',(0.,0.,852.43333333333));
#10602 = DIRECTION('',(0.,0.,1.));
#10603 = DIRECTION('',(1.,0.,-0.));
#10604 = PCURVE('',#10502,#10605);
#10605 = DEFINITIONAL_REPRESENTATION('',(#10606),#10610);
#10606 = LINE('',#10607,#10608);
#10607 = CARTESIAN_POINT('',(-0.,-3.366666666667));
#10608 = VECTOR('',#10609,1.);
#10609 = DIRECTION('',(-1.,-0.));
#10610 = ( GEOMETRIC_REPRESENTATION_CONTEXT(2) 
PARAMETRIC_REPRESENTATION_CONTEXT() REPRESENTATION_CONTEXT('2D SPACE',''
  ) );
#10611 = PCURVE('',#10612,#10617);
#10612 = CONICAL_SURFACE('',#10613,9.547249349071,0.363372842346);
#10613 = AXIS2_PLACEMENT_3D('',#10614,#10615,#10616);
#10614 = CARTESIAN_POINT('',(0.,0.,852.43333333333));
#10615 = DIRECTION('',(-0.,-0.,-1.));
#10616 = DIRECTION('',(1.,0.,-0.));
#10617 = DEFINITIONAL_REPRESENTATION('',(#10618),#10622);
#10618 = LINE('',#10619,#10620);
#10619 = CARTESIAN_POINT('',(-0.,-0.));
#10620 = VECTOR('',#10621,1.);
#10621 = DIRECTION('',(-1.,-0.));
#10622 = ( GEOMETRIC_REPRESENTATION_CONTEXT(2) 
PARAMETRIC_REPRESENTATION_CONTEXT() REPRESENTATION_CONTEXT('2D SPACE',''
  ) );
#10623 = ORIENTED_EDGE('',*,*,#10574,.F.);
#10624 = ADVANCED_FACE('',(#10625),#10557,.F.);
#10625 = FACE_BOUND('',#10626,.F.);
#10626 = EDGE_LOOP('',(#10627,#10628,#10651,#10678));
#10627 = ORIENTED_EDGE('',*,*,#10542,.T.);
#10628 = ORIENTED_EDGE('',*,*,#10629,.T.);
#10629 = EDGE_CURVE('',#10520,#10630,#10632,.T.);
#10630 = VERTEX_POINT('',#10631);
#10631 = CARTESIAN_POINT('',(2.260502078018,0.,865.9));
#10632 = SEAM_CURVE('',#10633,(#10637,#10644),.PCURVE_S1.);
#10633 = LINE('',#10634,#10635);
#10634 = CARTESIAN_POINT('',(3.62390533459,0.,862.53333333333));
#10635 = VECTOR('',#10636,1.);
#10636 = DIRECTION('',(-0.375359486224,0.,0.926879310429));
#10637 = PCURVE('',#10557,#10638);
#10638 = DEFINITIONAL_REPRESENTATION('',(#10639),#10643);
#10639 = LINE('',#10640,#10641);
#10640 = CARTESIAN_POINT('',(-0.,-0.));
#10641 = VECTOR('',#10642,1.);
#10642 = DIRECTION('',(-0.,-1.));
#10643 = ( GEOMETRIC_REPRESENTATION_CONTEXT(2) 
PARAMETRIC_REPRESENTATION_CONTEXT() REPRESENTATION_CONTEXT('2D SPACE',''
  ) );
#10644 = PCURVE('',#10557,#10645);
#10645 = DEFINITIONAL_REPRESENTATION('',(#10646),#10650);
#10646 = LINE('',#10647,#10648);
#10647 = CARTESIAN_POINT('',(-6.28318530718,-0.));
#10648 = VECTOR('',#10649,1.);
#10649 = DIRECTION('',(-0.,-1.));
#10650 = ( GEOMETRIC_REPRESENTATION_CONTEXT(2) 
PARAMETRIC_REPRESENTATION_CONTEXT() REPRESENTATION_CONTEXT('2D SPACE',''
  ) );
#10651 = ORIENTED_EDGE('',*,*,#10652,.F.);
#10652 = EDGE_CURVE('',#10630,#10630,#10653,.T.);
#10653 = SURFACE_CURVE('',#10654,(#10659,#10666),.PCURVE_S1.);
#10654 = CIRCLE('',#10655,2.260502078018);
#10655 = AXIS2_PLACEMENT_3D('',#10656,#10657,#10658);
#10656 = CARTESIAN_POINT('',(0.,0.,865.9));
#10657 = DIRECTION('',(0.,0.,1.));
#10658 = DIRECTION('',(1.,0.,-0.));
#10659 = PCURVE('',#10557,#10660);
#10660 = DEFINITIONAL_REPRESENTATION('',(#10661),#10665);
#10661 = LINE('',#10662,#10663);
#10662 = CARTESIAN_POINT('',(-0.,-3.366666666667));
#10663 = VECTOR('',#10664,1.);
#10664 = DIRECTION('',(-1.,-0.));
#10665 = ( GEOMETRIC_REPRESENTATION_CONTEXT(2) 
PARAMETRIC_REPRESENTATION_CONTEXT() REPRESENTATION_CONTEXT('2D SPACE',''
  ) );
#10666 = PCURVE('',#10667,#10672);
#10667 = CONICAL_SURFACE('',#10668,2.260502078018,0.391962733236);
#10668 = AXIS2_PLACEMENT_3D('',#10669,#10670,#10671);
#10669 = CARTESIAN_POINT('',(0.,0.,865.9));
#10670 = DIRECTION('',(-0.,-0.,-1.));
#10671 = DIRECTION('',(1.,0.,-0.));
#10672 = DEFINITIONAL_REPRESENTATION('',(#10673),#10677);
#10673 = LINE('',#10674,#10675);
#10674 = CARTESIAN_POINT('',(-0.,-0.));
#10675 = VECTOR('',#10676,1.);
#10676 = DIRECTION('',(-1.,-0.));
#10677 = ( GEOMETRIC_REPRESENTATION_CONTEXT(2) 
PARAMETRIC_REPRESENTATION_CONTEXT() REPRESENTATION_CONTEXT('2D SPACE',''
  ) );
#10678 = ORIENTED_EDGE('',*,*,#10629,.F.);
#10679 = ADVANCED_FACE('',(#10680),#10612,.T.);
#10680 = FACE_BOUND('',#10681,.T.);
#10681 = EDGE_LOOP('',(#10682,#10683,#10706,#10733));
#10682 = ORIENTED_EDGE('',*,*,#10597,.T.);
#10683 = ORIENTED_EDGE('',*,*,#10684,.T.);
#10684 = EDGE_CURVE('',#10575,#10685,#10687,.T.);
#10685 = VERTEX_POINT('',#10686);
#10686 = CARTESIAN_POINT('',(8.267045850966,0.,855.8));
#10687 = SEAM_CURVE('',#10688,(#10692,#10699),.PCURVE_S1.);
#10688 = LINE('',#10689,#10690);
#10689 = CARTESIAN_POINT('',(9.547249349071,0.,852.43333333333));
#10690 = VECTOR('',#10691,1.);
#10691 = DIRECTION('',(-0.355428855983,0.,0.934703337072));
#10692 = PCURVE('',#10612,#10693);
#10693 = DEFINITIONAL_REPRESENTATION('',(#10694),#10698);
#10694 = LINE('',#10695,#10696);
#10695 = CARTESIAN_POINT('',(-0.,-0.));
#10696 = VECTOR('',#10697,1.);
#10697 = DIRECTION('',(-0.,-1.));
#10698 = ( GEOMETRIC_REPRESENTATION_CONTEXT(2) 
PARAMETRIC_REPRESENTATION_CONTEXT() REPRESENTATION_CONTEXT('2D SPACE',''
  ) );
#10699 = PCURVE('',#10612,#10700);
#10700 = DEFINITIONAL_REPRESENTATION('',(#10701),#10705);
#10701 = LINE('',#10702,#10703);
#10702 = CARTESIAN_POINT('',(-6.28318530718,-0.));
#10703 = VECTOR('',#10704,1.);
#10704 = DIRECTION('',(-0.,-1.));
#10705 = ( GEOMETRIC_REPRESENTATION_CONTEXT(2) 
PARAMETRIC_REPRESENTATION_CONTEXT() REPRESENTATION_CONTEXT('2D SPACE',''
  ) );
#10706 = ORIENTED_EDGE('',*,*,#10707,.F.);
#10707 = EDGE_CURVE('',#10685,#10685,#10708,.T.);
#10708 = SURFACE_CURVE('',#10709,(#10714,#10721),.PCURVE_S1.);
#10709 = CIRCLE('',#10710,8.267045850966);
#10710 = AXIS2_PLACEMENT_3D('',#10711,#10712,#10713);
#10711 = CARTESIAN_POINT('',(0.,0.,855.8));
#10712 = DIRECTION('',(0.,0.,1.));
#10713 = DIRECTION('',(1.,0.,-0.));
#10714 = PCURVE('',#10612,#10715);
#10715 = DEFINITIONAL_REPRESENTATION('',(#10716),#10720);
#10716 = LINE('',#10717,#10718);
#10717 = CARTESIAN_POINT('',(-0.,-3.366666666667));
#10718 = VECTOR('',#10719,1.);
#10719 = DIRECTION('',(-1.,-0.));
#10720 = ( GEOMETRIC_REPRESENTATION_CONTEXT(2) 
PARAMETRIC_REPRESENTATION_CONTEXT() REPRESENTATION_CONTEXT('2D SPACE',''
  ) );
#10721 = PCURVE('',#10722,#10727);
#10722 = CONICAL_SURFACE('',#10723,8.267045850966,0.370490181957);
#10723 = AXIS2_PLACEMENT_3D('',#10724,#10725,#10726);
#10724 = CARTESIAN_POINT('',(0.,0.,855.8));
#10725 = DIRECTION('',(-0.,-0.,-1.));
#10726 = DIRECTION('',(1.,0.,-0.));
#10727 = DEFINITIONAL_REPRESENTATION('',(#10728),#10732);
#10728 = LINE('',#10729,#10730);
#10729 = CARTESIAN_POINT('',(-0.,-0.));
#10730 = VECTOR('',#10731,1.);
#10731 = DIRECTION('',(-1.,-0.));
#10732 = ( GEOMETRIC_REPRESENTATION_CONTEXT(2) 
PARAMETRIC_REPRESENTATION_CONTEXT() REPRESENTATION_CONTEXT('2D SPACE',''
  ) );
#10733 = ORIENTED_EDGE('',*,*,#10684,.F.);
#10734 = ADVANCED_FACE('',(#10735),#10667,.F.);
#10735 = FACE_BOUND('',#10736,.F.);
#10736 = EDGE_LOOP('',(#10737,#10738,#10761,#10788));
#10737 = ORIENTED_EDGE('',*,*,#10652,.T.);
#10738 = ORIENTED_EDGE('',*,*,#10739,.T.);
#10739 = EDGE_CURVE('',#10630,#10740,#10742,.T.);
#10740 = VERTEX_POINT('',#10741);
#10741 = CARTESIAN_POINT('',(0.868886575452,0.,869.26666666666));
#10742 = SEAM_CURVE('',#10743,(#10747,#10754),.PCURVE_S1.);
#10743 = LINE('',#10744,#10745);
#10744 = CARTESIAN_POINT('',(2.260502078018,0.,865.9));
#10745 = VECTOR('',#10746,1.);
#10746 = DIRECTION('',(-0.382003031406,0.,0.924161070375));
#10747 = PCURVE('',#10667,#10748);
#10748 = DEFINITIONAL_REPRESENTATION('',(#10749),#10753);
#10749 = LINE('',#10750,#10751);
#10750 = CARTESIAN_POINT('',(-0.,-0.));
#10751 = VECTOR('',#10752,1.);
#10752 = DIRECTION('',(-0.,-1.));
#10753 = ( GEOMETRIC_REPRESENTATION_CONTEXT(2) 
PARAMETRIC_REPRESENTATION_CONTEXT() REPRESENTATION_CONTEXT('2D SPACE',''
  ) );
#10754 = PCURVE('',#10667,#10755);
#10755 = DEFINITIONAL_REPRESENTATION('',(#10756),#10760);
#10756 = LINE('',#10757,#10758);
#10757 = CARTESIAN_POINT('',(-6.28318530718,-0.));
#10758 = VECTOR('',#10759,1.);
#10759 = DIRECTION('',(-0.,-1.));
#10760 = ( GEOMETRIC_REPRESENTATION_CONTEXT(2) 
PARAMETRIC_REPRESENTATION_CONTEXT() REPRESENTATION_CONTEXT('2D SPACE',''
  ) );
#10761 = ORIENTED_EDGE('',*,*,#10762,.F.);
#10762 = EDGE_CURVE('',#10740,#10740,#10763,.T.);
#10763 = SURFACE_CURVE('',#10764,(#10769,#10776),.PCURVE_S1.);
#10764 = CIRCLE('',#10765,0.868886575452);
#10765 = AXIS2_PLACEMENT_3D('',#10766,#10767,#10768);
#10766 = CARTESIAN_POINT('',(0.,0.,869.26666666666));
#10767 = DIRECTION('',(0.,0.,1.));
#10768 = DIRECTION('',(1.,0.,-0.));
#10769 = PCURVE('',#10667,#10770);
#10770 = DEFINITIONAL_REPRESENTATION('',(#10771),#10775);
#10771 = LINE('',#10772,#10773);
#10772 = CARTESIAN_POINT('',(-0.,-3.366666666667));
#10773 = VECTOR('',#10774,1.);
#10774 = DIRECTION('',(-1.,-0.));
#10775 = ( GEOMETRIC_REPRESENTATION_CONTEXT(2) 
PARAMETRIC_REPRESENTATION_CONTEXT() REPRESENTATION_CONTEXT('2D SPACE',''
  ) );
#10776 = PCURVE('',#10777,#10782);
#10777 = CONICAL_SURFACE('',#10778,0.868886575452,0.2525735944);
#10778 = AXIS2_PLACEMENT_3D('',#10779,#10780,#10781);
#10779 = CARTESIAN_POINT('',(0.,0.,869.26666666666));
#10780 = DIRECTION('',(-0.,-0.,-1.));
#10781 = DIRECTION('',(1.,0.,-0.));
#10782 = DEFINITIONAL_REPRESENTATION('',(#10783),#10787);
#10783 = LINE('',#10784,#10785);
#10784 = CARTESIAN_POINT('',(-0.,-0.));
#10785 = VECTOR('',#10786,1.);
#10786 = DIRECTION('',(-1.,-0.));
#10787 = ( GEOMETRIC_REPRESENTATION_CONTEXT(2) 
PARAMETRIC_REPRESENTATION_CONTEXT() REPRESENTATION_CONTEXT('2D SPACE',''
  ) );
#10788 = ORIENTED_EDGE('',*,*,#10739,.F.);
#10789 = ADVANCED_FACE('',(#10790),#10722,.T.);
#10790 = FACE_BOUND('',#10791,.T.);
#10791 = EDGE_LOOP('',(#10792,#10793,#10816,#10843));
#10792 = ORIENTED_EDGE('',*,*,#10707,.T.);
#10793 = ORIENTED_EDGE('',*,*,#10794,.T.);
#10794 = EDGE_CURVE('',#10685,#10795,#10797,.T.);
#10795 = VERTEX_POINT('',#10796);
#10796 = CARTESIAN_POINT('',(6.959340968526,0.,859.16666666666));
#10797 = SEAM_CURVE('',#10798,(#10802,#10809),.PCURVE_S1.);
#10798 = LINE('',#10799,#10800);
#10799 = CARTESIAN_POINT('',(8.267045850966,0.,855.8));
#10800 = VECTOR('',#10801,1.);
#10801 = DIRECTION('',(-0.362072398545,0.,0.932149976244));
#10802 = PCURVE('',#10722,#10803);
#10803 = DEFINITIONAL_REPRESENTATION('',(#10804),#10808);
#10804 = LINE('',#10805,#10806);
#10805 = CARTESIAN_POINT('',(-0.,-0.));
#10806 = VECTOR('',#10807,1.);
#10807 = DIRECTION('',(-0.,-1.));
#10808 = ( GEOMETRIC_REPRESENTATION_CONTEXT(2) 
PARAMETRIC_REPRESENTATION_CONTEXT() REPRESENTATION_CONTEXT('2D SPACE',''
  ) );
#10809 = PCURVE('',#10722,#10810);
#10810 = DEFINITIONAL_REPRESENTATION('',(#10811),#10815);
#10811 = LINE('',#10812,#10813);
#10812 = CARTESIAN_POINT('',(-6.28318530718,-0.));
#10813 = VECTOR('',#10814,1.);
#10814 = DIRECTION('',(-0.,-1.));
#10815 = ( GEOMETRIC_REPRESENTATION_CONTEXT(2) 
PARAMETRIC_REPRESENTATION_CONTEXT() REPRESENTATION_CONTEXT('2D SPACE',''
  ) );
#10816 = ORIENTED_EDGE('',*,*,#10817,.F.);
#10817 = EDGE_CURVE('',#10795,#10795,#10818,.T.);
#10818 = SURFACE_CURVE('',#10819,(#10824,#10831),.PCURVE_S1.);
#10819 = CIRCLE('',#10820,6.959340968526);
#10820 = AXIS2_PLACEMENT_3D('',#10821,#10822,#10823);
#10821 = CARTESIAN_POINT('',(0.,0.,859.16666666666));
#10822 = DIRECTION('',(0.,0.,1.));
#10823 = DIRECTION('',(1.,0.,-0.));
#10824 = PCURVE('',#10722,#10825);
#10825 = DEFINITIONAL_REPRESENTATION('',(#10826),#10830);
#10826 = LINE('',#10827,#10828);
#10827 = CARTESIAN_POINT('',(-0.,-3.366666666667));
#10828 = VECTOR('',#10829,1.);
#10829 = DIRECTION('',(-1.,-0.));
#10830 = ( GEOMETRIC_REPRESENTATION_CONTEXT(2) 
PARAMETRIC_REPRESENTATION_CONTEXT() REPRESENTATION_CONTEXT('2D SPACE',''
  ) );
#10831 = PCURVE('',#10832,#10837);
#10832 = CONICAL_SURFACE('',#10833,6.959340968526,0.377627253885);
#10833 = AXIS2_PLACEMENT_3D('',#10834,#10835,#10836);
#10834 = CARTESIAN_POINT('',(0.,0.,859.16666666666));
#10835 = DIRECTION('',(-0.,-0.,-1.));
#10836 = DIRECTION('',(1.,0.,-0.));
#10837 = DEFINITIONAL_REPRESENTATION('',(#10838),#10842);
#10838 = LINE('',#10839,#10840);
#10839 = CARTESIAN_POINT('',(-0.,-0.));
#10840 = VECTOR('',#10841,1.);
#10841 = DIRECTION('',(-1.,-0.));
#10842 = ( GEOMETRIC_REPRESENTATION_CONTEXT(2) 
PARAMETRIC_REPRESENTATION_CONTEXT() REPRESENTATION_CONTEXT('2D SPACE',''
  ) );
#10843 = ORIENTED_EDGE('',*,*,#10794,.F.);
#10844 = ADVANCED_FACE('',(#10845),#10777,.F.);
#10845 = FACE_BOUND('',#10846,.F.);
#10846 = EDGE_LOOP('',(#10847,#10848,#10871));
#10847 = ORIENTED_EDGE('',*,*,#10762,.T.);
#10848 = ORIENTED_EDGE('',*,*,#10849,.T.);
#10849 = EDGE_CURVE('',#10740,#10850,#10852,.T.);
#10850 = VERTEX_POINT('',#10851);
#10851 = CARTESIAN_POINT('',(0.,0.,872.63333333333));
#10852 = SEAM_CURVE('',#10853,(#10857,#10864),.PCURVE_S1.);
#10853 = LINE('',#10854,#10855);
#10854 = CARTESIAN_POINT('',(0.868886575452,0.,869.26666666666));
#10855 = VECTOR('',#10856,1.);
#10856 = DIRECTION('',(-0.249896724759,0.,0.96827249623));
#10857 = PCURVE('',#10777,#10858);
#10858 = DEFINITIONAL_REPRESENTATION('',(#10859),#10863);
#10859 = LINE('',#10860,#10861);
#10860 = CARTESIAN_POINT('',(-0.,-0.));
#10861 = VECTOR('',#10862,1.);
#10862 = DIRECTION('',(-0.,-1.));
#10863 = ( GEOMETRIC_REPRESENTATION_CONTEXT(2) 
PARAMETRIC_REPRESENTATION_CONTEXT() REPRESENTATION_CONTEXT('2D SPACE',''
  ) );
#10864 = PCURVE('',#10777,#10865);
#10865 = DEFINITIONAL_REPRESENTATION('',(#10866),#10870);
#10866 = LINE('',#10867,#10868);
#10867 = CARTESIAN_POINT('',(-6.28318530718,-0.));
#10868 = VECTOR('',#10869,1.);
#10869 = DIRECTION('',(-0.,-1.));
#10870 = ( GEOMETRIC_REPRESENTATION_CONTEXT(2) 
PARAMETRIC_REPRESENTATION_CONTEXT() REPRESENTATION_CONTEXT('2D SPACE',''
  ) );
#10871 = ORIENTED_EDGE('',*,*,#10849,.F.);
#10872 = ADVANCED_FACE('',(#10873),#10832,.T.);
#10873 = FACE_BOUND('',#10874,.T.);
#10874 = EDGE_LOOP('',(#10875,#10876,#10899,#10926));
#10875 = ORIENTED_EDGE('',*,*,#10817,.T.);
#10876 = ORIENTED_EDGE('',*,*,#10877,.T.);
#10877 = EDGE_CURVE('',#10795,#10878,#10880,.T.);
#10878 = VERTEX_POINT('',#10879);
#10879 = CARTESIAN_POINT('',(5.62390533459,0.,862.53333333333));
#10880 = SEAM_CURVE('',#10881,(#10885,#10892),.PCURVE_S1.);
#10881 = LINE('',#10882,#10883);
#10882 = CARTESIAN_POINT('',(6.959340968526,0.,859.16666666666));
#10883 = VECTOR('',#10884,1.);
#10884 = DIRECTION('',(-0.368715941948,0.,0.929542120699));
#10885 = PCURVE('',#10832,#10886);
#10886 = DEFINITIONAL_REPRESENTATION('',(#10887),#10891);
#10887 = LINE('',#10888,#10889);
#10888 = CARTESIAN_POINT('',(-0.,-0.));
#10889 = VECTOR('',#10890,1.);
#10890 = DIRECTION('',(-0.,-1.));
#10891 = ( GEOMETRIC_REPRESENTATION_CONTEXT(2) 
PARAMETRIC_REPRESENTATION_CONTEXT() REPRESENTATION_CONTEXT('2D SPACE',''
  ) );
#10892 = PCURVE('',#10832,#10893);
#10893 = DEFINITIONAL_REPRESENTATION('',(#10894),#10898);
#10894 = LINE('',#10895,#10896);
#10895 = CARTESIAN_POINT('',(-6.28318530718,-0.));
#10896 = VECTOR('',#10897,1.);
#10897 = DIRECTION('',(-0.,-1.));
#10898 = ( GEOMETRIC_REPRESENTATION_CONTEXT(2) 
PARAMETRIC_REPRESENTATION_CONTEXT() REPRESENTATION_CONTEXT('2D SPACE',''
  ) );
#10899 = ORIENTED_EDGE('',*,*,#10900,.F.);
#10900 = EDGE_CURVE('',#10878,#10878,#10901,.T.);
#10901 = SURFACE_CURVE('',#10902,(#10907,#10914),.PCURVE_S1.);
#10902 = CIRCLE('',#10903,5.62390533459);
#10903 = AXIS2_PLACEMENT_3D('',#10904,#10905,#10906);
#10904 = CARTESIAN_POINT('',(0.,0.,862.53333333333));
#10905 = DIRECTION('',(0.,0.,1.));
#10906 = DIRECTION('',(1.,0.,-0.));
#10907 = PCURVE('',#10832,#10908);
#10908 = DEFINITIONAL_REPRESENTATION('',(#10909),#10913);
#10909 = LINE('',#10910,#10911);
#10910 = CARTESIAN_POINT('',(-0.,-3.366666666667));
#10911 = VECTOR('',#10912,1.);
#10912 = DIRECTION('',(-1.,-0.));
#10913 = ( GEOMETRIC_REPRESENTATION_CONTEXT(2) 
PARAMETRIC_REPRESENTATION_CONTEXT() REPRESENTATION_CONTEXT('2D SPACE',''
  ) );
#10914 = PCURVE('',#10915,#10920);
#10915 = CONICAL_SURFACE('',#10916,5.62390533459,0.384784589826);
#10916 = AXIS2_PLACEMENT_3D('',#10917,#10918,#10919);
#10917 = CARTESIAN_POINT('',(0.,0.,862.53333333333));
#10918 = DIRECTION('',(-0.,-0.,-1.));
#10919 = DIRECTION('',(1.,0.,-0.));
#10920 = DEFINITIONAL_REPRESENTATION('',(#10921),#10925);
#10921 = LINE('',#10922,#10923);
#10922 = CARTESIAN_POINT('',(-0.,-0.));
#10923 = VECTOR('',#10924,1.);
#10924 = DIRECTION('',(-1.,-0.));
#10925 = ( GEOMETRIC_REPRESENTATION_CONTEXT(2) 
PARAMETRIC_REPRESENTATION_CONTEXT() REPRESENTATION_CONTEXT('2D SPACE',''
  ) );
#10926 = ORIENTED_EDGE('',*,*,#10877,.F.);
#10927 = ADVANCED_FACE('',(#10928),#10915,.T.);
#10928 = FACE_BOUND('',#10929,.T.);
#10929 = EDGE_LOOP('',(#10930,#10931,#10954,#10981));
#10930 = ORIENTED_EDGE('',*,*,#10900,.T.);
#10931 = ORIENTED_EDGE('',*,*,#10932,.T.);
#10932 = EDGE_CURVE('',#10878,#10933,#10935,.T.);
#10933 = VERTEX_POINT('',#10934);
#10934 = CARTESIAN_POINT('',(4.260502078018,0.,865.9));
#10935 = SEAM_CURVE('',#10936,(#10940,#10947),.PCURVE_S1.);
#10936 = LINE('',#10937,#10938);
#10937 = CARTESIAN_POINT('',(5.62390533459,0.,862.53333333333));
#10938 = VECTOR('',#10939,1.);
#10939 = DIRECTION('',(-0.375359486224,0.,0.926879310429));
#10940 = PCURVE('',#10915,#10941);
#10941 = DEFINITIONAL_REPRESENTATION('',(#10942),#10946);
#10942 = LINE('',#10943,#10944);
#10943 = CARTESIAN_POINT('',(-0.,-0.));
#10944 = VECTOR('',#10945,1.);
#10945 = DIRECTION('',(-0.,-1.));
#10946 = ( GEOMETRIC_REPRESENTATION_CONTEXT(2) 
PARAMETRIC_REPRESENTATION_CONTEXT() REPRESENTATION_CONTEXT('2D SPACE',''
  ) );
#10947 = PCURVE('',#10915,#10948);
#10948 = DEFINITIONAL_REPRESENTATION('',(#10949),#10953);
#10949 = LINE('',#10950,#10951);
#10950 = CARTESIAN_POINT('',(-6.28318530718,-0.));
#10951 = VECTOR('',#10952,1.);
#10952 = DIRECTION('',(-0.,-1.));
#10953 = ( GEOMETRIC_REPRESENTATION_CONTEXT(2) 
PARAMETRIC_REPRESENTATION_CONTEXT() REPRESENTATION_CONTEXT('2D SPACE',''
  ) );
#10954 = ORIENTED_EDGE('',*,*,#10955,.F.);
#10955 = EDGE_CURVE('',#10933,#10933,#10956,.T.);
#10956 = SURFACE_CURVE('',#10957,(#10962,#10969),.PCURVE_S1.);
#10957 = CIRCLE('',#10958,4.260502078018);
#10958 = AXIS2_PLACEMENT_3D('',#10959,#10960,#10961);
#10959 = CARTESIAN_POINT('',(0.,0.,865.9));
#10960 = DIRECTION('',(0.,0.,1.));
#10961 = DIRECTION('',(1.,0.,-0.));
#10962 = PCURVE('',#10915,#10963);
#10963 = DEFINITIONAL_REPRESENTATION('',(#10964),#10968);
#10964 = LINE('',#10965,#10966);
#10965 = CARTESIAN_POINT('',(-0.,-3.366666666667));
#10966 = VECTOR('',#10967,1.);
#10967 = DIRECTION('',(-1.,-0.));
#10968 = ( GEOMETRIC_REPRESENTATION_CONTEXT(2) 
PARAMETRIC_REPRESENTATION_CONTEXT() REPRESENTATION_CONTEXT('2D SPACE',''
  ) );
#10969 = PCURVE('',#10970,#10975);
#10970 = CONICAL_SURFACE('',#10971,4.260502078018,0.391962733236);
#10971 = AXIS2_PLACEMENT_3D('',#10972,#10973,#10974);
#10972 = CARTESIAN_POINT('',(0.,0.,865.9));
#10973 = DIRECTION('',(-0.,-0.,-1.));
#10974 = DIRECTION('',(1.,0.,-0.));
#10975 = DEFINITIONAL_REPRESENTATION('',(#10976),#10980);
#10976 = LINE('',#10977,#10978);
#10977 = CARTESIAN_POINT('',(-0.,-0.));
#10978 = VECTOR('',#10979,1.);
#10979 = DIRECTION('',(-1.,-0.));
#10980 = ( GEOMETRIC_REPRESENTATION_CONTEXT(2) 
PARAMETRIC_REPRESENTATION_CONTEXT() REPRESENTATION_CONTEXT('2D SPACE',''
  ) );
#10981 = ORIENTED_EDGE('',*,*,#10932,.F.);
#10982 = ADVANCED_FACE('',(#10983),#10970,.T.);
#10983 = FACE_BOUND('',#10984,.T.);
#10984 = EDGE_LOOP('',(#10985,#10986,#11009,#11036));
#10985 = ORIENTED_EDGE('',*,*,#10955,.T.);
#10986 = ORIENTED_EDGE('',*,*,#10987,.T.);
#10987 = EDGE_CURVE('',#10933,#10988,#10990,.T.);
#10988 = VERTEX_POINT('',#10989);
#10989 = CARTESIAN_POINT('',(2.868886575452,0.,869.26666666666));
#10990 = SEAM_CURVE('',#10991,(#10995,#11002),.PCURVE_S1.);
#10991 = LINE('',#10992,#10993);
#10992 = CARTESIAN_POINT('',(4.260502078018,0.,865.9));
#10993 = VECTOR('',#10994,1.);
#10994 = DIRECTION('',(-0.382003031406,0.,0.924161070375));
#10995 = PCURVE('',#10970,#10996);
#10996 = DEFINITIONAL_REPRESENTATION('',(#10997),#11001);
#10997 = LINE('',#10998,#10999);
#10998 = CARTESIAN_POINT('',(-0.,-0.));
#10999 = VECTOR('',#11000,1.);
#11000 = DIRECTION('',(-0.,-1.));
#11001 = ( GEOMETRIC_REPRESENTATION_CONTEXT(2) 
PARAMETRIC_REPRESENTATION_CONTEXT() REPRESENTATION_CONTEXT('2D SPACE',''
  ) );
#11002 = PCURVE('',#10970,#11003);
#11003 = DEFINITIONAL_REPRESENTATION('',(#11004),#11008);
#11004 = LINE('',#11005,#11006);
#11005 = CARTESIAN_POINT('',(-6.28318530718,-0.));
#11006 = VECTOR('',#11007,1.);
#11007 = DIRECTION('',(-0.,-1.));
#11008 = ( GEOMETRIC_REPRESENTATION_CONTEXT(2) 
PARAMETRIC_REPRESENTATION_CONTEXT() REPRESENTATION_CONTEXT('2D SPACE',''
  ) );
#11009 = ORIENTED_EDGE('',*,*,#11010,.F.);
#11010 = EDGE_CURVE('',#10988,#10988,#11011,.T.);
#11011 = SURFACE_CURVE('',#11012,(#11017,#11024),.PCURVE_S1.);
#11012 = CIRCLE('',#11013,2.868886575452);
#11013 = AXIS2_PLACEMENT_3D('',#11014,#11015,#11016);
#11014 = CARTESIAN_POINT('',(0.,0.,869.26666666666));
#11015 = DIRECTION('',(0.,0.,1.));
#11016 = DIRECTION('',(1.,0.,-0.));
#11017 = PCURVE('',#10970,#11018);
#11018 = DEFINITIONAL_REPRESENTATION('',(#11019),#11023);
#11019 = LINE('',#11020,#11021);
#11020 = CARTESIAN_POINT('',(-0.,-3.366666666667));
#11021 = VECTOR('',#11022,1.);
#11022 = DIRECTION('',(-1.,-0.));
#11023 = ( GEOMETRIC_REPRESENTATION_CONTEXT(2) 
PARAMETRIC_REPRESENTATION_CONTEXT() REPRESENTATION_CONTEXT('2D SPACE',''
  ) );
#11024 = PCURVE('',#11025,#11030);
#11025 = CONICAL_SURFACE('',#11026,2.868886575452,0.399162239829);
#11026 = AXIS2_PLACEMENT_3D('',#11027,#11028,#11029);
#11027 = CARTESIAN_POINT('',(0.,0.,869.26666666666));
#11028 = DIRECTION('',(-0.,-0.,-1.));
#11029 = DIRECTION('',(1.,0.,-0.));
#11030 = DEFINITIONAL_REPRESENTATION('',(#11031),#11035);
#11031 = LINE('',#11032,#11033);
#11032 = CARTESIAN_POINT('',(-0.,-0.));
#11033 = VECTOR('',#11034,1.);
#11034 = DIRECTION('',(-1.,-0.));
#11035 = ( GEOMETRIC_REPRESENTATION_CONTEXT(2) 
PARAMETRIC_REPRESENTATION_CONTEXT() REPRESENTATION_CONTEXT('2D SPACE',''
  ) );
#11036 = ORIENTED_EDGE('',*,*,#10987,.F.);
#11037 = ADVANCED_FACE('',(#11038),#11025,.T.);
#11038 = FACE_BOUND('',#11039,.T.);
#11039 = EDGE_LOOP('',(#11040,#11041,#11064,#11091));
#11040 = ORIENTED_EDGE('',*,*,#11010,.T.);
#11041 = ORIENTED_EDGE('',*,*,#11042,.T.);
#11042 = EDGE_CURVE('',#10988,#11043,#11045,.T.);
#11043 = VERTEX_POINT('',#11044);
#11044 = CARTESIAN_POINT('',(1.44880619056,0.,872.63333333333));
#11045 = SEAM_CURVE('',#11046,(#11050,#11057),.PCURVE_S1.);
#11046 = LINE('',#11047,#11048);
#11047 = CARTESIAN_POINT('',(2.868886575452,0.,869.26666666666));
#11048 = VECTOR('',#11049,1.);
#11049 = DIRECTION('',(-0.388646577528,0.,0.921386909922));
#11050 = PCURVE('',#11025,#11051);
#11051 = DEFINITIONAL_REPRESENTATION('',(#11052),#11056);
#11052 = LINE('',#11053,#11054);
#11053 = CARTESIAN_POINT('',(-0.,-0.));
#11054 = VECTOR('',#11055,1.);
#11055 = DIRECTION('',(-0.,-1.));
#11056 = ( GEOMETRIC_REPRESENTATION_CONTEXT(2) 
PARAMETRIC_REPRESENTATION_CONTEXT() REPRESENTATION_CONTEXT('2D SPACE',''
  ) );
#11057 = PCURVE('',#11025,#11058);
#11058 = DEFINITIONAL_REPRESENTATION('',(#11059),#11063);
#11059 = LINE('',#11060,#11061);
#11060 = CARTESIAN_POINT('',(-6.28318530718,-0.));
#11061 = VECTOR('',#11062,1.);
#11062 = DIRECTION('',(-0.,-1.));
#11063 = ( GEOMETRIC_REPRESENTATION_CONTEXT(2) 
PARAMETRIC_REPRESENTATION_CONTEXT() REPRESENTATION_CONTEXT('2D SPACE',''
  ) );
#11064 = ORIENTED_EDGE('',*,*,#11065,.F.);
#11065 = EDGE_CURVE('',#11043,#11043,#11066,.T.);
#11066 = SURFACE_CURVE('',#11067,(#11072,#11079),.PCURVE_S1.);
#11067 = CIRCLE('',#11068,1.44880619056);
#11068 = AXIS2_PLACEMENT_3D('',#11069,#11070,#11071);
#11069 = CARTESIAN_POINT('',(0.,0.,872.63333333333));
#11070 = DIRECTION('',(0.,0.,1.));
#11071 = DIRECTION('',(1.,0.,-0.));
#11072 = PCURVE('',#11025,#11073);
#11073 = DEFINITIONAL_REPRESENTATION('',(#11074),#11078);
#11074 = LINE('',#11075,#11076);
#11075 = CARTESIAN_POINT('',(-0.,-3.366666666667));
#11076 = VECTOR('',#11077,1.);
#11077 = DIRECTION('',(-1.,-0.));
#11078 = ( GEOMETRIC_REPRESENTATION_CONTEXT(2) 
PARAMETRIC_REPRESENTATION_CONTEXT() REPRESENTATION_CONTEXT('2D SPACE',''
  ) );
#11079 = PCURVE('',#11080,#11085);
#11080 = CONICAL_SURFACE('',#11081,1.44880619056,0.406383678087);
#11081 = AXIS2_PLACEMENT_3D('',#11082,#11083,#11084);
#11082 = CARTESIAN_POINT('',(0.,0.,872.63333333333));
#11083 = DIRECTION('',(-0.,-0.,-1.));
#11084 = DIRECTION('',(1.,0.,-0.));
#11085 = DEFINITIONAL_REPRESENTATION('',(#11086),#11090);
#11086 = LINE('',#11087,#11088);
#11087 = CARTESIAN_POINT('',(-0.,-0.));
#11088 = VECTOR('',#11089,1.);
#11089 = DIRECTION('',(-1.,-0.));
#11090 = ( GEOMETRIC_REPRESENTATION_CONTEXT(2) 
PARAMETRIC_REPRESENTATION_CONTEXT() REPRESENTATION_CONTEXT('2D SPACE',''
  ) );
#11091 = ORIENTED_EDGE('',*,*,#11042,.F.);
#11092 = ADVANCED_FACE('',(#11093),#11080,.T.);
#11093 = FACE_BOUND('',#11094,.T.);
#11094 = EDGE_LOOP('',(#11095,#11096,#11119));
#11095 = ORIENTED_EDGE('',*,*,#11065,.T.);
#11096 = ORIENTED_EDGE('',*,*,#11097,.T.);
#11097 = EDGE_CURVE('',#11043,#11098,#11100,.T.);
#11098 = VERTEX_POINT('',#11099);
#11099 = CARTESIAN_POINT('',(0.,0.,876.));
#11100 = SEAM_CURVE('',#11101,(#11105,#11112),.PCURVE_S1.);
#11101 = LINE('',#11102,#11103);
#11102 = CARTESIAN_POINT('',(1.44880619056,0.,872.63333333333));
#11103 = VECTOR('',#11104,1.);
#11104 = DIRECTION('',(-0.395290124624,0.,0.918556322375));
#11105 = PCURVE('',#11080,#11106);
#11106 = DEFINITIONAL_REPRESENTATION('',(#11107),#11111);
#11107 = LINE('',#11108,#11109);
#11108 = CARTESIAN_POINT('',(-0.,-0.));
#11109 = VECTOR('',#11110,1.);
#11110 = DIRECTION('',(-0.,-1.));
#11111 = ( GEOMETRIC_REPRESENTATION_CONTEXT(2) 
PARAMETRIC_REPRESENTATION_CONTEXT() REPRESENTATION_CONTEXT('2D SPACE',''
  ) );
#11112 = PCURVE('',#11080,#11113);
#11113 = DEFINITIONAL_REPRESENTATION('',(#11114),#11118);
#11114 = LINE('',#11115,#11116);
#11115 = CARTESIAN_POINT('',(-6.28318530718,-0.));
#11116 = VECTOR('',#11117,1.);
#11117 = DIRECTION('',(-0.,-1.));
#11118 = ( GEOMETRIC_REPRESENTATION_CONTEXT(2) 
PARAMETRIC_REPRESENTATION_CONTEXT() REPRESENTATION_CONTEXT('2D SPACE',''
  ) );
#11119 = ORIENTED_EDGE('',*,*,#11097,.F.);
#11120 = ( GEOMETRIC_REPRESENTATION_CONTEXT(3) 
GLOBAL_UNCERTAINTY_ASSIGNED_CONTEXT((#11124)) 
GLOBAL_UNIT_ASSIGNED_CONTEXT((#11121,#11122,#11123)) 
REPRESENTATION_CONTEXT('Context #1',
  '3D Context with UNIT and UNCERTAINTY') );
#11121 = ( LENGTH_UNIT() NAMED_UNIT(*) SI_UNIT(.MILLI.,.METRE.) );
#11122 = ( NAMED_UNIT(*) PLANE_ANGLE_UNIT() SI_UNIT($,.RADIAN.) );
#11123 = ( NAMED_UNIT(*) SI_UNIT($,.STERADIAN.) SOLID_ANGLE_UNIT() );
#11124 = UNCERTAINTY_MEASURE_WITH_UNIT(LENGTH_MEASURE(1.E-07),#11121,
  'distance_accuracy_value','confusion accuracy');
#11125 = PRODUCT_RELATED_PRODUCT_CATEGORY('part',$,(#7));
ENDSEC;
END-ISO-10303-21;
