ISO-10303-21;
HEADER;
FILE_DESCRIPTION(('Open CASCADE Model'),'2;1');
FILE_NAME('Open CASCADE Shape Model','2026-06-21T02:31:40',('Author'),(
    'Open CASCADE'),'Open CASCADE STEP processor 7.9','Open CASCADE 7.9'
  ,'Unknown');
FILE_SCHEMA(('AUTOMOTIVE_DESIGN { 1 0 10303 214 1 1 1 1 }'));
ENDSEC;
DATA;
#1 = APPLICATION_PROTOCOL_DEFINITION('international standard',
  'automotive_design',2000,#2);
#2 = APPLICATION_CONTEXT(
  'core data for automotive mechanical design processes');
#3 = SHAPE_DEFINITION_REPRESENTATION(#4,#10);
#4 = PRODUCT_DEFINITION_SHAPE('','',#5);
#5 = PRODUCT_DEFINITION('design','',#6,#9);
#6 = PRODUCT_DEFINITION_FORMATION('','',#7);
#7 = PRODUCT('Open CASCADE STEP translator 7.9 2',
  'Open CASCADE STEP translator 7.9 2','',(#8));
#8 = PRODUCT_CONTEXT('',#2,'mechanical');
#9 = PRODUCT_DEFINITION_CONTEXT('part definition',#2,'design');
#10 = SHAPE_REPRESENTATION('',(#11,#15,#19,#23),#27);
#11 = AXIS2_PLACEMENT_3D('',#12,#13,#14);
#12 = CARTESIAN_POINT('',(0.,0.,0.));
#13 = DIRECTION('',(0.,0.,1.));
#14 = DIRECTION('',(1.,0.,-0.));
#15 = AXIS2_PLACEMENT_3D('',#16,#17,#18);
#16 = CARTESIAN_POINT('',(0.,0.,0.));
#17 = DIRECTION('',(0.,0.,1.));
#18 = DIRECTION('',(1.,0.,-0.));
#19 = AXIS2_PLACEMENT_3D('',#20,#21,#22);
#20 = CARTESIAN_POINT('',(0.,0.,0.));
#21 = DIRECTION('',(0.,0.,1.));
#22 = DIRECTION('',(1.,0.,-0.));
#23 = AXIS2_PLACEMENT_3D('',#24,#25,#26);
#24 = CARTESIAN_POINT('',(0.,0.,0.));
#25 = DIRECTION('',(0.,0.,1.));
#26 = DIRECTION('',(1.,0.,-0.));
#27 = ( GEOMETRIC_REPRESENTATION_CONTEXT(3) 
GLOBAL_UNCERTAINTY_ASSIGNED_CONTEXT((#31)) GLOBAL_UNIT_ASSIGNED_CONTEXT(
(#28,#29,#30)) REPRESENTATION_CONTEXT('Context #1',
  '3D Context with UNIT and UNCERTAINTY') );
#28 = ( LENGTH_UNIT() NAMED_UNIT(*) SI_UNIT(.MILLI.,.METRE.) );
#29 = ( NAMED_UNIT(*) PLANE_ANGLE_UNIT() SI_UNIT($,.RADIAN.) );
#30 = ( NAMED_UNIT(*) SI_UNIT($,.STERADIAN.) SOLID_ANGLE_UNIT() );
#31 = UNCERTAINTY_MEASURE_WITH_UNIT(LENGTH_MEASURE(1.E-07),#28,
  'distance_accuracy_value','confusion accuracy');
#32 = PRODUCT_RELATED_PRODUCT_CATEGORY('part',$,(#7));
#33 = SHAPE_DEFINITION_REPRESENTATION(#34,#40);
#34 = PRODUCT_DEFINITION_SHAPE('','',#35);
#35 = PRODUCT_DEFINITION('design','',#36,#39);
#36 = PRODUCT_DEFINITION_FORMATION('','',#37);
#37 = PRODUCT('Open CASCADE STEP translator 7.9 2.1',
  'Open CASCADE STEP translator 7.9 2.1','',(#38));
#38 = PRODUCT_CONTEXT('',#2,'mechanical');
#39 = PRODUCT_DEFINITION_CONTEXT('part definition',#2,'design');
#40 = ADVANCED_BREP_SHAPE_REPRESENTATION('',(#11,#41),#1211);
#41 = MANIFOLD_SOLID_BREP('',#42);
#42 = CLOSED_SHELL('',(#43,#131,#341,#371,#556,#656,#705,#788,#926,#953,
    #1028,#1097,#1125,#1175,#1203));
#43 = ADVANCED_FACE('',(#44),#57,.T.);
#44 = FACE_BOUND('',#45,.T.);
#45 = EDGE_LOOP('',(#46,#80,#103,#130));
#46 = ORIENTED_EDGE('',*,*,#47,.F.);
#47 = EDGE_CURVE('',#48,#48,#50,.T.);
#48 = VERTEX_POINT('',#49);
#49 = CARTESIAN_POINT('',(39.8,-9.748188521213E-15,10.));
#50 = SURFACE_CURVE('',#51,(#56,#68),.PCURVE_S1.);
#51 = CIRCLE('',#52,39.8);
#52 = AXIS2_PLACEMENT_3D('',#53,#54,#55);
#53 = CARTESIAN_POINT('',(0.,0.,10.));
#54 = DIRECTION('',(0.,0.,1.));
#55 = DIRECTION('',(1.,0.,-0.));
#56 = PCURVE('',#57,#62);
#57 = CYLINDRICAL_SURFACE('',#58,39.8);
#58 = AXIS2_PLACEMENT_3D('',#59,#60,#61);
#59 = CARTESIAN_POINT('',(0.,0.,6.));
#60 = DIRECTION('',(0.,0.,1.));
#61 = DIRECTION('',(1.,0.,-0.));
#62 = DEFINITIONAL_REPRESENTATION('',(#63),#67);
#63 = LINE('',#64,#65);
#64 = CARTESIAN_POINT('',(0.,4.));
#65 = VECTOR('',#66,1.);
#66 = DIRECTION('',(1.,0.));
#67 = ( GEOMETRIC_REPRESENTATION_CONTEXT(2) 
PARAMETRIC_REPRESENTATION_CONTEXT() REPRESENTATION_CONTEXT('2D SPACE',''
  ) );
#68 = PCURVE('',#69,#74);
#69 = PLANE('',#70);
#70 = AXIS2_PLACEMENT_3D('',#71,#72,#73);
#71 = CARTESIAN_POINT('',(0.,0.,10.));
#72 = DIRECTION('',(0.,0.,1.));
#73 = DIRECTION('',(1.,0.,-0.));
#74 = DEFINITIONAL_REPRESENTATION('',(#75),#79);
#75 = CIRCLE('',#76,39.8);
#76 = AXIS2_PLACEMENT_2D('',#77,#78);
#77 = CARTESIAN_POINT('',(0.,0.));
#78 = DIRECTION('',(1.,0.));
#79 = ( GEOMETRIC_REPRESENTATION_CONTEXT(2) 
PARAMETRIC_REPRESENTATION_CONTEXT() REPRESENTATION_CONTEXT('2D SPACE',''
  ) );
#80 = ORIENTED_EDGE('',*,*,#81,.F.);
#81 = EDGE_CURVE('',#82,#48,#84,.T.);
#82 = VERTEX_POINT('',#83);
#83 = CARTESIAN_POINT('',(39.8,-9.748188521213E-15,6.));
#84 = SEAM_CURVE('',#85,(#89,#96),.PCURVE_S1.);
#85 = LINE('',#86,#87);
#86 = CARTESIAN_POINT('',(39.8,-9.748188521213E-15,6.));
#87 = VECTOR('',#88,1.);
#88 = DIRECTION('',(0.,0.,1.));
#89 = PCURVE('',#57,#90);
#90 = DEFINITIONAL_REPRESENTATION('',(#91),#95);
#91 = LINE('',#92,#93);
#92 = CARTESIAN_POINT('',(6.28318530718,-0.));
#93 = VECTOR('',#94,1.);
#94 = DIRECTION('',(0.,1.));
#95 = ( GEOMETRIC_REPRESENTATION_CONTEXT(2) 
PARAMETRIC_REPRESENTATION_CONTEXT() REPRESENTATION_CONTEXT('2D SPACE',''
  ) );
#96 = PCURVE('',#57,#97);
#97 = DEFINITIONAL_REPRESENTATION('',(#98),#102);
#98 = LINE('',#99,#100);
#99 = CARTESIAN_POINT('',(0.,-0.));
#100 = VECTOR('',#101,1.);
#101 = DIRECTION('',(0.,1.));
#102 = ( GEOMETRIC_REPRESENTATION_CONTEXT(2) 
PARAMETRIC_REPRESENTATION_CONTEXT() REPRESENTATION_CONTEXT('2D SPACE',''
  ) );
#103 = ORIENTED_EDGE('',*,*,#104,.T.);
#104 = EDGE_CURVE('',#82,#82,#105,.T.);
#105 = SURFACE_CURVE('',#106,(#111,#118),.PCURVE_S1.);
#106 = CIRCLE('',#107,39.8);
#107 = AXIS2_PLACEMENT_3D('',#108,#109,#110);
#108 = CARTESIAN_POINT('',(0.,0.,6.));
#109 = DIRECTION('',(0.,0.,1.));
#110 = DIRECTION('',(1.,0.,-0.));
#111 = PCURVE('',#57,#112);
#112 = DEFINITIONAL_REPRESENTATION('',(#113),#117);
#113 = LINE('',#114,#115);
#114 = CARTESIAN_POINT('',(0.,0.));
#115 = VECTOR('',#116,1.);
#116 = DIRECTION('',(1.,0.));
#117 = ( GEOMETRIC_REPRESENTATION_CONTEXT(2) 
PARAMETRIC_REPRESENTATION_CONTEXT() REPRESENTATION_CONTEXT('2D SPACE',''
  ) );
#118 = PCURVE('',#119,#124);
#119 = PLANE('',#120);
#120 = AXIS2_PLACEMENT_3D('',#121,#122,#123);
#121 = CARTESIAN_POINT('',(0.,0.,6.));
#122 = DIRECTION('',(0.,0.,1.));
#123 = DIRECTION('',(1.,0.,-0.));
#124 = DEFINITIONAL_REPRESENTATION('',(#125),#129);
#125 = CIRCLE('',#126,39.8);
#126 = AXIS2_PLACEMENT_2D('',#127,#128);
#127 = CARTESIAN_POINT('',(0.,0.));
#128 = DIRECTION('',(1.,0.));
#129 = ( GEOMETRIC_REPRESENTATION_CONTEXT(2) 
PARAMETRIC_REPRESENTATION_CONTEXT() REPRESENTATION_CONTEXT('2D SPACE',''
  ) );
#130 = ORIENTED_EDGE('',*,*,#81,.T.);
#131 = ADVANCED_FACE('',(#132,#135),#69,.T.);
#132 = FACE_BOUND('',#133,.T.);
#133 = EDGE_LOOP('',(#134));
#134 = ORIENTED_EDGE('',*,*,#47,.T.);
#135 = FACE_BOUND('',#136,.T.);
#136 = EDGE_LOOP('',(#137,#168,#194,#220,#246,#270,#296,#322));
#137 = ORIENTED_EDGE('',*,*,#138,.F.);
#138 = EDGE_CURVE('',#139,#141,#143,.T.);
#139 = VERTEX_POINT('',#140);
#140 = CARTESIAN_POINT('',(32.905166767546,2.5,10.));
#141 = VERTEX_POINT('',#142);
#142 = CARTESIAN_POINT('',(-32.90516676754,2.5,10.));
#143 = SURFACE_CURVE('',#144,(#149,#156),.PCURVE_S1.);
#144 = CIRCLE('',#145,33.);
#145 = AXIS2_PLACEMENT_3D('',#146,#147,#148);
#146 = CARTESIAN_POINT('',(0.,0.,10.));
#147 = DIRECTION('',(0.,0.,1.));
#148 = DIRECTION('',(1.,0.,-0.));
#149 = PCURVE('',#69,#150);
#150 = DEFINITIONAL_REPRESENTATION('',(#151),#155);
#151 = CIRCLE('',#152,33.);
#152 = AXIS2_PLACEMENT_2D('',#153,#154);
#153 = CARTESIAN_POINT('',(0.,0.));
#154 = DIRECTION('',(1.,0.));
#155 = ( GEOMETRIC_REPRESENTATION_CONTEXT(2) 
PARAMETRIC_REPRESENTATION_CONTEXT() REPRESENTATION_CONTEXT('2D SPACE',''
  ) );
#156 = PCURVE('',#157,#162);
#157 = CYLINDRICAL_SURFACE('',#158,33.);
#158 = AXIS2_PLACEMENT_3D('',#159,#160,#161);
#159 = CARTESIAN_POINT('',(0.,0.,5.));
#160 = DIRECTION('',(0.,0.,1.));
#161 = DIRECTION('',(1.,0.,-0.));
#162 = DEFINITIONAL_REPRESENTATION('',(#163),#167);
#163 = LINE('',#164,#165);
#164 = CARTESIAN_POINT('',(0.,5.));
#165 = VECTOR('',#166,1.);
#166 = DIRECTION('',(1.,0.));
#167 = ( GEOMETRIC_REPRESENTATION_CONTEXT(2) 
PARAMETRIC_REPRESENTATION_CONTEXT() REPRESENTATION_CONTEXT('2D SPACE',''
  ) );
#168 = ORIENTED_EDGE('',*,*,#169,.F.);
#169 = EDGE_CURVE('',#170,#139,#172,.T.);
#170 = VERTEX_POINT('',#171);
#171 = CARTESIAN_POINT('',(39.,2.5,10.));
#172 = SURFACE_CURVE('',#173,(#177,#183),.PCURVE_S1.);
#173 = LINE('',#174,#175);
#174 = CARTESIAN_POINT('',(-19.5,2.5,10.));
#175 = VECTOR('',#176,1.);
#176 = DIRECTION('',(-1.,-0.,0.));
#177 = PCURVE('',#69,#178);
#178 = DEFINITIONAL_REPRESENTATION('',(#179),#182);
#179 = B_SPLINE_CURVE_WITH_KNOTS('',1,(#180,#181),.UNSPECIFIED.,.F.,.F.,
  (2,2),(-58.5,19.5),.PIECEWISE_BEZIER_KNOTS.);
#180 = CARTESIAN_POINT('',(39.,2.5));
#181 = CARTESIAN_POINT('',(-39.,2.5));
#182 = ( GEOMETRIC_REPRESENTATION_CONTEXT(2) 
PARAMETRIC_REPRESENTATION_CONTEXT() REPRESENTATION_CONTEXT('2D SPACE',''
  ) );
#183 = PCURVE('',#184,#189);
#184 = PLANE('',#185);
#185 = AXIS2_PLACEMENT_3D('',#186,#187,#188);
#186 = CARTESIAN_POINT('',(-39.,2.5,8.));
#187 = DIRECTION('',(-0.,1.,0.));
#188 = DIRECTION('',(0.,0.,1.));
#189 = DEFINITIONAL_REPRESENTATION('',(#190),#193);
#190 = B_SPLINE_CURVE_WITH_KNOTS('',1,(#191,#192),.UNSPECIFIED.,.F.,.F.,
  (2,2),(-58.5,19.5),.PIECEWISE_BEZIER_KNOTS.);
#191 = CARTESIAN_POINT('',(2.,78.));
#192 = CARTESIAN_POINT('',(2.,0.));
#193 = ( GEOMETRIC_REPRESENTATION_CONTEXT(2) 
PARAMETRIC_REPRESENTATION_CONTEXT() REPRESENTATION_CONTEXT('2D SPACE',''
  ) );
#194 = ORIENTED_EDGE('',*,*,#195,.F.);
#195 = EDGE_CURVE('',#196,#170,#198,.T.);
#196 = VERTEX_POINT('',#197);
#197 = CARTESIAN_POINT('',(39.,-2.5,10.));
#198 = SURFACE_CURVE('',#199,(#203,#209),.PCURVE_S1.);
#199 = LINE('',#200,#201);
#200 = CARTESIAN_POINT('',(39.,-1.25,10.));
#201 = VECTOR('',#202,1.);
#202 = DIRECTION('',(-0.,1.,0.));
#203 = PCURVE('',#69,#204);
#204 = DEFINITIONAL_REPRESENTATION('',(#205),#208);
#205 = B_SPLINE_CURVE_WITH_KNOTS('',1,(#206,#207),.UNSPECIFIED.,.F.,.F.,
  (2,2),(-1.25,3.75),.PIECEWISE_BEZIER_KNOTS.);
#206 = CARTESIAN_POINT('',(39.,-2.5));
#207 = CARTESIAN_POINT('',(39.,2.5));
#208 = ( GEOMETRIC_REPRESENTATION_CONTEXT(2) 
PARAMETRIC_REPRESENTATION_CONTEXT() REPRESENTATION_CONTEXT('2D SPACE',''
  ) );
#209 = PCURVE('',#210,#215);
#210 = PLANE('',#211);
#211 = AXIS2_PLACEMENT_3D('',#212,#213,#214);
#212 = CARTESIAN_POINT('',(39.,-2.5,8.));
#213 = DIRECTION('',(1.,0.,-0.));
#214 = DIRECTION('',(0.,0.,1.));
#215 = DEFINITIONAL_REPRESENTATION('',(#216),#219);
#216 = B_SPLINE_CURVE_WITH_KNOTS('',1,(#217,#218),.UNSPECIFIED.,.F.,.F.,
  (2,2),(-1.25,3.75),.PIECEWISE_BEZIER_KNOTS.);
#217 = CARTESIAN_POINT('',(2.,0.));
#218 = CARTESIAN_POINT('',(2.,-5.));
#219 = ( GEOMETRIC_REPRESENTATION_CONTEXT(2) 
PARAMETRIC_REPRESENTATION_CONTEXT() REPRESENTATION_CONTEXT('2D SPACE',''
  ) );
#220 = ORIENTED_EDGE('',*,*,#221,.T.);
#221 = EDGE_CURVE('',#196,#222,#224,.T.);
#222 = VERTEX_POINT('',#223);
#223 = CARTESIAN_POINT('',(32.905166767546,-2.5,10.));
#224 = SURFACE_CURVE('',#225,(#229,#235),.PCURVE_S1.);
#225 = LINE('',#226,#227);
#226 = CARTESIAN_POINT('',(-19.5,-2.5,10.));
#227 = VECTOR('',#228,1.);
#228 = DIRECTION('',(-1.,-0.,0.));
#229 = PCURVE('',#69,#230);
#230 = DEFINITIONAL_REPRESENTATION('',(#231),#234);
#231 = B_SPLINE_CURVE_WITH_KNOTS('',1,(#232,#233),.UNSPECIFIED.,.F.,.F.,
  (2,2),(-58.5,-20.41651513899),.PIECEWISE_BEZIER_KNOTS.);
#232 = CARTESIAN_POINT('',(39.,-2.5));
#233 = CARTESIAN_POINT('',(0.916515138991,-2.5));
#234 = ( GEOMETRIC_REPRESENTATION_CONTEXT(2) 
PARAMETRIC_REPRESENTATION_CONTEXT() REPRESENTATION_CONTEXT('2D SPACE',''
  ) );
#235 = PCURVE('',#236,#241);
#236 = PLANE('',#237);
#237 = AXIS2_PLACEMENT_3D('',#238,#239,#240);
#238 = CARTESIAN_POINT('',(-39.,-2.5,8.));
#239 = DIRECTION('',(-0.,1.,0.));
#240 = DIRECTION('',(0.,0.,1.));
#241 = DEFINITIONAL_REPRESENTATION('',(#242),#245);
#242 = B_SPLINE_CURVE_WITH_KNOTS('',1,(#243,#244),.UNSPECIFIED.,.F.,.F.,
  (2,2),(-58.5,-20.41651513899),.PIECEWISE_BEZIER_KNOTS.);
#243 = CARTESIAN_POINT('',(2.,78.));
#244 = CARTESIAN_POINT('',(2.,39.916515138991));
#245 = ( GEOMETRIC_REPRESENTATION_CONTEXT(2) 
PARAMETRIC_REPRESENTATION_CONTEXT() REPRESENTATION_CONTEXT('2D SPACE',''
  ) );
#246 = ORIENTED_EDGE('',*,*,#247,.F.);
#247 = EDGE_CURVE('',#248,#222,#250,.T.);
#248 = VERTEX_POINT('',#249);
#249 = CARTESIAN_POINT('',(-32.90516676754,-2.5,10.));
#250 = SURFACE_CURVE('',#251,(#256,#263),.PCURVE_S1.);
#251 = CIRCLE('',#252,33.);
#252 = AXIS2_PLACEMENT_3D('',#253,#254,#255);
#253 = CARTESIAN_POINT('',(0.,0.,10.));
#254 = DIRECTION('',(0.,0.,1.));
#255 = DIRECTION('',(1.,0.,-0.));
#256 = PCURVE('',#69,#257);
#257 = DEFINITIONAL_REPRESENTATION('',(#258),#262);
#258 = CIRCLE('',#259,33.);
#259 = AXIS2_PLACEMENT_2D('',#260,#261);
#260 = CARTESIAN_POINT('',(0.,0.));
#261 = DIRECTION('',(1.,0.));
#262 = ( GEOMETRIC_REPRESENTATION_CONTEXT(2) 
PARAMETRIC_REPRESENTATION_CONTEXT() REPRESENTATION_CONTEXT('2D SPACE',''
  ) );
#263 = PCURVE('',#157,#264);
#264 = DEFINITIONAL_REPRESENTATION('',(#265),#269);
#265 = LINE('',#266,#267);
#266 = CARTESIAN_POINT('',(0.,5.));
#267 = VECTOR('',#268,1.);
#268 = DIRECTION('',(1.,0.));
#269 = ( GEOMETRIC_REPRESENTATION_CONTEXT(2) 
PARAMETRIC_REPRESENTATION_CONTEXT() REPRESENTATION_CONTEXT('2D SPACE',''
  ) );
#270 = ORIENTED_EDGE('',*,*,#271,.T.);
#271 = EDGE_CURVE('',#248,#272,#274,.T.);
#272 = VERTEX_POINT('',#273);
#273 = CARTESIAN_POINT('',(-39.,-2.5,10.));
#274 = SURFACE_CURVE('',#275,(#279,#285),.PCURVE_S1.);
#275 = LINE('',#276,#277);
#276 = CARTESIAN_POINT('',(-19.5,-2.5,10.));
#277 = VECTOR('',#278,1.);
#278 = DIRECTION('',(-1.,-0.,0.));
#279 = PCURVE('',#69,#280);
#280 = DEFINITIONAL_REPRESENTATION('',(#281),#284);
#281 = B_SPLINE_CURVE_WITH_KNOTS('',1,(#282,#283),.UNSPECIFIED.,.F.,.F.,
  (2,2),(-18.583484861,19.5),.PIECEWISE_BEZIER_KNOTS.);
#282 = CARTESIAN_POINT('',(-0.916515138991,-2.5));
#283 = CARTESIAN_POINT('',(-39.,-2.5));
#284 = ( GEOMETRIC_REPRESENTATION_CONTEXT(2) 
PARAMETRIC_REPRESENTATION_CONTEXT() REPRESENTATION_CONTEXT('2D SPACE',''
  ) );
#285 = PCURVE('',#286,#291);
#286 = PLANE('',#287);
#287 = AXIS2_PLACEMENT_3D('',#288,#289,#290);
#288 = CARTESIAN_POINT('',(-39.,-2.5,8.));
#289 = DIRECTION('',(-0.,1.,0.));
#290 = DIRECTION('',(0.,0.,1.));
#291 = DEFINITIONAL_REPRESENTATION('',(#292),#295);
#292 = B_SPLINE_CURVE_WITH_KNOTS('',1,(#293,#294),.UNSPECIFIED.,.F.,.F.,
  (2,2),(-18.583484861,19.5),.PIECEWISE_BEZIER_KNOTS.);
#293 = CARTESIAN_POINT('',(2.,38.083484861009));
#294 = CARTESIAN_POINT('',(2.,0.));
#295 = ( GEOMETRIC_REPRESENTATION_CONTEXT(2) 
PARAMETRIC_REPRESENTATION_CONTEXT() REPRESENTATION_CONTEXT('2D SPACE',''
  ) );
#296 = ORIENTED_EDGE('',*,*,#297,.T.);
#297 = EDGE_CURVE('',#272,#298,#300,.T.);
#298 = VERTEX_POINT('',#299);
#299 = CARTESIAN_POINT('',(-39.,2.5,10.));
#300 = SURFACE_CURVE('',#301,(#305,#311),.PCURVE_S1.);
#301 = LINE('',#302,#303);
#302 = CARTESIAN_POINT('',(-39.,-1.25,10.));
#303 = VECTOR('',#304,1.);
#304 = DIRECTION('',(-0.,1.,0.));
#305 = PCURVE('',#69,#306);
#306 = DEFINITIONAL_REPRESENTATION('',(#307),#310);
#307 = B_SPLINE_CURVE_WITH_KNOTS('',1,(#308,#309),.UNSPECIFIED.,.F.,.F.,
  (2,2),(-1.25,3.75),.PIECEWISE_BEZIER_KNOTS.);
#308 = CARTESIAN_POINT('',(-39.,-2.5));
#309 = CARTESIAN_POINT('',(-39.,2.5));
#310 = ( GEOMETRIC_REPRESENTATION_CONTEXT(2) 
PARAMETRIC_REPRESENTATION_CONTEXT() REPRESENTATION_CONTEXT('2D SPACE',''
  ) );
#311 = PCURVE('',#312,#317);
#312 = PLANE('',#313);
#313 = AXIS2_PLACEMENT_3D('',#314,#315,#316);
#314 = CARTESIAN_POINT('',(-39.,-2.5,8.));
#315 = DIRECTION('',(1.,0.,-0.));
#316 = DIRECTION('',(0.,0.,1.));
#317 = DEFINITIONAL_REPRESENTATION('',(#318),#321);
#318 = B_SPLINE_CURVE_WITH_KNOTS('',1,(#319,#320),.UNSPECIFIED.,.F.,.F.,
  (2,2),(-1.25,3.75),.PIECEWISE_BEZIER_KNOTS.);
#319 = CARTESIAN_POINT('',(2.,0.));
#320 = CARTESIAN_POINT('',(2.,-5.));
#321 = ( GEOMETRIC_REPRESENTATION_CONTEXT(2) 
PARAMETRIC_REPRESENTATION_CONTEXT() REPRESENTATION_CONTEXT('2D SPACE',''
  ) );
#322 = ORIENTED_EDGE('',*,*,#323,.F.);
#323 = EDGE_CURVE('',#141,#298,#324,.T.);
#324 = SURFACE_CURVE('',#325,(#329,#335),.PCURVE_S1.);
#325 = LINE('',#326,#327);
#326 = CARTESIAN_POINT('',(-19.5,2.5,10.));
#327 = VECTOR('',#328,1.);
#328 = DIRECTION('',(-1.,-0.,0.));
#329 = PCURVE('',#69,#330);
#330 = DEFINITIONAL_REPRESENTATION('',(#331),#334);
#331 = B_SPLINE_CURVE_WITH_KNOTS('',1,(#332,#333),.UNSPECIFIED.,.F.,.F.,
  (2,2),(-58.5,19.5),.PIECEWISE_BEZIER_KNOTS.);
#332 = CARTESIAN_POINT('',(39.,2.5));
#333 = CARTESIAN_POINT('',(-39.,2.5));
#334 = ( GEOMETRIC_REPRESENTATION_CONTEXT(2) 
PARAMETRIC_REPRESENTATION_CONTEXT() REPRESENTATION_CONTEXT('2D SPACE',''
  ) );
#335 = PCURVE('',#184,#336);
#336 = DEFINITIONAL_REPRESENTATION('',(#337),#340);
#337 = B_SPLINE_CURVE_WITH_KNOTS('',1,(#338,#339),.UNSPECIFIED.,.F.,.F.,
  (2,2),(-58.5,19.5),.PIECEWISE_BEZIER_KNOTS.);
#338 = CARTESIAN_POINT('',(2.,78.));
#339 = CARTESIAN_POINT('',(2.,0.));
#340 = ( GEOMETRIC_REPRESENTATION_CONTEXT(2) 
PARAMETRIC_REPRESENTATION_CONTEXT() REPRESENTATION_CONTEXT('2D SPACE',''
  ) );
#341 = ADVANCED_FACE('',(#342,#345),#119,.F.);
#342 = FACE_BOUND('',#343,.F.);
#343 = EDGE_LOOP('',(#344));
#344 = ORIENTED_EDGE('',*,*,#104,.T.);
#345 = FACE_BOUND('',#346,.F.);
#346 = EDGE_LOOP('',(#347));
#347 = ORIENTED_EDGE('',*,*,#348,.F.);
#348 = EDGE_CURVE('',#349,#349,#351,.T.);
#349 = VERTEX_POINT('',#350);
#350 = CARTESIAN_POINT('',(33.,-8.082668874373E-15,6.));
#351 = SURFACE_CURVE('',#352,(#357,#364),.PCURVE_S1.);
#352 = CIRCLE('',#353,33.);
#353 = AXIS2_PLACEMENT_3D('',#354,#355,#356);
#354 = CARTESIAN_POINT('',(0.,0.,6.));
#355 = DIRECTION('',(0.,0.,1.));
#356 = DIRECTION('',(1.,0.,-0.));
#357 = PCURVE('',#119,#358);
#358 = DEFINITIONAL_REPRESENTATION('',(#359),#363);
#359 = CIRCLE('',#360,33.);
#360 = AXIS2_PLACEMENT_2D('',#361,#362);
#361 = CARTESIAN_POINT('',(0.,0.));
#362 = DIRECTION('',(1.,0.));
#363 = ( GEOMETRIC_REPRESENTATION_CONTEXT(2) 
PARAMETRIC_REPRESENTATION_CONTEXT() REPRESENTATION_CONTEXT('2D SPACE',''
  ) );
#364 = PCURVE('',#157,#365);
#365 = DEFINITIONAL_REPRESENTATION('',(#366),#370);
#366 = LINE('',#367,#368);
#367 = CARTESIAN_POINT('',(0.,1.));
#368 = VECTOR('',#369,1.);
#369 = DIRECTION('',(1.,0.));
#370 = ( GEOMETRIC_REPRESENTATION_CONTEXT(2) 
PARAMETRIC_REPRESENTATION_CONTEXT() REPRESENTATION_CONTEXT('2D SPACE',''
  ) );
#371 = ADVANCED_FACE('',(#372),#157,.F.);
#372 = FACE_BOUND('',#373,.F.);
#373 = EDGE_LOOP('',(#374,#375,#396,#425,#446,#447,#448,#472,#491,#492,
    #513,#537));
#374 = ORIENTED_EDGE('',*,*,#138,.F.);
#375 = ORIENTED_EDGE('',*,*,#376,.F.);
#376 = EDGE_CURVE('',#377,#139,#379,.T.);
#377 = VERTEX_POINT('',#378);
#378 = CARTESIAN_POINT('',(32.905166767546,2.5,8.));
#379 = SURFACE_CURVE('',#380,(#384,#390),.PCURVE_S1.);
#380 = LINE('',#381,#382);
#381 = CARTESIAN_POINT('',(32.905166767546,2.5,5.));
#382 = VECTOR('',#383,1.);
#383 = DIRECTION('',(0.,0.,1.));
#384 = PCURVE('',#157,#385);
#385 = DEFINITIONAL_REPRESENTATION('',(#386),#389);
#386 = B_SPLINE_CURVE_WITH_KNOTS('',1,(#387,#388),.UNSPECIFIED.,.F.,.F.,
  (2,2),(2.6,5.0000006),.PIECEWISE_BEZIER_KNOTS.);
#387 = CARTESIAN_POINT('',(7.583022832651E-02,2.6));
#388 = CARTESIAN_POINT('',(7.583022832651E-02,5.0000006));
#389 = ( GEOMETRIC_REPRESENTATION_CONTEXT(2) 
PARAMETRIC_REPRESENTATION_CONTEXT() REPRESENTATION_CONTEXT('2D SPACE',''
  ) );
#390 = PCURVE('',#184,#391);
#391 = DEFINITIONAL_REPRESENTATION('',(#392),#395);
#392 = B_SPLINE_CURVE_WITH_KNOTS('',1,(#393,#394),.UNSPECIFIED.,.F.,.F.,
  (2,2),(2.6,5.0000006),.PIECEWISE_BEZIER_KNOTS.);
#393 = CARTESIAN_POINT('',(-0.4,71.905166767546));
#394 = CARTESIAN_POINT('',(2.0000006,71.905166767546));
#395 = ( GEOMETRIC_REPRESENTATION_CONTEXT(2) 
PARAMETRIC_REPRESENTATION_CONTEXT() REPRESENTATION_CONTEXT('2D SPACE',''
  ) );
#396 = ORIENTED_EDGE('',*,*,#397,.F.);
#397 = EDGE_CURVE('',#398,#377,#400,.T.);
#398 = VERTEX_POINT('',#399);
#399 = CARTESIAN_POINT('',(33.,-8.082668874373E-15,8.));
#400 = SURFACE_CURVE('',#401,(#406,#413),.PCURVE_S1.);
#401 = CIRCLE('',#402,33.);
#402 = AXIS2_PLACEMENT_3D('',#403,#404,#405);
#403 = CARTESIAN_POINT('',(0.,0.,8.));
#404 = DIRECTION('',(0.,0.,1.));
#405 = DIRECTION('',(1.,0.,-0.));
#406 = PCURVE('',#157,#407);
#407 = DEFINITIONAL_REPRESENTATION('',(#408),#412);
#408 = LINE('',#409,#410);
#409 = CARTESIAN_POINT('',(0.,3.));
#410 = VECTOR('',#411,1.);
#411 = DIRECTION('',(1.,0.));
#412 = ( GEOMETRIC_REPRESENTATION_CONTEXT(2) 
PARAMETRIC_REPRESENTATION_CONTEXT() REPRESENTATION_CONTEXT('2D SPACE',''
  ) );
#413 = PCURVE('',#414,#419);
#414 = PLANE('',#415);
#415 = AXIS2_PLACEMENT_3D('',#416,#417,#418);
#416 = CARTESIAN_POINT('',(-39.,-2.5,8.));
#417 = DIRECTION('',(0.,0.,1.));
#418 = DIRECTION('',(1.,0.,-0.));
#419 = DEFINITIONAL_REPRESENTATION('',(#420),#424);
#420 = CIRCLE('',#421,33.);
#421 = AXIS2_PLACEMENT_2D('',#422,#423);
#422 = CARTESIAN_POINT('',(39.,2.5));
#423 = DIRECTION('',(1.,0.));
#424 = ( GEOMETRIC_REPRESENTATION_CONTEXT(2) 
PARAMETRIC_REPRESENTATION_CONTEXT() REPRESENTATION_CONTEXT('2D SPACE',''
  ) );
#425 = ORIENTED_EDGE('',*,*,#426,.F.);
#426 = EDGE_CURVE('',#349,#398,#427,.T.);
#427 = SEAM_CURVE('',#428,(#432,#439),.PCURVE_S1.);
#428 = LINE('',#429,#430);
#429 = CARTESIAN_POINT('',(33.,-8.082668874373E-15,5.));
#430 = VECTOR('',#431,1.);
#431 = DIRECTION('',(0.,0.,1.));
#432 = PCURVE('',#157,#433);
#433 = DEFINITIONAL_REPRESENTATION('',(#434),#438);
#434 = LINE('',#435,#436);
#435 = CARTESIAN_POINT('',(6.28318530718,-0.));
#436 = VECTOR('',#437,1.);
#437 = DIRECTION('',(0.,1.));
#438 = ( GEOMETRIC_REPRESENTATION_CONTEXT(2) 
PARAMETRIC_REPRESENTATION_CONTEXT() REPRESENTATION_CONTEXT('2D SPACE',''
  ) );
#439 = PCURVE('',#157,#440);
#440 = DEFINITIONAL_REPRESENTATION('',(#441),#445);
#441 = LINE('',#442,#443);
#442 = CARTESIAN_POINT('',(0.,-0.));
#443 = VECTOR('',#444,1.);
#444 = DIRECTION('',(0.,1.));
#445 = ( GEOMETRIC_REPRESENTATION_CONTEXT(2) 
PARAMETRIC_REPRESENTATION_CONTEXT() REPRESENTATION_CONTEXT('2D SPACE',''
  ) );
#446 = ORIENTED_EDGE('',*,*,#348,.T.);
#447 = ORIENTED_EDGE('',*,*,#426,.T.);
#448 = ORIENTED_EDGE('',*,*,#449,.F.);
#449 = EDGE_CURVE('',#450,#398,#452,.T.);
#450 = VERTEX_POINT('',#451);
#451 = CARTESIAN_POINT('',(32.905166767546,-2.5,8.));
#452 = SURFACE_CURVE('',#453,(#458,#465),.PCURVE_S1.);
#453 = CIRCLE('',#454,33.);
#454 = AXIS2_PLACEMENT_3D('',#455,#456,#457);
#455 = CARTESIAN_POINT('',(0.,0.,8.));
#456 = DIRECTION('',(0.,0.,1.));
#457 = DIRECTION('',(1.,0.,-0.));
#458 = PCURVE('',#157,#459);
#459 = DEFINITIONAL_REPRESENTATION('',(#460),#464);
#460 = LINE('',#461,#462);
#461 = CARTESIAN_POINT('',(0.,3.));
#462 = VECTOR('',#463,1.);
#463 = DIRECTION('',(1.,0.));
#464 = ( GEOMETRIC_REPRESENTATION_CONTEXT(2) 
PARAMETRIC_REPRESENTATION_CONTEXT() REPRESENTATION_CONTEXT('2D SPACE',''
  ) );
#465 = PCURVE('',#414,#466);
#466 = DEFINITIONAL_REPRESENTATION('',(#467),#471);
#467 = CIRCLE('',#468,33.);
#468 = AXIS2_PLACEMENT_2D('',#469,#470);
#469 = CARTESIAN_POINT('',(39.,2.5));
#470 = DIRECTION('',(1.,0.));
#471 = ( GEOMETRIC_REPRESENTATION_CONTEXT(2) 
PARAMETRIC_REPRESENTATION_CONTEXT() REPRESENTATION_CONTEXT('2D SPACE',''
  ) );
#472 = ORIENTED_EDGE('',*,*,#473,.T.);
#473 = EDGE_CURVE('',#450,#222,#474,.T.);
#474 = SURFACE_CURVE('',#475,(#479,#485),.PCURVE_S1.);
#475 = LINE('',#476,#477);
#476 = CARTESIAN_POINT('',(32.905166767546,-2.5,5.));
#477 = VECTOR('',#478,1.);
#478 = DIRECTION('',(0.,0.,1.));
#479 = PCURVE('',#157,#480);
#480 = DEFINITIONAL_REPRESENTATION('',(#481),#484);
#481 = B_SPLINE_CURVE_WITH_KNOTS('',1,(#482,#483),.UNSPECIFIED.,.F.,.F.,
  (2,2),(2.6,5.0000006),.PIECEWISE_BEZIER_KNOTS.);
#482 = CARTESIAN_POINT('',(6.207355078853,2.6));
#483 = CARTESIAN_POINT('',(6.207355078853,5.0000006));
#484 = ( GEOMETRIC_REPRESENTATION_CONTEXT(2) 
PARAMETRIC_REPRESENTATION_CONTEXT() REPRESENTATION_CONTEXT('2D SPACE',''
  ) );
#485 = PCURVE('',#236,#486);
#486 = DEFINITIONAL_REPRESENTATION('',(#487),#490);
#487 = B_SPLINE_CURVE_WITH_KNOTS('',1,(#488,#489),.UNSPECIFIED.,.F.,.F.,
  (2,2),(2.6,5.0000006),.PIECEWISE_BEZIER_KNOTS.);
#488 = CARTESIAN_POINT('',(-0.4,71.905166767546));
#489 = CARTESIAN_POINT('',(2.0000006,71.905166767546));
#490 = ( GEOMETRIC_REPRESENTATION_CONTEXT(2) 
PARAMETRIC_REPRESENTATION_CONTEXT() REPRESENTATION_CONTEXT('2D SPACE',''
  ) );
#491 = ORIENTED_EDGE('',*,*,#247,.F.);
#492 = ORIENTED_EDGE('',*,*,#493,.F.);
#493 = EDGE_CURVE('',#494,#248,#496,.T.);
#494 = VERTEX_POINT('',#495);
#495 = CARTESIAN_POINT('',(-32.90516676754,-2.5,8.));
#496 = SURFACE_CURVE('',#497,(#501,#507),.PCURVE_S1.);
#497 = LINE('',#498,#499);
#498 = CARTESIAN_POINT('',(-32.90516676754,-2.5,5.));
#499 = VECTOR('',#500,1.);
#500 = DIRECTION('',(0.,0.,1.));
#501 = PCURVE('',#157,#502);
#502 = DEFINITIONAL_REPRESENTATION('',(#503),#506);
#503 = B_SPLINE_CURVE_WITH_KNOTS('',1,(#504,#505),.UNSPECIFIED.,.F.,.F.,
  (2,2),(2.6,5.0000006),.PIECEWISE_BEZIER_KNOTS.);
#504 = CARTESIAN_POINT('',(3.217422881916,2.6));
#505 = CARTESIAN_POINT('',(3.217422881916,5.0000006));
#506 = ( GEOMETRIC_REPRESENTATION_CONTEXT(2) 
PARAMETRIC_REPRESENTATION_CONTEXT() REPRESENTATION_CONTEXT('2D SPACE',''
  ) );
#507 = PCURVE('',#286,#508);
#508 = DEFINITIONAL_REPRESENTATION('',(#509),#512);
#509 = B_SPLINE_CURVE_WITH_KNOTS('',1,(#510,#511),.UNSPECIFIED.,.F.,.F.,
  (2,2),(2.6,5.0000006),.PIECEWISE_BEZIER_KNOTS.);
#510 = CARTESIAN_POINT('',(-0.4,6.094833232454));
#511 = CARTESIAN_POINT('',(2.0000006,6.094833232454));
#512 = ( GEOMETRIC_REPRESENTATION_CONTEXT(2) 
PARAMETRIC_REPRESENTATION_CONTEXT() REPRESENTATION_CONTEXT('2D SPACE',''
  ) );
#513 = ORIENTED_EDGE('',*,*,#514,.F.);
#514 = EDGE_CURVE('',#515,#494,#517,.T.);
#515 = VERTEX_POINT('',#516);
#516 = CARTESIAN_POINT('',(-32.90516676754,2.5,8.));
#517 = SURFACE_CURVE('',#518,(#523,#530),.PCURVE_S1.);
#518 = CIRCLE('',#519,33.);
#519 = AXIS2_PLACEMENT_3D('',#520,#521,#522);
#520 = CARTESIAN_POINT('',(0.,0.,8.));
#521 = DIRECTION('',(0.,0.,1.));
#522 = DIRECTION('',(1.,0.,-0.));
#523 = PCURVE('',#157,#524);
#524 = DEFINITIONAL_REPRESENTATION('',(#525),#529);
#525 = LINE('',#526,#527);
#526 = CARTESIAN_POINT('',(0.,3.));
#527 = VECTOR('',#528,1.);
#528 = DIRECTION('',(1.,0.));
#529 = ( GEOMETRIC_REPRESENTATION_CONTEXT(2) 
PARAMETRIC_REPRESENTATION_CONTEXT() REPRESENTATION_CONTEXT('2D SPACE',''
  ) );
#530 = PCURVE('',#414,#531);
#531 = DEFINITIONAL_REPRESENTATION('',(#532),#536);
#532 = CIRCLE('',#533,33.);
#533 = AXIS2_PLACEMENT_2D('',#534,#535);
#534 = CARTESIAN_POINT('',(39.,2.5));
#535 = DIRECTION('',(1.,0.));
#536 = ( GEOMETRIC_REPRESENTATION_CONTEXT(2) 
PARAMETRIC_REPRESENTATION_CONTEXT() REPRESENTATION_CONTEXT('2D SPACE',''
  ) );
#537 = ORIENTED_EDGE('',*,*,#538,.T.);
#538 = EDGE_CURVE('',#515,#141,#539,.T.);
#539 = SURFACE_CURVE('',#540,(#544,#550),.PCURVE_S1.);
#540 = LINE('',#541,#542);
#541 = CARTESIAN_POINT('',(-32.90516676754,2.5,5.));
#542 = VECTOR('',#543,1.);
#543 = DIRECTION('',(0.,0.,1.));
#544 = PCURVE('',#157,#545);
#545 = DEFINITIONAL_REPRESENTATION('',(#546),#549);
#546 = B_SPLINE_CURVE_WITH_KNOTS('',1,(#547,#548),.UNSPECIFIED.,.F.,.F.,
  (2,2),(2.6,5.0000006),.PIECEWISE_BEZIER_KNOTS.);
#547 = CARTESIAN_POINT('',(3.065762425263,2.6));
#548 = CARTESIAN_POINT('',(3.065762425263,5.0000006));
#549 = ( GEOMETRIC_REPRESENTATION_CONTEXT(2) 
PARAMETRIC_REPRESENTATION_CONTEXT() REPRESENTATION_CONTEXT('2D SPACE',''
  ) );
#550 = PCURVE('',#184,#551);
#551 = DEFINITIONAL_REPRESENTATION('',(#552),#555);
#552 = B_SPLINE_CURVE_WITH_KNOTS('',1,(#553,#554),.UNSPECIFIED.,.F.,.F.,
  (2,2),(2.6,5.0000006),.PIECEWISE_BEZIER_KNOTS.);
#553 = CARTESIAN_POINT('',(-0.4,6.094833232454));
#554 = CARTESIAN_POINT('',(2.0000006,6.094833232454));
#555 = ( GEOMETRIC_REPRESENTATION_CONTEXT(2) 
PARAMETRIC_REPRESENTATION_CONTEXT() REPRESENTATION_CONTEXT('2D SPACE',''
  ) );
#556 = ADVANCED_FACE('',(#557),#184,.T.);
#557 = FACE_BOUND('',#558,.T.);
#558 = EDGE_LOOP('',(#559,#580,#581,#582,#605,#633,#654,#655));
#559 = ORIENTED_EDGE('',*,*,#560,.F.);
#560 = EDGE_CURVE('',#515,#377,#561,.T.);
#561 = SURFACE_CURVE('',#562,(#566,#573),.PCURVE_S1.);
#562 = LINE('',#563,#564);
#563 = CARTESIAN_POINT('',(-39.,2.5,8.));
#564 = VECTOR('',#565,1.);
#565 = DIRECTION('',(1.,0.,-0.));
#566 = PCURVE('',#184,#567);
#567 = DEFINITIONAL_REPRESENTATION('',(#568),#572);
#568 = LINE('',#569,#570);
#569 = CARTESIAN_POINT('',(0.,0.));
#570 = VECTOR('',#571,1.);
#571 = DIRECTION('',(0.,1.));
#572 = ( GEOMETRIC_REPRESENTATION_CONTEXT(2) 
PARAMETRIC_REPRESENTATION_CONTEXT() REPRESENTATION_CONTEXT('2D SPACE',''
  ) );
#573 = PCURVE('',#414,#574);
#574 = DEFINITIONAL_REPRESENTATION('',(#575),#579);
#575 = LINE('',#576,#577);
#576 = CARTESIAN_POINT('',(0.,5.));
#577 = VECTOR('',#578,1.);
#578 = DIRECTION('',(1.,0.));
#579 = ( GEOMETRIC_REPRESENTATION_CONTEXT(2) 
PARAMETRIC_REPRESENTATION_CONTEXT() REPRESENTATION_CONTEXT('2D SPACE',''
  ) );
#580 = ORIENTED_EDGE('',*,*,#538,.T.);
#581 = ORIENTED_EDGE('',*,*,#323,.T.);
#582 = ORIENTED_EDGE('',*,*,#583,.T.);
#583 = EDGE_CURVE('',#298,#584,#586,.T.);
#584 = VERTEX_POINT('',#585);
#585 = CARTESIAN_POINT('',(-39.,2.5,12.));
#586 = SURFACE_CURVE('',#587,(#591,#598),.PCURVE_S1.);
#587 = LINE('',#588,#589);
#588 = CARTESIAN_POINT('',(-39.,2.5,8.));
#589 = VECTOR('',#590,1.);
#590 = DIRECTION('',(0.,0.,1.));
#591 = PCURVE('',#184,#592);
#592 = DEFINITIONAL_REPRESENTATION('',(#593),#597);
#593 = LINE('',#594,#595);
#594 = CARTESIAN_POINT('',(0.,0.));
#595 = VECTOR('',#596,1.);
#596 = DIRECTION('',(1.,0.));
#597 = ( GEOMETRIC_REPRESENTATION_CONTEXT(2) 
PARAMETRIC_REPRESENTATION_CONTEXT() REPRESENTATION_CONTEXT('2D SPACE',''
  ) );
#598 = PCURVE('',#312,#599);
#599 = DEFINITIONAL_REPRESENTATION('',(#600),#604);
#600 = LINE('',#601,#602);
#601 = CARTESIAN_POINT('',(0.,-5.));
#602 = VECTOR('',#603,1.);
#603 = DIRECTION('',(1.,0.));
#604 = ( GEOMETRIC_REPRESENTATION_CONTEXT(2) 
PARAMETRIC_REPRESENTATION_CONTEXT() REPRESENTATION_CONTEXT('2D SPACE',''
  ) );
#605 = ORIENTED_EDGE('',*,*,#606,.T.);
#606 = EDGE_CURVE('',#584,#607,#609,.T.);
#607 = VERTEX_POINT('',#608);
#608 = CARTESIAN_POINT('',(39.,2.5,12.));
#609 = SURFACE_CURVE('',#610,(#614,#621),.PCURVE_S1.);
#610 = LINE('',#611,#612);
#611 = CARTESIAN_POINT('',(-39.,2.5,12.));
#612 = VECTOR('',#613,1.);
#613 = DIRECTION('',(1.,0.,-0.));
#614 = PCURVE('',#184,#615);
#615 = DEFINITIONAL_REPRESENTATION('',(#616),#620);
#616 = LINE('',#617,#618);
#617 = CARTESIAN_POINT('',(4.,0.));
#618 = VECTOR('',#619,1.);
#619 = DIRECTION('',(0.,1.));
#620 = ( GEOMETRIC_REPRESENTATION_CONTEXT(2) 
PARAMETRIC_REPRESENTATION_CONTEXT() REPRESENTATION_CONTEXT('2D SPACE',''
  ) );
#621 = PCURVE('',#622,#627);
#622 = PLANE('',#623);
#623 = AXIS2_PLACEMENT_3D('',#624,#625,#626);
#624 = CARTESIAN_POINT('',(-39.,-2.5,12.));
#625 = DIRECTION('',(0.,0.,1.));
#626 = DIRECTION('',(1.,0.,-0.));
#627 = DEFINITIONAL_REPRESENTATION('',(#628),#632);
#628 = LINE('',#629,#630);
#629 = CARTESIAN_POINT('',(0.,5.));
#630 = VECTOR('',#631,1.);
#631 = DIRECTION('',(1.,0.));
#632 = ( GEOMETRIC_REPRESENTATION_CONTEXT(2) 
PARAMETRIC_REPRESENTATION_CONTEXT() REPRESENTATION_CONTEXT('2D SPACE',''
  ) );
#633 = ORIENTED_EDGE('',*,*,#634,.F.);
#634 = EDGE_CURVE('',#170,#607,#635,.T.);
#635 = SURFACE_CURVE('',#636,(#640,#647),.PCURVE_S1.);
#636 = LINE('',#637,#638);
#637 = CARTESIAN_POINT('',(39.,2.5,8.));
#638 = VECTOR('',#639,1.);
#639 = DIRECTION('',(0.,0.,1.));
#640 = PCURVE('',#184,#641);
#641 = DEFINITIONAL_REPRESENTATION('',(#642),#646);
#642 = LINE('',#643,#644);
#643 = CARTESIAN_POINT('',(0.,78.));
#644 = VECTOR('',#645,1.);
#645 = DIRECTION('',(1.,0.));
#646 = ( GEOMETRIC_REPRESENTATION_CONTEXT(2) 
PARAMETRIC_REPRESENTATION_CONTEXT() REPRESENTATION_CONTEXT('2D SPACE',''
  ) );
#647 = PCURVE('',#210,#648);
#648 = DEFINITIONAL_REPRESENTATION('',(#649),#653);
#649 = LINE('',#650,#651);
#650 = CARTESIAN_POINT('',(0.,-5.));
#651 = VECTOR('',#652,1.);
#652 = DIRECTION('',(1.,0.));
#653 = ( GEOMETRIC_REPRESENTATION_CONTEXT(2) 
PARAMETRIC_REPRESENTATION_CONTEXT() REPRESENTATION_CONTEXT('2D SPACE',''
  ) );
#654 = ORIENTED_EDGE('',*,*,#169,.T.);
#655 = ORIENTED_EDGE('',*,*,#376,.F.);
#656 = ADVANCED_FACE('',(#657),#312,.F.);
#657 = FACE_BOUND('',#658,.F.);
#658 = EDGE_LOOP('',(#659,#682,#683,#684));
#659 = ORIENTED_EDGE('',*,*,#660,.F.);
#660 = EDGE_CURVE('',#272,#661,#663,.T.);
#661 = VERTEX_POINT('',#662);
#662 = CARTESIAN_POINT('',(-39.,-2.5,12.));
#663 = SURFACE_CURVE('',#664,(#668,#675),.PCURVE_S1.);
#664 = LINE('',#665,#666);
#665 = CARTESIAN_POINT('',(-39.,-2.5,8.));
#666 = VECTOR('',#667,1.);
#667 = DIRECTION('',(0.,0.,1.));
#668 = PCURVE('',#312,#669);
#669 = DEFINITIONAL_REPRESENTATION('',(#670),#674);
#670 = LINE('',#671,#672);
#671 = CARTESIAN_POINT('',(0.,0.));
#672 = VECTOR('',#673,1.);
#673 = DIRECTION('',(1.,0.));
#674 = ( GEOMETRIC_REPRESENTATION_CONTEXT(2) 
PARAMETRIC_REPRESENTATION_CONTEXT() REPRESENTATION_CONTEXT('2D SPACE',''
  ) );
#675 = PCURVE('',#286,#676);
#676 = DEFINITIONAL_REPRESENTATION('',(#677),#681);
#677 = LINE('',#678,#679);
#678 = CARTESIAN_POINT('',(0.,0.));
#679 = VECTOR('',#680,1.);
#680 = DIRECTION('',(1.,0.));
#681 = ( GEOMETRIC_REPRESENTATION_CONTEXT(2) 
PARAMETRIC_REPRESENTATION_CONTEXT() REPRESENTATION_CONTEXT('2D SPACE',''
  ) );
#682 = ORIENTED_EDGE('',*,*,#297,.T.);
#683 = ORIENTED_EDGE('',*,*,#583,.T.);
#684 = ORIENTED_EDGE('',*,*,#685,.F.);
#685 = EDGE_CURVE('',#661,#584,#686,.T.);
#686 = SURFACE_CURVE('',#687,(#691,#698),.PCURVE_S1.);
#687 = LINE('',#688,#689);
#688 = CARTESIAN_POINT('',(-39.,-2.5,12.));
#689 = VECTOR('',#690,1.);
#690 = DIRECTION('',(-0.,1.,0.));
#691 = PCURVE('',#312,#692);
#692 = DEFINITIONAL_REPRESENTATION('',(#693),#697);
#693 = LINE('',#694,#695);
#694 = CARTESIAN_POINT('',(4.,0.));
#695 = VECTOR('',#696,1.);
#696 = DIRECTION('',(0.,-1.));
#697 = ( GEOMETRIC_REPRESENTATION_CONTEXT(2) 
PARAMETRIC_REPRESENTATION_CONTEXT() REPRESENTATION_CONTEXT('2D SPACE',''
  ) );
#698 = PCURVE('',#622,#699);
#699 = DEFINITIONAL_REPRESENTATION('',(#700),#704);
#700 = LINE('',#701,#702);
#701 = CARTESIAN_POINT('',(0.,0.));
#702 = VECTOR('',#703,1.);
#703 = DIRECTION('',(0.,1.));
#704 = ( GEOMETRIC_REPRESENTATION_CONTEXT(2) 
PARAMETRIC_REPRESENTATION_CONTEXT() REPRESENTATION_CONTEXT('2D SPACE',''
  ) );
#705 = ADVANCED_FACE('',(#706),#286,.F.);
#706 = FACE_BOUND('',#707,.F.);
#707 = EDGE_LOOP('',(#708,#731,#732,#733,#734,#757));
#708 = ORIENTED_EDGE('',*,*,#709,.F.);
#709 = EDGE_CURVE('',#494,#710,#712,.T.);
#710 = VERTEX_POINT('',#711);
#711 = CARTESIAN_POINT('',(-0.916515138991,-2.5,8.));
#712 = SURFACE_CURVE('',#713,(#717,#724),.PCURVE_S1.);
#713 = LINE('',#714,#715);
#714 = CARTESIAN_POINT('',(-39.,-2.5,8.));
#715 = VECTOR('',#716,1.);
#716 = DIRECTION('',(1.,0.,-0.));
#717 = PCURVE('',#286,#718);
#718 = DEFINITIONAL_REPRESENTATION('',(#719),#723);
#719 = LINE('',#720,#721);
#720 = CARTESIAN_POINT('',(0.,0.));
#721 = VECTOR('',#722,1.);
#722 = DIRECTION('',(0.,1.));
#723 = ( GEOMETRIC_REPRESENTATION_CONTEXT(2) 
PARAMETRIC_REPRESENTATION_CONTEXT() REPRESENTATION_CONTEXT('2D SPACE',''
  ) );
#724 = PCURVE('',#414,#725);
#725 = DEFINITIONAL_REPRESENTATION('',(#726),#730);
#726 = LINE('',#727,#728);
#727 = CARTESIAN_POINT('',(0.,0.));
#728 = VECTOR('',#729,1.);
#729 = DIRECTION('',(1.,0.));
#730 = ( GEOMETRIC_REPRESENTATION_CONTEXT(2) 
PARAMETRIC_REPRESENTATION_CONTEXT() REPRESENTATION_CONTEXT('2D SPACE',''
  ) );
#731 = ORIENTED_EDGE('',*,*,#493,.T.);
#732 = ORIENTED_EDGE('',*,*,#271,.T.);
#733 = ORIENTED_EDGE('',*,*,#660,.T.);
#734 = ORIENTED_EDGE('',*,*,#735,.T.);
#735 = EDGE_CURVE('',#661,#736,#738,.T.);
#736 = VERTEX_POINT('',#737);
#737 = CARTESIAN_POINT('',(-0.916515138991,-2.5,12.));
#738 = SURFACE_CURVE('',#739,(#743,#750),.PCURVE_S1.);
#739 = LINE('',#740,#741);
#740 = CARTESIAN_POINT('',(-39.,-2.5,12.));
#741 = VECTOR('',#742,1.);
#742 = DIRECTION('',(1.,0.,-0.));
#743 = PCURVE('',#286,#744);
#744 = DEFINITIONAL_REPRESENTATION('',(#745),#749);
#745 = LINE('',#746,#747);
#746 = CARTESIAN_POINT('',(4.,0.));
#747 = VECTOR('',#748,1.);
#748 = DIRECTION('',(0.,1.));
#749 = ( GEOMETRIC_REPRESENTATION_CONTEXT(2) 
PARAMETRIC_REPRESENTATION_CONTEXT() REPRESENTATION_CONTEXT('2D SPACE',''
  ) );
#750 = PCURVE('',#622,#751);
#751 = DEFINITIONAL_REPRESENTATION('',(#752),#756);
#752 = LINE('',#753,#754);
#753 = CARTESIAN_POINT('',(0.,0.));
#754 = VECTOR('',#755,1.);
#755 = DIRECTION('',(1.,0.));
#756 = ( GEOMETRIC_REPRESENTATION_CONTEXT(2) 
PARAMETRIC_REPRESENTATION_CONTEXT() REPRESENTATION_CONTEXT('2D SPACE',''
  ) );
#757 = ORIENTED_EDGE('',*,*,#758,.T.);
#758 = EDGE_CURVE('',#736,#710,#759,.T.);
#759 = SURFACE_CURVE('',#760,(#765,#776),.PCURVE_S1.);
#760 = CIRCLE('',#761,2.2);
#761 = AXIS2_PLACEMENT_3D('',#762,#763,#764);
#762 = CARTESIAN_POINT('',(0.,-2.5,10.));
#763 = DIRECTION('',(0.,-1.,1.110223024625E-16));
#764 = DIRECTION('',(1.,0.,0.));
#765 = PCURVE('',#286,#766);
#766 = DEFINITIONAL_REPRESENTATION('',(#767),#775);
#767 = ( BOUNDED_CURVE() B_SPLINE_CURVE(2,(#768,#769,#770,#771,#772,#773
,#774),.UNSPECIFIED.,.T.,.F.) B_SPLINE_CURVE_WITH_KNOTS((1,2,2,2,2,1),(
    -2.094395102393,0.,2.094395102393,4.188790204786,6.28318530718,
8.377580409573),.UNSPECIFIED.) CURVE() GEOMETRIC_REPRESENTATION_ITEM() 
RATIONAL_B_SPLINE_CURVE((1.,0.5,1.,0.5,1.,0.5,1.)) REPRESENTATION_ITEM(
  '') );
#768 = CARTESIAN_POINT('',(2.,41.2));
#769 = CARTESIAN_POINT('',(5.810511776652,41.2));
#770 = CARTESIAN_POINT('',(3.905255888326,37.9));
#771 = CARTESIAN_POINT('',(2.,34.6));
#772 = CARTESIAN_POINT('',(9.474411167424E-02,37.9));
#773 = CARTESIAN_POINT('',(-1.810511776652,41.2));
#774 = CARTESIAN_POINT('',(2.,41.2));
#775 = ( GEOMETRIC_REPRESENTATION_CONTEXT(2) 
PARAMETRIC_REPRESENTATION_CONTEXT() REPRESENTATION_CONTEXT('2D SPACE',''
  ) );
#776 = PCURVE('',#777,#782);
#777 = CYLINDRICAL_SURFACE('',#778,2.2);
#778 = AXIS2_PLACEMENT_3D('',#779,#780,#781);
#779 = CARTESIAN_POINT('',(0.,0.,10.));
#780 = DIRECTION('',(0.,-1.,1.110223024625E-16));
#781 = DIRECTION('',(1.,0.,0.));
#782 = DEFINITIONAL_REPRESENTATION('',(#783),#787);
#783 = LINE('',#784,#785);
#784 = CARTESIAN_POINT('',(0.,2.5));
#785 = VECTOR('',#786,1.);
#786 = DIRECTION('',(1.,0.));
#787 = ( GEOMETRIC_REPRESENTATION_CONTEXT(2) 
PARAMETRIC_REPRESENTATION_CONTEXT() REPRESENTATION_CONTEXT('2D SPACE',''
  ) );
#788 = ADVANCED_FACE('',(#789),#236,.F.);
#789 = FACE_BOUND('',#790,.F.);
#790 = EDGE_LOOP('',(#791,#814,#847,#880,#903,#924,#925));
#791 = ORIENTED_EDGE('',*,*,#792,.F.);
#792 = EDGE_CURVE('',#793,#450,#795,.T.);
#793 = VERTEX_POINT('',#794);
#794 = CARTESIAN_POINT('',(0.916515138991,-2.5,8.));
#795 = SURFACE_CURVE('',#796,(#800,#807),.PCURVE_S1.);
#796 = LINE('',#797,#798);
#797 = CARTESIAN_POINT('',(-39.,-2.5,8.));
#798 = VECTOR('',#799,1.);
#799 = DIRECTION('',(1.,0.,-0.));
#800 = PCURVE('',#236,#801);
#801 = DEFINITIONAL_REPRESENTATION('',(#802),#806);
#802 = LINE('',#803,#804);
#803 = CARTESIAN_POINT('',(0.,0.));
#804 = VECTOR('',#805,1.);
#805 = DIRECTION('',(0.,1.));
#806 = ( GEOMETRIC_REPRESENTATION_CONTEXT(2) 
PARAMETRIC_REPRESENTATION_CONTEXT() REPRESENTATION_CONTEXT('2D SPACE',''
  ) );
#807 = PCURVE('',#414,#808);
#808 = DEFINITIONAL_REPRESENTATION('',(#809),#813);
#809 = LINE('',#810,#811);
#810 = CARTESIAN_POINT('',(0.,0.));
#811 = VECTOR('',#812,1.);
#812 = DIRECTION('',(1.,0.));
#813 = ( GEOMETRIC_REPRESENTATION_CONTEXT(2) 
PARAMETRIC_REPRESENTATION_CONTEXT() REPRESENTATION_CONTEXT('2D SPACE',''
  ) );
#814 = ORIENTED_EDGE('',*,*,#815,.T.);
#815 = EDGE_CURVE('',#793,#816,#818,.T.);
#816 = VERTEX_POINT('',#817);
#817 = CARTESIAN_POINT('',(2.2,-2.5,10.));
#818 = SURFACE_CURVE('',#819,(#824,#835),.PCURVE_S1.);
#819 = CIRCLE('',#820,2.2);
#820 = AXIS2_PLACEMENT_3D('',#821,#822,#823);
#821 = CARTESIAN_POINT('',(0.,-2.5,10.));
#822 = DIRECTION('',(0.,-1.,1.110223024625E-16));
#823 = DIRECTION('',(1.,0.,0.));
#824 = PCURVE('',#236,#825);
#825 = DEFINITIONAL_REPRESENTATION('',(#826),#834);
#826 = ( BOUNDED_CURVE() B_SPLINE_CURVE(2,(#827,#828,#829,#830,#831,#832
,#833),.UNSPECIFIED.,.T.,.F.) B_SPLINE_CURVE_WITH_KNOTS((1,2,2,2,2,1),(
    -2.094395102393,0.,2.094395102393,4.188790204786,6.28318530718,
8.377580409573),.UNSPECIFIED.) CURVE() GEOMETRIC_REPRESENTATION_ITEM() 
RATIONAL_B_SPLINE_CURVE((1.,0.5,1.,0.5,1.,0.5,1.)) REPRESENTATION_ITEM(
  '') );
#827 = CARTESIAN_POINT('',(2.,41.2));
#828 = CARTESIAN_POINT('',(5.810511776652,41.2));
#829 = CARTESIAN_POINT('',(3.905255888326,37.9));
#830 = CARTESIAN_POINT('',(2.,34.6));
#831 = CARTESIAN_POINT('',(9.474411167424E-02,37.9));
#832 = CARTESIAN_POINT('',(-1.810511776652,41.2));
#833 = CARTESIAN_POINT('',(2.,41.2));
#834 = ( GEOMETRIC_REPRESENTATION_CONTEXT(2) 
PARAMETRIC_REPRESENTATION_CONTEXT() REPRESENTATION_CONTEXT('2D SPACE',''
  ) );
#835 = PCURVE('',#836,#841);
#836 = CYLINDRICAL_SURFACE('',#837,2.2);
#837 = AXIS2_PLACEMENT_3D('',#838,#839,#840);
#838 = CARTESIAN_POINT('',(0.,0.,10.));
#839 = DIRECTION('',(0.,-1.,1.110223024625E-16));
#840 = DIRECTION('',(1.,0.,0.));
#841 = DEFINITIONAL_REPRESENTATION('',(#842),#846);
#842 = LINE('',#843,#844);
#843 = CARTESIAN_POINT('',(0.,2.5));
#844 = VECTOR('',#845,1.);
#845 = DIRECTION('',(1.,0.));
#846 = ( GEOMETRIC_REPRESENTATION_CONTEXT(2) 
PARAMETRIC_REPRESENTATION_CONTEXT() REPRESENTATION_CONTEXT('2D SPACE',''
  ) );
#847 = ORIENTED_EDGE('',*,*,#848,.T.);
#848 = EDGE_CURVE('',#816,#849,#851,.T.);
#849 = VERTEX_POINT('',#850);
#850 = CARTESIAN_POINT('',(0.916515138991,-2.5,12.));
#851 = SURFACE_CURVE('',#852,(#857,#868),.PCURVE_S1.);
#852 = CIRCLE('',#853,2.2);
#853 = AXIS2_PLACEMENT_3D('',#854,#855,#856);
#854 = CARTESIAN_POINT('',(0.,-2.5,10.));
#855 = DIRECTION('',(0.,-1.,1.110223024625E-16));
#856 = DIRECTION('',(1.,0.,0.));
#857 = PCURVE('',#236,#858);
#858 = DEFINITIONAL_REPRESENTATION('',(#859),#867);
#859 = ( BOUNDED_CURVE() B_SPLINE_CURVE(2,(#860,#861,#862,#863,#864,#865
,#866),.UNSPECIFIED.,.T.,.F.) B_SPLINE_CURVE_WITH_KNOTS((1,2,2,2,2,1),(
    -2.094395102393,0.,2.094395102393,4.188790204786,6.28318530718,
8.377580409573),.UNSPECIFIED.) CURVE() GEOMETRIC_REPRESENTATION_ITEM() 
RATIONAL_B_SPLINE_CURVE((1.,0.5,1.,0.5,1.,0.5,1.)) REPRESENTATION_ITEM(
  '') );
#860 = CARTESIAN_POINT('',(2.,41.2));
#861 = CARTESIAN_POINT('',(5.810511776652,41.2));
#862 = CARTESIAN_POINT('',(3.905255888326,37.9));
#863 = CARTESIAN_POINT('',(2.,34.6));
#864 = CARTESIAN_POINT('',(9.474411167424E-02,37.9));
#865 = CARTESIAN_POINT('',(-1.810511776652,41.2));
#866 = CARTESIAN_POINT('',(2.,41.2));
#867 = ( GEOMETRIC_REPRESENTATION_CONTEXT(2) 
PARAMETRIC_REPRESENTATION_CONTEXT() REPRESENTATION_CONTEXT('2D SPACE',''
  ) );
#868 = PCURVE('',#869,#874);
#869 = CYLINDRICAL_SURFACE('',#870,2.2);
#870 = AXIS2_PLACEMENT_3D('',#871,#872,#873);
#871 = CARTESIAN_POINT('',(0.,0.,10.));
#872 = DIRECTION('',(0.,-1.,1.110223024625E-16));
#873 = DIRECTION('',(1.,0.,0.));
#874 = DEFINITIONAL_REPRESENTATION('',(#875),#879);
#875 = LINE('',#876,#877);
#876 = CARTESIAN_POINT('',(0.,2.5));
#877 = VECTOR('',#878,1.);
#878 = DIRECTION('',(1.,0.));
#879 = ( GEOMETRIC_REPRESENTATION_CONTEXT(2) 
PARAMETRIC_REPRESENTATION_CONTEXT() REPRESENTATION_CONTEXT('2D SPACE',''
  ) );
#880 = ORIENTED_EDGE('',*,*,#881,.T.);
#881 = EDGE_CURVE('',#849,#882,#884,.T.);
#882 = VERTEX_POINT('',#883);
#883 = CARTESIAN_POINT('',(39.,-2.5,12.));
#884 = SURFACE_CURVE('',#885,(#889,#896),.PCURVE_S1.);
#885 = LINE('',#886,#887);
#886 = CARTESIAN_POINT('',(-39.,-2.5,12.));
#887 = VECTOR('',#888,1.);
#888 = DIRECTION('',(1.,0.,-0.));
#889 = PCURVE('',#236,#890);
#890 = DEFINITIONAL_REPRESENTATION('',(#891),#895);
#891 = LINE('',#892,#893);
#892 = CARTESIAN_POINT('',(4.,0.));
#893 = VECTOR('',#894,1.);
#894 = DIRECTION('',(0.,1.));
#895 = ( GEOMETRIC_REPRESENTATION_CONTEXT(2) 
PARAMETRIC_REPRESENTATION_CONTEXT() REPRESENTATION_CONTEXT('2D SPACE',''
  ) );
#896 = PCURVE('',#622,#897);
#897 = DEFINITIONAL_REPRESENTATION('',(#898),#902);
#898 = LINE('',#899,#900);
#899 = CARTESIAN_POINT('',(0.,0.));
#900 = VECTOR('',#901,1.);
#901 = DIRECTION('',(1.,0.));
#902 = ( GEOMETRIC_REPRESENTATION_CONTEXT(2) 
PARAMETRIC_REPRESENTATION_CONTEXT() REPRESENTATION_CONTEXT('2D SPACE',''
  ) );
#903 = ORIENTED_EDGE('',*,*,#904,.F.);
#904 = EDGE_CURVE('',#196,#882,#905,.T.);
#905 = SURFACE_CURVE('',#906,(#910,#917),.PCURVE_S1.);
#906 = LINE('',#907,#908);
#907 = CARTESIAN_POINT('',(39.,-2.5,8.));
#908 = VECTOR('',#909,1.);
#909 = DIRECTION('',(0.,0.,1.));
#910 = PCURVE('',#236,#911);
#911 = DEFINITIONAL_REPRESENTATION('',(#912),#916);
#912 = LINE('',#913,#914);
#913 = CARTESIAN_POINT('',(0.,78.));
#914 = VECTOR('',#915,1.);
#915 = DIRECTION('',(1.,0.));
#916 = ( GEOMETRIC_REPRESENTATION_CONTEXT(2) 
PARAMETRIC_REPRESENTATION_CONTEXT() REPRESENTATION_CONTEXT('2D SPACE',''
  ) );
#917 = PCURVE('',#210,#918);
#918 = DEFINITIONAL_REPRESENTATION('',(#919),#923);
#919 = LINE('',#920,#921);
#920 = CARTESIAN_POINT('',(0.,0.));
#921 = VECTOR('',#922,1.);
#922 = DIRECTION('',(1.,0.));
#923 = ( GEOMETRIC_REPRESENTATION_CONTEXT(2) 
PARAMETRIC_REPRESENTATION_CONTEXT() REPRESENTATION_CONTEXT('2D SPACE',''
  ) );
#924 = ORIENTED_EDGE('',*,*,#221,.T.);
#925 = ORIENTED_EDGE('',*,*,#473,.F.);
#926 = ADVANCED_FACE('',(#927),#210,.T.);
#927 = FACE_BOUND('',#928,.T.);
#928 = EDGE_LOOP('',(#929,#930,#931,#932));
#929 = ORIENTED_EDGE('',*,*,#904,.F.);
#930 = ORIENTED_EDGE('',*,*,#195,.T.);
#931 = ORIENTED_EDGE('',*,*,#634,.T.);
#932 = ORIENTED_EDGE('',*,*,#933,.F.);
#933 = EDGE_CURVE('',#882,#607,#934,.T.);
#934 = SURFACE_CURVE('',#935,(#939,#946),.PCURVE_S1.);
#935 = LINE('',#936,#937);
#936 = CARTESIAN_POINT('',(39.,-2.5,12.));
#937 = VECTOR('',#938,1.);
#938 = DIRECTION('',(-0.,1.,0.));
#939 = PCURVE('',#210,#940);
#940 = DEFINITIONAL_REPRESENTATION('',(#941),#945);
#941 = LINE('',#942,#943);
#942 = CARTESIAN_POINT('',(4.,0.));
#943 = VECTOR('',#944,1.);
#944 = DIRECTION('',(0.,-1.));
#945 = ( GEOMETRIC_REPRESENTATION_CONTEXT(2) 
PARAMETRIC_REPRESENTATION_CONTEXT() REPRESENTATION_CONTEXT('2D SPACE',''
  ) );
#946 = PCURVE('',#622,#947);
#947 = DEFINITIONAL_REPRESENTATION('',(#948),#952);
#948 = LINE('',#949,#950);
#949 = CARTESIAN_POINT('',(78.,0.));
#950 = VECTOR('',#951,1.);
#951 = DIRECTION('',(0.,1.));
#952 = ( GEOMETRIC_REPRESENTATION_CONTEXT(2) 
PARAMETRIC_REPRESENTATION_CONTEXT() REPRESENTATION_CONTEXT('2D SPACE',''
  ) );
#953 = ADVANCED_FACE('',(#954),#414,.F.);
#954 = FACE_BOUND('',#955,.F.);
#955 = EDGE_LOOP('',(#956,#957,#958,#959,#980,#1006,#1025,#1026,#1027));
#956 = ORIENTED_EDGE('',*,*,#560,.F.);
#957 = ORIENTED_EDGE('',*,*,#514,.T.);
#958 = ORIENTED_EDGE('',*,*,#709,.T.);
#959 = ORIENTED_EDGE('',*,*,#960,.F.);
#960 = EDGE_CURVE('',#961,#710,#963,.T.);
#961 = VERTEX_POINT('',#962);
#962 = CARTESIAN_POINT('',(-0.916515138991,-2.22044604925E-16,8.));
#963 = SURFACE_CURVE('',#964,(#968,#974),.PCURVE_S1.);
#964 = LINE('',#965,#966);
#965 = CARTESIAN_POINT('',(-0.916515138991,0.,8.));
#966 = VECTOR('',#967,1.);
#967 = DIRECTION('',(0.,-1.,1.110223024625E-16));
#968 = PCURVE('',#414,#969);
#969 = DEFINITIONAL_REPRESENTATION('',(#970),#973);
#970 = B_SPLINE_CURVE_WITH_KNOTS('',1,(#971,#972),.UNSPECIFIED.,.F.,.F.,
  (2,2),(-5.99999999778E-07,3.),.PIECEWISE_BEZIER_KNOTS.);
#971 = CARTESIAN_POINT('',(38.083484861009,2.5000006));
#972 = CARTESIAN_POINT('',(38.083484861009,-0.5));
#973 = ( GEOMETRIC_REPRESENTATION_CONTEXT(2) 
PARAMETRIC_REPRESENTATION_CONTEXT() REPRESENTATION_CONTEXT('2D SPACE',''
  ) );
#974 = PCURVE('',#777,#975);
#975 = DEFINITIONAL_REPRESENTATION('',(#976),#979);
#976 = B_SPLINE_CURVE_WITH_KNOTS('',1,(#977,#978),.UNSPECIFIED.,.F.,.F.,
  (2,2),(-5.99999999778E-07,3.),.PIECEWISE_BEZIER_KNOTS.);
#977 = CARTESIAN_POINT('',(4.282689314233,-6.E-07));
#978 = CARTESIAN_POINT('',(4.282689314233,3.));
#979 = ( GEOMETRIC_REPRESENTATION_CONTEXT(2) 
PARAMETRIC_REPRESENTATION_CONTEXT() REPRESENTATION_CONTEXT('2D SPACE',''
  ) );
#980 = ORIENTED_EDGE('',*,*,#981,.T.);
#981 = EDGE_CURVE('',#961,#982,#984,.T.);
#982 = VERTEX_POINT('',#983);
#983 = CARTESIAN_POINT('',(0.916515138991,-2.22044604925E-16,8.));
#984 = SURFACE_CURVE('',#985,(#989,#995),.PCURVE_S1.);
#985 = LINE('',#986,#987);
#986 = CARTESIAN_POINT('',(-19.5,-1.110223024625E-16,8.));
#987 = VECTOR('',#988,1.);
#988 = DIRECTION('',(1.,0.,-0.));
#989 = PCURVE('',#414,#990);
#990 = DEFINITIONAL_REPRESENTATION('',(#991),#994);
#991 = B_SPLINE_CURVE_WITH_KNOTS('',1,(#992,#993),.UNSPECIFIED.,.F.,.F.,
  (2,2),(17.3,21.7),.PIECEWISE_BEZIER_KNOTS.);
#992 = CARTESIAN_POINT('',(36.8,2.5));
#993 = CARTESIAN_POINT('',(41.2,2.5));
#994 = ( GEOMETRIC_REPRESENTATION_CONTEXT(2) 
PARAMETRIC_REPRESENTATION_CONTEXT() REPRESENTATION_CONTEXT('2D SPACE',''
  ) );
#995 = PCURVE('',#996,#1001);
#996 = PLANE('',#997);
#997 = AXIS2_PLACEMENT_3D('',#998,#999,#1000);
#998 = CARTESIAN_POINT('',(0.,0.,10.));
#999 = DIRECTION('',(0.,-1.,1.110223024625E-16));
#1000 = DIRECTION('',(1.,0.,0.));
#1001 = DEFINITIONAL_REPRESENTATION('',(#1002),#1005);
#1002 = B_SPLINE_CURVE_WITH_KNOTS('',1,(#1003,#1004),.UNSPECIFIED.,.F.,
  .F.,(2,2),(17.3,21.7),.PIECEWISE_BEZIER_KNOTS.);
#1003 = CARTESIAN_POINT('',(-2.2,-2.));
#1004 = CARTESIAN_POINT('',(2.2,-2.));
#1005 = ( GEOMETRIC_REPRESENTATION_CONTEXT(2) 
PARAMETRIC_REPRESENTATION_CONTEXT() REPRESENTATION_CONTEXT('2D SPACE',''
  ) );
#1006 = ORIENTED_EDGE('',*,*,#1007,.T.);
#1007 = EDGE_CURVE('',#982,#793,#1008,.T.);
#1008 = SURFACE_CURVE('',#1009,(#1013,#1019),.PCURVE_S1.);
#1009 = LINE('',#1010,#1011);
#1010 = CARTESIAN_POINT('',(0.916515138991,0.,8.));
#1011 = VECTOR('',#1012,1.);
#1012 = DIRECTION('',(0.,-1.,1.110223024625E-16));
#1013 = PCURVE('',#414,#1014);
#1014 = DEFINITIONAL_REPRESENTATION('',(#1015),#1018);
#1015 = B_SPLINE_CURVE_WITH_KNOTS('',1,(#1016,#1017),.UNSPECIFIED.,.F.,
  .F.,(2,2),(-5.99999999778E-07,3.),.PIECEWISE_BEZIER_KNOTS.);
#1016 = CARTESIAN_POINT('',(39.916515138991,2.5000006));
#1017 = CARTESIAN_POINT('',(39.916515138991,-0.5));
#1018 = ( GEOMETRIC_REPRESENTATION_CONTEXT(2) 
PARAMETRIC_REPRESENTATION_CONTEXT() REPRESENTATION_CONTEXT('2D SPACE',''
  ) );
#1019 = PCURVE('',#836,#1020);
#1020 = DEFINITIONAL_REPRESENTATION('',(#1021),#1024);
#1021 = B_SPLINE_CURVE_WITH_KNOTS('',1,(#1022,#1023),.UNSPECIFIED.,.F.,
  .F.,(2,2),(-5.99999999778E-07,3.),.PIECEWISE_BEZIER_KNOTS.);
#1022 = CARTESIAN_POINT('',(5.142088646536,-6.E-07));
#1023 = CARTESIAN_POINT('',(5.142088646536,3.));
#1024 = ( GEOMETRIC_REPRESENTATION_CONTEXT(2) 
PARAMETRIC_REPRESENTATION_CONTEXT() REPRESENTATION_CONTEXT('2D SPACE',''
  ) );
#1025 = ORIENTED_EDGE('',*,*,#792,.T.);
#1026 = ORIENTED_EDGE('',*,*,#449,.T.);
#1027 = ORIENTED_EDGE('',*,*,#397,.T.);
#1028 = ADVANCED_FACE('',(#1029),#622,.T.);
#1029 = FACE_BOUND('',#1030,.T.);
#1030 = EDGE_LOOP('',(#1031,#1032,#1033,#1034,#1055,#1076,#1095,#1096));
#1031 = ORIENTED_EDGE('',*,*,#606,.F.);
#1032 = ORIENTED_EDGE('',*,*,#685,.F.);
#1033 = ORIENTED_EDGE('',*,*,#735,.T.);
#1034 = ORIENTED_EDGE('',*,*,#1035,.F.);
#1035 = EDGE_CURVE('',#1036,#736,#1038,.T.);
#1036 = VERTEX_POINT('',#1037);
#1037 = CARTESIAN_POINT('',(-0.916515138991,2.22044604925E-16,12.));
#1038 = SURFACE_CURVE('',#1039,(#1043,#1049),.PCURVE_S1.);
#1039 = LINE('',#1040,#1041);
#1040 = CARTESIAN_POINT('',(-0.916515138991,0.,12.));
#1041 = VECTOR('',#1042,1.);
#1042 = DIRECTION('',(0.,-1.,1.110223024625E-16));
#1043 = PCURVE('',#622,#1044);
#1044 = DEFINITIONAL_REPRESENTATION('',(#1045),#1048);
#1045 = B_SPLINE_CURVE_WITH_KNOTS('',1,(#1046,#1047),.UNSPECIFIED.,.F.,
  .F.,(2,2),(-6.00000000222E-07,3.),.PIECEWISE_BEZIER_KNOTS.);
#1046 = CARTESIAN_POINT('',(38.083484861009,2.5000006));
#1047 = CARTESIAN_POINT('',(38.083484861009,-0.5));
#1048 = ( GEOMETRIC_REPRESENTATION_CONTEXT(2) 
PARAMETRIC_REPRESENTATION_CONTEXT() REPRESENTATION_CONTEXT('2D SPACE',''
  ) );
#1049 = PCURVE('',#777,#1050);
#1050 = DEFINITIONAL_REPRESENTATION('',(#1051),#1054);
#1051 = B_SPLINE_CURVE_WITH_KNOTS('',1,(#1052,#1053),.UNSPECIFIED.,.F.,
  .F.,(2,2),(-6.00000000222E-07,3.),.PIECEWISE_BEZIER_KNOTS.);
#1052 = CARTESIAN_POINT('',(2.000495992946,-6.E-07));
#1053 = CARTESIAN_POINT('',(2.000495992946,3.));
#1054 = ( GEOMETRIC_REPRESENTATION_CONTEXT(2) 
PARAMETRIC_REPRESENTATION_CONTEXT() REPRESENTATION_CONTEXT('2D SPACE',''
  ) );
#1055 = ORIENTED_EDGE('',*,*,#1056,.T.);
#1056 = EDGE_CURVE('',#1036,#1057,#1059,.T.);
#1057 = VERTEX_POINT('',#1058);
#1058 = CARTESIAN_POINT('',(0.916515138991,2.22044604925E-16,12.));
#1059 = SURFACE_CURVE('',#1060,(#1064,#1070),.PCURVE_S1.);
#1060 = LINE('',#1061,#1062);
#1061 = CARTESIAN_POINT('',(-19.5,1.110223024625E-16,12.));
#1062 = VECTOR('',#1063,1.);
#1063 = DIRECTION('',(1.,0.,-0.));
#1064 = PCURVE('',#622,#1065);
#1065 = DEFINITIONAL_REPRESENTATION('',(#1066),#1069);
#1066 = B_SPLINE_CURVE_WITH_KNOTS('',1,(#1067,#1068),.UNSPECIFIED.,.F.,
  .F.,(2,2),(17.3,21.7),.PIECEWISE_BEZIER_KNOTS.);
#1067 = CARTESIAN_POINT('',(36.8,2.5));
#1068 = CARTESIAN_POINT('',(41.2,2.5));
#1069 = ( GEOMETRIC_REPRESENTATION_CONTEXT(2) 
PARAMETRIC_REPRESENTATION_CONTEXT() REPRESENTATION_CONTEXT('2D SPACE',''
  ) );
#1070 = PCURVE('',#996,#1071);
#1071 = DEFINITIONAL_REPRESENTATION('',(#1072),#1075);
#1072 = B_SPLINE_CURVE_WITH_KNOTS('',1,(#1073,#1074),.UNSPECIFIED.,.F.,
  .F.,(2,2),(17.3,21.7),.PIECEWISE_BEZIER_KNOTS.);
#1073 = CARTESIAN_POINT('',(-2.2,2.));
#1074 = CARTESIAN_POINT('',(2.2,2.));
#1075 = ( GEOMETRIC_REPRESENTATION_CONTEXT(2) 
PARAMETRIC_REPRESENTATION_CONTEXT() REPRESENTATION_CONTEXT('2D SPACE',''
  ) );
#1076 = ORIENTED_EDGE('',*,*,#1077,.T.);
#1077 = EDGE_CURVE('',#1057,#849,#1078,.T.);
#1078 = SURFACE_CURVE('',#1079,(#1083,#1089),.PCURVE_S1.);
#1079 = LINE('',#1080,#1081);
#1080 = CARTESIAN_POINT('',(0.916515138991,0.,12.));
#1081 = VECTOR('',#1082,1.);
#1082 = DIRECTION('',(0.,-1.,1.110223024625E-16));
#1083 = PCURVE('',#622,#1084);
#1084 = DEFINITIONAL_REPRESENTATION('',(#1085),#1088);
#1085 = B_SPLINE_CURVE_WITH_KNOTS('',1,(#1086,#1087),.UNSPECIFIED.,.F.,
  .F.,(2,2),(-6.00000000222E-07,3.),.PIECEWISE_BEZIER_KNOTS.);
#1086 = CARTESIAN_POINT('',(39.916515138991,2.5000006));
#1087 = CARTESIAN_POINT('',(39.916515138991,-0.5));
#1088 = ( GEOMETRIC_REPRESENTATION_CONTEXT(2) 
PARAMETRIC_REPRESENTATION_CONTEXT() REPRESENTATION_CONTEXT('2D SPACE',''
  ) );
#1089 = PCURVE('',#869,#1090);
#1090 = DEFINITIONAL_REPRESENTATION('',(#1091),#1094);
#1091 = B_SPLINE_CURVE_WITH_KNOTS('',1,(#1092,#1093),.UNSPECIFIED.,.F.,
  .F.,(2,2),(-6.00000000222E-07,3.),.PIECEWISE_BEZIER_KNOTS.);
#1092 = CARTESIAN_POINT('',(1.141096660643,-6.E-07));
#1093 = CARTESIAN_POINT('',(1.141096660643,3.));
#1094 = ( GEOMETRIC_REPRESENTATION_CONTEXT(2) 
PARAMETRIC_REPRESENTATION_CONTEXT() REPRESENTATION_CONTEXT('2D SPACE',''
  ) );
#1095 = ORIENTED_EDGE('',*,*,#881,.T.);
#1096 = ORIENTED_EDGE('',*,*,#933,.T.);
#1097 = ADVANCED_FACE('',(#1098),#777,.F.);
#1098 = FACE_BOUND('',#1099,.F.);
#1099 = EDGE_LOOP('',(#1100,#1101,#1123,#1124));
#1100 = ORIENTED_EDGE('',*,*,#1035,.F.);
#1101 = ORIENTED_EDGE('',*,*,#1102,.T.);
#1102 = EDGE_CURVE('',#1036,#961,#1103,.T.);
#1103 = SURFACE_CURVE('',#1104,(#1109,#1116),.PCURVE_S1.);
#1104 = CIRCLE('',#1105,2.2);
#1105 = AXIS2_PLACEMENT_3D('',#1106,#1107,#1108);
#1106 = CARTESIAN_POINT('',(0.,0.,10.));
#1107 = DIRECTION('',(0.,-1.,1.110223024625E-16));
#1108 = DIRECTION('',(1.,0.,0.));
#1109 = PCURVE('',#777,#1110);
#1110 = DEFINITIONAL_REPRESENTATION('',(#1111),#1115);
#1111 = LINE('',#1112,#1113);
#1112 = CARTESIAN_POINT('',(0.,0.));
#1113 = VECTOR('',#1114,1.);
#1114 = DIRECTION('',(1.,0.));
#1115 = ( GEOMETRIC_REPRESENTATION_CONTEXT(2) 
PARAMETRIC_REPRESENTATION_CONTEXT() REPRESENTATION_CONTEXT('2D SPACE',''
  ) );
#1116 = PCURVE('',#996,#1117);
#1117 = DEFINITIONAL_REPRESENTATION('',(#1118),#1122);
#1118 = CIRCLE('',#1119,2.2);
#1119 = AXIS2_PLACEMENT_2D('',#1120,#1121);
#1120 = CARTESIAN_POINT('',(0.,0.));
#1121 = DIRECTION('',(1.,0.));
#1122 = ( GEOMETRIC_REPRESENTATION_CONTEXT(2) 
PARAMETRIC_REPRESENTATION_CONTEXT() REPRESENTATION_CONTEXT('2D SPACE',''
  ) );
#1123 = ORIENTED_EDGE('',*,*,#960,.T.);
#1124 = ORIENTED_EDGE('',*,*,#758,.F.);
#1125 = ADVANCED_FACE('',(#1126),#869,.F.);
#1126 = FACE_BOUND('',#1127,.F.);
#1127 = EDGE_LOOP('',(#1128,#1129,#1152,#1174));
#1128 = ORIENTED_EDGE('',*,*,#848,.F.);
#1129 = ORIENTED_EDGE('',*,*,#1130,.F.);
#1130 = EDGE_CURVE('',#1131,#816,#1133,.T.);
#1131 = VERTEX_POINT('',#1132);
#1132 = CARTESIAN_POINT('',(2.2,-5.982376723166E-32,10.));
#1133 = SURFACE_CURVE('',#1134,(#1138,#1145),.PCURVE_S1.);
#1134 = LINE('',#1135,#1136);
#1135 = CARTESIAN_POINT('',(2.2,-5.982376723166E-32,10.));
#1136 = VECTOR('',#1137,1.);
#1137 = DIRECTION('',(0.,-1.,1.110223024625E-16));
#1138 = PCURVE('',#869,#1139);
#1139 = DEFINITIONAL_REPRESENTATION('',(#1140),#1144);
#1140 = LINE('',#1141,#1142);
#1141 = CARTESIAN_POINT('',(0.,-0.));
#1142 = VECTOR('',#1143,1.);
#1143 = DIRECTION('',(0.,1.));
#1144 = ( GEOMETRIC_REPRESENTATION_CONTEXT(2) 
PARAMETRIC_REPRESENTATION_CONTEXT() REPRESENTATION_CONTEXT('2D SPACE',''
  ) );
#1145 = PCURVE('',#836,#1146);
#1146 = DEFINITIONAL_REPRESENTATION('',(#1147),#1151);
#1147 = LINE('',#1148,#1149);
#1148 = CARTESIAN_POINT('',(6.28318530718,-0.));
#1149 = VECTOR('',#1150,1.);
#1150 = DIRECTION('',(0.,1.));
#1151 = ( GEOMETRIC_REPRESENTATION_CONTEXT(2) 
PARAMETRIC_REPRESENTATION_CONTEXT() REPRESENTATION_CONTEXT('2D SPACE',''
  ) );
#1152 = ORIENTED_EDGE('',*,*,#1153,.T.);
#1153 = EDGE_CURVE('',#1131,#1057,#1154,.T.);
#1154 = SURFACE_CURVE('',#1155,(#1160,#1167),.PCURVE_S1.);
#1155 = CIRCLE('',#1156,2.2);
#1156 = AXIS2_PLACEMENT_3D('',#1157,#1158,#1159);
#1157 = CARTESIAN_POINT('',(0.,0.,10.));
#1158 = DIRECTION('',(0.,-1.,1.110223024625E-16));
#1159 = DIRECTION('',(1.,0.,0.));
#1160 = PCURVE('',#869,#1161);
#1161 = DEFINITIONAL_REPRESENTATION('',(#1162),#1166);
#1162 = LINE('',#1163,#1164);
#1163 = CARTESIAN_POINT('',(0.,0.));
#1164 = VECTOR('',#1165,1.);
#1165 = DIRECTION('',(1.,0.));
#1166 = ( GEOMETRIC_REPRESENTATION_CONTEXT(2) 
PARAMETRIC_REPRESENTATION_CONTEXT() REPRESENTATION_CONTEXT('2D SPACE',''
  ) );
#1167 = PCURVE('',#996,#1168);
#1168 = DEFINITIONAL_REPRESENTATION('',(#1169),#1173);
#1169 = CIRCLE('',#1170,2.2);
#1170 = AXIS2_PLACEMENT_2D('',#1171,#1172);
#1171 = CARTESIAN_POINT('',(0.,0.));
#1172 = DIRECTION('',(1.,0.));
#1173 = ( GEOMETRIC_REPRESENTATION_CONTEXT(2) 
PARAMETRIC_REPRESENTATION_CONTEXT() REPRESENTATION_CONTEXT('2D SPACE',''
  ) );
#1174 = ORIENTED_EDGE('',*,*,#1077,.T.);
#1175 = ADVANCED_FACE('',(#1176),#836,.F.);
#1176 = FACE_BOUND('',#1177,.F.);
#1177 = EDGE_LOOP('',(#1178,#1179,#1180,#1181));
#1178 = ORIENTED_EDGE('',*,*,#1130,.T.);
#1179 = ORIENTED_EDGE('',*,*,#815,.F.);
#1180 = ORIENTED_EDGE('',*,*,#1007,.F.);
#1181 = ORIENTED_EDGE('',*,*,#1182,.T.);
#1182 = EDGE_CURVE('',#982,#1131,#1183,.T.);
#1183 = SURFACE_CURVE('',#1184,(#1189,#1196),.PCURVE_S1.);
#1184 = CIRCLE('',#1185,2.2);
#1185 = AXIS2_PLACEMENT_3D('',#1186,#1187,#1188);
#1186 = CARTESIAN_POINT('',(0.,0.,10.));
#1187 = DIRECTION('',(0.,-1.,1.110223024625E-16));
#1188 = DIRECTION('',(1.,0.,0.));
#1189 = PCURVE('',#836,#1190);
#1190 = DEFINITIONAL_REPRESENTATION('',(#1191),#1195);
#1191 = LINE('',#1192,#1193);
#1192 = CARTESIAN_POINT('',(0.,0.));
#1193 = VECTOR('',#1194,1.);
#1194 = DIRECTION('',(1.,0.));
#1195 = ( GEOMETRIC_REPRESENTATION_CONTEXT(2) 
PARAMETRIC_REPRESENTATION_CONTEXT() REPRESENTATION_CONTEXT('2D SPACE',''
  ) );
#1196 = PCURVE('',#996,#1197);
#1197 = DEFINITIONAL_REPRESENTATION('',(#1198),#1202);
#1198 = CIRCLE('',#1199,2.2);
#1199 = AXIS2_PLACEMENT_2D('',#1200,#1201);
#1200 = CARTESIAN_POINT('',(0.,0.));
#1201 = DIRECTION('',(1.,0.));
#1202 = ( GEOMETRIC_REPRESENTATION_CONTEXT(2) 
PARAMETRIC_REPRESENTATION_CONTEXT() REPRESENTATION_CONTEXT('2D SPACE',''
  ) );
#1203 = ADVANCED_FACE('',(#1204),#996,.T.);
#1204 = FACE_BOUND('',#1205,.T.);
#1205 = EDGE_LOOP('',(#1206,#1207,#1208,#1209,#1210));
#1206 = ORIENTED_EDGE('',*,*,#1182,.T.);
#1207 = ORIENTED_EDGE('',*,*,#1153,.T.);
#1208 = ORIENTED_EDGE('',*,*,#1056,.F.);
#1209 = ORIENTED_EDGE('',*,*,#1102,.T.);
#1210 = ORIENTED_EDGE('',*,*,#981,.T.);
#1211 = ( GEOMETRIC_REPRESENTATION_CONTEXT(3) 
GLOBAL_UNCERTAINTY_ASSIGNED_CONTEXT((#1215)) 
GLOBAL_UNIT_ASSIGNED_CONTEXT((#1212,#1213,#1214)) REPRESENTATION_CONTEXT
('Context #1','3D Context with UNIT and UNCERTAINTY') );
#1212 = ( LENGTH_UNIT() NAMED_UNIT(*) SI_UNIT(.MILLI.,.METRE.) );
#1213 = ( NAMED_UNIT(*) PLANE_ANGLE_UNIT() SI_UNIT($,.RADIAN.) );
#1214 = ( NAMED_UNIT(*) SI_UNIT($,.STERADIAN.) SOLID_ANGLE_UNIT() );
#1215 = UNCERTAINTY_MEASURE_WITH_UNIT(LENGTH_MEASURE(1.E-07),#1212,
  'distance_accuracy_value','confusion accuracy');
#1216 = CONTEXT_DEPENDENT_SHAPE_REPRESENTATION(#1217,#1219);
#1217 = ( REPRESENTATION_RELATIONSHIP('','',#40,#10) 
REPRESENTATION_RELATIONSHIP_WITH_TRANSFORMATION(#1218) 
SHAPE_REPRESENTATION_RELATIONSHIP() );
#1218 = ITEM_DEFINED_TRANSFORMATION('','',#11,#15);
#1219 = PRODUCT_DEFINITION_SHAPE('Placement','Placement of an item',
  #1220);
#1220 = NEXT_ASSEMBLY_USAGE_OCCURRENCE('4','','',#5,#35,$);
#1221 = PRODUCT_RELATED_PRODUCT_CATEGORY('part',$,(#37));
#1222 = SHAPE_DEFINITION_REPRESENTATION(#1223,#1229);
#1223 = PRODUCT_DEFINITION_SHAPE('','',#1224);
#1224 = PRODUCT_DEFINITION('design','',#1225,#1228);
#1225 = PRODUCT_DEFINITION_FORMATION('','',#1226);
#1226 = PRODUCT('Open CASCADE STEP translator 7.9 2.2',
  'Open CASCADE STEP translator 7.9 2.2','',(#1227));
#1227 = PRODUCT_CONTEXT('',#2,'mechanical');
#1228 = PRODUCT_DEFINITION_CONTEXT('part definition',#2,'design');
#1229 = ADVANCED_BREP_SHAPE_REPRESENTATION('',(#11,#1230),#2974);
#1230 = MANIFOLD_SOLID_BREP('',#1231);
#1231 = CLOSED_SHELL('',(#1232,#2068,#2284,#2314,#2344,#2534,#2724,#2914
    ));
#1232 = ADVANCED_FACE('',(#1233,#1531,#1702,#1897),#1247,.T.);
#1233 = FACE_BOUND('',#1234,.T.);
#1234 = EDGE_LOOP('',(#1235,#1265,#1292,#1293,#1390,#1413,#1440,#1441));
#1235 = ORIENTED_EDGE('',*,*,#1236,.T.);
#1236 = EDGE_CURVE('',#1237,#1239,#1241,.T.);
#1237 = VERTEX_POINT('',#1238);
#1238 = CARTESIAN_POINT('',(42.,-1.028703311284E-14,143.75));
#1239 = VERTEX_POINT('',#1240);
#1240 = CARTESIAN_POINT('',(42.,-1.028703311284E-14,160.));
#1241 = SEAM_CURVE('',#1242,(#1246,#1258),.PCURVE_S1.);
#1242 = LINE('',#1243,#1244);
#1243 = CARTESIAN_POINT('',(42.,-1.028703311284E-14,0.));
#1244 = VECTOR('',#1245,1.);
#1245 = DIRECTION('',(0.,0.,1.));
#1246 = PCURVE('',#1247,#1252);
#1247 = CYLINDRICAL_SURFACE('',#1248,42.);
#1248 = AXIS2_PLACEMENT_3D('',#1249,#1250,#1251);
#1249 = CARTESIAN_POINT('',(0.,0.,0.));
#1250 = DIRECTION('',(0.,0.,1.));
#1251 = DIRECTION('',(1.,0.,-0.));
#1252 = DEFINITIONAL_REPRESENTATION('',(#1253),#1257);
#1253 = LINE('',#1254,#1255);
#1254 = CARTESIAN_POINT('',(6.28318530718,-0.));
#1255 = VECTOR('',#1256,1.);
#1256 = DIRECTION('',(0.,1.));
#1257 = ( GEOMETRIC_REPRESENTATION_CONTEXT(2) 
PARAMETRIC_REPRESENTATION_CONTEXT() REPRESENTATION_CONTEXT('2D SPACE',''
  ) );
#1258 = PCURVE('',#1247,#1259);
#1259 = DEFINITIONAL_REPRESENTATION('',(#1260),#1264);
#1260 = LINE('',#1261,#1262);
#1261 = CARTESIAN_POINT('',(0.,-0.));
#1262 = VECTOR('',#1263,1.);
#1263 = DIRECTION('',(0.,1.));
#1264 = ( GEOMETRIC_REPRESENTATION_CONTEXT(2) 
PARAMETRIC_REPRESENTATION_CONTEXT() REPRESENTATION_CONTEXT('2D SPACE',''
  ) );
#1265 = ORIENTED_EDGE('',*,*,#1266,.F.);
#1266 = EDGE_CURVE('',#1239,#1239,#1267,.T.);
#1267 = SURFACE_CURVE('',#1268,(#1273,#1280),.PCURVE_S1.);
#1268 = CIRCLE('',#1269,42.);
#1269 = AXIS2_PLACEMENT_3D('',#1270,#1271,#1272);
#1270 = CARTESIAN_POINT('',(0.,0.,160.));
#1271 = DIRECTION('',(0.,0.,1.));
#1272 = DIRECTION('',(1.,0.,-0.));
#1273 = PCURVE('',#1247,#1274);
#1274 = DEFINITIONAL_REPRESENTATION('',(#1275),#1279);
#1275 = LINE('',#1276,#1277);
#1276 = CARTESIAN_POINT('',(0.,160.));
#1277 = VECTOR('',#1278,1.);
#1278 = DIRECTION('',(1.,0.));
#1279 = ( GEOMETRIC_REPRESENTATION_CONTEXT(2) 
PARAMETRIC_REPRESENTATION_CONTEXT() REPRESENTATION_CONTEXT('2D SPACE',''
  ) );
#1280 = PCURVE('',#1281,#1286);
#1281 = PLANE('',#1282);
#1282 = AXIS2_PLACEMENT_3D('',#1283,#1284,#1285);
#1283 = CARTESIAN_POINT('',(0.,0.,160.));
#1284 = DIRECTION('',(0.,0.,1.));
#1285 = DIRECTION('',(1.,0.,-0.));
#1286 = DEFINITIONAL_REPRESENTATION('',(#1287),#1291);
#1287 = CIRCLE('',#1288,42.);
#1288 = AXIS2_PLACEMENT_2D('',#1289,#1290);
#1289 = CARTESIAN_POINT('',(0.,0.));
#1290 = DIRECTION('',(1.,0.));
#1291 = ( GEOMETRIC_REPRESENTATION_CONTEXT(2) 
PARAMETRIC_REPRESENTATION_CONTEXT() REPRESENTATION_CONTEXT('2D SPACE',''
  ) );
#1292 = ORIENTED_EDGE('',*,*,#1236,.F.);
#1293 = ORIENTED_EDGE('',*,*,#1294,.F.);
#1294 = EDGE_CURVE('',#1295,#1237,#1297,.T.);
#1295 = VERTEX_POINT('',#1296);
#1296 = CARTESIAN_POINT('',(42.,-5.35782974627E-15,140.25));
#1297 = SURFACE_CURVE('',#1298,(#1325,#1355),.PCURVE_S1.);
#1298 = B_SPLINE_CURVE_WITH_KNOTS('',7,(#1299,#1300,#1301,#1302,#1303,
    #1304,#1305,#1306,#1307,#1308,#1309,#1310,#1311,#1312,#1313,#1314,
    #1315,#1316,#1317,#1318,#1319,#1320,#1321,#1322,#1323,#1324),
  .UNSPECIFIED.,.F.,.F.,(8,6,6,6,8),(0.,0.256796945706,0.50001596791,
    0.743243851631,1.),.UNSPECIFIED.);
#1299 = CARTESIAN_POINT('',(42.,-9.914693070884E-16,140.25));
#1300 = CARTESIAN_POINT('',(42.,0.240564909828,140.25));
#1301 = CARTESIAN_POINT('',(41.998392447927,0.474783689339,
    140.28858063886));
#1302 = CARTESIAN_POINT('',(41.995330101926,0.695472774074,
    140.36208041693));
#1303 = CARTESIAN_POINT('',(41.991246809556,0.896672045916,
    140.46541784132));
#1304 = CARTESIAN_POINT('',(41.986740270263,1.07388288034,
    140.59217954431));
#1305 = CARTESIAN_POINT('',(41.982328723297,1.224515318679,
    140.73475936904));
#1306 = CARTESIAN_POINT('',(41.974580573173,1.465730828736,
    141.0263388324));
#1307 = CARTESIAN_POINT('',(41.97110714592,1.561941602253,141.1780745574
    ));
#1308 = CARTESIAN_POINT('',(41.968152839821,1.637791586845,
    141.33659709381));
#1309 = CARTESIAN_POINT('',(41.965858989552,1.694053214219,
    141.49964304858));
#1310 = CARTESIAN_POINT('',(41.964303984428,1.731340386205,
    141.66548118931));
#1311 = CARTESIAN_POINT('',(41.963525828986,1.75,141.83269860871));
#1312 = CARTESIAN_POINT('',(41.963525828986,1.75,142.16730748679));
#1313 = CARTESIAN_POINT('',(41.964304039668,1.731339048705,
    142.33452453702));
#1314 = CARTESIAN_POINT('',(41.965859055113,1.694051677808,
    142.50035894037));
#1315 = CARTESIAN_POINT('',(41.968152827893,1.637791645959,
    142.66340060964));
#1316 = CARTESIAN_POINT('',(41.971107053813,1.561943892465,
    142.82192091469));
#1317 = CARTESIAN_POINT('',(41.974580480802,1.465733704412,
    142.9736576915));
#1318 = CARTESIAN_POINT('',(41.982328043664,1.224536477035,
    143.26521505489));
#1319 = CARTESIAN_POINT('',(41.986739669494,1.073906163831,
    143.40780584051));
#1320 = CARTESIAN_POINT('',(41.991246933957,0.896676020711,
    143.53458964655));
#1321 = CARTESIAN_POINT('',(41.995330976832,0.695444595551,
    143.63794063027));
#1322 = CARTESIAN_POINT('',(41.998393136841,0.474728658804,
    143.71143587859));
#1323 = CARTESIAN_POINT('',(42.,0.240513423923,143.75));
#1324 = CARTESIAN_POINT('',(42.,1.875782019251E-15,143.75));
#1325 = PCURVE('',#1247,#1326);
#1326 = DEFINITIONAL_REPRESENTATION('',(#1327),#1354);
#1327 = B_SPLINE_CURVE_WITH_KNOTS('',7,(#1328,#1329,#1330,#1331,#1332,
    #1333,#1334,#1335,#1336,#1337,#1338,#1339,#1340,#1341,#1342,#1343,
    #1344,#1345,#1346,#1347,#1348,#1349,#1350,#1351,#1352,#1353),
  .UNSPECIFIED.,.F.,.F.,(8,6,6,6,8),(0.,0.256796945706,0.50001596791,
    0.743243851631,1.),.UNSPECIFIED.);
#1328 = CARTESIAN_POINT('',(0.,140.25));
#1329 = CARTESIAN_POINT('',(5.727735948295E-03,140.25));
#1330 = CARTESIAN_POINT('',(1.13043739602E-02,140.28858063886));
#1331 = CARTESIAN_POINT('',(1.655918061311E-02,140.36208041693));
#1332 = CARTESIAN_POINT('',(2.135049428124E-02,140.46541784132));
#1333 = CARTESIAN_POINT('',(2.557111338707E-02,140.59217954431));
#1334 = CARTESIAN_POINT('',(2.915912305231E-02,140.73475936904));
#1335 = CARTESIAN_POINT('',(3.490531158116E-02,141.0263388324));
#1336 = CARTESIAN_POINT('',(3.719751852229E-02,141.1780745574));
#1337 = CARTESIAN_POINT('',(3.900483349457E-02,141.33659709381));
#1338 = CARTESIAN_POINT('',(4.034550822297E-02,141.49964304858));
#1339 = CARTESIAN_POINT('',(4.123406975576E-02,141.66548118931));
#1340 = CARTESIAN_POINT('',(4.167873242258E-02,141.83269860871));
#1341 = CARTESIAN_POINT('',(4.167873242258E-02,142.16730748679));
#1342 = CARTESIAN_POINT('',(4.12340378839E-02,142.33452453702));
#1343 = CARTESIAN_POINT('',(4.034547160704E-02,142.50035894037));
#1344 = CARTESIAN_POINT('',(3.900483491437E-02,142.66340060964));
#1345 = CARTESIAN_POINT('',(3.719757309298E-02,142.82192091469));
#1346 = CARTESIAN_POINT('',(3.490538008496E-02,142.9736576915));
#1347 = CARTESIAN_POINT('',(2.915962708252E-02,143.26521505489));
#1348 = CARTESIAN_POINT('',(2.557166793806E-02,143.40780584051));
#1349 = CARTESIAN_POINT('',(2.13505887653E-02,143.53458964655));
#1350 = CARTESIAN_POINT('',(1.655850948751E-02,143.63794063027));
#1351 = CARTESIAN_POINT('',(1.13030637085E-02,143.71143587859));
#1352 = CARTESIAN_POINT('',(5.7265100934E-03,143.75));
#1353 = CARTESIAN_POINT('',(0.,143.75));
#1354 = ( GEOMETRIC_REPRESENTATION_CONTEXT(2) 
PARAMETRIC_REPRESENTATION_CONTEXT() REPRESENTATION_CONTEXT('2D SPACE',''
  ) );
#1355 = PCURVE('',#1356,#1361);
#1356 = CYLINDRICAL_SURFACE('',#1357,1.75);
#1357 = AXIS2_PLACEMENT_3D('',#1358,#1359,#1360);
#1358 = CARTESIAN_POINT('',(35.,0.,142.));
#1359 = DIRECTION('',(1.,0.,1.110223024625E-16));
#1360 = DIRECTION('',(1.110223024625E-16,0.,-1.));
#1361 = DEFINITIONAL_REPRESENTATION('',(#1362),#1389);
#1362 = B_SPLINE_CURVE_WITH_KNOTS('',7,(#1363,#1364,#1365,#1366,#1367,
    #1368,#1369,#1370,#1371,#1372,#1373,#1374,#1375,#1376,#1377,#1378,
    #1379,#1380,#1381,#1382,#1383,#1384,#1385,#1386,#1387,#1388),
  .UNSPECIFIED.,.F.,.F.,(8,6,6,6,8),(0.,0.256796945706,0.50001596791,
    0.743243851631,1.),.UNSPECIFIED.);
#1363 = CARTESIAN_POINT('',(-8.881784197001E-16,7.));
#1364 = CARTESIAN_POINT('',(0.137465662759,7.));
#1365 = CARTESIAN_POINT('',(0.271304900971,6.998392447927));
#1366 = CARTESIAN_POINT('',(0.401655937636,6.995330101926));
#1367 = CARTESIAN_POINT('',(0.528348867449,6.991246809556));
#1368 = CARTESIAN_POINT('',(0.650945546276,6.986740270263));
#1369 = CARTESIAN_POINT('',(0.768589245,6.982328723297));
#1370 = CARTESIAN_POINT('',(0.984830611085,6.974580573173));
#1371 = CARTESIAN_POINT('',(1.086682935968,6.97110714592));
#1372 = CARTESIAN_POINT('',(1.186007405867,6.968152839821));
#1373 = CARTESIAN_POINT('',(1.28345062994,6.965858989552));
#1374 = CARTESIAN_POINT('',(1.379642806963,6.964303984428));
#1375 = CARTESIAN_POINT('',(1.475195531776,6.963525828986));
#1376 = CARTESIAN_POINT('',(1.666400604962,6.963525828986));
#1377 = CARTESIAN_POINT('',(1.761953109605,6.964304039668));
#1378 = CARTESIAN_POINT('',(1.858143332956,6.965859055113));
#1379 = CARTESIAN_POINT('',(1.955584062102,6.968152827893));
#1380 = CARTESIAN_POINT('',(2.054906893214,6.971107053813));
#1381 = CARTESIAN_POINT('',(2.156759464561,6.974580480802));
#1382 = CARTESIAN_POINT('',(2.372984440855,6.982328043664));
#1383 = CARTESIAN_POINT('',(2.490632195444,6.986739669494));
#1384 = CARTESIAN_POINT('',(2.613244466844,6.991246933957));
#1385 = CARTESIAN_POINT('',(2.739955503062,6.995330976832));
#1386 = CARTESIAN_POINT('',(2.870319206858,6.998393136841));
#1387 = CARTESIAN_POINT('',(3.004156411348,7.));
#1388 = CARTESIAN_POINT('',(3.14159265359,7.));
#1389 = ( GEOMETRIC_REPRESENTATION_CONTEXT(2) 
PARAMETRIC_REPRESENTATION_CONTEXT() REPRESENTATION_CONTEXT('2D SPACE',''
  ) );
#1390 = ORIENTED_EDGE('',*,*,#1391,.F.);
#1391 = EDGE_CURVE('',#1392,#1295,#1394,.T.);
#1392 = VERTEX_POINT('',#1393);
#1393 = CARTESIAN_POINT('',(42.,-1.028703311284E-14,0.));
#1394 = SEAM_CURVE('',#1395,(#1399,#1406),.PCURVE_S1.);
#1395 = LINE('',#1396,#1397);
#1396 = CARTESIAN_POINT('',(42.,-1.028703311284E-14,0.));
#1397 = VECTOR('',#1398,1.);
#1398 = DIRECTION('',(0.,0.,1.));
#1399 = PCURVE('',#1247,#1400);
#1400 = DEFINITIONAL_REPRESENTATION('',(#1401),#1405);
#1401 = LINE('',#1402,#1403);
#1402 = CARTESIAN_POINT('',(6.28318530718,-0.));
#1403 = VECTOR('',#1404,1.);
#1404 = DIRECTION('',(0.,1.));
#1405 = ( GEOMETRIC_REPRESENTATION_CONTEXT(2) 
PARAMETRIC_REPRESENTATION_CONTEXT() REPRESENTATION_CONTEXT('2D SPACE',''
  ) );
#1406 = PCURVE('',#1247,#1407);
#1407 = DEFINITIONAL_REPRESENTATION('',(#1408),#1412);
#1408 = LINE('',#1409,#1410);
#1409 = CARTESIAN_POINT('',(0.,-0.));
#1410 = VECTOR('',#1411,1.);
#1411 = DIRECTION('',(0.,1.));
#1412 = ( GEOMETRIC_REPRESENTATION_CONTEXT(2) 
PARAMETRIC_REPRESENTATION_CONTEXT() REPRESENTATION_CONTEXT('2D SPACE',''
  ) );
#1413 = ORIENTED_EDGE('',*,*,#1414,.T.);
#1414 = EDGE_CURVE('',#1392,#1392,#1415,.T.);
#1415 = SURFACE_CURVE('',#1416,(#1421,#1428),.PCURVE_S1.);
#1416 = CIRCLE('',#1417,42.);
#1417 = AXIS2_PLACEMENT_3D('',#1418,#1419,#1420);
#1418 = CARTESIAN_POINT('',(0.,0.,0.));
#1419 = DIRECTION('',(0.,0.,1.));
#1420 = DIRECTION('',(1.,0.,-0.));
#1421 = PCURVE('',#1247,#1422);
#1422 = DEFINITIONAL_REPRESENTATION('',(#1423),#1427);
#1423 = LINE('',#1424,#1425);
#1424 = CARTESIAN_POINT('',(0.,0.));
#1425 = VECTOR('',#1426,1.);
#1426 = DIRECTION('',(1.,0.));
#1427 = ( GEOMETRIC_REPRESENTATION_CONTEXT(2) 
PARAMETRIC_REPRESENTATION_CONTEXT() REPRESENTATION_CONTEXT('2D SPACE',''
  ) );
#1428 = PCURVE('',#1429,#1434);
#1429 = PLANE('',#1430);
#1430 = AXIS2_PLACEMENT_3D('',#1431,#1432,#1433);
#1431 = CARTESIAN_POINT('',(0.,0.,0.));
#1432 = DIRECTION('',(0.,0.,1.));
#1433 = DIRECTION('',(1.,0.,-0.));
#1434 = DEFINITIONAL_REPRESENTATION('',(#1435),#1439);
#1435 = CIRCLE('',#1436,42.);
#1436 = AXIS2_PLACEMENT_2D('',#1437,#1438);
#1437 = CARTESIAN_POINT('',(0.,0.));
#1438 = DIRECTION('',(1.,0.));
#1439 = ( GEOMETRIC_REPRESENTATION_CONTEXT(2) 
PARAMETRIC_REPRESENTATION_CONTEXT() REPRESENTATION_CONTEXT('2D SPACE',''
  ) );
#1440 = ORIENTED_EDGE('',*,*,#1391,.T.);
#1441 = ORIENTED_EDGE('',*,*,#1442,.F.);
#1442 = EDGE_CURVE('',#1237,#1295,#1443,.T.);
#1443 = SURFACE_CURVE('',#1444,(#1471,#1501),.PCURVE_S1.);
#1444 = B_SPLINE_CURVE_WITH_KNOTS('',7,(#1445,#1446,#1447,#1448,#1449,
    #1450,#1451,#1452,#1453,#1454,#1455,#1456,#1457,#1458,#1459,#1460,
    #1461,#1462,#1463,#1464,#1465,#1466,#1467,#1468,#1469,#1470),
  .UNSPECIFIED.,.F.,.F.,(8,6,6,6,8),(0.,0.256807468623,0.500048624585,
    0.74328836285,1.),.UNSPECIFIED.);
#1445 = CARTESIAN_POINT('',(42.,-3.330669073875E-15,143.75));
#1446 = CARTESIAN_POINT('',(42.,-0.240564909829,143.75));
#1447 = CARTESIAN_POINT('',(41.998392447927,-0.474783689338,
    143.71141936113));
#1448 = CARTESIAN_POINT('',(41.995330101926,-0.695472774074,
    143.63791958306));
#1449 = CARTESIAN_POINT('',(41.991246809556,-0.896672045916,
    143.53458215867));
#1450 = CARTESIAN_POINT('',(41.986740270263,-1.073882880341,
    143.40782045568));
#1451 = CARTESIAN_POINT('',(41.982328723297,-1.224515318679,
    143.26524063095));
#1452 = CARTESIAN_POINT('',(41.974580384639,-1.465736698158,
    142.97365407268));
#1453 = CARTESIAN_POINT('',(41.971106971212,-1.56194584513,
    142.82191675615));
#1454 = CARTESIAN_POINT('',(41.96815282107,-1.63779174543,
    142.66339856384));
#1455 = CARTESIAN_POINT('',(41.965859080117,-1.694051083583,
    142.50035964891));
#1456 = CARTESIAN_POINT('',(41.964304049358,-1.731338818422,
    142.33452640339));
#1457 = CARTESIAN_POINT('',(41.963525828986,-1.75,142.16730846472));
#1458 = CARTESIAN_POINT('',(41.963525828986,-1.75,141.83269251041));
#1459 = CARTESIAN_POINT('',(41.964304039687,-1.731339048031,
    141.66547546986));
#1460 = CARTESIAN_POINT('',(41.965859055014,-1.694051681037,
    141.49964105462));
#1461 = CARTESIAN_POINT('',(41.968152828089,-1.637791639831,
    141.33659938777));
#1462 = CARTESIAN_POINT('',(41.971107053633,-1.561943898015,
    141.17807909101));
#1463 = CARTESIAN_POINT('',(41.974580480871,-1.465733702282,
    141.02634230592));
#1464 = CARTESIAN_POINT('',(41.982327159995,-1.224563987419,
    140.73481819944));
#1465 = CARTESIAN_POINT('',(41.986739091851,-1.073930003367,
    140.59220542482));
#1466 = CARTESIAN_POINT('',(41.991247425511,-0.896668863353,
    140.46539295299));
#1467 = CARTESIAN_POINT('',(41.995332179597,-0.695397831134,
    140.36203067756));
#1468 = CARTESIAN_POINT('',(41.99839391492,-0.474658009588,
    140.28854540856));
#1469 = CARTESIAN_POINT('',(42.,-0.240455050557,140.25));
#1470 = CARTESIAN_POINT('',(42.,-6.217248937901E-15,140.25));
#1471 = PCURVE('',#1247,#1472);
#1472 = DEFINITIONAL_REPRESENTATION('',(#1473),#1500);
#1473 = B_SPLINE_CURVE_WITH_KNOTS('',7,(#1474,#1475,#1476,#1477,#1478,
    #1479,#1480,#1481,#1482,#1483,#1484,#1485,#1486,#1487,#1488,#1489,
    #1490,#1491,#1492,#1493,#1494,#1495,#1496,#1497,#1498,#1499),
  .UNSPECIFIED.,.F.,.F.,(8,6,6,6,8),(0.,0.256807468623,0.500048624585,
    0.74328836285,1.),.UNSPECIFIED.);
#1474 = CARTESIAN_POINT('',(6.28318530718,143.75));
#1475 = CARTESIAN_POINT('',(6.277457571231,143.75));
#1476 = CARTESIAN_POINT('',(6.271880933219,143.71141936113));
#1477 = CARTESIAN_POINT('',(6.266626126566,143.63791958306));
#1478 = CARTESIAN_POINT('',(6.261834812898,143.53458215867));
#1479 = CARTESIAN_POINT('',(6.257614193793,143.40782045568));
#1480 = CARTESIAN_POINT('',(6.254026184127,143.26524063095));
#1481 = CARTESIAN_POINT('',(6.248279855778,142.97365407268));
#1482 = CARTESIAN_POINT('',(6.245987687555,142.82191675615));
#1483 = CARTESIAN_POINT('',(6.244180469892,142.66339856384));
#1484 = CARTESIAN_POINT('',(6.242839849733,142.50035964891));
#1485 = CARTESIAN_POINT('',(6.241951274784,142.33452640339));
#1486 = CARTESIAN_POINT('',(6.241506574757,142.16730846472));
#1487 = CARTESIAN_POINT('',(6.241506574757,141.83269251041));
#1488 = CARTESIAN_POINT('',(6.241951269312,141.66547546986));
#1489 = CARTESIAN_POINT('',(6.242839835496,141.49964105462));
#1490 = CARTESIAN_POINT('',(6.244180472411,141.33659938777));
#1491 = CARTESIAN_POINT('',(6.245987733954,141.17807909101));
#1492 = CARTESIAN_POINT('',(6.248279927145,141.02634230592));
#1493 = CARTESIAN_POINT('',(6.25402502475,140.73481819944));
#1494 = CARTESIAN_POINT('',(6.257613071482,140.59220542482));
#1495 = CARTESIAN_POINT('',(6.261834889103,140.46539295299));
#1496 = CARTESIAN_POINT('',(6.266627911379,140.36203067756));
#1497 = CARTESIAN_POINT('',(6.27188392559,140.28854540856));
#1498 = CARTESIAN_POINT('',(6.277460186928,140.25));
#1499 = CARTESIAN_POINT('',(6.28318530718,140.25));
#1500 = ( GEOMETRIC_REPRESENTATION_CONTEXT(2) 
PARAMETRIC_REPRESENTATION_CONTEXT() REPRESENTATION_CONTEXT('2D SPACE',''
  ) );
#1501 = PCURVE('',#1356,#1502);
#1502 = DEFINITIONAL_REPRESENTATION('',(#1503),#1530);
#1503 = B_SPLINE_CURVE_WITH_KNOTS('',7,(#1504,#1505,#1506,#1507,#1508,
    #1509,#1510,#1511,#1512,#1513,#1514,#1515,#1516,#1517,#1518,#1519,
    #1520,#1521,#1522,#1523,#1524,#1525,#1526,#1527,#1528,#1529),
  .UNSPECIFIED.,.F.,.F.,(8,6,6,6,8),(0.,0.256807468623,0.500048624585,
    0.74328836285,1.),.UNSPECIFIED.);
#1504 = CARTESIAN_POINT('',(3.14159265359,7.));
#1505 = CARTESIAN_POINT('',(3.279058316349,7.));
#1506 = CARTESIAN_POINT('',(3.41289755456,6.998392447927));
#1507 = CARTESIAN_POINT('',(3.543248591226,6.995330101926));
#1508 = CARTESIAN_POINT('',(3.669941521039,6.991246809556));
#1509 = CARTESIAN_POINT('',(3.792538199866,6.986740270263));
#1510 = CARTESIAN_POINT('',(3.91018189859,6.982328723297));
#1511 = CARTESIAN_POINT('',(4.126428526409,6.974580384639));
#1512 = CARTESIAN_POINT('',(4.228280957206,6.971106971212));
#1513 = CARTESIAN_POINT('',(4.327602323333,6.96815282107));
#1514 = CARTESIAN_POINT('',(4.425041550391,6.965859080117));
#1515 = CARTESIAN_POINT('',(4.521231126865,6.964304049358));
#1516 = CARTESIAN_POINT('',(4.6167841434,6.963525828986));
#1517 = CARTESIAN_POINT('',(4.807993260151,6.963525828986));
#1518 = CARTESIAN_POINT('',(4.903545759444,6.964304039687));
#1519 = CARTESIAN_POINT('',(4.999735988676,6.965859055014));
#1520 = CARTESIAN_POINT('',(5.097176718424,6.968152828089));
#1521 = CARTESIAN_POINT('',(5.196499542425,6.971107053633));
#1522 = CARTESIAN_POINT('',(5.29835212006,6.974580480871));
#1523 = CARTESIAN_POINT('',(5.514552432337,6.982327159995));
#1524 = CARTESIAN_POINT('',(5.632211216638,6.986739091851));
#1525 = CARTESIAN_POINT('',(5.754845849878,6.991247425511));
#1526 = CARTESIAN_POINT('',(5.881577933692,6.995332179597));
#1527 = CARTESIAN_POINT('',(6.011952236845,6.99839391492));
#1528 = CARTESIAN_POINT('',(6.145782421147,7.));
#1529 = CARTESIAN_POINT('',(6.28318530718,7.));
#1530 = ( GEOMETRIC_REPRESENTATION_CONTEXT(2) 
PARAMETRIC_REPRESENTATION_CONTEXT() REPRESENTATION_CONTEXT('2D SPACE',''
  ) );
#1531 = FACE_BOUND('',#1532,.T.);
#1532 = EDGE_LOOP('',(#1533));
#1533 = ORIENTED_EDGE('',*,*,#1534,.F.);
#1534 = EDGE_CURVE('',#1535,#1535,#1537,.T.);
#1535 = VERTEX_POINT('',#1536);
#1536 = CARTESIAN_POINT('',(5.091563083127E-15,42.,140.25));
#1537 = SURFACE_CURVE('',#1538,(#1589,#1643),.PCURVE_S1.);
#1538 = B_SPLINE_CURVE_WITH_KNOTS('',7,(#1539,#1540,#1541,#1542,#1543,
    #1544,#1545,#1546,#1547,#1548,#1549,#1550,#1551,#1552,#1553,#1554,
    #1555,#1556,#1557,#1558,#1559,#1560,#1561,#1562,#1563,#1564,#1565,
    #1566,#1567,#1568,#1569,#1570,#1571,#1572,#1573,#1574,#1575,#1576,
    #1577,#1578,#1579,#1580,#1581,#1582,#1583,#1584,#1585,#1586,#1587,
    #1588),.UNSPECIFIED.,.T.,.F.,(8,6,6,6,6,6,6,6,8),(0.,0.142507598737,
    0.277480227504,0.446122014144,0.592595534319,0.68757216931,
    0.79205278202,0.893224675593,1.),.UNSPECIFIED.);
#1539 = CARTESIAN_POINT('',(3.774758283726E-15,42.,140.25));
#1540 = CARTESIAN_POINT('',(-0.240564909828,42.,140.25));
#1541 = CARTESIAN_POINT('',(-0.474783689339,41.998392447927,
    140.28858063886));
#1542 = CARTESIAN_POINT('',(-0.695472774074,41.995330101926,
    140.36208041693));
#1543 = CARTESIAN_POINT('',(-0.896672045916,41.991246809556,
    140.46541784132));
#1544 = CARTESIAN_POINT('',(-1.07388288034,41.986740270263,
    140.59217954431));
#1545 = CARTESIAN_POINT('',(-1.224515318679,41.982328723297,
    140.73475936904));
#1546 = CARTESIAN_POINT('',(-1.465730828736,41.974580573173,
    141.0263388324));
#1547 = CARTESIAN_POINT('',(-1.561941602253,41.97110714592,
    141.1780745574));
#1548 = CARTESIAN_POINT('',(-1.637791586845,41.968152839821,
    141.33659709381));
#1549 = CARTESIAN_POINT('',(-1.694053214219,41.965858989552,
    141.49964304858));
#1550 = CARTESIAN_POINT('',(-1.731340386205,41.964303984427,
    141.6654811893));
#1551 = CARTESIAN_POINT('',(-1.75,41.963525828986,141.83269860871));
#1552 = CARTESIAN_POINT('',(-1.75,41.963525828986,142.2090350154));
#1553 = CARTESIAN_POINT('',(-1.720870905227,41.964740532465,
    142.41795668841));
#1554 = CARTESIAN_POINT('',(-1.662660112015,41.967168421143,
    142.62427106466));
#1555 = CARTESIAN_POINT('',(-1.574487515183,41.970717009449,
    142.82513075767));
#1556 = CARTESIAN_POINT('',(-1.45491049439,41.975195992224,
    143.01676970197));
#1557 = CARTESIAN_POINT('',(-1.302265918567,41.980221683616,
    143.19388533694));
#1558 = CARTESIAN_POINT('',(-0.953269815762,41.989494058228,
    143.48260002205));
#1559 = CARTESIAN_POINT('',(-0.759501519053,41.993909997825,
    143.60454862218));
#1560 = CARTESIAN_POINT('',(-0.538055920446,41.997820349,143.7002104845)
  );
#1561 = CARTESIAN_POINT('',(-0.296941198927,42.000444966807,
    143.75990441791));
#1562 = CARTESIAN_POINT('',(-4.691125065498E-02,42.001210981771,
    143.77841353367));
#1563 = CARTESIAN_POINT('',(0.200565262297,42.000176623139,
    143.75526636821));
#1564 = CARTESIAN_POINT('',(0.587354334867,41.996168469166,
    143.65595581371));
#1565 = CARTESIAN_POINT('',(0.735412141611,41.993991113535,
    143.60095704095));
#1566 = CARTESIAN_POINT('',(0.877363669596,41.991295877072,
    143.53054459911));
#1567 = CARTESIAN_POINT('',(1.011305945105,41.988213644918,
    143.44554405394));
#1568 = CARTESIAN_POINT('',(1.135471411404,41.984910000151,
    143.34707351508));
#1569 = CARTESIAN_POINT('',(1.248276605602,41.981565480427,
    143.23651816908));
#1570 = CARTESIAN_POINT('',(1.458538557305,41.974811598113,
    142.98235513028));
#1571 = CARTESIAN_POINT('',(1.553345587129,41.97142886975,142.8365259417
    ));
#1572 = CARTESIAN_POINT('',(1.631050234649,41.968426634726,
    142.68014554528));
#1573 = CARTESIAN_POINT('',(1.690284258694,41.966016344696,
    142.51562204659));
#1574 = CARTESIAN_POINT('',(1.730098878333,41.964355683268,
    142.34558009966));
#1575 = CARTESIAN_POINT('',(1.75,41.963525828986,142.17277910014));
#1576 = CARTESIAN_POINT('',(1.75,41.963525828986,141.8326925132));
#1577 = CARTESIAN_POINT('',(1.731339048705,41.964304039668,
    141.66547546297));
#1578 = CARTESIAN_POINT('',(1.694051677808,41.965859055113,
    141.49964105962));
#1579 = CARTESIAN_POINT('',(1.637791645959,41.968152827893,
    141.33659939035));
#1580 = CARTESIAN_POINT('',(1.561943892465,41.971107053813,
    141.1780790853));
#1581 = CARTESIAN_POINT('',(1.465733704412,41.974580480802,
    141.02634230849));
#1582 = CARTESIAN_POINT('',(1.224563987415,41.982327159996,
    140.73481819944));
#1583 = CARTESIAN_POINT('',(1.073930003366,41.986739091851,
    140.59220542482));
#1584 = CARTESIAN_POINT('',(0.896668863357,41.991247425511,140.465392953
    ));
#1585 = CARTESIAN_POINT('',(0.695397831137,41.995332179597,
    140.36203067756));
#1586 = CARTESIAN_POINT('',(0.474658009588,41.99839391492,
    140.28854540856));
#1587 = CARTESIAN_POINT('',(0.240455050552,42.,140.25));
#1588 = CARTESIAN_POINT('',(3.774758283726E-15,42.,140.25));
#1589 = PCURVE('',#1247,#1590);
#1590 = DEFINITIONAL_REPRESENTATION('',(#1591),#1642);
#1591 = B_SPLINE_CURVE_WITH_KNOTS('',7,(#1592,#1593,#1594,#1595,#1596,
    #1597,#1598,#1599,#1600,#1601,#1602,#1603,#1604,#1605,#1606,#1607,
    #1608,#1609,#1610,#1611,#1612,#1613,#1614,#1615,#1616,#1617,#1618,
    #1619,#1620,#1621,#1622,#1623,#1624,#1625,#1626,#1627,#1628,#1629,
    #1630,#1631,#1632,#1633,#1634,#1635,#1636,#1637,#1638,#1639,#1640,
    #1641),.UNSPECIFIED.,.T.,.F.,(8,6,6,6,6,6,6,6,8),(0.,0.142507598737,
    0.277480227504,0.446122014144,0.592595534319,0.68757216931,
    0.79205278202,0.893224675593,1.),.UNSPECIFIED.);
#1592 = CARTESIAN_POINT('',(1.570796326795,140.25));
#1593 = CARTESIAN_POINT('',(1.576524062743,140.25));
#1594 = CARTESIAN_POINT('',(1.582100700755,140.28858063886));
#1595 = CARTESIAN_POINT('',(1.587355507408,140.36208041693));
#1596 = CARTESIAN_POINT('',(1.592146821076,140.46541784132));
#1597 = CARTESIAN_POINT('',(1.596367440182,140.59217954431));
#1598 = CARTESIAN_POINT('',(1.599955449847,140.73475936904));
#1599 = CARTESIAN_POINT('',(1.605701638376,141.0263388324));
#1600 = CARTESIAN_POINT('',(1.607993845317,141.1780745574));
#1601 = CARTESIAN_POINT('',(1.609801160289,141.33659709381));
#1602 = CARTESIAN_POINT('',(1.611141835018,141.49964304858));
#1603 = CARTESIAN_POINT('',(1.612030396551,141.6654811893));
#1604 = CARTESIAN_POINT('',(1.612475059217,141.83269860871));
#1605 = CARTESIAN_POINT('',(1.612475059217,142.2090350154));
#1606 = CARTESIAN_POINT('',(1.61178090656,142.41795668841));
#1607 = CARTESIAN_POINT('',(1.610393730355,142.62427106466));
#1608 = CARTESIAN_POINT('',(1.608292685608,142.82513075767));
#1609 = CARTESIAN_POINT('',(1.605443641563,143.01676970197));
#1610 = CARTESIAN_POINT('',(1.601807350948,143.19388533694));
#1611 = CARTESIAN_POINT('',(1.593494987648,143.48260002205));
#1612 = CARTESIAN_POINT('',(1.588880293183,143.60454862218));
#1613 = CARTESIAN_POINT('',(1.583607063996,143.7002104845));
#1614 = CARTESIAN_POINT('',(1.577866178674,143.75990441791));
#1615 = CARTESIAN_POINT('',(1.571913316203,143.77841353367));
#1616 = CARTESIAN_POINT('',(1.566021077918,143.75526636821));
#1617 = CARTESIAN_POINT('',(1.556811319834,143.65595581371));
#1618 = CARTESIAN_POINT('',(1.553285786017,143.60095704095));
#1619 = CARTESIAN_POINT('',(1.549905426645,143.53054459911));
#1620 = CARTESIAN_POINT('',(1.546715521173,143.44554405394));
#1621 = CARTESIAN_POINT('',(1.543758177012,143.34707351508));
#1622 = CARTESIAN_POINT('',(1.54107116703,143.23651816908));
#1623 = CARTESIAN_POINT('',(1.536062348092,142.98235513028));
#1624 = CARTESIAN_POINT('',(1.533803616037,142.8365259417));
#1625 = CARTESIAN_POINT('',(1.531952133576,142.68014554528));
#1626 = CARTESIAN_POINT('',(1.530540634359,142.51562204659));
#1627 = CARTESIAN_POINT('',(1.529591842116,142.34558009966));
#1628 = CARTESIAN_POINT('',(1.529117594372,142.17277910014));
#1629 = CARTESIAN_POINT('',(1.529117594372,141.8326925132));
#1630 = CARTESIAN_POINT('',(1.529562288911,141.66547546297));
#1631 = CARTESIAN_POINT('',(1.530450855188,141.49964105962));
#1632 = CARTESIAN_POINT('',(1.531791491881,141.33659939035));
#1633 = CARTESIAN_POINT('',(1.533598753702,141.1780790853));
#1634 = CARTESIAN_POINT('',(1.53589094671,141.02634230849));
#1635 = CARTESIAN_POINT('',(1.541636044366,140.73481819944));
#1636 = CARTESIAN_POINT('',(1.545224091097,140.59220542482));
#1637 = CARTESIAN_POINT('',(1.549445908718,140.465392953));
#1638 = CARTESIAN_POINT('',(1.554238930994,140.36203067756));
#1639 = CARTESIAN_POINT('',(1.559494945205,140.28854540856));
#1640 = CARTESIAN_POINT('',(1.565071206544,140.25));
#1641 = CARTESIAN_POINT('',(1.570796326795,140.25));
#1642 = ( GEOMETRIC_REPRESENTATION_CONTEXT(2) 
PARAMETRIC_REPRESENTATION_CONTEXT() REPRESENTATION_CONTEXT('2D SPACE',''
  ) );
#1643 = PCURVE('',#1644,#1649);
#1644 = CYLINDRICAL_SURFACE('',#1645,1.75);
#1645 = AXIS2_PLACEMENT_3D('',#1646,#1647,#1648);
#1646 = CARTESIAN_POINT('',(3.885780586188E-15,35.,142.));
#1647 = DIRECTION('',(1.110223024625E-16,1.,1.110223024625E-16));
#1648 = DIRECTION('',(1.232595164408E-32,1.110223024625E-16,-1.));
#1649 = DEFINITIONAL_REPRESENTATION('',(#1650),#1701);
#1650 = B_SPLINE_CURVE_WITH_KNOTS('',7,(#1651,#1652,#1653,#1654,#1655,
    #1656,#1657,#1658,#1659,#1660,#1661,#1662,#1663,#1664,#1665,#1666,
    #1667,#1668,#1669,#1670,#1671,#1672,#1673,#1674,#1675,#1676,#1677,
    #1678,#1679,#1680,#1681,#1682,#1683,#1684,#1685,#1686,#1687,#1688,
    #1689,#1690,#1691,#1692,#1693,#1694,#1695,#1696,#1697,#1698,#1699,
    #1700),.UNSPECIFIED.,.F.,.F.,(8,6,6,6,6,6,6,6,8),(0.,0.142507598737,
    0.277480227504,0.446122014144,0.592595534319,0.68757216931,
    0.79205278202,0.893224675593,1.),.UNSPECIFIED.);
#1651 = CARTESIAN_POINT('',(0.,7.));
#1652 = CARTESIAN_POINT('',(0.137465662759,7.));
#1653 = CARTESIAN_POINT('',(0.27130490097,6.998392447927));
#1654 = CARTESIAN_POINT('',(0.401655937636,6.995330101926));
#1655 = CARTESIAN_POINT('',(0.528348867449,6.991246809556));
#1656 = CARTESIAN_POINT('',(0.650945546276,6.986740270263));
#1657 = CARTESIAN_POINT('',(0.768589245,6.982328723297));
#1658 = CARTESIAN_POINT('',(0.984830611085,6.974580573173));
#1659 = CARTESIAN_POINT('',(1.086682935969,6.97110714592));
#1660 = CARTESIAN_POINT('',(1.186007405866,6.968152839821));
#1661 = CARTESIAN_POINT('',(1.283450629941,6.965858989552));
#1662 = CARTESIAN_POINT('',(1.379642806962,6.964303984427));
#1663 = CARTESIAN_POINT('',(1.475195531776,6.963525828986));
#1664 = CARTESIAN_POINT('',(1.690244907025,6.963525828986));
#1665 = CARTESIAN_POINT('',(1.809627924527,6.964740532465));
#1666 = CARTESIAN_POINT('',(1.930309176799,6.967168421143));
#1667 = CARTESIAN_POINT('',(2.053416453954,6.970717009449));
#1668 = CARTESIAN_POINT('',(2.180204811752,6.975195992224));
#1669 = CARTESIAN_POINT('',(2.311926852033,6.980221683616));
#1670 = CARTESIAN_POINT('',(2.570749586528,6.989494058228));
#1671 = CARTESIAN_POINT('',(2.700484717782,6.993909997825));
#1672 = CARTESIAN_POINT('',(2.835665650986,6.997820349));
#1673 = CARTESIAN_POINT('',(2.974136245989,7.000444966807));
#1674 = CARTESIAN_POINT('',(3.114229063883,7.001210981771));
#1675 = CARTESIAN_POINT('',(3.25448986057,7.000176623139));
#1676 = CARTESIAN_POINT('',(3.482681239537,6.996168469166));
#1677 = CARTESIAN_POINT('',(3.572443439082,6.993991113535));
#1678 = CARTESIAN_POINT('',(3.66219791702,6.991295877072));
#1679 = CARTESIAN_POINT('',(3.751954270309,6.988213644918));
#1680 = CARTESIAN_POINT('',(3.841718041651,6.984910000151));
#1681 = CARTESIAN_POINT('',(3.931483070903,6.981565480427));
#1682 = CARTESIAN_POINT('',(4.119975641969,6.974811598113));
#1683 = CARTESIAN_POINT('',(4.218715865673,6.97142886975));
#1684 = CARTESIAN_POINT('',(4.317445161767,6.968426634726));
#1685 = CARTESIAN_POINT('',(4.416175263686,6.966016344696));
#1686 = CARTESIAN_POINT('',(4.514914920517,6.964355683268));
#1687 = CARTESIAN_POINT('',(4.613658066017,6.963525828986));
#1688 = CARTESIAN_POINT('',(4.807993258552,6.963525828986));
#1689 = CARTESIAN_POINT('',(4.903545763195,6.964304039668));
#1690 = CARTESIAN_POINT('',(4.999735986546,6.965859055113));
#1691 = CARTESIAN_POINT('',(5.097176715691,6.968152827893));
#1692 = CARTESIAN_POINT('',(5.196499546804,6.971107053813));
#1693 = CARTESIAN_POINT('',(5.298352118151,6.974580480802));
#1694 = CARTESIAN_POINT('',(5.51455243234,6.982327159996));
#1695 = CARTESIAN_POINT('',(5.632211216638,6.986739091851));
#1696 = CARTESIAN_POINT('',(5.754845849874,6.991247425511));
#1697 = CARTESIAN_POINT('',(5.88157793369,6.995332179597));
#1698 = CARTESIAN_POINT('',(6.011952236845,6.99839391492));
#1699 = CARTESIAN_POINT('',(6.14578242115,7.));
#1700 = CARTESIAN_POINT('',(6.28318530718,7.));
#1701 = ( GEOMETRIC_REPRESENTATION_CONTEXT(2) 
PARAMETRIC_REPRESENTATION_CONTEXT() REPRESENTATION_CONTEXT('2D SPACE',''
  ) );
#1702 = FACE_BOUND('',#1703,.T.);
#1703 = EDGE_LOOP('',(#1704));
#1704 = ORIENTED_EDGE('',*,*,#1705,.F.);
#1705 = EDGE_CURVE('',#1706,#1706,#1708,.T.);
#1706 = VERTEX_POINT('',#1707);
#1707 = CARTESIAN_POINT('',(-42.,5.57214293612E-15,140.25));
#1708 = SURFACE_CURVE('',#1709,(#1768,#1830),.PCURVE_S1.);
#1709 = B_SPLINE_CURVE_WITH_KNOTS('',8,(#1710,#1711,#1712,#1713,#1714,
    #1715,#1716,#1717,#1718,#1719,#1720,#1721,#1722,#1723,#1724,#1725,
    #1726,#1727,#1728,#1729,#1730,#1731,#1732,#1733,#1734,#1735,#1736,
    #1737,#1738,#1739,#1740,#1741,#1742,#1743,#1744,#1745,#1746,#1747,
    #1748,#1749,#1750,#1751,#1752,#1753,#1754,#1755,#1756,#1757,#1758,
    #1759,#1760,#1761,#1762,#1763,#1764,#1765,#1766,#1767),
  .UNSPECIFIED.,.T.,.F.,(9,7,7,7,7,7,7,7,9),(0.,0.127763297024,
    0.248771216686,0.369783547212,0.464366573045,0.583459751436,
    0.66070744632,0.813664396356,1.),.UNSPECIFIED.);
#1710 = CARTESIAN_POINT('',(-42.,6.883382752676E-15,140.25));
#1711 = CARTESIAN_POINT('',(-42.,-0.2104942961,140.25));
#1712 = CARTESIAN_POINT('',(-41.99879433594,-0.416228994461,
    140.27893547915));
#1713 = CARTESIAN_POINT('',(-41.99647848167,-0.612714367298,
    140.33451800016));
#1714 = CARTESIAN_POINT('',(-41.99328845574,-0.796072409995,
    140.41374912913));
#1715 = CARTESIAN_POINT('',(-41.98955685732,-0.963126108825,
    140.51295347994));
#1716 = CARTESIAN_POINT('',(-41.98563738352,-1.111540989925,
    140.62782450049));
#1717 = CARTESIAN_POINT('',(-41.98183131386,-1.240000675701,
    140.75347795015));
#1718 = CARTESIAN_POINT('',(-41.9750516825,-1.451064247001,
    141.00860998059));
#1719 = CARTESIAN_POINT('',(-41.97197550273,-1.537888908874,
    141.14014062615));
#1720 = CARTESIAN_POINT('',(-41.9692607046,-1.609347842623,
    141.27715114265));
#1721 = CARTESIAN_POINT('',(-41.96700591468,-1.665922400532,
    141.41812007119));
#1722 = CARTESIAN_POINT('',(-41.96527586263,-1.708035903714,
    141.56183235135));
#1723 = CARTESIAN_POINT('',(-41.96410944556,-1.736005289654,
    141.70728554416));
#1724 = CARTESIAN_POINT('',(-41.96352582898,-1.75,141.85361128262));
#1725 = CARTESIAN_POINT('',(-41.96352582898,-1.75,142.14639405339));
#1726 = CARTESIAN_POINT('',(-41.96410948701,-1.736004286024,
    142.29272026999));
#1727 = CARTESIAN_POINT('',(-41.96527592426,-1.708034443659,
    142.43817103966));
#1728 = CARTESIAN_POINT('',(-41.96700594155,-1.665921660434,
    142.5818797788));
#1729 = CARTESIAN_POINT('',(-41.96926066266,-1.60934873665,
    142.72284572351));
#1730 = CARTESIAN_POINT('',(-41.97197541044,-1.537891349082,
    142.85985510525));
#1731 = CARTESIAN_POINT('',(-41.97505160173,-1.451066761354,
    142.99138698007));
#1732 = CARTESIAN_POINT('',(-41.98092703852,-1.268152587266,
    143.21249223449));
#1733 = CARTESIAN_POINT('',(-41.98365516605,-1.17775685191,
    143.30552429274));
#1734 = CARTESIAN_POINT('',(-41.9864567924,-1.077192857077,
    143.39307135148));
#1735 = CARTESIAN_POINT('',(-41.98923448886,-0.966641341897,
    143.47361178726));
#1736 = CARTESIAN_POINT('',(-41.99187429017,-0.846479824772,
    143.54561883778));
#1737 = CARTESIAN_POINT('',(-41.99425260417,-0.717287270048,
    143.60755786315));
#1738 = CARTESIAN_POINT('',(-41.99624617692,-0.579855492912,
    143.65788118908));
#1739 = CARTESIAN_POINT('',(-41.99963248263,-0.253075121967,
    143.74178412776));
#1740 = CARTESIAN_POINT('',(-42.00070491091,-6.244513206523E-02,
    143.76688945969));
#1741 = CARTESIAN_POINT('',(-42.0007669036,0.13190143583,143.76784422745
    ));
#1742 = CARTESIAN_POINT('',(-41.99973567941,0.32466888721,
    143.74397139108));
#1743 = CARTESIAN_POINT('',(-41.99771053679,0.510558783035,
    143.6963547208));
#1744 = CARTESIAN_POINT('',(-41.99494556428,0.684745183402,
    143.62779280311));
#1745 = CARTESIAN_POINT('',(-41.99176741394,0.84331135877,
    143.54276226835));
#1746 = CARTESIAN_POINT('',(-41.98634744141,1.07467144971,
    143.38553011291));
#1747 = CARTESIAN_POINT('',(-41.98413987401,1.1592724686,143.31847151348
    ));
#1748 = CARTESIAN_POINT('',(-41.98191335169,1.237429634,143.24695522543)
  );
#1749 = CARTESIAN_POINT('',(-41.97971761217,1.309170857207,
    143.1716371031));
#1750 = CARTESIAN_POINT('',(-41.97759537913,1.374559055323,
    143.0930990449));
#1751 = CARTESIAN_POINT('',(-41.97558229753,1.43368112472,
    143.01185847503));
#1752 = CARTESIAN_POINT('',(-41.97370735936,1.486638127374,
    142.92837709854));
#1753 = CARTESIAN_POINT('',(-41.96860086734,1.626399799104,
    142.67415156143));
#1754 = CARTESIAN_POINT('',(-41.96583452105,1.695677674355,
    142.49776792475));
#1755 = CARTESIAN_POINT('',(-41.9638714914,1.742253109181,
    142.31670980829));
#1756 = CARTESIAN_POINT('',(-41.96280975316,1.766788738542,
    142.13310266326));
#1757 = CARTESIAN_POINT('',(-41.96268957202,1.769666481628,
    141.94867651412));
#1758 = CARTESIAN_POINT('',(-41.96350772344,1.7509068579,141.76501160853
    ));
#1759 = CARTESIAN_POINT('',(-41.96521818811,1.710120144835,
    141.58380554789));
#1760 = CARTESIAN_POINT('',(-41.97075136782,1.569088219685,
    141.19207430597));
#1761 = CARTESIAN_POINT('',(-41.97505623443,1.4551951554,140.97651950665
    ));
#1762 = CARTESIAN_POINT('',(-41.98049461041,1.301364588102,
    140.77048590106));
#1763 = CARTESIAN_POINT('',(-41.98660479534,1.106972127141,
    140.5842567645));
#1764 = CARTESIAN_POINT('',(-41.99257059997,0.873869973502,
    140.42831458133));
#1765 = CARTESIAN_POINT('',(-41.99736250112,0.606375242471,
    140.31329831573));
#1766 = CARTESIAN_POINT('',(-42.,0.311331301205,140.25));
#1767 = CARTESIAN_POINT('',(-42.,6.883382752676E-15,140.25));
#1768 = PCURVE('',#1247,#1769);
#1769 = DEFINITIONAL_REPRESENTATION('',(#1770),#1829);
#1770 = B_SPLINE_CURVE_WITH_KNOTS('',8,(#1771,#1772,#1773,#1774,#1775,
    #1776,#1777,#1778,#1779,#1780,#1781,#1782,#1783,#1784,#1785,#1786,
    #1787,#1788,#1789,#1790,#1791,#1792,#1793,#1794,#1795,#1796,#1797,
    #1798,#1799,#1800,#1801,#1802,#1803,#1804,#1805,#1806,#1807,#1808,
    #1809,#1810,#1811,#1812,#1813,#1814,#1815,#1816,#1817,#1818,#1819,
    #1820,#1821,#1822,#1823,#1824,#1825,#1826,#1827,#1828),
  .UNSPECIFIED.,.T.,.F.,(9,7,7,7,7,7,7,7,9),(0.,0.127763297024,
    0.248771216686,0.369783547212,0.464366573045,0.583459751436,
    0.66070744632,0.813664396356,1.),.UNSPECIFIED.);
#1771 = CARTESIAN_POINT('',(3.14159265359,140.25));
#1772 = CARTESIAN_POINT('',(3.146604422545,140.25));
#1773 = CARTESIAN_POINT('',(3.151502868047,140.27893547915));
#1774 = CARTESIAN_POINT('',(3.156181281708,140.33451800016));
#1775 = CARTESIAN_POINT('',(3.160547491037,140.41374912913));
#1776 = CARTESIAN_POINT('',(3.164525880036,140.51295347994));
#1777 = CARTESIAN_POINT('',(3.168060769393,140.62782450049));
#1778 = CARTESIAN_POINT('',(3.171120665777,140.75347795015));
#1779 = CARTESIAN_POINT('',(3.17614858074,141.00860998059));
#1780 = CARTESIAN_POINT('',(3.178217120377,141.14014062615));
#1781 = CARTESIAN_POINT('',(3.17991974397,141.27715114265));
#1782 = CARTESIAN_POINT('',(3.181267824449,141.41812007119));
#1783 = CARTESIAN_POINT('',(3.182271372388,141.56183235135));
#1784 = CARTESIAN_POINT('',(3.182937889012,141.70728554416));
#1785 = CARTESIAN_POINT('',(3.183271386012,141.85361128262));
#1786 = CARTESIAN_POINT('',(3.183271386012,142.14639405339));
#1787 = CARTESIAN_POINT('',(3.182937865096,142.29272026999));
#1788 = CARTESIAN_POINT('',(3.182271337593,142.43817103966));
#1789 = CARTESIAN_POINT('',(3.181267806816,142.5818797788));
#1790 = CARTESIAN_POINT('',(3.179919765279,142.72284572351));
#1791 = CARTESIAN_POINT('',(3.178217178517,142.85985510525));
#1792 = CARTESIAN_POINT('',(3.176148640636,142.99138698007));
#1793 = CARTESIAN_POINT('',(3.171791295088,143.21249223449));
#1794 = CARTESIAN_POINT('',(3.169638039967,143.30552429274));
#1795 = CARTESIAN_POINT('',(3.167242740731,143.39307135148));
#1796 = CARTESIAN_POINT('',(3.164609752417,143.47361178726));
#1797 = CARTESIAN_POINT('',(3.16174810586,143.54561883778));
#1798 = CARTESIAN_POINT('',(3.158671608252,143.60755786315));
#1799 = CARTESIAN_POINT('',(3.155399107108,143.65788118908));
#1800 = CARTESIAN_POINT('',(3.147618204346,143.74178412776));
#1801 = CARTESIAN_POINT('',(3.143079373688,143.76688945969));
#1802 = CARTESIAN_POINT('',(3.138452185086,143.76784422745));
#1803 = CARTESIAN_POINT('',(3.133862560593,143.74397139108));
#1804 = CARTESIAN_POINT('',(3.129436466607,143.6963547208));
#1805 = CARTESIAN_POINT('',(3.125288708256,143.62779280311));
#1806 = CARTESIAN_POINT('',(3.121512586916,143.54276226835));
#1807 = CARTESIAN_POINT('',(3.116002501966,143.38553011291));
#1808 = CARTESIAN_POINT('',(3.113987513516,143.31847151348));
#1809 = CARTESIAN_POINT('',(3.112125881936,143.24695522543));
#1810 = CARTESIAN_POINT('',(3.110416964348,143.1716371031));
#1811 = CARTESIAN_POINT('',(3.10885928698,143.0930990449));
#1812 = CARTESIAN_POINT('',(3.10745080509,143.01185847503));
#1813 = CARTESIAN_POINT('',(3.106189134876,142.92837709854));
#1814 = CARTESIAN_POINT('',(3.102859255616,142.67415156143));
#1815 = CARTESIAN_POINT('',(3.10120847728,142.49776792475));
#1816 = CARTESIAN_POINT('',(3.100098555071,142.31670980829));
#1817 = CARTESIAN_POINT('',(3.099513825044,142.13310266326));
#1818 = CARTESIAN_POINT('',(3.099445248473,141.94867651412));
#1819 = CARTESIAN_POINT('',(3.099892331423,141.76501160853));
#1820 = CARTESIAN_POINT('',(3.100864293755,141.58380554789));
#1821 = CARTESIAN_POINT('',(3.1042247801,141.19207430597));
#1822 = CARTESIAN_POINT('',(3.106938453445,140.97651950665));
#1823 = CARTESIAN_POINT('',(3.110603355386,140.77048590106));
#1824 = CARTESIAN_POINT('',(3.115233961462,140.5842567645));
#1825 = CARTESIAN_POINT('',(3.120785606006,140.42831458133));
#1826 = CARTESIAN_POINT('',(3.127155147628,140.31329831573));
#1827 = CARTESIAN_POINT('',(3.134180003561,140.25));
#1828 = CARTESIAN_POINT('',(3.14159265359,140.25));
#1829 = ( GEOMETRIC_REPRESENTATION_CONTEXT(2) 
PARAMETRIC_REPRESENTATION_CONTEXT() REPRESENTATION_CONTEXT('2D SPACE',''
  ) );
#1830 = PCURVE('',#1831,#1836);
#1831 = CYLINDRICAL_SURFACE('',#1832,1.75);
#1832 = AXIS2_PLACEMENT_3D('',#1833,#1834,#1835);
#1833 = CARTESIAN_POINT('',(-35.,4.286263797016E-15,142.));
#1834 = DIRECTION('',(-1.,1.224646799147E-16,1.110223024625E-16));
#1835 = DIRECTION('',(-1.110223024625E-16,1.359631073447E-32,-1.));
#1836 = DEFINITIONAL_REPRESENTATION('',(#1837),#1896);
#1837 = B_SPLINE_CURVE_WITH_KNOTS('',8,(#1838,#1839,#1840,#1841,#1842,
    #1843,#1844,#1845,#1846,#1847,#1848,#1849,#1850,#1851,#1852,#1853,
    #1854,#1855,#1856,#1857,#1858,#1859,#1860,#1861,#1862,#1863,#1864,
    #1865,#1866,#1867,#1868,#1869,#1870,#1871,#1872,#1873,#1874,#1875,
    #1876,#1877,#1878,#1879,#1880,#1881,#1882,#1883,#1884,#1885,#1886,
    #1887,#1888,#1889,#1890,#1891,#1892,#1893,#1894,#1895),
  .UNSPECIFIED.,.F.,.F.,(9,7,7,7,7,7,7,7,9),(0.,0.127763297024,
    0.248771216686,0.369783547212,0.464366573045,0.583459751436,
    0.66070744632,0.813664396356,1.),.UNSPECIFIED.);
#1838 = CARTESIAN_POINT('',(-1.7763568394E-15,7.));
#1839 = CARTESIAN_POINT('',(0.120282454914,7.));
#1840 = CARTESIAN_POINT('',(0.237845091418,6.998794335945));
#1841 = CARTESIAN_POINT('',(0.352774298887,6.996478481676));
#1842 = CARTESIAN_POINT('',(0.465002402543,6.993288455741));
#1843 = CARTESIAN_POINT('',(0.574322622009,6.989556857321));
#1844 = CARTESIAN_POINT('',(0.680356470957,6.985637383522));
#1845 = CARTESIAN_POINT('',(0.782471332251,6.981831313861));
#1846 = CARTESIAN_POINT('',(0.971682527575,6.975051682502));
#1847 = CARTESIAN_POINT('',(1.061219854748,6.971975502734));
#1848 = CARTESIAN_POINT('',(1.148760729655,6.969260704608));
#1849 = CARTESIAN_POINT('',(1.234729017904,6.967005914687));
#1850 = CARTESIAN_POINT('',(1.319522696324,6.965275862631));
#1851 = CARTESIAN_POINT('',(1.403530988166,6.964109445567));
#1852 = CARTESIAN_POINT('',(1.487145631153,6.963525828986));
#1853 = CARTESIAN_POINT('',(1.65445007159,6.963525828986));
#1854 = CARTESIAN_POINT('',(1.73806498103,6.964109487012));
#1855 = CARTESIAN_POINT('',(1.822071999124,6.965275924266));
#1856 = CARTESIAN_POINT('',(1.90686369996,6.967005941552));
#1857 = CARTESIAN_POINT('',(1.992830123834,6.969260662668));
#1858 = CARTESIAN_POINT('',(2.080370033245,6.971975410442));
#1859 = CARTESIAN_POINT('',(2.169907871985,6.975051601738));
#1860 = CARTESIAN_POINT('',(2.333884105817,6.980927038522));
#1861 = CARTESIAN_POINT('',(2.407771692066,6.983655166052));
#1862 = CARTESIAN_POINT('',(2.483514448691,6.986456792406));
#1863 = CARTESIAN_POINT('',(2.561074521987,6.989234488868));
#1864 = CARTESIAN_POINT('',(2.640457957758,6.991874290175));
#1865 = CARTESIAN_POINT('',(2.721711307704,6.994252604172));
#1866 = CARTESIAN_POINT('',(2.804928109602,6.996246176928));
#1867 = CARTESIAN_POINT('',(2.997716553623,6.99963248263));
#1868 = CARTESIAN_POINT('',(3.10679298111,7.000704910911));
#1869 = CARTESIAN_POINT('',(3.216386675712,7.0007669036));
#1870 = CARTESIAN_POINT('',(3.325596327935,6.999735679413));
#1871 = CARTESIAN_POINT('',(3.433553870935,6.997710536797));
#1872 = CARTESIAN_POINT('',(3.539285819146,6.99494556428));
#1873 = CARTESIAN_POINT('',(3.641538352562,6.991767413945));
#1874 = CARTESIAN_POINT('',(3.801384648514,6.986347441413));
#1875 = CARTESIAN_POINT('',(3.862907224312,6.984139874018));
#1876 = CARTESIAN_POINT('',(3.923194833223,6.981913351692));
#1877 = CARTESIAN_POINT('',(3.982360517884,6.97971761217));
#1878 = CARTESIAN_POINT('',(4.040505591231,6.977595379137));
#1879 = CARTESIAN_POINT('',(4.097724256453,6.975582297536));
#1880 = CARTESIAN_POINT('',(4.154105771164,6.973707359365));
#1881 = CARTESIAN_POINT('',(4.319883048455,6.968600867346));
#1882 = CARTESIAN_POINT('',(4.427278072741,6.965834521052));
#1883 = CARTESIAN_POINT('',(4.53279953738,6.963871491406));
#1884 = CARTESIAN_POINT('',(4.637178885086,6.962809753162));
#1885 = CARTESIAN_POINT('',(4.741132918513,6.962689572026));
#1886 = CARTESIAN_POINT('',(4.845391535213,6.963507723447));
#1887 = CARTESIAN_POINT('',(4.950710923651,6.965218188115));
#1888 = CARTESIAN_POINT('',(5.188622496869,6.970751367823));
#1889 = CARTESIAN_POINT('',(5.326561347103,6.975056234431));
#1890 = CARTESIAN_POINT('',(5.470504153073,6.980494610411));
#1891 = CARTESIAN_POINT('',(5.620059451993,6.986604795347));
#1892 = CARTESIAN_POINT('',(5.775257092717,6.992570599971));
#1893 = CARTESIAN_POINT('',(5.936684135272,6.997362501128));
#1894 = CARTESIAN_POINT('',(6.105281706491,7.));
#1895 = CARTESIAN_POINT('',(6.28318530718,7.));
#1896 = ( GEOMETRIC_REPRESENTATION_CONTEXT(2) 
PARAMETRIC_REPRESENTATION_CONTEXT() REPRESENTATION_CONTEXT('2D SPACE',''
  ) );
#1897 = FACE_BOUND('',#1898,.T.);
#1898 = EDGE_LOOP('',(#1899));
#1899 = ORIENTED_EDGE('',*,*,#1900,.F.);
#1900 = EDGE_CURVE('',#1901,#1901,#1903,.T.);
#1901 = VERTEX_POINT('',#1902);
#1902 = CARTESIAN_POINT('',(-9.754499786553E-15,-42.,140.25));
#1903 = SURFACE_CURVE('',#1904,(#1955,#2009),.PCURVE_S1.);
#1904 = B_SPLINE_CURVE_WITH_KNOTS('',7,(#1905,#1906,#1907,#1908,#1909,
    #1910,#1911,#1912,#1913,#1914,#1915,#1916,#1917,#1918,#1919,#1920,
    #1921,#1922,#1923,#1924,#1925,#1926,#1927,#1928,#1929,#1930,#1931,
    #1932,#1933,#1934,#1935,#1936,#1937,#1938,#1939,#1940,#1941,#1942,
    #1943,#1944,#1945,#1946,#1947,#1948,#1949,#1950,#1951,#1952,#1953,
    #1954),.UNSPECIFIED.,.T.,.F.,(8,6,6,6,6,6,6,6,8),(0.,0.14250759879,
    0.277480227608,0.446122014312,0.592595534257,0.687572169286,
    0.792052782006,0.893224675587,1.),.UNSPECIFIED.);
#1905 = CARTESIAN_POINT('',(-8.659739592076E-15,-42.,140.25));
#1906 = CARTESIAN_POINT('',(0.240564909828,-42.,140.25));
#1907 = CARTESIAN_POINT('',(0.474783689339,-41.99839244792,
    140.28858063886));
#1908 = CARTESIAN_POINT('',(0.695472774074,-41.99533010192,
    140.36208041693));
#1909 = CARTESIAN_POINT('',(0.896672045915,-41.99124680955,
    140.46541784132));
#1910 = CARTESIAN_POINT('',(1.073882880341,-41.98674027026,
    140.59217954431));
#1911 = CARTESIAN_POINT('',(1.224515318679,-41.98232872329,
    140.73475936904));
#1912 = CARTESIAN_POINT('',(1.465730828736,-41.97458057317,
    141.0263388324));
#1913 = CARTESIAN_POINT('',(1.561941602253,-41.97110714592,
    141.1780745574));
#1914 = CARTESIAN_POINT('',(1.637791586845,-41.96815283982,
    141.33659709381));
#1915 = CARTESIAN_POINT('',(1.694053214219,-41.96585898955,
    141.49964304858));
#1916 = CARTESIAN_POINT('',(1.731340386205,-41.96430398442,
    141.66548118931));
#1917 = CARTESIAN_POINT('',(1.75,-41.96352582898,141.83269860871));
#1918 = CARTESIAN_POINT('',(1.75,-41.96352582898,142.2090350154));
#1919 = CARTESIAN_POINT('',(1.720870905227,-41.96474053246,
    142.41795668841));
#1920 = CARTESIAN_POINT('',(1.662660112015,-41.96716842114,
    142.62427106466));
#1921 = CARTESIAN_POINT('',(1.574487515183,-41.97071700944,
    142.82513075767));
#1922 = CARTESIAN_POINT('',(1.45491049439,-41.97519599222,
    143.01676970197));
#1923 = CARTESIAN_POINT('',(1.302265918567,-41.98022168361,
    143.19388533694));
#1924 = CARTESIAN_POINT('',(0.953269816078,-41.98949405822,
    143.48260002179));
#1925 = CARTESIAN_POINT('',(0.759501518761,-41.99390999783,
    143.60454862257));
#1926 = CARTESIAN_POINT('',(0.538055920064,-41.997820349,143.70021048443
    ));
#1927 = CARTESIAN_POINT('',(0.296941199292,-42.00044496679,
    143.75990441768));
#1928 = CARTESIAN_POINT('',(4.691125102769E-02,-42.00121098178,
    143.7784135339));
#1929 = CARTESIAN_POINT('',(-0.200565262691,-42.00017662313,
    143.75526636811));
#1930 = CARTESIAN_POINT('',(-0.587354334912,-41.99616846916,
    143.6559558137));
#1931 = CARTESIAN_POINT('',(-0.735412141563,-41.99399111353,
    143.60095704095));
#1932 = CARTESIAN_POINT('',(-0.877363669569,-41.99129587707,
    143.53054459914));
#1933 = CARTESIAN_POINT('',(-1.01130594514,-41.98821364491,
    143.44554405393));
#1934 = CARTESIAN_POINT('',(-1.135471411433,-41.98491000015,
    143.34707351503));
#1935 = CARTESIAN_POINT('',(-1.24827660557,-41.98156548042,
    143.23651816912));
#1936 = CARTESIAN_POINT('',(-1.458538557305,-41.97481159811,
    142.98235513028));
#1937 = CARTESIAN_POINT('',(-1.553345587129,-41.97142886975,
    142.8365259417));
#1938 = CARTESIAN_POINT('',(-1.631050234649,-41.96842663472,
    142.68014554528));
#1939 = CARTESIAN_POINT('',(-1.690284258694,-41.96601634469,
    142.51562204659));
#1940 = CARTESIAN_POINT('',(-1.730098878333,-41.96435568326,
    142.34558009966));
#1941 = CARTESIAN_POINT('',(-1.75,-41.96352582898,142.17277910014));
#1942 = CARTESIAN_POINT('',(-1.75,-41.96352582898,141.8326925132));
#1943 = CARTESIAN_POINT('',(-1.731339048705,-41.96430403966,
    141.66547546297));
#1944 = CARTESIAN_POINT('',(-1.694051677808,-41.96585905511,
    141.49964105962));
#1945 = CARTESIAN_POINT('',(-1.637791645959,-41.96815282789,
    141.33659939035));
#1946 = CARTESIAN_POINT('',(-1.561943892465,-41.97110705381,
    141.1780790853));
#1947 = CARTESIAN_POINT('',(-1.465733704412,-41.9745804808,
    141.02634230849));
#1948 = CARTESIAN_POINT('',(-1.224563987418,-41.98232715999,
    140.73481819944));
#1949 = CARTESIAN_POINT('',(-1.073930003367,-41.98673909185,
    140.59220542482));
#1950 = CARTESIAN_POINT('',(-0.896668863354,-41.99124742551,
    140.46539295299));
#1951 = CARTESIAN_POINT('',(-0.695397831134,-41.99533217959,
    140.36203067756));
#1952 = CARTESIAN_POINT('',(-0.474658009588,-41.99839391492,
    140.28854540856));
#1953 = CARTESIAN_POINT('',(-0.240455050557,-42.,140.25));
#1954 = CARTESIAN_POINT('',(-8.659739592076E-15,-42.,140.25));
#1955 = PCURVE('',#1247,#1956);
#1956 = DEFINITIONAL_REPRESENTATION('',(#1957),#2008);
#1957 = B_SPLINE_CURVE_WITH_KNOTS('',7,(#1958,#1959,#1960,#1961,#1962,
    #1963,#1964,#1965,#1966,#1967,#1968,#1969,#1970,#1971,#1972,#1973,
    #1974,#1975,#1976,#1977,#1978,#1979,#1980,#1981,#1982,#1983,#1984,
    #1985,#1986,#1987,#1988,#1989,#1990,#1991,#1992,#1993,#1994,#1995,
    #1996,#1997,#1998,#1999,#2000,#2001,#2002,#2003,#2004,#2005,#2006,
    #2007),.UNSPECIFIED.,.T.,.F.,(8,6,6,6,6,6,6,6,8),(0.,0.14250759879,
    0.277480227608,0.446122014312,0.592595534257,0.687572169286,
    0.792052782006,0.893224675587,1.),.UNSPECIFIED.);
#1958 = CARTESIAN_POINT('',(4.712388980385,140.25));
#1959 = CARTESIAN_POINT('',(4.718116716333,140.25));
#1960 = CARTESIAN_POINT('',(4.723693354345,140.28858063886));
#1961 = CARTESIAN_POINT('',(4.728948160998,140.36208041693));
#1962 = CARTESIAN_POINT('',(4.733739474666,140.46541784132));
#1963 = CARTESIAN_POINT('',(4.737960093772,140.59217954431));
#1964 = CARTESIAN_POINT('',(4.741548103437,140.73475936904));
#1965 = CARTESIAN_POINT('',(4.747294291966,141.0263388324));
#1966 = CARTESIAN_POINT('',(4.749586498907,141.1780745574));
#1967 = CARTESIAN_POINT('',(4.751393813879,141.33659709381));
#1968 = CARTESIAN_POINT('',(4.752734488608,141.49964304858));
#1969 = CARTESIAN_POINT('',(4.75362305014,141.66548118931));
#1970 = CARTESIAN_POINT('',(4.754067712807,141.83269860871));
#1971 = CARTESIAN_POINT('',(4.754067712807,142.2090350154));
#1972 = CARTESIAN_POINT('',(4.75337356015,142.41795668841));
#1973 = CARTESIAN_POINT('',(4.751986383945,142.62427106466));
#1974 = CARTESIAN_POINT('',(4.749885339198,142.82513075767));
#1975 = CARTESIAN_POINT('',(4.747036295153,143.01676970197));
#1976 = CARTESIAN_POINT('',(4.743400004537,143.19388533694));
#1977 = CARTESIAN_POINT('',(4.735087641246,143.48260002179));
#1978 = CARTESIAN_POINT('',(4.730472946766,143.60454862257));
#1979 = CARTESIAN_POINT('',(4.725199717577,143.70021048443));
#1980 = CARTESIAN_POINT('',(4.719458832272,143.75990441768));
#1981 = CARTESIAN_POINT('',(4.713505969801,143.7784135339));
#1982 = CARTESIAN_POINT('',(4.707613731499,143.75526636811));
#1983 = CARTESIAN_POINT('',(4.698403973423,143.6559558137));
#1984 = CARTESIAN_POINT('',(4.694878439608,143.60095704095));
#1985 = CARTESIAN_POINT('',(4.691498080236,143.53054459914));
#1986 = CARTESIAN_POINT('',(4.688308174761,143.44554405393));
#1987 = CARTESIAN_POINT('',(4.685350830601,143.34707351503));
#1988 = CARTESIAN_POINT('',(4.682663820621,143.23651816912));
#1989 = CARTESIAN_POINT('',(4.677655001682,142.98235513028));
#1990 = CARTESIAN_POINT('',(4.675396269627,142.8365259417));
#1991 = CARTESIAN_POINT('',(4.673544787166,142.68014554528));
#1992 = CARTESIAN_POINT('',(4.672133287949,142.51562204659));
#1993 = CARTESIAN_POINT('',(4.671184495706,142.34558009966));
#1994 = CARTESIAN_POINT('',(4.670710247962,142.17277910014));
#1995 = CARTESIAN_POINT('',(4.670710247962,141.8326925132));
#1996 = CARTESIAN_POINT('',(4.671154942501,141.66547546297));
#1997 = CARTESIAN_POINT('',(4.672043508778,141.49964105962));
#1998 = CARTESIAN_POINT('',(4.67338414547,141.33659939035));
#1999 = CARTESIAN_POINT('',(4.675191407292,141.1780790853));
#2000 = CARTESIAN_POINT('',(4.6774836003,141.02634230849));
#2001 = CARTESIAN_POINT('',(4.683228697955,140.73481819944));
#2002 = CARTESIAN_POINT('',(4.686816744687,140.59220542482));
#2003 = CARTESIAN_POINT('',(4.691038562308,140.46539295299));
#2004 = CARTESIAN_POINT('',(4.695831584584,140.36203067756));
#2005 = CARTESIAN_POINT('',(4.701087598795,140.28854540856));
#2006 = CARTESIAN_POINT('',(4.706663860133,140.25));
#2007 = CARTESIAN_POINT('',(4.712388980385,140.25));
#2008 = ( GEOMETRIC_REPRESENTATION_CONTEXT(2) 
PARAMETRIC_REPRESENTATION_CONTEXT() REPRESENTATION_CONTEXT('2D SPACE',''
  ) );
#2009 = PCURVE('',#2010,#2015);
#2010 = CYLINDRICAL_SURFACE('',#2011,1.75);
#2011 = AXIS2_PLACEMENT_3D('',#2012,#2013,#2014);
#2012 = CARTESIAN_POINT('',(-7.771561172376E-15,-35.,142.));
#2013 = DIRECTION('',(-2.22044604925E-16,-1.,1.110223024625E-16));
#2014 = DIRECTION('',(-2.465190328816E-32,-1.110223024625E-16,-1.));
#2015 = DEFINITIONAL_REPRESENTATION('',(#2016),#2067);
#2016 = B_SPLINE_CURVE_WITH_KNOTS('',7,(#2017,#2018,#2019,#2020,#2021,
    #2022,#2023,#2024,#2025,#2026,#2027,#2028,#2029,#2030,#2031,#2032,
    #2033,#2034,#2035,#2036,#2037,#2038,#2039,#2040,#2041,#2042,#2043,
    #2044,#2045,#2046,#2047,#2048,#2049,#2050,#2051,#2052,#2053,#2054,
    #2055,#2056,#2057,#2058,#2059,#2060,#2061,#2062,#2063,#2064,#2065,
    #2066),.UNSPECIFIED.,.F.,.F.,(8,6,6,6,6,6,6,6,8),(0.,0.14250759879,
    0.277480227608,0.446122014312,0.592595534257,0.687572169286,
    0.792052782006,0.893224675587,1.),.UNSPECIFIED.);
#2017 = CARTESIAN_POINT('',(0.,7.));
#2018 = CARTESIAN_POINT('',(0.137465662759,7.));
#2019 = CARTESIAN_POINT('',(0.27130490097,6.998392447927));
#2020 = CARTESIAN_POINT('',(0.401655937636,6.995330101926));
#2021 = CARTESIAN_POINT('',(0.528348867449,6.991246809556));
#2022 = CARTESIAN_POINT('',(0.650945546276,6.986740270263));
#2023 = CARTESIAN_POINT('',(0.768589245,6.982328723297));
#2024 = CARTESIAN_POINT('',(0.984830611085,6.974580573173));
#2025 = CARTESIAN_POINT('',(1.086682935968,6.97110714592));
#2026 = CARTESIAN_POINT('',(1.186007405867,6.968152839821));
#2027 = CARTESIAN_POINT('',(1.28345062994,6.965858989552));
#2028 = CARTESIAN_POINT('',(1.379642806963,6.964303984427));
#2029 = CARTESIAN_POINT('',(1.475195531776,6.963525828986));
#2030 = CARTESIAN_POINT('',(1.690244907025,6.963525828986));
#2031 = CARTESIAN_POINT('',(1.809627924527,6.964740532465));
#2032 = CARTESIAN_POINT('',(1.930309176799,6.967168421143));
#2033 = CARTESIAN_POINT('',(2.053416453953,6.970717009448));
#2034 = CARTESIAN_POINT('',(2.180204811753,6.975195992224));
#2035 = CARTESIAN_POINT('',(2.311926852033,6.980221683616));
#2036 = CARTESIAN_POINT('',(2.570749586294,6.98949405822));
#2037 = CARTESIAN_POINT('',(2.700484718053,6.993909997837));
#2038 = CARTESIAN_POINT('',(2.835665651107,6.997820349002));
#2039 = CARTESIAN_POINT('',(2.974136245839,7.000444966795));
#2040 = CARTESIAN_POINT('',(3.114229063645,7.001210981781));
#2041 = CARTESIAN_POINT('',(3.254489860802,7.000176623135));
#2042 = CARTESIAN_POINT('',(3.482681239564,6.996168469165));
#2043 = CARTESIAN_POINT('',(3.572443439057,6.993991113535));
#2044 = CARTESIAN_POINT('',(3.662197916996,6.991295877073));
#2045 = CARTESIAN_POINT('',(3.751954270329,6.988213644917));
#2046 = CARTESIAN_POINT('',(3.841718041681,6.98491000015));
#2047 = CARTESIAN_POINT('',(3.931483070874,6.981565480428));
#2048 = CARTESIAN_POINT('',(4.119975641969,6.974811598113));
#2049 = CARTESIAN_POINT('',(4.218715865673,6.97142886975));
#2050 = CARTESIAN_POINT('',(4.317445161767,6.968426634726));
#2051 = CARTESIAN_POINT('',(4.416175263686,6.966016344696));
#2052 = CARTESIAN_POINT('',(4.514914920517,6.964355683268));
#2053 = CARTESIAN_POINT('',(4.613658066018,6.963525828986));
#2054 = CARTESIAN_POINT('',(4.807993258552,6.963525828986));
#2055 = CARTESIAN_POINT('',(4.903545763195,6.964304039668));
#2056 = CARTESIAN_POINT('',(4.999735986545,6.965859055113));
#2057 = CARTESIAN_POINT('',(5.097176715692,6.968152827893));
#2058 = CARTESIAN_POINT('',(5.196499546803,6.971107053813));
#2059 = CARTESIAN_POINT('',(5.298352118151,6.974580480802));
#2060 = CARTESIAN_POINT('',(5.514552432337,6.982327159995));
#2061 = CARTESIAN_POINT('',(5.632211216638,6.986739091851));
#2062 = CARTESIAN_POINT('',(5.754845849877,6.991247425511));
#2063 = CARTESIAN_POINT('',(5.881577933692,6.995332179597));
#2064 = CARTESIAN_POINT('',(6.011952236845,6.99839391492));
#2065 = CARTESIAN_POINT('',(6.145782421147,7.));
#2066 = CARTESIAN_POINT('',(6.28318530718,7.));
#2067 = ( GEOMETRIC_REPRESENTATION_CONTEXT(2) 
PARAMETRIC_REPRESENTATION_CONTEXT() REPRESENTATION_CONTEXT('2D SPACE',''
  ) );
#2068 = ADVANCED_FACE('',(#2069),#1356,.F.);
#2069 = FACE_BOUND('',#2070,.F.);
#2070 = EDGE_LOOP('',(#2071,#2072,#2095,#2192,#2282,#2283));
#2071 = ORIENTED_EDGE('',*,*,#1294,.F.);
#2072 = ORIENTED_EDGE('',*,*,#2073,.F.);
#2073 = EDGE_CURVE('',#2074,#1295,#2076,.T.);
#2074 = VERTEX_POINT('',#2075);
#2075 = CARTESIAN_POINT('',(40.,-5.11290038644E-15,140.25));
#2076 = SEAM_CURVE('',#2077,(#2081,#2088),.PCURVE_S1.);
#2077 = LINE('',#2078,#2079);
#2078 = CARTESIAN_POINT('',(35.,-4.286263797016E-16,140.25));
#2079 = VECTOR('',#2080,1.);
#2080 = DIRECTION('',(1.,0.,1.110223024625E-16));
#2081 = PCURVE('',#1356,#2082);
#2082 = DEFINITIONAL_REPRESENTATION('',(#2083),#2087);
#2083 = LINE('',#2084,#2085);
#2084 = CARTESIAN_POINT('',(6.28318530718,-0.));
#2085 = VECTOR('',#2086,1.);
#2086 = DIRECTION('',(0.,1.));
#2087 = ( GEOMETRIC_REPRESENTATION_CONTEXT(2) 
PARAMETRIC_REPRESENTATION_CONTEXT() REPRESENTATION_CONTEXT('2D SPACE',''
  ) );
#2088 = PCURVE('',#1356,#2089);
#2089 = DEFINITIONAL_REPRESENTATION('',(#2090),#2094);
#2090 = LINE('',#2091,#2092);
#2091 = CARTESIAN_POINT('',(0.,-0.));
#2092 = VECTOR('',#2093,1.);
#2093 = DIRECTION('',(0.,1.));
#2094 = ( GEOMETRIC_REPRESENTATION_CONTEXT(2) 
PARAMETRIC_REPRESENTATION_CONTEXT() REPRESENTATION_CONTEXT('2D SPACE',''
  ) );
#2095 = ORIENTED_EDGE('',*,*,#2096,.T.);
#2096 = EDGE_CURVE('',#2074,#2097,#2099,.T.);
#2097 = VERTEX_POINT('',#2098);
#2098 = CARTESIAN_POINT('',(40.,-9.797174393179E-15,143.75));
#2099 = SURFACE_CURVE('',#2100,(#2127,#2157),.PCURVE_S1.);
#2100 = B_SPLINE_CURVE_WITH_KNOTS('',7,(#2101,#2102,#2103,#2104,#2105,
    #2106,#2107,#2108,#2109,#2110,#2111,#2112,#2113,#2114,#2115,#2116,
    #2117,#2118,#2119,#2120,#2121,#2122,#2123,#2124,#2125,#2126),
  .UNSPECIFIED.,.F.,.F.,(8,6,6,6,8),(0.,0.256799012104,0.500015941123,
    0.743241684901,1.),.UNSPECIFIED.);
#2101 = CARTESIAN_POINT('',(40.,-9.914693070884E-16,140.25));
#2102 = CARTESIAN_POINT('',(40.,0.240568240636,140.25));
#2103 = CARTESIAN_POINT('',(39.998312023238,0.474787651199,
    140.28858170658));
#2104 = CARTESIAN_POINT('',(39.995096538659,0.695475697844,
    140.36208201565));
#2105 = CARTESIAN_POINT('',(39.990809061762,0.896673544311,
    140.46541912127));
#2106 = CARTESIAN_POINT('',(39.986077085424,1.073883336324,140.592180106
    ));
#2107 = CARTESIAN_POINT('',(39.981444780099,1.224515300812,
    140.73475934744));
#2108 = CARTESIAN_POINT('',(39.973308856968,1.465728891734,
    141.02633649096));
#2109 = CARTESIAN_POINT('',(39.969661558007,1.561939019935,141.178070266
    ));
#2110 = CARTESIAN_POINT('',(39.966559292851,1.637789385949,
    141.33659176914));
#2111 = CARTESIAN_POINT('',(39.964150507878,1.694051920189,
    141.49963789565));
#2112 = CARTESIAN_POINT('',(39.962517569218,1.731339954865,
    141.66547732025));
#2113 = CARTESIAN_POINT('',(39.961700414272,1.75,141.8326966754));
#2114 = CARTESIAN_POINT('',(39.961700414272,1.75,142.16730938807));
#2115 = CARTESIAN_POINT('',(39.962517626916,1.731338624482,
    142.33452835467));
#2116 = CARTESIAN_POINT('',(39.964150576001,1.694050400146,
    142.50036406517));
#2117 = CARTESIAN_POINT('',(39.966559280233,1.637789448301,
    142.66340596788));
#2118 = CARTESIAN_POINT('',(39.969661463118,1.561941270811,
    142.82192529804));
#2119 = CARTESIAN_POINT('',(39.973308762453,1.465731693915,
    142.97366012177));
#2120 = CARTESIAN_POINT('',(39.98144406627,1.224536464375,143.2652150702
    ));
#2121 = CARTESIAN_POINT('',(39.986076454416,1.073906626233,
    143.40780527443));
#2122 = CARTESIAN_POINT('',(39.99080919246,0.896677520159,
    143.53458836888));
#2123 = CARTESIAN_POINT('',(39.995097457589,0.695447510703,
    143.63793903808));
#2124 = CARTESIAN_POINT('',(39.998312746798,0.474732604392,
    143.71143481535));
#2125 = CARTESIAN_POINT('',(40.,0.24051674152,143.75));
#2126 = CARTESIAN_POINT('',(40.,1.875782019251E-15,143.75));
#2127 = PCURVE('',#1356,#2128);
#2128 = DEFINITIONAL_REPRESENTATION('',(#2129),#2156);
#2129 = B_SPLINE_CURVE_WITH_KNOTS('',7,(#2130,#2131,#2132,#2133,#2134,
    #2135,#2136,#2137,#2138,#2139,#2140,#2141,#2142,#2143,#2144,#2145,
    #2146,#2147,#2148,#2149,#2150,#2151,#2152,#2153,#2154,#2155),
  .UNSPECIFIED.,.F.,.F.,(8,6,6,6,8),(0.,0.256799012104,0.500015941123,
    0.743241684901,1.),.UNSPECIFIED.);
#2130 = CARTESIAN_POINT('',(-8.881784197001E-16,5.));
#2131 = CARTESIAN_POINT('',(0.137467566078,5.));
#2132 = CARTESIAN_POINT('',(0.271307164983,4.998312023238));
#2133 = CARTESIAN_POINT('',(0.401657783951,4.995096538659));
#2134 = CARTESIAN_POINT('',(0.528349975113,4.990809061763));
#2135 = CARTESIAN_POINT('',(0.650945959878,4.986077085424));
#2136 = CARTESIAN_POINT('',(0.768589228983,4.981444780099));
#2137 = CARTESIAN_POINT('',(0.984828874629,4.973308856968));
#2138 = CARTESIAN_POINT('',(1.086680105932,4.969661558007));
#2139 = CARTESIAN_POINT('',(1.18600416555,4.966559292851));
#2140 = CARTESIAN_POINT('',(1.283447635862,4.964150507878));
#2141 = CARTESIAN_POINT('',(1.379640596085,4.962517569218));
#2142 = CARTESIAN_POINT('',(1.475194427023,4.961700414272));
#2143 = CARTESIAN_POINT('',(1.666401691407,4.961700414272));
#2144 = CARTESIAN_POINT('',(1.761955291125,4.962517626916));
#2145 = CARTESIAN_POINT('',(1.858146310062,4.964150576001));
#2146 = CARTESIAN_POINT('',(1.955587319494,4.966559280233));
#2147 = CARTESIAN_POINT('',(2.054909778084,4.969661463118));
#2148 = CARTESIAN_POINT('',(2.156761266902,4.973308762453));
#2149 = CARTESIAN_POINT('',(2.372984452204,4.98144406627));
#2150 = CARTESIAN_POINT('',(2.490631777564,4.986076454416));
#2151 = CARTESIAN_POINT('',(2.613243359547,4.99080919246));
#2152 = CARTESIAN_POINT('',(2.739953662438,4.995097457589));
#2153 = CARTESIAN_POINT('',(2.870316952148,4.998312746798));
#2154 = CARTESIAN_POINT('',(3.004154515579,5.));
#2155 = CARTESIAN_POINT('',(3.14159265359,5.));
#2156 = ( GEOMETRIC_REPRESENTATION_CONTEXT(2) 
PARAMETRIC_REPRESENTATION_CONTEXT() REPRESENTATION_CONTEXT('2D SPACE',''
  ) );
#2157 = PCURVE('',#2158,#2163);
#2158 = CYLINDRICAL_SURFACE('',#2159,40.);
#2159 = AXIS2_PLACEMENT_3D('',#2160,#2161,#2162);
#2160 = CARTESIAN_POINT('',(0.,0.,-1.));
#2161 = DIRECTION('',(0.,0.,1.));
#2162 = DIRECTION('',(1.,0.,-0.));
#2163 = DEFINITIONAL_REPRESENTATION('',(#2164),#2191);
#2164 = B_SPLINE_CURVE_WITH_KNOTS('',7,(#2165,#2166,#2167,#2168,#2169,
    #2170,#2171,#2172,#2173,#2174,#2175,#2176,#2177,#2178,#2179,#2180,
    #2181,#2182,#2183,#2184,#2185,#2186,#2187,#2188,#2189,#2190),
  .UNSPECIFIED.,.F.,.F.,(8,6,6,6,8),(0.,0.256799012104,0.500015941123,
    0.743241684901,1.),.UNSPECIFIED.);
#2165 = CARTESIAN_POINT('',(0.,141.25));
#2166 = CARTESIAN_POINT('',(6.014206015911E-03,141.25));
#2167 = CARTESIAN_POINT('',(1.186969174786E-02,141.28858170658));
#2168 = CARTESIAN_POINT('',(1.738724558475E-02,141.36208201565));
#2169 = CARTESIAN_POINT('',(2.241818129872E-02,141.46541912127));
#2170 = CARTESIAN_POINT('',(2.684994671426E-02,141.592180106));
#2171 = CARTESIAN_POINT('',(3.061750903663E-02,141.73475934744));
#2172 = CARTESIAN_POINT('',(3.665127805414E-02,142.02633649096));
#2173 = CARTESIAN_POINT('',(3.90582380162E-02,142.178070266));
#2174 = CARTESIAN_POINT('',(4.095607513703E-02,142.33659176914));
#2175 = CARTESIAN_POINT('',(4.236392615435E-02,142.49963789565));
#2176 = CARTESIAN_POINT('',(4.329702052779E-02,142.66547732025));
#2177 = CARTESIAN_POINT('',(4.376396874075E-02,142.8326966754));
#2178 = CARTESIAN_POINT('',(4.376396874075E-02,143.16730938807));
#2179 = CARTESIAN_POINT('',(4.329698723758E-02,143.33452835467));
#2180 = CARTESIAN_POINT('',(4.236388811352E-02,143.50036406517));
#2181 = CARTESIAN_POINT('',(4.095607671009E-02,143.66340596788));
#2182 = CARTESIAN_POINT('',(3.905829433555E-02,143.82192529804));
#2183 = CARTESIAN_POINT('',(3.66513481485E-02,143.97366012177));
#2184 = CARTESIAN_POINT('',(3.061803842658E-02,144.2652150702));
#2185 = CARTESIAN_POINT('',(2.685052917291E-02,144.40780527443));
#2186 = CARTESIAN_POINT('',(2.241828051665E-02,144.53458836888));
#2187 = CARTESIAN_POINT('',(1.73865406649E-02,144.63793903808));
#2188 = CARTESIAN_POINT('',(1.18683155767E-02,144.71143481535));
#2189 = CARTESIAN_POINT('',(6.012918537992E-03,144.75));
#2190 = CARTESIAN_POINT('',(0.,144.75));
#2191 = ( GEOMETRIC_REPRESENTATION_CONTEXT(2) 
PARAMETRIC_REPRESENTATION_CONTEXT() REPRESENTATION_CONTEXT('2D SPACE',''
  ) );
#2192 = ORIENTED_EDGE('',*,*,#2193,.T.);
#2193 = EDGE_CURVE('',#2097,#2074,#2194,.T.);
#2194 = SURFACE_CURVE('',#2195,(#2222,#2252),.PCURVE_S1.);
#2195 = B_SPLINE_CURVE_WITH_KNOTS('',7,(#2196,#2197,#2198,#2199,#2200,
    #2201,#2202,#2203,#2204,#2205,#2206,#2207,#2208,#2209,#2210,#2211,
    #2212,#2213,#2214,#2215,#2216,#2217,#2218,#2219,#2220,#2221),
  .UNSPECIFIED.,.F.,.F.,(8,6,6,6,8),(0.,0.256809747042,0.500048686338,
    0.743286252919,1.),.UNSPECIFIED.);
#2196 = CARTESIAN_POINT('',(40.,-3.10862446895E-15,143.75));
#2197 = CARTESIAN_POINT('',(40.,-0.240568240636,143.75));
#2198 = CARTESIAN_POINT('',(39.998312023238,-0.474787651199,
    143.71141829341));
#2199 = CARTESIAN_POINT('',(39.995096538659,-0.695475697843,
    143.63791798434));
#2200 = CARTESIAN_POINT('',(39.990809061762,-0.896673544312,
    143.53458087872));
#2201 = CARTESIAN_POINT('',(39.986077085424,-1.073883336323,
    143.40781989399));
#2202 = CARTESIAN_POINT('',(39.981444780099,-1.224515300812,
    143.26524065255));
#2203 = CARTESIAN_POINT('',(39.973308664273,-1.465734604751,
    142.97365660318));
#2204 = CARTESIAN_POINT('',(39.969661378018,-1.561943191847,
    142.82192122781));
#2205 = CARTESIAN_POINT('',(39.966559272259,-1.63778956752,
    142.66340392666));
#2206 = CARTESIAN_POINT('',(39.964150601093,-1.694049832431,
    142.50036470587));
#2207 = CARTESIAN_POINT('',(39.962517636762,-1.731338401718,
    142.33453014374));
#2208 = CARTESIAN_POINT('',(39.961700414272,-1.75,142.16731033228));
#2209 = CARTESIAN_POINT('',(39.961700414272,-1.75,141.83269061192));
#2210 = CARTESIAN_POINT('',(39.962517626916,-1.731338624482,
    141.66547164533));
#2211 = CARTESIAN_POINT('',(39.964150576001,-1.694050400146,
    141.49963593482));
#2212 = CARTESIAN_POINT('',(39.966559280233,-1.637789448301,
    141.33659403212));
#2213 = CARTESIAN_POINT('',(39.969661463118,-1.561941270811,
    141.17807470195));
#2214 = CARTESIAN_POINT('',(39.973308762453,-1.465731693915,
    141.02633987822));
#2215 = CARTESIAN_POINT('',(39.98144313807,-1.224563983622,
    140.73481819485));
#2216 = CARTESIAN_POINT('',(39.986075847758,-1.073930471299,
    140.59220599196));
#2217 = CARTESIAN_POINT('',(39.990809708868,-0.89667035779,
    140.46539422428));
#2218 = CARTESIAN_POINT('',(39.995098720823,-0.695400731817,
    140.36203226198));
#2219 = CARTESIAN_POINT('',(39.998313564064,-0.474661935096,
    140.28854646538));
#2220 = CARTESIAN_POINT('',(40.,-0.240458348836,140.25));
#2221 = CARTESIAN_POINT('',(40.,-5.995204332976E-15,140.25));
#2222 = PCURVE('',#1356,#2223);
#2223 = DEFINITIONAL_REPRESENTATION('',(#2224),#2251);
#2224 = B_SPLINE_CURVE_WITH_KNOTS('',7,(#2225,#2226,#2227,#2228,#2229,
    #2230,#2231,#2232,#2233,#2234,#2235,#2236,#2237,#2238,#2239,#2240,
    #2241,#2242,#2243,#2244,#2245,#2246,#2247,#2248,#2249,#2250),
  .UNSPECIFIED.,.F.,.F.,(8,6,6,6,8),(0.,0.256809747042,0.500048686338,
    0.743286252919,1.),.UNSPECIFIED.);
#2225 = CARTESIAN_POINT('',(3.14159265359,5.));
#2226 = CARTESIAN_POINT('',(3.279060219668,5.));
#2227 = CARTESIAN_POINT('',(3.412899818572,4.998312023238));
#2228 = CARTESIAN_POINT('',(3.54325043754,4.995096538659));
#2229 = CARTESIAN_POINT('',(3.669942628704,4.990809061762));
#2230 = CARTESIAN_POINT('',(3.792538613467,4.986077085424));
#2231 = CARTESIAN_POINT('',(3.910181882573,4.981444780099));
#2232 = CARTESIAN_POINT('',(4.126426649741,4.973308664273));
#2233 = CARTESIAN_POINT('',(4.228278021906,4.969661378018));
#2234 = CARTESIAN_POINT('',(4.327599067223,4.966559272259));
#2235 = CARTESIAN_POINT('',(4.425038613037,4.964150601093));
#2236 = CARTESIAN_POINT('',(4.521228989487,4.962517636762));
#2237 = CARTESIAN_POINT('',(4.616783076222,4.961700414272));
#2238 = CARTESIAN_POINT('',(4.807994344996,4.961700414272));
#2239 = CARTESIAN_POINT('',(4.903547944714,4.962517626916));
#2240 = CARTESIAN_POINT('',(4.999738963651,4.964150576001));
#2241 = CARTESIAN_POINT('',(5.097179973083,4.966559280233));
#2242 = CARTESIAN_POINT('',(5.196502431673,4.969661463118));
#2243 = CARTESIAN_POINT('',(5.298353920492,4.973308762453));
#2244 = CARTESIAN_POINT('',(5.51455243574,4.98144313807));
#2245 = CARTESIAN_POINT('',(5.632210796304,4.986075847758));
#2246 = CARTESIAN_POINT('',(5.754844746633,4.990809708868));
#2247 = CARTESIAN_POINT('',(5.881576102357,4.995098720823));
#2248 = CARTESIAN_POINT('',(6.011949993624,4.998313564064));
#2249 = CARTESIAN_POINT('',(6.145780536416,5.));
#2250 = CARTESIAN_POINT('',(6.28318530718,5.));
#2251 = ( GEOMETRIC_REPRESENTATION_CONTEXT(2) 
PARAMETRIC_REPRESENTATION_CONTEXT() REPRESENTATION_CONTEXT('2D SPACE',''
  ) );
#2252 = PCURVE('',#2158,#2253);
#2253 = DEFINITIONAL_REPRESENTATION('',(#2254),#2281);
#2254 = B_SPLINE_CURVE_WITH_KNOTS('',7,(#2255,#2256,#2257,#2258,#2259,
    #2260,#2261,#2262,#2263,#2264,#2265,#2266,#2267,#2268,#2269,#2270,
    #2271,#2272,#2273,#2274,#2275,#2276,#2277,#2278,#2279,#2280),
  .UNSPECIFIED.,.F.,.F.,(8,6,6,6,8),(0.,0.256809747042,0.500048686338,
    0.743286252919,1.),.UNSPECIFIED.);
#2255 = CARTESIAN_POINT('',(6.28318530718,144.75));
#2256 = CARTESIAN_POINT('',(6.277171101164,144.75));
#2257 = CARTESIAN_POINT('',(6.271315615432,144.71141829341));
#2258 = CARTESIAN_POINT('',(6.265798061595,144.63791798434));
#2259 = CARTESIAN_POINT('',(6.260767125881,144.53458087872));
#2260 = CARTESIAN_POINT('',(6.256335360465,144.40781989399));
#2261 = CARTESIAN_POINT('',(6.252567798143,144.26524065255));
#2262 = CARTESIAN_POINT('',(6.246533886219,143.97365660318));
#2263 = CARTESIAN_POINT('',(6.244126964773,143.8219212278));
#2264 = CARTESIAN_POINT('',(6.242229227483,143.66340392666));
#2265 = CARTESIAN_POINT('',(6.240821433273,143.50036470587));
#2266 = CARTESIAN_POINT('',(6.239888325517,143.33453014374));
#2267 = CARTESIAN_POINT('',(6.239421338439,143.16731033228));
#2268 = CARTESIAN_POINT('',(6.239421338439,142.83269061192));
#2269 = CARTESIAN_POINT('',(6.239888319942,142.66547164533));
#2270 = CARTESIAN_POINT('',(6.240821419066,142.49963593482));
#2271 = CARTESIAN_POINT('',(6.242229230469,142.33659403212));
#2272 = CARTESIAN_POINT('',(6.244127012844,142.17807470195));
#2273 = CARTESIAN_POINT('',(6.246533959031,142.02633987822));
#2274 = CARTESIAN_POINT('',(6.252566580381,141.73481819485));
#2275 = CARTESIAN_POINT('',(6.256334181705,141.59220599196));
#2276 = CARTESIAN_POINT('',(6.260767206041,141.46539422428));
#2277 = CARTESIAN_POINT('',(6.265799936275,141.36203226198));
#2278 = CARTESIAN_POINT('',(6.271318758329,141.28854646538));
#2279 = CARTESIAN_POINT('',(6.277173848459,141.25));
#2280 = CARTESIAN_POINT('',(6.28318530718,141.25));
#2281 = ( GEOMETRIC_REPRESENTATION_CONTEXT(2) 
PARAMETRIC_REPRESENTATION_CONTEXT() REPRESENTATION_CONTEXT('2D SPACE',''
  ) );
#2282 = ORIENTED_EDGE('',*,*,#2073,.T.);
#2283 = ORIENTED_EDGE('',*,*,#1442,.F.);
#2284 = ADVANCED_FACE('',(#2285,#2288),#1429,.F.);
#2285 = FACE_BOUND('',#2286,.F.);
#2286 = EDGE_LOOP('',(#2287));
#2287 = ORIENTED_EDGE('',*,*,#1414,.T.);
#2288 = FACE_BOUND('',#2289,.F.);
#2289 = EDGE_LOOP('',(#2290));
#2290 = ORIENTED_EDGE('',*,*,#2291,.F.);
#2291 = EDGE_CURVE('',#2292,#2292,#2294,.T.);
#2292 = VERTEX_POINT('',#2293);
#2293 = CARTESIAN_POINT('',(40.,-9.797174393179E-15,0.));
#2294 = SURFACE_CURVE('',#2295,(#2300,#2307),.PCURVE_S1.);
#2295 = CIRCLE('',#2296,40.);
#2296 = AXIS2_PLACEMENT_3D('',#2297,#2298,#2299);
#2297 = CARTESIAN_POINT('',(0.,0.,0.));
#2298 = DIRECTION('',(0.,0.,1.));
#2299 = DIRECTION('',(1.,0.,-0.));
#2300 = PCURVE('',#1429,#2301);
#2301 = DEFINITIONAL_REPRESENTATION('',(#2302),#2306);
#2302 = CIRCLE('',#2303,40.);
#2303 = AXIS2_PLACEMENT_2D('',#2304,#2305);
#2304 = CARTESIAN_POINT('',(0.,0.));
#2305 = DIRECTION('',(1.,0.));
#2306 = ( GEOMETRIC_REPRESENTATION_CONTEXT(2) 
PARAMETRIC_REPRESENTATION_CONTEXT() REPRESENTATION_CONTEXT('2D SPACE',''
  ) );
#2307 = PCURVE('',#2158,#2308);
#2308 = DEFINITIONAL_REPRESENTATION('',(#2309),#2313);
#2309 = LINE('',#2310,#2311);
#2310 = CARTESIAN_POINT('',(0.,1.));
#2311 = VECTOR('',#2312,1.);
#2312 = DIRECTION('',(1.,0.));
#2313 = ( GEOMETRIC_REPRESENTATION_CONTEXT(2) 
PARAMETRIC_REPRESENTATION_CONTEXT() REPRESENTATION_CONTEXT('2D SPACE',''
  ) );
#2314 = ADVANCED_FACE('',(#2315,#2318),#1281,.T.);
#2315 = FACE_BOUND('',#2316,.T.);
#2316 = EDGE_LOOP('',(#2317));
#2317 = ORIENTED_EDGE('',*,*,#1266,.T.);
#2318 = FACE_BOUND('',#2319,.T.);
#2319 = EDGE_LOOP('',(#2320));
#2320 = ORIENTED_EDGE('',*,*,#2321,.F.);
#2321 = EDGE_CURVE('',#2322,#2322,#2324,.T.);
#2322 = VERTEX_POINT('',#2323);
#2323 = CARTESIAN_POINT('',(40.,-9.797174393179E-15,160.));
#2324 = SURFACE_CURVE('',#2325,(#2330,#2337),.PCURVE_S1.);
#2325 = CIRCLE('',#2326,40.);
#2326 = AXIS2_PLACEMENT_3D('',#2327,#2328,#2329);
#2327 = CARTESIAN_POINT('',(0.,0.,160.));
#2328 = DIRECTION('',(0.,0.,1.));
#2329 = DIRECTION('',(1.,0.,-0.));
#2330 = PCURVE('',#1281,#2331);
#2331 = DEFINITIONAL_REPRESENTATION('',(#2332),#2336);
#2332 = CIRCLE('',#2333,40.);
#2333 = AXIS2_PLACEMENT_2D('',#2334,#2335);
#2334 = CARTESIAN_POINT('',(0.,0.));
#2335 = DIRECTION('',(1.,0.));
#2336 = ( GEOMETRIC_REPRESENTATION_CONTEXT(2) 
PARAMETRIC_REPRESENTATION_CONTEXT() REPRESENTATION_CONTEXT('2D SPACE',''
  ) );
#2337 = PCURVE('',#2158,#2338);
#2338 = DEFINITIONAL_REPRESENTATION('',(#2339),#2343);
#2339 = LINE('',#2340,#2341);
#2340 = CARTESIAN_POINT('',(0.,161.));
#2341 = VECTOR('',#2342,1.);
#2342 = DIRECTION('',(1.,0.));
#2343 = ( GEOMETRIC_REPRESENTATION_CONTEXT(2) 
PARAMETRIC_REPRESENTATION_CONTEXT() REPRESENTATION_CONTEXT('2D SPACE',''
  ) );
#2344 = ADVANCED_FACE('',(#2345),#1644,.F.);
#2345 = FACE_BOUND('',#2346,.F.);
#2346 = EDGE_LOOP('',(#2347,#2348,#2371,#2533));
#2347 = ORIENTED_EDGE('',*,*,#1534,.F.);
#2348 = ORIENTED_EDGE('',*,*,#2349,.F.);
#2349 = EDGE_CURVE('',#2350,#1535,#2352,.T.);
#2350 = VERTEX_POINT('',#2351);
#2351 = CARTESIAN_POINT('',(4.869518478202E-15,40.,140.25));
#2352 = SEAM_CURVE('',#2353,(#2357,#2364),.PCURVE_S1.);
#2353 = LINE('',#2354,#2355);
#2354 = CARTESIAN_POINT('',(4.31440696589E-15,35.,140.25));
#2355 = VECTOR('',#2356,1.);
#2356 = DIRECTION('',(1.110223024625E-16,1.,1.110223024625E-16));
#2357 = PCURVE('',#1644,#2358);
#2358 = DEFINITIONAL_REPRESENTATION('',(#2359),#2363);
#2359 = LINE('',#2360,#2361);
#2360 = CARTESIAN_POINT('',(6.28318530718,-0.));
#2361 = VECTOR('',#2362,1.);
#2362 = DIRECTION('',(0.,1.));
#2363 = ( GEOMETRIC_REPRESENTATION_CONTEXT(2) 
PARAMETRIC_REPRESENTATION_CONTEXT() REPRESENTATION_CONTEXT('2D SPACE',''
  ) );
#2364 = PCURVE('',#1644,#2365);
#2365 = DEFINITIONAL_REPRESENTATION('',(#2366),#2370);
#2366 = LINE('',#2367,#2368);
#2367 = CARTESIAN_POINT('',(0.,-0.));
#2368 = VECTOR('',#2369,1.);
#2369 = DIRECTION('',(0.,1.));
#2370 = ( GEOMETRIC_REPRESENTATION_CONTEXT(2) 
PARAMETRIC_REPRESENTATION_CONTEXT() REPRESENTATION_CONTEXT('2D SPACE',''
  ) );
#2371 = ORIENTED_EDGE('',*,*,#2372,.T.);
#2372 = EDGE_CURVE('',#2350,#2350,#2373,.T.);
#2373 = SURFACE_CURVE('',#2374,(#2425,#2479),.PCURVE_S1.);
#2374 = B_SPLINE_CURVE_WITH_KNOTS('',7,(#2375,#2376,#2377,#2378,#2379,
    #2380,#2381,#2382,#2383,#2384,#2385,#2386,#2387,#2388,#2389,#2390,
    #2391,#2392,#2393,#2394,#2395,#2396,#2397,#2398,#2399,#2400,#2401,
    #2402,#2403,#2404,#2405,#2406,#2407,#2408,#2409,#2410,#2411,#2412,
    #2413,#2414,#2415,#2416,#2417,#2418,#2419,#2420,#2421,#2422,#2423,
    #2424),.UNSPECIFIED.,.T.,.F.,(8,6,6,6,6,6,6,6,8),(0.,0.142508606083,
    0.277479941238,0.446120752448,0.592594338671,0.687570299597,
    0.792050171596,0.893222443476,1.),.UNSPECIFIED.);
#2375 = CARTESIAN_POINT('',(3.552713678801E-15,40.,140.25));
#2376 = CARTESIAN_POINT('',(-0.240568240636,40.,140.25));
#2377 = CARTESIAN_POINT('',(-0.474787651199,39.998312023238,
    140.28858170658));
#2378 = CARTESIAN_POINT('',(-0.695475697844,39.995096538659,
    140.36208201565));
#2379 = CARTESIAN_POINT('',(-0.896673544311,39.990809061763,
    140.46541912127));
#2380 = CARTESIAN_POINT('',(-1.073883336324,39.986077085424,
    140.592180106));
#2381 = CARTESIAN_POINT('',(-1.224515300812,39.981444780099,
    140.73475934744));
#2382 = CARTESIAN_POINT('',(-1.465728891734,39.973308856968,
    141.02633649096));
#2383 = CARTESIAN_POINT('',(-1.561939019935,39.969661558007,
    141.178070266));
#2384 = CARTESIAN_POINT('',(-1.637789385949,39.966559292851,
    141.33659176914));
#2385 = CARTESIAN_POINT('',(-1.694051920189,39.964150507878,
    141.49963789565));
#2386 = CARTESIAN_POINT('',(-1.731339954865,39.962517569218,
    141.66547732025));
#2387 = CARTESIAN_POINT('',(-1.75,39.961700414272,141.83269667539));
#2388 = CARTESIAN_POINT('',(-1.75,39.961700414272,142.20903822538));
#2389 = CARTESIAN_POINT('',(-1.720870009662,39.96297600593,
    142.41796312726));
#2390 = CARTESIAN_POINT('',(-1.662657423066,39.96552559436,
    142.62427955633));
#2391 = CARTESIAN_POINT('',(-1.57448294803,39.969251995516,
    142.82513931103));
#2392 = CARTESIAN_POINT('',(-1.454905168847,39.973955249534,
    143.01677627739));
#2393 = CARTESIAN_POINT('',(-1.302261930393,39.979232409189,
    143.19388863625));
#2394 = CARTESIAN_POINT('',(-0.953272268249,39.988968575089,
    143.48259799317));
#2395 = CARTESIAN_POINT('',(-0.759504916145,39.993605420806,
    143.60454697543));
#2396 = CARTESIAN_POINT('',(-0.538059402564,39.997711348431,
    143.70020945593));
#2397 = CARTESIAN_POINT('',(-0.296944618854,40.000467180478,
    143.75990388419));
#2398 = CARTESIAN_POINT('',(-4.691426495412E-02,40.001271534933,
    143.77841367729));
#2399 = CARTESIAN_POINT('',(0.200563429357,40.000185481776,
    143.75526683883));
#2400 = CARTESIAN_POINT('',(0.587354374958,39.995976876562,
    143.65595580342));
#2401 = CARTESIAN_POINT('',(0.735412153806,39.993690632957,
    143.60095702862));
#2402 = CARTESIAN_POINT('',(0.877363646082,39.990860595271,
    143.53054460539));
#2403 = CARTESIAN_POINT('',(1.011305918661,39.987624177216,
    143.44554407546));
#2404 = CARTESIAN_POINT('',(1.135471411096,39.984155232766,
    143.34707352463));
#2405 = CARTESIAN_POINT('',(1.248276622839,39.980643331521,
    143.23651814825));
#2406 = CARTESIAN_POINT('',(1.458538539191,39.973551381261,
    142.98235515218));
#2407 = CARTESIAN_POINT('',(1.553345626321,39.969999289458,
    142.83652590291));
#2408 = CARTESIAN_POINT('',(1.631050261724,39.966846706285,
    142.68014547546));
#2409 = CARTESIAN_POINT('',(1.690284246238,39.964315689705,
    142.51562202062));
#2410 = CARTESIAN_POINT('',(1.730098857679,39.962571839734,
    142.34558015748));
#2411 = CARTESIAN_POINT('',(1.75,39.961700414272,142.17277919261));
#2412 = CARTESIAN_POINT('',(1.75,39.961700414272,141.83269061192));
#2413 = CARTESIAN_POINT('',(1.731338624482,39.962517626916,
    141.66547164533));
#2414 = CARTESIAN_POINT('',(1.694050400146,39.964150576001,
    141.49963593482));
#2415 = CARTESIAN_POINT('',(1.637789448301,39.966559280233,
    141.33659403212));
#2416 = CARTESIAN_POINT('',(1.561941270811,39.969661463118,
    141.17807470195));
#2417 = CARTESIAN_POINT('',(1.465731693915,39.973308762453,
    141.02633987822));
#2418 = CARTESIAN_POINT('',(1.224563983625,39.98144313807,
    140.73481819485));
#2419 = CARTESIAN_POINT('',(1.073930471299,39.986075847758,
    140.59220599196));
#2420 = CARTESIAN_POINT('',(0.896670357788,39.990809708868,
    140.46539422428));
#2421 = CARTESIAN_POINT('',(0.695400731815,39.995098720823,
    140.36203226198));
#2422 = CARTESIAN_POINT('',(0.474661935097,39.998313564064,
    140.28854646538));
#2423 = CARTESIAN_POINT('',(0.240458348839,40.,140.25));
#2424 = CARTESIAN_POINT('',(3.552713678801E-15,40.,140.25));
#2425 = PCURVE('',#1644,#2426);
#2426 = DEFINITIONAL_REPRESENTATION('',(#2427),#2478);
#2427 = B_SPLINE_CURVE_WITH_KNOTS('',7,(#2428,#2429,#2430,#2431,#2432,
    #2433,#2434,#2435,#2436,#2437,#2438,#2439,#2440,#2441,#2442,#2443,
    #2444,#2445,#2446,#2447,#2448,#2449,#2450,#2451,#2452,#2453,#2454,
    #2455,#2456,#2457,#2458,#2459,#2460,#2461,#2462,#2463,#2464,#2465,
    #2466,#2467,#2468,#2469,#2470,#2471,#2472,#2473,#2474,#2475,#2476,
    #2477),.UNSPECIFIED.,.F.,.F.,(8,6,6,6,6,6,6,6,8),(0.,0.142508606083,
    0.277479941238,0.446120752448,0.592594338671,0.687570299597,
    0.792050171596,0.893222443476,1.),.UNSPECIFIED.);
#2428 = CARTESIAN_POINT('',(0.,5.));
#2429 = CARTESIAN_POINT('',(0.137467566078,5.));
#2430 = CARTESIAN_POINT('',(0.271307164982,4.998312023238));
#2431 = CARTESIAN_POINT('',(0.401657783951,4.995096538659));
#2432 = CARTESIAN_POINT('',(0.528349975113,4.990809061763));
#2433 = CARTESIAN_POINT('',(0.650945959878,4.986077085424));
#2434 = CARTESIAN_POINT('',(0.768589228983,4.981444780099));
#2435 = CARTESIAN_POINT('',(0.98482887463,4.973308856968));
#2436 = CARTESIAN_POINT('',(1.086680105932,4.969661558007));
#2437 = CARTESIAN_POINT('',(1.18600416555,4.966559292851));
#2438 = CARTESIAN_POINT('',(1.283447635861,4.964150507878));
#2439 = CARTESIAN_POINT('',(1.379640596086,4.962517569218));
#2440 = CARTESIAN_POINT('',(1.475194427023,4.961700414272));
#2441 = CARTESIAN_POINT('',(1.6902467413,4.961700414272));
#2442 = CARTESIAN_POINT('',(1.809631604181,4.96297600593));
#2443 = CARTESIAN_POINT('',(1.930314156381,4.96552559436));
#2444 = CARTESIAN_POINT('',(2.05342185764,4.969251995516));
#2445 = CARTESIAN_POINT('',(2.180209551695,4.973955249534));
#2446 = CARTESIAN_POINT('',(2.311929809745,4.979232409189));
#2447 = CARTESIAN_POINT('',(2.570747767713,4.988968575089));
#2448 = CARTESIAN_POINT('',(2.700482623724,4.993605420806));
#2449 = CARTESIAN_POINT('',(2.835663606987,4.997711348431));
#2450 = CARTESIAN_POINT('',(2.974134319789,5.000467180478));
#2451 = CARTESIAN_POINT('',(3.114227376964,5.001271534933));
#2452 = CARTESIAN_POINT('',(3.254488779202,5.000185481776));
#2453 = CARTESIAN_POINT('',(3.48268126319,4.995976876562));
#2454 = CARTESIAN_POINT('',(3.572443447531,4.993690632957));
#2455 = CARTESIAN_POINT('',(3.662197904197,4.990860595271));
#2456 = CARTESIAN_POINT('',(3.751954251536,4.987624177216));
#2457 = CARTESIAN_POINT('',(3.84171803745,4.984155232766));
#2458 = CARTESIAN_POINT('',(3.931483086355,4.980643331521));
#2459 = CARTESIAN_POINT('',(4.11997562573,4.973551381261));
#2460 = CARTESIAN_POINT('',(4.218715896501,4.969999289458));
#2461 = CARTESIAN_POINT('',(4.317445203091,4.966846706285));
#2462 = CARTESIAN_POINT('',(4.416175274424,4.964315689705));
#2463 = CARTESIAN_POINT('',(4.514914888167,4.962571839734));
#2464 = CARTESIAN_POINT('',(4.613658013179,4.961700414272));
#2465 = CARTESIAN_POINT('',(4.807994344996,4.961700414272));
#2466 = CARTESIAN_POINT('',(4.903547944714,4.962517626916));
#2467 = CARTESIAN_POINT('',(4.999738963651,4.964150576001));
#2468 = CARTESIAN_POINT('',(5.097179973083,4.966559280233));
#2469 = CARTESIAN_POINT('',(5.196502431673,4.969661463118));
#2470 = CARTESIAN_POINT('',(5.298353920492,4.973308762453));
#2471 = CARTESIAN_POINT('',(5.514552435738,4.98144313807));
#2472 = CARTESIAN_POINT('',(5.632210796304,4.986075847758));
#2473 = CARTESIAN_POINT('',(5.754844746635,4.990809708868));
#2474 = CARTESIAN_POINT('',(5.881576102358,4.995098720823));
#2475 = CARTESIAN_POINT('',(6.011949993624,4.998313564064));
#2476 = CARTESIAN_POINT('',(6.145780536414,5.));
#2477 = CARTESIAN_POINT('',(6.28318530718,5.));
#2478 = ( GEOMETRIC_REPRESENTATION_CONTEXT(2) 
PARAMETRIC_REPRESENTATION_CONTEXT() REPRESENTATION_CONTEXT('2D SPACE',''
  ) );
#2479 = PCURVE('',#2158,#2480);
#2480 = DEFINITIONAL_REPRESENTATION('',(#2481),#2532);
#2481 = B_SPLINE_CURVE_WITH_KNOTS('',7,(#2482,#2483,#2484,#2485,#2486,
    #2487,#2488,#2489,#2490,#2491,#2492,#2493,#2494,#2495,#2496,#2497,
    #2498,#2499,#2500,#2501,#2502,#2503,#2504,#2505,#2506,#2507,#2508,
    #2509,#2510,#2511,#2512,#2513,#2514,#2515,#2516,#2517,#2518,#2519,
    #2520,#2521,#2522,#2523,#2524,#2525,#2526,#2527,#2528,#2529,#2530,
    #2531),.UNSPECIFIED.,.T.,.F.,(8,6,6,6,6,6,6,6,8),(0.,0.142508606083,
    0.277479941238,0.446120752448,0.592594338671,0.687570299597,
    0.792050171596,0.893222443476,1.),.UNSPECIFIED.);
#2482 = CARTESIAN_POINT('',(1.570796326795,141.25));
#2483 = CARTESIAN_POINT('',(1.576810532811,141.25));
#2484 = CARTESIAN_POINT('',(1.582666018543,141.28858170658));
#2485 = CARTESIAN_POINT('',(1.58818357238,141.36208201565));
#2486 = CARTESIAN_POINT('',(1.593214508094,141.46541912127));
#2487 = CARTESIAN_POINT('',(1.597646273509,141.592180106));
#2488 = CARTESIAN_POINT('',(1.601413835832,141.73475934744));
#2489 = CARTESIAN_POINT('',(1.607447604849,142.02633649096));
#2490 = CARTESIAN_POINT('',(1.609854564811,142.178070266));
#2491 = CARTESIAN_POINT('',(1.611752401932,142.33659176914));
#2492 = CARTESIAN_POINT('',(1.613160252949,142.49963789565));
#2493 = CARTESIAN_POINT('',(1.614093347323,142.66547732025));
#2494 = CARTESIAN_POINT('',(1.614560295536,142.83269667539));
#2495 = CARTESIAN_POINT('',(1.614560295536,143.20903822538));
#2496 = CARTESIAN_POINT('',(1.613831347867,143.41796312726));
#2497 = CARTESIAN_POINT('',(1.612374638107,143.62427955633));
#2498 = CARTESIAN_POINT('',(1.610168311225,143.82513931103));
#2499 = CARTESIAN_POINT('',(1.607176583565,144.01677627739));
#2500 = CARTESIAN_POINT('',(1.603358307687,144.19388863625));
#2501 = CARTESIAN_POINT('',(1.594630171531,144.48259799317));
#2502 = CARTESIAN_POINT('',(1.589784640673,144.60454697543));
#2503 = CARTESIAN_POINT('',(1.584247675205,144.70020945593));
#2504 = CARTESIAN_POINT('',(1.578219737755,144.75990388419));
#2505 = CARTESIAN_POINT('',(1.57196924693,144.77841367729));
#2506 = CARTESIAN_POINT('',(1.565782373627,144.75526683883));
#2507 = CARTESIAN_POINT('',(1.55611202759,144.65595580342));
#2508 = CARTESIAN_POINT('',(1.552410180327,144.60095702862));
#2509 = CARTESIAN_POINT('',(1.548860743481,144.53054460539));
#2510 = CARTESIAN_POINT('',(1.545511256285,144.44554407546));
#2511 = CARTESIAN_POINT('',(1.542405934049,144.34707352463));
#2512 = CARTESIAN_POINT('',(1.539584446902,144.23651814825));
#2513 = CARTESIAN_POINT('',(1.534324909777,143.98235515218));
#2514 = CARTESIAN_POINT('',(1.531953086508,143.83652590291));
#2515 = CARTESIAN_POINT('',(1.53000888241,143.68014547546));
#2516 = CARTESIAN_POINT('',(1.528526683635,143.51562202062));
#2517 = CARTESIAN_POINT('',(1.527530363055,143.34558015748));
#2518 = CARTESIAN_POINT('',(1.527032358054,143.17277919261));
#2519 = CARTESIAN_POINT('',(1.527032358054,142.83269061192));
#2520 = CARTESIAN_POINT('',(1.527499339557,142.66547164533));
#2521 = CARTESIAN_POINT('',(1.528432438681,142.49963593482));
#2522 = CARTESIAN_POINT('',(1.529840250085,142.33659403212));
#2523 = CARTESIAN_POINT('',(1.531738032459,142.17807470195));
#2524 = CARTESIAN_POINT('',(1.534144978646,142.02633987822));
#2525 = CARTESIAN_POINT('',(1.540177599996,141.73481819485));
#2526 = CARTESIAN_POINT('',(1.54394520132,141.59220599196));
#2527 = CARTESIAN_POINT('',(1.548378225656,141.46539422428));
#2528 = CARTESIAN_POINT('',(1.55341095589,141.36203226198));
#2529 = CARTESIAN_POINT('',(1.558929777944,141.28854646538));
#2530 = CARTESIAN_POINT('',(1.564784868074,141.25));
#2531 = CARTESIAN_POINT('',(1.570796326795,141.25));
#2532 = ( GEOMETRIC_REPRESENTATION_CONTEXT(2) 
PARAMETRIC_REPRESENTATION_CONTEXT() REPRESENTATION_CONTEXT('2D SPACE',''
  ) );
#2533 = ORIENTED_EDGE('',*,*,#2349,.T.);
#2534 = ADVANCED_FACE('',(#2535),#1831,.F.);
#2535 = FACE_BOUND('',#2536,.F.);
#2536 = EDGE_LOOP('',(#2537,#2538,#2561,#2723));
#2537 = ORIENTED_EDGE('',*,*,#1705,.F.);
#2538 = ORIENTED_EDGE('',*,*,#2539,.F.);
#2539 = EDGE_CURVE('',#2540,#1706,#2542,.T.);
#2540 = VERTEX_POINT('',#2541);
#2541 = CARTESIAN_POINT('',(-40.,5.327213576291E-15,140.25));
#2542 = SEAM_CURVE('',#2543,(#2547,#2554),.PCURVE_S1.);
#2543 = LINE('',#2544,#2545);
#2544 = CARTESIAN_POINT('',(-35.,4.714890176717E-15,140.25));
#2545 = VECTOR('',#2546,1.);
#2546 = DIRECTION('',(-1.,1.224646799147E-16,1.110223024625E-16));
#2547 = PCURVE('',#1831,#2548);
#2548 = DEFINITIONAL_REPRESENTATION('',(#2549),#2553);
#2549 = LINE('',#2550,#2551);
#2550 = CARTESIAN_POINT('',(6.28318530718,-0.));
#2551 = VECTOR('',#2552,1.);
#2552 = DIRECTION('',(0.,1.));
#2553 = ( GEOMETRIC_REPRESENTATION_CONTEXT(2) 
PARAMETRIC_REPRESENTATION_CONTEXT() REPRESENTATION_CONTEXT('2D SPACE',''
  ) );
#2554 = PCURVE('',#1831,#2555);
#2555 = DEFINITIONAL_REPRESENTATION('',(#2556),#2560);
#2556 = LINE('',#2557,#2558);
#2557 = CARTESIAN_POINT('',(0.,-0.));
#2558 = VECTOR('',#2559,1.);
#2559 = DIRECTION('',(0.,1.));
#2560 = ( GEOMETRIC_REPRESENTATION_CONTEXT(2) 
PARAMETRIC_REPRESENTATION_CONTEXT() REPRESENTATION_CONTEXT('2D SPACE',''
  ) );
#2561 = ORIENTED_EDGE('',*,*,#2562,.T.);
#2562 = EDGE_CURVE('',#2540,#2540,#2563,.T.);
#2563 = SURFACE_CURVE('',#2564,(#2615,#2669),.PCURVE_S1.);
#2564 = B_SPLINE_CURVE_WITH_KNOTS('',7,(#2565,#2566,#2567,#2568,#2569,
    #2570,#2571,#2572,#2573,#2574,#2575,#2576,#2577,#2578,#2579,#2580,
    #2581,#2582,#2583,#2584,#2585,#2586,#2587,#2588,#2589,#2590,#2591,
    #2592,#2593,#2594,#2595,#2596,#2597,#2598,#2599,#2600,#2601,#2602,
    #2603,#2604,#2605,#2606,#2607,#2608,#2609,#2610,#2611,#2612,#2613,
    #2614),.UNSPECIFIED.,.T.,.F.,(8,6,6,6,6,6,6,6,8),(0.,0.127557586266,
    0.248368660072,0.369184112358,0.463615331237,0.582517132636,
    0.687299430878,0.840193860718,1.),.UNSPECIFIED.);
#2565 = CARTESIAN_POINT('',(-40.,6.661338147751E-15,140.25));
#2566 = CARTESIAN_POINT('',(-40.,-0.240568240636,140.25));
#2567 = CARTESIAN_POINT('',(-39.99831202323,-0.474787651199,
    140.28858170658));
#2568 = CARTESIAN_POINT('',(-39.99509653865,-0.695475697844,
    140.36208201565));
#2569 = CARTESIAN_POINT('',(-39.99080906176,-0.896673544311,
    140.46541912127));
#2570 = CARTESIAN_POINT('',(-39.98607708542,-1.073883336324,
    140.592180106));
#2571 = CARTESIAN_POINT('',(-39.98144478009,-1.224515300812,
    140.73475934744));
#2572 = CARTESIAN_POINT('',(-39.97330885696,-1.465728891734,
    141.02633649096));
#2573 = CARTESIAN_POINT('',(-39.969661558,-1.561939019935,141.178070266)
  );
#2574 = CARTESIAN_POINT('',(-39.96655929285,-1.637789385948,
    141.33659176914));
#2575 = CARTESIAN_POINT('',(-39.96415050787,-1.694051920189,
    141.49963789565));
#2576 = CARTESIAN_POINT('',(-39.96251756921,-1.731339954865,
    141.66547732025));
#2577 = CARTESIAN_POINT('',(-39.96170041427,-1.75,141.8326966754));
#2578 = CARTESIAN_POINT('',(-39.96170041427,-1.75,142.16730938807));
#2579 = CARTESIAN_POINT('',(-39.96251762691,-1.731338624482,
    142.33452835467));
#2580 = CARTESIAN_POINT('',(-39.964150576,-1.694050400146,
    142.50036406517));
#2581 = CARTESIAN_POINT('',(-39.96655928023,-1.637789448301,
    142.66340596788));
#2582 = CARTESIAN_POINT('',(-39.96966146311,-1.561941270811,
    142.82192529804));
#2583 = CARTESIAN_POINT('',(-39.97330876245,-1.465731693915,
    142.97366012177));
#2584 = CARTESIAN_POINT('',(-39.98035960665,-1.256688488636,
    143.22634994922));
#2585 = CARTESIAN_POINT('',(-39.98366361404,-1.151445697057,
    143.33191626758));
#2586 = CARTESIAN_POINT('',(-39.98704890851,-1.03264079997,
    143.42976451217));
#2587 = CARTESIAN_POINT('',(-39.99034324725,-0.900642338183,
    143.5174585088));
#2588 = CARTESIAN_POINT('',(-39.99334237078,-0.756210887658,
    143.59255145102));
#2589 = CARTESIAN_POINT('',(-39.9958336179,-0.600520530471,
    143.65257530925));
#2590 = CARTESIAN_POINT('',(-39.99989722755,-0.227055371115,
    143.74846486429));
#2591 = CARTESIAN_POINT('',(-40.00102114595,-7.572922637471E-03,
    143.77303127328));
#2592 = CARTESIAN_POINT('',(-40.00067570049,0.215589737655,143.764731962
    ));
#2593 = CARTESIAN_POINT('',(-39.99876919667,0.433753703137,
    143.72321001575));
#2594 = CARTESIAN_POINT('',(-39.99564076605,0.638575617519,
    143.65159355002));
#2595 = CARTESIAN_POINT('',(-39.99184879936,0.823265990674,
    143.55638508644));
#2596 = CARTESIAN_POINT('',(-39.98442704072,1.124980831916,
    143.35133989207));
#2597 = CARTESIAN_POINT('',(-39.98075868796,1.250397592348,
    143.24256920158));
#2598 = CARTESIAN_POINT('',(-39.97713511188,1.359915069171,
    143.12404785444));
#2599 = CARTESIAN_POINT('',(-39.97374270508,1.453850197,142.99810940502)
  );
#2600 = CARTESIAN_POINT('',(-39.97071688508,1.532644594185,
    142.86662188128));
#2601 = CARTESIAN_POINT('',(-39.96814841209,1.596745546058,
    142.73110451472));
#2602 = CARTESIAN_POINT('',(-39.96310341533,1.71920152318,
    142.39096995337));
#2603 = CARTESIAN_POINT('',(-39.96120733684,1.76147691494,
    142.18299307205));
#2604 = CARTESIAN_POINT('',(-39.96059120919,1.774580500457,
    141.97231694537));
#2605 = CARTESIAN_POINT('',(-39.96130577188,1.758995547827,
    141.76147395232));
#2606 = CARTESIAN_POINT('',(-39.9633261071,1.71434902636,141.55298122289
    ));
#2607 = CARTESIAN_POINT('',(-39.96652078287,1.639663368825,
    141.34997478232));
#2608 = CARTESIAN_POINT('',(-39.97484829293,1.422612473784,
    140.95516066992));
#2609 = CARTESIAN_POINT('',(-39.98021754262,1.273291791122,
    140.75691249408));
#2610 = CARTESIAN_POINT('',(-39.98634932006,1.083045138206,
    140.57525965138));
#2611 = CARTESIAN_POINT('',(-39.99244589557,0.853659573204,
    140.42267188141));
#2612 = CARTESIAN_POINT('',(-39.99734144335,0.590528934307,
    140.31076583737));
#2613 = CARTESIAN_POINT('',(-40.,0.301909414567,140.25));
#2614 = CARTESIAN_POINT('',(-40.,6.661338147751E-15,140.25));
#2615 = PCURVE('',#1831,#2616);
#2616 = DEFINITIONAL_REPRESENTATION('',(#2617),#2668);
#2617 = B_SPLINE_CURVE_WITH_KNOTS('',7,(#2618,#2619,#2620,#2621,#2622,
    #2623,#2624,#2625,#2626,#2627,#2628,#2629,#2630,#2631,#2632,#2633,
    #2634,#2635,#2636,#2637,#2638,#2639,#2640,#2641,#2642,#2643,#2644,
    #2645,#2646,#2647,#2648,#2649,#2650,#2651,#2652,#2653,#2654,#2655,
    #2656,#2657,#2658,#2659,#2660,#2661,#2662,#2663,#2664,#2665,#2666,
    #2667),.UNSPECIFIED.,.F.,.F.,(8,6,6,6,6,6,6,6,8),(0.,0.127557586266,
    0.248368660072,0.369184112358,0.463615331237,0.582517132636,
    0.687299430878,0.840193860718,1.),.UNSPECIFIED.);
#2618 = CARTESIAN_POINT('',(-1.7763568394E-15,5.));
#2619 = CARTESIAN_POINT('',(0.137467566078,5.));
#2620 = CARTESIAN_POINT('',(0.271307164982,4.998312023238));
#2621 = CARTESIAN_POINT('',(0.401657783951,4.995096538659));
#2622 = CARTESIAN_POINT('',(0.528349975113,4.990809061763));
#2623 = CARTESIAN_POINT('',(0.650945959878,4.986077085424));
#2624 = CARTESIAN_POINT('',(0.768589228983,4.981444780099));
#2625 = CARTESIAN_POINT('',(0.984828874629,4.973308856968));
#2626 = CARTESIAN_POINT('',(1.086680105932,4.969661558007));
#2627 = CARTESIAN_POINT('',(1.186004165549,4.966559292851));
#2628 = CARTESIAN_POINT('',(1.283447635862,4.964150507878));
#2629 = CARTESIAN_POINT('',(1.379640596085,4.962517569218));
#2630 = CARTESIAN_POINT('',(1.475194427023,4.961700414272));
#2631 = CARTESIAN_POINT('',(1.666401691407,4.961700414272));
#2632 = CARTESIAN_POINT('',(1.761955291125,4.962517626916));
#2633 = CARTESIAN_POINT('',(1.858146310061,4.964150576001));
#2634 = CARTESIAN_POINT('',(1.955587319494,4.966559280233));
#2635 = CARTESIAN_POINT('',(2.054909778083,4.969661463118));
#2636 = CARTESIAN_POINT('',(2.156761266902,4.973308762453));
#2637 = CARTESIAN_POINT('',(2.344161273931,4.980359606656));
#2638 = CARTESIAN_POINT('',(2.428975619093,4.983663614046));
#2639 = CARTESIAN_POINT('',(2.51623793625,4.987048908518));
#2640 = CARTESIAN_POINT('',(2.605910719447,4.990343247256));
#2641 = CARTESIAN_POINT('',(2.698035401314,4.99334237078));
#2642 = CARTESIAN_POINT('',(2.79273649471,4.995833617907));
#2643 = CARTESIAN_POINT('',(3.013067253135,4.999897227551));
#2644 = CARTESIAN_POINT('',(3.138036108407,5.001021145956));
#2645 = CARTESIAN_POINT('',(3.263399091983,5.000675700498));
#2646 = CARTESIAN_POINT('',(3.387796779755,4.998769196676));
#2647 = CARTESIAN_POINT('',(3.509820571524,4.995640766053));
#2648 = CARTESIAN_POINT('',(3.627689041611,4.991848799368));
#2649 = CARTESIAN_POINT('',(3.836143315683,4.98442704072));
#2650 = CARTESIAN_POINT('',(3.930354392246,4.980758687969));
#2651 = CARTESIAN_POINT('',(4.021699920761,4.977135111884));
#2652 = CARTESIAN_POINT('',(4.110631297296,4.973742705082));
#2653 = CARTESIAN_POINT('',(4.197542835455,4.970716885081));
#2654 = CARTESIAN_POINT('',(4.282811552735,4.968148412098));
#2655 = CARTESIAN_POINT('',(4.489386724536,4.963103415339));
#2656 = CARTESIAN_POINT('',(4.609387420444,4.961207336843));
#2657 = CARTESIAN_POINT('',(4.728202125569,4.960591209191));
#2658 = CARTESIAN_POINT('',(4.846998176885,4.961305771882));
#2659 = CARTESIAN_POINT('',(4.966947354283,4.963326107108));
#2660 = CARTESIAN_POINT('',(5.089162426803,4.966520782873));
#2661 = CARTESIAN_POINT('',(5.34661574693,4.974848292932));
#2662 = CARTESIAN_POINT('',(5.486993153464,4.980217542624));
#2663 = CARTESIAN_POINT('',(5.634051911534,4.986349320062));
#2664 = CARTESIAN_POINT('',(5.787001272187,4.99244589557));
#2665 = CARTESIAN_POINT('',(5.945738638758,4.99734144335));
#2666 = CARTESIAN_POINT('',(6.110665641713,5.));
#2667 = CARTESIAN_POINT('',(6.28318530718,5.));
#2668 = ( GEOMETRIC_REPRESENTATION_CONTEXT(2) 
PARAMETRIC_REPRESENTATION_CONTEXT() REPRESENTATION_CONTEXT('2D SPACE',''
  ) );
#2669 = PCURVE('',#2158,#2670);
#2670 = DEFINITIONAL_REPRESENTATION('',(#2671),#2722);
#2671 = B_SPLINE_CURVE_WITH_KNOTS('',7,(#2672,#2673,#2674,#2675,#2676,
    #2677,#2678,#2679,#2680,#2681,#2682,#2683,#2684,#2685,#2686,#2687,
    #2688,#2689,#2690,#2691,#2692,#2693,#2694,#2695,#2696,#2697,#2698,
    #2699,#2700,#2701,#2702,#2703,#2704,#2705,#2706,#2707,#2708,#2709,
    #2710,#2711,#2712,#2713,#2714,#2715,#2716,#2717,#2718,#2719,#2720,
    #2721),.UNSPECIFIED.,.T.,.F.,(8,6,6,6,6,6,6,6,8),(0.,0.127557586266,
    0.248368660072,0.369184112358,0.463615331237,0.582517132636,
    0.687299430878,0.840193860718,1.),.UNSPECIFIED.);
#2672 = CARTESIAN_POINT('',(3.14159265359,141.25));
#2673 = CARTESIAN_POINT('',(3.147606859606,141.25));
#2674 = CARTESIAN_POINT('',(3.153462345338,141.28858170658));
#2675 = CARTESIAN_POINT('',(3.158979899175,141.36208201565));
#2676 = CARTESIAN_POINT('',(3.164010834889,141.46541912127));
#2677 = CARTESIAN_POINT('',(3.168442600304,141.592180106));
#2678 = CARTESIAN_POINT('',(3.172210162626,141.73475934744));
#2679 = CARTESIAN_POINT('',(3.178243931644,142.02633649096));
#2680 = CARTESIAN_POINT('',(3.180650891606,142.178070266));
#2681 = CARTESIAN_POINT('',(3.182548728727,142.33659176914));
#2682 = CARTESIAN_POINT('',(3.183956579744,142.49963789565));
#2683 = CARTESIAN_POINT('',(3.184889674118,142.66547732025));
#2684 = CARTESIAN_POINT('',(3.185356622331,142.8326966754));
#2685 = CARTESIAN_POINT('',(3.185356622331,143.16730938807));
#2686 = CARTESIAN_POINT('',(3.184889640827,143.33452835467));
#2687 = CARTESIAN_POINT('',(3.183956541703,143.50036406517));
#2688 = CARTESIAN_POINT('',(3.1825487303,143.66340596788));
#2689 = CARTESIAN_POINT('',(3.180650947925,143.82192529804));
#2690 = CARTESIAN_POINT('',(3.178244001738,143.97366012177));
#2691 = CARTESIAN_POINT('',(3.173014949716,144.22634994922));
#2692 = CARTESIAN_POINT('',(3.17038259112,144.33191626758));
#2693 = CARTESIAN_POINT('',(3.167411283056,144.42976451217));
#2694 = CARTESIAN_POINT('',(3.164110336749,144.5174585088));
#2695 = CARTESIAN_POINT('',(3.160498832037,144.59255145102));
#2696 = CARTESIAN_POINT('',(3.156606126167,144.65257530925));
#2697 = CARTESIAN_POINT('',(3.147268944506,144.74846486429));
#2698 = CARTESIAN_POINT('',(3.141781901645,144.77303127328));
#2699 = CARTESIAN_POINT('',(3.136203032714,144.764731962));
#2700 = CARTESIAN_POINT('',(3.130748963041,144.72321001575));
#2701 = CARTESIAN_POINT('',(3.125627931102,144.65159355002));
#2702 = CARTESIAN_POINT('',(3.121009737541,144.55638508644));
#2703 = CARTESIAN_POINT('',(3.113464584795,144.35133989207));
#2704 = CARTESIAN_POINT('',(3.110327858765,144.24256920158));
#2705 = CARTESIAN_POINT('',(3.107588449849,144.12404785444));
#2706 = CARTESIAN_POINT('',(3.10523855337,143.99810940502));
#2707 = CARTESIAN_POINT('',(3.103267245954,143.86662188128));
#2708 = CARTESIAN_POINT('',(3.101663437273,143.73110451472));
#2709 = CARTESIAN_POINT('',(3.098599440871,143.39096995337));
#2710 = CARTESIAN_POINT('',(3.097541500505,143.18299307205));
#2711 = CARTESIAN_POINT('',(3.097213545382,142.97231694537));
#2712 = CARTESIAN_POINT('',(3.097603579678,142.76147395232));
#2713 = CARTESIAN_POINT('',(3.098720888457,142.55298122289));
#2714 = CARTESIAN_POINT('',(3.100589719289,142.34997478232));
#2715 = CARTESIAN_POINT('',(3.106019983927,141.95516066992));
#2716 = CARTESIAN_POINT('',(3.109755402541,141.75691249408));
#2717 = CARTESIAN_POINT('',(3.114513984845,141.57525965138));
#2718 = CARTESIAN_POINT('',(3.120250464857,141.42267188141));
#2719 = CARTESIAN_POINT('',(3.126829429684,141.31076583737));
#2720 = CARTESIAN_POINT('',(3.134044918226,141.25));
#2721 = CARTESIAN_POINT('',(3.14159265359,141.25));
#2722 = ( GEOMETRIC_REPRESENTATION_CONTEXT(2) 
PARAMETRIC_REPRESENTATION_CONTEXT() REPRESENTATION_CONTEXT('2D SPACE',''
  ) );
#2723 = ORIENTED_EDGE('',*,*,#2539,.T.);
#2724 = ADVANCED_FACE('',(#2725),#2010,.F.);
#2725 = FACE_BOUND('',#2726,.F.);
#2726 = EDGE_LOOP('',(#2727,#2728,#2751,#2913));
#2727 = ORIENTED_EDGE('',*,*,#1900,.F.);
#2728 = ORIENTED_EDGE('',*,*,#2729,.F.);
#2729 = EDGE_CURVE('',#2730,#1901,#2732,.T.);
#2730 = VERTEX_POINT('',#2731);
#2731 = CARTESIAN_POINT('',(-9.310410576703E-15,-40.,140.25));
#2732 = SEAM_CURVE('',#2733,(#2737,#2744),.PCURVE_S1.);
#2733 = LINE('',#2734,#2735);
#2734 = CARTESIAN_POINT('',(-8.200187552078E-15,-35.,140.25));
#2735 = VECTOR('',#2736,1.);
#2736 = DIRECTION('',(-2.22044604925E-16,-1.,1.110223024625E-16));
#2737 = PCURVE('',#2010,#2738);
#2738 = DEFINITIONAL_REPRESENTATION('',(#2739),#2743);
#2739 = LINE('',#2740,#2741);
#2740 = CARTESIAN_POINT('',(6.28318530718,-0.));
#2741 = VECTOR('',#2742,1.);
#2742 = DIRECTION('',(0.,1.));
#2743 = ( GEOMETRIC_REPRESENTATION_CONTEXT(2) 
PARAMETRIC_REPRESENTATION_CONTEXT() REPRESENTATION_CONTEXT('2D SPACE',''
  ) );
#2744 = PCURVE('',#2010,#2745);
#2745 = DEFINITIONAL_REPRESENTATION('',(#2746),#2750);
#2746 = LINE('',#2747,#2748);
#2747 = CARTESIAN_POINT('',(0.,-0.));
#2748 = VECTOR('',#2749,1.);
#2749 = DIRECTION('',(0.,1.));
#2750 = ( GEOMETRIC_REPRESENTATION_CONTEXT(2) 
PARAMETRIC_REPRESENTATION_CONTEXT() REPRESENTATION_CONTEXT('2D SPACE',''
  ) );
#2751 = ORIENTED_EDGE('',*,*,#2752,.T.);
#2752 = EDGE_CURVE('',#2730,#2730,#2753,.T.);
#2753 = SURFACE_CURVE('',#2754,(#2805,#2859),.PCURVE_S1.);
#2754 = B_SPLINE_CURVE_WITH_KNOTS('',7,(#2755,#2756,#2757,#2758,#2759,
    #2760,#2761,#2762,#2763,#2764,#2765,#2766,#2767,#2768,#2769,#2770,
    #2771,#2772,#2773,#2774,#2775,#2776,#2777,#2778,#2779,#2780,#2781,
    #2782,#2783,#2784,#2785,#2786,#2787,#2788,#2789,#2790,#2791,#2792,
    #2793,#2794,#2795,#2796,#2797,#2798,#2799,#2800,#2801,#2802,#2803,
    #2804),.UNSPECIFIED.,.T.,.F.,(8,6,6,6,6,6,6,6,8),(0.,0.142508604455,
    0.277479939015,0.44612074948,0.592594335058,0.687570295537,
    0.792050167077,0.893222440208,1.),.UNSPECIFIED.);
#2755 = CARTESIAN_POINT('',(-8.437694987151E-15,-40.,140.25));
#2756 = CARTESIAN_POINT('',(0.24056824239,-40.,140.25));
#2757 = CARTESIAN_POINT('',(0.47478764691,-39.99831202322,
    140.28858170695));
#2758 = CARTESIAN_POINT('',(0.695475701411,-39.9950965387,
    140.36208201382));
#2759 = CARTESIAN_POINT('',(0.896673544443,-39.99080906166,
    140.46541912469));
#2760 = CARTESIAN_POINT('',(1.073883334464,-39.9860770855,
    140.59218010306));
#2761 = CARTESIAN_POINT('',(1.224515301681,-39.98144478007,
    140.73475934849));
#2762 = CARTESIAN_POINT('',(1.465728891734,-39.97330885696,
    141.02633649096));
#2763 = CARTESIAN_POINT('',(1.561939019935,-39.969661558,141.178070266)
  );
#2764 = CARTESIAN_POINT('',(1.637789385948,-39.96655929285,
    141.33659176914));
#2765 = CARTESIAN_POINT('',(1.694051920189,-39.96415050787,
    141.49963789565));
#2766 = CARTESIAN_POINT('',(1.731339954865,-39.96251756921,
    141.66547732025));
#2767 = CARTESIAN_POINT('',(1.75,-39.96170041427,141.8326966754));
#2768 = CARTESIAN_POINT('',(1.75,-39.96170041427,142.20903822538));
#2769 = CARTESIAN_POINT('',(1.720870009662,-39.96297600593,
    142.41796312726));
#2770 = CARTESIAN_POINT('',(1.662657423066,-39.96552559436,
    142.62427955633));
#2771 = CARTESIAN_POINT('',(1.57448294803,-39.96925199551,
    142.82513931103));
#2772 = CARTESIAN_POINT('',(1.454905168846,-39.97395524953,
    143.01677627739));
#2773 = CARTESIAN_POINT('',(1.302261930393,-39.97923240918,
    143.19388863625));
#2774 = CARTESIAN_POINT('',(0.953272268249,-39.98896857508,
    143.48259799317));
#2775 = CARTESIAN_POINT('',(0.759504916144,-39.9936054208,
    143.60454697543));
#2776 = CARTESIAN_POINT('',(0.538059402565,-39.99771134843,
    143.70020945593));
#2777 = CARTESIAN_POINT('',(0.296944618853,-40.00046718047,
    143.75990388419));
#2778 = CARTESIAN_POINT('',(4.691426495456E-02,-40.00127153493,
    143.77841367729));
#2779 = CARTESIAN_POINT('',(-0.200563429357,-40.00018548177,
    143.75526683883));
#2780 = CARTESIAN_POINT('',(-0.587354374913,-39.99597687656,
    143.65595580343));
#2781 = CARTESIAN_POINT('',(-0.735412153854,-39.99369063295,
    143.60095702862));
#2782 = CARTESIAN_POINT('',(-0.877363646109,-39.99086059527,
    143.53054460536));
#2783 = CARTESIAN_POINT('',(-1.011305918626,-39.98762417721,
    143.44554407547));
#2784 = CARTESIAN_POINT('',(-1.135471411067,-39.98415523276,
    143.34707352468));
#2785 = CARTESIAN_POINT('',(-1.248276622871,-39.98064333152,
    143.23651814821));
#2786 = CARTESIAN_POINT('',(-1.45853853919,-39.97355138126,
    142.98235515218));
#2787 = CARTESIAN_POINT('',(-1.553345626321,-39.96999928945,
    142.83652590291));
#2788 = CARTESIAN_POINT('',(-1.631050261724,-39.96684670628,
    142.68014547546));
#2789 = CARTESIAN_POINT('',(-1.690284246238,-39.9643156897,
    142.51562202062));
#2790 = CARTESIAN_POINT('',(-1.730098857679,-39.96257183973,
    142.34558015748));
#2791 = CARTESIAN_POINT('',(-1.75,-39.96170041427,142.17277919261));
#2792 = CARTESIAN_POINT('',(-1.75,-39.96170041427,141.83269060912));
#2793 = CARTESIAN_POINT('',(-1.731338623806,-39.96251762693,
    141.66547165223));
#2794 = CARTESIAN_POINT('',(-1.694050403383,-39.96415057589,
    141.49963592981));
#2795 = CARTESIAN_POINT('',(-1.637789442158,-39.96655928044,
    141.33659402952));
#2796 = CARTESIAN_POINT('',(-1.561941276375,-39.96966146292,
    141.17807470768));
#2797 = CARTESIAN_POINT('',(-1.46573169178,-39.97330876252,
    141.02633987564));
#2798 = CARTESIAN_POINT('',(-1.224563983621,-39.98144313807,
    140.73481819485));
#2799 = CARTESIAN_POINT('',(-1.073930471299,-39.98607584775,
    140.59220599196));
#2800 = CARTESIAN_POINT('',(-0.896670357791,-39.99080970886,
    140.46539422428));
#2801 = CARTESIAN_POINT('',(-0.695400731819,-39.99509872082,
    140.36203226198));
#2802 = CARTESIAN_POINT('',(-0.474661935096,-39.99831356406,
    140.28854646538));
#2803 = CARTESIAN_POINT('',(-0.240458348834,-40.,140.25));
#2804 = CARTESIAN_POINT('',(-8.437694987151E-15,-40.,140.25));
#2805 = PCURVE('',#2010,#2806);
#2806 = DEFINITIONAL_REPRESENTATION('',(#2807),#2858);
#2807 = B_SPLINE_CURVE_WITH_KNOTS('',7,(#2808,#2809,#2810,#2811,#2812,
    #2813,#2814,#2815,#2816,#2817,#2818,#2819,#2820,#2821,#2822,#2823,
    #2824,#2825,#2826,#2827,#2828,#2829,#2830,#2831,#2832,#2833,#2834,
    #2835,#2836,#2837,#2838,#2839,#2840,#2841,#2842,#2843,#2844,#2845,
    #2846,#2847,#2848,#2849,#2850,#2851,#2852,#2853,#2854,#2855,#2856,
    #2857),.UNSPECIFIED.,.F.,.F.,(8,6,6,6,6,6,6,6,8),(0.,0.142508604455,
    0.277479939015,0.44612074948,0.592594335058,0.687570295537,
    0.792050167077,0.893222440208,1.),.UNSPECIFIED.);
#2808 = CARTESIAN_POINT('',(0.,5.));
#2809 = CARTESIAN_POINT('',(0.13746756708,5.));
#2810 = CARTESIAN_POINT('',(0.271307162653,4.998312023229));
#2811 = CARTESIAN_POINT('',(0.401657785497,4.995096538709));
#2812 = CARTESIAN_POINT('',(0.52834997605,4.990809061663));
#2813 = CARTESIAN_POINT('',(0.650945958066,4.986077085509));
#2814 = CARTESIAN_POINT('',(0.768589229762,4.98144478007));
#2815 = CARTESIAN_POINT('',(0.984828874629,4.973308856968));
#2816 = CARTESIAN_POINT('',(1.086680105932,4.969661558007));
#2817 = CARTESIAN_POINT('',(1.18600416555,4.966559292851));
#2818 = CARTESIAN_POINT('',(1.283447635862,4.964150507878));
#2819 = CARTESIAN_POINT('',(1.379640596085,4.962517569218));
#2820 = CARTESIAN_POINT('',(1.475194427023,4.961700414272));
#2821 = CARTESIAN_POINT('',(1.6902467413,4.961700414272));
#2822 = CARTESIAN_POINT('',(1.809631604181,4.96297600593));
#2823 = CARTESIAN_POINT('',(1.930314156382,4.96552559436));
#2824 = CARTESIAN_POINT('',(2.05342185764,4.969251995516));
#2825 = CARTESIAN_POINT('',(2.180209551696,4.973955249534));
#2826 = CARTESIAN_POINT('',(2.311929809745,4.979232409189));
#2827 = CARTESIAN_POINT('',(2.570747767713,4.988968575089));
#2828 = CARTESIAN_POINT('',(2.700482623724,4.993605420806));
#2829 = CARTESIAN_POINT('',(2.835663606986,4.997711348431));
#2830 = CARTESIAN_POINT('',(2.97413431979,5.000467180478));
#2831 = CARTESIAN_POINT('',(3.114227376964,5.001271534933));
#2832 = CARTESIAN_POINT('',(3.254488779202,5.000185481776));
#2833 = CARTESIAN_POINT('',(3.482681263163,4.995976876563));
#2834 = CARTESIAN_POINT('',(3.572443447556,4.993690632957));
#2835 = CARTESIAN_POINT('',(3.662197904221,4.99086059527));
#2836 = CARTESIAN_POINT('',(3.751954251516,4.987624177216));
#2837 = CARTESIAN_POINT('',(3.84171803742,4.984155232767));
#2838 = CARTESIAN_POINT('',(3.931483086384,4.98064333152));
#2839 = CARTESIAN_POINT('',(4.11997562573,4.973551381261));
#2840 = CARTESIAN_POINT('',(4.218715896501,4.969999289458));
#2841 = CARTESIAN_POINT('',(4.317445203091,4.966846706285));
#2842 = CARTESIAN_POINT('',(4.416175274423,4.964315689705));
#2843 = CARTESIAN_POINT('',(4.514914888167,4.962571839734));
#2844 = CARTESIAN_POINT('',(4.613658013179,4.961700414272));
#2845 = CARTESIAN_POINT('',(4.807994346599,4.961700414272));
#2846 = CARTESIAN_POINT('',(4.903547940954,4.962517626936));
#2847 = CARTESIAN_POINT('',(4.999738965786,4.964150575896));
#2848 = CARTESIAN_POINT('',(5.097179975824,4.96655928044));
#2849 = CARTESIAN_POINT('',(5.196502427284,4.969661462929));
#2850 = CARTESIAN_POINT('',(5.298353922406,4.973308762525));
#2851 = CARTESIAN_POINT('',(5.514552435741,4.98144313807));
#2852 = CARTESIAN_POINT('',(5.632210796303,4.986075847758));
#2853 = CARTESIAN_POINT('',(5.754844746633,4.990809708868));
#2854 = CARTESIAN_POINT('',(5.881576102355,4.995098720823));
#2855 = CARTESIAN_POINT('',(6.011949993625,4.998313564064));
#2856 = CARTESIAN_POINT('',(6.145780536417,5.));
#2857 = CARTESIAN_POINT('',(6.28318530718,5.));
#2858 = ( GEOMETRIC_REPRESENTATION_CONTEXT(2) 
PARAMETRIC_REPRESENTATION_CONTEXT() REPRESENTATION_CONTEXT('2D SPACE',''
  ) );
#2859 = PCURVE('',#2158,#2860);
#2860 = DEFINITIONAL_REPRESENTATION('',(#2861),#2912);
#2861 = B_SPLINE_CURVE_WITH_KNOTS('',7,(#2862,#2863,#2864,#2865,#2866,
    #2867,#2868,#2869,#2870,#2871,#2872,#2873,#2874,#2875,#2876,#2877,
    #2878,#2879,#2880,#2881,#2882,#2883,#2884,#2885,#2886,#2887,#2888,
    #2889,#2890,#2891,#2892,#2893,#2894,#2895,#2896,#2897,#2898,#2899,
    #2900,#2901,#2902,#2903,#2904,#2905,#2906,#2907,#2908,#2909,#2910,
    #2911),.UNSPECIFIED.,.T.,.F.,(8,6,6,6,6,6,6,6,8),(0.,0.142508604455,
    0.277479939015,0.44612074948,0.592594335058,0.687570295537,
    0.792050167077,0.893222440208,1.),.UNSPECIFIED.);
#2862 = CARTESIAN_POINT('',(4.712388980385,141.25));
#2863 = CARTESIAN_POINT('',(4.718403186444,141.25));
#2864 = CARTESIAN_POINT('',(4.724258672025,141.28858170695));
#2865 = CARTESIAN_POINT('',(4.729776226059,141.36208201382));
#2866 = CARTESIAN_POINT('',(4.734807161687,141.46541912469));
#2867 = CARTESIAN_POINT('',(4.739238927052,141.59218010306));
#2868 = CARTESIAN_POINT('',(4.743006489443,141.73475934849));
#2869 = CARTESIAN_POINT('',(4.749040258439,142.02633649096));
#2870 = CARTESIAN_POINT('',(4.751447218401,142.178070266));
#2871 = CARTESIAN_POINT('',(4.753345055522,142.33659176914));
#2872 = CARTESIAN_POINT('',(4.754752906539,142.49963789565));
#2873 = CARTESIAN_POINT('',(4.755686000912,142.66547732025));
#2874 = CARTESIAN_POINT('',(4.756152949125,142.8326966754));
#2875 = CARTESIAN_POINT('',(4.756152949125,143.20903822538));
#2876 = CARTESIAN_POINT('',(4.755424001457,143.41796312726));
#2877 = CARTESIAN_POINT('',(4.753967291697,143.62427955633));
#2878 = CARTESIAN_POINT('',(4.751760964815,143.82513931103));
#2879 = CARTESIAN_POINT('',(4.748769237155,144.01677627739));
#2880 = CARTESIAN_POINT('',(4.744950961276,144.19388863625));
#2881 = CARTESIAN_POINT('',(4.73622282512,144.48259799317));
#2882 = CARTESIAN_POINT('',(4.731377294263,144.60454697543));
#2883 = CARTESIAN_POINT('',(4.725840328795,144.70020945593));
#2884 = CARTESIAN_POINT('',(4.719812391345,144.75990388419));
#2885 = CARTESIAN_POINT('',(4.713561900519,144.77841367729));
#2886 = CARTESIAN_POINT('',(4.707375027217,144.75526683883));
#2887 = CARTESIAN_POINT('',(4.697704681181,144.65595580343));
#2888 = CARTESIAN_POINT('',(4.694002833916,144.60095702862));
#2889 = CARTESIAN_POINT('',(4.69045339707,144.53054460536));
#2890 = CARTESIAN_POINT('',(4.687103909875,144.44554407547));
#2891 = CARTESIAN_POINT('',(4.683998587639,144.34707352468));
#2892 = CARTESIAN_POINT('',(4.681177100491,144.23651814821));
#2893 = CARTESIAN_POINT('',(4.675917563367,143.98235515218));
#2894 = CARTESIAN_POINT('',(4.673545740098,143.83652590291));
#2895 = CARTESIAN_POINT('',(4.671601536,143.68014547546));
#2896 = CARTESIAN_POINT('',(4.670119337225,143.51562202062));
#2897 = CARTESIAN_POINT('',(4.669123016645,143.34558015748));
#2898 = CARTESIAN_POINT('',(4.668625011644,143.17277919261));
#2899 = CARTESIAN_POINT('',(4.668625011644,142.83269060912));
#2900 = CARTESIAN_POINT('',(4.669091993164,142.66547165223));
#2901 = CARTESIAN_POINT('',(4.67002509219,142.49963592981));
#2902 = CARTESIAN_POINT('',(4.671432903828,142.33659402952));
#2903 = CARTESIAN_POINT('',(4.67333068591,142.17807470768));
#2904 = CARTESIAN_POINT('',(4.67573763229,142.02633987564));
#2905 = CARTESIAN_POINT('',(4.681770253586,141.73481819485));
#2906 = CARTESIAN_POINT('',(4.68553785491,141.59220599196));
#2907 = CARTESIAN_POINT('',(4.689970879246,141.46539422428));
#2908 = CARTESIAN_POINT('',(4.69500360948,141.36203226198));
#2909 = CARTESIAN_POINT('',(4.700522431534,141.28854646538));
#2910 = CARTESIAN_POINT('',(4.706377521664,141.25));
#2911 = CARTESIAN_POINT('',(4.712388980385,141.25));
#2912 = ( GEOMETRIC_REPRESENTATION_CONTEXT(2) 
PARAMETRIC_REPRESENTATION_CONTEXT() REPRESENTATION_CONTEXT('2D SPACE',''
  ) );
#2913 = ORIENTED_EDGE('',*,*,#2729,.T.);
#2914 = ADVANCED_FACE('',(#2915,#2965,#2968,#2971),#2158,.F.);
#2915 = FACE_BOUND('',#2916,.F.);
#2916 = EDGE_LOOP('',(#2917,#2938,#2939,#2940,#2941,#2962,#2963,#2964));
#2917 = ORIENTED_EDGE('',*,*,#2918,.T.);
#2918 = EDGE_CURVE('',#2097,#2322,#2919,.T.);
#2919 = SEAM_CURVE('',#2920,(#2924,#2931),.PCURVE_S1.);
#2920 = LINE('',#2921,#2922);
#2921 = CARTESIAN_POINT('',(40.,-9.797174393179E-15,-1.));
#2922 = VECTOR('',#2923,1.);
#2923 = DIRECTION('',(0.,0.,1.));
#2924 = PCURVE('',#2158,#2925);
#2925 = DEFINITIONAL_REPRESENTATION('',(#2926),#2930);
#2926 = LINE('',#2927,#2928);
#2927 = CARTESIAN_POINT('',(6.28318530718,-0.));
#2928 = VECTOR('',#2929,1.);
#2929 = DIRECTION('',(0.,1.));
#2930 = ( GEOMETRIC_REPRESENTATION_CONTEXT(2) 
PARAMETRIC_REPRESENTATION_CONTEXT() REPRESENTATION_CONTEXT('2D SPACE',''
  ) );
#2931 = PCURVE('',#2158,#2932);
#2932 = DEFINITIONAL_REPRESENTATION('',(#2933),#2937);
#2933 = LINE('',#2934,#2935);
#2934 = CARTESIAN_POINT('',(0.,-0.));
#2935 = VECTOR('',#2936,1.);
#2936 = DIRECTION('',(0.,1.));
#2937 = ( GEOMETRIC_REPRESENTATION_CONTEXT(2) 
PARAMETRIC_REPRESENTATION_CONTEXT() REPRESENTATION_CONTEXT('2D SPACE',''
  ) );
#2938 = ORIENTED_EDGE('',*,*,#2321,.F.);
#2939 = ORIENTED_EDGE('',*,*,#2918,.F.);
#2940 = ORIENTED_EDGE('',*,*,#2096,.F.);
#2941 = ORIENTED_EDGE('',*,*,#2942,.F.);
#2942 = EDGE_CURVE('',#2292,#2074,#2943,.T.);
#2943 = SEAM_CURVE('',#2944,(#2948,#2955),.PCURVE_S1.);
#2944 = LINE('',#2945,#2946);
#2945 = CARTESIAN_POINT('',(40.,-9.797174393179E-15,-1.));
#2946 = VECTOR('',#2947,1.);
#2947 = DIRECTION('',(0.,0.,1.));
#2948 = PCURVE('',#2158,#2949);
#2949 = DEFINITIONAL_REPRESENTATION('',(#2950),#2954);
#2950 = LINE('',#2951,#2952);
#2951 = CARTESIAN_POINT('',(6.28318530718,-0.));
#2952 = VECTOR('',#2953,1.);
#2953 = DIRECTION('',(0.,1.));
#2954 = ( GEOMETRIC_REPRESENTATION_CONTEXT(2) 
PARAMETRIC_REPRESENTATION_CONTEXT() REPRESENTATION_CONTEXT('2D SPACE',''
  ) );
#2955 = PCURVE('',#2158,#2956);
#2956 = DEFINITIONAL_REPRESENTATION('',(#2957),#2961);
#2957 = LINE('',#2958,#2959);
#2958 = CARTESIAN_POINT('',(0.,-0.));
#2959 = VECTOR('',#2960,1.);
#2960 = DIRECTION('',(0.,1.));
#2961 = ( GEOMETRIC_REPRESENTATION_CONTEXT(2) 
PARAMETRIC_REPRESENTATION_CONTEXT() REPRESENTATION_CONTEXT('2D SPACE',''
  ) );
#2962 = ORIENTED_EDGE('',*,*,#2291,.T.);
#2963 = ORIENTED_EDGE('',*,*,#2942,.T.);
#2964 = ORIENTED_EDGE('',*,*,#2193,.F.);
#2965 = FACE_BOUND('',#2966,.F.);
#2966 = EDGE_LOOP('',(#2967));
#2967 = ORIENTED_EDGE('',*,*,#2372,.F.);
#2968 = FACE_BOUND('',#2969,.F.);
#2969 = EDGE_LOOP('',(#2970));
#2970 = ORIENTED_EDGE('',*,*,#2562,.F.);
#2971 = FACE_BOUND('',#2972,.F.);
#2972 = EDGE_LOOP('',(#2973));
#2973 = ORIENTED_EDGE('',*,*,#2752,.F.);
#2974 = ( GEOMETRIC_REPRESENTATION_CONTEXT(3) 
GLOBAL_UNCERTAINTY_ASSIGNED_CONTEXT((#2978)) 
GLOBAL_UNIT_ASSIGNED_CONTEXT((#2975,#2976,#2977)) REPRESENTATION_CONTEXT
('Context #1','3D Context with UNIT and UNCERTAINTY') );
#2975 = ( LENGTH_UNIT() NAMED_UNIT(*) SI_UNIT(.MILLI.,.METRE.) );
#2976 = ( NAMED_UNIT(*) PLANE_ANGLE_UNIT() SI_UNIT($,.RADIAN.) );
#2977 = ( NAMED_UNIT(*) SI_UNIT($,.STERADIAN.) SOLID_ANGLE_UNIT() );
#2978 = UNCERTAINTY_MEASURE_WITH_UNIT(LENGTH_MEASURE(1.E-07),#2975,
  'distance_accuracy_value','confusion accuracy');
#2979 = CONTEXT_DEPENDENT_SHAPE_REPRESENTATION(#2980,#2982);
#2980 = ( REPRESENTATION_RELATIONSHIP('','',#1229,#10) 
REPRESENTATION_RELATIONSHIP_WITH_TRANSFORMATION(#2981) 
SHAPE_REPRESENTATION_RELATIONSHIP() );
#2981 = ITEM_DEFINED_TRANSFORMATION('','',#11,#19);
#2982 = PRODUCT_DEFINITION_SHAPE('Placement','Placement of an item',
  #2983);
#2983 = NEXT_ASSEMBLY_USAGE_OCCURRENCE('5','','',#5,#1224,$);
#2984 = PRODUCT_RELATED_PRODUCT_CATEGORY('part',$,(#1226));
#2985 = SHAPE_DEFINITION_REPRESENTATION(#2986,#2992);
#2986 = PRODUCT_DEFINITION_SHAPE('','',#2987);
#2987 = PRODUCT_DEFINITION('design','',#2988,#2991);
#2988 = PRODUCT_DEFINITION_FORMATION('','',#2989);
#2989 = PRODUCT('Open CASCADE STEP translator 7.9 2.3',
  'Open CASCADE STEP translator 7.9 2.3','',(#2990));
#2990 = PRODUCT_CONTEXT('',#2,'mechanical');
#2991 = PRODUCT_DEFINITION_CONTEXT('part definition',#2,'design');
#2992 = ADVANCED_BREP_SHAPE_REPRESENTATION('',(#11,#2993),#3175);
#2993 = MANIFOLD_SOLID_BREP('',#2994);
#2994 = CLOSED_SHELL('',(#2995,#3083,#3118,#3148));
#2995 = ADVANCED_FACE('',(#2996),#3009,.T.);
#2996 = FACE_BOUND('',#2997,.T.);
#2997 = EDGE_LOOP('',(#2998,#3032,#3055,#3082));
#2998 = ORIENTED_EDGE('',*,*,#2999,.F.);
#2999 = EDGE_CURVE('',#3000,#3000,#3002,.T.);
#3000 = VERTEX_POINT('',#3001);
#3001 = CARTESIAN_POINT('',(39.6,-9.699202649247E-15,0.));
#3002 = SURFACE_CURVE('',#3003,(#3008,#3020),.PCURVE_S1.);
#3003 = CIRCLE('',#3004,39.6);
#3004 = AXIS2_PLACEMENT_3D('',#3005,#3006,#3007);
#3005 = CARTESIAN_POINT('',(0.,0.,0.));
#3006 = DIRECTION('',(0.,0.,1.));
#3007 = DIRECTION('',(1.,0.,-0.));
#3008 = PCURVE('',#3009,#3014);
#3009 = CYLINDRICAL_SURFACE('',#3010,39.6);
#3010 = AXIS2_PLACEMENT_3D('',#3011,#3012,#3013);
#3011 = CARTESIAN_POINT('',(0.,0.,-22.));
#3012 = DIRECTION('',(0.,0.,1.));
#3013 = DIRECTION('',(1.,0.,-0.));
#3014 = DEFINITIONAL_REPRESENTATION('',(#3015),#3019);
#3015 = LINE('',#3016,#3017);
#3016 = CARTESIAN_POINT('',(0.,22.));
#3017 = VECTOR('',#3018,1.);
#3018 = DIRECTION('',(1.,0.));
#3019 = ( GEOMETRIC_REPRESENTATION_CONTEXT(2) 
PARAMETRIC_REPRESENTATION_CONTEXT() REPRESENTATION_CONTEXT('2D SPACE',''
  ) );
#3020 = PCURVE('',#3021,#3026);
#3021 = PLANE('',#3022);
#3022 = AXIS2_PLACEMENT_3D('',#3023,#3024,#3025);
#3023 = CARTESIAN_POINT('',(0.,0.,0.));
#3024 = DIRECTION('',(0.,0.,1.));
#3025 = DIRECTION('',(1.,0.,-0.));
#3026 = DEFINITIONAL_REPRESENTATION('',(#3027),#3031);
#3027 = CIRCLE('',#3028,39.6);
#3028 = AXIS2_PLACEMENT_2D('',#3029,#3030);
#3029 = CARTESIAN_POINT('',(0.,0.));
#3030 = DIRECTION('',(1.,0.));
#3031 = ( GEOMETRIC_REPRESENTATION_CONTEXT(2) 
PARAMETRIC_REPRESENTATION_CONTEXT() REPRESENTATION_CONTEXT('2D SPACE',''
  ) );
#3032 = ORIENTED_EDGE('',*,*,#3033,.F.);
#3033 = EDGE_CURVE('',#3034,#3000,#3036,.T.);
#3034 = VERTEX_POINT('',#3035);
#3035 = CARTESIAN_POINT('',(39.6,-9.699202649247E-15,-22.));
#3036 = SEAM_CURVE('',#3037,(#3041,#3048),.PCURVE_S1.);
#3037 = LINE('',#3038,#3039);
#3038 = CARTESIAN_POINT('',(39.6,-9.699202649247E-15,-22.));
#3039 = VECTOR('',#3040,1.);
#3040 = DIRECTION('',(0.,0.,1.));
#3041 = PCURVE('',#3009,#3042);
#3042 = DEFINITIONAL_REPRESENTATION('',(#3043),#3047);
#3043 = LINE('',#3044,#3045);
#3044 = CARTESIAN_POINT('',(6.28318530718,-0.));
#3045 = VECTOR('',#3046,1.);
#3046 = DIRECTION('',(0.,1.));
#3047 = ( GEOMETRIC_REPRESENTATION_CONTEXT(2) 
PARAMETRIC_REPRESENTATION_CONTEXT() REPRESENTATION_CONTEXT('2D SPACE',''
  ) );
#3048 = PCURVE('',#3009,#3049);
#3049 = DEFINITIONAL_REPRESENTATION('',(#3050),#3054);
#3050 = LINE('',#3051,#3052);
#3051 = CARTESIAN_POINT('',(0.,-0.));
#3052 = VECTOR('',#3053,1.);
#3053 = DIRECTION('',(0.,1.));
#3054 = ( GEOMETRIC_REPRESENTATION_CONTEXT(2) 
PARAMETRIC_REPRESENTATION_CONTEXT() REPRESENTATION_CONTEXT('2D SPACE',''
  ) );
#3055 = ORIENTED_EDGE('',*,*,#3056,.T.);
#3056 = EDGE_CURVE('',#3034,#3034,#3057,.T.);
#3057 = SURFACE_CURVE('',#3058,(#3063,#3070),.PCURVE_S1.);
#3058 = CIRCLE('',#3059,39.6);
#3059 = AXIS2_PLACEMENT_3D('',#3060,#3061,#3062);
#3060 = CARTESIAN_POINT('',(0.,0.,-22.));
#3061 = DIRECTION('',(0.,0.,1.));
#3062 = DIRECTION('',(1.,0.,-0.));
#3063 = PCURVE('',#3009,#3064);
#3064 = DEFINITIONAL_REPRESENTATION('',(#3065),#3069);
#3065 = LINE('',#3066,#3067);
#3066 = CARTESIAN_POINT('',(0.,0.));
#3067 = VECTOR('',#3068,1.);
#3068 = DIRECTION('',(1.,0.));
#3069 = ( GEOMETRIC_REPRESENTATION_CONTEXT(2) 
PARAMETRIC_REPRESENTATION_CONTEXT() REPRESENTATION_CONTEXT('2D SPACE',''
  ) );
#3070 = PCURVE('',#3071,#3076);
#3071 = PLANE('',#3072);
#3072 = AXIS2_PLACEMENT_3D('',#3073,#3074,#3075);
#3073 = CARTESIAN_POINT('',(0.,0.,-22.));
#3074 = DIRECTION('',(0.,0.,1.));
#3075 = DIRECTION('',(1.,0.,-0.));
#3076 = DEFINITIONAL_REPRESENTATION('',(#3077),#3081);
#3077 = CIRCLE('',#3078,39.6);
#3078 = AXIS2_PLACEMENT_2D('',#3079,#3080);
#3079 = CARTESIAN_POINT('',(0.,0.));
#3080 = DIRECTION('',(1.,0.));
#3081 = ( GEOMETRIC_REPRESENTATION_CONTEXT(2) 
PARAMETRIC_REPRESENTATION_CONTEXT() REPRESENTATION_CONTEXT('2D SPACE',''
  ) );
#3082 = ORIENTED_EDGE('',*,*,#3033,.T.);
#3083 = ADVANCED_FACE('',(#3084,#3087),#3021,.T.);
#3084 = FACE_BOUND('',#3085,.T.);
#3085 = EDGE_LOOP('',(#3086));
#3086 = ORIENTED_EDGE('',*,*,#2999,.T.);
#3087 = FACE_BOUND('',#3088,.T.);
#3088 = EDGE_LOOP('',(#3089));
#3089 = ORIENTED_EDGE('',*,*,#3090,.F.);
#3090 = EDGE_CURVE('',#3091,#3091,#3093,.T.);
#3091 = VERTEX_POINT('',#3092);
#3092 = CARTESIAN_POINT('',(37.2,-9.111372185656E-15,0.));
#3093 = SURFACE_CURVE('',#3094,(#3099,#3106),.PCURVE_S1.);
#3094 = CIRCLE('',#3095,37.2);
#3095 = AXIS2_PLACEMENT_3D('',#3096,#3097,#3098);
#3096 = CARTESIAN_POINT('',(0.,0.,0.));
#3097 = DIRECTION('',(0.,0.,1.));
#3098 = DIRECTION('',(1.,0.,-0.));
#3099 = PCURVE('',#3021,#3100);
#3100 = DEFINITIONAL_REPRESENTATION('',(#3101),#3105);
#3101 = CIRCLE('',#3102,37.2);
#3102 = AXIS2_PLACEMENT_2D('',#3103,#3104);
#3103 = CARTESIAN_POINT('',(0.,0.));
#3104 = DIRECTION('',(1.,0.));
#3105 = ( GEOMETRIC_REPRESENTATION_CONTEXT(2) 
PARAMETRIC_REPRESENTATION_CONTEXT() REPRESENTATION_CONTEXT('2D SPACE',''
  ) );
#3106 = PCURVE('',#3107,#3112);
#3107 = CYLINDRICAL_SURFACE('',#3108,37.2);
#3108 = AXIS2_PLACEMENT_3D('',#3109,#3110,#3111);
#3109 = CARTESIAN_POINT('',(0.,0.,-23.));
#3110 = DIRECTION('',(0.,0.,1.));
#3111 = DIRECTION('',(1.,0.,-0.));
#3112 = DEFINITIONAL_REPRESENTATION('',(#3113),#3117);
#3113 = LINE('',#3114,#3115);
#3114 = CARTESIAN_POINT('',(0.,23.));
#3115 = VECTOR('',#3116,1.);
#3116 = DIRECTION('',(1.,0.));
#3117 = ( GEOMETRIC_REPRESENTATION_CONTEXT(2) 
PARAMETRIC_REPRESENTATION_CONTEXT() REPRESENTATION_CONTEXT('2D SPACE',''
  ) );
#3118 = ADVANCED_FACE('',(#3119,#3122),#3071,.F.);
#3119 = FACE_BOUND('',#3120,.F.);
#3120 = EDGE_LOOP('',(#3121));
#3121 = ORIENTED_EDGE('',*,*,#3056,.T.);
#3122 = FACE_BOUND('',#3123,.F.);
#3123 = EDGE_LOOP('',(#3124));
#3124 = ORIENTED_EDGE('',*,*,#3125,.F.);
#3125 = EDGE_CURVE('',#3126,#3126,#3128,.T.);
#3126 = VERTEX_POINT('',#3127);
#3127 = CARTESIAN_POINT('',(37.2,-9.111372185656E-15,-22.));
#3128 = SURFACE_CURVE('',#3129,(#3134,#3141),.PCURVE_S1.);
#3129 = CIRCLE('',#3130,37.2);
#3130 = AXIS2_PLACEMENT_3D('',#3131,#3132,#3133);
#3131 = CARTESIAN_POINT('',(0.,0.,-22.));
#3132 = DIRECTION('',(0.,0.,1.));
#3133 = DIRECTION('',(1.,0.,-0.));
#3134 = PCURVE('',#3071,#3135);
#3135 = DEFINITIONAL_REPRESENTATION('',(#3136),#3140);
#3136 = CIRCLE('',#3137,37.2);
#3137 = AXIS2_PLACEMENT_2D('',#3138,#3139);
#3138 = CARTESIAN_POINT('',(0.,0.));
#3139 = DIRECTION('',(1.,0.));
#3140 = ( GEOMETRIC_REPRESENTATION_CONTEXT(2) 
PARAMETRIC_REPRESENTATION_CONTEXT() REPRESENTATION_CONTEXT('2D SPACE',''
  ) );
#3141 = PCURVE('',#3107,#3142);
#3142 = DEFINITIONAL_REPRESENTATION('',(#3143),#3147);
#3143 = LINE('',#3144,#3145);
#3144 = CARTESIAN_POINT('',(0.,1.));
#3145 = VECTOR('',#3146,1.);
#3146 = DIRECTION('',(1.,0.));
#3147 = ( GEOMETRIC_REPRESENTATION_CONTEXT(2) 
PARAMETRIC_REPRESENTATION_CONTEXT() REPRESENTATION_CONTEXT('2D SPACE',''
  ) );
#3148 = ADVANCED_FACE('',(#3149),#3107,.F.);
#3149 = FACE_BOUND('',#3150,.F.);
#3150 = EDGE_LOOP('',(#3151,#3152,#3173,#3174));
#3151 = ORIENTED_EDGE('',*,*,#3090,.F.);
#3152 = ORIENTED_EDGE('',*,*,#3153,.F.);
#3153 = EDGE_CURVE('',#3126,#3091,#3154,.T.);
#3154 = SEAM_CURVE('',#3155,(#3159,#3166),.PCURVE_S1.);
#3155 = LINE('',#3156,#3157);
#3156 = CARTESIAN_POINT('',(37.2,-9.111372185656E-15,-23.));
#3157 = VECTOR('',#3158,1.);
#3158 = DIRECTION('',(0.,0.,1.));
#3159 = PCURVE('',#3107,#3160);
#3160 = DEFINITIONAL_REPRESENTATION('',(#3161),#3165);
#3161 = LINE('',#3162,#3163);
#3162 = CARTESIAN_POINT('',(6.28318530718,-0.));
#3163 = VECTOR('',#3164,1.);
#3164 = DIRECTION('',(0.,1.));
#3165 = ( GEOMETRIC_REPRESENTATION_CONTEXT(2) 
PARAMETRIC_REPRESENTATION_CONTEXT() REPRESENTATION_CONTEXT('2D SPACE',''
  ) );
#3166 = PCURVE('',#3107,#3167);
#3167 = DEFINITIONAL_REPRESENTATION('',(#3168),#3172);
#3168 = LINE('',#3169,#3170);
#3169 = CARTESIAN_POINT('',(0.,-0.));
#3170 = VECTOR('',#3171,1.);
#3171 = DIRECTION('',(0.,1.));
#3172 = ( GEOMETRIC_REPRESENTATION_CONTEXT(2) 
PARAMETRIC_REPRESENTATION_CONTEXT() REPRESENTATION_CONTEXT('2D SPACE',''
  ) );
#3173 = ORIENTED_EDGE('',*,*,#3125,.T.);
#3174 = ORIENTED_EDGE('',*,*,#3153,.T.);
#3175 = ( GEOMETRIC_REPRESENTATION_CONTEXT(3) 
GLOBAL_UNCERTAINTY_ASSIGNED_CONTEXT((#3179)) 
GLOBAL_UNIT_ASSIGNED_CONTEXT((#3176,#3177,#3178)) REPRESENTATION_CONTEXT
('Context #1','3D Context with UNIT and UNCERTAINTY') );
#3176 = ( LENGTH_UNIT() NAMED_UNIT(*) SI_UNIT(.MILLI.,.METRE.) );
#3177 = ( NAMED_UNIT(*) PLANE_ANGLE_UNIT() SI_UNIT($,.RADIAN.) );
#3178 = ( NAMED_UNIT(*) SI_UNIT($,.STERADIAN.) SOLID_ANGLE_UNIT() );
#3179 = UNCERTAINTY_MEASURE_WITH_UNIT(LENGTH_MEASURE(1.E-07),#3176,
  'distance_accuracy_value','confusion accuracy');
#3180 = CONTEXT_DEPENDENT_SHAPE_REPRESENTATION(#3181,#3183);
#3181 = ( REPRESENTATION_RELATIONSHIP('','',#2992,#10) 
REPRESENTATION_RELATIONSHIP_WITH_TRANSFORMATION(#3182) 
SHAPE_REPRESENTATION_RELATIONSHIP() );
#3182 = ITEM_DEFINED_TRANSFORMATION('','',#11,#23);
#3183 = PRODUCT_DEFINITION_SHAPE('Placement','Placement of an item',
  #3184);
#3184 = NEXT_ASSEMBLY_USAGE_OCCURRENCE('6','','',#5,#2987,$);
#3185 = PRODUCT_RELATED_PRODUCT_CATEGORY('part',$,(#2989));
ENDSEC;
END-ISO-10303-21;
