ISO-10303-21;
HEADER;
FILE_DESCRIPTION(('Open CASCADE Model'),'2;1');
FILE_NAME('Open CASCADE Shape Model','2026-06-21T02:31:40',('Author'),(
    'Open CASCADE'),'Open CASCADE STEP processor 7.9','Open CASCADE 7.9'
  ,'Unknown');
FILE_SCHEMA(('AUTOMOTIVE_DESIGN { 1 0 10303 214 1 1 1 1 }'));
ENDSEC;
DATA;
#1 = APPLICATION_PROTOCOL_DEFINITION('international standard',
  'automotive_design',2000,#2);
#2 = APPLICATION_CONTEXT(
  'core data for automotive mechanical design processes');
#3 = SHAPE_DEFINITION_REPRESENTATION(#4,#10);
#4 = PRODUCT_DEFINITION_SHAPE('','',#5);
#5 = PRODUCT_DEFINITION('design','',#6,#9);
#6 = PRODUCT_DEFINITION_FORMATION('','',#7);
#7 = PRODUCT('Open CASCADE STEP translator 7.9 3',
  'Open CASCADE STEP translator 7.9 3','',(#8));
#8 = PRODUCT_CONTEXT('',#2,'mechanical');
#9 = PRODUCT_DEFINITION_CONTEXT('part definition',#2,'design');
#10 = SHAPE_REPRESENTATION('',(#11,#15,#19),#23);
#11 = AXIS2_PLACEMENT_3D('',#12,#13,#14);
#12 = CARTESIAN_POINT('',(0.,0.,0.));
#13 = DIRECTION('',(0.,0.,1.));
#14 = DIRECTION('',(1.,0.,-0.));
#15 = AXIS2_PLACEMENT_3D('',#16,#17,#18);
#16 = CARTESIAN_POINT('',(0.,0.,0.));
#17 = DIRECTION('',(0.,0.,1.));
#18 = DIRECTION('',(1.,0.,-0.));
#19 = AXIS2_PLACEMENT_3D('',#20,#21,#22);
#20 = CARTESIAN_POINT('',(0.,0.,0.));
#21 = DIRECTION('',(0.,0.,1.));
#22 = DIRECTION('',(1.,0.,-0.));
#23 = ( GEOMETRIC_REPRESENTATION_CONTEXT(3) 
GLOBAL_UNCERTAINTY_ASSIGNED_CONTEXT((#27)) GLOBAL_UNIT_ASSIGNED_CONTEXT(
(#24,#25,#26)) REPRESENTATION_CONTEXT('Context #1',
  '3D Context with UNIT and UNCERTAINTY') );
#24 = ( LENGTH_UNIT() NAMED_UNIT(*) SI_UNIT(.MILLI.,.METRE.) );
#25 = ( NAMED_UNIT(*) PLANE_ANGLE_UNIT() SI_UNIT($,.RADIAN.) );
#26 = ( NAMED_UNIT(*) SI_UNIT($,.STERADIAN.) SOLID_ANGLE_UNIT() );
#27 = UNCERTAINTY_MEASURE_WITH_UNIT(LENGTH_MEASURE(1.E-07),#24,
  'distance_accuracy_value','confusion accuracy');
#28 = PRODUCT_RELATED_PRODUCT_CATEGORY('part',$,(#7));
#29 = SHAPE_DEFINITION_REPRESENTATION(#30,#36);
#30 = PRODUCT_DEFINITION_SHAPE('','',#31);
#31 = PRODUCT_DEFINITION('design','',#32,#35);
#32 = PRODUCT_DEFINITION_FORMATION('','',#33);
#33 = PRODUCT('Open CASCADE STEP translator 7.9 3.1',
  'Open CASCADE STEP translator 7.9 3.1','',(#34));
#34 = PRODUCT_CONTEXT('',#2,'mechanical');
#35 = PRODUCT_DEFINITION_CONTEXT('part definition',#2,'design');
#36 = ADVANCED_BREP_SHAPE_REPRESENTATION('',(#11,#37),#2930);
#37 = MANIFOLD_SOLID_BREP('',#38);
#38 = CLOSED_SHELL('',(#39,#157,#234,#318,#368,#997,#1004,#1223,#1299,
    #1349,#1379,#1428,#1456,#1486,#1676,#1866,#2451,#2484,#2560,#2610,
    #2686,#2735,#2784,#2811,#2860,#2888,#2916,#2923));
#39 = ADVANCED_FACE('',(#40),#54,.F.);
#40 = FACE_BOUND('',#41,.F.);
#41 = EDGE_LOOP('',(#42,#77,#103,#131));
#42 = ORIENTED_EDGE('',*,*,#43,.F.);
#43 = EDGE_CURVE('',#44,#46,#48,.T.);
#44 = VERTEX_POINT('',#45);
#45 = CARTESIAN_POINT('',(-39.38273733503,-7.,8.));
#46 = VERTEX_POINT('',#47);
#47 = CARTESIAN_POINT('',(-37.9,-7.,8.));
#48 = SURFACE_CURVE('',#49,(#53,#65),.PCURVE_S1.);
#49 = LINE('',#50,#51);
#50 = CARTESIAN_POINT('',(-40.1,-7.,8.));
#51 = VECTOR('',#52,1.);
#52 = DIRECTION('',(1.,0.,-0.));
#53 = PCURVE('',#54,#59);
#54 = PLANE('',#55);
#55 = AXIS2_PLACEMENT_3D('',#56,#57,#58);
#56 = CARTESIAN_POINT('',(-40.1,-7.,8.));
#57 = DIRECTION('',(-0.,1.,0.));
#58 = DIRECTION('',(0.,0.,1.));
#59 = DEFINITIONAL_REPRESENTATION('',(#60),#64);
#60 = LINE('',#61,#62);
#61 = CARTESIAN_POINT('',(0.,0.));
#62 = VECTOR('',#63,1.);
#63 = DIRECTION('',(0.,1.));
#64 = ( GEOMETRIC_REPRESENTATION_CONTEXT(2) 
PARAMETRIC_REPRESENTATION_CONTEXT() REPRESENTATION_CONTEXT('2D SPACE',''
  ) );
#65 = PCURVE('',#66,#71);
#66 = PLANE('',#67);
#67 = AXIS2_PLACEMENT_3D('',#68,#69,#70);
#68 = CARTESIAN_POINT('',(-40.1,-7.,8.));
#69 = DIRECTION('',(0.,0.,1.));
#70 = DIRECTION('',(1.,0.,-0.));
#71 = DEFINITIONAL_REPRESENTATION('',(#72),#76);
#72 = LINE('',#73,#74);
#73 = CARTESIAN_POINT('',(0.,0.));
#74 = VECTOR('',#75,1.);
#75 = DIRECTION('',(1.,0.));
#76 = ( GEOMETRIC_REPRESENTATION_CONTEXT(2) 
PARAMETRIC_REPRESENTATION_CONTEXT() REPRESENTATION_CONTEXT('2D SPACE',''
  ) );
#77 = ORIENTED_EDGE('',*,*,#78,.T.);
#78 = EDGE_CURVE('',#44,#79,#81,.T.);
#79 = VERTEX_POINT('',#80);
#80 = CARTESIAN_POINT('',(-39.38273733503,-7.,102.));
#81 = SURFACE_CURVE('',#82,(#86,#92),.PCURVE_S1.);
#82 = LINE('',#83,#84);
#83 = CARTESIAN_POINT('',(-39.38273733503,-7.,-1.));
#84 = VECTOR('',#85,1.);
#85 = DIRECTION('',(0.,0.,1.));
#86 = PCURVE('',#54,#87);
#87 = DEFINITIONAL_REPRESENTATION('',(#88),#91);
#88 = B_SPLINE_CURVE_WITH_KNOTS('',1,(#89,#90),.UNSPECIFIED.,.F.,.F.,(2,
    2),(0.9999994,111.0000006),.PIECEWISE_BEZIER_KNOTS.);
#89 = CARTESIAN_POINT('',(-8.0000006,0.71726266497));
#90 = CARTESIAN_POINT('',(102.0000006,0.71726266497));
#91 = ( GEOMETRIC_REPRESENTATION_CONTEXT(2) 
PARAMETRIC_REPRESENTATION_CONTEXT() REPRESENTATION_CONTEXT('2D SPACE',''
  ) );
#92 = PCURVE('',#93,#98);
#93 = CYLINDRICAL_SURFACE('',#94,40.);
#94 = AXIS2_PLACEMENT_3D('',#95,#96,#97);
#95 = CARTESIAN_POINT('',(0.,0.,-1.));
#96 = DIRECTION('',(0.,0.,1.));
#97 = DIRECTION('',(1.,0.,-0.));
#98 = DEFINITIONAL_REPRESENTATION('',(#99),#102);
#99 = B_SPLINE_CURVE_WITH_KNOTS('',1,(#100,#101),.UNSPECIFIED.,.F.,.F.,(
    2,2),(0.9999994,111.0000006),.PIECEWISE_BEZIER_KNOTS.);
#100 = CARTESIAN_POINT('',(3.317498421754,0.9999994));
#101 = CARTESIAN_POINT('',(3.317498421754,111.0000006));
#102 = ( GEOMETRIC_REPRESENTATION_CONTEXT(2) 
PARAMETRIC_REPRESENTATION_CONTEXT() REPRESENTATION_CONTEXT('2D SPACE',''
  ) );
#103 = ORIENTED_EDGE('',*,*,#104,.T.);
#104 = EDGE_CURVE('',#79,#105,#107,.T.);
#105 = VERTEX_POINT('',#106);
#106 = CARTESIAN_POINT('',(-37.9,-7.,102.));
#107 = SURFACE_CURVE('',#108,(#112,#119),.PCURVE_S1.);
#108 = LINE('',#109,#110);
#109 = CARTESIAN_POINT('',(-40.1,-7.,102.));
#110 = VECTOR('',#111,1.);
#111 = DIRECTION('',(1.,0.,-0.));
#112 = PCURVE('',#54,#113);
#113 = DEFINITIONAL_REPRESENTATION('',(#114),#118);
#114 = LINE('',#115,#116);
#115 = CARTESIAN_POINT('',(94.,0.));
#116 = VECTOR('',#117,1.);
#117 = DIRECTION('',(0.,1.));
#118 = ( GEOMETRIC_REPRESENTATION_CONTEXT(2) 
PARAMETRIC_REPRESENTATION_CONTEXT() REPRESENTATION_CONTEXT('2D SPACE',''
  ) );
#119 = PCURVE('',#120,#125);
#120 = PLANE('',#121);
#121 = AXIS2_PLACEMENT_3D('',#122,#123,#124);
#122 = CARTESIAN_POINT('',(-40.1,-7.,102.));
#123 = DIRECTION('',(0.,0.,1.));
#124 = DIRECTION('',(1.,0.,-0.));
#125 = DEFINITIONAL_REPRESENTATION('',(#126),#130);
#126 = LINE('',#127,#128);
#127 = CARTESIAN_POINT('',(0.,0.));
#128 = VECTOR('',#129,1.);
#129 = DIRECTION('',(1.,0.));
#130 = ( GEOMETRIC_REPRESENTATION_CONTEXT(2) 
PARAMETRIC_REPRESENTATION_CONTEXT() REPRESENTATION_CONTEXT('2D SPACE',''
  ) );
#131 = ORIENTED_EDGE('',*,*,#132,.F.);
#132 = EDGE_CURVE('',#46,#105,#133,.T.);
#133 = SURFACE_CURVE('',#134,(#138,#145),.PCURVE_S1.);
#134 = LINE('',#135,#136);
#135 = CARTESIAN_POINT('',(-37.9,-7.,8.));
#136 = VECTOR('',#137,1.);
#137 = DIRECTION('',(0.,0.,1.));
#138 = PCURVE('',#54,#139);
#139 = DEFINITIONAL_REPRESENTATION('',(#140),#144);
#140 = LINE('',#141,#142);
#141 = CARTESIAN_POINT('',(0.,2.2));
#142 = VECTOR('',#143,1.);
#143 = DIRECTION('',(1.,0.));
#144 = ( GEOMETRIC_REPRESENTATION_CONTEXT(2) 
PARAMETRIC_REPRESENTATION_CONTEXT() REPRESENTATION_CONTEXT('2D SPACE',''
  ) );
#145 = PCURVE('',#146,#151);
#146 = PLANE('',#147);
#147 = AXIS2_PLACEMENT_3D('',#148,#149,#150);
#148 = CARTESIAN_POINT('',(-37.9,-7.,8.));
#149 = DIRECTION('',(1.,0.,-0.));
#150 = DIRECTION('',(0.,0.,1.));
#151 = DEFINITIONAL_REPRESENTATION('',(#152),#156);
#152 = LINE('',#153,#154);
#153 = CARTESIAN_POINT('',(0.,0.));
#154 = VECTOR('',#155,1.);
#155 = DIRECTION('',(1.,0.));
#156 = ( GEOMETRIC_REPRESENTATION_CONTEXT(2) 
PARAMETRIC_REPRESENTATION_CONTEXT() REPRESENTATION_CONTEXT('2D SPACE',''
  ) );
#157 = ADVANCED_FACE('',(#158),#66,.F.);
#158 = FACE_BOUND('',#159,.F.);
#159 = EDGE_LOOP('',(#160,#190,#212,#213));
#160 = ORIENTED_EDGE('',*,*,#161,.F.);
#161 = EDGE_CURVE('',#162,#164,#166,.T.);
#162 = VERTEX_POINT('',#163);
#163 = CARTESIAN_POINT('',(-39.38273733503,7.,8.));
#164 = VERTEX_POINT('',#165);
#165 = CARTESIAN_POINT('',(-37.9,7.,8.));
#166 = SURFACE_CURVE('',#167,(#171,#178),.PCURVE_S1.);
#167 = LINE('',#168,#169);
#168 = CARTESIAN_POINT('',(-40.1,7.,8.));
#169 = VECTOR('',#170,1.);
#170 = DIRECTION('',(1.,0.,-0.));
#171 = PCURVE('',#66,#172);
#172 = DEFINITIONAL_REPRESENTATION('',(#173),#177);
#173 = LINE('',#174,#175);
#174 = CARTESIAN_POINT('',(0.,14.));
#175 = VECTOR('',#176,1.);
#176 = DIRECTION('',(1.,0.));
#177 = ( GEOMETRIC_REPRESENTATION_CONTEXT(2) 
PARAMETRIC_REPRESENTATION_CONTEXT() REPRESENTATION_CONTEXT('2D SPACE',''
  ) );
#178 = PCURVE('',#179,#184);
#179 = PLANE('',#180);
#180 = AXIS2_PLACEMENT_3D('',#181,#182,#183);
#181 = CARTESIAN_POINT('',(-40.1,7.,8.));
#182 = DIRECTION('',(-0.,1.,0.));
#183 = DIRECTION('',(0.,0.,1.));
#184 = DEFINITIONAL_REPRESENTATION('',(#185),#189);
#185 = LINE('',#186,#187);
#186 = CARTESIAN_POINT('',(0.,0.));
#187 = VECTOR('',#188,1.);
#188 = DIRECTION('',(0.,1.));
#189 = ( GEOMETRIC_REPRESENTATION_CONTEXT(2) 
PARAMETRIC_REPRESENTATION_CONTEXT() REPRESENTATION_CONTEXT('2D SPACE',''
  ) );
#190 = ORIENTED_EDGE('',*,*,#191,.T.);
#191 = EDGE_CURVE('',#162,#44,#192,.T.);
#192 = SURFACE_CURVE('',#193,(#198,#205),.PCURVE_S1.);
#193 = CIRCLE('',#194,40.);
#194 = AXIS2_PLACEMENT_3D('',#195,#196,#197);
#195 = CARTESIAN_POINT('',(0.,0.,8.));
#196 = DIRECTION('',(0.,0.,1.));
#197 = DIRECTION('',(1.,0.,-0.));
#198 = PCURVE('',#66,#199);
#199 = DEFINITIONAL_REPRESENTATION('',(#200),#204);
#200 = CIRCLE('',#201,40.);
#201 = AXIS2_PLACEMENT_2D('',#202,#203);
#202 = CARTESIAN_POINT('',(40.1,7.));
#203 = DIRECTION('',(1.,0.));
#204 = ( GEOMETRIC_REPRESENTATION_CONTEXT(2) 
PARAMETRIC_REPRESENTATION_CONTEXT() REPRESENTATION_CONTEXT('2D SPACE',''
  ) );
#205 = PCURVE('',#93,#206);
#206 = DEFINITIONAL_REPRESENTATION('',(#207),#211);
#207 = LINE('',#208,#209);
#208 = CARTESIAN_POINT('',(0.,9.));
#209 = VECTOR('',#210,1.);
#210 = DIRECTION('',(1.,0.));
#211 = ( GEOMETRIC_REPRESENTATION_CONTEXT(2) 
PARAMETRIC_REPRESENTATION_CONTEXT() REPRESENTATION_CONTEXT('2D SPACE',''
  ) );
#212 = ORIENTED_EDGE('',*,*,#43,.T.);
#213 = ORIENTED_EDGE('',*,*,#214,.T.);
#214 = EDGE_CURVE('',#46,#164,#215,.T.);
#215 = SURFACE_CURVE('',#216,(#220,#227),.PCURVE_S1.);
#216 = LINE('',#217,#218);
#217 = CARTESIAN_POINT('',(-37.9,-7.,8.));
#218 = VECTOR('',#219,1.);
#219 = DIRECTION('',(-0.,1.,0.));
#220 = PCURVE('',#66,#221);
#221 = DEFINITIONAL_REPRESENTATION('',(#222),#226);
#222 = LINE('',#223,#224);
#223 = CARTESIAN_POINT('',(2.2,0.));
#224 = VECTOR('',#225,1.);
#225 = DIRECTION('',(0.,1.));
#226 = ( GEOMETRIC_REPRESENTATION_CONTEXT(2) 
PARAMETRIC_REPRESENTATION_CONTEXT() REPRESENTATION_CONTEXT('2D SPACE',''
  ) );
#227 = PCURVE('',#146,#228);
#228 = DEFINITIONAL_REPRESENTATION('',(#229),#233);
#229 = LINE('',#230,#231);
#230 = CARTESIAN_POINT('',(0.,0.));
#231 = VECTOR('',#232,1.);
#232 = DIRECTION('',(0.,-1.));
#233 = ( GEOMETRIC_REPRESENTATION_CONTEXT(2) 
PARAMETRIC_REPRESENTATION_CONTEXT() REPRESENTATION_CONTEXT('2D SPACE',''
  ) );
#234 = ADVANCED_FACE('',(#235,#283),#146,.T.);
#235 = FACE_BOUND('',#236,.T.);
#236 = EDGE_LOOP('',(#237,#238,#239,#262));
#237 = ORIENTED_EDGE('',*,*,#132,.F.);
#238 = ORIENTED_EDGE('',*,*,#214,.T.);
#239 = ORIENTED_EDGE('',*,*,#240,.T.);
#240 = EDGE_CURVE('',#164,#241,#243,.T.);
#241 = VERTEX_POINT('',#242);
#242 = CARTESIAN_POINT('',(-37.9,7.,102.));
#243 = SURFACE_CURVE('',#244,(#248,#255),.PCURVE_S1.);
#244 = LINE('',#245,#246);
#245 = CARTESIAN_POINT('',(-37.9,7.,8.));
#246 = VECTOR('',#247,1.);
#247 = DIRECTION('',(0.,0.,1.));
#248 = PCURVE('',#146,#249);
#249 = DEFINITIONAL_REPRESENTATION('',(#250),#254);
#250 = LINE('',#251,#252);
#251 = CARTESIAN_POINT('',(0.,-14.));
#252 = VECTOR('',#253,1.);
#253 = DIRECTION('',(1.,0.));
#254 = ( GEOMETRIC_REPRESENTATION_CONTEXT(2) 
PARAMETRIC_REPRESENTATION_CONTEXT() REPRESENTATION_CONTEXT('2D SPACE',''
  ) );
#255 = PCURVE('',#179,#256);
#256 = DEFINITIONAL_REPRESENTATION('',(#257),#261);
#257 = LINE('',#258,#259);
#258 = CARTESIAN_POINT('',(0.,2.2));
#259 = VECTOR('',#260,1.);
#260 = DIRECTION('',(1.,0.));
#261 = ( GEOMETRIC_REPRESENTATION_CONTEXT(2) 
PARAMETRIC_REPRESENTATION_CONTEXT() REPRESENTATION_CONTEXT('2D SPACE',''
  ) );
#262 = ORIENTED_EDGE('',*,*,#263,.F.);
#263 = EDGE_CURVE('',#105,#241,#264,.T.);
#264 = SURFACE_CURVE('',#265,(#269,#276),.PCURVE_S1.);
#265 = LINE('',#266,#267);
#266 = CARTESIAN_POINT('',(-37.9,-7.,102.));
#267 = VECTOR('',#268,1.);
#268 = DIRECTION('',(-0.,1.,0.));
#269 = PCURVE('',#146,#270);
#270 = DEFINITIONAL_REPRESENTATION('',(#271),#275);
#271 = LINE('',#272,#273);
#272 = CARTESIAN_POINT('',(94.,0.));
#273 = VECTOR('',#274,1.);
#274 = DIRECTION('',(0.,-1.));
#275 = ( GEOMETRIC_REPRESENTATION_CONTEXT(2) 
PARAMETRIC_REPRESENTATION_CONTEXT() REPRESENTATION_CONTEXT('2D SPACE',''
  ) );
#276 = PCURVE('',#120,#277);
#277 = DEFINITIONAL_REPRESENTATION('',(#278),#282);
#278 = LINE('',#279,#280);
#279 = CARTESIAN_POINT('',(2.2,0.));
#280 = VECTOR('',#281,1.);
#281 = DIRECTION('',(0.,1.));
#282 = ( GEOMETRIC_REPRESENTATION_CONTEXT(2) 
PARAMETRIC_REPRESENTATION_CONTEXT() REPRESENTATION_CONTEXT('2D SPACE',''
  ) );
#283 = FACE_BOUND('',#284,.T.);
#284 = EDGE_LOOP('',(#285));
#285 = ORIENTED_EDGE('',*,*,#286,.T.);
#286 = EDGE_CURVE('',#287,#287,#289,.T.);
#287 = VERTEX_POINT('',#288);
#288 = CARTESIAN_POINT('',(-37.9,5.07003774847E-15,94.25));
#289 = SURFACE_CURVE('',#290,(#295,#306),.PCURVE_S1.);
#290 = CIRCLE('',#291,1.75);
#291 = AXIS2_PLACEMENT_3D('',#292,#293,#294);
#292 = CARTESIAN_POINT('',(-37.9,4.641411368768E-15,96.));
#293 = DIRECTION('',(-1.,1.224646799147E-16,1.110223024625E-16));
#294 = DIRECTION('',(-1.110223024625E-16,1.359631073447E-32,-1.));
#295 = PCURVE('',#146,#296);
#296 = DEFINITIONAL_REPRESENTATION('',(#297),#305);
#297 = ( BOUNDED_CURVE() B_SPLINE_CURVE(2,(#298,#299,#300,#301,#302,#303
,#304),.UNSPECIFIED.,.T.,.F.) B_SPLINE_CURVE_WITH_KNOTS((1,2,2,2,2,1),(
    -2.094395102393,0.,2.094395102393,4.188790204786,6.28318530718,
8.377580409573),.UNSPECIFIED.) CURVE() GEOMETRIC_REPRESENTATION_ITEM() 
RATIONAL_B_SPLINE_CURVE((1.,0.5,1.,0.5,1.,0.5,1.)) REPRESENTATION_ITEM(
  '') );
#298 = CARTESIAN_POINT('',(86.25,-7.));
#299 = CARTESIAN_POINT('',(86.25,-3.968911086754));
#300 = CARTESIAN_POINT('',(88.875,-5.484455543377));
#301 = CARTESIAN_POINT('',(91.5,-7.));
#302 = CARTESIAN_POINT('',(88.875,-8.515544456623));
#303 = CARTESIAN_POINT('',(86.25,-10.03108891324));
#304 = CARTESIAN_POINT('',(86.25,-7.));
#305 = ( GEOMETRIC_REPRESENTATION_CONTEXT(2) 
PARAMETRIC_REPRESENTATION_CONTEXT() REPRESENTATION_CONTEXT('2D SPACE',''
  ) );
#306 = PCURVE('',#307,#312);
#307 = CYLINDRICAL_SURFACE('',#308,1.75);
#308 = AXIS2_PLACEMENT_3D('',#309,#310,#311);
#309 = CARTESIAN_POINT('',(-35.,4.286263797016E-15,96.));
#310 = DIRECTION('',(-1.,1.224646799147E-16,1.110223024625E-16));
#311 = DIRECTION('',(-1.110223024625E-16,1.359631073447E-32,-1.));
#312 = DEFINITIONAL_REPRESENTATION('',(#313),#317);
#313 = LINE('',#314,#315);
#314 = CARTESIAN_POINT('',(0.,2.9));
#315 = VECTOR('',#316,1.);
#316 = DIRECTION('',(1.,0.));
#317 = ( GEOMETRIC_REPRESENTATION_CONTEXT(2) 
PARAMETRIC_REPRESENTATION_CONTEXT() REPRESENTATION_CONTEXT('2D SPACE',''
  ) );
#318 = ADVANCED_FACE('',(#319),#120,.T.);
#319 = FACE_BOUND('',#320,.T.);
#320 = EDGE_LOOP('',(#321,#344,#366,#367));
#321 = ORIENTED_EDGE('',*,*,#322,.F.);
#322 = EDGE_CURVE('',#323,#241,#325,.T.);
#323 = VERTEX_POINT('',#324);
#324 = CARTESIAN_POINT('',(-39.38273733503,7.,102.));
#325 = SURFACE_CURVE('',#326,(#330,#337),.PCURVE_S1.);
#326 = LINE('',#327,#328);
#327 = CARTESIAN_POINT('',(-40.1,7.,102.));
#328 = VECTOR('',#329,1.);
#329 = DIRECTION('',(1.,0.,-0.));
#330 = PCURVE('',#120,#331);
#331 = DEFINITIONAL_REPRESENTATION('',(#332),#336);
#332 = LINE('',#333,#334);
#333 = CARTESIAN_POINT('',(0.,14.));
#334 = VECTOR('',#335,1.);
#335 = DIRECTION('',(1.,0.));
#336 = ( GEOMETRIC_REPRESENTATION_CONTEXT(2) 
PARAMETRIC_REPRESENTATION_CONTEXT() REPRESENTATION_CONTEXT('2D SPACE',''
  ) );
#337 = PCURVE('',#179,#338);
#338 = DEFINITIONAL_REPRESENTATION('',(#339),#343);
#339 = LINE('',#340,#341);
#340 = CARTESIAN_POINT('',(94.,0.));
#341 = VECTOR('',#342,1.);
#342 = DIRECTION('',(0.,1.));
#343 = ( GEOMETRIC_REPRESENTATION_CONTEXT(2) 
PARAMETRIC_REPRESENTATION_CONTEXT() REPRESENTATION_CONTEXT('2D SPACE',''
  ) );
#344 = ORIENTED_EDGE('',*,*,#345,.T.);
#345 = EDGE_CURVE('',#323,#79,#346,.T.);
#346 = SURFACE_CURVE('',#347,(#352,#359),.PCURVE_S1.);
#347 = CIRCLE('',#348,40.);
#348 = AXIS2_PLACEMENT_3D('',#349,#350,#351);
#349 = CARTESIAN_POINT('',(0.,0.,102.));
#350 = DIRECTION('',(0.,0.,1.));
#351 = DIRECTION('',(1.,0.,-0.));
#352 = PCURVE('',#120,#353);
#353 = DEFINITIONAL_REPRESENTATION('',(#354),#358);
#354 = CIRCLE('',#355,40.);
#355 = AXIS2_PLACEMENT_2D('',#356,#357);
#356 = CARTESIAN_POINT('',(40.1,7.));
#357 = DIRECTION('',(1.,0.));
#358 = ( GEOMETRIC_REPRESENTATION_CONTEXT(2) 
PARAMETRIC_REPRESENTATION_CONTEXT() REPRESENTATION_CONTEXT('2D SPACE',''
  ) );
#359 = PCURVE('',#93,#360);
#360 = DEFINITIONAL_REPRESENTATION('',(#361),#365);
#361 = LINE('',#362,#363);
#362 = CARTESIAN_POINT('',(0.,103.));
#363 = VECTOR('',#364,1.);
#364 = DIRECTION('',(1.,0.));
#365 = ( GEOMETRIC_REPRESENTATION_CONTEXT(2) 
PARAMETRIC_REPRESENTATION_CONTEXT() REPRESENTATION_CONTEXT('2D SPACE',''
  ) );
#366 = ORIENTED_EDGE('',*,*,#104,.T.);
#367 = ORIENTED_EDGE('',*,*,#263,.T.);
#368 = ADVANCED_FACE('',(#369,#631,#802,#826),#93,.F.);
#369 = FACE_BOUND('',#370,.F.);
#370 = EDGE_LOOP('',(#371,#399,#428,#451,#478,#479,#503,#529,#558,#581,
    #608,#609));
#371 = ORIENTED_EDGE('',*,*,#372,.T.);
#372 = EDGE_CURVE('',#373,#375,#377,.T.);
#373 = VERTEX_POINT('',#374);
#374 = CARTESIAN_POINT('',(39.38273733503,-7.,8.));
#375 = VERTEX_POINT('',#376);
#376 = CARTESIAN_POINT('',(39.38273733503,-7.,102.));
#377 = SURFACE_CURVE('',#378,(#382,#388),.PCURVE_S1.);
#378 = LINE('',#379,#380);
#379 = CARTESIAN_POINT('',(39.38273733503,-7.,-1.));
#380 = VECTOR('',#381,1.);
#381 = DIRECTION('',(0.,0.,1.));
#382 = PCURVE('',#93,#383);
#383 = DEFINITIONAL_REPRESENTATION('',(#384),#387);
#384 = B_SPLINE_CURVE_WITH_KNOTS('',1,(#385,#386),.UNSPECIFIED.,.F.,.F.,
  (2,2),(0.9999994,111.0000006),.PIECEWISE_BEZIER_KNOTS.);
#385 = CARTESIAN_POINT('',(6.107279539016,0.9999994));
#386 = CARTESIAN_POINT('',(6.107279539016,111.0000006));
#387 = ( GEOMETRIC_REPRESENTATION_CONTEXT(2) 
PARAMETRIC_REPRESENTATION_CONTEXT() REPRESENTATION_CONTEXT('2D SPACE',''
  ) );
#388 = PCURVE('',#389,#394);
#389 = PLANE('',#390);
#390 = AXIS2_PLACEMENT_3D('',#391,#392,#393);
#391 = CARTESIAN_POINT('',(37.9,-7.,8.));
#392 = DIRECTION('',(-0.,1.,0.));
#393 = DIRECTION('',(0.,0.,1.));
#394 = DEFINITIONAL_REPRESENTATION('',(#395),#398);
#395 = B_SPLINE_CURVE_WITH_KNOTS('',1,(#396,#397),.UNSPECIFIED.,.F.,.F.,
  (2,2),(0.9999994,111.0000006),.PIECEWISE_BEZIER_KNOTS.);
#396 = CARTESIAN_POINT('',(-8.0000006,1.48273733503));
#397 = CARTESIAN_POINT('',(102.0000006,1.48273733503));
#398 = ( GEOMETRIC_REPRESENTATION_CONTEXT(2) 
PARAMETRIC_REPRESENTATION_CONTEXT() REPRESENTATION_CONTEXT('2D SPACE',''
  ) );
#399 = ORIENTED_EDGE('',*,*,#400,.T.);
#400 = EDGE_CURVE('',#375,#401,#403,.T.);
#401 = VERTEX_POINT('',#402);
#402 = CARTESIAN_POINT('',(40.,-9.797174393179E-15,102.));
#403 = SURFACE_CURVE('',#404,(#409,#416),.PCURVE_S1.);
#404 = CIRCLE('',#405,40.);
#405 = AXIS2_PLACEMENT_3D('',#406,#407,#408);
#406 = CARTESIAN_POINT('',(0.,0.,102.));
#407 = DIRECTION('',(0.,0.,1.));
#408 = DIRECTION('',(1.,0.,-0.));
#409 = PCURVE('',#93,#410);
#410 = DEFINITIONAL_REPRESENTATION('',(#411),#415);
#411 = LINE('',#412,#413);
#412 = CARTESIAN_POINT('',(0.,103.));
#413 = VECTOR('',#414,1.);
#414 = DIRECTION('',(1.,0.));
#415 = ( GEOMETRIC_REPRESENTATION_CONTEXT(2) 
PARAMETRIC_REPRESENTATION_CONTEXT() REPRESENTATION_CONTEXT('2D SPACE',''
  ) );
#416 = PCURVE('',#417,#422);
#417 = PLANE('',#418);
#418 = AXIS2_PLACEMENT_3D('',#419,#420,#421);
#419 = CARTESIAN_POINT('',(37.9,-7.,102.));
#420 = DIRECTION('',(0.,0.,1.));
#421 = DIRECTION('',(1.,0.,-0.));
#422 = DEFINITIONAL_REPRESENTATION('',(#423),#427);
#423 = CIRCLE('',#424,40.);
#424 = AXIS2_PLACEMENT_2D('',#425,#426);
#425 = CARTESIAN_POINT('',(-37.9,7.));
#426 = DIRECTION('',(1.,0.));
#427 = ( GEOMETRIC_REPRESENTATION_CONTEXT(2) 
PARAMETRIC_REPRESENTATION_CONTEXT() REPRESENTATION_CONTEXT('2D SPACE',''
  ) );
#428 = ORIENTED_EDGE('',*,*,#429,.T.);
#429 = EDGE_CURVE('',#401,#430,#432,.T.);
#430 = VERTEX_POINT('',#431);
#431 = CARTESIAN_POINT('',(40.,-9.797174393179E-15,110.));
#432 = SEAM_CURVE('',#433,(#437,#444),.PCURVE_S1.);
#433 = LINE('',#434,#435);
#434 = CARTESIAN_POINT('',(40.,-9.797174393179E-15,-1.));
#435 = VECTOR('',#436,1.);
#436 = DIRECTION('',(0.,0.,1.));
#437 = PCURVE('',#93,#438);
#438 = DEFINITIONAL_REPRESENTATION('',(#439),#443);
#439 = LINE('',#440,#441);
#440 = CARTESIAN_POINT('',(0.,-0.));
#441 = VECTOR('',#442,1.);
#442 = DIRECTION('',(0.,1.));
#443 = ( GEOMETRIC_REPRESENTATION_CONTEXT(2) 
PARAMETRIC_REPRESENTATION_CONTEXT() REPRESENTATION_CONTEXT('2D SPACE',''
  ) );
#444 = PCURVE('',#93,#445);
#445 = DEFINITIONAL_REPRESENTATION('',(#446),#450);
#446 = LINE('',#447,#448);
#447 = CARTESIAN_POINT('',(6.28318530718,-0.));
#448 = VECTOR('',#449,1.);
#449 = DIRECTION('',(0.,1.));
#450 = ( GEOMETRIC_REPRESENTATION_CONTEXT(2) 
PARAMETRIC_REPRESENTATION_CONTEXT() REPRESENTATION_CONTEXT('2D SPACE',''
  ) );
#451 = ORIENTED_EDGE('',*,*,#452,.F.);
#452 = EDGE_CURVE('',#430,#430,#453,.T.);
#453 = SURFACE_CURVE('',#454,(#459,#466),.PCURVE_S1.);
#454 = CIRCLE('',#455,40.);
#455 = AXIS2_PLACEMENT_3D('',#456,#457,#458);
#456 = CARTESIAN_POINT('',(0.,0.,110.));
#457 = DIRECTION('',(0.,0.,1.));
#458 = DIRECTION('',(1.,0.,-0.));
#459 = PCURVE('',#93,#460);
#460 = DEFINITIONAL_REPRESENTATION('',(#461),#465);
#461 = LINE('',#462,#463);
#462 = CARTESIAN_POINT('',(0.,111.));
#463 = VECTOR('',#464,1.);
#464 = DIRECTION('',(1.,0.));
#465 = ( GEOMETRIC_REPRESENTATION_CONTEXT(2) 
PARAMETRIC_REPRESENTATION_CONTEXT() REPRESENTATION_CONTEXT('2D SPACE',''
  ) );
#466 = PCURVE('',#467,#472);
#467 = PLANE('',#468);
#468 = AXIS2_PLACEMENT_3D('',#469,#470,#471);
#469 = CARTESIAN_POINT('',(0.,0.,110.));
#470 = DIRECTION('',(0.,0.,1.));
#471 = DIRECTION('',(1.,0.,-0.));
#472 = DEFINITIONAL_REPRESENTATION('',(#473),#477);
#473 = CIRCLE('',#474,40.);
#474 = AXIS2_PLACEMENT_2D('',#475,#476);
#475 = CARTESIAN_POINT('',(0.,0.));
#476 = DIRECTION('',(1.,0.));
#477 = ( GEOMETRIC_REPRESENTATION_CONTEXT(2) 
PARAMETRIC_REPRESENTATION_CONTEXT() REPRESENTATION_CONTEXT('2D SPACE',''
  ) );
#478 = ORIENTED_EDGE('',*,*,#429,.F.);
#479 = ORIENTED_EDGE('',*,*,#480,.T.);
#480 = EDGE_CURVE('',#401,#481,#483,.T.);
#481 = VERTEX_POINT('',#482);
#482 = CARTESIAN_POINT('',(39.38273733503,7.,102.));
#483 = SURFACE_CURVE('',#484,(#489,#496),.PCURVE_S1.);
#484 = CIRCLE('',#485,40.);
#485 = AXIS2_PLACEMENT_3D('',#486,#487,#488);
#486 = CARTESIAN_POINT('',(0.,0.,102.));
#487 = DIRECTION('',(0.,0.,1.));
#488 = DIRECTION('',(1.,0.,-0.));
#489 = PCURVE('',#93,#490);
#490 = DEFINITIONAL_REPRESENTATION('',(#491),#495);
#491 = LINE('',#492,#493);
#492 = CARTESIAN_POINT('',(0.,103.));
#493 = VECTOR('',#494,1.);
#494 = DIRECTION('',(1.,0.));
#495 = ( GEOMETRIC_REPRESENTATION_CONTEXT(2) 
PARAMETRIC_REPRESENTATION_CONTEXT() REPRESENTATION_CONTEXT('2D SPACE',''
  ) );
#496 = PCURVE('',#417,#497);
#497 = DEFINITIONAL_REPRESENTATION('',(#498),#502);
#498 = CIRCLE('',#499,40.);
#499 = AXIS2_PLACEMENT_2D('',#500,#501);
#500 = CARTESIAN_POINT('',(-37.9,7.));
#501 = DIRECTION('',(1.,0.));
#502 = ( GEOMETRIC_REPRESENTATION_CONTEXT(2) 
PARAMETRIC_REPRESENTATION_CONTEXT() REPRESENTATION_CONTEXT('2D SPACE',''
  ) );
#503 = ORIENTED_EDGE('',*,*,#504,.F.);
#504 = EDGE_CURVE('',#505,#481,#507,.T.);
#505 = VERTEX_POINT('',#506);
#506 = CARTESIAN_POINT('',(39.38273733503,7.,8.));
#507 = SURFACE_CURVE('',#508,(#512,#518),.PCURVE_S1.);
#508 = LINE('',#509,#510);
#509 = CARTESIAN_POINT('',(39.38273733503,7.,-1.));
#510 = VECTOR('',#511,1.);
#511 = DIRECTION('',(0.,0.,1.));
#512 = PCURVE('',#93,#513);
#513 = DEFINITIONAL_REPRESENTATION('',(#514),#517);
#514 = B_SPLINE_CURVE_WITH_KNOTS('',1,(#515,#516),.UNSPECIFIED.,.F.,.F.,
  (2,2),(0.9999994,111.0000006),.PIECEWISE_BEZIER_KNOTS.);
#515 = CARTESIAN_POINT('',(0.175905768164,0.9999994));
#516 = CARTESIAN_POINT('',(0.175905768164,111.0000006));
#517 = ( GEOMETRIC_REPRESENTATION_CONTEXT(2) 
PARAMETRIC_REPRESENTATION_CONTEXT() REPRESENTATION_CONTEXT('2D SPACE',''
  ) );
#518 = PCURVE('',#519,#524);
#519 = PLANE('',#520);
#520 = AXIS2_PLACEMENT_3D('',#521,#522,#523);
#521 = CARTESIAN_POINT('',(37.9,7.,8.));
#522 = DIRECTION('',(-0.,1.,0.));
#523 = DIRECTION('',(0.,0.,1.));
#524 = DEFINITIONAL_REPRESENTATION('',(#525),#528);
#525 = B_SPLINE_CURVE_WITH_KNOTS('',1,(#526,#527),.UNSPECIFIED.,.F.,.F.,
  (2,2),(0.9999994,111.0000006),.PIECEWISE_BEZIER_KNOTS.);
#526 = CARTESIAN_POINT('',(-8.0000006,1.48273733503));
#527 = CARTESIAN_POINT('',(102.0000006,1.48273733503));
#528 = ( GEOMETRIC_REPRESENTATION_CONTEXT(2) 
PARAMETRIC_REPRESENTATION_CONTEXT() REPRESENTATION_CONTEXT('2D SPACE',''
  ) );
#529 = ORIENTED_EDGE('',*,*,#530,.F.);
#530 = EDGE_CURVE('',#531,#505,#533,.T.);
#531 = VERTEX_POINT('',#532);
#532 = CARTESIAN_POINT('',(40.,-9.797174393179E-15,8.));
#533 = SURFACE_CURVE('',#534,(#539,#546),.PCURVE_S1.);
#534 = CIRCLE('',#535,40.);
#535 = AXIS2_PLACEMENT_3D('',#536,#537,#538);
#536 = CARTESIAN_POINT('',(0.,0.,8.));
#537 = DIRECTION('',(0.,0.,1.));
#538 = DIRECTION('',(1.,0.,-0.));
#539 = PCURVE('',#93,#540);
#540 = DEFINITIONAL_REPRESENTATION('',(#541),#545);
#541 = LINE('',#542,#543);
#542 = CARTESIAN_POINT('',(0.,9.));
#543 = VECTOR('',#544,1.);
#544 = DIRECTION('',(1.,0.));
#545 = ( GEOMETRIC_REPRESENTATION_CONTEXT(2) 
PARAMETRIC_REPRESENTATION_CONTEXT() REPRESENTATION_CONTEXT('2D SPACE',''
  ) );
#546 = PCURVE('',#547,#552);
#547 = PLANE('',#548);
#548 = AXIS2_PLACEMENT_3D('',#549,#550,#551);
#549 = CARTESIAN_POINT('',(37.9,-7.,8.));
#550 = DIRECTION('',(0.,0.,1.));
#551 = DIRECTION('',(1.,0.,-0.));
#552 = DEFINITIONAL_REPRESENTATION('',(#553),#557);
#553 = CIRCLE('',#554,40.);
#554 = AXIS2_PLACEMENT_2D('',#555,#556);
#555 = CARTESIAN_POINT('',(-37.9,7.));
#556 = DIRECTION('',(1.,0.));
#557 = ( GEOMETRIC_REPRESENTATION_CONTEXT(2) 
PARAMETRIC_REPRESENTATION_CONTEXT() REPRESENTATION_CONTEXT('2D SPACE',''
  ) );
#558 = ORIENTED_EDGE('',*,*,#559,.F.);
#559 = EDGE_CURVE('',#560,#531,#562,.T.);
#560 = VERTEX_POINT('',#561);
#561 = CARTESIAN_POINT('',(40.,-9.797174393179E-15,0.));
#562 = SEAM_CURVE('',#563,(#567,#574),.PCURVE_S1.);
#563 = LINE('',#564,#565);
#564 = CARTESIAN_POINT('',(40.,-9.797174393179E-15,-1.));
#565 = VECTOR('',#566,1.);
#566 = DIRECTION('',(0.,0.,1.));
#567 = PCURVE('',#93,#568);
#568 = DEFINITIONAL_REPRESENTATION('',(#569),#573);
#569 = LINE('',#570,#571);
#570 = CARTESIAN_POINT('',(6.28318530718,-0.));
#571 = VECTOR('',#572,1.);
#572 = DIRECTION('',(0.,1.));
#573 = ( GEOMETRIC_REPRESENTATION_CONTEXT(2) 
PARAMETRIC_REPRESENTATION_CONTEXT() REPRESENTATION_CONTEXT('2D SPACE',''
  ) );
#574 = PCURVE('',#93,#575);
#575 = DEFINITIONAL_REPRESENTATION('',(#576),#580);
#576 = LINE('',#577,#578);
#577 = CARTESIAN_POINT('',(0.,-0.));
#578 = VECTOR('',#579,1.);
#579 = DIRECTION('',(0.,1.));
#580 = ( GEOMETRIC_REPRESENTATION_CONTEXT(2) 
PARAMETRIC_REPRESENTATION_CONTEXT() REPRESENTATION_CONTEXT('2D SPACE',''
  ) );
#581 = ORIENTED_EDGE('',*,*,#582,.T.);
#582 = EDGE_CURVE('',#560,#560,#583,.T.);
#583 = SURFACE_CURVE('',#584,(#589,#596),.PCURVE_S1.);
#584 = CIRCLE('',#585,40.);
#585 = AXIS2_PLACEMENT_3D('',#586,#587,#588);
#586 = CARTESIAN_POINT('',(0.,0.,0.));
#587 = DIRECTION('',(0.,0.,1.));
#588 = DIRECTION('',(1.,0.,-0.));
#589 = PCURVE('',#93,#590);
#590 = DEFINITIONAL_REPRESENTATION('',(#591),#595);
#591 = LINE('',#592,#593);
#592 = CARTESIAN_POINT('',(0.,1.));
#593 = VECTOR('',#594,1.);
#594 = DIRECTION('',(1.,0.));
#595 = ( GEOMETRIC_REPRESENTATION_CONTEXT(2) 
PARAMETRIC_REPRESENTATION_CONTEXT() REPRESENTATION_CONTEXT('2D SPACE',''
  ) );
#596 = PCURVE('',#597,#602);
#597 = PLANE('',#598);
#598 = AXIS2_PLACEMENT_3D('',#599,#600,#601);
#599 = CARTESIAN_POINT('',(0.,0.,0.));
#600 = DIRECTION('',(0.,0.,1.));
#601 = DIRECTION('',(1.,0.,-0.));
#602 = DEFINITIONAL_REPRESENTATION('',(#603),#607);
#603 = CIRCLE('',#604,40.);
#604 = AXIS2_PLACEMENT_2D('',#605,#606);
#605 = CARTESIAN_POINT('',(0.,0.));
#606 = DIRECTION('',(1.,0.));
#607 = ( GEOMETRIC_REPRESENTATION_CONTEXT(2) 
PARAMETRIC_REPRESENTATION_CONTEXT() REPRESENTATION_CONTEXT('2D SPACE',''
  ) );
#608 = ORIENTED_EDGE('',*,*,#559,.T.);
#609 = ORIENTED_EDGE('',*,*,#610,.F.);
#610 = EDGE_CURVE('',#373,#531,#611,.T.);
#611 = SURFACE_CURVE('',#612,(#617,#624),.PCURVE_S1.);
#612 = CIRCLE('',#613,40.);
#613 = AXIS2_PLACEMENT_3D('',#614,#615,#616);
#614 = CARTESIAN_POINT('',(0.,0.,8.));
#615 = DIRECTION('',(0.,0.,1.));
#616 = DIRECTION('',(1.,0.,-0.));
#617 = PCURVE('',#93,#618);
#618 = DEFINITIONAL_REPRESENTATION('',(#619),#623);
#619 = LINE('',#620,#621);
#620 = CARTESIAN_POINT('',(0.,9.));
#621 = VECTOR('',#622,1.);
#622 = DIRECTION('',(1.,0.));
#623 = ( GEOMETRIC_REPRESENTATION_CONTEXT(2) 
PARAMETRIC_REPRESENTATION_CONTEXT() REPRESENTATION_CONTEXT('2D SPACE',''
  ) );
#624 = PCURVE('',#547,#625);
#625 = DEFINITIONAL_REPRESENTATION('',(#626),#630);
#626 = CIRCLE('',#627,40.);
#627 = AXIS2_PLACEMENT_2D('',#628,#629);
#628 = CARTESIAN_POINT('',(-37.9,7.));
#629 = DIRECTION('',(1.,0.));
#630 = ( GEOMETRIC_REPRESENTATION_CONTEXT(2) 
PARAMETRIC_REPRESENTATION_CONTEXT() REPRESENTATION_CONTEXT('2D SPACE',''
  ) );
#631 = FACE_BOUND('',#632,.F.);
#632 = EDGE_LOOP('',(#633));
#633 = ORIENTED_EDGE('',*,*,#634,.F.);
#634 = EDGE_CURVE('',#635,#635,#637,.T.);
#635 = VERTEX_POINT('',#636);
#636 = CARTESIAN_POINT('',(4.869518478202E-15,40.,94.25));
#637 = SURFACE_CURVE('',#638,(#689,#743),.PCURVE_S1.);
#638 = B_SPLINE_CURVE_WITH_KNOTS('',7,(#639,#640,#641,#642,#643,#644,
    #645,#646,#647,#648,#649,#650,#651,#652,#653,#654,#655,#656,#657,
    #658,#659,#660,#661,#662,#663,#664,#665,#666,#667,#668,#669,#670,
    #671,#672,#673,#674,#675,#676,#677,#678,#679,#680,#681,#682,#683,
    #684,#685,#686,#687,#688),.UNSPECIFIED.,.T.,.F.,(8,6,6,6,6,6,6,6,8),
  (0.,0.142508606146,0.27747994136,0.446120752643,0.592594338662,
    0.687570299606,0.792050171544,0.893222443445,1.),.UNSPECIFIED.);
#639 = CARTESIAN_POINT('',(3.552713678801E-15,40.,94.25));
#640 = CARTESIAN_POINT('',(-0.240568240636,40.,94.25));
#641 = CARTESIAN_POINT('',(-0.474787651199,39.998312023238,
    94.288581706589));
#642 = CARTESIAN_POINT('',(-0.695475697844,39.995096538659,
    94.362082015654));
#643 = CARTESIAN_POINT('',(-0.896673544312,39.990809061763,
    94.465419121277));
#644 = CARTESIAN_POINT('',(-1.073883336324,39.986077085424,
    94.592180106008));
#645 = CARTESIAN_POINT('',(-1.224515300812,39.981444780099,
    94.734759347447));
#646 = CARTESIAN_POINT('',(-1.465728891734,39.973308856968,
    95.026336490968));
#647 = CARTESIAN_POINT('',(-1.561939019935,39.969661558007,
    95.178070266001));
#648 = CARTESIAN_POINT('',(-1.637789385948,39.966559292851,
    95.33659176914));
#649 = CARTESIAN_POINT('',(-1.694051920189,39.964150507878,
    95.499637895659));
#650 = CARTESIAN_POINT('',(-1.731339954865,39.962517569218,
    95.665477320254));
#651 = CARTESIAN_POINT('',(-1.75,39.961700414272,95.832696675399));
#652 = CARTESIAN_POINT('',(-1.75,39.961700414272,96.209038225384));
#653 = CARTESIAN_POINT('',(-1.720870009662,39.96297600593,
    96.417963127269));
#654 = CARTESIAN_POINT('',(-1.662657423066,39.96552559436,
    96.624279556336));
#655 = CARTESIAN_POINT('',(-1.57448294803,39.969251995516,
    96.825139311032));
#656 = CARTESIAN_POINT('',(-1.454905168846,39.973955249534,
    97.016776277395));
#657 = CARTESIAN_POINT('',(-1.302261930393,39.979232409189,
    97.193888636251));
#658 = CARTESIAN_POINT('',(-0.953272268548,39.988968575081,
    97.48259799293));
#659 = CARTESIAN_POINT('',(-0.759504915869,39.993605420817,
    97.604546975808));
#660 = CARTESIAN_POINT('',(-0.538059402204,39.997711348432,
    97.700209455866));
#661 = CARTESIAN_POINT('',(-0.296944619199,40.000467180466,
    97.759903883979));
#662 = CARTESIAN_POINT('',(-4.69142653054E-02,40.001271534943,
    97.778413677507));
#663 = CARTESIAN_POINT('',(0.200563429729,40.000185481771,97.75526683874
    ));
#664 = CARTESIAN_POINT('',(0.587354374958,39.995976876562,97.65595580342
    ));
#665 = CARTESIAN_POINT('',(0.735412153806,39.993690632957,
    97.600957028621));
#666 = CARTESIAN_POINT('',(0.877363646082,39.990860595271,
    97.530544605394));
#667 = CARTESIAN_POINT('',(1.011305918661,39.987624177216,
    97.445544075466));
#668 = CARTESIAN_POINT('',(1.135471411096,39.984155232766,
    97.347073524634));
#669 = CARTESIAN_POINT('',(1.248276622839,39.980643331521,
    97.236518148252));
#670 = CARTESIAN_POINT('',(1.458538539106,39.973551381264,
    96.982355152286));
#671 = CARTESIAN_POINT('',(1.553345626434,39.969999289455,96.83652590283
    ));
#672 = CARTESIAN_POINT('',(1.631050261725,39.966846706285,
    96.680145475348));
#673 = CARTESIAN_POINT('',(1.690284246171,39.964315689708,
    96.515622020707));
#674 = CARTESIAN_POINT('',(1.730098857706,39.962571839733,
    96.345580157636));
#675 = CARTESIAN_POINT('',(1.75,39.961700414272,96.172779192471));
#676 = CARTESIAN_POINT('',(1.75,39.961700414272,95.832690611929));
#677 = CARTESIAN_POINT('',(1.731338624483,39.962517626916,95.66547164533
    ));
#678 = CARTESIAN_POINT('',(1.694050400146,39.964150576001,
    95.499635934823));
#679 = CARTESIAN_POINT('',(1.637789448301,39.966559280233,
    95.336594032119));
#680 = CARTESIAN_POINT('',(1.561941270811,39.969661463118,
    95.178074701956));
#681 = CARTESIAN_POINT('',(1.465731693915,39.973308762453,
    95.026339878223));
#682 = CARTESIAN_POINT('',(1.224563983617,39.98144313807,94.734818194849
    ));
#683 = CARTESIAN_POINT('',(1.073930471297,39.986075847758,
    94.592205991964));
#684 = CARTESIAN_POINT('',(0.896670357796,39.990809708868,
    94.465394224291));
#685 = CARTESIAN_POINT('',(0.695400731823,39.995098720823,94.36203226199
    ));
#686 = CARTESIAN_POINT('',(0.474661935095,39.998313564064,
    94.288546465385));
#687 = CARTESIAN_POINT('',(0.240458348828,40.,94.25));
#688 = CARTESIAN_POINT('',(3.552713678801E-15,40.,94.25));
#689 = PCURVE('',#93,#690);
#690 = DEFINITIONAL_REPRESENTATION('',(#691),#742);
#691 = B_SPLINE_CURVE_WITH_KNOTS('',7,(#692,#693,#694,#695,#696,#697,
    #698,#699,#700,#701,#702,#703,#704,#705,#706,#707,#708,#709,#710,
    #711,#712,#713,#714,#715,#716,#717,#718,#719,#720,#721,#722,#723,
    #724,#725,#726,#727,#728,#729,#730,#731,#732,#733,#734,#735,#736,
    #737,#738,#739,#740,#741),.UNSPECIFIED.,.T.,.F.,(8,6,6,6,6,6,6,6,8),
  (0.,0.142508606146,0.27747994136,0.446120752643,0.592594338662,
    0.687570299606,0.792050171544,0.893222443445,1.),.UNSPECIFIED.);
#692 = CARTESIAN_POINT('',(1.570796326795,95.25));
#693 = CARTESIAN_POINT('',(1.576810532811,95.25));
#694 = CARTESIAN_POINT('',(1.582666018543,95.288581706589));
#695 = CARTESIAN_POINT('',(1.58818357238,95.362082015654));
#696 = CARTESIAN_POINT('',(1.593214508094,95.465419121277));
#697 = CARTESIAN_POINT('',(1.597646273509,95.592180106008));
#698 = CARTESIAN_POINT('',(1.601413835832,95.734759347447));
#699 = CARTESIAN_POINT('',(1.607447604849,96.026336490968));
#700 = CARTESIAN_POINT('',(1.609854564811,96.178070266001));
#701 = CARTESIAN_POINT('',(1.611752401932,96.33659176914));
#702 = CARTESIAN_POINT('',(1.613160252949,96.499637895659));
#703 = CARTESIAN_POINT('',(1.614093347323,96.665477320254));
#704 = CARTESIAN_POINT('',(1.614560295536,96.832696675399));
#705 = CARTESIAN_POINT('',(1.614560295536,97.209038225384));
#706 = CARTESIAN_POINT('',(1.613831347867,97.417963127269));
#707 = CARTESIAN_POINT('',(1.612374638107,97.624279556336));
#708 = CARTESIAN_POINT('',(1.610168311225,97.825139311032));
#709 = CARTESIAN_POINT('',(1.607176583565,98.016776277395));
#710 = CARTESIAN_POINT('',(1.603358307687,98.193888636251));
#711 = CARTESIAN_POINT('',(1.594630171538,98.48259799293));
#712 = CARTESIAN_POINT('',(1.589784640666,98.604546975808));
#713 = CARTESIAN_POINT('',(1.584247675196,98.700209455866));
#714 = CARTESIAN_POINT('',(1.578219737764,98.759903883979));
#715 = CARTESIAN_POINT('',(1.571969246938,98.778413677507));
#716 = CARTESIAN_POINT('',(1.565782373618,98.75526683874));
#717 = CARTESIAN_POINT('',(1.55611202759,98.65595580342));
#718 = CARTESIAN_POINT('',(1.552410180327,98.600957028621));
#719 = CARTESIAN_POINT('',(1.548860743481,98.530544605394));
#720 = CARTESIAN_POINT('',(1.545511256285,98.445544075466));
#721 = CARTESIAN_POINT('',(1.542405934049,98.347073524634));
#722 = CARTESIAN_POINT('',(1.539584446902,98.236518148252));
#723 = CARTESIAN_POINT('',(1.534324909779,97.982355152286));
#724 = CARTESIAN_POINT('',(1.531953086506,97.83652590283));
#725 = CARTESIAN_POINT('',(1.53000888241,97.680145475348));
#726 = CARTESIAN_POINT('',(1.528526683637,97.515622020707));
#727 = CARTESIAN_POINT('',(1.527530363054,97.345580157636));
#728 = CARTESIAN_POINT('',(1.527032358054,97.172779192471));
#729 = CARTESIAN_POINT('',(1.527032358054,96.832690611929));
#730 = CARTESIAN_POINT('',(1.527499339557,96.66547164533));
#731 = CARTESIAN_POINT('',(1.528432438681,96.499635934823));
#732 = CARTESIAN_POINT('',(1.529840250085,96.336594032119));
#733 = CARTESIAN_POINT('',(1.531738032459,96.178074701956));
#734 = CARTESIAN_POINT('',(1.534144978646,96.026339878223));
#735 = CARTESIAN_POINT('',(1.540177599996,95.734818194849));
#736 = CARTESIAN_POINT('',(1.54394520132,95.592205991964));
#737 = CARTESIAN_POINT('',(1.548378225656,95.465394224291));
#738 = CARTESIAN_POINT('',(1.55341095589,95.36203226199));
#739 = CARTESIAN_POINT('',(1.558929777944,95.288546465385));
#740 = CARTESIAN_POINT('',(1.564784868074,95.25));
#741 = CARTESIAN_POINT('',(1.570796326795,95.25));
#742 = ( GEOMETRIC_REPRESENTATION_CONTEXT(2) 
PARAMETRIC_REPRESENTATION_CONTEXT() REPRESENTATION_CONTEXT('2D SPACE',''
  ) );
#743 = PCURVE('',#744,#749);
#744 = CYLINDRICAL_SURFACE('',#745,1.75);
#745 = AXIS2_PLACEMENT_3D('',#746,#747,#748);
#746 = CARTESIAN_POINT('',(3.885780586188E-15,35.,96.));
#747 = DIRECTION('',(1.110223024625E-16,1.,1.110223024625E-16));
#748 = DIRECTION('',(1.232595164408E-32,1.110223024625E-16,-1.));
#749 = DEFINITIONAL_REPRESENTATION('',(#750),#801);
#750 = B_SPLINE_CURVE_WITH_KNOTS('',7,(#751,#752,#753,#754,#755,#756,
    #757,#758,#759,#760,#761,#762,#763,#764,#765,#766,#767,#768,#769,
    #770,#771,#772,#773,#774,#775,#776,#777,#778,#779,#780,#781,#782,
    #783,#784,#785,#786,#787,#788,#789,#790,#791,#792,#793,#794,#795,
    #796,#797,#798,#799,#800),.UNSPECIFIED.,.F.,.F.,(8,6,6,6,6,6,6,6,8),
  (0.,0.142508606146,0.27747994136,0.446120752643,0.592594338662,
    0.687570299606,0.792050171544,0.893222443445,1.),.UNSPECIFIED.);
#751 = CARTESIAN_POINT('',(0.,5.));
#752 = CARTESIAN_POINT('',(0.137467566078,5.));
#753 = CARTESIAN_POINT('',(0.271307164983,4.998312023238));
#754 = CARTESIAN_POINT('',(0.401657783951,4.995096538659));
#755 = CARTESIAN_POINT('',(0.528349975114,4.990809061763));
#756 = CARTESIAN_POINT('',(0.650945959878,4.986077085424));
#757 = CARTESIAN_POINT('',(0.768589228983,4.981444780099));
#758 = CARTESIAN_POINT('',(0.98482887463,4.973308856968));
#759 = CARTESIAN_POINT('',(1.086680105932,4.969661558007));
#760 = CARTESIAN_POINT('',(1.18600416555,4.966559292851));
#761 = CARTESIAN_POINT('',(1.283447635862,4.964150507878));
#762 = CARTESIAN_POINT('',(1.379640596085,4.962517569218));
#763 = CARTESIAN_POINT('',(1.475194427023,4.961700414272));
#764 = CARTESIAN_POINT('',(1.6902467413,4.961700414272));
#765 = CARTESIAN_POINT('',(1.809631604181,4.96297600593));
#766 = CARTESIAN_POINT('',(1.930314156382,4.96552559436));
#767 = CARTESIAN_POINT('',(2.053421857639,4.969251995516));
#768 = CARTESIAN_POINT('',(2.180209551696,4.973955249534));
#769 = CARTESIAN_POINT('',(2.311929809745,4.979232409189));
#770 = CARTESIAN_POINT('',(2.570747767492,4.988968575081));
#771 = CARTESIAN_POINT('',(2.700482623981,4.993605420817));
#772 = CARTESIAN_POINT('',(2.835663607102,4.997711348432));
#773 = CARTESIAN_POINT('',(2.974134319647,5.000467180466));
#774 = CARTESIAN_POINT('',(3.11422737674,5.001271534943));
#775 = CARTESIAN_POINT('',(3.254488779422,5.000185481771));
#776 = CARTESIAN_POINT('',(3.48268126319,4.995976876562));
#777 = CARTESIAN_POINT('',(3.572443447531,4.993690632957));
#778 = CARTESIAN_POINT('',(3.662197904197,4.990860595271));
#779 = CARTESIAN_POINT('',(3.751954251536,4.987624177216));
#780 = CARTESIAN_POINT('',(3.84171803745,4.984155232766));
#781 = CARTESIAN_POINT('',(3.931483086355,4.980643331521));
#782 = CARTESIAN_POINT('',(4.119975625654,4.973551381264));
#783 = CARTESIAN_POINT('',(4.218715896573,4.969999289455));
#784 = CARTESIAN_POINT('',(4.317445203156,4.966846706285));
#785 = CARTESIAN_POINT('',(4.416175274365,4.964315689708));
#786 = CARTESIAN_POINT('',(4.514914888085,4.962571839733));
#787 = CARTESIAN_POINT('',(4.613658013258,4.961700414272));
#788 = CARTESIAN_POINT('',(4.807994344996,4.961700414272));
#789 = CARTESIAN_POINT('',(4.903547944715,4.962517626916));
#790 = CARTESIAN_POINT('',(4.999738963651,4.964150576001));
#791 = CARTESIAN_POINT('',(5.097179973084,4.966559280233));
#792 = CARTESIAN_POINT('',(5.196502431673,4.969661463118));
#793 = CARTESIAN_POINT('',(5.298353920492,4.973308762453));
#794 = CARTESIAN_POINT('',(5.514552435745,4.98144313807));
#795 = CARTESIAN_POINT('',(5.632210796304,4.986075847758));
#796 = CARTESIAN_POINT('',(5.754844746629,4.990809708868));
#797 = CARTESIAN_POINT('',(5.881576102353,4.995098720823));
#798 = CARTESIAN_POINT('',(6.011949993625,4.998313564064));
#799 = CARTESIAN_POINT('',(6.14578053642,5.));
#800 = CARTESIAN_POINT('',(6.28318530718,5.));
#801 = ( GEOMETRIC_REPRESENTATION_CONTEXT(2) 
PARAMETRIC_REPRESENTATION_CONTEXT() REPRESENTATION_CONTEXT('2D SPACE',''
  ) );
#802 = FACE_BOUND('',#803,.F.);
#803 = EDGE_LOOP('',(#804,#805,#806,#825));
#804 = ORIENTED_EDGE('',*,*,#78,.F.);
#805 = ORIENTED_EDGE('',*,*,#191,.F.);
#806 = ORIENTED_EDGE('',*,*,#807,.T.);
#807 = EDGE_CURVE('',#162,#323,#808,.T.);
#808 = SURFACE_CURVE('',#809,(#813,#819),.PCURVE_S1.);
#809 = LINE('',#810,#811);
#810 = CARTESIAN_POINT('',(-39.38273733503,7.,-1.));
#811 = VECTOR('',#812,1.);
#812 = DIRECTION('',(0.,0.,1.));
#813 = PCURVE('',#93,#814);
#814 = DEFINITIONAL_REPRESENTATION('',(#815),#818);
#815 = B_SPLINE_CURVE_WITH_KNOTS('',1,(#816,#817),.UNSPECIFIED.,.F.,.F.,
  (2,2),(0.9999994,111.0000006),.PIECEWISE_BEZIER_KNOTS.);
#816 = CARTESIAN_POINT('',(2.965686885426,0.9999994));
#817 = CARTESIAN_POINT('',(2.965686885426,111.0000006));
#818 = ( GEOMETRIC_REPRESENTATION_CONTEXT(2) 
PARAMETRIC_REPRESENTATION_CONTEXT() REPRESENTATION_CONTEXT('2D SPACE',''
  ) );
#819 = PCURVE('',#179,#820);
#820 = DEFINITIONAL_REPRESENTATION('',(#821),#824);
#821 = B_SPLINE_CURVE_WITH_KNOTS('',1,(#822,#823),.UNSPECIFIED.,.F.,.F.,
  (2,2),(0.9999994,111.0000006),.PIECEWISE_BEZIER_KNOTS.);
#822 = CARTESIAN_POINT('',(-8.0000006,0.71726266497));
#823 = CARTESIAN_POINT('',(102.0000006,0.71726266497));
#824 = ( GEOMETRIC_REPRESENTATION_CONTEXT(2) 
PARAMETRIC_REPRESENTATION_CONTEXT() REPRESENTATION_CONTEXT('2D SPACE',''
  ) );
#825 = ORIENTED_EDGE('',*,*,#345,.T.);
#826 = FACE_BOUND('',#827,.F.);
#827 = EDGE_LOOP('',(#828));
#828 = ORIENTED_EDGE('',*,*,#829,.F.);
#829 = EDGE_CURVE('',#830,#830,#832,.T.);
#830 = VERTEX_POINT('',#831);
#831 = CARTESIAN_POINT('',(-9.310410576703E-15,-40.,94.25));
#832 = SURFACE_CURVE('',#833,(#884,#938),.PCURVE_S1.);
#833 = B_SPLINE_CURVE_WITH_KNOTS('',7,(#834,#835,#836,#837,#838,#839,
    #840,#841,#842,#843,#844,#845,#846,#847,#848,#849,#850,#851,#852,
    #853,#854,#855,#856,#857,#858,#859,#860,#861,#862,#863,#864,#865,
    #866,#867,#868,#869,#870,#871,#872,#873,#874,#875,#876,#877,#878,
    #879,#880,#881,#882,#883),.UNSPECIFIED.,.T.,.F.,(8,6,6,6,6,6,6,6,8),
  (0.,0.142508605373,0.277479939856,0.446120750226,0.592594335451,
    0.68757029587,0.792050167243,0.893222440293,1.),.UNSPECIFIED.);
#834 = CARTESIAN_POINT('',(-8.437694987151E-15,-40.,94.25));
#835 = CARTESIAN_POINT('',(0.240568240636,-40.,94.25));
#836 = CARTESIAN_POINT('',(0.474787651199,-39.99831202323,
    94.288581706589));
#837 = CARTESIAN_POINT('',(0.695475697844,-39.99509653865,
    94.362082015654));
#838 = CARTESIAN_POINT('',(0.896673544311,-39.99080906176,
    94.465419121277));
#839 = CARTESIAN_POINT('',(1.073883336324,-39.98607708542,
    94.592180106008));
#840 = CARTESIAN_POINT('',(1.224515300812,-39.98144478009,
    94.734759347447));
#841 = CARTESIAN_POINT('',(1.465728891734,-39.97330885696,
    95.026336490968));
#842 = CARTESIAN_POINT('',(1.561939019936,-39.969661558,95.178070266001)
  );
#843 = CARTESIAN_POINT('',(1.637789385948,-39.96655929285,
    95.336591769139));
#844 = CARTESIAN_POINT('',(1.694051920189,-39.96415050787,
    95.499637895659));
#845 = CARTESIAN_POINT('',(1.731339954865,-39.96251756921,
    95.665477320253));
#846 = CARTESIAN_POINT('',(1.75,-39.96170041427,95.8326966754));
#847 = CARTESIAN_POINT('',(1.75,-39.96170041427,96.209038225384));
#848 = CARTESIAN_POINT('',(1.720870009662,-39.96297600593,
    96.417963127269));
#849 = CARTESIAN_POINT('',(1.662657423066,-39.96552559436,
    96.624279556336));
#850 = CARTESIAN_POINT('',(1.57448294803,-39.96925199551,96.825139311032
    ));
#851 = CARTESIAN_POINT('',(1.454905168846,-39.97395524953,
    97.016776277396));
#852 = CARTESIAN_POINT('',(1.302261930393,-39.97923240918,
    97.193888636251));
#853 = CARTESIAN_POINT('',(0.953272268547,-39.98896857508,97.48259799293
    ));
#854 = CARTESIAN_POINT('',(0.75950491587,-39.99360542081,97.604546975808
    ));
#855 = CARTESIAN_POINT('',(0.538059402203,-39.99771134843,
    97.700209455868));
#856 = CARTESIAN_POINT('',(0.296944619198,-40.00046718046,
    97.759903883978));
#857 = CARTESIAN_POINT('',(4.691426530633E-02,-40.00127153494,
    97.778413677508));
#858 = CARTESIAN_POINT('',(-0.200563429729,-40.00018548177,
    97.75526683874));
#859 = CARTESIAN_POINT('',(-0.587354374942,-39.99597687656,
    97.655955803424));
#860 = CARTESIAN_POINT('',(-0.735412153823,-39.99369063295,
    97.600957028621));
#861 = CARTESIAN_POINT('',(-0.877363646092,-39.99086059527,
    97.530544605383));
#862 = CARTESIAN_POINT('',(-1.011305918649,-39.98762417721,
    97.445544075469));
#863 = CARTESIAN_POINT('',(-1.135471411086,-39.98415523276,
    97.34707352465));
#864 = CARTESIAN_POINT('',(-1.24827662285,-39.98064333152,
    97.236518148238));
#865 = CARTESIAN_POINT('',(-1.458538539106,-39.97355138126,
    96.982355152286));
#866 = CARTESIAN_POINT('',(-1.553345626434,-39.96999928945,
    96.83652590283));
#867 = CARTESIAN_POINT('',(-1.631050261725,-39.96684670628,
    96.680145475348));
#868 = CARTESIAN_POINT('',(-1.690284246171,-39.9643156897,
    96.515622020707));
#869 = CARTESIAN_POINT('',(-1.730098857706,-39.96257183973,
    96.345580157636));
#870 = CARTESIAN_POINT('',(-1.75,-39.96170041427,96.172779192471));
#871 = CARTESIAN_POINT('',(-1.75,-39.96170041427,95.832690609125));
#872 = CARTESIAN_POINT('',(-1.731338623806,-39.96251762693,
    95.665471652237));
#873 = CARTESIAN_POINT('',(-1.694050403384,-39.96415057589,
    95.499635929815));
#874 = CARTESIAN_POINT('',(-1.637789442158,-39.96655928044,
    95.336594029526));
#875 = CARTESIAN_POINT('',(-1.561941276375,-39.96966146292,
    95.178074707684));
#876 = CARTESIAN_POINT('',(-1.46573169178,-39.97330876252,
    95.026339875642));
#877 = CARTESIAN_POINT('',(-1.224563983621,-39.98144313807,
    94.734818194853));
#878 = CARTESIAN_POINT('',(-1.073930471299,-39.98607584775,
    94.592205991964));
#879 = CARTESIAN_POINT('',(-0.896670357792,-39.99080970886,
    94.465394224288));
#880 = CARTESIAN_POINT('',(-0.69540073182,-39.99509872082,
    94.362032261989));
#881 = CARTESIAN_POINT('',(-0.474661935096,-39.99831356406,
    94.288546465387));
#882 = CARTESIAN_POINT('',(-0.240458348834,-40.,94.25));
#883 = CARTESIAN_POINT('',(-8.437694987151E-15,-40.,94.25));
#884 = PCURVE('',#93,#885);
#885 = DEFINITIONAL_REPRESENTATION('',(#886),#937);
#886 = B_SPLINE_CURVE_WITH_KNOTS('',7,(#887,#888,#889,#890,#891,#892,
    #893,#894,#895,#896,#897,#898,#899,#900,#901,#902,#903,#904,#905,
    #906,#907,#908,#909,#910,#911,#912,#913,#914,#915,#916,#917,#918,
    #919,#920,#921,#922,#923,#924,#925,#926,#927,#928,#929,#930,#931,
    #932,#933,#934,#935,#936),.UNSPECIFIED.,.T.,.F.,(8,6,6,6,6,6,6,6,8),
  (0.,0.142508605373,0.277479939856,0.446120750226,0.592594335451,
    0.68757029587,0.792050167243,0.893222440293,1.),.UNSPECIFIED.);
#887 = CARTESIAN_POINT('',(4.712388980385,95.25));
#888 = CARTESIAN_POINT('',(4.718403186401,95.25));
#889 = CARTESIAN_POINT('',(4.724258672133,95.288581706589));
#890 = CARTESIAN_POINT('',(4.729776225969,95.362082015654));
#891 = CARTESIAN_POINT('',(4.734807161683,95.465419121277));
#892 = CARTESIAN_POINT('',(4.739238927099,95.592180106008));
#893 = CARTESIAN_POINT('',(4.743006489421,95.734759347447));
#894 = CARTESIAN_POINT('',(4.749040258439,96.026336490968));
#895 = CARTESIAN_POINT('',(4.751447218401,96.178070266001));
#896 = CARTESIAN_POINT('',(4.753345055522,96.33659176914));
#897 = CARTESIAN_POINT('',(4.754752906539,96.499637895659));
#898 = CARTESIAN_POINT('',(4.755686000912,96.665477320253));
#899 = CARTESIAN_POINT('',(4.756152949125,96.8326966754));
#900 = CARTESIAN_POINT('',(4.756152949125,97.209038225384));
#901 = CARTESIAN_POINT('',(4.755424001457,97.417963127269));
#902 = CARTESIAN_POINT('',(4.753967291697,97.624279556336));
#903 = CARTESIAN_POINT('',(4.751760964815,97.825139311032));
#904 = CARTESIAN_POINT('',(4.748769237155,98.016776277395));
#905 = CARTESIAN_POINT('',(4.744950961276,98.193888636251));
#906 = CARTESIAN_POINT('',(4.736222825128,98.48259799293));
#907 = CARTESIAN_POINT('',(4.731377294256,98.604546975808));
#908 = CARTESIAN_POINT('',(4.725840328785,98.700209455867));
#909 = CARTESIAN_POINT('',(4.719812391353,98.759903883978));
#910 = CARTESIAN_POINT('',(4.713561900528,98.778413677508));
#911 = CARTESIAN_POINT('',(4.707375027207,98.75526683874));
#912 = CARTESIAN_POINT('',(4.69770468118,98.655955803424));
#913 = CARTESIAN_POINT('',(4.694002833917,98.600957028621));
#914 = CARTESIAN_POINT('',(4.690453397071,98.530544605383));
#915 = CARTESIAN_POINT('',(4.687103909875,98.445544075469));
#916 = CARTESIAN_POINT('',(4.683998587639,98.34707352465));
#917 = CARTESIAN_POINT('',(4.681177100491,98.236518148238));
#918 = CARTESIAN_POINT('',(4.675917563369,97.982355152286));
#919 = CARTESIAN_POINT('',(4.673545740095,97.83652590283));
#920 = CARTESIAN_POINT('',(4.671601536,97.680145475348));
#921 = CARTESIAN_POINT('',(4.670119337227,97.515622020707));
#922 = CARTESIAN_POINT('',(4.669123016644,97.345580157636));
#923 = CARTESIAN_POINT('',(4.668625011644,97.172779192471));
#924 = CARTESIAN_POINT('',(4.668625011644,96.832690609125));
#925 = CARTESIAN_POINT('',(4.669091993164,96.665471652237));
#926 = CARTESIAN_POINT('',(4.67002509219,96.499635929815));
#927 = CARTESIAN_POINT('',(4.671432903828,96.336594029526));
#928 = CARTESIAN_POINT('',(4.67333068591,96.178074707684));
#929 = CARTESIAN_POINT('',(4.67573763229,96.026339875642));
#930 = CARTESIAN_POINT('',(4.681770253586,95.734818194853));
#931 = CARTESIAN_POINT('',(4.68553785491,95.592205991964));
#932 = CARTESIAN_POINT('',(4.689970879246,95.465394224288));
#933 = CARTESIAN_POINT('',(4.69500360948,95.362032261989));
#934 = CARTESIAN_POINT('',(4.700522431534,95.288546465387));
#935 = CARTESIAN_POINT('',(4.706377521664,95.25));
#936 = CARTESIAN_POINT('',(4.712388980385,95.25));
#937 = ( GEOMETRIC_REPRESENTATION_CONTEXT(2) 
PARAMETRIC_REPRESENTATION_CONTEXT() REPRESENTATION_CONTEXT('2D SPACE',''
  ) );
#938 = PCURVE('',#939,#944);
#939 = CYLINDRICAL_SURFACE('',#940,1.75);
#940 = AXIS2_PLACEMENT_3D('',#941,#942,#943);
#941 = CARTESIAN_POINT('',(-7.771561172376E-15,-35.,96.));
#942 = DIRECTION('',(-2.22044604925E-16,-1.,1.110223024625E-16));
#943 = DIRECTION('',(-2.465190328816E-32,-1.110223024625E-16,-1.));
#944 = DEFINITIONAL_REPRESENTATION('',(#945),#996);
#945 = B_SPLINE_CURVE_WITH_KNOTS('',7,(#946,#947,#948,#949,#950,#951,
    #952,#953,#954,#955,#956,#957,#958,#959,#960,#961,#962,#963,#964,
    #965,#966,#967,#968,#969,#970,#971,#972,#973,#974,#975,#976,#977,
    #978,#979,#980,#981,#982,#983,#984,#985,#986,#987,#988,#989,#990,
    #991,#992,#993,#994,#995),.UNSPECIFIED.,.F.,.F.,(8,6,6,6,6,6,6,6,8),
  (0.,0.142508605373,0.277479939856,0.446120750226,0.592594335451,
    0.68757029587,0.792050167243,0.893222440293,1.),.UNSPECIFIED.);
#946 = CARTESIAN_POINT('',(0.,5.));
#947 = CARTESIAN_POINT('',(0.137467566078,5.));
#948 = CARTESIAN_POINT('',(0.271307164982,4.998312023238));
#949 = CARTESIAN_POINT('',(0.401657783951,4.995096538659));
#950 = CARTESIAN_POINT('',(0.528349975113,4.990809061763));
#951 = CARTESIAN_POINT('',(0.650945959878,4.986077085424));
#952 = CARTESIAN_POINT('',(0.768589228983,4.981444780099));
#953 = CARTESIAN_POINT('',(0.984828874629,4.973308856968));
#954 = CARTESIAN_POINT('',(1.086680105933,4.969661558007));
#955 = CARTESIAN_POINT('',(1.186004165549,4.966559292851));
#956 = CARTESIAN_POINT('',(1.283447635862,4.964150507878));
#957 = CARTESIAN_POINT('',(1.379640596085,4.962517569218));
#958 = CARTESIAN_POINT('',(1.475194427023,4.961700414272));
#959 = CARTESIAN_POINT('',(1.6902467413,4.961700414272));
#960 = CARTESIAN_POINT('',(1.809631604181,4.96297600593));
#961 = CARTESIAN_POINT('',(1.930314156382,4.96552559436));
#962 = CARTESIAN_POINT('',(2.053421857639,4.969251995516));
#963 = CARTESIAN_POINT('',(2.180209551696,4.973955249534));
#964 = CARTESIAN_POINT('',(2.311929809745,4.979232409189));
#965 = CARTESIAN_POINT('',(2.570747767492,4.988968575081));
#966 = CARTESIAN_POINT('',(2.700482623981,4.993605420817));
#967 = CARTESIAN_POINT('',(2.835663607102,4.997711348432));
#968 = CARTESIAN_POINT('',(2.974134319648,5.000467180466));
#969 = CARTESIAN_POINT('',(3.114227376739,5.001271534943));
#970 = CARTESIAN_POINT('',(3.254488779422,5.000185481771));
#971 = CARTESIAN_POINT('',(3.48268126318,4.995976876562));
#972 = CARTESIAN_POINT('',(3.572443447539,4.993690632957));
#973 = CARTESIAN_POINT('',(3.662197904205,4.99086059527));
#974 = CARTESIAN_POINT('',(3.751954251529,4.987624177216));
#975 = CARTESIAN_POINT('',(3.84171803744,4.984155232766));
#976 = CARTESIAN_POINT('',(3.931483086365,4.98064333152));
#977 = CARTESIAN_POINT('',(4.119975625654,4.973551381264));
#978 = CARTESIAN_POINT('',(4.218715896573,4.969999289455));
#979 = CARTESIAN_POINT('',(4.317445203155,4.966846706285));
#980 = CARTESIAN_POINT('',(4.416175274365,4.964315689708));
#981 = CARTESIAN_POINT('',(4.514914888085,4.962571839733));
#982 = CARTESIAN_POINT('',(4.613658013258,4.961700414272));
#983 = CARTESIAN_POINT('',(4.807994346599,4.961700414272));
#984 = CARTESIAN_POINT('',(4.903547940954,4.962517626936));
#985 = CARTESIAN_POINT('',(4.999738965786,4.964150575896));
#986 = CARTESIAN_POINT('',(5.097179975824,4.96655928044));
#987 = CARTESIAN_POINT('',(5.196502427284,4.969661462929));
#988 = CARTESIAN_POINT('',(5.298353922406,4.973308762525));
#989 = CARTESIAN_POINT('',(5.514552435742,4.98144313807));
#990 = CARTESIAN_POINT('',(5.632210796304,4.986075847758));
#991 = CARTESIAN_POINT('',(5.754844746632,4.990809708868));
#992 = CARTESIAN_POINT('',(5.881576102355,4.995098720823));
#993 = CARTESIAN_POINT('',(6.011949993624,4.998313564064));
#994 = CARTESIAN_POINT('',(6.145780536418,5.));
#995 = CARTESIAN_POINT('',(6.28318530718,5.));
#996 = ( GEOMETRIC_REPRESENTATION_CONTEXT(2) 
PARAMETRIC_REPRESENTATION_CONTEXT() REPRESENTATION_CONTEXT('2D SPACE',''
  ) );
#997 = ADVANCED_FACE('',(#998),#179,.T.);
#998 = FACE_BOUND('',#999,.T.);
#999 = EDGE_LOOP('',(#1000,#1001,#1002,#1003));
#1000 = ORIENTED_EDGE('',*,*,#161,.F.);
#1001 = ORIENTED_EDGE('',*,*,#807,.T.);
#1002 = ORIENTED_EDGE('',*,*,#322,.T.);
#1003 = ORIENTED_EDGE('',*,*,#240,.F.);
#1004 = ADVANCED_FACE('',(#1005),#307,.F.);
#1005 = FACE_BOUND('',#1006,.F.);
#1006 = EDGE_LOOP('',(#1007,#1200,#1221,#1222));
#1007 = ORIENTED_EDGE('',*,*,#1008,.F.);
#1008 = EDGE_CURVE('',#1009,#1009,#1011,.T.);
#1009 = VERTEX_POINT('',#1010);
#1010 = CARTESIAN_POINT('',(-42.,5.57214293612E-15,94.25));
#1011 = SURFACE_CURVE('',#1012,(#1071,#1133),.PCURVE_S1.);
#1012 = B_SPLINE_CURVE_WITH_KNOTS('',8,(#1013,#1014,#1015,#1016,#1017,
    #1018,#1019,#1020,#1021,#1022,#1023,#1024,#1025,#1026,#1027,#1028,
    #1029,#1030,#1031,#1032,#1033,#1034,#1035,#1036,#1037,#1038,#1039,
    #1040,#1041,#1042,#1043,#1044,#1045,#1046,#1047,#1048,#1049,#1050,
    #1051,#1052,#1053,#1054,#1055,#1056,#1057,#1058,#1059,#1060,#1061,
    #1062,#1063,#1064,#1065,#1066,#1067,#1068,#1069,#1070),
  .UNSPECIFIED.,.T.,.F.,(9,7,7,7,7,7,7,7,9),(0.,0.127763300101,
    0.248771222678,0.369783554096,0.464366578909,0.583459756099,
    0.660707450135,0.813664398335,1.),.UNSPECIFIED.);
#1013 = CARTESIAN_POINT('',(-42.,6.883382752676E-15,94.25));
#1014 = CARTESIAN_POINT('',(-42.,-0.2104942961,94.25));
#1015 = CARTESIAN_POINT('',(-41.99879433594,-0.416228994461,
    94.27893547915));
#1016 = CARTESIAN_POINT('',(-41.99647848167,-0.612714367298,
    94.33451800016));
#1017 = CARTESIAN_POINT('',(-41.99328845574,-0.796072409995,
    94.413749129133));
#1018 = CARTESIAN_POINT('',(-41.98955685732,-0.963126108825,
    94.512953479948));
#1019 = CARTESIAN_POINT('',(-41.98563738352,-1.111540989925,
    94.627824500496));
#1020 = CARTESIAN_POINT('',(-41.98183131386,-1.240000675701,
    94.753477950156));
#1021 = CARTESIAN_POINT('',(-41.9750516825,-1.451064247001,
    95.008609980593));
#1022 = CARTESIAN_POINT('',(-41.97197550273,-1.537888908874,
    95.140140626152));
#1023 = CARTESIAN_POINT('',(-41.9692607046,-1.609347842623,
    95.277151142659));
#1024 = CARTESIAN_POINT('',(-41.96700591468,-1.665922400532,
    95.418120071198));
#1025 = CARTESIAN_POINT('',(-41.96527586263,-1.708035903714,
    95.561832351356));
#1026 = CARTESIAN_POINT('',(-41.96410944556,-1.736005289654,
    95.707285544161));
#1027 = CARTESIAN_POINT('',(-41.96352582898,-1.75,95.853611282627));
#1028 = CARTESIAN_POINT('',(-41.96352582898,-1.75,96.146394050944));
#1029 = CARTESIAN_POINT('',(-41.96410948699,-1.736004286529,
    96.292720274466));
#1030 = CARTESIAN_POINT('',(-41.96527592432,-1.708034441894,
    96.438171039122));
#1031 = CARTESIAN_POINT('',(-41.9670059415,-1.665921661883,
    96.581879775011));
#1032 = CARTESIAN_POINT('',(-41.96926066261,-1.609348738399,
    96.722845724037));
#1033 = CARTESIAN_POINT('',(-41.97197541056,-1.537891345451,
    96.859855108898));
#1034 = CARTESIAN_POINT('',(-41.97505160167,-1.451066763218,
    96.991386977823));
#1035 = CARTESIAN_POINT('',(-41.98092703852,-1.268152587266,
    97.212492234496));
#1036 = CARTESIAN_POINT('',(-41.98365516605,-1.17775685191,
    97.305524292742));
#1037 = CARTESIAN_POINT('',(-41.9864567924,-1.077192857077,
    97.393071351488));
#1038 = CARTESIAN_POINT('',(-41.98923448886,-0.966641341897,
    97.473611787269));
#1039 = CARTESIAN_POINT('',(-41.99187429017,-0.846479824772,
    97.545618837788));
#1040 = CARTESIAN_POINT('',(-41.99425260417,-0.717287270048,
    97.607557863156));
#1041 = CARTESIAN_POINT('',(-41.99624617692,-0.579855492912,
    97.657881189081));
#1042 = CARTESIAN_POINT('',(-41.99963248263,-0.253075121839,
    97.741784127797));
#1043 = CARTESIAN_POINT('',(-42.0007049109,-6.244513213141E-02,
    97.766889459643));
#1044 = CARTESIAN_POINT('',(-42.0007669036,0.131901435704,97.76784422747
    ));
#1045 = CARTESIAN_POINT('',(-41.99973567941,0.324668887212,
    97.743971391136));
#1046 = CARTESIAN_POINT('',(-41.99771053679,0.510558783156,
    97.696354720778));
#1047 = CARTESIAN_POINT('',(-41.99494556427,0.68474518346,
    97.627792803043));
#1048 = CARTESIAN_POINT('',(-41.99176741394,0.843311358664,
    97.542762268428));
#1049 = CARTESIAN_POINT('',(-41.98634744141,1.074671449696,
    97.385530112926));
#1050 = CARTESIAN_POINT('',(-41.98413987401,1.15927246861,
    97.318471513481));
#1051 = CARTESIAN_POINT('',(-41.98191335169,1.23742963401,
    97.246955225423));
#1052 = CARTESIAN_POINT('',(-41.97971761217,1.309170857204,
    97.171637103105));
#1053 = CARTESIAN_POINT('',(-41.97759537913,1.374559055313,
    97.093099044915));
#1054 = CARTESIAN_POINT('',(-41.97558229753,1.433681124717,
    97.011858475039));
#1055 = CARTESIAN_POINT('',(-41.97370735936,1.486638127381,
    96.928377098529));
#1056 = CARTESIAN_POINT('',(-41.96860086735,1.626399798997,
    96.674151561631));
#1057 = CARTESIAN_POINT('',(-41.96583452104,1.69567767446,
    96.497767924668));
#1058 = CARTESIAN_POINT('',(-41.9638714914,1.742253109227,
    96.316709808065));
#1059 = CARTESIAN_POINT('',(-41.96280975316,1.766788738453,
    96.133102663229));
#1060 = CARTESIAN_POINT('',(-41.96268957202,1.76966648161,95.94867651435
    ));
#1061 = CARTESIAN_POINT('',(-41.96350772344,1.750906858019,
    95.765011608696));
#1062 = CARTESIAN_POINT('',(-41.96521818811,1.710120144747,
    95.583805547652));
#1063 = CARTESIAN_POINT('',(-41.97075136782,1.569088219685,
    95.192074305979));
#1064 = CARTESIAN_POINT('',(-41.97505623443,1.455195155401,
    94.976519506658));
#1065 = CARTESIAN_POINT('',(-41.98049461041,1.301364588101,
    94.770485901068));
#1066 = CARTESIAN_POINT('',(-41.98660479534,1.106972127141,94.5842567645
    ));
#1067 = CARTESIAN_POINT('',(-41.99257059997,0.873869973501,
    94.428314581337));
#1068 = CARTESIAN_POINT('',(-41.99736250112,0.60637524247,
    94.313298315731));
#1069 = CARTESIAN_POINT('',(-42.,0.311331301206,94.25));
#1070 = CARTESIAN_POINT('',(-42.,6.883382752676E-15,94.25));
#1071 = PCURVE('',#307,#1072);
#1072 = DEFINITIONAL_REPRESENTATION('',(#1073),#1132);
#1073 = B_SPLINE_CURVE_WITH_KNOTS('',8,(#1074,#1075,#1076,#1077,#1078,
    #1079,#1080,#1081,#1082,#1083,#1084,#1085,#1086,#1087,#1088,#1089,
    #1090,#1091,#1092,#1093,#1094,#1095,#1096,#1097,#1098,#1099,#1100,
    #1101,#1102,#1103,#1104,#1105,#1106,#1107,#1108,#1109,#1110,#1111,
    #1112,#1113,#1114,#1115,#1116,#1117,#1118,#1119,#1120,#1121,#1122,
    #1123,#1124,#1125,#1126,#1127,#1128,#1129,#1130,#1131),
  .UNSPECIFIED.,.F.,.F.,(9,7,7,7,7,7,7,7,9),(0.,0.127763300101,
    0.248771222678,0.369783554096,0.464366578909,0.583459756099,
    0.660707450135,0.813664398335,1.),.UNSPECIFIED.);
#1074 = CARTESIAN_POINT('',(-1.7763568394E-15,7.));
#1075 = CARTESIAN_POINT('',(0.120282454914,7.));
#1076 = CARTESIAN_POINT('',(0.237845091418,6.998794335945));
#1077 = CARTESIAN_POINT('',(0.352774298886,6.996478481676));
#1078 = CARTESIAN_POINT('',(0.465002402543,6.993288455741));
#1079 = CARTESIAN_POINT('',(0.574322622009,6.989556857321));
#1080 = CARTESIAN_POINT('',(0.680356470957,6.985637383522));
#1081 = CARTESIAN_POINT('',(0.782471332251,6.981831313861));
#1082 = CARTESIAN_POINT('',(0.971682527575,6.975051682502));
#1083 = CARTESIAN_POINT('',(1.061219854748,6.971975502734));
#1084 = CARTESIAN_POINT('',(1.148760729655,6.969260704608));
#1085 = CARTESIAN_POINT('',(1.234729017904,6.967005914687));
#1086 = CARTESIAN_POINT('',(1.319522696324,6.965275862631));
#1087 = CARTESIAN_POINT('',(1.403530988166,6.964109445567));
#1088 = CARTESIAN_POINT('',(1.487145631153,6.963525828986));
#1089 = CARTESIAN_POINT('',(1.654450070192,6.963525828986));
#1090 = CARTESIAN_POINT('',(1.738064983444,6.964109486998));
#1091 = CARTESIAN_POINT('',(1.8220719992,6.965275924321));
#1092 = CARTESIAN_POINT('',(1.906863697529,6.967005941503));
#1093 = CARTESIAN_POINT('',(1.992830123768,6.969260662613));
#1094 = CARTESIAN_POINT('',(2.080370036051,6.97197541056));
#1095 = CARTESIAN_POINT('',(2.169907870314,6.975051601678));
#1096 = CARTESIAN_POINT('',(2.333884105817,6.980927038522));
#1097 = CARTESIAN_POINT('',(2.407771692066,6.983655166052));
#1098 = CARTESIAN_POINT('',(2.483514448691,6.986456792406));
#1099 = CARTESIAN_POINT('',(2.561074521987,6.989234488868));
#1100 = CARTESIAN_POINT('',(2.640457957758,6.991874290175));
#1101 = CARTESIAN_POINT('',(2.721711307704,6.994252604172));
#1102 = CARTESIAN_POINT('',(2.804928109602,6.996246176928));
#1103 = CARTESIAN_POINT('',(2.997716553699,6.999632482632));
#1104 = CARTESIAN_POINT('',(3.106792981066,7.000704910909));
#1105 = CARTESIAN_POINT('',(3.216386675648,7.000766903601));
#1106 = CARTESIAN_POINT('',(3.325596327932,6.999735679415));
#1107 = CARTESIAN_POINT('',(3.433553870997,6.997710536796));
#1108 = CARTESIAN_POINT('',(3.539285819197,6.994945564277));
#1109 = CARTESIAN_POINT('',(3.641538352489,6.991767413947));
#1110 = CARTESIAN_POINT('',(3.801384648504,6.986347441413));
#1111 = CARTESIAN_POINT('',(3.862907224318,6.984139874018));
#1112 = CARTESIAN_POINT('',(3.923194833232,6.981913351691));
#1113 = CARTESIAN_POINT('',(3.982360517884,6.97971761217));
#1114 = CARTESIAN_POINT('',(4.040505591222,6.977595379137));
#1115 = CARTESIAN_POINT('',(4.097724256448,6.975582297536));
#1116 = CARTESIAN_POINT('',(4.154105771173,6.973707359365));
#1117 = CARTESIAN_POINT('',(4.319883048328,6.96860086735));
#1118 = CARTESIAN_POINT('',(4.427278072814,6.965834521048));
#1119 = CARTESIAN_POINT('',(4.532799537494,6.963871491404));
#1120 = CARTESIAN_POINT('',(4.637178885103,6.962809753166));
#1121 = CARTESIAN_POINT('',(4.741132918398,6.962689572027));
#1122 = CARTESIAN_POINT('',(4.845391535105,6.963507723442));
#1123 = CARTESIAN_POINT('',(4.950710923799,6.965218188118));
#1124 = CARTESIAN_POINT('',(5.188622496868,6.970751367823));
#1125 = CARTESIAN_POINT('',(5.326561347104,6.975056234431));
#1126 = CARTESIAN_POINT('',(5.470504153072,6.980494610411));
#1127 = CARTESIAN_POINT('',(5.620059451995,6.986604795348));
#1128 = CARTESIAN_POINT('',(5.775257092715,6.992570599971));
#1129 = CARTESIAN_POINT('',(5.936684135273,6.997362501128));
#1130 = CARTESIAN_POINT('',(6.105281706491,7.));
#1131 = CARTESIAN_POINT('',(6.28318530718,7.));
#1132 = ( GEOMETRIC_REPRESENTATION_CONTEXT(2) 
PARAMETRIC_REPRESENTATION_CONTEXT() REPRESENTATION_CONTEXT('2D SPACE',''
  ) );
#1133 = PCURVE('',#1134,#1139);
#1134 = CYLINDRICAL_SURFACE('',#1135,42.);
#1135 = AXIS2_PLACEMENT_3D('',#1136,#1137,#1138);
#1136 = CARTESIAN_POINT('',(0.,0.,0.));
#1137 = DIRECTION('',(0.,0.,1.));
#1138 = DIRECTION('',(1.,0.,-0.));
#1139 = DEFINITIONAL_REPRESENTATION('',(#1140),#1199);
#1140 = B_SPLINE_CURVE_WITH_KNOTS('',8,(#1141,#1142,#1143,#1144,#1145,
    #1146,#1147,#1148,#1149,#1150,#1151,#1152,#1153,#1154,#1155,#1156,
    #1157,#1158,#1159,#1160,#1161,#1162,#1163,#1164,#1165,#1166,#1167,
    #1168,#1169,#1170,#1171,#1172,#1173,#1174,#1175,#1176,#1177,#1178,
    #1179,#1180,#1181,#1182,#1183,#1184,#1185,#1186,#1187,#1188,#1189,
    #1190,#1191,#1192,#1193,#1194,#1195,#1196,#1197,#1198),
  .UNSPECIFIED.,.T.,.F.,(9,7,7,7,7,7,7,7,9),(0.,0.127763300101,
    0.248771222678,0.369783554096,0.464366578909,0.583459756099,
    0.660707450135,0.813664398335,1.),.UNSPECIFIED.);
#1141 = CARTESIAN_POINT('',(3.14159265359,94.25));
#1142 = CARTESIAN_POINT('',(3.146604422545,94.25));
#1143 = CARTESIAN_POINT('',(3.151502868047,94.27893547915));
#1144 = CARTESIAN_POINT('',(3.156181281708,94.33451800016));
#1145 = CARTESIAN_POINT('',(3.160547491037,94.413749129133));
#1146 = CARTESIAN_POINT('',(3.164525880036,94.512953479948));
#1147 = CARTESIAN_POINT('',(3.168060769393,94.627824500496));
#1148 = CARTESIAN_POINT('',(3.171120665777,94.753477950156));
#1149 = CARTESIAN_POINT('',(3.17614858074,95.008609980593));
#1150 = CARTESIAN_POINT('',(3.178217120377,95.140140626152));
#1151 = CARTESIAN_POINT('',(3.17991974397,95.277151142659));
#1152 = CARTESIAN_POINT('',(3.181267824449,95.418120071198));
#1153 = CARTESIAN_POINT('',(3.182271372388,95.561832351356));
#1154 = CARTESIAN_POINT('',(3.182937889012,95.707285544161));
#1155 = CARTESIAN_POINT('',(3.183271386012,95.853611282627));
#1156 = CARTESIAN_POINT('',(3.183271386012,96.146394050944));
#1157 = CARTESIAN_POINT('',(3.182937865108,96.292720274466));
#1158 = CARTESIAN_POINT('',(3.182271337551,96.438171039122));
#1159 = CARTESIAN_POINT('',(3.18126780685,96.581879775011));
#1160 = CARTESIAN_POINT('',(3.179919765321,96.722845724037));
#1161 = CARTESIAN_POINT('',(3.178217178431,96.859855108898));
#1162 = CARTESIAN_POINT('',(3.176148640681,96.991386977823));
#1163 = CARTESIAN_POINT('',(3.171791295088,97.212492234496));
#1164 = CARTESIAN_POINT('',(3.169638039967,97.305524292742));
#1165 = CARTESIAN_POINT('',(3.167242740731,97.393071351488));
#1166 = CARTESIAN_POINT('',(3.164609752417,97.473611787269));
#1167 = CARTESIAN_POINT('',(3.16174810586,97.545618837788));
#1168 = CARTESIAN_POINT('',(3.158671608252,97.607557863156));
#1169 = CARTESIAN_POINT('',(3.155399107108,97.657881189081));
#1170 = CARTESIAN_POINT('',(3.147618204343,97.741784127797));
#1171 = CARTESIAN_POINT('',(3.143079373689,97.766889459643));
#1172 = CARTESIAN_POINT('',(3.138452185089,97.76784422747));
#1173 = CARTESIAN_POINT('',(3.133862560593,97.743971391136));
#1174 = CARTESIAN_POINT('',(3.129436466604,97.696354720778));
#1175 = CARTESIAN_POINT('',(3.125288708255,97.627792803043));
#1176 = CARTESIAN_POINT('',(3.121512586919,97.542762268428));
#1177 = CARTESIAN_POINT('',(3.116002501966,97.385530112926));
#1178 = CARTESIAN_POINT('',(3.113987513516,97.318471513481));
#1179 = CARTESIAN_POINT('',(3.112125881935,97.246955225423));
#1180 = CARTESIAN_POINT('',(3.110416964348,97.171637103105));
#1181 = CARTESIAN_POINT('',(3.10885928698,97.093099044915));
#1182 = CARTESIAN_POINT('',(3.10745080509,97.011858475039));
#1183 = CARTESIAN_POINT('',(3.106189134876,96.928377098529));
#1184 = CARTESIAN_POINT('',(3.102859255618,96.674151561631));
#1185 = CARTESIAN_POINT('',(3.101208477277,96.497767924668));
#1186 = CARTESIAN_POINT('',(3.10009855507,96.316709808065));
#1187 = CARTESIAN_POINT('',(3.099513825046,96.133102663229));
#1188 = CARTESIAN_POINT('',(3.099445248474,95.94867651435));
#1189 = CARTESIAN_POINT('',(3.099892331421,95.765011608696));
#1190 = CARTESIAN_POINT('',(3.100864293757,95.583805547652));
#1191 = CARTESIAN_POINT('',(3.1042247801,95.192074305979));
#1192 = CARTESIAN_POINT('',(3.106938453445,94.976519506658));
#1193 = CARTESIAN_POINT('',(3.110603355386,94.770485901068));
#1194 = CARTESIAN_POINT('',(3.115233961462,94.584256764501));
#1195 = CARTESIAN_POINT('',(3.120785606006,94.428314581337));
#1196 = CARTESIAN_POINT('',(3.127155147628,94.313298315731));
#1197 = CARTESIAN_POINT('',(3.134180003561,94.25));
#1198 = CARTESIAN_POINT('',(3.14159265359,94.25));
#1199 = ( GEOMETRIC_REPRESENTATION_CONTEXT(2) 
PARAMETRIC_REPRESENTATION_CONTEXT() REPRESENTATION_CONTEXT('2D SPACE',''
  ) );
#1200 = ORIENTED_EDGE('',*,*,#1201,.F.);
#1201 = EDGE_CURVE('',#287,#1009,#1202,.T.);
#1202 = SEAM_CURVE('',#1203,(#1207,#1214),.PCURVE_S1.);
#1203 = LINE('',#1204,#1205);
#1204 = CARTESIAN_POINT('',(-35.,4.714890176717E-15,94.25));
#1205 = VECTOR('',#1206,1.);
#1206 = DIRECTION('',(-1.,1.224646799147E-16,1.110223024625E-16));
#1207 = PCURVE('',#307,#1208);
#1208 = DEFINITIONAL_REPRESENTATION('',(#1209),#1213);
#1209 = LINE('',#1210,#1211);
#1210 = CARTESIAN_POINT('',(6.28318530718,-0.));
#1211 = VECTOR('',#1212,1.);
#1212 = DIRECTION('',(0.,1.));
#1213 = ( GEOMETRIC_REPRESENTATION_CONTEXT(2) 
PARAMETRIC_REPRESENTATION_CONTEXT() REPRESENTATION_CONTEXT('2D SPACE',''
  ) );
#1214 = PCURVE('',#307,#1215);
#1215 = DEFINITIONAL_REPRESENTATION('',(#1216),#1220);
#1216 = LINE('',#1217,#1218);
#1217 = CARTESIAN_POINT('',(0.,-0.));
#1218 = VECTOR('',#1219,1.);
#1219 = DIRECTION('',(0.,1.));
#1220 = ( GEOMETRIC_REPRESENTATION_CONTEXT(2) 
PARAMETRIC_REPRESENTATION_CONTEXT() REPRESENTATION_CONTEXT('2D SPACE',''
  ) );
#1221 = ORIENTED_EDGE('',*,*,#286,.T.);
#1222 = ORIENTED_EDGE('',*,*,#1201,.T.);
#1223 = ADVANCED_FACE('',(#1224),#389,.F.);
#1224 = FACE_BOUND('',#1225,.F.);
#1225 = EDGE_LOOP('',(#1226,#1249,#1277,#1298));
#1226 = ORIENTED_EDGE('',*,*,#1227,.F.);
#1227 = EDGE_CURVE('',#1228,#373,#1230,.T.);
#1228 = VERTEX_POINT('',#1229);
#1229 = CARTESIAN_POINT('',(37.9,-7.,8.));
#1230 = SURFACE_CURVE('',#1231,(#1235,#1242),.PCURVE_S1.);
#1231 = LINE('',#1232,#1233);
#1232 = CARTESIAN_POINT('',(37.9,-7.,8.));
#1233 = VECTOR('',#1234,1.);
#1234 = DIRECTION('',(1.,0.,-0.));
#1235 = PCURVE('',#389,#1236);
#1236 = DEFINITIONAL_REPRESENTATION('',(#1237),#1241);
#1237 = LINE('',#1238,#1239);
#1238 = CARTESIAN_POINT('',(0.,0.));
#1239 = VECTOR('',#1240,1.);
#1240 = DIRECTION('',(0.,1.));
#1241 = ( GEOMETRIC_REPRESENTATION_CONTEXT(2) 
PARAMETRIC_REPRESENTATION_CONTEXT() REPRESENTATION_CONTEXT('2D SPACE',''
  ) );
#1242 = PCURVE('',#547,#1243);
#1243 = DEFINITIONAL_REPRESENTATION('',(#1244),#1248);
#1244 = LINE('',#1245,#1246);
#1245 = CARTESIAN_POINT('',(0.,0.));
#1246 = VECTOR('',#1247,1.);
#1247 = DIRECTION('',(1.,0.));
#1248 = ( GEOMETRIC_REPRESENTATION_CONTEXT(2) 
PARAMETRIC_REPRESENTATION_CONTEXT() REPRESENTATION_CONTEXT('2D SPACE',''
  ) );
#1249 = ORIENTED_EDGE('',*,*,#1250,.T.);
#1250 = EDGE_CURVE('',#1228,#1251,#1253,.T.);
#1251 = VERTEX_POINT('',#1252);
#1252 = CARTESIAN_POINT('',(37.9,-7.,102.));
#1253 = SURFACE_CURVE('',#1254,(#1258,#1265),.PCURVE_S1.);
#1254 = LINE('',#1255,#1256);
#1255 = CARTESIAN_POINT('',(37.9,-7.,8.));
#1256 = VECTOR('',#1257,1.);
#1257 = DIRECTION('',(0.,0.,1.));
#1258 = PCURVE('',#389,#1259);
#1259 = DEFINITIONAL_REPRESENTATION('',(#1260),#1264);
#1260 = LINE('',#1261,#1262);
#1261 = CARTESIAN_POINT('',(0.,0.));
#1262 = VECTOR('',#1263,1.);
#1263 = DIRECTION('',(1.,0.));
#1264 = ( GEOMETRIC_REPRESENTATION_CONTEXT(2) 
PARAMETRIC_REPRESENTATION_CONTEXT() REPRESENTATION_CONTEXT('2D SPACE',''
  ) );
#1265 = PCURVE('',#1266,#1271);
#1266 = PLANE('',#1267);
#1267 = AXIS2_PLACEMENT_3D('',#1268,#1269,#1270);
#1268 = CARTESIAN_POINT('',(37.9,-7.,8.));
#1269 = DIRECTION('',(1.,0.,-0.));
#1270 = DIRECTION('',(0.,0.,1.));
#1271 = DEFINITIONAL_REPRESENTATION('',(#1272),#1276);
#1272 = LINE('',#1273,#1274);
#1273 = CARTESIAN_POINT('',(0.,0.));
#1274 = VECTOR('',#1275,1.);
#1275 = DIRECTION('',(1.,0.));
#1276 = ( GEOMETRIC_REPRESENTATION_CONTEXT(2) 
PARAMETRIC_REPRESENTATION_CONTEXT() REPRESENTATION_CONTEXT('2D SPACE',''
  ) );
#1277 = ORIENTED_EDGE('',*,*,#1278,.T.);
#1278 = EDGE_CURVE('',#1251,#375,#1279,.T.);
#1279 = SURFACE_CURVE('',#1280,(#1284,#1291),.PCURVE_S1.);
#1280 = LINE('',#1281,#1282);
#1281 = CARTESIAN_POINT('',(37.9,-7.,102.));
#1282 = VECTOR('',#1283,1.);
#1283 = DIRECTION('',(1.,0.,-0.));
#1284 = PCURVE('',#389,#1285);
#1285 = DEFINITIONAL_REPRESENTATION('',(#1286),#1290);
#1286 = LINE('',#1287,#1288);
#1287 = CARTESIAN_POINT('',(94.,0.));
#1288 = VECTOR('',#1289,1.);
#1289 = DIRECTION('',(0.,1.));
#1290 = ( GEOMETRIC_REPRESENTATION_CONTEXT(2) 
PARAMETRIC_REPRESENTATION_CONTEXT() REPRESENTATION_CONTEXT('2D SPACE',''
  ) );
#1291 = PCURVE('',#417,#1292);
#1292 = DEFINITIONAL_REPRESENTATION('',(#1293),#1297);
#1293 = LINE('',#1294,#1295);
#1294 = CARTESIAN_POINT('',(0.,0.));
#1295 = VECTOR('',#1296,1.);
#1296 = DIRECTION('',(1.,0.));
#1297 = ( GEOMETRIC_REPRESENTATION_CONTEXT(2) 
PARAMETRIC_REPRESENTATION_CONTEXT() REPRESENTATION_CONTEXT('2D SPACE',''
  ) );
#1298 = ORIENTED_EDGE('',*,*,#372,.F.);
#1299 = ADVANCED_FACE('',(#1300),#547,.F.);
#1300 = FACE_BOUND('',#1301,.F.);
#1301 = EDGE_LOOP('',(#1302,#1325,#1346,#1347,#1348));
#1302 = ORIENTED_EDGE('',*,*,#1303,.F.);
#1303 = EDGE_CURVE('',#1304,#505,#1306,.T.);
#1304 = VERTEX_POINT('',#1305);
#1305 = CARTESIAN_POINT('',(37.9,7.,8.));
#1306 = SURFACE_CURVE('',#1307,(#1311,#1318),.PCURVE_S1.);
#1307 = LINE('',#1308,#1309);
#1308 = CARTESIAN_POINT('',(37.9,7.,8.));
#1309 = VECTOR('',#1310,1.);
#1310 = DIRECTION('',(1.,0.,-0.));
#1311 = PCURVE('',#547,#1312);
#1312 = DEFINITIONAL_REPRESENTATION('',(#1313),#1317);
#1313 = LINE('',#1314,#1315);
#1314 = CARTESIAN_POINT('',(0.,14.));
#1315 = VECTOR('',#1316,1.);
#1316 = DIRECTION('',(1.,0.));
#1317 = ( GEOMETRIC_REPRESENTATION_CONTEXT(2) 
PARAMETRIC_REPRESENTATION_CONTEXT() REPRESENTATION_CONTEXT('2D SPACE',''
  ) );
#1318 = PCURVE('',#519,#1319);
#1319 = DEFINITIONAL_REPRESENTATION('',(#1320),#1324);
#1320 = LINE('',#1321,#1322);
#1321 = CARTESIAN_POINT('',(0.,0.));
#1322 = VECTOR('',#1323,1.);
#1323 = DIRECTION('',(0.,1.));
#1324 = ( GEOMETRIC_REPRESENTATION_CONTEXT(2) 
PARAMETRIC_REPRESENTATION_CONTEXT() REPRESENTATION_CONTEXT('2D SPACE',''
  ) );
#1325 = ORIENTED_EDGE('',*,*,#1326,.F.);
#1326 = EDGE_CURVE('',#1228,#1304,#1327,.T.);
#1327 = SURFACE_CURVE('',#1328,(#1332,#1339),.PCURVE_S1.);
#1328 = LINE('',#1329,#1330);
#1329 = CARTESIAN_POINT('',(37.9,-7.,8.));
#1330 = VECTOR('',#1331,1.);
#1331 = DIRECTION('',(-0.,1.,0.));
#1332 = PCURVE('',#547,#1333);
#1333 = DEFINITIONAL_REPRESENTATION('',(#1334),#1338);
#1334 = LINE('',#1335,#1336);
#1335 = CARTESIAN_POINT('',(0.,0.));
#1336 = VECTOR('',#1337,1.);
#1337 = DIRECTION('',(0.,1.));
#1338 = ( GEOMETRIC_REPRESENTATION_CONTEXT(2) 
PARAMETRIC_REPRESENTATION_CONTEXT() REPRESENTATION_CONTEXT('2D SPACE',''
  ) );
#1339 = PCURVE('',#1266,#1340);
#1340 = DEFINITIONAL_REPRESENTATION('',(#1341),#1345);
#1341 = LINE('',#1342,#1343);
#1342 = CARTESIAN_POINT('',(0.,0.));
#1343 = VECTOR('',#1344,1.);
#1344 = DIRECTION('',(0.,-1.));
#1345 = ( GEOMETRIC_REPRESENTATION_CONTEXT(2) 
PARAMETRIC_REPRESENTATION_CONTEXT() REPRESENTATION_CONTEXT('2D SPACE',''
  ) );
#1346 = ORIENTED_EDGE('',*,*,#1227,.T.);
#1347 = ORIENTED_EDGE('',*,*,#610,.T.);
#1348 = ORIENTED_EDGE('',*,*,#530,.T.);
#1349 = ADVANCED_FACE('',(#1350,#1376),#597,.F.);
#1350 = FACE_BOUND('',#1351,.F.);
#1351 = EDGE_LOOP('',(#1352));
#1352 = ORIENTED_EDGE('',*,*,#1353,.T.);
#1353 = EDGE_CURVE('',#1354,#1354,#1356,.T.);
#1354 = VERTEX_POINT('',#1355);
#1355 = CARTESIAN_POINT('',(42.,-1.028703311284E-14,0.));
#1356 = SURFACE_CURVE('',#1357,(#1362,#1369),.PCURVE_S1.);
#1357 = CIRCLE('',#1358,42.);
#1358 = AXIS2_PLACEMENT_3D('',#1359,#1360,#1361);
#1359 = CARTESIAN_POINT('',(0.,0.,0.));
#1360 = DIRECTION('',(0.,0.,1.));
#1361 = DIRECTION('',(1.,0.,-0.));
#1362 = PCURVE('',#597,#1363);
#1363 = DEFINITIONAL_REPRESENTATION('',(#1364),#1368);
#1364 = CIRCLE('',#1365,42.);
#1365 = AXIS2_PLACEMENT_2D('',#1366,#1367);
#1366 = CARTESIAN_POINT('',(0.,0.));
#1367 = DIRECTION('',(1.,0.));
#1368 = ( GEOMETRIC_REPRESENTATION_CONTEXT(2) 
PARAMETRIC_REPRESENTATION_CONTEXT() REPRESENTATION_CONTEXT('2D SPACE',''
  ) );
#1369 = PCURVE('',#1134,#1370);
#1370 = DEFINITIONAL_REPRESENTATION('',(#1371),#1375);
#1371 = LINE('',#1372,#1373);
#1372 = CARTESIAN_POINT('',(0.,0.));
#1373 = VECTOR('',#1374,1.);
#1374 = DIRECTION('',(1.,0.));
#1375 = ( GEOMETRIC_REPRESENTATION_CONTEXT(2) 
PARAMETRIC_REPRESENTATION_CONTEXT() REPRESENTATION_CONTEXT('2D SPACE',''
  ) );
#1376 = FACE_BOUND('',#1377,.F.);
#1377 = EDGE_LOOP('',(#1378));
#1378 = ORIENTED_EDGE('',*,*,#582,.F.);
#1379 = ADVANCED_FACE('',(#1380),#519,.T.);
#1380 = FACE_BOUND('',#1381,.T.);
#1381 = EDGE_LOOP('',(#1382,#1383,#1406,#1427));
#1382 = ORIENTED_EDGE('',*,*,#1303,.F.);
#1383 = ORIENTED_EDGE('',*,*,#1384,.T.);
#1384 = EDGE_CURVE('',#1304,#1385,#1387,.T.);
#1385 = VERTEX_POINT('',#1386);
#1386 = CARTESIAN_POINT('',(37.9,7.,102.));
#1387 = SURFACE_CURVE('',#1388,(#1392,#1399),.PCURVE_S1.);
#1388 = LINE('',#1389,#1390);
#1389 = CARTESIAN_POINT('',(37.9,7.,8.));
#1390 = VECTOR('',#1391,1.);
#1391 = DIRECTION('',(0.,0.,1.));
#1392 = PCURVE('',#519,#1393);
#1393 = DEFINITIONAL_REPRESENTATION('',(#1394),#1398);
#1394 = LINE('',#1395,#1396);
#1395 = CARTESIAN_POINT('',(0.,0.));
#1396 = VECTOR('',#1397,1.);
#1397 = DIRECTION('',(1.,0.));
#1398 = ( GEOMETRIC_REPRESENTATION_CONTEXT(2) 
PARAMETRIC_REPRESENTATION_CONTEXT() REPRESENTATION_CONTEXT('2D SPACE',''
  ) );
#1399 = PCURVE('',#1266,#1400);
#1400 = DEFINITIONAL_REPRESENTATION('',(#1401),#1405);
#1401 = LINE('',#1402,#1403);
#1402 = CARTESIAN_POINT('',(0.,-14.));
#1403 = VECTOR('',#1404,1.);
#1404 = DIRECTION('',(1.,0.));
#1405 = ( GEOMETRIC_REPRESENTATION_CONTEXT(2) 
PARAMETRIC_REPRESENTATION_CONTEXT() REPRESENTATION_CONTEXT('2D SPACE',''
  ) );
#1406 = ORIENTED_EDGE('',*,*,#1407,.T.);
#1407 = EDGE_CURVE('',#1385,#481,#1408,.T.);
#1408 = SURFACE_CURVE('',#1409,(#1413,#1420),.PCURVE_S1.);
#1409 = LINE('',#1410,#1411);
#1410 = CARTESIAN_POINT('',(37.9,7.,102.));
#1411 = VECTOR('',#1412,1.);
#1412 = DIRECTION('',(1.,0.,-0.));
#1413 = PCURVE('',#519,#1414);
#1414 = DEFINITIONAL_REPRESENTATION('',(#1415),#1419);
#1415 = LINE('',#1416,#1417);
#1416 = CARTESIAN_POINT('',(94.,0.));
#1417 = VECTOR('',#1418,1.);
#1418 = DIRECTION('',(0.,1.));
#1419 = ( GEOMETRIC_REPRESENTATION_CONTEXT(2) 
PARAMETRIC_REPRESENTATION_CONTEXT() REPRESENTATION_CONTEXT('2D SPACE',''
  ) );
#1420 = PCURVE('',#417,#1421);
#1421 = DEFINITIONAL_REPRESENTATION('',(#1422),#1426);
#1422 = LINE('',#1423,#1424);
#1423 = CARTESIAN_POINT('',(0.,14.));
#1424 = VECTOR('',#1425,1.);
#1425 = DIRECTION('',(1.,0.));
#1426 = ( GEOMETRIC_REPRESENTATION_CONTEXT(2) 
PARAMETRIC_REPRESENTATION_CONTEXT() REPRESENTATION_CONTEXT('2D SPACE',''
  ) );
#1427 = ORIENTED_EDGE('',*,*,#504,.F.);
#1428 = ADVANCED_FACE('',(#1429),#417,.T.);
#1429 = FACE_BOUND('',#1430,.T.);
#1430 = EDGE_LOOP('',(#1431,#1432,#1453,#1454,#1455));
#1431 = ORIENTED_EDGE('',*,*,#1407,.F.);
#1432 = ORIENTED_EDGE('',*,*,#1433,.F.);
#1433 = EDGE_CURVE('',#1251,#1385,#1434,.T.);
#1434 = SURFACE_CURVE('',#1435,(#1439,#1446),.PCURVE_S1.);
#1435 = LINE('',#1436,#1437);
#1436 = CARTESIAN_POINT('',(37.9,-7.,102.));
#1437 = VECTOR('',#1438,1.);
#1438 = DIRECTION('',(-0.,1.,0.));
#1439 = PCURVE('',#417,#1440);
#1440 = DEFINITIONAL_REPRESENTATION('',(#1441),#1445);
#1441 = LINE('',#1442,#1443);
#1442 = CARTESIAN_POINT('',(0.,0.));
#1443 = VECTOR('',#1444,1.);
#1444 = DIRECTION('',(0.,1.));
#1445 = ( GEOMETRIC_REPRESENTATION_CONTEXT(2) 
PARAMETRIC_REPRESENTATION_CONTEXT() REPRESENTATION_CONTEXT('2D SPACE',''
  ) );
#1446 = PCURVE('',#1266,#1447);
#1447 = DEFINITIONAL_REPRESENTATION('',(#1448),#1452);
#1448 = LINE('',#1449,#1450);
#1449 = CARTESIAN_POINT('',(94.,0.));
#1450 = VECTOR('',#1451,1.);
#1451 = DIRECTION('',(0.,-1.));
#1452 = ( GEOMETRIC_REPRESENTATION_CONTEXT(2) 
PARAMETRIC_REPRESENTATION_CONTEXT() REPRESENTATION_CONTEXT('2D SPACE',''
  ) );
#1453 = ORIENTED_EDGE('',*,*,#1278,.T.);
#1454 = ORIENTED_EDGE('',*,*,#400,.T.);
#1455 = ORIENTED_EDGE('',*,*,#480,.T.);
#1456 = ADVANCED_FACE('',(#1457,#1483),#467,.T.);
#1457 = FACE_BOUND('',#1458,.T.);
#1458 = EDGE_LOOP('',(#1459));
#1459 = ORIENTED_EDGE('',*,*,#1460,.T.);
#1460 = EDGE_CURVE('',#1461,#1461,#1463,.T.);
#1461 = VERTEX_POINT('',#1462);
#1462 = CARTESIAN_POINT('',(42.,-1.028703311284E-14,110.));
#1463 = SURFACE_CURVE('',#1464,(#1469,#1476),.PCURVE_S1.);
#1464 = CIRCLE('',#1465,42.);
#1465 = AXIS2_PLACEMENT_3D('',#1466,#1467,#1468);
#1466 = CARTESIAN_POINT('',(0.,0.,110.));
#1467 = DIRECTION('',(0.,0.,1.));
#1468 = DIRECTION('',(1.,0.,-0.));
#1469 = PCURVE('',#467,#1470);
#1470 = DEFINITIONAL_REPRESENTATION('',(#1471),#1475);
#1471 = CIRCLE('',#1472,42.);
#1472 = AXIS2_PLACEMENT_2D('',#1473,#1474);
#1473 = CARTESIAN_POINT('',(0.,0.));
#1474 = DIRECTION('',(1.,0.));
#1475 = ( GEOMETRIC_REPRESENTATION_CONTEXT(2) 
PARAMETRIC_REPRESENTATION_CONTEXT() REPRESENTATION_CONTEXT('2D SPACE',''
  ) );
#1476 = PCURVE('',#1134,#1477);
#1477 = DEFINITIONAL_REPRESENTATION('',(#1478),#1482);
#1478 = LINE('',#1479,#1480);
#1479 = CARTESIAN_POINT('',(0.,110.));
#1480 = VECTOR('',#1481,1.);
#1481 = DIRECTION('',(1.,0.));
#1482 = ( GEOMETRIC_REPRESENTATION_CONTEXT(2) 
PARAMETRIC_REPRESENTATION_CONTEXT() REPRESENTATION_CONTEXT('2D SPACE',''
  ) );
#1483 = FACE_BOUND('',#1484,.T.);
#1484 = EDGE_LOOP('',(#1485));
#1485 = ORIENTED_EDGE('',*,*,#452,.F.);
#1486 = ADVANCED_FACE('',(#1487),#744,.F.);
#1487 = FACE_BOUND('',#1488,.F.);
#1488 = EDGE_LOOP('',(#1489,#1653,#1674,#1675));
#1489 = ORIENTED_EDGE('',*,*,#1490,.F.);
#1490 = EDGE_CURVE('',#1491,#1491,#1493,.T.);
#1491 = VERTEX_POINT('',#1492);
#1492 = CARTESIAN_POINT('',(5.091563083127E-15,42.,94.25));
#1493 = SURFACE_CURVE('',#1494,(#1545,#1599),.PCURVE_S1.);
#1494 = B_SPLINE_CURVE_WITH_KNOTS('',7,(#1495,#1496,#1497,#1498,#1499,
    #1500,#1501,#1502,#1503,#1504,#1505,#1506,#1507,#1508,#1509,#1510,
    #1511,#1512,#1513,#1514,#1515,#1516,#1517,#1518,#1519,#1520,#1521,
    #1522,#1523,#1524,#1525,#1526,#1527,#1528,#1529,#1530,#1531,#1532,
    #1533,#1534,#1535,#1536,#1537,#1538,#1539,#1540,#1541,#1542,#1543,
    #1544),.UNSPECIFIED.,.T.,.F.,(8,6,6,6,6,6,6,6,8),(0.,0.142507598737,
    0.277480227505,0.446122014146,0.592595534322,0.687572169312,
    0.792052782024,0.893224675597,1.),.UNSPECIFIED.);
#1495 = CARTESIAN_POINT('',(3.774758283726E-15,42.,94.25));
#1496 = CARTESIAN_POINT('',(-0.240564909828,42.,94.25));
#1497 = CARTESIAN_POINT('',(-0.474783689339,41.998392447927,
    94.288580638866));
#1498 = CARTESIAN_POINT('',(-0.695472774074,41.995330101926,
    94.362080416937));
#1499 = CARTESIAN_POINT('',(-0.896672045916,41.991246809556,
    94.465417841329));
#1500 = CARTESIAN_POINT('',(-1.07388288034,41.986740270263,
    94.592179544313));
#1501 = CARTESIAN_POINT('',(-1.224515318679,41.982328723297,
    94.734759369044));
#1502 = CARTESIAN_POINT('',(-1.465730828736,41.974580573173,
    95.026338832401));
#1503 = CARTESIAN_POINT('',(-1.561941602253,41.97110714592,
    95.178074557402));
#1504 = CARTESIAN_POINT('',(-1.637791586845,41.968152839821,
    95.336597093813));
#1505 = CARTESIAN_POINT('',(-1.694053214219,41.965858989552,
    95.499643048583));
#1506 = CARTESIAN_POINT('',(-1.731340386205,41.964303984427,
    95.66548118931));
#1507 = CARTESIAN_POINT('',(-1.75,41.963525828986,95.832698608717));
#1508 = CARTESIAN_POINT('',(-1.75,41.963525828986,96.209035015403));
#1509 = CARTESIAN_POINT('',(-1.720870905227,41.964740532465,
    96.417956688412));
#1510 = CARTESIAN_POINT('',(-1.662660112015,41.967168421143,
    96.624271064667));
#1511 = CARTESIAN_POINT('',(-1.574487515183,41.970717009449,
    96.82513075767));
#1512 = CARTESIAN_POINT('',(-1.45491049439,41.975195992224,
    97.016769701971));
#1513 = CARTESIAN_POINT('',(-1.302265918567,41.980221683616,
    97.193885336947));
#1514 = CARTESIAN_POINT('',(-0.953269815763,41.989494058228,
    97.482600022051));
#1515 = CARTESIAN_POINT('',(-0.759501519052,41.993909997825,
    97.604548622183));
#1516 = CARTESIAN_POINT('',(-0.538055920447,41.997820349,97.700210484504
    ));
#1517 = CARTESIAN_POINT('',(-0.296941198926,42.000444966807,
    97.759904417919));
#1518 = CARTESIAN_POINT('',(-4.691125065567E-02,42.001210981771,
    97.778413533674));
#1519 = CARTESIAN_POINT('',(0.200565262298,42.000176623139,
    97.755266368217));
#1520 = CARTESIAN_POINT('',(0.587354334867,41.996168469166,
    97.655955813714));
#1521 = CARTESIAN_POINT('',(0.735412141611,41.993991113535,
    97.600957040957));
#1522 = CARTESIAN_POINT('',(0.877363669596,41.991295877072,
    97.530544599113));
#1523 = CARTESIAN_POINT('',(1.011305945105,41.988213644918,
    97.445544053947));
#1524 = CARTESIAN_POINT('',(1.135471411404,41.984910000151,
    97.347073515086));
#1525 = CARTESIAN_POINT('',(1.248276605602,41.981565480427,
    97.236518169087));
#1526 = CARTESIAN_POINT('',(1.458538557305,41.974811598113,
    96.982355130287));
#1527 = CARTESIAN_POINT('',(1.553345587129,41.97142886975,
    96.836525941704));
#1528 = CARTESIAN_POINT('',(1.631050234649,41.968426634726,
    96.68014554528));
#1529 = CARTESIAN_POINT('',(1.690284258694,41.966016344696,
    96.515622046596));
#1530 = CARTESIAN_POINT('',(1.730098878333,41.964355683268,
    96.345580099662));
#1531 = CARTESIAN_POINT('',(1.75,41.963525828986,96.172779100143));
#1532 = CARTESIAN_POINT('',(1.75,41.963525828986,95.832692513207));
#1533 = CARTESIAN_POINT('',(1.731339048706,41.964304039668,
    95.665475462976));
#1534 = CARTESIAN_POINT('',(1.694051677807,41.965859055113,
    95.499641059619));
#1535 = CARTESIAN_POINT('',(1.63779164596,41.968152827893,
    95.336599390359));
#1536 = CARTESIAN_POINT('',(1.561943892464,41.971107053813,
    95.178079085304));
#1537 = CARTESIAN_POINT('',(1.465733704412,41.974580480802,
    95.026342308497));
#1538 = CARTESIAN_POINT('',(1.22456398742,41.982327159995,
    94.734818199446));
#1539 = CARTESIAN_POINT('',(1.073930003367,41.986739091851,
    94.592205424825));
#1540 = CARTESIAN_POINT('',(0.896668863352,41.991247425511,
    94.465392952996));
#1541 = CARTESIAN_POINT('',(0.695397831132,41.995332179597,
    94.362030677568));
#1542 = CARTESIAN_POINT('',(0.474658009589,41.99839391492,
    94.288545408568));
#1543 = CARTESIAN_POINT('',(0.24045505056,42.,94.25));
#1544 = CARTESIAN_POINT('',(3.774758283726E-15,42.,94.25));
#1545 = PCURVE('',#744,#1546);
#1546 = DEFINITIONAL_REPRESENTATION('',(#1547),#1598);
#1547 = B_SPLINE_CURVE_WITH_KNOTS('',7,(#1548,#1549,#1550,#1551,#1552,
    #1553,#1554,#1555,#1556,#1557,#1558,#1559,#1560,#1561,#1562,#1563,
    #1564,#1565,#1566,#1567,#1568,#1569,#1570,#1571,#1572,#1573,#1574,
    #1575,#1576,#1577,#1578,#1579,#1580,#1581,#1582,#1583,#1584,#1585,
    #1586,#1587,#1588,#1589,#1590,#1591,#1592,#1593,#1594,#1595,#1596,
    #1597),.UNSPECIFIED.,.F.,.F.,(8,6,6,6,6,6,6,6,8),(0.,0.142507598737,
    0.277480227505,0.446122014146,0.592595534322,0.687572169312,
    0.792052782024,0.893224675597,1.),.UNSPECIFIED.);
#1548 = CARTESIAN_POINT('',(0.,7.));
#1549 = CARTESIAN_POINT('',(0.137465662759,7.));
#1550 = CARTESIAN_POINT('',(0.27130490097,6.998392447927));
#1551 = CARTESIAN_POINT('',(0.401655937636,6.995330101926));
#1552 = CARTESIAN_POINT('',(0.528348867449,6.991246809556));
#1553 = CARTESIAN_POINT('',(0.650945546276,6.986740270263));
#1554 = CARTESIAN_POINT('',(0.768589245,6.982328723297));
#1555 = CARTESIAN_POINT('',(0.984830611085,6.974580573173));
#1556 = CARTESIAN_POINT('',(1.086682935969,6.97110714592));
#1557 = CARTESIAN_POINT('',(1.186007405866,6.968152839821));
#1558 = CARTESIAN_POINT('',(1.283450629941,6.965858989552));
#1559 = CARTESIAN_POINT('',(1.379642806962,6.964303984427));
#1560 = CARTESIAN_POINT('',(1.475195531776,6.963525828986));
#1561 = CARTESIAN_POINT('',(1.690244907025,6.963525828986));
#1562 = CARTESIAN_POINT('',(1.809627924527,6.964740532465));
#1563 = CARTESIAN_POINT('',(1.930309176799,6.967168421143));
#1564 = CARTESIAN_POINT('',(2.053416453954,6.970717009449));
#1565 = CARTESIAN_POINT('',(2.180204811752,6.975195992224));
#1566 = CARTESIAN_POINT('',(2.311926852033,6.980221683616));
#1567 = CARTESIAN_POINT('',(2.570749586528,6.989494058228));
#1568 = CARTESIAN_POINT('',(2.700484717783,6.993909997825));
#1569 = CARTESIAN_POINT('',(2.835665650985,6.997820349));
#1570 = CARTESIAN_POINT('',(2.97413624599,7.000444966807));
#1571 = CARTESIAN_POINT('',(3.114229063882,7.001210981771));
#1572 = CARTESIAN_POINT('',(3.25448986057,7.000176623139));
#1573 = CARTESIAN_POINT('',(3.482681239537,6.996168469166));
#1574 = CARTESIAN_POINT('',(3.572443439081,6.993991113535));
#1575 = CARTESIAN_POINT('',(3.66219791702,6.991295877072));
#1576 = CARTESIAN_POINT('',(3.751954270309,6.988213644918));
#1577 = CARTESIAN_POINT('',(3.841718041651,6.984910000151));
#1578 = CARTESIAN_POINT('',(3.931483070903,6.981565480427));
#1579 = CARTESIAN_POINT('',(4.119975641969,6.974811598113));
#1580 = CARTESIAN_POINT('',(4.218715865673,6.97142886975));
#1581 = CARTESIAN_POINT('',(4.317445161767,6.968426634726));
#1582 = CARTESIAN_POINT('',(4.416175263686,6.966016344696));
#1583 = CARTESIAN_POINT('',(4.514914920517,6.964355683268));
#1584 = CARTESIAN_POINT('',(4.613658066018,6.963525828986));
#1585 = CARTESIAN_POINT('',(4.807993258552,6.963525828986));
#1586 = CARTESIAN_POINT('',(4.903545763194,6.964304039668));
#1587 = CARTESIAN_POINT('',(4.999735986547,6.965859055113));
#1588 = CARTESIAN_POINT('',(5.09717671569,6.968152827893));
#1589 = CARTESIAN_POINT('',(5.196499546804,6.971107053813));
#1590 = CARTESIAN_POINT('',(5.29835211815,6.974580480802));
#1591 = CARTESIAN_POINT('',(5.514552432335,6.982327159995));
#1592 = CARTESIAN_POINT('',(5.632211216638,6.986739091851));
#1593 = CARTESIAN_POINT('',(5.754845849879,6.991247425511));
#1594 = CARTESIAN_POINT('',(5.881577933693,6.995332179597));
#1595 = CARTESIAN_POINT('',(6.011952236845,6.99839391492));
#1596 = CARTESIAN_POINT('',(6.145782421146,7.));
#1597 = CARTESIAN_POINT('',(6.28318530718,7.));
#1598 = ( GEOMETRIC_REPRESENTATION_CONTEXT(2) 
PARAMETRIC_REPRESENTATION_CONTEXT() REPRESENTATION_CONTEXT('2D SPACE',''
  ) );
#1599 = PCURVE('',#1134,#1600);
#1600 = DEFINITIONAL_REPRESENTATION('',(#1601),#1652);
#1601 = B_SPLINE_CURVE_WITH_KNOTS('',7,(#1602,#1603,#1604,#1605,#1606,
    #1607,#1608,#1609,#1610,#1611,#1612,#1613,#1614,#1615,#1616,#1617,
    #1618,#1619,#1620,#1621,#1622,#1623,#1624,#1625,#1626,#1627,#1628,
    #1629,#1630,#1631,#1632,#1633,#1634,#1635,#1636,#1637,#1638,#1639,
    #1640,#1641,#1642,#1643,#1644,#1645,#1646,#1647,#1648,#1649,#1650,
    #1651),.UNSPECIFIED.,.T.,.F.,(8,6,6,6,6,6,6,6,8),(0.,0.142507598737,
    0.277480227505,0.446122014146,0.592595534322,0.687572169312,
    0.792052782024,0.893224675597,1.),.UNSPECIFIED.);
#1602 = CARTESIAN_POINT('',(1.570796326795,94.25));
#1603 = CARTESIAN_POINT('',(1.576524062743,94.25));
#1604 = CARTESIAN_POINT('',(1.582100700755,94.288580638866));
#1605 = CARTESIAN_POINT('',(1.587355507408,94.362080416937));
#1606 = CARTESIAN_POINT('',(1.592146821076,94.465417841329));
#1607 = CARTESIAN_POINT('',(1.596367440182,94.592179544313));
#1608 = CARTESIAN_POINT('',(1.599955449847,94.734759369044));
#1609 = CARTESIAN_POINT('',(1.605701638376,95.026338832401));
#1610 = CARTESIAN_POINT('',(1.607993845317,95.178074557402));
#1611 = CARTESIAN_POINT('',(1.609801160289,95.336597093813));
#1612 = CARTESIAN_POINT('',(1.611141835018,95.499643048583));
#1613 = CARTESIAN_POINT('',(1.612030396551,95.66548118931));
#1614 = CARTESIAN_POINT('',(1.612475059217,95.832698608717));
#1615 = CARTESIAN_POINT('',(1.612475059217,96.209035015403));
#1616 = CARTESIAN_POINT('',(1.61178090656,96.417956688412));
#1617 = CARTESIAN_POINT('',(1.610393730355,96.624271064667));
#1618 = CARTESIAN_POINT('',(1.608292685608,96.82513075767));
#1619 = CARTESIAN_POINT('',(1.605443641563,97.016769701971));
#1620 = CARTESIAN_POINT('',(1.601807350948,97.193885336947));
#1621 = CARTESIAN_POINT('',(1.593494987648,97.482600022051));
#1622 = CARTESIAN_POINT('',(1.588880293183,97.604548622183));
#1623 = CARTESIAN_POINT('',(1.583607063996,97.700210484504));
#1624 = CARTESIAN_POINT('',(1.577866178674,97.759904417919));
#1625 = CARTESIAN_POINT('',(1.571913316203,97.778413533674));
#1626 = CARTESIAN_POINT('',(1.566021077918,97.755266368217));
#1627 = CARTESIAN_POINT('',(1.556811319834,97.655955813714));
#1628 = CARTESIAN_POINT('',(1.553285786017,97.600957040957));
#1629 = CARTESIAN_POINT('',(1.549905426645,97.530544599113));
#1630 = CARTESIAN_POINT('',(1.546715521173,97.445544053947));
#1631 = CARTESIAN_POINT('',(1.543758177012,97.347073515086));
#1632 = CARTESIAN_POINT('',(1.54107116703,97.236518169087));
#1633 = CARTESIAN_POINT('',(1.536062348092,96.982355130287));
#1634 = CARTESIAN_POINT('',(1.533803616037,96.836525941704));
#1635 = CARTESIAN_POINT('',(1.531952133576,96.68014554528));
#1636 = CARTESIAN_POINT('',(1.530540634359,96.515622046596));
#1637 = CARTESIAN_POINT('',(1.529591842116,96.345580099662));
#1638 = CARTESIAN_POINT('',(1.529117594372,96.172779100143));
#1639 = CARTESIAN_POINT('',(1.529117594372,95.832692513207));
#1640 = CARTESIAN_POINT('',(1.529562288911,95.665475462976));
#1641 = CARTESIAN_POINT('',(1.530450855188,95.499641059619));
#1642 = CARTESIAN_POINT('',(1.531791491881,95.336599390359));
#1643 = CARTESIAN_POINT('',(1.533598753702,95.178079085304));
#1644 = CARTESIAN_POINT('',(1.53589094671,95.026342308497));
#1645 = CARTESIAN_POINT('',(1.541636044365,94.734818199446));
#1646 = CARTESIAN_POINT('',(1.545224091097,94.592205424825));
#1647 = CARTESIAN_POINT('',(1.549445908718,94.465392952996));
#1648 = CARTESIAN_POINT('',(1.554238930994,94.362030677568));
#1649 = CARTESIAN_POINT('',(1.559494945205,94.288545408568));
#1650 = CARTESIAN_POINT('',(1.565071206543,94.25));
#1651 = CARTESIAN_POINT('',(1.570796326795,94.25));
#1652 = ( GEOMETRIC_REPRESENTATION_CONTEXT(2) 
PARAMETRIC_REPRESENTATION_CONTEXT() REPRESENTATION_CONTEXT('2D SPACE',''
  ) );
#1653 = ORIENTED_EDGE('',*,*,#1654,.F.);
#1654 = EDGE_CURVE('',#635,#1491,#1655,.T.);
#1655 = SEAM_CURVE('',#1656,(#1660,#1667),.PCURVE_S1.);
#1656 = LINE('',#1657,#1658);
#1657 = CARTESIAN_POINT('',(4.31440696589E-15,35.,94.25));
#1658 = VECTOR('',#1659,1.);
#1659 = DIRECTION('',(1.110223024625E-16,1.,1.110223024625E-16));
#1660 = PCURVE('',#744,#1661);
#1661 = DEFINITIONAL_REPRESENTATION('',(#1662),#1666);
#1662 = LINE('',#1663,#1664);
#1663 = CARTESIAN_POINT('',(6.28318530718,-0.));
#1664 = VECTOR('',#1665,1.);
#1665 = DIRECTION('',(0.,1.));
#1666 = ( GEOMETRIC_REPRESENTATION_CONTEXT(2) 
PARAMETRIC_REPRESENTATION_CONTEXT() REPRESENTATION_CONTEXT('2D SPACE',''
  ) );
#1667 = PCURVE('',#744,#1668);
#1668 = DEFINITIONAL_REPRESENTATION('',(#1669),#1673);
#1669 = LINE('',#1670,#1671);
#1670 = CARTESIAN_POINT('',(0.,-0.));
#1671 = VECTOR('',#1672,1.);
#1672 = DIRECTION('',(0.,1.));
#1673 = ( GEOMETRIC_REPRESENTATION_CONTEXT(2) 
PARAMETRIC_REPRESENTATION_CONTEXT() REPRESENTATION_CONTEXT('2D SPACE',''
  ) );
#1674 = ORIENTED_EDGE('',*,*,#634,.T.);
#1675 = ORIENTED_EDGE('',*,*,#1654,.T.);
#1676 = ADVANCED_FACE('',(#1677),#939,.F.);
#1677 = FACE_BOUND('',#1678,.F.);
#1678 = EDGE_LOOP('',(#1679,#1843,#1864,#1865));
#1679 = ORIENTED_EDGE('',*,*,#1680,.F.);
#1680 = EDGE_CURVE('',#1681,#1681,#1683,.T.);
#1681 = VERTEX_POINT('',#1682);
#1682 = CARTESIAN_POINT('',(-9.754499786553E-15,-42.,94.25));
#1683 = SURFACE_CURVE('',#1684,(#1735,#1789),.PCURVE_S1.);
#1684 = B_SPLINE_CURVE_WITH_KNOTS('',7,(#1685,#1686,#1687,#1688,#1689,
    #1690,#1691,#1692,#1693,#1694,#1695,#1696,#1697,#1698,#1699,#1700,
    #1701,#1702,#1703,#1704,#1705,#1706,#1707,#1708,#1709,#1710,#1711,
    #1712,#1713,#1714,#1715,#1716,#1717,#1718,#1719,#1720,#1721,#1722,
    #1723,#1724,#1725,#1726,#1727,#1728,#1729,#1730,#1731,#1732,#1733,
    #1734),.UNSPECIFIED.,.T.,.F.,(8,6,6,6,6,6,6,6,8),(0.,0.142507598735,
    0.2774802275,0.446122014137,0.592595534309,0.687572169326,
    0.792052782032,0.893224675601,1.),.UNSPECIFIED.);
#1685 = CARTESIAN_POINT('',(-8.659739592076E-15,-42.,94.25));
#1686 = CARTESIAN_POINT('',(0.240564909828,-42.,94.25));
#1687 = CARTESIAN_POINT('',(0.474783689338,-41.99839244792,
    94.288580638866));
#1688 = CARTESIAN_POINT('',(0.695472774075,-41.99533010192,
    94.362080416937));
#1689 = CARTESIAN_POINT('',(0.896672045915,-41.99124680955,
    94.465417841328));
#1690 = CARTESIAN_POINT('',(1.073882880341,-41.98674027026,
    94.592179544313));
#1691 = CARTESIAN_POINT('',(1.224515318679,-41.98232872329,
    94.734759369044));
#1692 = CARTESIAN_POINT('',(1.465730828736,-41.97458057317,
    95.026338832401));
#1693 = CARTESIAN_POINT('',(1.561941602253,-41.97110714592,
    95.178074557402));
#1694 = CARTESIAN_POINT('',(1.637791586845,-41.96815283982,
    95.336597093813));
#1695 = CARTESIAN_POINT('',(1.694053214219,-41.96585898955,
    95.499643048584));
#1696 = CARTESIAN_POINT('',(1.731340386205,-41.96430398442,
    95.665481189309));
#1697 = CARTESIAN_POINT('',(1.75,-41.96352582898,95.832698608717));
#1698 = CARTESIAN_POINT('',(1.75,-41.96352582898,96.209035015403));
#1699 = CARTESIAN_POINT('',(1.720870905227,-41.96474053246,
    96.417956688412));
#1700 = CARTESIAN_POINT('',(1.662660112015,-41.96716842114,
    96.624271064667));
#1701 = CARTESIAN_POINT('',(1.574487515182,-41.97071700944,
    96.82513075767));
#1702 = CARTESIAN_POINT('',(1.454910494391,-41.97519599222,
    97.016769701971));
#1703 = CARTESIAN_POINT('',(1.302265918567,-41.98022168361,
    97.193885336947));
#1704 = CARTESIAN_POINT('',(0.953269815764,-41.98949405822,
    97.482600022049));
#1705 = CARTESIAN_POINT('',(0.759501519051,-41.99390999782,
    97.604548622185));
#1706 = CARTESIAN_POINT('',(0.538055920444,-41.997820349,97.700210484504
    ));
#1707 = CARTESIAN_POINT('',(0.296941198929,-42.0004449668,
    97.759904417917));
#1708 = CARTESIAN_POINT('',(4.691125065787E-02,-42.00121098177,
    97.778413533676));
#1709 = CARTESIAN_POINT('',(-0.2005652623,-42.00017662313,
    97.755266368216));
#1710 = CARTESIAN_POINT('',(-0.587354334912,-41.99616846916,
    97.655955813702));
#1711 = CARTESIAN_POINT('',(-0.735412141563,-41.99399111353,
    97.600957040958));
#1712 = CARTESIAN_POINT('',(-0.877363669569,-41.99129587707,
    97.530544599145));
#1713 = CARTESIAN_POINT('',(-1.01130594514,-41.98821364491,
    97.445544053939));
#1714 = CARTESIAN_POINT('',(-1.135471411433,-41.98491000015,
    97.347073515037));
#1715 = CARTESIAN_POINT('',(-1.24827660557,-41.98156548042,
    97.236518169126));
#1716 = CARTESIAN_POINT('',(-1.458538557305,-41.97481159811,
    96.982355130287));
#1717 = CARTESIAN_POINT('',(-1.553345587129,-41.97142886975,
    96.836525941704));
#1718 = CARTESIAN_POINT('',(-1.631050234649,-41.96842663472,
    96.68014554528));
#1719 = CARTESIAN_POINT('',(-1.690284258694,-41.96601634469,
    96.515622046596));
#1720 = CARTESIAN_POINT('',(-1.730098878333,-41.96435568326,
    96.345580099662));
#1721 = CARTESIAN_POINT('',(-1.75,-41.96352582898,96.172779100143));
#1722 = CARTESIAN_POINT('',(-1.75,-41.96352582898,95.832692513207));
#1723 = CARTESIAN_POINT('',(-1.731339048705,-41.96430403966,
    95.665475462976));
#1724 = CARTESIAN_POINT('',(-1.694051677807,-41.96585905511,
    95.49964105962));
#1725 = CARTESIAN_POINT('',(-1.637791645959,-41.96815282789,
    95.336599390358));
#1726 = CARTESIAN_POINT('',(-1.561943892465,-41.97110705381,
    95.178079085304));
#1727 = CARTESIAN_POINT('',(-1.465733704412,-41.9745804808,
    95.026342308497));
#1728 = CARTESIAN_POINT('',(-1.22456398742,-41.98232715999,
    94.734818199445));
#1729 = CARTESIAN_POINT('',(-1.073930003367,-41.98673909185,
    94.592205424825));
#1730 = CARTESIAN_POINT('',(-0.896668863353,-41.99124742551,
    94.465392952997));
#1731 = CARTESIAN_POINT('',(-0.695397831132,-41.99533217959,
    94.362030677568));
#1732 = CARTESIAN_POINT('',(-0.474658009589,-41.99839391492,
    94.288545408567));
#1733 = CARTESIAN_POINT('',(-0.240455050558,-42.,94.25));
#1734 = CARTESIAN_POINT('',(-8.659739592076E-15,-42.,94.25));
#1735 = PCURVE('',#939,#1736);
#1736 = DEFINITIONAL_REPRESENTATION('',(#1737),#1788);
#1737 = B_SPLINE_CURVE_WITH_KNOTS('',7,(#1738,#1739,#1740,#1741,#1742,
    #1743,#1744,#1745,#1746,#1747,#1748,#1749,#1750,#1751,#1752,#1753,
    #1754,#1755,#1756,#1757,#1758,#1759,#1760,#1761,#1762,#1763,#1764,
    #1765,#1766,#1767,#1768,#1769,#1770,#1771,#1772,#1773,#1774,#1775,
    #1776,#1777,#1778,#1779,#1780,#1781,#1782,#1783,#1784,#1785,#1786,
    #1787),.UNSPECIFIED.,.F.,.F.,(8,6,6,6,6,6,6,6,8),(0.,0.142507598735,
    0.2774802275,0.446122014137,0.592595534309,0.687572169326,
    0.792052782032,0.893224675601,1.),.UNSPECIFIED.);
#1738 = CARTESIAN_POINT('',(0.,7.));
#1739 = CARTESIAN_POINT('',(0.137465662759,7.));
#1740 = CARTESIAN_POINT('',(0.27130490097,6.998392447927));
#1741 = CARTESIAN_POINT('',(0.401655937636,6.995330101926));
#1742 = CARTESIAN_POINT('',(0.528348867449,6.991246809556));
#1743 = CARTESIAN_POINT('',(0.650945546276,6.986740270263));
#1744 = CARTESIAN_POINT('',(0.768589245,6.982328723297));
#1745 = CARTESIAN_POINT('',(0.984830611085,6.974580573173));
#1746 = CARTESIAN_POINT('',(1.086682935969,6.97110714592));
#1747 = CARTESIAN_POINT('',(1.186007405867,6.968152839821));
#1748 = CARTESIAN_POINT('',(1.283450629941,6.965858989552));
#1749 = CARTESIAN_POINT('',(1.379642806962,6.964303984427));
#1750 = CARTESIAN_POINT('',(1.475195531776,6.963525828986));
#1751 = CARTESIAN_POINT('',(1.690244907025,6.963525828986));
#1752 = CARTESIAN_POINT('',(1.809627924527,6.964740532465));
#1753 = CARTESIAN_POINT('',(1.930309176798,6.967168421143));
#1754 = CARTESIAN_POINT('',(2.053416453954,6.970717009448));
#1755 = CARTESIAN_POINT('',(2.180204811752,6.975195992224));
#1756 = CARTESIAN_POINT('',(2.311926852033,6.980221683616));
#1757 = CARTESIAN_POINT('',(2.570749586526,6.989494058228));
#1758 = CARTESIAN_POINT('',(2.700484717784,6.993909997825));
#1759 = CARTESIAN_POINT('',(2.835665650986,6.997820349));
#1760 = CARTESIAN_POINT('',(2.974136245989,7.000444966807));
#1761 = CARTESIAN_POINT('',(3.114229063881,7.001210981771));
#1762 = CARTESIAN_POINT('',(3.254489860572,7.000176623139));
#1763 = CARTESIAN_POINT('',(3.482681239564,6.996168469165));
#1764 = CARTESIAN_POINT('',(3.572443439057,6.993991113535));
#1765 = CARTESIAN_POINT('',(3.662197916996,6.991295877073));
#1766 = CARTESIAN_POINT('',(3.751954270329,6.988213644917));
#1767 = CARTESIAN_POINT('',(3.841718041681,6.98491000015));
#1768 = CARTESIAN_POINT('',(3.931483070874,6.981565480428));
#1769 = CARTESIAN_POINT('',(4.119975641969,6.974811598113));
#1770 = CARTESIAN_POINT('',(4.218715865673,6.97142886975));
#1771 = CARTESIAN_POINT('',(4.317445161767,6.968426634726));
#1772 = CARTESIAN_POINT('',(4.416175263686,6.966016344696));
#1773 = CARTESIAN_POINT('',(4.514914920517,6.964355683268));
#1774 = CARTESIAN_POINT('',(4.613658066018,6.963525828986));
#1775 = CARTESIAN_POINT('',(4.807993258552,6.963525828986));
#1776 = CARTESIAN_POINT('',(4.903545763195,6.964304039668));
#1777 = CARTESIAN_POINT('',(4.999735986545,6.965859055113));
#1778 = CARTESIAN_POINT('',(5.097176715691,6.968152827893));
#1779 = CARTESIAN_POINT('',(5.196499546804,6.971107053813));
#1780 = CARTESIAN_POINT('',(5.29835211815,6.974580480802));
#1781 = CARTESIAN_POINT('',(5.514552432336,6.982327159995));
#1782 = CARTESIAN_POINT('',(5.632211216638,6.986739091851));
#1783 = CARTESIAN_POINT('',(5.754845849877,6.991247425511));
#1784 = CARTESIAN_POINT('',(5.881577933693,6.995332179597));
#1785 = CARTESIAN_POINT('',(6.011952236844,6.99839391492));
#1786 = CARTESIAN_POINT('',(6.145782421146,7.));
#1787 = CARTESIAN_POINT('',(6.28318530718,7.));
#1788 = ( GEOMETRIC_REPRESENTATION_CONTEXT(2) 
PARAMETRIC_REPRESENTATION_CONTEXT() REPRESENTATION_CONTEXT('2D SPACE',''
  ) );
#1789 = PCURVE('',#1134,#1790);
#1790 = DEFINITIONAL_REPRESENTATION('',(#1791),#1842);
#1791 = B_SPLINE_CURVE_WITH_KNOTS('',7,(#1792,#1793,#1794,#1795,#1796,
    #1797,#1798,#1799,#1800,#1801,#1802,#1803,#1804,#1805,#1806,#1807,
    #1808,#1809,#1810,#1811,#1812,#1813,#1814,#1815,#1816,#1817,#1818,
    #1819,#1820,#1821,#1822,#1823,#1824,#1825,#1826,#1827,#1828,#1829,
    #1830,#1831,#1832,#1833,#1834,#1835,#1836,#1837,#1838,#1839,#1840,
    #1841),.UNSPECIFIED.,.T.,.F.,(8,6,6,6,6,6,6,6,8),(0.,0.142507598735,
    0.2774802275,0.446122014137,0.592595534309,0.687572169326,
    0.792052782032,0.893224675601,1.),.UNSPECIFIED.);
#1792 = CARTESIAN_POINT('',(4.712388980385,94.25));
#1793 = CARTESIAN_POINT('',(4.718116716333,94.25));
#1794 = CARTESIAN_POINT('',(4.723693354345,94.288580638866));
#1795 = CARTESIAN_POINT('',(4.728948160998,94.362080416937));
#1796 = CARTESIAN_POINT('',(4.733739474666,94.465417841329));
#1797 = CARTESIAN_POINT('',(4.737960093772,94.592179544313));
#1798 = CARTESIAN_POINT('',(4.741548103437,94.734759369044));
#1799 = CARTESIAN_POINT('',(4.747294291966,95.026338832401));
#1800 = CARTESIAN_POINT('',(4.749586498907,95.178074557402));
#1801 = CARTESIAN_POINT('',(4.751393813879,95.336597093813));
#1802 = CARTESIAN_POINT('',(4.752734488608,95.499643048584));
#1803 = CARTESIAN_POINT('',(4.75362305014,95.665481189309));
#1804 = CARTESIAN_POINT('',(4.754067712807,95.832698608717));
#1805 = CARTESIAN_POINT('',(4.754067712807,96.209035015403));
#1806 = CARTESIAN_POINT('',(4.75337356015,96.417956688412));
#1807 = CARTESIAN_POINT('',(4.751986383945,96.624271064667));
#1808 = CARTESIAN_POINT('',(4.749885339198,96.82513075767));
#1809 = CARTESIAN_POINT('',(4.747036295153,97.016769701971));
#1810 = CARTESIAN_POINT('',(4.743400004537,97.193885336947));
#1811 = CARTESIAN_POINT('',(4.735087641238,97.482600022049));
#1812 = CARTESIAN_POINT('',(4.730472946773,97.604548622185));
#1813 = CARTESIAN_POINT('',(4.725199717586,97.700210484504));
#1814 = CARTESIAN_POINT('',(4.719458832263,97.759904417917));
#1815 = CARTESIAN_POINT('',(4.713505969793,97.778413533676));
#1816 = CARTESIAN_POINT('',(4.707613731508,97.755266368216));
#1817 = CARTESIAN_POINT('',(4.698403973423,97.655955813702));
#1818 = CARTESIAN_POINT('',(4.694878439608,97.600957040958));
#1819 = CARTESIAN_POINT('',(4.691498080236,97.530544599145));
#1820 = CARTESIAN_POINT('',(4.688308174761,97.445544053939));
#1821 = CARTESIAN_POINT('',(4.685350830601,97.347073515037));
#1822 = CARTESIAN_POINT('',(4.682663820621,97.236518169126));
#1823 = CARTESIAN_POINT('',(4.677655001682,96.982355130287));
#1824 = CARTESIAN_POINT('',(4.675396269627,96.836525941704));
#1825 = CARTESIAN_POINT('',(4.673544787166,96.68014554528));
#1826 = CARTESIAN_POINT('',(4.672133287949,96.515622046596));
#1827 = CARTESIAN_POINT('',(4.671184495706,96.345580099662));
#1828 = CARTESIAN_POINT('',(4.670710247962,96.172779100143));
#1829 = CARTESIAN_POINT('',(4.670710247962,95.832692513207));
#1830 = CARTESIAN_POINT('',(4.671154942501,95.665475462976));
#1831 = CARTESIAN_POINT('',(4.672043508778,95.49964105962));
#1832 = CARTESIAN_POINT('',(4.67338414547,95.336599390358));
#1833 = CARTESIAN_POINT('',(4.675191407292,95.178079085304));
#1834 = CARTESIAN_POINT('',(4.6774836003,95.026342308497));
#1835 = CARTESIAN_POINT('',(4.683228697955,94.734818199445));
#1836 = CARTESIAN_POINT('',(4.686816744687,94.592205424825));
#1837 = CARTESIAN_POINT('',(4.691038562308,94.465392952997));
#1838 = CARTESIAN_POINT('',(4.695831584584,94.362030677568));
#1839 = CARTESIAN_POINT('',(4.701087598795,94.288545408568));
#1840 = CARTESIAN_POINT('',(4.706663860133,94.25));
#1841 = CARTESIAN_POINT('',(4.712388980385,94.25));
#1842 = ( GEOMETRIC_REPRESENTATION_CONTEXT(2) 
PARAMETRIC_REPRESENTATION_CONTEXT() REPRESENTATION_CONTEXT('2D SPACE',''
  ) );
#1843 = ORIENTED_EDGE('',*,*,#1844,.F.);
#1844 = EDGE_CURVE('',#830,#1681,#1845,.T.);
#1845 = SEAM_CURVE('',#1846,(#1850,#1857),.PCURVE_S1.);
#1846 = LINE('',#1847,#1848);
#1847 = CARTESIAN_POINT('',(-8.200187552078E-15,-35.,94.25));
#1848 = VECTOR('',#1849,1.);
#1849 = DIRECTION('',(-2.22044604925E-16,-1.,1.110223024625E-16));
#1850 = PCURVE('',#939,#1851);
#1851 = DEFINITIONAL_REPRESENTATION('',(#1852),#1856);
#1852 = LINE('',#1853,#1854);
#1853 = CARTESIAN_POINT('',(6.28318530718,-0.));
#1854 = VECTOR('',#1855,1.);
#1855 = DIRECTION('',(0.,1.));
#1856 = ( GEOMETRIC_REPRESENTATION_CONTEXT(2) 
PARAMETRIC_REPRESENTATION_CONTEXT() REPRESENTATION_CONTEXT('2D SPACE',''
  ) );
#1857 = PCURVE('',#939,#1858);
#1858 = DEFINITIONAL_REPRESENTATION('',(#1859),#1863);
#1859 = LINE('',#1860,#1861);
#1860 = CARTESIAN_POINT('',(0.,-0.));
#1861 = VECTOR('',#1862,1.);
#1862 = DIRECTION('',(0.,1.));
#1863 = ( GEOMETRIC_REPRESENTATION_CONTEXT(2) 
PARAMETRIC_REPRESENTATION_CONTEXT() REPRESENTATION_CONTEXT('2D SPACE',''
  ) );
#1864 = ORIENTED_EDGE('',*,*,#829,.T.);
#1865 = ORIENTED_EDGE('',*,*,#1844,.T.);
#1866 = ADVANCED_FACE('',(#1867,#2442,#2445,#2448),#1134,.T.);
#1867 = FACE_BOUND('',#1868,.T.);
#1868 = EDGE_LOOP('',(#1869,#1897,#1930,#1953,#2050,#2071,#2072,#2073,
    #2163,#2164,#2192,#2218,#2251,#2274,#2302,#2323,#2324,#2325,#2358,
    #2384,#2415,#2416));
#1869 = ORIENTED_EDGE('',*,*,#1870,.T.);
#1870 = EDGE_CURVE('',#1871,#1873,#1875,.T.);
#1871 = VERTEX_POINT('',#1872);
#1872 = CARTESIAN_POINT('',(41.024382993532,-9.,48.5));
#1873 = VERTEX_POINT('',#1874);
#1874 = CARTESIAN_POINT('',(41.024382993532,-9.,61.5));
#1875 = SURFACE_CURVE('',#1876,(#1880,#1886),.PCURVE_S1.);
#1876 = LINE('',#1877,#1878);
#1877 = CARTESIAN_POINT('',(41.024382993532,-9.,0.));
#1878 = VECTOR('',#1879,1.);
#1879 = DIRECTION('',(0.,0.,1.));
#1880 = PCURVE('',#1134,#1881);
#1881 = DEFINITIONAL_REPRESENTATION('',(#1882),#1885);
#1882 = B_SPLINE_CURVE_WITH_KNOTS('',1,(#1883,#1884),.UNSPECIFIED.,.F.,
  .F.,(2,2),(47.2,62.8),.PIECEWISE_BEZIER_KNOTS.);
#1883 = CARTESIAN_POINT('',(6.067224808495,47.2));
#1884 = CARTESIAN_POINT('',(6.067224808495,62.8));
#1885 = ( GEOMETRIC_REPRESENTATION_CONTEXT(2) 
PARAMETRIC_REPRESENTATION_CONTEXT() REPRESENTATION_CONTEXT('2D SPACE',''
  ) );
#1886 = PCURVE('',#1887,#1892);
#1887 = PLANE('',#1888);
#1888 = AXIS2_PLACEMENT_3D('',#1889,#1890,#1891);
#1889 = CARTESIAN_POINT('',(40.,-9.,61.5));
#1890 = DIRECTION('',(0.,1.,0.));
#1891 = DIRECTION('',(1.,0.,1.110223024625E-16));
#1892 = DEFINITIONAL_REPRESENTATION('',(#1893),#1896);
#1893 = B_SPLINE_CURVE_WITH_KNOTS('',1,(#1894,#1895),.UNSPECIFIED.,.F.,
  .F.,(2,2),(47.2,62.8),.PIECEWISE_BEZIER_KNOTS.);
#1894 = CARTESIAN_POINT('',(1.024382993532,14.3));
#1895 = CARTESIAN_POINT('',(1.024382993532,-1.3));
#1896 = ( GEOMETRIC_REPRESENTATION_CONTEXT(2) 
PARAMETRIC_REPRESENTATION_CONTEXT() REPRESENTATION_CONTEXT('2D SPACE',''
  ) );
#1897 = ORIENTED_EDGE('',*,*,#1898,.T.);
#1898 = EDGE_CURVE('',#1873,#1899,#1901,.T.);
#1899 = VERTEX_POINT('',#1900);
#1900 = CARTESIAN_POINT('',(42.,-1.028703311284E-14,61.5));
#1901 = SURFACE_CURVE('',#1902,(#1907,#1914),.PCURVE_S1.);
#1902 = CIRCLE('',#1903,42.);
#1903 = AXIS2_PLACEMENT_3D('',#1904,#1905,#1906);
#1904 = CARTESIAN_POINT('',(0.,0.,61.5));
#1905 = DIRECTION('',(0.,0.,1.));
#1906 = DIRECTION('',(1.,0.,-0.));
#1907 = PCURVE('',#1134,#1908);
#1908 = DEFINITIONAL_REPRESENTATION('',(#1909),#1913);
#1909 = LINE('',#1910,#1911);
#1910 = CARTESIAN_POINT('',(0.,61.5));
#1911 = VECTOR('',#1912,1.);
#1912 = DIRECTION('',(1.,0.));
#1913 = ( GEOMETRIC_REPRESENTATION_CONTEXT(2) 
PARAMETRIC_REPRESENTATION_CONTEXT() REPRESENTATION_CONTEXT('2D SPACE',''
  ) );
#1914 = PCURVE('',#1915,#1920);
#1915 = PLANE('',#1916);
#1916 = AXIS2_PLACEMENT_3D('',#1917,#1918,#1919);
#1917 = CARTESIAN_POINT('',(40.,-9.,61.5));
#1918 = DIRECTION('',(1.110223024625E-16,0.,-1.));
#1919 = DIRECTION('',(1.,0.,1.110223024625E-16));
#1920 = DEFINITIONAL_REPRESENTATION('',(#1921),#1929);
#1921 = ( BOUNDED_CURVE() B_SPLINE_CURVE(2,(#1922,#1923,#1924,#1925,
#1926,#1927,#1928),.UNSPECIFIED.,.T.,.F.) B_SPLINE_CURVE_WITH_KNOTS((1,2
    ,2,2,2,1),(-2.094395102393,0.,2.094395102393,4.188790204786,
6.28318530718,8.377580409573),.UNSPECIFIED.) CURVE() 
GEOMETRIC_REPRESENTATION_ITEM() RATIONAL_B_SPLINE_CURVE((1.,0.5,1.,0.5,
1.,0.5,1.)) REPRESENTATION_ITEM('') );
#1922 = CARTESIAN_POINT('',(2.,-9.));
#1923 = CARTESIAN_POINT('',(2.,-81.74613391789));
#1924 = CARTESIAN_POINT('',(-61.,-45.37306695894));
#1925 = CARTESIAN_POINT('',(-124.,-9.));
#1926 = CARTESIAN_POINT('',(-61.,27.373066958946));
#1927 = CARTESIAN_POINT('',(2.,63.746133917893));
#1928 = CARTESIAN_POINT('',(2.,-9.));
#1929 = ( GEOMETRIC_REPRESENTATION_CONTEXT(2) 
PARAMETRIC_REPRESENTATION_CONTEXT() REPRESENTATION_CONTEXT('2D SPACE',''
  ) );
#1930 = ORIENTED_EDGE('',*,*,#1931,.T.);
#1931 = EDGE_CURVE('',#1899,#1932,#1934,.T.);
#1932 = VERTEX_POINT('',#1933);
#1933 = CARTESIAN_POINT('',(42.,-5.35782974627E-15,94.25));
#1934 = SEAM_CURVE('',#1935,(#1939,#1946),.PCURVE_S1.);
#1935 = LINE('',#1936,#1937);
#1936 = CARTESIAN_POINT('',(42.,-1.028703311284E-14,0.));
#1937 = VECTOR('',#1938,1.);
#1938 = DIRECTION('',(0.,0.,1.));
#1939 = PCURVE('',#1134,#1940);
#1940 = DEFINITIONAL_REPRESENTATION('',(#1941),#1945);
#1941 = LINE('',#1942,#1943);
#1942 = CARTESIAN_POINT('',(0.,-0.));
#1943 = VECTOR('',#1944,1.);
#1944 = DIRECTION('',(0.,1.));
#1945 = ( GEOMETRIC_REPRESENTATION_CONTEXT(2) 
PARAMETRIC_REPRESENTATION_CONTEXT() REPRESENTATION_CONTEXT('2D SPACE',''
  ) );
#1946 = PCURVE('',#1134,#1947);
#1947 = DEFINITIONAL_REPRESENTATION('',(#1948),#1952);
#1948 = LINE('',#1949,#1950);
#1949 = CARTESIAN_POINT('',(6.28318530718,-0.));
#1950 = VECTOR('',#1951,1.);
#1951 = DIRECTION('',(0.,1.));
#1952 = ( GEOMETRIC_REPRESENTATION_CONTEXT(2) 
PARAMETRIC_REPRESENTATION_CONTEXT() REPRESENTATION_CONTEXT('2D SPACE',''
  ) );
#1953 = ORIENTED_EDGE('',*,*,#1954,.F.);
#1954 = EDGE_CURVE('',#1955,#1932,#1957,.T.);
#1955 = VERTEX_POINT('',#1956);
#1956 = CARTESIAN_POINT('',(42.,-1.028703311284E-14,97.75));
#1957 = SURFACE_CURVE('',#1958,(#1985,#2015),.PCURVE_S1.);
#1958 = B_SPLINE_CURVE_WITH_KNOTS('',7,(#1959,#1960,#1961,#1962,#1963,
    #1964,#1965,#1966,#1967,#1968,#1969,#1970,#1971,#1972,#1973,#1974,
    #1975,#1976,#1977,#1978,#1979,#1980,#1981,#1982,#1983,#1984),
  .UNSPECIFIED.,.F.,.F.,(8,6,6,6,8),(0.,0.256807471966,0.500048631094,
    0.743288368459,1.),.UNSPECIFIED.);
#1959 = CARTESIAN_POINT('',(42.,-3.330669073875E-15,97.75));
#1960 = CARTESIAN_POINT('',(42.,-0.240564909828,97.75));
#1961 = CARTESIAN_POINT('',(41.998392447927,-0.474783689339,
    97.711419361134));
#1962 = CARTESIAN_POINT('',(41.995330101926,-0.695472774074,
    97.637919583063));
#1963 = CARTESIAN_POINT('',(41.991246809556,-0.896672045916,
    97.534582158672));
#1964 = CARTESIAN_POINT('',(41.986740270263,-1.073882880341,
    97.407820455686));
#1965 = CARTESIAN_POINT('',(41.982328723297,-1.224515318679,
    97.265240630956));
#1966 = CARTESIAN_POINT('',(41.974580384639,-1.465736698158,
    96.973654072686));
#1967 = CARTESIAN_POINT('',(41.971106971212,-1.561945845131,
    96.821916756156));
#1968 = CARTESIAN_POINT('',(41.96815282107,-1.637791745429,
    96.66339856385));
#1969 = CARTESIAN_POINT('',(41.965859080117,-1.694051083584,
    96.500359648913));
#1970 = CARTESIAN_POINT('',(41.964304049358,-1.731338818422,
    96.334526403396));
#1971 = CARTESIAN_POINT('',(41.963525828986,-1.75,96.167308464724));
#1972 = CARTESIAN_POINT('',(41.963525828986,-1.75,95.832692513207));
#1973 = CARTESIAN_POINT('',(41.964304039668,-1.731339048705,
    95.665475462975));
#1974 = CARTESIAN_POINT('',(41.965859055113,-1.694051677807,
    95.499641059621));
#1975 = CARTESIAN_POINT('',(41.968152827893,-1.637791645959,
    95.336599390358));
#1976 = CARTESIAN_POINT('',(41.971107053813,-1.561943892465,
    95.178079085305));
#1977 = CARTESIAN_POINT('',(41.974580480802,-1.465733704412,
    95.026342308497));
#1978 = CARTESIAN_POINT('',(41.982327159995,-1.224563987417,
    94.734818199443));
#1979 = CARTESIAN_POINT('',(41.986739091851,-1.073930003367,
    94.592205424826));
#1980 = CARTESIAN_POINT('',(41.991247425511,-0.896668863354,
    94.465392952999));
#1981 = CARTESIAN_POINT('',(41.995332179597,-0.695397831135,
    94.362030677569));
#1982 = CARTESIAN_POINT('',(41.99839391492,-0.474658009588,
    94.288545408566));
#1983 = CARTESIAN_POINT('',(42.,-0.240455050556,94.25));
#1984 = CARTESIAN_POINT('',(42.,-6.217248937901E-15,94.25));
#1985 = PCURVE('',#1134,#1986);
#1986 = DEFINITIONAL_REPRESENTATION('',(#1987),#2014);
#1987 = B_SPLINE_CURVE_WITH_KNOTS('',7,(#1988,#1989,#1990,#1991,#1992,
    #1993,#1994,#1995,#1996,#1997,#1998,#1999,#2000,#2001,#2002,#2003,
    #2004,#2005,#2006,#2007,#2008,#2009,#2010,#2011,#2012,#2013),
  .UNSPECIFIED.,.F.,.F.,(8,6,6,6,8),(0.,0.256807471966,0.500048631094,
    0.743288368459,1.),.UNSPECIFIED.);
#1988 = CARTESIAN_POINT('',(6.28318530718,97.75));
#1989 = CARTESIAN_POINT('',(6.277457571231,97.75));
#1990 = CARTESIAN_POINT('',(6.271880933219,97.711419361134));
#1991 = CARTESIAN_POINT('',(6.266626126566,97.637919583062));
#1992 = CARTESIAN_POINT('',(6.261834812898,97.534582158672));
#1993 = CARTESIAN_POINT('',(6.257614193793,97.407820455686));
#1994 = CARTESIAN_POINT('',(6.254026184127,97.265240630956));
#1995 = CARTESIAN_POINT('',(6.248279855778,96.973654072686));
#1996 = CARTESIAN_POINT('',(6.245987687555,96.821916756156));
#1997 = CARTESIAN_POINT('',(6.244180469892,96.66339856385));
#1998 = CARTESIAN_POINT('',(6.242839849733,96.500359648913));
#1999 = CARTESIAN_POINT('',(6.241951274784,96.334526403396));
#2000 = CARTESIAN_POINT('',(6.241506574757,96.167308464724));
#2001 = CARTESIAN_POINT('',(6.241506574757,95.832692513207));
#2002 = CARTESIAN_POINT('',(6.241951269296,95.665475462975));
#2003 = CARTESIAN_POINT('',(6.242839835573,95.499641059621));
#2004 = CARTESIAN_POINT('',(6.244180472265,95.336599390358));
#2005 = CARTESIAN_POINT('',(6.245987734087,95.178079085305));
#2006 = CARTESIAN_POINT('',(6.248279927095,95.026342308497));
#2007 = CARTESIAN_POINT('',(6.25402502475,94.734818199443));
#2008 = CARTESIAN_POINT('',(6.257613071482,94.592205424826));
#2009 = CARTESIAN_POINT('',(6.261834889102,94.465392952999));
#2010 = CARTESIAN_POINT('',(6.266627911379,94.362030677569));
#2011 = CARTESIAN_POINT('',(6.27188392559,94.288545408567));
#2012 = CARTESIAN_POINT('',(6.277460186928,94.25));
#2013 = CARTESIAN_POINT('',(6.28318530718,94.25));
#2014 = ( GEOMETRIC_REPRESENTATION_CONTEXT(2) 
PARAMETRIC_REPRESENTATION_CONTEXT() REPRESENTATION_CONTEXT('2D SPACE',''
  ) );
#2015 = PCURVE('',#2016,#2021);
#2016 = CYLINDRICAL_SURFACE('',#2017,1.75);
#2017 = AXIS2_PLACEMENT_3D('',#2018,#2019,#2020);
#2018 = CARTESIAN_POINT('',(35.,0.,96.));
#2019 = DIRECTION('',(1.,0.,1.110223024625E-16));
#2020 = DIRECTION('',(1.110223024625E-16,0.,-1.));
#2021 = DEFINITIONAL_REPRESENTATION('',(#2022),#2049);
#2022 = B_SPLINE_CURVE_WITH_KNOTS('',7,(#2023,#2024,#2025,#2026,#2027,
    #2028,#2029,#2030,#2031,#2032,#2033,#2034,#2035,#2036,#2037,#2038,
    #2039,#2040,#2041,#2042,#2043,#2044,#2045,#2046,#2047,#2048),
  .UNSPECIFIED.,.F.,.F.,(8,6,6,6,8),(0.,0.256807471966,0.500048631094,
    0.743288368459,1.),.UNSPECIFIED.);
#2023 = CARTESIAN_POINT('',(3.14159265359,7.));
#2024 = CARTESIAN_POINT('',(3.279058316349,7.));
#2025 = CARTESIAN_POINT('',(3.41289755456,6.998392447927));
#2026 = CARTESIAN_POINT('',(3.543248591226,6.995330101926));
#2027 = CARTESIAN_POINT('',(3.669941521039,6.991246809556));
#2028 = CARTESIAN_POINT('',(3.792538199866,6.986740270263));
#2029 = CARTESIAN_POINT('',(3.91018189859,6.982328723297));
#2030 = CARTESIAN_POINT('',(4.126428526408,6.974580384639));
#2031 = CARTESIAN_POINT('',(4.228280957207,6.971106971212));
#2032 = CARTESIAN_POINT('',(4.327602323332,6.96815282107));
#2033 = CARTESIAN_POINT('',(4.425041550392,6.965859080117));
#2034 = CARTESIAN_POINT('',(4.521231126864,6.964304049358));
#2035 = CARTESIAN_POINT('',(4.6167841434,6.963525828986));
#2036 = CARTESIAN_POINT('',(4.807993258552,6.963525828986));
#2037 = CARTESIAN_POINT('',(4.903545763195,6.964304039668));
#2038 = CARTESIAN_POINT('',(4.999735986545,6.965859055113));
#2039 = CARTESIAN_POINT('',(5.097176715691,6.968152827893));
#2040 = CARTESIAN_POINT('',(5.196499546804,6.971107053813));
#2041 = CARTESIAN_POINT('',(5.29835211815,6.974580480802));
#2042 = CARTESIAN_POINT('',(5.514552432338,6.982327159995));
#2043 = CARTESIAN_POINT('',(5.632211216638,6.986739091851));
#2044 = CARTESIAN_POINT('',(5.754845849877,6.991247425511));
#2045 = CARTESIAN_POINT('',(5.881577933691,6.995332179597));
#2046 = CARTESIAN_POINT('',(6.011952236845,6.99839391492));
#2047 = CARTESIAN_POINT('',(6.145782421148,7.));
#2048 = CARTESIAN_POINT('',(6.28318530718,7.));
#2049 = ( GEOMETRIC_REPRESENTATION_CONTEXT(2) 
PARAMETRIC_REPRESENTATION_CONTEXT() REPRESENTATION_CONTEXT('2D SPACE',''
  ) );
#2050 = ORIENTED_EDGE('',*,*,#2051,.T.);
#2051 = EDGE_CURVE('',#1955,#1461,#2052,.T.);
#2052 = SEAM_CURVE('',#2053,(#2057,#2064),.PCURVE_S1.);
#2053 = LINE('',#2054,#2055);
#2054 = CARTESIAN_POINT('',(42.,-1.028703311284E-14,0.));
#2055 = VECTOR('',#2056,1.);
#2056 = DIRECTION('',(0.,0.,1.));
#2057 = PCURVE('',#1134,#2058);
#2058 = DEFINITIONAL_REPRESENTATION('',(#2059),#2063);
#2059 = LINE('',#2060,#2061);
#2060 = CARTESIAN_POINT('',(0.,-0.));
#2061 = VECTOR('',#2062,1.);
#2062 = DIRECTION('',(0.,1.));
#2063 = ( GEOMETRIC_REPRESENTATION_CONTEXT(2) 
PARAMETRIC_REPRESENTATION_CONTEXT() REPRESENTATION_CONTEXT('2D SPACE',''
  ) );
#2064 = PCURVE('',#1134,#2065);
#2065 = DEFINITIONAL_REPRESENTATION('',(#2066),#2070);
#2066 = LINE('',#2067,#2068);
#2067 = CARTESIAN_POINT('',(6.28318530718,-0.));
#2068 = VECTOR('',#2069,1.);
#2069 = DIRECTION('',(0.,1.));
#2070 = ( GEOMETRIC_REPRESENTATION_CONTEXT(2) 
PARAMETRIC_REPRESENTATION_CONTEXT() REPRESENTATION_CONTEXT('2D SPACE',''
  ) );
#2071 = ORIENTED_EDGE('',*,*,#1460,.F.);
#2072 = ORIENTED_EDGE('',*,*,#2051,.F.);
#2073 = ORIENTED_EDGE('',*,*,#2074,.F.);
#2074 = EDGE_CURVE('',#1932,#1955,#2075,.T.);
#2075 = SURFACE_CURVE('',#2076,(#2103,#2133),.PCURVE_S1.);
#2076 = B_SPLINE_CURVE_WITH_KNOTS('',7,(#2077,#2078,#2079,#2080,#2081,
    #2082,#2083,#2084,#2085,#2086,#2087,#2088,#2089,#2090,#2091,#2092,
    #2093,#2094,#2095,#2096,#2097,#2098,#2099,#2100,#2101,#2102),
  .UNSPECIFIED.,.F.,.F.,(8,6,6,6,8),(0.,0.256796945706,0.50001596791,
    0.743243851631,1.),.UNSPECIFIED.);
#2077 = CARTESIAN_POINT('',(42.,-9.914693070884E-16,94.25));
#2078 = CARTESIAN_POINT('',(42.,0.240564909828,94.25));
#2079 = CARTESIAN_POINT('',(41.998392447927,0.474783689339,
    94.288580638866));
#2080 = CARTESIAN_POINT('',(41.995330101926,0.695472774074,
    94.362080416937));
#2081 = CARTESIAN_POINT('',(41.991246809556,0.896672045916,
    94.465417841329));
#2082 = CARTESIAN_POINT('',(41.986740270263,1.07388288034,
    94.592179544313));
#2083 = CARTESIAN_POINT('',(41.982328723297,1.224515318679,
    94.734759369044));
#2084 = CARTESIAN_POINT('',(41.974580573173,1.465730828736,
    95.026338832401));
#2085 = CARTESIAN_POINT('',(41.97110714592,1.561941602253,
    95.178074557402));
#2086 = CARTESIAN_POINT('',(41.968152839821,1.637791586846,
    95.336597093814));
#2087 = CARTESIAN_POINT('',(41.965858989552,1.694053214219,
    95.499643048583));
#2088 = CARTESIAN_POINT('',(41.964303984428,1.731340386206,
    95.66548118931));
#2089 = CARTESIAN_POINT('',(41.963525828986,1.75,95.832698608717));
#2090 = CARTESIAN_POINT('',(41.963525828986,1.75,96.167307486793));
#2091 = CARTESIAN_POINT('',(41.964304039668,1.731339048705,
    96.334524537025));
#2092 = CARTESIAN_POINT('',(41.965859055113,1.694051677807,
    96.500358940379));
#2093 = CARTESIAN_POINT('',(41.968152827893,1.637791645959,
    96.663400609642));
#2094 = CARTESIAN_POINT('',(41.971107053813,1.561943892465,
    96.821920914695));
#2095 = CARTESIAN_POINT('',(41.974580480802,1.465733704412,
    96.973657691503));
#2096 = CARTESIAN_POINT('',(41.982328043664,1.224536477035,
    97.265215054897));
#2097 = CARTESIAN_POINT('',(41.986739669494,1.073906163832,
    97.407805840518));
#2098 = CARTESIAN_POINT('',(41.991246933957,0.896676020711,
    97.534589646557));
#2099 = CARTESIAN_POINT('',(41.995330976832,0.695444595551,
    97.637940630278));
#2100 = CARTESIAN_POINT('',(41.998393136841,0.474728658803,
    97.711435878598));
#2101 = CARTESIAN_POINT('',(42.,0.240513423923,97.75));
#2102 = CARTESIAN_POINT('',(42.,1.875782019251E-15,97.75));
#2103 = PCURVE('',#1134,#2104);
#2104 = DEFINITIONAL_REPRESENTATION('',(#2105),#2132);
#2105 = B_SPLINE_CURVE_WITH_KNOTS('',7,(#2106,#2107,#2108,#2109,#2110,
    #2111,#2112,#2113,#2114,#2115,#2116,#2117,#2118,#2119,#2120,#2121,
    #2122,#2123,#2124,#2125,#2126,#2127,#2128,#2129,#2130,#2131),
  .UNSPECIFIED.,.F.,.F.,(8,6,6,6,8),(0.,0.256796945706,0.50001596791,
    0.743243851631,1.),.UNSPECIFIED.);
#2106 = CARTESIAN_POINT('',(0.,94.25));
#2107 = CARTESIAN_POINT('',(5.727735948295E-03,94.25));
#2108 = CARTESIAN_POINT('',(1.13043739602E-02,94.288580638866));
#2109 = CARTESIAN_POINT('',(1.655918061311E-02,94.362080416937));
#2110 = CARTESIAN_POINT('',(2.135049428124E-02,94.465417841329));
#2111 = CARTESIAN_POINT('',(2.557111338707E-02,94.592179544313));
#2112 = CARTESIAN_POINT('',(2.915912305231E-02,94.734759369044));
#2113 = CARTESIAN_POINT('',(3.490531158116E-02,95.026338832401));
#2114 = CARTESIAN_POINT('',(3.719751852228E-02,95.178074557402));
#2115 = CARTESIAN_POINT('',(3.900483349458E-02,95.336597093814));
#2116 = CARTESIAN_POINT('',(4.034550822297E-02,95.499643048583));
#2117 = CARTESIAN_POINT('',(4.123406975576E-02,95.66548118931));
#2118 = CARTESIAN_POINT('',(4.167873242258E-02,95.832698608717));
#2119 = CARTESIAN_POINT('',(4.167873242258E-02,96.167307486793));
#2120 = CARTESIAN_POINT('',(4.123403788391E-02,96.334524537025));
#2121 = CARTESIAN_POINT('',(4.034547160703E-02,96.500358940379));
#2122 = CARTESIAN_POINT('',(3.900483491437E-02,96.663400609642));
#2123 = CARTESIAN_POINT('',(3.719757309298E-02,96.821920914695));
#2124 = CARTESIAN_POINT('',(3.490538008496E-02,96.973657691503));
#2125 = CARTESIAN_POINT('',(2.915962708252E-02,97.265215054897));
#2126 = CARTESIAN_POINT('',(2.557166793806E-02,97.407805840518));
#2127 = CARTESIAN_POINT('',(2.13505887653E-02,97.534589646557));
#2128 = CARTESIAN_POINT('',(1.655850948751E-02,97.637940630278));
#2129 = CARTESIAN_POINT('',(1.130306370849E-02,97.711435878598));
#2130 = CARTESIAN_POINT('',(5.726510093403E-03,97.75));
#2131 = CARTESIAN_POINT('',(0.,97.75));
#2132 = ( GEOMETRIC_REPRESENTATION_CONTEXT(2) 
PARAMETRIC_REPRESENTATION_CONTEXT() REPRESENTATION_CONTEXT('2D SPACE',''
  ) );
#2133 = PCURVE('',#2016,#2134);
#2134 = DEFINITIONAL_REPRESENTATION('',(#2135),#2162);
#2135 = B_SPLINE_CURVE_WITH_KNOTS('',7,(#2136,#2137,#2138,#2139,#2140,
    #2141,#2142,#2143,#2144,#2145,#2146,#2147,#2148,#2149,#2150,#2151,
    #2152,#2153,#2154,#2155,#2156,#2157,#2158,#2159,#2160,#2161),
  .UNSPECIFIED.,.F.,.F.,(8,6,6,6,8),(0.,0.256796945706,0.50001596791,
    0.743243851631,1.),.UNSPECIFIED.);
#2136 = CARTESIAN_POINT('',(-8.881784197001E-16,7.));
#2137 = CARTESIAN_POINT('',(0.137465662759,7.));
#2138 = CARTESIAN_POINT('',(0.271304900971,6.998392447927));
#2139 = CARTESIAN_POINT('',(0.401655937636,6.995330101926));
#2140 = CARTESIAN_POINT('',(0.528348867449,6.991246809556));
#2141 = CARTESIAN_POINT('',(0.650945546276,6.986740270263));
#2142 = CARTESIAN_POINT('',(0.768589245,6.982328723297));
#2143 = CARTESIAN_POINT('',(0.984830611085,6.974580573173));
#2144 = CARTESIAN_POINT('',(1.086682935968,6.97110714592));
#2145 = CARTESIAN_POINT('',(1.186007405867,6.968152839821));
#2146 = CARTESIAN_POINT('',(1.28345062994,6.965858989552));
#2147 = CARTESIAN_POINT('',(1.379642806963,6.964303984428));
#2148 = CARTESIAN_POINT('',(1.475195531776,6.963525828986));
#2149 = CARTESIAN_POINT('',(1.666400604962,6.963525828986));
#2150 = CARTESIAN_POINT('',(1.761953109605,6.964304039668));
#2151 = CARTESIAN_POINT('',(1.858143332956,6.965859055113));
#2152 = CARTESIAN_POINT('',(1.955584062101,6.968152827893));
#2153 = CARTESIAN_POINT('',(2.054906893214,6.971107053813));
#2154 = CARTESIAN_POINT('',(2.156759464561,6.974580480802));
#2155 = CARTESIAN_POINT('',(2.372984440855,6.982328043664));
#2156 = CARTESIAN_POINT('',(2.490632195444,6.986739669494));
#2157 = CARTESIAN_POINT('',(2.613244466844,6.991246933957));
#2158 = CARTESIAN_POINT('',(2.739955503062,6.995330976832));
#2159 = CARTESIAN_POINT('',(2.870319206859,6.998393136841));
#2160 = CARTESIAN_POINT('',(3.004156411348,7.));
#2161 = CARTESIAN_POINT('',(3.14159265359,7.));
#2162 = ( GEOMETRIC_REPRESENTATION_CONTEXT(2) 
PARAMETRIC_REPRESENTATION_CONTEXT() REPRESENTATION_CONTEXT('2D SPACE',''
  ) );
#2163 = ORIENTED_EDGE('',*,*,#1931,.F.);
#2164 = ORIENTED_EDGE('',*,*,#2165,.T.);
#2165 = EDGE_CURVE('',#1899,#2166,#2168,.T.);
#2166 = VERTEX_POINT('',#2167);
#2167 = CARTESIAN_POINT('',(41.024382993532,9.,61.5));
#2168 = SURFACE_CURVE('',#2169,(#2174,#2181),.PCURVE_S1.);
#2169 = CIRCLE('',#2170,42.);
#2170 = AXIS2_PLACEMENT_3D('',#2171,#2172,#2173);
#2171 = CARTESIAN_POINT('',(0.,0.,61.5));
#2172 = DIRECTION('',(0.,0.,1.));
#2173 = DIRECTION('',(1.,0.,-0.));
#2174 = PCURVE('',#1134,#2175);
#2175 = DEFINITIONAL_REPRESENTATION('',(#2176),#2180);
#2176 = LINE('',#2177,#2178);
#2177 = CARTESIAN_POINT('',(0.,61.5));
#2178 = VECTOR('',#2179,1.);
#2179 = DIRECTION('',(1.,0.));
#2180 = ( GEOMETRIC_REPRESENTATION_CONTEXT(2) 
PARAMETRIC_REPRESENTATION_CONTEXT() REPRESENTATION_CONTEXT('2D SPACE',''
  ) );
#2181 = PCURVE('',#1915,#2182);
#2182 = DEFINITIONAL_REPRESENTATION('',(#2183),#2191);
#2183 = ( BOUNDED_CURVE() B_SPLINE_CURVE(2,(#2184,#2185,#2186,#2187,
#2188,#2189,#2190),.UNSPECIFIED.,.T.,.F.) B_SPLINE_CURVE_WITH_KNOTS((1,2
    ,2,2,2,1),(-2.094395102393,0.,2.094395102393,4.188790204786,
6.28318530718,8.377580409573),.UNSPECIFIED.) CURVE() 
GEOMETRIC_REPRESENTATION_ITEM() RATIONAL_B_SPLINE_CURVE((1.,0.5,1.,0.5,
1.,0.5,1.)) REPRESENTATION_ITEM('') );
#2184 = CARTESIAN_POINT('',(2.,-9.));
#2185 = CARTESIAN_POINT('',(2.,-81.74613391789));
#2186 = CARTESIAN_POINT('',(-61.,-45.37306695894));
#2187 = CARTESIAN_POINT('',(-124.,-9.));
#2188 = CARTESIAN_POINT('',(-61.,27.373066958946));
#2189 = CARTESIAN_POINT('',(2.,63.746133917893));
#2190 = CARTESIAN_POINT('',(2.,-9.));
#2191 = ( GEOMETRIC_REPRESENTATION_CONTEXT(2) 
PARAMETRIC_REPRESENTATION_CONTEXT() REPRESENTATION_CONTEXT('2D SPACE',''
  ) );
#2192 = ORIENTED_EDGE('',*,*,#2193,.F.);
#2193 = EDGE_CURVE('',#2194,#2166,#2196,.T.);
#2194 = VERTEX_POINT('',#2195);
#2195 = CARTESIAN_POINT('',(41.024382993532,9.,48.5));
#2196 = SURFACE_CURVE('',#2197,(#2201,#2207),.PCURVE_S1.);
#2197 = LINE('',#2198,#2199);
#2198 = CARTESIAN_POINT('',(41.024382993532,9.,0.));
#2199 = VECTOR('',#2200,1.);
#2200 = DIRECTION('',(0.,0.,1.));
#2201 = PCURVE('',#1134,#2202);
#2202 = DEFINITIONAL_REPRESENTATION('',(#2203),#2206);
#2203 = B_SPLINE_CURVE_WITH_KNOTS('',1,(#2204,#2205),.UNSPECIFIED.,.F.,
  .F.,(2,2),(47.2,62.8),.PIECEWISE_BEZIER_KNOTS.);
#2204 = CARTESIAN_POINT('',(0.215960498685,47.2));
#2205 = CARTESIAN_POINT('',(0.215960498685,62.8));
#2206 = ( GEOMETRIC_REPRESENTATION_CONTEXT(2) 
PARAMETRIC_REPRESENTATION_CONTEXT() REPRESENTATION_CONTEXT('2D SPACE',''
  ) );
#2207 = PCURVE('',#2208,#2213);
#2208 = PLANE('',#2209);
#2209 = AXIS2_PLACEMENT_3D('',#2210,#2211,#2212);
#2210 = CARTESIAN_POINT('',(40.,9.,61.5));
#2211 = DIRECTION('',(0.,1.,0.));
#2212 = DIRECTION('',(1.,0.,1.110223024625E-16));
#2213 = DEFINITIONAL_REPRESENTATION('',(#2214),#2217);
#2214 = B_SPLINE_CURVE_WITH_KNOTS('',1,(#2215,#2216),.UNSPECIFIED.,.F.,
  .F.,(2,2),(47.2,62.8),.PIECEWISE_BEZIER_KNOTS.);
#2215 = CARTESIAN_POINT('',(1.024382993532,14.3));
#2216 = CARTESIAN_POINT('',(1.024382993532,-1.3));
#2217 = ( GEOMETRIC_REPRESENTATION_CONTEXT(2) 
PARAMETRIC_REPRESENTATION_CONTEXT() REPRESENTATION_CONTEXT('2D SPACE',''
  ) );
#2218 = ORIENTED_EDGE('',*,*,#2219,.F.);
#2219 = EDGE_CURVE('',#2220,#2194,#2222,.T.);
#2220 = VERTEX_POINT('',#2221);
#2221 = CARTESIAN_POINT('',(42.,-1.028703311284E-14,48.5));
#2222 = SURFACE_CURVE('',#2223,(#2228,#2235),.PCURVE_S1.);
#2223 = CIRCLE('',#2224,42.);
#2224 = AXIS2_PLACEMENT_3D('',#2225,#2226,#2227);
#2225 = CARTESIAN_POINT('',(0.,0.,48.5));
#2226 = DIRECTION('',(0.,0.,1.));
#2227 = DIRECTION('',(1.,0.,-0.));
#2228 = PCURVE('',#1134,#2229);
#2229 = DEFINITIONAL_REPRESENTATION('',(#2230),#2234);
#2230 = LINE('',#2231,#2232);
#2231 = CARTESIAN_POINT('',(0.,48.5));
#2232 = VECTOR('',#2233,1.);
#2233 = DIRECTION('',(1.,0.));
#2234 = ( GEOMETRIC_REPRESENTATION_CONTEXT(2) 
PARAMETRIC_REPRESENTATION_CONTEXT() REPRESENTATION_CONTEXT('2D SPACE',''
  ) );
#2235 = PCURVE('',#2236,#2241);
#2236 = PLANE('',#2237);
#2237 = AXIS2_PLACEMENT_3D('',#2238,#2239,#2240);
#2238 = CARTESIAN_POINT('',(40.,-9.,48.5));
#2239 = DIRECTION('',(1.110223024625E-16,0.,-1.));
#2240 = DIRECTION('',(1.,0.,1.110223024625E-16));
#2241 = DEFINITIONAL_REPRESENTATION('',(#2242),#2250);
#2242 = ( BOUNDED_CURVE() B_SPLINE_CURVE(2,(#2243,#2244,#2245,#2246,
#2247,#2248,#2249),.UNSPECIFIED.,.T.,.F.) B_SPLINE_CURVE_WITH_KNOTS((1,2
    ,2,2,2,1),(-2.094395102393,0.,2.094395102393,4.188790204786,
6.28318530718,8.377580409573),.UNSPECIFIED.) CURVE() 
GEOMETRIC_REPRESENTATION_ITEM() RATIONAL_B_SPLINE_CURVE((1.,0.5,1.,0.5,
1.,0.5,1.)) REPRESENTATION_ITEM('') );
#2243 = CARTESIAN_POINT('',(2.,-9.));
#2244 = CARTESIAN_POINT('',(2.,-81.74613391789));
#2245 = CARTESIAN_POINT('',(-61.,-45.37306695894));
#2246 = CARTESIAN_POINT('',(-124.,-9.));
#2247 = CARTESIAN_POINT('',(-61.,27.373066958946));
#2248 = CARTESIAN_POINT('',(2.,63.746133917893));
#2249 = CARTESIAN_POINT('',(2.,-9.));
#2250 = ( GEOMETRIC_REPRESENTATION_CONTEXT(2) 
PARAMETRIC_REPRESENTATION_CONTEXT() REPRESENTATION_CONTEXT('2D SPACE',''
  ) );
#2251 = ORIENTED_EDGE('',*,*,#2252,.F.);
#2252 = EDGE_CURVE('',#2253,#2220,#2255,.T.);
#2253 = VERTEX_POINT('',#2254);
#2254 = CARTESIAN_POINT('',(42.,-5.143516556419E-15,30.5));
#2255 = SEAM_CURVE('',#2256,(#2260,#2267),.PCURVE_S1.);
#2256 = LINE('',#2257,#2258);
#2257 = CARTESIAN_POINT('',(42.,-1.028703311284E-14,0.));
#2258 = VECTOR('',#2259,1.);
#2259 = DIRECTION('',(0.,0.,1.));
#2260 = PCURVE('',#1134,#2261);
#2261 = DEFINITIONAL_REPRESENTATION('',(#2262),#2266);
#2262 = LINE('',#2263,#2264);
#2263 = CARTESIAN_POINT('',(6.28318530718,-0.));
#2264 = VECTOR('',#2265,1.);
#2265 = DIRECTION('',(0.,1.));
#2266 = ( GEOMETRIC_REPRESENTATION_CONTEXT(2) 
PARAMETRIC_REPRESENTATION_CONTEXT() REPRESENTATION_CONTEXT('2D SPACE',''
  ) );
#2267 = PCURVE('',#1134,#2268);
#2268 = DEFINITIONAL_REPRESENTATION('',(#2269),#2273);
#2269 = LINE('',#2270,#2271);
#2270 = CARTESIAN_POINT('',(0.,-0.));
#2271 = VECTOR('',#2272,1.);
#2272 = DIRECTION('',(0.,1.));
#2273 = ( GEOMETRIC_REPRESENTATION_CONTEXT(2) 
PARAMETRIC_REPRESENTATION_CONTEXT() REPRESENTATION_CONTEXT('2D SPACE',''
  ) );
#2274 = ORIENTED_EDGE('',*,*,#2275,.F.);
#2275 = EDGE_CURVE('',#2276,#2253,#2278,.T.);
#2276 = VERTEX_POINT('',#2277);
#2277 = CARTESIAN_POINT('',(42.,-5.143516556419E-15,17.5));
#2278 = SURFACE_CURVE('',#2279,(#2283,#2290),.PCURVE_S1.);
#2279 = LINE('',#2280,#2281);
#2280 = CARTESIAN_POINT('',(42.,-1.028703311284E-14,0.));
#2281 = VECTOR('',#2282,1.);
#2282 = DIRECTION('',(0.,0.,1.));
#2283 = PCURVE('',#1134,#2284);
#2284 = DEFINITIONAL_REPRESENTATION('',(#2285),#2289);
#2285 = LINE('',#2286,#2287);
#2286 = CARTESIAN_POINT('',(0.,-0.));
#2287 = VECTOR('',#2288,1.);
#2288 = DIRECTION('',(0.,1.));
#2289 = ( GEOMETRIC_REPRESENTATION_CONTEXT(2) 
PARAMETRIC_REPRESENTATION_CONTEXT() REPRESENTATION_CONTEXT('2D SPACE',''
  ) );
#2290 = PCURVE('',#2291,#2296);
#2291 = PLANE('',#2292);
#2292 = AXIS2_PLACEMENT_3D('',#2293,#2294,#2295);
#2293 = CARTESIAN_POINT('',(40.,0.,30.5));
#2294 = DIRECTION('',(0.,1.,0.));
#2295 = DIRECTION('',(1.,0.,1.110223024625E-16));
#2296 = DEFINITIONAL_REPRESENTATION('',(#2297),#2301);
#2297 = LINE('',#2298,#2299);
#2298 = CARTESIAN_POINT('',(2.,30.5));
#2299 = VECTOR('',#2300,1.);
#2300 = DIRECTION('',(1.110223024625E-16,-1.));
#2301 = ( GEOMETRIC_REPRESENTATION_CONTEXT(2) 
PARAMETRIC_REPRESENTATION_CONTEXT() REPRESENTATION_CONTEXT('2D SPACE',''
  ) );
#2302 = ORIENTED_EDGE('',*,*,#2303,.F.);
#2303 = EDGE_CURVE('',#1354,#2276,#2304,.T.);
#2304 = SEAM_CURVE('',#2305,(#2309,#2316),.PCURVE_S1.);
#2305 = LINE('',#2306,#2307);
#2306 = CARTESIAN_POINT('',(42.,-1.028703311284E-14,0.));
#2307 = VECTOR('',#2308,1.);
#2308 = DIRECTION('',(0.,0.,1.));
#2309 = PCURVE('',#1134,#2310);
#2310 = DEFINITIONAL_REPRESENTATION('',(#2311),#2315);
#2311 = LINE('',#2312,#2313);
#2312 = CARTESIAN_POINT('',(6.28318530718,-0.));
#2313 = VECTOR('',#2314,1.);
#2314 = DIRECTION('',(0.,1.));
#2315 = ( GEOMETRIC_REPRESENTATION_CONTEXT(2) 
PARAMETRIC_REPRESENTATION_CONTEXT() REPRESENTATION_CONTEXT('2D SPACE',''
  ) );
#2316 = PCURVE('',#1134,#2317);
#2317 = DEFINITIONAL_REPRESENTATION('',(#2318),#2322);
#2318 = LINE('',#2319,#2320);
#2319 = CARTESIAN_POINT('',(0.,-0.));
#2320 = VECTOR('',#2321,1.);
#2321 = DIRECTION('',(0.,1.));
#2322 = ( GEOMETRIC_REPRESENTATION_CONTEXT(2) 
PARAMETRIC_REPRESENTATION_CONTEXT() REPRESENTATION_CONTEXT('2D SPACE',''
  ) );
#2323 = ORIENTED_EDGE('',*,*,#1353,.T.);
#2324 = ORIENTED_EDGE('',*,*,#2303,.T.);
#2325 = ORIENTED_EDGE('',*,*,#2326,.F.);
#2326 = EDGE_CURVE('',#2327,#2276,#2329,.T.);
#2327 = VERTEX_POINT('',#2328);
#2328 = CARTESIAN_POINT('',(41.412558481697,-7.,17.5));
#2329 = SURFACE_CURVE('',#2330,(#2335,#2342),.PCURVE_S1.);
#2330 = CIRCLE('',#2331,42.);
#2331 = AXIS2_PLACEMENT_3D('',#2332,#2333,#2334);
#2332 = CARTESIAN_POINT('',(0.,0.,17.5));
#2333 = DIRECTION('',(0.,0.,1.));
#2334 = DIRECTION('',(1.,0.,-0.));
#2335 = PCURVE('',#1134,#2336);
#2336 = DEFINITIONAL_REPRESENTATION('',(#2337),#2341);
#2337 = LINE('',#2338,#2339);
#2338 = CARTESIAN_POINT('',(0.,17.5));
#2339 = VECTOR('',#2340,1.);
#2340 = DIRECTION('',(1.,0.));
#2341 = ( GEOMETRIC_REPRESENTATION_CONTEXT(2) 
PARAMETRIC_REPRESENTATION_CONTEXT() REPRESENTATION_CONTEXT('2D SPACE',''
  ) );
#2342 = PCURVE('',#2343,#2348);
#2343 = PLANE('',#2344);
#2344 = AXIS2_PLACEMENT_3D('',#2345,#2346,#2347);
#2345 = CARTESIAN_POINT('',(40.,-7.,17.5));
#2346 = DIRECTION('',(1.110223024625E-16,0.,-1.));
#2347 = DIRECTION('',(1.,0.,1.110223024625E-16));
#2348 = DEFINITIONAL_REPRESENTATION('',(#2349),#2357);
#2349 = ( BOUNDED_CURVE() B_SPLINE_CURVE(2,(#2350,#2351,#2352,#2353,
#2354,#2355,#2356),.UNSPECIFIED.,.T.,.F.) B_SPLINE_CURVE_WITH_KNOTS((1,2
    ,2,2,2,1),(-2.094395102393,0.,2.094395102393,4.188790204786,
6.28318530718,8.377580409573),.UNSPECIFIED.) CURVE() 
GEOMETRIC_REPRESENTATION_ITEM() RATIONAL_B_SPLINE_CURVE((1.,0.5,1.,0.5,
1.,0.5,1.)) REPRESENTATION_ITEM('') );
#2350 = CARTESIAN_POINT('',(2.,-7.));
#2351 = CARTESIAN_POINT('',(2.,-79.74613391789));
#2352 = CARTESIAN_POINT('',(-61.,-43.37306695894));
#2353 = CARTESIAN_POINT('',(-124.,-7.));
#2354 = CARTESIAN_POINT('',(-61.,29.373066958946));
#2355 = CARTESIAN_POINT('',(2.,65.746133917893));
#2356 = CARTESIAN_POINT('',(2.,-7.));
#2357 = ( GEOMETRIC_REPRESENTATION_CONTEXT(2) 
PARAMETRIC_REPRESENTATION_CONTEXT() REPRESENTATION_CONTEXT('2D SPACE',''
  ) );
#2358 = ORIENTED_EDGE('',*,*,#2359,.T.);
#2359 = EDGE_CURVE('',#2327,#2360,#2362,.T.);
#2360 = VERTEX_POINT('',#2361);
#2361 = CARTESIAN_POINT('',(41.412558481697,-7.,30.5));
#2362 = SURFACE_CURVE('',#2363,(#2367,#2373),.PCURVE_S1.);
#2363 = LINE('',#2364,#2365);
#2364 = CARTESIAN_POINT('',(41.412558481697,-7.,0.));
#2365 = VECTOR('',#2366,1.);
#2366 = DIRECTION('',(0.,0.,1.));
#2367 = PCURVE('',#1134,#2368);
#2368 = DEFINITIONAL_REPRESENTATION('',(#2369),#2372);
#2369 = B_SPLINE_CURVE_WITH_KNOTS('',1,(#2370,#2371),.UNSPECIFIED.,.F.,
  .F.,(2,2),(16.2,31.8),.PIECEWISE_BEZIER_KNOTS.);
#2370 = CARTESIAN_POINT('',(6.11573722796,16.2));
#2371 = CARTESIAN_POINT('',(6.11573722796,31.8));
#2372 = ( GEOMETRIC_REPRESENTATION_CONTEXT(2) 
PARAMETRIC_REPRESENTATION_CONTEXT() REPRESENTATION_CONTEXT('2D SPACE',''
  ) );
#2373 = PCURVE('',#2374,#2379);
#2374 = PLANE('',#2375);
#2375 = AXIS2_PLACEMENT_3D('',#2376,#2377,#2378);
#2376 = CARTESIAN_POINT('',(40.,-7.,30.5));
#2377 = DIRECTION('',(0.,1.,0.));
#2378 = DIRECTION('',(1.,0.,1.110223024625E-16));
#2379 = DEFINITIONAL_REPRESENTATION('',(#2380),#2383);
#2380 = B_SPLINE_CURVE_WITH_KNOTS('',1,(#2381,#2382),.UNSPECIFIED.,.F.,
  .F.,(2,2),(16.2,31.8),.PIECEWISE_BEZIER_KNOTS.);
#2381 = CARTESIAN_POINT('',(1.412558481697,14.3));
#2382 = CARTESIAN_POINT('',(1.412558481697,-1.3));
#2383 = ( GEOMETRIC_REPRESENTATION_CONTEXT(2) 
PARAMETRIC_REPRESENTATION_CONTEXT() REPRESENTATION_CONTEXT('2D SPACE',''
  ) );
#2384 = ORIENTED_EDGE('',*,*,#2385,.T.);
#2385 = EDGE_CURVE('',#2360,#2253,#2386,.T.);
#2386 = SURFACE_CURVE('',#2387,(#2392,#2399),.PCURVE_S1.);
#2387 = CIRCLE('',#2388,42.);
#2388 = AXIS2_PLACEMENT_3D('',#2389,#2390,#2391);
#2389 = CARTESIAN_POINT('',(0.,0.,30.5));
#2390 = DIRECTION('',(0.,0.,1.));
#2391 = DIRECTION('',(1.,0.,-0.));
#2392 = PCURVE('',#1134,#2393);
#2393 = DEFINITIONAL_REPRESENTATION('',(#2394),#2398);
#2394 = LINE('',#2395,#2396);
#2395 = CARTESIAN_POINT('',(0.,30.5));
#2396 = VECTOR('',#2397,1.);
#2397 = DIRECTION('',(1.,0.));
#2398 = ( GEOMETRIC_REPRESENTATION_CONTEXT(2) 
PARAMETRIC_REPRESENTATION_CONTEXT() REPRESENTATION_CONTEXT('2D SPACE',''
  ) );
#2399 = PCURVE('',#2400,#2405);
#2400 = PLANE('',#2401);
#2401 = AXIS2_PLACEMENT_3D('',#2402,#2403,#2404);
#2402 = CARTESIAN_POINT('',(40.,-7.,30.5));
#2403 = DIRECTION('',(1.110223024625E-16,0.,-1.));
#2404 = DIRECTION('',(1.,0.,1.110223024625E-16));
#2405 = DEFINITIONAL_REPRESENTATION('',(#2406),#2414);
#2406 = ( BOUNDED_CURVE() B_SPLINE_CURVE(2,(#2407,#2408,#2409,#2410,
#2411,#2412,#2413),.UNSPECIFIED.,.T.,.F.) B_SPLINE_CURVE_WITH_KNOTS((1,2
    ,2,2,2,1),(-2.094395102393,0.,2.094395102393,4.188790204786,
6.28318530718,8.377580409573),.UNSPECIFIED.) CURVE() 
GEOMETRIC_REPRESENTATION_ITEM() RATIONAL_B_SPLINE_CURVE((1.,0.5,1.,0.5,
1.,0.5,1.)) REPRESENTATION_ITEM('') );
#2407 = CARTESIAN_POINT('',(2.,-7.));
#2408 = CARTESIAN_POINT('',(2.,-79.74613391789));
#2409 = CARTESIAN_POINT('',(-61.,-43.37306695894));
#2410 = CARTESIAN_POINT('',(-124.,-7.));
#2411 = CARTESIAN_POINT('',(-61.,29.373066958946));
#2412 = CARTESIAN_POINT('',(2.,65.746133917893));
#2413 = CARTESIAN_POINT('',(2.,-7.));
#2414 = ( GEOMETRIC_REPRESENTATION_CONTEXT(2) 
PARAMETRIC_REPRESENTATION_CONTEXT() REPRESENTATION_CONTEXT('2D SPACE',''
  ) );
#2415 = ORIENTED_EDGE('',*,*,#2252,.T.);
#2416 = ORIENTED_EDGE('',*,*,#2417,.F.);
#2417 = EDGE_CURVE('',#1871,#2220,#2418,.T.);
#2418 = SURFACE_CURVE('',#2419,(#2424,#2431),.PCURVE_S1.);
#2419 = CIRCLE('',#2420,42.);
#2420 = AXIS2_PLACEMENT_3D('',#2421,#2422,#2423);
#2421 = CARTESIAN_POINT('',(0.,0.,48.5));
#2422 = DIRECTION('',(0.,0.,1.));
#2423 = DIRECTION('',(1.,0.,-0.));
#2424 = PCURVE('',#1134,#2425);
#2425 = DEFINITIONAL_REPRESENTATION('',(#2426),#2430);
#2426 = LINE('',#2427,#2428);
#2427 = CARTESIAN_POINT('',(0.,48.5));
#2428 = VECTOR('',#2429,1.);
#2429 = DIRECTION('',(1.,0.));
#2430 = ( GEOMETRIC_REPRESENTATION_CONTEXT(2) 
PARAMETRIC_REPRESENTATION_CONTEXT() REPRESENTATION_CONTEXT('2D SPACE',''
  ) );
#2431 = PCURVE('',#2236,#2432);
#2432 = DEFINITIONAL_REPRESENTATION('',(#2433),#2441);
#2433 = ( BOUNDED_CURVE() B_SPLINE_CURVE(2,(#2434,#2435,#2436,#2437,
#2438,#2439,#2440),.UNSPECIFIED.,.T.,.F.) B_SPLINE_CURVE_WITH_KNOTS((1,2
    ,2,2,2,1),(-2.094395102393,0.,2.094395102393,4.188790204786,
6.28318530718,8.377580409573),.UNSPECIFIED.) CURVE() 
GEOMETRIC_REPRESENTATION_ITEM() RATIONAL_B_SPLINE_CURVE((1.,0.5,1.,0.5,
1.,0.5,1.)) REPRESENTATION_ITEM('') );
#2434 = CARTESIAN_POINT('',(2.,-9.));
#2435 = CARTESIAN_POINT('',(2.,-81.74613391789));
#2436 = CARTESIAN_POINT('',(-61.,-45.37306695894));
#2437 = CARTESIAN_POINT('',(-124.,-9.));
#2438 = CARTESIAN_POINT('',(-61.,27.373066958946));
#2439 = CARTESIAN_POINT('',(2.,63.746133917893));
#2440 = CARTESIAN_POINT('',(2.,-9.));
#2441 = ( GEOMETRIC_REPRESENTATION_CONTEXT(2) 
PARAMETRIC_REPRESENTATION_CONTEXT() REPRESENTATION_CONTEXT('2D SPACE',''
  ) );
#2442 = FACE_BOUND('',#2443,.T.);
#2443 = EDGE_LOOP('',(#2444));
#2444 = ORIENTED_EDGE('',*,*,#1490,.F.);
#2445 = FACE_BOUND('',#2446,.T.);
#2446 = EDGE_LOOP('',(#2447));
#2447 = ORIENTED_EDGE('',*,*,#1008,.F.);
#2448 = FACE_BOUND('',#2449,.T.);
#2449 = EDGE_LOOP('',(#2450));
#2450 = ORIENTED_EDGE('',*,*,#1680,.F.);
#2451 = ADVANCED_FACE('',(#2452,#2458),#1266,.F.);
#2452 = FACE_BOUND('',#2453,.F.);
#2453 = EDGE_LOOP('',(#2454,#2455,#2456,#2457));
#2454 = ORIENTED_EDGE('',*,*,#1250,.F.);
#2455 = ORIENTED_EDGE('',*,*,#1326,.T.);
#2456 = ORIENTED_EDGE('',*,*,#1384,.T.);
#2457 = ORIENTED_EDGE('',*,*,#1433,.F.);
#2458 = FACE_BOUND('',#2459,.F.);
#2459 = EDGE_LOOP('',(#2460));
#2460 = ORIENTED_EDGE('',*,*,#2461,.F.);
#2461 = EDGE_CURVE('',#2462,#2462,#2464,.T.);
#2462 = VERTEX_POINT('',#2463);
#2463 = CARTESIAN_POINT('',(37.9,-4.286263797016E-16,94.25));
#2464 = SURFACE_CURVE('',#2465,(#2470,#2477),.PCURVE_S1.);
#2465 = CIRCLE('',#2466,1.75);
#2466 = AXIS2_PLACEMENT_3D('',#2467,#2468,#2469);
#2467 = CARTESIAN_POINT('',(37.9,0.,96.));
#2468 = DIRECTION('',(1.,0.,1.110223024625E-16));
#2469 = DIRECTION('',(1.110223024625E-16,0.,-1.));
#2470 = PCURVE('',#1266,#2471);
#2471 = DEFINITIONAL_REPRESENTATION('',(#2472),#2476);
#2472 = CIRCLE('',#2473,1.75);
#2473 = AXIS2_PLACEMENT_2D('',#2474,#2475);
#2474 = CARTESIAN_POINT('',(88.,-7.));
#2475 = DIRECTION('',(-1.,0.));
#2476 = ( GEOMETRIC_REPRESENTATION_CONTEXT(2) 
PARAMETRIC_REPRESENTATION_CONTEXT() REPRESENTATION_CONTEXT('2D SPACE',''
  ) );
#2477 = PCURVE('',#2016,#2478);
#2478 = DEFINITIONAL_REPRESENTATION('',(#2479),#2483);
#2479 = LINE('',#2480,#2481);
#2480 = CARTESIAN_POINT('',(0.,2.9));
#2481 = VECTOR('',#2482,1.);
#2482 = DIRECTION('',(1.,0.));
#2483 = ( GEOMETRIC_REPRESENTATION_CONTEXT(2) 
PARAMETRIC_REPRESENTATION_CONTEXT() REPRESENTATION_CONTEXT('2D SPACE',''
  ) );
#2484 = ADVANCED_FACE('',(#2485),#1887,.T.);
#2485 = FACE_BOUND('',#2486,.T.);
#2486 = EDGE_LOOP('',(#2487,#2510,#2538,#2559));
#2487 = ORIENTED_EDGE('',*,*,#2488,.F.);
#2488 = EDGE_CURVE('',#2489,#1871,#2491,.T.);
#2489 = VERTEX_POINT('',#2490);
#2490 = CARTESIAN_POINT('',(40.,-9.,48.5));
#2491 = SURFACE_CURVE('',#2492,(#2496,#2503),.PCURVE_S1.);
#2492 = LINE('',#2493,#2494);
#2493 = CARTESIAN_POINT('',(40.,-9.,48.5));
#2494 = VECTOR('',#2495,1.);
#2495 = DIRECTION('',(1.,0.,1.110223024625E-16));
#2496 = PCURVE('',#1887,#2497);
#2497 = DEFINITIONAL_REPRESENTATION('',(#2498),#2502);
#2498 = LINE('',#2499,#2500);
#2499 = CARTESIAN_POINT('',(-1.443289932013E-15,13.));
#2500 = VECTOR('',#2501,1.);
#2501 = DIRECTION('',(1.,0.));
#2502 = ( GEOMETRIC_REPRESENTATION_CONTEXT(2) 
PARAMETRIC_REPRESENTATION_CONTEXT() REPRESENTATION_CONTEXT('2D SPACE',''
  ) );
#2503 = PCURVE('',#2236,#2504);
#2504 = DEFINITIONAL_REPRESENTATION('',(#2505),#2509);
#2505 = LINE('',#2506,#2507);
#2506 = CARTESIAN_POINT('',(0.,0.));
#2507 = VECTOR('',#2508,1.);
#2508 = DIRECTION('',(1.,0.));
#2509 = ( GEOMETRIC_REPRESENTATION_CONTEXT(2) 
PARAMETRIC_REPRESENTATION_CONTEXT() REPRESENTATION_CONTEXT('2D SPACE',''
  ) );
#2510 = ORIENTED_EDGE('',*,*,#2511,.F.);
#2511 = EDGE_CURVE('',#2512,#2489,#2514,.T.);
#2512 = VERTEX_POINT('',#2513);
#2513 = CARTESIAN_POINT('',(40.,-9.,61.5));
#2514 = SURFACE_CURVE('',#2515,(#2519,#2526),.PCURVE_S1.);
#2515 = LINE('',#2516,#2517);
#2516 = CARTESIAN_POINT('',(40.,-9.,61.5));
#2517 = VECTOR('',#2518,1.);
#2518 = DIRECTION('',(1.110223024625E-16,0.,-1.));
#2519 = PCURVE('',#1887,#2520);
#2520 = DEFINITIONAL_REPRESENTATION('',(#2521),#2525);
#2521 = LINE('',#2522,#2523);
#2522 = CARTESIAN_POINT('',(0.,0.));
#2523 = VECTOR('',#2524,1.);
#2524 = DIRECTION('',(0.,1.));
#2525 = ( GEOMETRIC_REPRESENTATION_CONTEXT(2) 
PARAMETRIC_REPRESENTATION_CONTEXT() REPRESENTATION_CONTEXT('2D SPACE',''
  ) );
#2526 = PCURVE('',#2527,#2532);
#2527 = PLANE('',#2528);
#2528 = AXIS2_PLACEMENT_3D('',#2529,#2530,#2531);
#2529 = CARTESIAN_POINT('',(40.,-9.,61.5));
#2530 = DIRECTION('',(1.,0.,1.110223024625E-16));
#2531 = DIRECTION('',(1.110223024625E-16,0.,-1.));
#2532 = DEFINITIONAL_REPRESENTATION('',(#2533),#2537);
#2533 = LINE('',#2534,#2535);
#2534 = CARTESIAN_POINT('',(0.,0.));
#2535 = VECTOR('',#2536,1.);
#2536 = DIRECTION('',(1.,0.));
#2537 = ( GEOMETRIC_REPRESENTATION_CONTEXT(2) 
PARAMETRIC_REPRESENTATION_CONTEXT() REPRESENTATION_CONTEXT('2D SPACE',''
  ) );
#2538 = ORIENTED_EDGE('',*,*,#2539,.T.);
#2539 = EDGE_CURVE('',#2512,#1873,#2540,.T.);
#2540 = SURFACE_CURVE('',#2541,(#2545,#2552),.PCURVE_S1.);
#2541 = LINE('',#2542,#2543);
#2542 = CARTESIAN_POINT('',(40.,-9.,61.5));
#2543 = VECTOR('',#2544,1.);
#2544 = DIRECTION('',(1.,0.,1.110223024625E-16));
#2545 = PCURVE('',#1887,#2546);
#2546 = DEFINITIONAL_REPRESENTATION('',(#2547),#2551);
#2547 = LINE('',#2548,#2549);
#2548 = CARTESIAN_POINT('',(0.,0.));
#2549 = VECTOR('',#2550,1.);
#2550 = DIRECTION('',(1.,0.));
#2551 = ( GEOMETRIC_REPRESENTATION_CONTEXT(2) 
PARAMETRIC_REPRESENTATION_CONTEXT() REPRESENTATION_CONTEXT('2D SPACE',''
  ) );
#2552 = PCURVE('',#1915,#2553);
#2553 = DEFINITIONAL_REPRESENTATION('',(#2554),#2558);
#2554 = LINE('',#2555,#2556);
#2555 = CARTESIAN_POINT('',(0.,0.));
#2556 = VECTOR('',#2557,1.);
#2557 = DIRECTION('',(1.,0.));
#2558 = ( GEOMETRIC_REPRESENTATION_CONTEXT(2) 
PARAMETRIC_REPRESENTATION_CONTEXT() REPRESENTATION_CONTEXT('2D SPACE',''
  ) );
#2559 = ORIENTED_EDGE('',*,*,#1870,.F.);
#2560 = ADVANCED_FACE('',(#2561),#2236,.F.);
#2561 = FACE_BOUND('',#2562,.F.);
#2562 = EDGE_LOOP('',(#2563,#2564,#2587,#2608,#2609));
#2563 = ORIENTED_EDGE('',*,*,#2488,.F.);
#2564 = ORIENTED_EDGE('',*,*,#2565,.T.);
#2565 = EDGE_CURVE('',#2489,#2566,#2568,.T.);
#2566 = VERTEX_POINT('',#2567);
#2567 = CARTESIAN_POINT('',(40.,9.,48.5));
#2568 = SURFACE_CURVE('',#2569,(#2573,#2580),.PCURVE_S1.);
#2569 = LINE('',#2570,#2571);
#2570 = CARTESIAN_POINT('',(40.,-9.,48.5));
#2571 = VECTOR('',#2572,1.);
#2572 = DIRECTION('',(0.,1.,0.));
#2573 = PCURVE('',#2236,#2574);
#2574 = DEFINITIONAL_REPRESENTATION('',(#2575),#2579);
#2575 = LINE('',#2576,#2577);
#2576 = CARTESIAN_POINT('',(0.,0.));
#2577 = VECTOR('',#2578,1.);
#2578 = DIRECTION('',(0.,-1.));
#2579 = ( GEOMETRIC_REPRESENTATION_CONTEXT(2) 
PARAMETRIC_REPRESENTATION_CONTEXT() REPRESENTATION_CONTEXT('2D SPACE',''
  ) );
#2580 = PCURVE('',#2527,#2581);
#2581 = DEFINITIONAL_REPRESENTATION('',(#2582),#2586);
#2582 = LINE('',#2583,#2584);
#2583 = CARTESIAN_POINT('',(13.,0.));
#2584 = VECTOR('',#2585,1.);
#2585 = DIRECTION('',(0.,1.));
#2586 = ( GEOMETRIC_REPRESENTATION_CONTEXT(2) 
PARAMETRIC_REPRESENTATION_CONTEXT() REPRESENTATION_CONTEXT('2D SPACE',''
  ) );
#2587 = ORIENTED_EDGE('',*,*,#2588,.T.);
#2588 = EDGE_CURVE('',#2566,#2194,#2589,.T.);
#2589 = SURFACE_CURVE('',#2590,(#2594,#2601),.PCURVE_S1.);
#2590 = LINE('',#2591,#2592);
#2591 = CARTESIAN_POINT('',(40.,9.,48.5));
#2592 = VECTOR('',#2593,1.);
#2593 = DIRECTION('',(1.,0.,1.110223024625E-16));
#2594 = PCURVE('',#2236,#2595);
#2595 = DEFINITIONAL_REPRESENTATION('',(#2596),#2600);
#2596 = LINE('',#2597,#2598);
#2597 = CARTESIAN_POINT('',(0.,-18.));
#2598 = VECTOR('',#2599,1.);
#2599 = DIRECTION('',(1.,0.));
#2600 = ( GEOMETRIC_REPRESENTATION_CONTEXT(2) 
PARAMETRIC_REPRESENTATION_CONTEXT() REPRESENTATION_CONTEXT('2D SPACE',''
  ) );
#2601 = PCURVE('',#2208,#2602);
#2602 = DEFINITIONAL_REPRESENTATION('',(#2603),#2607);
#2603 = LINE('',#2604,#2605);
#2604 = CARTESIAN_POINT('',(-1.443289932013E-15,13.));
#2605 = VECTOR('',#2606,1.);
#2606 = DIRECTION('',(1.,0.));
#2607 = ( GEOMETRIC_REPRESENTATION_CONTEXT(2) 
PARAMETRIC_REPRESENTATION_CONTEXT() REPRESENTATION_CONTEXT('2D SPACE',''
  ) );
#2608 = ORIENTED_EDGE('',*,*,#2219,.F.);
#2609 = ORIENTED_EDGE('',*,*,#2417,.F.);
#2610 = ADVANCED_FACE('',(#2611),#2400,.T.);
#2611 = FACE_BOUND('',#2612,.T.);
#2612 = EDGE_LOOP('',(#2613,#2636,#2664,#2685));
#2613 = ORIENTED_EDGE('',*,*,#2614,.F.);
#2614 = EDGE_CURVE('',#2615,#2360,#2617,.T.);
#2615 = VERTEX_POINT('',#2616);
#2616 = CARTESIAN_POINT('',(40.,-7.,30.5));
#2617 = SURFACE_CURVE('',#2618,(#2622,#2629),.PCURVE_S1.);
#2618 = LINE('',#2619,#2620);
#2619 = CARTESIAN_POINT('',(40.,-7.,30.5));
#2620 = VECTOR('',#2621,1.);
#2621 = DIRECTION('',(1.,0.,1.110223024625E-16));
#2622 = PCURVE('',#2400,#2623);
#2623 = DEFINITIONAL_REPRESENTATION('',(#2624),#2628);
#2624 = LINE('',#2625,#2626);
#2625 = CARTESIAN_POINT('',(0.,0.));
#2626 = VECTOR('',#2627,1.);
#2627 = DIRECTION('',(1.,0.));
#2628 = ( GEOMETRIC_REPRESENTATION_CONTEXT(2) 
PARAMETRIC_REPRESENTATION_CONTEXT() REPRESENTATION_CONTEXT('2D SPACE',''
  ) );
#2629 = PCURVE('',#2374,#2630);
#2630 = DEFINITIONAL_REPRESENTATION('',(#2631),#2635);
#2631 = LINE('',#2632,#2633);
#2632 = CARTESIAN_POINT('',(0.,0.));
#2633 = VECTOR('',#2634,1.);
#2634 = DIRECTION('',(1.,0.));
#2635 = ( GEOMETRIC_REPRESENTATION_CONTEXT(2) 
PARAMETRIC_REPRESENTATION_CONTEXT() REPRESENTATION_CONTEXT('2D SPACE',''
  ) );
#2636 = ORIENTED_EDGE('',*,*,#2637,.T.);
#2637 = EDGE_CURVE('',#2615,#2638,#2640,.T.);
#2638 = VERTEX_POINT('',#2639);
#2639 = CARTESIAN_POINT('',(40.,0.,30.5));
#2640 = SURFACE_CURVE('',#2641,(#2645,#2652),.PCURVE_S1.);
#2641 = LINE('',#2642,#2643);
#2642 = CARTESIAN_POINT('',(40.,-7.,30.5));
#2643 = VECTOR('',#2644,1.);
#2644 = DIRECTION('',(0.,1.,0.));
#2645 = PCURVE('',#2400,#2646);
#2646 = DEFINITIONAL_REPRESENTATION('',(#2647),#2651);
#2647 = LINE('',#2648,#2649);
#2648 = CARTESIAN_POINT('',(0.,0.));
#2649 = VECTOR('',#2650,1.);
#2650 = DIRECTION('',(0.,-1.));
#2651 = ( GEOMETRIC_REPRESENTATION_CONTEXT(2) 
PARAMETRIC_REPRESENTATION_CONTEXT() REPRESENTATION_CONTEXT('2D SPACE',''
  ) );
#2652 = PCURVE('',#2653,#2658);
#2653 = PLANE('',#2654);
#2654 = AXIS2_PLACEMENT_3D('',#2655,#2656,#2657);
#2655 = CARTESIAN_POINT('',(40.,-7.,30.5));
#2656 = DIRECTION('',(1.,0.,1.110223024625E-16));
#2657 = DIRECTION('',(1.110223024625E-16,0.,-1.));
#2658 = DEFINITIONAL_REPRESENTATION('',(#2659),#2663);
#2659 = LINE('',#2660,#2661);
#2660 = CARTESIAN_POINT('',(0.,0.));
#2661 = VECTOR('',#2662,1.);
#2662 = DIRECTION('',(0.,1.));
#2663 = ( GEOMETRIC_REPRESENTATION_CONTEXT(2) 
PARAMETRIC_REPRESENTATION_CONTEXT() REPRESENTATION_CONTEXT('2D SPACE',''
  ) );
#2664 = ORIENTED_EDGE('',*,*,#2665,.T.);
#2665 = EDGE_CURVE('',#2638,#2253,#2666,.T.);
#2666 = SURFACE_CURVE('',#2667,(#2671,#2678),.PCURVE_S1.);
#2667 = LINE('',#2668,#2669);
#2668 = CARTESIAN_POINT('',(40.,0.,30.5));
#2669 = VECTOR('',#2670,1.);
#2670 = DIRECTION('',(1.,0.,1.110223024625E-16));
#2671 = PCURVE('',#2400,#2672);
#2672 = DEFINITIONAL_REPRESENTATION('',(#2673),#2677);
#2673 = LINE('',#2674,#2675);
#2674 = CARTESIAN_POINT('',(0.,-7.));
#2675 = VECTOR('',#2676,1.);
#2676 = DIRECTION('',(1.,0.));
#2677 = ( GEOMETRIC_REPRESENTATION_CONTEXT(2) 
PARAMETRIC_REPRESENTATION_CONTEXT() REPRESENTATION_CONTEXT('2D SPACE',''
  ) );
#2678 = PCURVE('',#2291,#2679);
#2679 = DEFINITIONAL_REPRESENTATION('',(#2680),#2684);
#2680 = LINE('',#2681,#2682);
#2681 = CARTESIAN_POINT('',(0.,0.));
#2682 = VECTOR('',#2683,1.);
#2683 = DIRECTION('',(1.,0.));
#2684 = ( GEOMETRIC_REPRESENTATION_CONTEXT(2) 
PARAMETRIC_REPRESENTATION_CONTEXT() REPRESENTATION_CONTEXT('2D SPACE',''
  ) );
#2685 = ORIENTED_EDGE('',*,*,#2385,.F.);
#2686 = ADVANCED_FACE('',(#2687),#2374,.T.);
#2687 = FACE_BOUND('',#2688,.T.);
#2688 = EDGE_LOOP('',(#2689,#2712,#2733,#2734));
#2689 = ORIENTED_EDGE('',*,*,#2690,.F.);
#2690 = EDGE_CURVE('',#2691,#2327,#2693,.T.);
#2691 = VERTEX_POINT('',#2692);
#2692 = CARTESIAN_POINT('',(40.,-7.,17.5));
#2693 = SURFACE_CURVE('',#2694,(#2698,#2705),.PCURVE_S1.);
#2694 = LINE('',#2695,#2696);
#2695 = CARTESIAN_POINT('',(40.,-7.,17.5));
#2696 = VECTOR('',#2697,1.);
#2697 = DIRECTION('',(1.,0.,1.110223024625E-16));
#2698 = PCURVE('',#2374,#2699);
#2699 = DEFINITIONAL_REPRESENTATION('',(#2700),#2704);
#2700 = LINE('',#2701,#2702);
#2701 = CARTESIAN_POINT('',(-1.443289932013E-15,13.));
#2702 = VECTOR('',#2703,1.);
#2703 = DIRECTION('',(1.,0.));
#2704 = ( GEOMETRIC_REPRESENTATION_CONTEXT(2) 
PARAMETRIC_REPRESENTATION_CONTEXT() REPRESENTATION_CONTEXT('2D SPACE',''
  ) );
#2705 = PCURVE('',#2343,#2706);
#2706 = DEFINITIONAL_REPRESENTATION('',(#2707),#2711);
#2707 = LINE('',#2708,#2709);
#2708 = CARTESIAN_POINT('',(0.,0.));
#2709 = VECTOR('',#2710,1.);
#2710 = DIRECTION('',(1.,0.));
#2711 = ( GEOMETRIC_REPRESENTATION_CONTEXT(2) 
PARAMETRIC_REPRESENTATION_CONTEXT() REPRESENTATION_CONTEXT('2D SPACE',''
  ) );
#2712 = ORIENTED_EDGE('',*,*,#2713,.F.);
#2713 = EDGE_CURVE('',#2615,#2691,#2714,.T.);
#2714 = SURFACE_CURVE('',#2715,(#2719,#2726),.PCURVE_S1.);
#2715 = LINE('',#2716,#2717);
#2716 = CARTESIAN_POINT('',(40.,-7.,30.5));
#2717 = VECTOR('',#2718,1.);
#2718 = DIRECTION('',(1.110223024625E-16,0.,-1.));
#2719 = PCURVE('',#2374,#2720);
#2720 = DEFINITIONAL_REPRESENTATION('',(#2721),#2725);
#2721 = LINE('',#2722,#2723);
#2722 = CARTESIAN_POINT('',(0.,0.));
#2723 = VECTOR('',#2724,1.);
#2724 = DIRECTION('',(0.,1.));
#2725 = ( GEOMETRIC_REPRESENTATION_CONTEXT(2) 
PARAMETRIC_REPRESENTATION_CONTEXT() REPRESENTATION_CONTEXT('2D SPACE',''
  ) );
#2726 = PCURVE('',#2653,#2727);
#2727 = DEFINITIONAL_REPRESENTATION('',(#2728),#2732);
#2728 = LINE('',#2729,#2730);
#2729 = CARTESIAN_POINT('',(0.,0.));
#2730 = VECTOR('',#2731,1.);
#2731 = DIRECTION('',(1.,0.));
#2732 = ( GEOMETRIC_REPRESENTATION_CONTEXT(2) 
PARAMETRIC_REPRESENTATION_CONTEXT() REPRESENTATION_CONTEXT('2D SPACE',''
  ) );
#2733 = ORIENTED_EDGE('',*,*,#2614,.T.);
#2734 = ORIENTED_EDGE('',*,*,#2359,.F.);
#2735 = ADVANCED_FACE('',(#2736),#2343,.F.);
#2736 = FACE_BOUND('',#2737,.F.);
#2737 = EDGE_LOOP('',(#2738,#2739,#2762,#2783));
#2738 = ORIENTED_EDGE('',*,*,#2690,.F.);
#2739 = ORIENTED_EDGE('',*,*,#2740,.T.);
#2740 = EDGE_CURVE('',#2691,#2741,#2743,.T.);
#2741 = VERTEX_POINT('',#2742);
#2742 = CARTESIAN_POINT('',(40.,0.,17.5));
#2743 = SURFACE_CURVE('',#2744,(#2748,#2755),.PCURVE_S1.);
#2744 = LINE('',#2745,#2746);
#2745 = CARTESIAN_POINT('',(40.,-7.,17.5));
#2746 = VECTOR('',#2747,1.);
#2747 = DIRECTION('',(0.,1.,0.));
#2748 = PCURVE('',#2343,#2749);
#2749 = DEFINITIONAL_REPRESENTATION('',(#2750),#2754);
#2750 = LINE('',#2751,#2752);
#2751 = CARTESIAN_POINT('',(0.,0.));
#2752 = VECTOR('',#2753,1.);
#2753 = DIRECTION('',(0.,-1.));
#2754 = ( GEOMETRIC_REPRESENTATION_CONTEXT(2) 
PARAMETRIC_REPRESENTATION_CONTEXT() REPRESENTATION_CONTEXT('2D SPACE',''
  ) );
#2755 = PCURVE('',#2653,#2756);
#2756 = DEFINITIONAL_REPRESENTATION('',(#2757),#2761);
#2757 = LINE('',#2758,#2759);
#2758 = CARTESIAN_POINT('',(13.,0.));
#2759 = VECTOR('',#2760,1.);
#2760 = DIRECTION('',(0.,1.));
#2761 = ( GEOMETRIC_REPRESENTATION_CONTEXT(2) 
PARAMETRIC_REPRESENTATION_CONTEXT() REPRESENTATION_CONTEXT('2D SPACE',''
  ) );
#2762 = ORIENTED_EDGE('',*,*,#2763,.T.);
#2763 = EDGE_CURVE('',#2741,#2276,#2764,.T.);
#2764 = SURFACE_CURVE('',#2765,(#2769,#2776),.PCURVE_S1.);
#2765 = LINE('',#2766,#2767);
#2766 = CARTESIAN_POINT('',(40.,0.,17.5));
#2767 = VECTOR('',#2768,1.);
#2768 = DIRECTION('',(1.,0.,1.110223024625E-16));
#2769 = PCURVE('',#2343,#2770);
#2770 = DEFINITIONAL_REPRESENTATION('',(#2771),#2775);
#2771 = LINE('',#2772,#2773);
#2772 = CARTESIAN_POINT('',(0.,-7.));
#2773 = VECTOR('',#2774,1.);
#2774 = DIRECTION('',(1.,0.));
#2775 = ( GEOMETRIC_REPRESENTATION_CONTEXT(2) 
PARAMETRIC_REPRESENTATION_CONTEXT() REPRESENTATION_CONTEXT('2D SPACE',''
  ) );
#2776 = PCURVE('',#2291,#2777);
#2777 = DEFINITIONAL_REPRESENTATION('',(#2778),#2782);
#2778 = LINE('',#2779,#2780);
#2779 = CARTESIAN_POINT('',(-1.443289932013E-15,13.));
#2780 = VECTOR('',#2781,1.);
#2781 = DIRECTION('',(1.,0.));
#2782 = ( GEOMETRIC_REPRESENTATION_CONTEXT(2) 
PARAMETRIC_REPRESENTATION_CONTEXT() REPRESENTATION_CONTEXT('2D SPACE',''
  ) );
#2783 = ORIENTED_EDGE('',*,*,#2326,.F.);
#2784 = ADVANCED_FACE('',(#2785),#2291,.F.);
#2785 = FACE_BOUND('',#2786,.F.);
#2786 = EDGE_LOOP('',(#2787,#2788,#2809,#2810));
#2787 = ORIENTED_EDGE('',*,*,#2763,.F.);
#2788 = ORIENTED_EDGE('',*,*,#2789,.F.);
#2789 = EDGE_CURVE('',#2638,#2741,#2790,.T.);
#2790 = SURFACE_CURVE('',#2791,(#2795,#2802),.PCURVE_S1.);
#2791 = LINE('',#2792,#2793);
#2792 = CARTESIAN_POINT('',(40.,0.,30.5));
#2793 = VECTOR('',#2794,1.);
#2794 = DIRECTION('',(1.110223024625E-16,0.,-1.));
#2795 = PCURVE('',#2291,#2796);
#2796 = DEFINITIONAL_REPRESENTATION('',(#2797),#2801);
#2797 = LINE('',#2798,#2799);
#2798 = CARTESIAN_POINT('',(0.,0.));
#2799 = VECTOR('',#2800,1.);
#2800 = DIRECTION('',(0.,1.));
#2801 = ( GEOMETRIC_REPRESENTATION_CONTEXT(2) 
PARAMETRIC_REPRESENTATION_CONTEXT() REPRESENTATION_CONTEXT('2D SPACE',''
  ) );
#2802 = PCURVE('',#2653,#2803);
#2803 = DEFINITIONAL_REPRESENTATION('',(#2804),#2808);
#2804 = LINE('',#2805,#2806);
#2805 = CARTESIAN_POINT('',(0.,7.));
#2806 = VECTOR('',#2807,1.);
#2807 = DIRECTION('',(1.,0.));
#2808 = ( GEOMETRIC_REPRESENTATION_CONTEXT(2) 
PARAMETRIC_REPRESENTATION_CONTEXT() REPRESENTATION_CONTEXT('2D SPACE',''
  ) );
#2809 = ORIENTED_EDGE('',*,*,#2665,.T.);
#2810 = ORIENTED_EDGE('',*,*,#2275,.F.);
#2811 = ADVANCED_FACE('',(#2812),#2208,.F.);
#2812 = FACE_BOUND('',#2813,.F.);
#2813 = EDGE_LOOP('',(#2814,#2815,#2838,#2859));
#2814 = ORIENTED_EDGE('',*,*,#2588,.F.);
#2815 = ORIENTED_EDGE('',*,*,#2816,.F.);
#2816 = EDGE_CURVE('',#2817,#2566,#2819,.T.);
#2817 = VERTEX_POINT('',#2818);
#2818 = CARTESIAN_POINT('',(40.,9.,61.5));
#2819 = SURFACE_CURVE('',#2820,(#2824,#2831),.PCURVE_S1.);
#2820 = LINE('',#2821,#2822);
#2821 = CARTESIAN_POINT('',(40.,9.,61.5));
#2822 = VECTOR('',#2823,1.);
#2823 = DIRECTION('',(1.110223024625E-16,0.,-1.));
#2824 = PCURVE('',#2208,#2825);
#2825 = DEFINITIONAL_REPRESENTATION('',(#2826),#2830);
#2826 = LINE('',#2827,#2828);
#2827 = CARTESIAN_POINT('',(0.,0.));
#2828 = VECTOR('',#2829,1.);
#2829 = DIRECTION('',(0.,1.));
#2830 = ( GEOMETRIC_REPRESENTATION_CONTEXT(2) 
PARAMETRIC_REPRESENTATION_CONTEXT() REPRESENTATION_CONTEXT('2D SPACE',''
  ) );
#2831 = PCURVE('',#2527,#2832);
#2832 = DEFINITIONAL_REPRESENTATION('',(#2833),#2837);
#2833 = LINE('',#2834,#2835);
#2834 = CARTESIAN_POINT('',(0.,18.));
#2835 = VECTOR('',#2836,1.);
#2836 = DIRECTION('',(1.,0.));
#2837 = ( GEOMETRIC_REPRESENTATION_CONTEXT(2) 
PARAMETRIC_REPRESENTATION_CONTEXT() REPRESENTATION_CONTEXT('2D SPACE',''
  ) );
#2838 = ORIENTED_EDGE('',*,*,#2839,.T.);
#2839 = EDGE_CURVE('',#2817,#2166,#2840,.T.);
#2840 = SURFACE_CURVE('',#2841,(#2845,#2852),.PCURVE_S1.);
#2841 = LINE('',#2842,#2843);
#2842 = CARTESIAN_POINT('',(40.,9.,61.5));
#2843 = VECTOR('',#2844,1.);
#2844 = DIRECTION('',(1.,0.,1.110223024625E-16));
#2845 = PCURVE('',#2208,#2846);
#2846 = DEFINITIONAL_REPRESENTATION('',(#2847),#2851);
#2847 = LINE('',#2848,#2849);
#2848 = CARTESIAN_POINT('',(0.,0.));
#2849 = VECTOR('',#2850,1.);
#2850 = DIRECTION('',(1.,0.));
#2851 = ( GEOMETRIC_REPRESENTATION_CONTEXT(2) 
PARAMETRIC_REPRESENTATION_CONTEXT() REPRESENTATION_CONTEXT('2D SPACE',''
  ) );
#2852 = PCURVE('',#1915,#2853);
#2853 = DEFINITIONAL_REPRESENTATION('',(#2854),#2858);
#2854 = LINE('',#2855,#2856);
#2855 = CARTESIAN_POINT('',(0.,-18.));
#2856 = VECTOR('',#2857,1.);
#2857 = DIRECTION('',(1.,0.));
#2858 = ( GEOMETRIC_REPRESENTATION_CONTEXT(2) 
PARAMETRIC_REPRESENTATION_CONTEXT() REPRESENTATION_CONTEXT('2D SPACE',''
  ) );
#2859 = ORIENTED_EDGE('',*,*,#2193,.F.);
#2860 = ADVANCED_FACE('',(#2861),#1915,.T.);
#2861 = FACE_BOUND('',#2862,.T.);
#2862 = EDGE_LOOP('',(#2863,#2864,#2885,#2886,#2887));
#2863 = ORIENTED_EDGE('',*,*,#2539,.F.);
#2864 = ORIENTED_EDGE('',*,*,#2865,.T.);
#2865 = EDGE_CURVE('',#2512,#2817,#2866,.T.);
#2866 = SURFACE_CURVE('',#2867,(#2871,#2878),.PCURVE_S1.);
#2867 = LINE('',#2868,#2869);
#2868 = CARTESIAN_POINT('',(40.,-9.,61.5));
#2869 = VECTOR('',#2870,1.);
#2870 = DIRECTION('',(0.,1.,0.));
#2871 = PCURVE('',#1915,#2872);
#2872 = DEFINITIONAL_REPRESENTATION('',(#2873),#2877);
#2873 = LINE('',#2874,#2875);
#2874 = CARTESIAN_POINT('',(0.,0.));
#2875 = VECTOR('',#2876,1.);
#2876 = DIRECTION('',(0.,-1.));
#2877 = ( GEOMETRIC_REPRESENTATION_CONTEXT(2) 
PARAMETRIC_REPRESENTATION_CONTEXT() REPRESENTATION_CONTEXT('2D SPACE',''
  ) );
#2878 = PCURVE('',#2527,#2879);
#2879 = DEFINITIONAL_REPRESENTATION('',(#2880),#2884);
#2880 = LINE('',#2881,#2882);
#2881 = CARTESIAN_POINT('',(0.,0.));
#2882 = VECTOR('',#2883,1.);
#2883 = DIRECTION('',(0.,1.));
#2884 = ( GEOMETRIC_REPRESENTATION_CONTEXT(2) 
PARAMETRIC_REPRESENTATION_CONTEXT() REPRESENTATION_CONTEXT('2D SPACE',''
  ) );
#2885 = ORIENTED_EDGE('',*,*,#2839,.T.);
#2886 = ORIENTED_EDGE('',*,*,#2165,.F.);
#2887 = ORIENTED_EDGE('',*,*,#1898,.F.);
#2888 = ADVANCED_FACE('',(#2889),#2016,.F.);
#2889 = FACE_BOUND('',#2890,.F.);
#2890 = EDGE_LOOP('',(#2891,#2892,#2913,#2914,#2915));
#2891 = ORIENTED_EDGE('',*,*,#2074,.F.);
#2892 = ORIENTED_EDGE('',*,*,#2893,.F.);
#2893 = EDGE_CURVE('',#2462,#1932,#2894,.T.);
#2894 = SEAM_CURVE('',#2895,(#2899,#2906),.PCURVE_S1.);
#2895 = LINE('',#2896,#2897);
#2896 = CARTESIAN_POINT('',(35.,-4.286263797016E-16,94.25));
#2897 = VECTOR('',#2898,1.);
#2898 = DIRECTION('',(1.,0.,1.110223024625E-16));
#2899 = PCURVE('',#2016,#2900);
#2900 = DEFINITIONAL_REPRESENTATION('',(#2901),#2905);
#2901 = LINE('',#2902,#2903);
#2902 = CARTESIAN_POINT('',(6.28318530718,-0.));
#2903 = VECTOR('',#2904,1.);
#2904 = DIRECTION('',(0.,1.));
#2905 = ( GEOMETRIC_REPRESENTATION_CONTEXT(2) 
PARAMETRIC_REPRESENTATION_CONTEXT() REPRESENTATION_CONTEXT('2D SPACE',''
  ) );
#2906 = PCURVE('',#2016,#2907);
#2907 = DEFINITIONAL_REPRESENTATION('',(#2908),#2912);
#2908 = LINE('',#2909,#2910);
#2909 = CARTESIAN_POINT('',(0.,-0.));
#2910 = VECTOR('',#2911,1.);
#2911 = DIRECTION('',(0.,1.));
#2912 = ( GEOMETRIC_REPRESENTATION_CONTEXT(2) 
PARAMETRIC_REPRESENTATION_CONTEXT() REPRESENTATION_CONTEXT('2D SPACE',''
  ) );
#2913 = ORIENTED_EDGE('',*,*,#2461,.T.);
#2914 = ORIENTED_EDGE('',*,*,#2893,.T.);
#2915 = ORIENTED_EDGE('',*,*,#1954,.F.);
#2916 = ADVANCED_FACE('',(#2917),#2527,.T.);
#2917 = FACE_BOUND('',#2918,.T.);
#2918 = EDGE_LOOP('',(#2919,#2920,#2921,#2922));
#2919 = ORIENTED_EDGE('',*,*,#2865,.F.);
#2920 = ORIENTED_EDGE('',*,*,#2511,.T.);
#2921 = ORIENTED_EDGE('',*,*,#2565,.T.);
#2922 = ORIENTED_EDGE('',*,*,#2816,.F.);
#2923 = ADVANCED_FACE('',(#2924),#2653,.T.);
#2924 = FACE_BOUND('',#2925,.T.);
#2925 = EDGE_LOOP('',(#2926,#2927,#2928,#2929));
#2926 = ORIENTED_EDGE('',*,*,#2637,.F.);
#2927 = ORIENTED_EDGE('',*,*,#2713,.T.);
#2928 = ORIENTED_EDGE('',*,*,#2740,.T.);
#2929 = ORIENTED_EDGE('',*,*,#2789,.F.);
#2930 = ( GEOMETRIC_REPRESENTATION_CONTEXT(3) 
GLOBAL_UNCERTAINTY_ASSIGNED_CONTEXT((#2934)) 
GLOBAL_UNIT_ASSIGNED_CONTEXT((#2931,#2932,#2933)) REPRESENTATION_CONTEXT
('Context #1','3D Context with UNIT and UNCERTAINTY') );
#2931 = ( LENGTH_UNIT() NAMED_UNIT(*) SI_UNIT(.MILLI.,.METRE.) );
#2932 = ( NAMED_UNIT(*) PLANE_ANGLE_UNIT() SI_UNIT($,.RADIAN.) );
#2933 = ( NAMED_UNIT(*) SI_UNIT($,.STERADIAN.) SOLID_ANGLE_UNIT() );
#2934 = UNCERTAINTY_MEASURE_WITH_UNIT(LENGTH_MEASURE(1.E-07),#2931,
  'distance_accuracy_value','confusion accuracy');
#2935 = CONTEXT_DEPENDENT_SHAPE_REPRESENTATION(#2936,#2938);
#2936 = ( REPRESENTATION_RELATIONSHIP('','',#36,#10) 
REPRESENTATION_RELATIONSHIP_WITH_TRANSFORMATION(#2937) 
SHAPE_REPRESENTATION_RELATIONSHIP() );
#2937 = ITEM_DEFINED_TRANSFORMATION('','',#11,#15);
#2938 = PRODUCT_DEFINITION_SHAPE('Placement','Placement of an item',
  #2939);
#2939 = NEXT_ASSEMBLY_USAGE_OCCURRENCE('7','','',#5,#31,$);
#2940 = PRODUCT_RELATED_PRODUCT_CATEGORY('part',$,(#33));
#2941 = SHAPE_DEFINITION_REPRESENTATION(#2942,#2948);
#2942 = PRODUCT_DEFINITION_SHAPE('','',#2943);
#2943 = PRODUCT_DEFINITION('design','',#2944,#2947);
#2944 = PRODUCT_DEFINITION_FORMATION('','',#2945);
#2945 = PRODUCT('Open CASCADE STEP translator 7.9 3.2',
  'Open CASCADE STEP translator 7.9 3.2','',(#2946));
#2946 = PRODUCT_CONTEXT('',#2,'mechanical');
#2947 = PRODUCT_DEFINITION_CONTEXT('part definition',#2,'design');
#2948 = ADVANCED_BREP_SHAPE_REPRESENTATION('',(#11,#2949),#3131);
#2949 = MANIFOLD_SOLID_BREP('',#2950);
#2950 = CLOSED_SHELL('',(#2951,#3039,#3074,#3104));
#2951 = ADVANCED_FACE('',(#2952),#2965,.T.);
#2952 = FACE_BOUND('',#2953,.T.);
#2953 = EDGE_LOOP('',(#2954,#2988,#3011,#3038));
#2954 = ORIENTED_EDGE('',*,*,#2955,.F.);
#2955 = EDGE_CURVE('',#2956,#2956,#2958,.T.);
#2956 = VERTEX_POINT('',#2957);
#2957 = CARTESIAN_POINT('',(39.6,-9.699202649247E-15,0.));
#2958 = SURFACE_CURVE('',#2959,(#2964,#2976),.PCURVE_S1.);
#2959 = CIRCLE('',#2960,39.6);
#2960 = AXIS2_PLACEMENT_3D('',#2961,#2962,#2963);
#2961 = CARTESIAN_POINT('',(0.,0.,0.));
#2962 = DIRECTION('',(0.,0.,1.));
#2963 = DIRECTION('',(1.,0.,-0.));
#2964 = PCURVE('',#2965,#2970);
#2965 = CYLINDRICAL_SURFACE('',#2966,39.6);
#2966 = AXIS2_PLACEMENT_3D('',#2967,#2968,#2969);
#2967 = CARTESIAN_POINT('',(0.,0.,-20.));
#2968 = DIRECTION('',(0.,0.,1.));
#2969 = DIRECTION('',(1.,0.,-0.));
#2970 = DEFINITIONAL_REPRESENTATION('',(#2971),#2975);
#2971 = LINE('',#2972,#2973);
#2972 = CARTESIAN_POINT('',(0.,20.));
#2973 = VECTOR('',#2974,1.);
#2974 = DIRECTION('',(1.,0.));
#2975 = ( GEOMETRIC_REPRESENTATION_CONTEXT(2) 
PARAMETRIC_REPRESENTATION_CONTEXT() REPRESENTATION_CONTEXT('2D SPACE',''
  ) );
#2976 = PCURVE('',#2977,#2982);
#2977 = PLANE('',#2978);
#2978 = AXIS2_PLACEMENT_3D('',#2979,#2980,#2981);
#2979 = CARTESIAN_POINT('',(0.,0.,0.));
#2980 = DIRECTION('',(0.,0.,1.));
#2981 = DIRECTION('',(1.,0.,-0.));
#2982 = DEFINITIONAL_REPRESENTATION('',(#2983),#2987);
#2983 = CIRCLE('',#2984,39.6);
#2984 = AXIS2_PLACEMENT_2D('',#2985,#2986);
#2985 = CARTESIAN_POINT('',(0.,0.));
#2986 = DIRECTION('',(1.,0.));
#2987 = ( GEOMETRIC_REPRESENTATION_CONTEXT(2) 
PARAMETRIC_REPRESENTATION_CONTEXT() REPRESENTATION_CONTEXT('2D SPACE',''
  ) );
#2988 = ORIENTED_EDGE('',*,*,#2989,.F.);
#2989 = EDGE_CURVE('',#2990,#2956,#2992,.T.);
#2990 = VERTEX_POINT('',#2991);
#2991 = CARTESIAN_POINT('',(39.6,-9.699202649247E-15,-20.));
#2992 = SEAM_CURVE('',#2993,(#2997,#3004),.PCURVE_S1.);
#2993 = LINE('',#2994,#2995);
#2994 = CARTESIAN_POINT('',(39.6,-9.699202649247E-15,-20.));
#2995 = VECTOR('',#2996,1.);
#2996 = DIRECTION('',(0.,0.,1.));
#2997 = PCURVE('',#2965,#2998);
#2998 = DEFINITIONAL_REPRESENTATION('',(#2999),#3003);
#2999 = LINE('',#3000,#3001);
#3000 = CARTESIAN_POINT('',(6.28318530718,-0.));
#3001 = VECTOR('',#3002,1.);
#3002 = DIRECTION('',(0.,1.));
#3003 = ( GEOMETRIC_REPRESENTATION_CONTEXT(2) 
PARAMETRIC_REPRESENTATION_CONTEXT() REPRESENTATION_CONTEXT('2D SPACE',''
  ) );
#3004 = PCURVE('',#2965,#3005);
#3005 = DEFINITIONAL_REPRESENTATION('',(#3006),#3010);
#3006 = LINE('',#3007,#3008);
#3007 = CARTESIAN_POINT('',(0.,-0.));
#3008 = VECTOR('',#3009,1.);
#3009 = DIRECTION('',(0.,1.));
#3010 = ( GEOMETRIC_REPRESENTATION_CONTEXT(2) 
PARAMETRIC_REPRESENTATION_CONTEXT() REPRESENTATION_CONTEXT('2D SPACE',''
  ) );
#3011 = ORIENTED_EDGE('',*,*,#3012,.T.);
#3012 = EDGE_CURVE('',#2990,#2990,#3013,.T.);
#3013 = SURFACE_CURVE('',#3014,(#3019,#3026),.PCURVE_S1.);
#3014 = CIRCLE('',#3015,39.6);
#3015 = AXIS2_PLACEMENT_3D('',#3016,#3017,#3018);
#3016 = CARTESIAN_POINT('',(0.,0.,-20.));
#3017 = DIRECTION('',(0.,0.,1.));
#3018 = DIRECTION('',(1.,0.,-0.));
#3019 = PCURVE('',#2965,#3020);
#3020 = DEFINITIONAL_REPRESENTATION('',(#3021),#3025);
#3021 = LINE('',#3022,#3023);
#3022 = CARTESIAN_POINT('',(0.,0.));
#3023 = VECTOR('',#3024,1.);
#3024 = DIRECTION('',(1.,0.));
#3025 = ( GEOMETRIC_REPRESENTATION_CONTEXT(2) 
PARAMETRIC_REPRESENTATION_CONTEXT() REPRESENTATION_CONTEXT('2D SPACE',''
  ) );
#3026 = PCURVE('',#3027,#3032);
#3027 = PLANE('',#3028);
#3028 = AXIS2_PLACEMENT_3D('',#3029,#3030,#3031);
#3029 = CARTESIAN_POINT('',(0.,0.,-20.));
#3030 = DIRECTION('',(0.,0.,1.));
#3031 = DIRECTION('',(1.,0.,-0.));
#3032 = DEFINITIONAL_REPRESENTATION('',(#3033),#3037);
#3033 = CIRCLE('',#3034,39.6);
#3034 = AXIS2_PLACEMENT_2D('',#3035,#3036);
#3035 = CARTESIAN_POINT('',(0.,0.));
#3036 = DIRECTION('',(1.,0.));
#3037 = ( GEOMETRIC_REPRESENTATION_CONTEXT(2) 
PARAMETRIC_REPRESENTATION_CONTEXT() REPRESENTATION_CONTEXT('2D SPACE',''
  ) );
#3038 = ORIENTED_EDGE('',*,*,#2989,.T.);
#3039 = ADVANCED_FACE('',(#3040,#3043),#2977,.T.);
#3040 = FACE_BOUND('',#3041,.T.);
#3041 = EDGE_LOOP('',(#3042));
#3042 = ORIENTED_EDGE('',*,*,#2955,.T.);
#3043 = FACE_BOUND('',#3044,.T.);
#3044 = EDGE_LOOP('',(#3045));
#3045 = ORIENTED_EDGE('',*,*,#3046,.F.);
#3046 = EDGE_CURVE('',#3047,#3047,#3049,.T.);
#3047 = VERTEX_POINT('',#3048);
#3048 = CARTESIAN_POINT('',(37.2,-9.111372185656E-15,0.));
#3049 = SURFACE_CURVE('',#3050,(#3055,#3062),.PCURVE_S1.);
#3050 = CIRCLE('',#3051,37.2);
#3051 = AXIS2_PLACEMENT_3D('',#3052,#3053,#3054);
#3052 = CARTESIAN_POINT('',(0.,0.,0.));
#3053 = DIRECTION('',(0.,0.,1.));
#3054 = DIRECTION('',(1.,0.,-0.));
#3055 = PCURVE('',#2977,#3056);
#3056 = DEFINITIONAL_REPRESENTATION('',(#3057),#3061);
#3057 = CIRCLE('',#3058,37.2);
#3058 = AXIS2_PLACEMENT_2D('',#3059,#3060);
#3059 = CARTESIAN_POINT('',(0.,0.));
#3060 = DIRECTION('',(1.,0.));
#3061 = ( GEOMETRIC_REPRESENTATION_CONTEXT(2) 
PARAMETRIC_REPRESENTATION_CONTEXT() REPRESENTATION_CONTEXT('2D SPACE',''
  ) );
#3062 = PCURVE('',#3063,#3068);
#3063 = CYLINDRICAL_SURFACE('',#3064,37.2);
#3064 = AXIS2_PLACEMENT_3D('',#3065,#3066,#3067);
#3065 = CARTESIAN_POINT('',(0.,0.,-21.));
#3066 = DIRECTION('',(0.,0.,1.));
#3067 = DIRECTION('',(1.,0.,-0.));
#3068 = DEFINITIONAL_REPRESENTATION('',(#3069),#3073);
#3069 = LINE('',#3070,#3071);
#3070 = CARTESIAN_POINT('',(0.,21.));
#3071 = VECTOR('',#3072,1.);
#3072 = DIRECTION('',(1.,0.));
#3073 = ( GEOMETRIC_REPRESENTATION_CONTEXT(2) 
PARAMETRIC_REPRESENTATION_CONTEXT() REPRESENTATION_CONTEXT('2D SPACE',''
  ) );
#3074 = ADVANCED_FACE('',(#3075,#3078),#3027,.F.);
#3075 = FACE_BOUND('',#3076,.F.);
#3076 = EDGE_LOOP('',(#3077));
#3077 = ORIENTED_EDGE('',*,*,#3012,.T.);
#3078 = FACE_BOUND('',#3079,.F.);
#3079 = EDGE_LOOP('',(#3080));
#3080 = ORIENTED_EDGE('',*,*,#3081,.F.);
#3081 = EDGE_CURVE('',#3082,#3082,#3084,.T.);
#3082 = VERTEX_POINT('',#3083);
#3083 = CARTESIAN_POINT('',(37.2,-9.111372185656E-15,-20.));
#3084 = SURFACE_CURVE('',#3085,(#3090,#3097),.PCURVE_S1.);
#3085 = CIRCLE('',#3086,37.2);
#3086 = AXIS2_PLACEMENT_3D('',#3087,#3088,#3089);
#3087 = CARTESIAN_POINT('',(0.,0.,-20.));
#3088 = DIRECTION('',(0.,0.,1.));
#3089 = DIRECTION('',(1.,0.,-0.));
#3090 = PCURVE('',#3027,#3091);
#3091 = DEFINITIONAL_REPRESENTATION('',(#3092),#3096);
#3092 = CIRCLE('',#3093,37.2);
#3093 = AXIS2_PLACEMENT_2D('',#3094,#3095);
#3094 = CARTESIAN_POINT('',(0.,0.));
#3095 = DIRECTION('',(1.,0.));
#3096 = ( GEOMETRIC_REPRESENTATION_CONTEXT(2) 
PARAMETRIC_REPRESENTATION_CONTEXT() REPRESENTATION_CONTEXT('2D SPACE',''
  ) );
#3097 = PCURVE('',#3063,#3098);
#3098 = DEFINITIONAL_REPRESENTATION('',(#3099),#3103);
#3099 = LINE('',#3100,#3101);
#3100 = CARTESIAN_POINT('',(0.,1.));
#3101 = VECTOR('',#3102,1.);
#3102 = DIRECTION('',(1.,0.));
#3103 = ( GEOMETRIC_REPRESENTATION_CONTEXT(2) 
PARAMETRIC_REPRESENTATION_CONTEXT() REPRESENTATION_CONTEXT('2D SPACE',''
  ) );
#3104 = ADVANCED_FACE('',(#3105),#3063,.F.);
#3105 = FACE_BOUND('',#3106,.F.);
#3106 = EDGE_LOOP('',(#3107,#3108,#3129,#3130));
#3107 = ORIENTED_EDGE('',*,*,#3046,.F.);
#3108 = ORIENTED_EDGE('',*,*,#3109,.F.);
#3109 = EDGE_CURVE('',#3082,#3047,#3110,.T.);
#3110 = SEAM_CURVE('',#3111,(#3115,#3122),.PCURVE_S1.);
#3111 = LINE('',#3112,#3113);
#3112 = CARTESIAN_POINT('',(37.2,-9.111372185656E-15,-21.));
#3113 = VECTOR('',#3114,1.);
#3114 = DIRECTION('',(0.,0.,1.));
#3115 = PCURVE('',#3063,#3116);
#3116 = DEFINITIONAL_REPRESENTATION('',(#3117),#3121);
#3117 = LINE('',#3118,#3119);
#3118 = CARTESIAN_POINT('',(6.28318530718,-0.));
#3119 = VECTOR('',#3120,1.);
#3120 = DIRECTION('',(0.,1.));
#3121 = ( GEOMETRIC_REPRESENTATION_CONTEXT(2) 
PARAMETRIC_REPRESENTATION_CONTEXT() REPRESENTATION_CONTEXT('2D SPACE',''
  ) );
#3122 = PCURVE('',#3063,#3123);
#3123 = DEFINITIONAL_REPRESENTATION('',(#3124),#3128);
#3124 = LINE('',#3125,#3126);
#3125 = CARTESIAN_POINT('',(0.,-0.));
#3126 = VECTOR('',#3127,1.);
#3127 = DIRECTION('',(0.,1.));
#3128 = ( GEOMETRIC_REPRESENTATION_CONTEXT(2) 
PARAMETRIC_REPRESENTATION_CONTEXT() REPRESENTATION_CONTEXT('2D SPACE',''
  ) );
#3129 = ORIENTED_EDGE('',*,*,#3081,.T.);
#3130 = ORIENTED_EDGE('',*,*,#3109,.T.);
#3131 = ( GEOMETRIC_REPRESENTATION_CONTEXT(3) 
GLOBAL_UNCERTAINTY_ASSIGNED_CONTEXT((#3135)) 
GLOBAL_UNIT_ASSIGNED_CONTEXT((#3132,#3133,#3134)) REPRESENTATION_CONTEXT
('Context #1','3D Context with UNIT and UNCERTAINTY') );
#3132 = ( LENGTH_UNIT() NAMED_UNIT(*) SI_UNIT(.MILLI.,.METRE.) );
#3133 = ( NAMED_UNIT(*) PLANE_ANGLE_UNIT() SI_UNIT($,.RADIAN.) );
#3134 = ( NAMED_UNIT(*) SI_UNIT($,.STERADIAN.) SOLID_ANGLE_UNIT() );
#3135 = UNCERTAINTY_MEASURE_WITH_UNIT(LENGTH_MEASURE(1.E-07),#3132,
  'distance_accuracy_value','confusion accuracy');
#3136 = CONTEXT_DEPENDENT_SHAPE_REPRESENTATION(#3137,#3139);
#3137 = ( REPRESENTATION_RELATIONSHIP('','',#2948,#10) 
REPRESENTATION_RELATIONSHIP_WITH_TRANSFORMATION(#3138) 
SHAPE_REPRESENTATION_RELATIONSHIP() );
#3138 = ITEM_DEFINED_TRANSFORMATION('','',#11,#19);
#3139 = PRODUCT_DEFINITION_SHAPE('Placement','Placement of an item',
  #3140);
#3140 = NEXT_ASSEMBLY_USAGE_OCCURRENCE('8','','',#5,#2943,$);
#3141 = PRODUCT_RELATED_PRODUCT_CATEGORY('part',$,(#2945));
ENDSEC;
END-ISO-10303-21;
