ISO-10303-21;
HEADER;
FILE_DESCRIPTION(('Open CASCADE Model'),'2;1');
FILE_NAME('Open CASCADE Shape Model','2026-06-21T02:31:41',('Author'),(
    'Open CASCADE'),'Open CASCADE STEP processor 7.9','Open CASCADE 7.9'
  ,'Unknown');
FILE_SCHEMA(('AUTOMOTIVE_DESIGN { 1 0 10303 214 1 1 1 1 }'));
ENDSEC;
DATA;
#1 = APPLICATION_PROTOCOL_DEFINITION('international standard',
  'automotive_design',2000,#2);
#2 = APPLICATION_CONTEXT(
  'core data for automotive mechanical design processes');
#3 = SHAPE_DEFINITION_REPRESENTATION(#4,#10);
#4 = PRODUCT_DEFINITION_SHAPE('','',#5);
#5 = PRODUCT_DEFINITION('design','',#6,#9);
#6 = PRODUCT_DEFINITION_FORMATION('','',#7);
#7 = PRODUCT('Open CASCADE STEP translator 7.9 7',
  'Open CASCADE STEP translator 7.9 7','',(#8));
#8 = PRODUCT_CONTEXT('',#2,'mechanical');
#9 = PRODUCT_DEFINITION_CONTEXT('part definition',#2,'design');
#10 = ADVANCED_BREP_SHAPE_REPRESENTATION('',(#11,#15),#5114);
#11 = AXIS2_PLACEMENT_3D('',#12,#13,#14);
#12 = CARTESIAN_POINT('',(0.,0.,0.));
#13 = DIRECTION('',(0.,0.,1.));
#14 = DIRECTION('',(1.,0.,-0.));
#15 = MANIFOLD_SOLID_BREP('',#16);
#16 = CLOSED_SHELL('',(#17,#187,#264,#409,#482,#825,#873,#1727,#1754,
    #1782,#1787,#1883,#1890,#1968,#2069,#2138,#2163,#2236,#2316,#2351,
    #2519,#2569,#2604,#2632,#2680,#2755,#2783,#2810,#2836,#2908,#2955,
    #3002,#3030,#3104,#3178,#3206,#3234,#3289,#3580,#3586,#4408,#4413,
    #4418,#4445,#4480,#4510,#4565,#4680,#4708,#4737,#4745,#4795,#4823,
    #5045,#5049,#5055,#5110));
#17 = ADVANCED_FACE('',(#18),#32,.F.);
#18 = FACE_BOUND('',#19,.F.);
#19 = EDGE_LOOP('',(#20,#55,#81,#107,#133,#161));
#20 = ORIENTED_EDGE('',*,*,#21,.F.);
#21 = EDGE_CURVE('',#22,#24,#26,.T.);
#22 = VERTEX_POINT('',#23);
#23 = CARTESIAN_POINT('',(-10.8253175473,-13.75,70.));
#24 = VERTEX_POINT('',#25);
#25 = CARTESIAN_POINT('',(-16.66506350946,-23.86473670974,70.));
#26 = SURFACE_CURVE('',#27,(#31,#43),.PCURVE_S1.);
#27 = LINE('',#28,#29);
#28 = CARTESIAN_POINT('',(-10.66506350946,-13.47243186433,70.));
#29 = VECTOR('',#30,1.);
#30 = DIRECTION('',(-0.5,-0.866025403784,0.));
#31 = PCURVE('',#32,#37);
#32 = PLANE('',#33);
#33 = AXIS2_PLACEMENT_3D('',#34,#35,#36);
#34 = CARTESIAN_POINT('',(-10.66506350946,-13.47243186433,70.));
#35 = DIRECTION('',(0.866025403784,-0.5,0.));
#36 = DIRECTION('',(0.,0.,1.));
#37 = DEFINITIONAL_REPRESENTATION('',(#38),#42);
#38 = LINE('',#39,#40);
#39 = CARTESIAN_POINT('',(0.,0.));
#40 = VECTOR('',#41,1.);
#41 = DIRECTION('',(0.,1.));
#42 = ( GEOMETRIC_REPRESENTATION_CONTEXT(2) 
PARAMETRIC_REPRESENTATION_CONTEXT() REPRESENTATION_CONTEXT('2D SPACE',''
  ) );
#43 = PCURVE('',#44,#49);
#44 = PLANE('',#45);
#45 = AXIS2_PLACEMENT_3D('',#46,#47,#48);
#46 = CARTESIAN_POINT('',(-10.66506350946,-13.47243186433,70.));
#47 = DIRECTION('',(0.,0.,1.));
#48 = DIRECTION('',(-0.5,-0.866025403784,0.));
#49 = DEFINITIONAL_REPRESENTATION('',(#50),#54);
#50 = LINE('',#51,#52);
#51 = CARTESIAN_POINT('',(0.,0.));
#52 = VECTOR('',#53,1.);
#53 = DIRECTION('',(1.,3.985521342092E-18));
#54 = ( GEOMETRIC_REPRESENTATION_CONTEXT(2) 
PARAMETRIC_REPRESENTATION_CONTEXT() REPRESENTATION_CONTEXT('2D SPACE',''
  ) );
#55 = ORIENTED_EDGE('',*,*,#56,.T.);
#56 = EDGE_CURVE('',#22,#57,#59,.T.);
#57 = VERTEX_POINT('',#58);
#58 = CARTESIAN_POINT('',(-10.8253175473,-13.75,72.));
#59 = SURFACE_CURVE('',#60,(#64,#70),.PCURVE_S1.);
#60 = LINE('',#61,#62);
#61 = CARTESIAN_POINT('',(-10.8253175473,-13.75,0.));
#62 = VECTOR('',#63,1.);
#63 = DIRECTION('',(0.,0.,1.));
#64 = PCURVE('',#32,#65);
#65 = DEFINITIONAL_REPRESENTATION('',(#66),#69);
#66 = B_SPLINE_CURVE_WITH_KNOTS('',1,(#67,#68),.UNSPECIFIED.,.F.,.F.,(2,
    2),(69.4,72.0000006),.PIECEWISE_BEZIER_KNOTS.);
#67 = CARTESIAN_POINT('',(-0.6,0.320508075689));
#68 = CARTESIAN_POINT('',(2.0000006,0.320508075689));
#69 = ( GEOMETRIC_REPRESENTATION_CONTEXT(2) 
PARAMETRIC_REPRESENTATION_CONTEXT() REPRESENTATION_CONTEXT('2D SPACE',''
  ) );
#70 = PCURVE('',#71,#76);
#71 = CYLINDRICAL_SURFACE('',#72,17.5);
#72 = AXIS2_PLACEMENT_3D('',#73,#74,#75);
#73 = CARTESIAN_POINT('',(0.,0.,0.));
#74 = DIRECTION('',(0.,0.,1.));
#75 = DIRECTION('',(1.,0.,-0.));
#76 = DEFINITIONAL_REPRESENTATION('',(#77),#80);
#77 = B_SPLINE_CURVE_WITH_KNOTS('',1,(#78,#79),.UNSPECIFIED.,.F.,.F.,(2,
    2),(69.4,72.0000006),.PIECEWISE_BEZIER_KNOTS.);
#78 = CARTESIAN_POINT('',(4.045442635881,69.4));
#79 = CARTESIAN_POINT('',(4.045442635881,72.0000006));
#80 = ( GEOMETRIC_REPRESENTATION_CONTEXT(2) 
PARAMETRIC_REPRESENTATION_CONTEXT() REPRESENTATION_CONTEXT('2D SPACE',''
  ) );
#81 = ORIENTED_EDGE('',*,*,#82,.F.);
#82 = EDGE_CURVE('',#83,#57,#85,.T.);
#83 = VERTEX_POINT('',#84);
#84 = CARTESIAN_POINT('',(-12.59039324045,-16.80720077974,72.));
#85 = SURFACE_CURVE('',#86,(#90,#96),.PCURVE_S1.);
#86 = LINE('',#87,#88);
#87 = CARTESIAN_POINT('',(-6.415063509461,-6.111215932168,72.));
#88 = VECTOR('',#89,1.);
#89 = DIRECTION('',(0.5,0.866025403784,-0.));
#90 = PCURVE('',#32,#91);
#91 = DEFINITIONAL_REPRESENTATION('',(#92),#95);
#92 = B_SPLINE_CURVE_WITH_KNOTS('',1,(#93,#94),.UNSPECIFIED.,.F.,.F.,(2,
    2),(-17.19208697893,-8.5),.PIECEWISE_BEZIER_KNOTS.);
#93 = CARTESIAN_POINT('',(2.,8.692086978938));
#94 = CARTESIAN_POINT('',(2.,0.));
#95 = ( GEOMETRIC_REPRESENTATION_CONTEXT(2) 
PARAMETRIC_REPRESENTATION_CONTEXT() REPRESENTATION_CONTEXT('2D SPACE',''
  ) );
#96 = PCURVE('',#97,#102);
#97 = PLANE('',#98);
#98 = AXIS2_PLACEMENT_3D('',#99,#100,#101);
#99 = CARTESIAN_POINT('',(0.,0.,72.));
#100 = DIRECTION('',(0.,0.,1.));
#101 = DIRECTION('',(1.,0.,-0.));
#102 = DEFINITIONAL_REPRESENTATION('',(#103),#106);
#103 = B_SPLINE_CURVE_WITH_KNOTS('',1,(#104,#105),.UNSPECIFIED.,.F.,.F.,
  (2,2),(-17.19208697893,-8.5),.PIECEWISE_BEZIER_KNOTS.);
#104 = CARTESIAN_POINT('',(-15.01110699893,-21.));
#105 = CARTESIAN_POINT('',(-10.66506350946,-13.47243186433));
#106 = ( GEOMETRIC_REPRESENTATION_CONTEXT(2) 
PARAMETRIC_REPRESENTATION_CONTEXT() REPRESENTATION_CONTEXT('2D SPACE',''
  ) );
#107 = ORIENTED_EDGE('',*,*,#108,.T.);
#108 = EDGE_CURVE('',#83,#109,#111,.T.);
#109 = VERTEX_POINT('',#110);
#110 = CARTESIAN_POINT('',(-12.59039324045,-16.80720077974,76.));
#111 = SURFACE_CURVE('',#112,(#116,#122),.PCURVE_S1.);
#112 = LINE('',#113,#114);
#113 = CARTESIAN_POINT('',(-12.59039324045,-16.80720077974,72.));
#114 = VECTOR('',#115,1.);
#115 = DIRECTION('',(0.,0.,1.));
#116 = PCURVE('',#32,#117);
#117 = DEFINITIONAL_REPRESENTATION('',(#118),#121);
#118 = B_SPLINE_CURVE_WITH_KNOTS('',1,(#119,#120),.UNSPECIFIED.,.F.,.F.,
  (2,2),(-6.000000070117E-07,4.6),.PIECEWISE_BEZIER_KNOTS.);
#119 = CARTESIAN_POINT('',(1.9999994,3.850659461993));
#120 = CARTESIAN_POINT('',(6.6,3.850659461993));
#121 = ( GEOMETRIC_REPRESENTATION_CONTEXT(2) 
PARAMETRIC_REPRESENTATION_CONTEXT() REPRESENTATION_CONTEXT('2D SPACE',''
  ) );
#122 = PCURVE('',#123,#128);
#123 = CYLINDRICAL_SURFACE('',#124,21.);
#124 = AXIS2_PLACEMENT_3D('',#125,#126,#127);
#125 = CARTESIAN_POINT('',(0.,0.,72.));
#126 = DIRECTION('',(0.,0.,1.));
#127 = DIRECTION('',(1.,0.,-0.));
#128 = DEFINITIONAL_REPRESENTATION('',(#129),#132);
#129 = B_SPLINE_CURVE_WITH_KNOTS('',1,(#130,#131),.UNSPECIFIED.,.F.,.F.,
  (2,2),(-6.000000070117E-07,4.6),.PIECEWISE_BEZIER_KNOTS.);
#130 = CARTESIAN_POINT('',(4.069459579979,-6.000000070117E-07));
#131 = CARTESIAN_POINT('',(4.069459579979,4.6));
#132 = ( GEOMETRIC_REPRESENTATION_CONTEXT(2) 
PARAMETRIC_REPRESENTATION_CONTEXT() REPRESENTATION_CONTEXT('2D SPACE',''
  ) );
#133 = ORIENTED_EDGE('',*,*,#134,.T.);
#134 = EDGE_CURVE('',#109,#135,#137,.T.);
#135 = VERTEX_POINT('',#136);
#136 = CARTESIAN_POINT('',(-16.66506350946,-23.86473670974,76.));
#137 = SURFACE_CURVE('',#138,(#142,#149),.PCURVE_S1.);
#138 = LINE('',#139,#140);
#139 = CARTESIAN_POINT('',(-10.66506350946,-13.47243186433,76.));
#140 = VECTOR('',#141,1.);
#141 = DIRECTION('',(-0.5,-0.866025403784,0.));
#142 = PCURVE('',#32,#143);
#143 = DEFINITIONAL_REPRESENTATION('',(#144),#148);
#144 = LINE('',#145,#146);
#145 = CARTESIAN_POINT('',(6.,0.));
#146 = VECTOR('',#147,1.);
#147 = DIRECTION('',(0.,1.));
#148 = ( GEOMETRIC_REPRESENTATION_CONTEXT(2) 
PARAMETRIC_REPRESENTATION_CONTEXT() REPRESENTATION_CONTEXT('2D SPACE',''
  ) );
#149 = PCURVE('',#150,#155);
#150 = PLANE('',#151);
#151 = AXIS2_PLACEMENT_3D('',#152,#153,#154);
#152 = CARTESIAN_POINT('',(-10.66506350946,-13.47243186433,76.));
#153 = DIRECTION('',(0.,0.,1.));
#154 = DIRECTION('',(-0.5,-0.866025403784,0.));
#155 = DEFINITIONAL_REPRESENTATION('',(#156),#160);
#156 = LINE('',#157,#158);
#157 = CARTESIAN_POINT('',(0.,0.));
#158 = VECTOR('',#159,1.);
#159 = DIRECTION('',(1.,3.985521342092E-18));
#160 = ( GEOMETRIC_REPRESENTATION_CONTEXT(2) 
PARAMETRIC_REPRESENTATION_CONTEXT() REPRESENTATION_CONTEXT('2D SPACE',''
  ) );
#161 = ORIENTED_EDGE('',*,*,#162,.F.);
#162 = EDGE_CURVE('',#24,#135,#163,.T.);
#163 = SURFACE_CURVE('',#164,(#168,#175),.PCURVE_S1.);
#164 = LINE('',#165,#166);
#165 = CARTESIAN_POINT('',(-16.66506350946,-23.86473670974,70.));
#166 = VECTOR('',#167,1.);
#167 = DIRECTION('',(0.,0.,1.));
#168 = PCURVE('',#32,#169);
#169 = DEFINITIONAL_REPRESENTATION('',(#170),#174);
#170 = LINE('',#171,#172);
#171 = CARTESIAN_POINT('',(0.,12.));
#172 = VECTOR('',#173,1.);
#173 = DIRECTION('',(1.,0.));
#174 = ( GEOMETRIC_REPRESENTATION_CONTEXT(2) 
PARAMETRIC_REPRESENTATION_CONTEXT() REPRESENTATION_CONTEXT('2D SPACE',''
  ) );
#175 = PCURVE('',#176,#181);
#176 = PLANE('',#177);
#177 = AXIS2_PLACEMENT_3D('',#178,#179,#180);
#178 = CARTESIAN_POINT('',(-16.66506350946,-23.86473670974,70.));
#179 = DIRECTION('',(-0.5,-0.866025403784,0.));
#180 = DIRECTION('',(0.,0.,1.));
#181 = DEFINITIONAL_REPRESENTATION('',(#182),#186);
#182 = LINE('',#183,#184);
#183 = CARTESIAN_POINT('',(0.,0.));
#184 = VECTOR('',#185,1.);
#185 = DIRECTION('',(1.,0.));
#186 = ( GEOMETRIC_REPRESENTATION_CONTEXT(2) 
PARAMETRIC_REPRESENTATION_CONTEXT() REPRESENTATION_CONTEXT('2D SPACE',''
  ) );
#187 = ADVANCED_FACE('',(#188),#44,.F.);
#188 = FACE_BOUND('',#189,.F.);
#189 = EDGE_LOOP('',(#190,#220,#242,#243));
#190 = ORIENTED_EDGE('',*,*,#191,.F.);
#191 = EDGE_CURVE('',#192,#194,#196,.T.);
#192 = VERTEX_POINT('',#193);
#193 = CARTESIAN_POINT('',(-6.495190528383,-16.25,70.));
#194 = VERTEX_POINT('',#195);
#195 = CARTESIAN_POINT('',(-12.33493649053,-26.36473670974,70.));
#196 = SURFACE_CURVE('',#197,(#201,#208),.PCURVE_S1.);
#197 = LINE('',#198,#199);
#198 = CARTESIAN_POINT('',(-6.334936490539,-15.97243186433,70.));
#199 = VECTOR('',#200,1.);
#200 = DIRECTION('',(-0.5,-0.866025403784,0.));
#201 = PCURVE('',#44,#202);
#202 = DEFINITIONAL_REPRESENTATION('',(#203),#207);
#203 = LINE('',#204,#205);
#204 = CARTESIAN_POINT('',(-1.466058469833E-16,5.));
#205 = VECTOR('',#206,1.);
#206 = DIRECTION('',(1.,3.985521342092E-18));
#207 = ( GEOMETRIC_REPRESENTATION_CONTEXT(2) 
PARAMETRIC_REPRESENTATION_CONTEXT() REPRESENTATION_CONTEXT('2D SPACE',''
  ) );
#208 = PCURVE('',#209,#214);
#209 = PLANE('',#210);
#210 = AXIS2_PLACEMENT_3D('',#211,#212,#213);
#211 = CARTESIAN_POINT('',(-6.334936490539,-15.97243186433,70.));
#212 = DIRECTION('',(0.866025403784,-0.5,0.));
#213 = DIRECTION('',(0.,0.,1.));
#214 = DEFINITIONAL_REPRESENTATION('',(#215),#219);
#215 = LINE('',#216,#217);
#216 = CARTESIAN_POINT('',(0.,0.));
#217 = VECTOR('',#218,1.);
#218 = DIRECTION('',(0.,1.));
#219 = ( GEOMETRIC_REPRESENTATION_CONTEXT(2) 
PARAMETRIC_REPRESENTATION_CONTEXT() REPRESENTATION_CONTEXT('2D SPACE',''
  ) );
#220 = ORIENTED_EDGE('',*,*,#221,.F.);
#221 = EDGE_CURVE('',#22,#192,#222,.T.);
#222 = SURFACE_CURVE('',#223,(#228,#235),.PCURVE_S1.);
#223 = CIRCLE('',#224,17.5);
#224 = AXIS2_PLACEMENT_3D('',#225,#226,#227);
#225 = CARTESIAN_POINT('',(0.,0.,70.));
#226 = DIRECTION('',(0.,0.,1.));
#227 = DIRECTION('',(1.,0.,-0.));
#228 = PCURVE('',#44,#229);
#229 = DEFINITIONAL_REPRESENTATION('',(#230),#234);
#230 = CIRCLE('',#231,17.5);
#231 = AXIS2_PLACEMENT_2D('',#232,#233);
#232 = CARTESIAN_POINT('',(-17.,2.5));
#233 = DIRECTION('',(-0.5,0.866025403784));
#234 = ( GEOMETRIC_REPRESENTATION_CONTEXT(2) 
PARAMETRIC_REPRESENTATION_CONTEXT() REPRESENTATION_CONTEXT('2D SPACE',''
  ) );
#235 = PCURVE('',#71,#236);
#236 = DEFINITIONAL_REPRESENTATION('',(#237),#241);
#237 = LINE('',#238,#239);
#238 = CARTESIAN_POINT('',(0.,70.));
#239 = VECTOR('',#240,1.);
#240 = DIRECTION('',(1.,0.));
#241 = ( GEOMETRIC_REPRESENTATION_CONTEXT(2) 
PARAMETRIC_REPRESENTATION_CONTEXT() REPRESENTATION_CONTEXT('2D SPACE',''
  ) );
#242 = ORIENTED_EDGE('',*,*,#21,.T.);
#243 = ORIENTED_EDGE('',*,*,#244,.T.);
#244 = EDGE_CURVE('',#24,#194,#245,.T.);
#245 = SURFACE_CURVE('',#246,(#250,#257),.PCURVE_S1.);
#246 = LINE('',#247,#248);
#247 = CARTESIAN_POINT('',(-16.66506350946,-23.86473670974,70.));
#248 = VECTOR('',#249,1.);
#249 = DIRECTION('',(0.866025403784,-0.5,0.));
#250 = PCURVE('',#44,#251);
#251 = DEFINITIONAL_REPRESENTATION('',(#252),#256);
#252 = LINE('',#253,#254);
#253 = CARTESIAN_POINT('',(12.,-1.712588497927E-15));
#254 = VECTOR('',#255,1.);
#255 = DIRECTION('',(3.985521342092E-18,1.));
#256 = ( GEOMETRIC_REPRESENTATION_CONTEXT(2) 
PARAMETRIC_REPRESENTATION_CONTEXT() REPRESENTATION_CONTEXT('2D SPACE',''
  ) );
#257 = PCURVE('',#176,#258);
#258 = DEFINITIONAL_REPRESENTATION('',(#259),#263);
#259 = LINE('',#260,#261);
#260 = CARTESIAN_POINT('',(0.,0.));
#261 = VECTOR('',#262,1.);
#262 = DIRECTION('',(0.,-1.));
#263 = ( GEOMETRIC_REPRESENTATION_CONTEXT(2) 
PARAMETRIC_REPRESENTATION_CONTEXT() REPRESENTATION_CONTEXT('2D SPACE',''
  ) );
#264 = ADVANCED_FACE('',(#265),#176,.T.);
#265 = FACE_BOUND('',#266,.T.);
#266 = EDGE_LOOP('',(#267,#290,#291,#292,#315,#338,#364,#390));
#267 = ORIENTED_EDGE('',*,*,#268,.F.);
#268 = EDGE_CURVE('',#135,#269,#271,.T.);
#269 = VERTEX_POINT('',#270);
#270 = CARTESIAN_POINT('',(-15.79614813968,-24.36640523239,76.));
#271 = SURFACE_CURVE('',#272,(#276,#283),.PCURVE_S1.);
#272 = LINE('',#273,#274);
#273 = CARTESIAN_POINT('',(-16.66506350946,-23.86473670974,76.));
#274 = VECTOR('',#275,1.);
#275 = DIRECTION('',(0.866025403784,-0.5,0.));
#276 = PCURVE('',#176,#277);
#277 = DEFINITIONAL_REPRESENTATION('',(#278),#282);
#278 = LINE('',#279,#280);
#279 = CARTESIAN_POINT('',(6.,0.));
#280 = VECTOR('',#281,1.);
#281 = DIRECTION('',(0.,-1.));
#282 = ( GEOMETRIC_REPRESENTATION_CONTEXT(2) 
PARAMETRIC_REPRESENTATION_CONTEXT() REPRESENTATION_CONTEXT('2D SPACE',''
  ) );
#283 = PCURVE('',#150,#284);
#284 = DEFINITIONAL_REPRESENTATION('',(#285),#289);
#285 = LINE('',#286,#287);
#286 = CARTESIAN_POINT('',(12.,-1.712588497927E-15));
#287 = VECTOR('',#288,1.);
#288 = DIRECTION('',(3.985521342092E-18,1.));
#289 = ( GEOMETRIC_REPRESENTATION_CONTEXT(2) 
PARAMETRIC_REPRESENTATION_CONTEXT() REPRESENTATION_CONTEXT('2D SPACE',''
  ) );
#290 = ORIENTED_EDGE('',*,*,#162,.F.);
#291 = ORIENTED_EDGE('',*,*,#244,.T.);
#292 = ORIENTED_EDGE('',*,*,#293,.T.);
#293 = EDGE_CURVE('',#194,#294,#296,.T.);
#294 = VERTEX_POINT('',#295);
#295 = CARTESIAN_POINT('',(-12.33493649053,-26.36473670974,76.));
#296 = SURFACE_CURVE('',#297,(#301,#308),.PCURVE_S1.);
#297 = LINE('',#298,#299);
#298 = CARTESIAN_POINT('',(-12.33493649053,-26.36473670974,70.));
#299 = VECTOR('',#300,1.);
#300 = DIRECTION('',(0.,0.,1.));
#301 = PCURVE('',#176,#302);
#302 = DEFINITIONAL_REPRESENTATION('',(#303),#307);
#303 = LINE('',#304,#305);
#304 = CARTESIAN_POINT('',(0.,-5.));
#305 = VECTOR('',#306,1.);
#306 = DIRECTION('',(1.,0.));
#307 = ( GEOMETRIC_REPRESENTATION_CONTEXT(2) 
PARAMETRIC_REPRESENTATION_CONTEXT() REPRESENTATION_CONTEXT('2D SPACE',''
  ) );
#308 = PCURVE('',#209,#309);
#309 = DEFINITIONAL_REPRESENTATION('',(#310),#314);
#310 = LINE('',#311,#312);
#311 = CARTESIAN_POINT('',(0.,12.));
#312 = VECTOR('',#313,1.);
#313 = DIRECTION('',(1.,0.));
#314 = ( GEOMETRIC_REPRESENTATION_CONTEXT(2) 
PARAMETRIC_REPRESENTATION_CONTEXT() REPRESENTATION_CONTEXT('2D SPACE',''
  ) );
#315 = ORIENTED_EDGE('',*,*,#316,.F.);
#316 = EDGE_CURVE('',#317,#294,#319,.T.);
#317 = VERTEX_POINT('',#318);
#318 = CARTESIAN_POINT('',(-13.20385186031,-25.8630681871,76.));
#319 = SURFACE_CURVE('',#320,(#324,#331),.PCURVE_S1.);
#320 = LINE('',#321,#322);
#321 = CARTESIAN_POINT('',(-16.66506350946,-23.86473670974,76.));
#322 = VECTOR('',#323,1.);
#323 = DIRECTION('',(0.866025403784,-0.5,0.));
#324 = PCURVE('',#176,#325);
#325 = DEFINITIONAL_REPRESENTATION('',(#326),#330);
#326 = LINE('',#327,#328);
#327 = CARTESIAN_POINT('',(6.,0.));
#328 = VECTOR('',#329,1.);
#329 = DIRECTION('',(0.,-1.));
#330 = ( GEOMETRIC_REPRESENTATION_CONTEXT(2) 
PARAMETRIC_REPRESENTATION_CONTEXT() REPRESENTATION_CONTEXT('2D SPACE',''
  ) );
#331 = PCURVE('',#150,#332);
#332 = DEFINITIONAL_REPRESENTATION('',(#333),#337);
#333 = LINE('',#334,#335);
#334 = CARTESIAN_POINT('',(12.,-1.712588497927E-15));
#335 = VECTOR('',#336,1.);
#336 = DIRECTION('',(3.985521342092E-18,1.));
#337 = ( GEOMETRIC_REPRESENTATION_CONTEXT(2) 
PARAMETRIC_REPRESENTATION_CONTEXT() REPRESENTATION_CONTEXT('2D SPACE',''
  ) );
#338 = ORIENTED_EDGE('',*,*,#339,.F.);
#339 = EDGE_CURVE('',#340,#317,#342,.T.);
#340 = VERTEX_POINT('',#341);
#341 = CARTESIAN_POINT('',(-13.20385186031,-25.8630681871,73.));
#342 = SURFACE_CURVE('',#343,(#347,#353),.PCURVE_S1.);
#343 = LINE('',#344,#345);
#344 = CARTESIAN_POINT('',(-13.20385186031,-25.8630681871,73.));
#345 = VECTOR('',#346,1.);
#346 = DIRECTION('',(0.,0.,1.));
#347 = PCURVE('',#176,#348);
#348 = DEFINITIONAL_REPRESENTATION('',(#349),#352);
#349 = B_SPLINE_CURVE_WITH_KNOTS('',1,(#350,#351),.UNSPECIFIED.,.F.,.F.,
  (2,2),(-6.000000070117E-07,3.6),.PIECEWISE_BEZIER_KNOTS.);
#350 = CARTESIAN_POINT('',(2.9999994,-3.99666295471));
#351 = CARTESIAN_POINT('',(6.6,-3.99666295471));
#352 = ( GEOMETRIC_REPRESENTATION_CONTEXT(2) 
PARAMETRIC_REPRESENTATION_CONTEXT() REPRESENTATION_CONTEXT('2D SPACE',''
  ) );
#353 = PCURVE('',#354,#359);
#354 = CYLINDRICAL_SURFACE('',#355,1.8);
#355 = AXIS2_PLACEMENT_3D('',#356,#357,#358);
#356 = CARTESIAN_POINT('',(-14.,-24.24871130596,73.));
#357 = DIRECTION('',(0.,0.,1.));
#358 = DIRECTION('',(-0.5,-0.866025403784,0.));
#359 = DEFINITIONAL_REPRESENTATION('',(#360),#363);
#360 = B_SPLINE_CURVE_WITH_KNOTS('',1,(#361,#362),.UNSPECIFIED.,.F.,.F.,
  (2,2),(-6.000000070117E-07,3.6),.PIECEWISE_BEZIER_KNOTS.);
#361 = CARTESIAN_POINT('',(0.981765356579,-6.000000070117E-07));
#362 = CARTESIAN_POINT('',(0.981765356579,3.6));
#363 = ( GEOMETRIC_REPRESENTATION_CONTEXT(2) 
PARAMETRIC_REPRESENTATION_CONTEXT() REPRESENTATION_CONTEXT('2D SPACE',''
  ) );
#364 = ORIENTED_EDGE('',*,*,#365,.T.);
#365 = EDGE_CURVE('',#340,#366,#368,.T.);
#366 = VERTEX_POINT('',#367);
#367 = CARTESIAN_POINT('',(-15.79614813968,-24.36640523239,73.));
#368 = SURFACE_CURVE('',#369,(#373,#379),.PCURVE_S1.);
#369 = LINE('',#370,#371);
#370 = CARTESIAN_POINT('',(-15.58253175473,-24.48973670974,73.));
#371 = VECTOR('',#372,1.);
#372 = DIRECTION('',(-0.866025403784,0.5,0.));
#373 = PCURVE('',#176,#374);
#374 = DEFINITIONAL_REPRESENTATION('',(#375),#378);
#375 = B_SPLINE_CURVE_WITH_KNOTS('',1,(#376,#377),.UNSPECIFIED.,.F.,.F.,
  (2,2),(-3.05,0.55),.PIECEWISE_BEZIER_KNOTS.);
#376 = CARTESIAN_POINT('',(3.,-4.3));
#377 = CARTESIAN_POINT('',(3.,-0.7));
#378 = ( GEOMETRIC_REPRESENTATION_CONTEXT(2) 
PARAMETRIC_REPRESENTATION_CONTEXT() REPRESENTATION_CONTEXT('2D SPACE',''
  ) );
#379 = PCURVE('',#380,#385);
#380 = PLANE('',#381);
#381 = AXIS2_PLACEMENT_3D('',#382,#383,#384);
#382 = CARTESIAN_POINT('',(-14.,-24.24871130596,73.));
#383 = DIRECTION('',(0.,0.,1.));
#384 = DIRECTION('',(-0.5,-0.866025403784,0.));
#385 = DEFINITIONAL_REPRESENTATION('',(#386),#389);
#386 = B_SPLINE_CURVE_WITH_KNOTS('',1,(#387,#388),.UNSPECIFIED.,.F.,.F.,
  (2,2),(-3.05,0.55),.PIECEWISE_BEZIER_KNOTS.);
#387 = CARTESIAN_POINT('',(1.,1.8));
#388 = CARTESIAN_POINT('',(1.,-1.8));
#389 = ( GEOMETRIC_REPRESENTATION_CONTEXT(2) 
PARAMETRIC_REPRESENTATION_CONTEXT() REPRESENTATION_CONTEXT('2D SPACE',''
  ) );
#390 = ORIENTED_EDGE('',*,*,#391,.T.);
#391 = EDGE_CURVE('',#366,#269,#392,.T.);
#392 = SURFACE_CURVE('',#393,(#397,#403),.PCURVE_S1.);
#393 = LINE('',#394,#395);
#394 = CARTESIAN_POINT('',(-15.79614813968,-24.36640523239,73.));
#395 = VECTOR('',#396,1.);
#396 = DIRECTION('',(0.,0.,1.));
#397 = PCURVE('',#176,#398);
#398 = DEFINITIONAL_REPRESENTATION('',(#399),#402);
#399 = B_SPLINE_CURVE_WITH_KNOTS('',1,(#400,#401),.UNSPECIFIED.,.F.,.F.,
  (2,2),(-6.000000070117E-07,3.6),.PIECEWISE_BEZIER_KNOTS.);
#400 = CARTESIAN_POINT('',(2.9999994,-1.00333704529));
#401 = CARTESIAN_POINT('',(6.6,-1.00333704529));
#402 = ( GEOMETRIC_REPRESENTATION_CONTEXT(2) 
PARAMETRIC_REPRESENTATION_CONTEXT() REPRESENTATION_CONTEXT('2D SPACE',''
  ) );
#403 = PCURVE('',#354,#404);
#404 = DEFINITIONAL_REPRESENTATION('',(#405),#408);
#405 = B_SPLINE_CURVE_WITH_KNOTS('',1,(#406,#407),.UNSPECIFIED.,.F.,.F.,
  (2,2),(-6.000000070117E-07,3.6),.PIECEWISE_BEZIER_KNOTS.);
#406 = CARTESIAN_POINT('',(5.301419950601,-6.000000070117E-07));
#407 = CARTESIAN_POINT('',(5.301419950601,3.6));
#408 = ( GEOMETRIC_REPRESENTATION_CONTEXT(2) 
PARAMETRIC_REPRESENTATION_CONTEXT() REPRESENTATION_CONTEXT('2D SPACE',''
  ) );
#409 = ADVANCED_FACE('',(#410),#150,.T.);
#410 = FACE_BOUND('',#411,.T.);
#411 = EDGE_LOOP('',(#412,#435,#457,#458,#459,#481));
#412 = ORIENTED_EDGE('',*,*,#413,.F.);
#413 = EDGE_CURVE('',#414,#294,#416,.T.);
#414 = VERTEX_POINT('',#415);
#415 = CARTESIAN_POINT('',(-8.260266221535,-19.30720077974,76.));
#416 = SURFACE_CURVE('',#417,(#421,#428),.PCURVE_S1.);
#417 = LINE('',#418,#419);
#418 = CARTESIAN_POINT('',(-6.334936490539,-15.97243186433,76.));
#419 = VECTOR('',#420,1.);
#420 = DIRECTION('',(-0.5,-0.866025403784,0.));
#421 = PCURVE('',#150,#422);
#422 = DEFINITIONAL_REPRESENTATION('',(#423),#427);
#423 = LINE('',#424,#425);
#424 = CARTESIAN_POINT('',(-1.466058469833E-16,5.));
#425 = VECTOR('',#426,1.);
#426 = DIRECTION('',(1.,3.985521342092E-18));
#427 = ( GEOMETRIC_REPRESENTATION_CONTEXT(2) 
PARAMETRIC_REPRESENTATION_CONTEXT() REPRESENTATION_CONTEXT('2D SPACE',''
  ) );
#428 = PCURVE('',#209,#429);
#429 = DEFINITIONAL_REPRESENTATION('',(#430),#434);
#430 = LINE('',#431,#432);
#431 = CARTESIAN_POINT('',(6.,0.));
#432 = VECTOR('',#433,1.);
#433 = DIRECTION('',(0.,1.));
#434 = ( GEOMETRIC_REPRESENTATION_CONTEXT(2) 
PARAMETRIC_REPRESENTATION_CONTEXT() REPRESENTATION_CONTEXT('2D SPACE',''
  ) );
#435 = ORIENTED_EDGE('',*,*,#436,.F.);
#436 = EDGE_CURVE('',#109,#414,#437,.T.);
#437 = SURFACE_CURVE('',#438,(#443,#450),.PCURVE_S1.);
#438 = CIRCLE('',#439,21.);
#439 = AXIS2_PLACEMENT_3D('',#440,#441,#442);
#440 = CARTESIAN_POINT('',(0.,0.,76.));
#441 = DIRECTION('',(0.,0.,1.));
#442 = DIRECTION('',(1.,0.,-0.));
#443 = PCURVE('',#150,#444);
#444 = DEFINITIONAL_REPRESENTATION('',(#445),#449);
#445 = CIRCLE('',#446,21.);
#446 = AXIS2_PLACEMENT_2D('',#447,#448);
#447 = CARTESIAN_POINT('',(-17.,2.5));
#448 = DIRECTION('',(-0.5,0.866025403784));
#449 = ( GEOMETRIC_REPRESENTATION_CONTEXT(2) 
PARAMETRIC_REPRESENTATION_CONTEXT() REPRESENTATION_CONTEXT('2D SPACE',''
  ) );
#450 = PCURVE('',#123,#451);
#451 = DEFINITIONAL_REPRESENTATION('',(#452),#456);
#452 = LINE('',#453,#454);
#453 = CARTESIAN_POINT('',(0.,4.));
#454 = VECTOR('',#455,1.);
#455 = DIRECTION('',(1.,0.));
#456 = ( GEOMETRIC_REPRESENTATION_CONTEXT(2) 
PARAMETRIC_REPRESENTATION_CONTEXT() REPRESENTATION_CONTEXT('2D SPACE',''
  ) );
#457 = ORIENTED_EDGE('',*,*,#134,.T.);
#458 = ORIENTED_EDGE('',*,*,#268,.T.);
#459 = ORIENTED_EDGE('',*,*,#460,.F.);
#460 = EDGE_CURVE('',#317,#269,#461,.T.);
#461 = SURFACE_CURVE('',#462,(#467,#474),.PCURVE_S1.);
#462 = CIRCLE('',#463,1.8);
#463 = AXIS2_PLACEMENT_3D('',#464,#465,#466);
#464 = CARTESIAN_POINT('',(-14.,-24.24871130596,76.));
#465 = DIRECTION('',(0.,0.,1.));
#466 = DIRECTION('',(-0.5,-0.866025403784,0.));
#467 = PCURVE('',#150,#468);
#468 = DEFINITIONAL_REPRESENTATION('',(#469),#473);
#469 = CIRCLE('',#470,1.8);
#470 = AXIS2_PLACEMENT_2D('',#471,#472);
#471 = CARTESIAN_POINT('',(11.,2.5));
#472 = DIRECTION('',(1.,3.985521342092E-18));
#473 = ( GEOMETRIC_REPRESENTATION_CONTEXT(2) 
PARAMETRIC_REPRESENTATION_CONTEXT() REPRESENTATION_CONTEXT('2D SPACE',''
  ) );
#474 = PCURVE('',#354,#475);
#475 = DEFINITIONAL_REPRESENTATION('',(#476),#480);
#476 = LINE('',#477,#478);
#477 = CARTESIAN_POINT('',(0.,3.));
#478 = VECTOR('',#479,1.);
#479 = DIRECTION('',(1.,0.));
#480 = ( GEOMETRIC_REPRESENTATION_CONTEXT(2) 
PARAMETRIC_REPRESENTATION_CONTEXT() REPRESENTATION_CONTEXT('2D SPACE',''
  ) );
#481 = ORIENTED_EDGE('',*,*,#316,.T.);
#482 = ADVANCED_FACE('',(#483),#123,.T.);
#483 = FACE_BOUND('',#484,.T.);
#484 = EDGE_LOOP('',(#485,#513,#542,#565,#592,#593,#617,#643,#672,#698,
    #727,#753,#775,#776,#777,#798));
#485 = ORIENTED_EDGE('',*,*,#486,.T.);
#486 = EDGE_CURVE('',#487,#489,#491,.T.);
#487 = VERTEX_POINT('',#488);
#488 = CARTESIAN_POINT('',(20.850659461993,-2.5,72.));
#489 = VERTEX_POINT('',#490);
#490 = CARTESIAN_POINT('',(20.850659461993,-2.5,76.));
#491 = SURFACE_CURVE('',#492,(#496,#502),.PCURVE_S1.);
#492 = LINE('',#493,#494);
#493 = CARTESIAN_POINT('',(20.850659461993,-2.5,72.));
#494 = VECTOR('',#495,1.);
#495 = DIRECTION('',(0.,0.,1.));
#496 = PCURVE('',#123,#497);
#497 = DEFINITIONAL_REPRESENTATION('',(#498),#501);
#498 = B_SPLINE_CURVE_WITH_KNOTS('',1,(#499,#500),.UNSPECIFIED.,.F.,.F.,
  (2,2),(-6.000000070117E-07,4.6),.PIECEWISE_BEZIER_KNOTS.);
#499 = CARTESIAN_POINT('',(6.163854682372,-6.000000070117E-07));
#500 = CARTESIAN_POINT('',(6.163854682372,4.6));
#501 = ( GEOMETRIC_REPRESENTATION_CONTEXT(2) 
PARAMETRIC_REPRESENTATION_CONTEXT() REPRESENTATION_CONTEXT('2D SPACE',''
  ) );
#502 = PCURVE('',#503,#508);
#503 = PLANE('',#504);
#504 = AXIS2_PLACEMENT_3D('',#505,#506,#507);
#505 = CARTESIAN_POINT('',(17.,-2.5,70.));
#506 = DIRECTION('',(0.,1.,0.));
#507 = DIRECTION('',(0.,0.,1.));
#508 = DEFINITIONAL_REPRESENTATION('',(#509),#512);
#509 = B_SPLINE_CURVE_WITH_KNOTS('',1,(#510,#511),.UNSPECIFIED.,.F.,.F.,
  (2,2),(-6.000000070117E-07,4.6),.PIECEWISE_BEZIER_KNOTS.);
#510 = CARTESIAN_POINT('',(1.9999994,3.850659461993));
#511 = CARTESIAN_POINT('',(6.6,3.850659461993));
#512 = ( GEOMETRIC_REPRESENTATION_CONTEXT(2) 
PARAMETRIC_REPRESENTATION_CONTEXT() REPRESENTATION_CONTEXT('2D SPACE',''
  ) );
#513 = ORIENTED_EDGE('',*,*,#514,.T.);
#514 = EDGE_CURVE('',#489,#515,#517,.T.);
#515 = VERTEX_POINT('',#516);
#516 = CARTESIAN_POINT('',(21.,-5.143516556419E-15,76.));
#517 = SURFACE_CURVE('',#518,(#523,#530),.PCURVE_S1.);
#518 = CIRCLE('',#519,21.);
#519 = AXIS2_PLACEMENT_3D('',#520,#521,#522);
#520 = CARTESIAN_POINT('',(0.,0.,76.));
#521 = DIRECTION('',(0.,0.,1.));
#522 = DIRECTION('',(1.,0.,-0.));
#523 = PCURVE('',#123,#524);
#524 = DEFINITIONAL_REPRESENTATION('',(#525),#529);
#525 = LINE('',#526,#527);
#526 = CARTESIAN_POINT('',(0.,4.));
#527 = VECTOR('',#528,1.);
#528 = DIRECTION('',(1.,0.));
#529 = ( GEOMETRIC_REPRESENTATION_CONTEXT(2) 
PARAMETRIC_REPRESENTATION_CONTEXT() REPRESENTATION_CONTEXT('2D SPACE',''
  ) );
#530 = PCURVE('',#531,#536);
#531 = PLANE('',#532);
#532 = AXIS2_PLACEMENT_3D('',#533,#534,#535);
#533 = CARTESIAN_POINT('',(17.,-2.5,76.));
#534 = DIRECTION('',(0.,0.,1.));
#535 = DIRECTION('',(1.,0.,0.));
#536 = DEFINITIONAL_REPRESENTATION('',(#537),#541);
#537 = CIRCLE('',#538,21.);
#538 = AXIS2_PLACEMENT_2D('',#539,#540);
#539 = CARTESIAN_POINT('',(-17.,2.5));
#540 = DIRECTION('',(1.,0.));
#541 = ( GEOMETRIC_REPRESENTATION_CONTEXT(2) 
PARAMETRIC_REPRESENTATION_CONTEXT() REPRESENTATION_CONTEXT('2D SPACE',''
  ) );
#542 = ORIENTED_EDGE('',*,*,#543,.T.);
#543 = EDGE_CURVE('',#515,#544,#546,.T.);
#544 = VERTEX_POINT('',#545);
#545 = CARTESIAN_POINT('',(21.,-5.143516556419E-15,77.));
#546 = SEAM_CURVE('',#547,(#551,#558),.PCURVE_S1.);
#547 = LINE('',#548,#549);
#548 = CARTESIAN_POINT('',(21.,-5.143516556419E-15,72.));
#549 = VECTOR('',#550,1.);
#550 = DIRECTION('',(0.,0.,1.));
#551 = PCURVE('',#123,#552);
#552 = DEFINITIONAL_REPRESENTATION('',(#553),#557);
#553 = LINE('',#554,#555);
#554 = CARTESIAN_POINT('',(0.,-0.));
#555 = VECTOR('',#556,1.);
#556 = DIRECTION('',(0.,1.));
#557 = ( GEOMETRIC_REPRESENTATION_CONTEXT(2) 
PARAMETRIC_REPRESENTATION_CONTEXT() REPRESENTATION_CONTEXT('2D SPACE',''
  ) );
#558 = PCURVE('',#123,#559);
#559 = DEFINITIONAL_REPRESENTATION('',(#560),#564);
#560 = LINE('',#561,#562);
#561 = CARTESIAN_POINT('',(6.28318530718,-0.));
#562 = VECTOR('',#563,1.);
#563 = DIRECTION('',(0.,1.));
#564 = ( GEOMETRIC_REPRESENTATION_CONTEXT(2) 
PARAMETRIC_REPRESENTATION_CONTEXT() REPRESENTATION_CONTEXT('2D SPACE',''
  ) );
#565 = ORIENTED_EDGE('',*,*,#566,.F.);
#566 = EDGE_CURVE('',#544,#544,#567,.T.);
#567 = SURFACE_CURVE('',#568,(#573,#580),.PCURVE_S1.);
#568 = CIRCLE('',#569,21.);
#569 = AXIS2_PLACEMENT_3D('',#570,#571,#572);
#570 = CARTESIAN_POINT('',(0.,0.,77.));
#571 = DIRECTION('',(0.,0.,1.));
#572 = DIRECTION('',(1.,0.,-0.));
#573 = PCURVE('',#123,#574);
#574 = DEFINITIONAL_REPRESENTATION('',(#575),#579);
#575 = LINE('',#576,#577);
#576 = CARTESIAN_POINT('',(0.,5.));
#577 = VECTOR('',#578,1.);
#578 = DIRECTION('',(1.,0.));
#579 = ( GEOMETRIC_REPRESENTATION_CONTEXT(2) 
PARAMETRIC_REPRESENTATION_CONTEXT() REPRESENTATION_CONTEXT('2D SPACE',''
  ) );
#580 = PCURVE('',#581,#586);
#581 = PLANE('',#582);
#582 = AXIS2_PLACEMENT_3D('',#583,#584,#585);
#583 = CARTESIAN_POINT('',(0.,0.,77.));
#584 = DIRECTION('',(0.,0.,1.));
#585 = DIRECTION('',(1.,0.,-0.));
#586 = DEFINITIONAL_REPRESENTATION('',(#587),#591);
#587 = CIRCLE('',#588,21.);
#588 = AXIS2_PLACEMENT_2D('',#589,#590);
#589 = CARTESIAN_POINT('',(0.,0.));
#590 = DIRECTION('',(1.,0.));
#591 = ( GEOMETRIC_REPRESENTATION_CONTEXT(2) 
PARAMETRIC_REPRESENTATION_CONTEXT() REPRESENTATION_CONTEXT('2D SPACE',''
  ) );
#592 = ORIENTED_EDGE('',*,*,#543,.F.);
#593 = ORIENTED_EDGE('',*,*,#594,.T.);
#594 = EDGE_CURVE('',#515,#595,#597,.T.);
#595 = VERTEX_POINT('',#596);
#596 = CARTESIAN_POINT('',(20.850659461993,2.5,76.));
#597 = SURFACE_CURVE('',#598,(#603,#610),.PCURVE_S1.);
#598 = CIRCLE('',#599,21.);
#599 = AXIS2_PLACEMENT_3D('',#600,#601,#602);
#600 = CARTESIAN_POINT('',(0.,0.,76.));
#601 = DIRECTION('',(0.,0.,1.));
#602 = DIRECTION('',(1.,0.,-0.));
#603 = PCURVE('',#123,#604);
#604 = DEFINITIONAL_REPRESENTATION('',(#605),#609);
#605 = LINE('',#606,#607);
#606 = CARTESIAN_POINT('',(0.,4.));
#607 = VECTOR('',#608,1.);
#608 = DIRECTION('',(1.,0.));
#609 = ( GEOMETRIC_REPRESENTATION_CONTEXT(2) 
PARAMETRIC_REPRESENTATION_CONTEXT() REPRESENTATION_CONTEXT('2D SPACE',''
  ) );
#610 = PCURVE('',#531,#611);
#611 = DEFINITIONAL_REPRESENTATION('',(#612),#616);
#612 = CIRCLE('',#613,21.);
#613 = AXIS2_PLACEMENT_2D('',#614,#615);
#614 = CARTESIAN_POINT('',(-17.,2.5));
#615 = DIRECTION('',(1.,0.));
#616 = ( GEOMETRIC_REPRESENTATION_CONTEXT(2) 
PARAMETRIC_REPRESENTATION_CONTEXT() REPRESENTATION_CONTEXT('2D SPACE',''
  ) );
#617 = ORIENTED_EDGE('',*,*,#618,.F.);
#618 = EDGE_CURVE('',#619,#595,#621,.T.);
#619 = VERTEX_POINT('',#620);
#620 = CARTESIAN_POINT('',(20.850659461993,2.5,72.));
#621 = SURFACE_CURVE('',#622,(#626,#632),.PCURVE_S1.);
#622 = LINE('',#623,#624);
#623 = CARTESIAN_POINT('',(20.850659461993,2.5,72.));
#624 = VECTOR('',#625,1.);
#625 = DIRECTION('',(0.,0.,1.));
#626 = PCURVE('',#123,#627);
#627 = DEFINITIONAL_REPRESENTATION('',(#628),#631);
#628 = B_SPLINE_CURVE_WITH_KNOTS('',1,(#629,#630),.UNSPECIFIED.,.F.,.F.,
  (2,2),(-6.000000070117E-07,4.6),.PIECEWISE_BEZIER_KNOTS.);
#629 = CARTESIAN_POINT('',(0.119330624808,-6.000000070117E-07));
#630 = CARTESIAN_POINT('',(0.119330624808,4.6));
#631 = ( GEOMETRIC_REPRESENTATION_CONTEXT(2) 
PARAMETRIC_REPRESENTATION_CONTEXT() REPRESENTATION_CONTEXT('2D SPACE',''
  ) );
#632 = PCURVE('',#633,#638);
#633 = PLANE('',#634);
#634 = AXIS2_PLACEMENT_3D('',#635,#636,#637);
#635 = CARTESIAN_POINT('',(17.,2.5,70.));
#636 = DIRECTION('',(0.,1.,0.));
#637 = DIRECTION('',(0.,0.,1.));
#638 = DEFINITIONAL_REPRESENTATION('',(#639),#642);
#639 = B_SPLINE_CURVE_WITH_KNOTS('',1,(#640,#641),.UNSPECIFIED.,.F.,.F.,
  (2,2),(-6.000000070117E-07,4.6),.PIECEWISE_BEZIER_KNOTS.);
#640 = CARTESIAN_POINT('',(1.9999994,3.850659461993));
#641 = CARTESIAN_POINT('',(6.6,3.850659461993));
#642 = ( GEOMETRIC_REPRESENTATION_CONTEXT(2) 
PARAMETRIC_REPRESENTATION_CONTEXT() REPRESENTATION_CONTEXT('2D SPACE',''
  ) );
#643 = ORIENTED_EDGE('',*,*,#644,.T.);
#644 = EDGE_CURVE('',#619,#645,#647,.T.);
#645 = VERTEX_POINT('',#646);
#646 = CARTESIAN_POINT('',(-8.260266221535,19.307200779744,72.));
#647 = SURFACE_CURVE('',#648,(#653,#660),.PCURVE_S1.);
#648 = CIRCLE('',#649,21.);
#649 = AXIS2_PLACEMENT_3D('',#650,#651,#652);
#650 = CARTESIAN_POINT('',(0.,0.,72.));
#651 = DIRECTION('',(0.,0.,1.));
#652 = DIRECTION('',(1.,0.,-0.));
#653 = PCURVE('',#123,#654);
#654 = DEFINITIONAL_REPRESENTATION('',(#655),#659);
#655 = LINE('',#656,#657);
#656 = CARTESIAN_POINT('',(0.,0.));
#657 = VECTOR('',#658,1.);
#658 = DIRECTION('',(1.,0.));
#659 = ( GEOMETRIC_REPRESENTATION_CONTEXT(2) 
PARAMETRIC_REPRESENTATION_CONTEXT() REPRESENTATION_CONTEXT('2D SPACE',''
  ) );
#660 = PCURVE('',#661,#666);
#661 = PLANE('',#662);
#662 = AXIS2_PLACEMENT_3D('',#663,#664,#665);
#663 = CARTESIAN_POINT('',(0.,0.,72.));
#664 = DIRECTION('',(0.,0.,1.));
#665 = DIRECTION('',(1.,0.,-0.));
#666 = DEFINITIONAL_REPRESENTATION('',(#667),#671);
#667 = CIRCLE('',#668,21.);
#668 = AXIS2_PLACEMENT_2D('',#669,#670);
#669 = CARTESIAN_POINT('',(0.,0.));
#670 = DIRECTION('',(1.,0.));
#671 = ( GEOMETRIC_REPRESENTATION_CONTEXT(2) 
PARAMETRIC_REPRESENTATION_CONTEXT() REPRESENTATION_CONTEXT('2D SPACE',''
  ) );
#672 = ORIENTED_EDGE('',*,*,#673,.T.);
#673 = EDGE_CURVE('',#645,#674,#676,.T.);
#674 = VERTEX_POINT('',#675);
#675 = CARTESIAN_POINT('',(-8.260266221535,19.307200779744,76.));
#676 = SURFACE_CURVE('',#677,(#681,#687),.PCURVE_S1.);
#677 = LINE('',#678,#679);
#678 = CARTESIAN_POINT('',(-8.260266221535,19.307200779744,72.));
#679 = VECTOR('',#680,1.);
#680 = DIRECTION('',(0.,0.,1.));
#681 = PCURVE('',#123,#682);
#682 = DEFINITIONAL_REPRESENTATION('',(#683),#686);
#683 = B_SPLINE_CURVE_WITH_KNOTS('',1,(#684,#685),.UNSPECIFIED.,.F.,.F.,
  (2,2),(-6.000000070117E-07,4.6),.PIECEWISE_BEZIER_KNOTS.);
#684 = CARTESIAN_POINT('',(1.975064477586,-6.000000070117E-07));
#685 = CARTESIAN_POINT('',(1.975064477586,4.6));
#686 = ( GEOMETRIC_REPRESENTATION_CONTEXT(2) 
PARAMETRIC_REPRESENTATION_CONTEXT() REPRESENTATION_CONTEXT('2D SPACE',''
  ) );
#687 = PCURVE('',#688,#693);
#688 = PLANE('',#689);
#689 = AXIS2_PLACEMENT_3D('',#690,#691,#692);
#690 = CARTESIAN_POINT('',(-6.334936490539,15.972431864335,70.));
#691 = DIRECTION('',(-0.866025403784,-0.5,0.));
#692 = DIRECTION('',(0.,0.,1.));
#693 = DEFINITIONAL_REPRESENTATION('',(#694),#697);
#694 = B_SPLINE_CURVE_WITH_KNOTS('',1,(#695,#696),.UNSPECIFIED.,.F.,.F.,
  (2,2),(-6.000000070117E-07,4.6),.PIECEWISE_BEZIER_KNOTS.);
#695 = CARTESIAN_POINT('',(1.9999994,3.850659461993));
#696 = CARTESIAN_POINT('',(6.6,3.850659461993));
#697 = ( GEOMETRIC_REPRESENTATION_CONTEXT(2) 
PARAMETRIC_REPRESENTATION_CONTEXT() REPRESENTATION_CONTEXT('2D SPACE',''
  ) );
#698 = ORIENTED_EDGE('',*,*,#699,.T.);
#699 = EDGE_CURVE('',#674,#700,#702,.T.);
#700 = VERTEX_POINT('',#701);
#701 = CARTESIAN_POINT('',(-12.59039324045,16.807200779744,76.));
#702 = SURFACE_CURVE('',#703,(#708,#715),.PCURVE_S1.);
#703 = CIRCLE('',#704,21.);
#704 = AXIS2_PLACEMENT_3D('',#705,#706,#707);
#705 = CARTESIAN_POINT('',(0.,0.,76.));
#706 = DIRECTION('',(0.,0.,1.));
#707 = DIRECTION('',(1.,0.,-0.));
#708 = PCURVE('',#123,#709);
#709 = DEFINITIONAL_REPRESENTATION('',(#710),#714);
#710 = LINE('',#711,#712);
#711 = CARTESIAN_POINT('',(0.,4.));
#712 = VECTOR('',#713,1.);
#713 = DIRECTION('',(1.,0.));
#714 = ( GEOMETRIC_REPRESENTATION_CONTEXT(2) 
PARAMETRIC_REPRESENTATION_CONTEXT() REPRESENTATION_CONTEXT('2D SPACE',''
  ) );
#715 = PCURVE('',#716,#721);
#716 = PLANE('',#717);
#717 = AXIS2_PLACEMENT_3D('',#718,#719,#720);
#718 = CARTESIAN_POINT('',(-6.334936490539,15.972431864335,76.));
#719 = DIRECTION('',(0.,0.,1.));
#720 = DIRECTION('',(-0.5,0.866025403784,0.));
#721 = DEFINITIONAL_REPRESENTATION('',(#722),#726);
#722 = CIRCLE('',#723,21.);
#723 = AXIS2_PLACEMENT_2D('',#724,#725);
#724 = CARTESIAN_POINT('',(-17.,2.5));
#725 = DIRECTION('',(-0.5,-0.866025403784));
#726 = ( GEOMETRIC_REPRESENTATION_CONTEXT(2) 
PARAMETRIC_REPRESENTATION_CONTEXT() REPRESENTATION_CONTEXT('2D SPACE',''
  ) );
#727 = ORIENTED_EDGE('',*,*,#728,.F.);
#728 = EDGE_CURVE('',#729,#700,#731,.T.);
#729 = VERTEX_POINT('',#730);
#730 = CARTESIAN_POINT('',(-12.59039324045,16.807200779744,72.));
#731 = SURFACE_CURVE('',#732,(#736,#742),.PCURVE_S1.);
#732 = LINE('',#733,#734);
#733 = CARTESIAN_POINT('',(-12.59039324045,16.807200779744,72.));
#734 = VECTOR('',#735,1.);
#735 = DIRECTION('',(0.,0.,1.));
#736 = PCURVE('',#123,#737);
#737 = DEFINITIONAL_REPRESENTATION('',(#738),#741);
#738 = B_SPLINE_CURVE_WITH_KNOTS('',1,(#739,#740),.UNSPECIFIED.,.F.,.F.,
  (2,2),(-6.000000070117E-07,4.6),.PIECEWISE_BEZIER_KNOTS.);
#739 = CARTESIAN_POINT('',(2.213725727201,-6.000000070117E-07));
#740 = CARTESIAN_POINT('',(2.213725727201,4.6));
#741 = ( GEOMETRIC_REPRESENTATION_CONTEXT(2) 
PARAMETRIC_REPRESENTATION_CONTEXT() REPRESENTATION_CONTEXT('2D SPACE',''
  ) );
#742 = PCURVE('',#743,#748);
#743 = PLANE('',#744);
#744 = AXIS2_PLACEMENT_3D('',#745,#746,#747);
#745 = CARTESIAN_POINT('',(-10.66506350946,13.472431864335,70.));
#746 = DIRECTION('',(-0.866025403784,-0.5,0.));
#747 = DIRECTION('',(0.,0.,1.));
#748 = DEFINITIONAL_REPRESENTATION('',(#749),#752);
#749 = B_SPLINE_CURVE_WITH_KNOTS('',1,(#750,#751),.UNSPECIFIED.,.F.,.F.,
  (2,2),(-6.000000070117E-07,4.6),.PIECEWISE_BEZIER_KNOTS.);
#750 = CARTESIAN_POINT('',(1.9999994,3.850659461993));
#751 = CARTESIAN_POINT('',(6.6,3.850659461993));
#752 = ( GEOMETRIC_REPRESENTATION_CONTEXT(2) 
PARAMETRIC_REPRESENTATION_CONTEXT() REPRESENTATION_CONTEXT('2D SPACE',''
  ) );
#753 = ORIENTED_EDGE('',*,*,#754,.T.);
#754 = EDGE_CURVE('',#729,#83,#755,.T.);
#755 = SURFACE_CURVE('',#756,(#761,#768),.PCURVE_S1.);
#756 = CIRCLE('',#757,21.);
#757 = AXIS2_PLACEMENT_3D('',#758,#759,#760);
#758 = CARTESIAN_POINT('',(0.,0.,72.));
#759 = DIRECTION('',(0.,0.,1.));
#760 = DIRECTION('',(1.,0.,-0.));
#761 = PCURVE('',#123,#762);
#762 = DEFINITIONAL_REPRESENTATION('',(#763),#767);
#763 = LINE('',#764,#765);
#764 = CARTESIAN_POINT('',(0.,0.));
#765 = VECTOR('',#766,1.);
#766 = DIRECTION('',(1.,0.));
#767 = ( GEOMETRIC_REPRESENTATION_CONTEXT(2) 
PARAMETRIC_REPRESENTATION_CONTEXT() REPRESENTATION_CONTEXT('2D SPACE',''
  ) );
#768 = PCURVE('',#97,#769);
#769 = DEFINITIONAL_REPRESENTATION('',(#770),#774);
#770 = CIRCLE('',#771,21.);
#771 = AXIS2_PLACEMENT_2D('',#772,#773);
#772 = CARTESIAN_POINT('',(0.,0.));
#773 = DIRECTION('',(1.,0.));
#774 = ( GEOMETRIC_REPRESENTATION_CONTEXT(2) 
PARAMETRIC_REPRESENTATION_CONTEXT() REPRESENTATION_CONTEXT('2D SPACE',''
  ) );
#775 = ORIENTED_EDGE('',*,*,#108,.T.);
#776 = ORIENTED_EDGE('',*,*,#436,.T.);
#777 = ORIENTED_EDGE('',*,*,#778,.F.);
#778 = EDGE_CURVE('',#779,#414,#781,.T.);
#779 = VERTEX_POINT('',#780);
#780 = CARTESIAN_POINT('',(-8.260266221535,-19.30720077974,72.));
#781 = SURFACE_CURVE('',#782,(#786,#792),.PCURVE_S1.);
#782 = LINE('',#783,#784);
#783 = CARTESIAN_POINT('',(-8.260266221535,-19.30720077974,72.));
#784 = VECTOR('',#785,1.);
#785 = DIRECTION('',(0.,0.,1.));
#786 = PCURVE('',#123,#787);
#787 = DEFINITIONAL_REPRESENTATION('',(#788),#791);
#788 = B_SPLINE_CURVE_WITH_KNOTS('',1,(#789,#790),.UNSPECIFIED.,.F.,.F.,
  (2,2),(-6.000000070117E-07,4.6),.PIECEWISE_BEZIER_KNOTS.);
#789 = CARTESIAN_POINT('',(4.308120829594,-6.000000070117E-07));
#790 = CARTESIAN_POINT('',(4.308120829594,4.6));
#791 = ( GEOMETRIC_REPRESENTATION_CONTEXT(2) 
PARAMETRIC_REPRESENTATION_CONTEXT() REPRESENTATION_CONTEXT('2D SPACE',''
  ) );
#792 = PCURVE('',#209,#793);
#793 = DEFINITIONAL_REPRESENTATION('',(#794),#797);
#794 = B_SPLINE_CURVE_WITH_KNOTS('',1,(#795,#796),.UNSPECIFIED.,.F.,.F.,
  (2,2),(-6.000000070117E-07,4.6),.PIECEWISE_BEZIER_KNOTS.);
#795 = CARTESIAN_POINT('',(1.9999994,3.850659461993));
#796 = CARTESIAN_POINT('',(6.6,3.850659461993));
#797 = ( GEOMETRIC_REPRESENTATION_CONTEXT(2) 
PARAMETRIC_REPRESENTATION_CONTEXT() REPRESENTATION_CONTEXT('2D SPACE',''
  ) );
#798 = ORIENTED_EDGE('',*,*,#799,.T.);
#799 = EDGE_CURVE('',#779,#487,#800,.T.);
#800 = SURFACE_CURVE('',#801,(#806,#813),.PCURVE_S1.);
#801 = CIRCLE('',#802,21.);
#802 = AXIS2_PLACEMENT_3D('',#803,#804,#805);
#803 = CARTESIAN_POINT('',(0.,0.,72.));
#804 = DIRECTION('',(0.,0.,1.));
#805 = DIRECTION('',(1.,0.,-0.));
#806 = PCURVE('',#123,#807);
#807 = DEFINITIONAL_REPRESENTATION('',(#808),#812);
#808 = LINE('',#809,#810);
#809 = CARTESIAN_POINT('',(0.,0.));
#810 = VECTOR('',#811,1.);
#811 = DIRECTION('',(1.,0.));
#812 = ( GEOMETRIC_REPRESENTATION_CONTEXT(2) 
PARAMETRIC_REPRESENTATION_CONTEXT() REPRESENTATION_CONTEXT('2D SPACE',''
  ) );
#813 = PCURVE('',#814,#819);
#814 = PLANE('',#815);
#815 = AXIS2_PLACEMENT_3D('',#816,#817,#818);
#816 = CARTESIAN_POINT('',(0.,0.,72.));
#817 = DIRECTION('',(0.,0.,1.));
#818 = DIRECTION('',(1.,0.,-0.));
#819 = DEFINITIONAL_REPRESENTATION('',(#820),#824);
#820 = CIRCLE('',#821,21.);
#821 = AXIS2_PLACEMENT_2D('',#822,#823);
#822 = CARTESIAN_POINT('',(0.,0.));
#823 = DIRECTION('',(1.,0.));
#824 = ( GEOMETRIC_REPRESENTATION_CONTEXT(2) 
PARAMETRIC_REPRESENTATION_CONTEXT() REPRESENTATION_CONTEXT('2D SPACE',''
  ) );
#825 = ADVANCED_FACE('',(#826),#97,.F.);
#826 = FACE_BOUND('',#827,.F.);
#827 = EDGE_LOOP('',(#828,#849,#850,#851));
#828 = ORIENTED_EDGE('',*,*,#829,.F.);
#829 = EDGE_CURVE('',#729,#830,#832,.T.);
#830 = VERTEX_POINT('',#831);
#831 = CARTESIAN_POINT('',(-10.8253175473,13.75,72.));
#832 = SURFACE_CURVE('',#833,(#837,#843),.PCURVE_S1.);
#833 = LINE('',#834,#835);
#834 = CARTESIAN_POINT('',(-6.415063509461,6.111215932168,72.));
#835 = VECTOR('',#836,1.);
#836 = DIRECTION('',(0.5,-0.866025403784,0.));
#837 = PCURVE('',#97,#838);
#838 = DEFINITIONAL_REPRESENTATION('',(#839),#842);
#839 = B_SPLINE_CURVE_WITH_KNOTS('',1,(#840,#841),.UNSPECIFIED.,.F.,.F.,
  (2,2),(-17.19208697893,-8.5),.PIECEWISE_BEZIER_KNOTS.);
#840 = CARTESIAN_POINT('',(-15.01110699893,21.));
#841 = CARTESIAN_POINT('',(-10.66506350946,13.472431864335));
#842 = ( GEOMETRIC_REPRESENTATION_CONTEXT(2) 
PARAMETRIC_REPRESENTATION_CONTEXT() REPRESENTATION_CONTEXT('2D SPACE',''
  ) );
#843 = PCURVE('',#743,#844);
#844 = DEFINITIONAL_REPRESENTATION('',(#845),#848);
#845 = B_SPLINE_CURVE_WITH_KNOTS('',1,(#846,#847),.UNSPECIFIED.,.F.,.F.,
  (2,2),(-17.19208697893,-8.5),.PIECEWISE_BEZIER_KNOTS.);
#846 = CARTESIAN_POINT('',(2.,8.692086978938));
#847 = CARTESIAN_POINT('',(2.,0.));
#848 = ( GEOMETRIC_REPRESENTATION_CONTEXT(2) 
PARAMETRIC_REPRESENTATION_CONTEXT() REPRESENTATION_CONTEXT('2D SPACE',''
  ) );
#849 = ORIENTED_EDGE('',*,*,#754,.T.);
#850 = ORIENTED_EDGE('',*,*,#82,.T.);
#851 = ORIENTED_EDGE('',*,*,#852,.F.);
#852 = EDGE_CURVE('',#830,#57,#853,.T.);
#853 = SURFACE_CURVE('',#854,(#859,#866),.PCURVE_S1.);
#854 = CIRCLE('',#855,17.5);
#855 = AXIS2_PLACEMENT_3D('',#856,#857,#858);
#856 = CARTESIAN_POINT('',(0.,0.,72.));
#857 = DIRECTION('',(0.,0.,1.));
#858 = DIRECTION('',(1.,0.,-0.));
#859 = PCURVE('',#97,#860);
#860 = DEFINITIONAL_REPRESENTATION('',(#861),#865);
#861 = CIRCLE('',#862,17.5);
#862 = AXIS2_PLACEMENT_2D('',#863,#864);
#863 = CARTESIAN_POINT('',(0.,0.));
#864 = DIRECTION('',(1.,0.));
#865 = ( GEOMETRIC_REPRESENTATION_CONTEXT(2) 
PARAMETRIC_REPRESENTATION_CONTEXT() REPRESENTATION_CONTEXT('2D SPACE',''
  ) );
#866 = PCURVE('',#71,#867);
#867 = DEFINITIONAL_REPRESENTATION('',(#868),#872);
#868 = LINE('',#869,#870);
#869 = CARTESIAN_POINT('',(0.,72.));
#870 = VECTOR('',#871,1.);
#871 = DIRECTION('',(1.,0.));
#872 = ( GEOMETRIC_REPRESENTATION_CONTEXT(2) 
PARAMETRIC_REPRESENTATION_CONTEXT() REPRESENTATION_CONTEXT('2D SPACE',''
  ) );
#873 = ADVANCED_FACE('',(#874,#1615),#71,.T.);
#874 = FACE_BOUND('',#875,.T.);
#875 = EDGE_LOOP('',(#876,#907,#933,#954,#983,#1006,#1035,#1056,#1080,
    #1099,#1100,#1101,#1102,#1123,#1152,#1173,#1197,#1218,#1240,#1241,
    #1265,#1291,#1312,#1336,#1451,#1474,#1501,#1502));
#876 = ORIENTED_EDGE('',*,*,#877,.F.);
#877 = EDGE_CURVE('',#878,#880,#882,.T.);
#878 = VERTEX_POINT('',#879);
#879 = CARTESIAN_POINT('',(17.240939649567,-3.,30.));
#880 = VERTEX_POINT('',#881);
#881 = CARTESIAN_POINT('',(17.356554957617,-2.236067978041,30.));
#882 = SURFACE_CURVE('',#883,(#888,#895),.PCURVE_S1.);
#883 = CIRCLE('',#884,17.5);
#884 = AXIS2_PLACEMENT_3D('',#885,#886,#887);
#885 = CARTESIAN_POINT('',(0.,0.,30.));
#886 = DIRECTION('',(0.,0.,1.));
#887 = DIRECTION('',(1.,0.,-0.));
#888 = PCURVE('',#71,#889);
#889 = DEFINITIONAL_REPRESENTATION('',(#890),#894);
#890 = LINE('',#891,#892);
#891 = CARTESIAN_POINT('',(0.,30.));
#892 = VECTOR('',#893,1.);
#893 = DIRECTION('',(1.,0.));
#894 = ( GEOMETRIC_REPRESENTATION_CONTEXT(2) 
PARAMETRIC_REPRESENTATION_CONTEXT() REPRESENTATION_CONTEXT('2D SPACE',''
  ) );
#895 = PCURVE('',#896,#901);
#896 = PLANE('',#897);
#897 = AXIS2_PLACEMENT_3D('',#898,#899,#900);
#898 = CARTESIAN_POINT('',(-30.,-3.,30.));
#899 = DIRECTION('',(0.,0.,1.));
#900 = DIRECTION('',(1.,0.,-0.));
#901 = DEFINITIONAL_REPRESENTATION('',(#902),#906);
#902 = CIRCLE('',#903,17.5);
#903 = AXIS2_PLACEMENT_2D('',#904,#905);
#904 = CARTESIAN_POINT('',(30.,3.));
#905 = DIRECTION('',(1.,0.));
#906 = ( GEOMETRIC_REPRESENTATION_CONTEXT(2) 
PARAMETRIC_REPRESENTATION_CONTEXT() REPRESENTATION_CONTEXT('2D SPACE',''
  ) );
#907 = ORIENTED_EDGE('',*,*,#908,.T.);
#908 = EDGE_CURVE('',#878,#909,#911,.T.);
#909 = VERTEX_POINT('',#910);
#910 = CARTESIAN_POINT('',(17.240939649567,-3.,32.000000018609));
#911 = SURFACE_CURVE('',#912,(#916,#922),.PCURVE_S1.);
#912 = LINE('',#913,#914);
#913 = CARTESIAN_POINT('',(17.240939649567,-3.,0.));
#914 = VECTOR('',#915,1.);
#915 = DIRECTION('',(0.,0.,1.));
#916 = PCURVE('',#71,#917);
#917 = DEFINITIONAL_REPRESENTATION('',(#918),#921);
#918 = B_SPLINE_CURVE_WITH_KNOTS('',1,(#919,#920),.UNSPECIFIED.,.F.,.F.,
  (2,2),(29.5,35.5),.PIECEWISE_BEZIER_KNOTS.);
#919 = CARTESIAN_POINT('',(6.110905783452,29.5));
#920 = CARTESIAN_POINT('',(6.110905783452,35.5));
#921 = ( GEOMETRIC_REPRESENTATION_CONTEXT(2) 
PARAMETRIC_REPRESENTATION_CONTEXT() REPRESENTATION_CONTEXT('2D SPACE',''
  ) );
#922 = PCURVE('',#923,#928);
#923 = PLANE('',#924);
#924 = AXIS2_PLACEMENT_3D('',#925,#926,#927);
#925 = CARTESIAN_POINT('',(-30.,-3.,30.));
#926 = DIRECTION('',(-0.,1.,0.));
#927 = DIRECTION('',(0.,0.,1.));
#928 = DEFINITIONAL_REPRESENTATION('',(#929),#932);
#929 = B_SPLINE_CURVE_WITH_KNOTS('',1,(#930,#931),.UNSPECIFIED.,.F.,.F.,
  (2,2),(29.5,35.5),.PIECEWISE_BEZIER_KNOTS.);
#930 = CARTESIAN_POINT('',(-0.5,47.240939649567));
#931 = CARTESIAN_POINT('',(5.5,47.240939649567));
#932 = ( GEOMETRIC_REPRESENTATION_CONTEXT(2) 
PARAMETRIC_REPRESENTATION_CONTEXT() REPRESENTATION_CONTEXT('2D SPACE',''
  ) );
#933 = ORIENTED_EDGE('',*,*,#934,.T.);
#934 = EDGE_CURVE('',#909,#935,#937,.T.);
#935 = VERTEX_POINT('',#936);
#936 = CARTESIAN_POINT('',(17.240939649567,-3.,35.));
#937 = SURFACE_CURVE('',#938,(#942,#948),.PCURVE_S1.);
#938 = LINE('',#939,#940);
#939 = CARTESIAN_POINT('',(17.240939649567,-3.,0.));
#940 = VECTOR('',#941,1.);
#941 = DIRECTION('',(0.,0.,1.));
#942 = PCURVE('',#71,#943);
#943 = DEFINITIONAL_REPRESENTATION('',(#944),#947);
#944 = B_SPLINE_CURVE_WITH_KNOTS('',1,(#945,#946),.UNSPECIFIED.,.F.,.F.,
  (2,2),(29.5,35.5),.PIECEWISE_BEZIER_KNOTS.);
#945 = CARTESIAN_POINT('',(6.110905783452,29.5));
#946 = CARTESIAN_POINT('',(6.110905783452,35.5));
#947 = ( GEOMETRIC_REPRESENTATION_CONTEXT(2) 
PARAMETRIC_REPRESENTATION_CONTEXT() REPRESENTATION_CONTEXT('2D SPACE',''
  ) );
#948 = PCURVE('',#923,#949);
#949 = DEFINITIONAL_REPRESENTATION('',(#950),#953);
#950 = B_SPLINE_CURVE_WITH_KNOTS('',1,(#951,#952),.UNSPECIFIED.,.F.,.F.,
  (2,2),(29.5,35.5),.PIECEWISE_BEZIER_KNOTS.);
#951 = CARTESIAN_POINT('',(-0.5,47.240939649567));
#952 = CARTESIAN_POINT('',(5.5,47.240939649567));
#953 = ( GEOMETRIC_REPRESENTATION_CONTEXT(2) 
PARAMETRIC_REPRESENTATION_CONTEXT() REPRESENTATION_CONTEXT('2D SPACE',''
  ) );
#954 = ORIENTED_EDGE('',*,*,#955,.T.);
#955 = EDGE_CURVE('',#935,#956,#958,.T.);
#956 = VERTEX_POINT('',#957);
#957 = CARTESIAN_POINT('',(17.5,-4.286263797016E-15,35.));
#958 = SURFACE_CURVE('',#959,(#964,#971),.PCURVE_S1.);
#959 = CIRCLE('',#960,17.5);
#960 = AXIS2_PLACEMENT_3D('',#961,#962,#963);
#961 = CARTESIAN_POINT('',(0.,0.,35.));
#962 = DIRECTION('',(0.,0.,1.));
#963 = DIRECTION('',(1.,0.,-0.));
#964 = PCURVE('',#71,#965);
#965 = DEFINITIONAL_REPRESENTATION('',(#966),#970);
#966 = LINE('',#967,#968);
#967 = CARTESIAN_POINT('',(0.,35.));
#968 = VECTOR('',#969,1.);
#969 = DIRECTION('',(1.,0.));
#970 = ( GEOMETRIC_REPRESENTATION_CONTEXT(2) 
PARAMETRIC_REPRESENTATION_CONTEXT() REPRESENTATION_CONTEXT('2D SPACE',''
  ) );
#971 = PCURVE('',#972,#977);
#972 = PLANE('',#973);
#973 = AXIS2_PLACEMENT_3D('',#974,#975,#976);
#974 = CARTESIAN_POINT('',(-30.,-3.,35.));
#975 = DIRECTION('',(0.,0.,1.));
#976 = DIRECTION('',(1.,0.,-0.));
#977 = DEFINITIONAL_REPRESENTATION('',(#978),#982);
#978 = CIRCLE('',#979,17.5);
#979 = AXIS2_PLACEMENT_2D('',#980,#981);
#980 = CARTESIAN_POINT('',(30.,3.));
#981 = DIRECTION('',(1.,0.));
#982 = ( GEOMETRIC_REPRESENTATION_CONTEXT(2) 
PARAMETRIC_REPRESENTATION_CONTEXT() REPRESENTATION_CONTEXT('2D SPACE',''
  ) );
#983 = ORIENTED_EDGE('',*,*,#984,.T.);
#984 = EDGE_CURVE('',#956,#985,#987,.T.);
#985 = VERTEX_POINT('',#986);
#986 = CARTESIAN_POINT('',(17.5,-4.286263797016E-15,70.));
#987 = SEAM_CURVE('',#988,(#992,#999),.PCURVE_S1.);
#988 = LINE('',#989,#990);
#989 = CARTESIAN_POINT('',(17.5,-4.286263797016E-15,0.));
#990 = VECTOR('',#991,1.);
#991 = DIRECTION('',(0.,0.,1.));
#992 = PCURVE('',#71,#993);
#993 = DEFINITIONAL_REPRESENTATION('',(#994),#998);
#994 = LINE('',#995,#996);
#995 = CARTESIAN_POINT('',(0.,-0.));
#996 = VECTOR('',#997,1.);
#997 = DIRECTION('',(0.,1.));
#998 = ( GEOMETRIC_REPRESENTATION_CONTEXT(2) 
PARAMETRIC_REPRESENTATION_CONTEXT() REPRESENTATION_CONTEXT('2D SPACE',''
  ) );
#999 = PCURVE('',#71,#1000);
#1000 = DEFINITIONAL_REPRESENTATION('',(#1001),#1005);
#1001 = LINE('',#1002,#1003);
#1002 = CARTESIAN_POINT('',(6.28318530718,-0.));
#1003 = VECTOR('',#1004,1.);
#1004 = DIRECTION('',(0.,1.));
#1005 = ( GEOMETRIC_REPRESENTATION_CONTEXT(2) 
PARAMETRIC_REPRESENTATION_CONTEXT() REPRESENTATION_CONTEXT('2D SPACE',''
  ) );
#1006 = ORIENTED_EDGE('',*,*,#1007,.F.);
#1007 = EDGE_CURVE('',#1008,#985,#1010,.T.);
#1008 = VERTEX_POINT('',#1009);
#1009 = CARTESIAN_POINT('',(17.320508075689,-2.5,70.));
#1010 = SURFACE_CURVE('',#1011,(#1016,#1023),.PCURVE_S1.);
#1011 = CIRCLE('',#1012,17.5);
#1012 = AXIS2_PLACEMENT_3D('',#1013,#1014,#1015);
#1013 = CARTESIAN_POINT('',(0.,0.,70.));
#1014 = DIRECTION('',(0.,0.,1.));
#1015 = DIRECTION('',(1.,0.,-0.));
#1016 = PCURVE('',#71,#1017);
#1017 = DEFINITIONAL_REPRESENTATION('',(#1018),#1022);
#1018 = LINE('',#1019,#1020);
#1019 = CARTESIAN_POINT('',(0.,70.));
#1020 = VECTOR('',#1021,1.);
#1021 = DIRECTION('',(1.,0.));
#1022 = ( GEOMETRIC_REPRESENTATION_CONTEXT(2) 
PARAMETRIC_REPRESENTATION_CONTEXT() REPRESENTATION_CONTEXT('2D SPACE',''
  ) );
#1023 = PCURVE('',#1024,#1029);
#1024 = PLANE('',#1025);
#1025 = AXIS2_PLACEMENT_3D('',#1026,#1027,#1028);
#1026 = CARTESIAN_POINT('',(17.,-2.5,70.));
#1027 = DIRECTION('',(0.,0.,1.));
#1028 = DIRECTION('',(1.,0.,0.));
#1029 = DEFINITIONAL_REPRESENTATION('',(#1030),#1034);
#1030 = CIRCLE('',#1031,17.5);
#1031 = AXIS2_PLACEMENT_2D('',#1032,#1033);
#1032 = CARTESIAN_POINT('',(-17.,2.5));
#1033 = DIRECTION('',(1.,0.));
#1034 = ( GEOMETRIC_REPRESENTATION_CONTEXT(2) 
PARAMETRIC_REPRESENTATION_CONTEXT() REPRESENTATION_CONTEXT('2D SPACE',''
  ) );
#1035 = ORIENTED_EDGE('',*,*,#1036,.T.);
#1036 = EDGE_CURVE('',#1008,#1037,#1039,.T.);
#1037 = VERTEX_POINT('',#1038);
#1038 = CARTESIAN_POINT('',(17.320508075689,-2.5,72.));
#1039 = SURFACE_CURVE('',#1040,(#1044,#1050),.PCURVE_S1.);
#1040 = LINE('',#1041,#1042);
#1041 = CARTESIAN_POINT('',(17.320508075689,-2.5,0.));
#1042 = VECTOR('',#1043,1.);
#1043 = DIRECTION('',(0.,0.,1.));
#1044 = PCURVE('',#71,#1045);
#1045 = DEFINITIONAL_REPRESENTATION('',(#1046),#1049);
#1046 = B_SPLINE_CURVE_WITH_KNOTS('',1,(#1047,#1048),.UNSPECIFIED.,.F.,
  .F.,(2,2),(69.4,72.0000006),.PIECEWISE_BEZIER_KNOTS.);
#1047 = CARTESIAN_POINT('',(6.139837738274,69.4));
#1048 = CARTESIAN_POINT('',(6.139837738274,72.0000006));
#1049 = ( GEOMETRIC_REPRESENTATION_CONTEXT(2) 
PARAMETRIC_REPRESENTATION_CONTEXT() REPRESENTATION_CONTEXT('2D SPACE',''
  ) );
#1050 = PCURVE('',#503,#1051);
#1051 = DEFINITIONAL_REPRESENTATION('',(#1052),#1055);
#1052 = B_SPLINE_CURVE_WITH_KNOTS('',1,(#1053,#1054),.UNSPECIFIED.,.F.,
  .F.,(2,2),(69.4,72.0000006),.PIECEWISE_BEZIER_KNOTS.);
#1053 = CARTESIAN_POINT('',(-0.6,0.320508075689));
#1054 = CARTESIAN_POINT('',(2.0000006,0.320508075689));
#1055 = ( GEOMETRIC_REPRESENTATION_CONTEXT(2) 
PARAMETRIC_REPRESENTATION_CONTEXT() REPRESENTATION_CONTEXT('2D SPACE',''
  ) );
#1056 = ORIENTED_EDGE('',*,*,#1057,.F.);
#1057 = EDGE_CURVE('',#1058,#1037,#1060,.T.);
#1058 = VERTEX_POINT('',#1059);
#1059 = CARTESIAN_POINT('',(-6.495190528383,-16.25,72.));
#1060 = SURFACE_CURVE('',#1061,(#1066,#1073),.PCURVE_S1.);
#1061 = CIRCLE('',#1062,17.5);
#1062 = AXIS2_PLACEMENT_3D('',#1063,#1064,#1065);
#1063 = CARTESIAN_POINT('',(0.,0.,72.));
#1064 = DIRECTION('',(0.,0.,1.));
#1065 = DIRECTION('',(1.,0.,-0.));
#1066 = PCURVE('',#71,#1067);
#1067 = DEFINITIONAL_REPRESENTATION('',(#1068),#1072);
#1068 = LINE('',#1069,#1070);
#1069 = CARTESIAN_POINT('',(0.,72.));
#1070 = VECTOR('',#1071,1.);
#1071 = DIRECTION('',(1.,0.));
#1072 = ( GEOMETRIC_REPRESENTATION_CONTEXT(2) 
PARAMETRIC_REPRESENTATION_CONTEXT() REPRESENTATION_CONTEXT('2D SPACE',''
  ) );
#1073 = PCURVE('',#814,#1074);
#1074 = DEFINITIONAL_REPRESENTATION('',(#1075),#1079);
#1075 = CIRCLE('',#1076,17.5);
#1076 = AXIS2_PLACEMENT_2D('',#1077,#1078);
#1077 = CARTESIAN_POINT('',(0.,0.));
#1078 = DIRECTION('',(1.,0.));
#1079 = ( GEOMETRIC_REPRESENTATION_CONTEXT(2) 
PARAMETRIC_REPRESENTATION_CONTEXT() REPRESENTATION_CONTEXT('2D SPACE',''
  ) );
#1080 = ORIENTED_EDGE('',*,*,#1081,.F.);
#1081 = EDGE_CURVE('',#192,#1058,#1082,.T.);
#1082 = SURFACE_CURVE('',#1083,(#1087,#1093),.PCURVE_S1.);
#1083 = LINE('',#1084,#1085);
#1084 = CARTESIAN_POINT('',(-6.495190528383,-16.25,0.));
#1085 = VECTOR('',#1086,1.);
#1086 = DIRECTION('',(0.,0.,1.));
#1087 = PCURVE('',#71,#1088);
#1088 = DEFINITIONAL_REPRESENTATION('',(#1089),#1092);
#1089 = B_SPLINE_CURVE_WITH_KNOTS('',1,(#1090,#1091),.UNSPECIFIED.,.F.,
  .F.,(2,2),(69.4,72.0000006),.PIECEWISE_BEZIER_KNOTS.);
#1090 = CARTESIAN_POINT('',(4.332137773692,69.4));
#1091 = CARTESIAN_POINT('',(4.332137773692,72.0000006));
#1092 = ( GEOMETRIC_REPRESENTATION_CONTEXT(2) 
PARAMETRIC_REPRESENTATION_CONTEXT() REPRESENTATION_CONTEXT('2D SPACE',''
  ) );
#1093 = PCURVE('',#209,#1094);
#1094 = DEFINITIONAL_REPRESENTATION('',(#1095),#1098);
#1095 = B_SPLINE_CURVE_WITH_KNOTS('',1,(#1096,#1097),.UNSPECIFIED.,.F.,
  .F.,(2,2),(69.4,72.0000006),.PIECEWISE_BEZIER_KNOTS.);
#1096 = CARTESIAN_POINT('',(-0.6,0.320508075689));
#1097 = CARTESIAN_POINT('',(2.0000006,0.320508075689));
#1098 = ( GEOMETRIC_REPRESENTATION_CONTEXT(2) 
PARAMETRIC_REPRESENTATION_CONTEXT() REPRESENTATION_CONTEXT('2D SPACE',''
  ) );
#1099 = ORIENTED_EDGE('',*,*,#221,.F.);
#1100 = ORIENTED_EDGE('',*,*,#56,.T.);
#1101 = ORIENTED_EDGE('',*,*,#852,.F.);
#1102 = ORIENTED_EDGE('',*,*,#1103,.F.);
#1103 = EDGE_CURVE('',#1104,#830,#1106,.T.);
#1104 = VERTEX_POINT('',#1105);
#1105 = CARTESIAN_POINT('',(-10.8253175473,13.75,70.));
#1106 = SURFACE_CURVE('',#1107,(#1111,#1117),.PCURVE_S1.);
#1107 = LINE('',#1108,#1109);
#1108 = CARTESIAN_POINT('',(-10.8253175473,13.75,0.));
#1109 = VECTOR('',#1110,1.);
#1110 = DIRECTION('',(0.,0.,1.));
#1111 = PCURVE('',#71,#1112);
#1112 = DEFINITIONAL_REPRESENTATION('',(#1113),#1116);
#1113 = B_SPLINE_CURVE_WITH_KNOTS('',1,(#1114,#1115),.UNSPECIFIED.,.F.,
  .F.,(2,2),(69.4,72.0000006),.PIECEWISE_BEZIER_KNOTS.);
#1114 = CARTESIAN_POINT('',(2.237742671299,69.4));
#1115 = CARTESIAN_POINT('',(2.237742671299,72.0000006));
#1116 = ( GEOMETRIC_REPRESENTATION_CONTEXT(2) 
PARAMETRIC_REPRESENTATION_CONTEXT() REPRESENTATION_CONTEXT('2D SPACE',''
  ) );
#1117 = PCURVE('',#743,#1118);
#1118 = DEFINITIONAL_REPRESENTATION('',(#1119),#1122);
#1119 = B_SPLINE_CURVE_WITH_KNOTS('',1,(#1120,#1121),.UNSPECIFIED.,.F.,
  .F.,(2,2),(69.4,72.0000006),.PIECEWISE_BEZIER_KNOTS.);
#1120 = CARTESIAN_POINT('',(-0.6,0.320508075689));
#1121 = CARTESIAN_POINT('',(2.0000006,0.320508075689));
#1122 = ( GEOMETRIC_REPRESENTATION_CONTEXT(2) 
PARAMETRIC_REPRESENTATION_CONTEXT() REPRESENTATION_CONTEXT('2D SPACE',''
  ) );
#1123 = ORIENTED_EDGE('',*,*,#1124,.F.);
#1124 = EDGE_CURVE('',#1125,#1104,#1127,.T.);
#1125 = VERTEX_POINT('',#1126);
#1126 = CARTESIAN_POINT('',(-6.495190528383,16.25,70.));
#1127 = SURFACE_CURVE('',#1128,(#1133,#1140),.PCURVE_S1.);
#1128 = CIRCLE('',#1129,17.5);
#1129 = AXIS2_PLACEMENT_3D('',#1130,#1131,#1132);
#1130 = CARTESIAN_POINT('',(0.,0.,70.));
#1131 = DIRECTION('',(0.,0.,1.));
#1132 = DIRECTION('',(1.,0.,-0.));
#1133 = PCURVE('',#71,#1134);
#1134 = DEFINITIONAL_REPRESENTATION('',(#1135),#1139);
#1135 = LINE('',#1136,#1137);
#1136 = CARTESIAN_POINT('',(0.,70.));
#1137 = VECTOR('',#1138,1.);
#1138 = DIRECTION('',(1.,0.));
#1139 = ( GEOMETRIC_REPRESENTATION_CONTEXT(2) 
PARAMETRIC_REPRESENTATION_CONTEXT() REPRESENTATION_CONTEXT('2D SPACE',''
  ) );
#1140 = PCURVE('',#1141,#1146);
#1141 = PLANE('',#1142);
#1142 = AXIS2_PLACEMENT_3D('',#1143,#1144,#1145);
#1143 = CARTESIAN_POINT('',(-6.334936490539,15.972431864335,70.));
#1144 = DIRECTION('',(0.,0.,1.));
#1145 = DIRECTION('',(-0.5,0.866025403784,0.));
#1146 = DEFINITIONAL_REPRESENTATION('',(#1147),#1151);
#1147 = CIRCLE('',#1148,17.5);
#1148 = AXIS2_PLACEMENT_2D('',#1149,#1150);
#1149 = CARTESIAN_POINT('',(-17.,2.5));
#1150 = DIRECTION('',(-0.5,-0.866025403784));
#1151 = ( GEOMETRIC_REPRESENTATION_CONTEXT(2) 
PARAMETRIC_REPRESENTATION_CONTEXT() REPRESENTATION_CONTEXT('2D SPACE',''
  ) );
#1152 = ORIENTED_EDGE('',*,*,#1153,.T.);
#1153 = EDGE_CURVE('',#1125,#1154,#1156,.T.);
#1154 = VERTEX_POINT('',#1155);
#1155 = CARTESIAN_POINT('',(-6.495190528383,16.25,72.));
#1156 = SURFACE_CURVE('',#1157,(#1161,#1167),.PCURVE_S1.);
#1157 = LINE('',#1158,#1159);
#1158 = CARTESIAN_POINT('',(-6.495190528383,16.25,0.));
#1159 = VECTOR('',#1160,1.);
#1160 = DIRECTION('',(0.,0.,1.));
#1161 = PCURVE('',#71,#1162);
#1162 = DEFINITIONAL_REPRESENTATION('',(#1163),#1166);
#1163 = B_SPLINE_CURVE_WITH_KNOTS('',1,(#1164,#1165),.UNSPECIFIED.,.F.,
  .F.,(2,2),(69.4,72.0000006),.PIECEWISE_BEZIER_KNOTS.);
#1164 = CARTESIAN_POINT('',(1.951047533488,69.4));
#1165 = CARTESIAN_POINT('',(1.951047533488,72.0000006));
#1166 = ( GEOMETRIC_REPRESENTATION_CONTEXT(2) 
PARAMETRIC_REPRESENTATION_CONTEXT() REPRESENTATION_CONTEXT('2D SPACE',''
  ) );
#1167 = PCURVE('',#688,#1168);
#1168 = DEFINITIONAL_REPRESENTATION('',(#1169),#1172);
#1169 = B_SPLINE_CURVE_WITH_KNOTS('',1,(#1170,#1171),.UNSPECIFIED.,.F.,
  .F.,(2,2),(69.4,72.0000006),.PIECEWISE_BEZIER_KNOTS.);
#1170 = CARTESIAN_POINT('',(-0.6,0.320508075689));
#1171 = CARTESIAN_POINT('',(2.0000006,0.320508075689));
#1172 = ( GEOMETRIC_REPRESENTATION_CONTEXT(2) 
PARAMETRIC_REPRESENTATION_CONTEXT() REPRESENTATION_CONTEXT('2D SPACE',''
  ) );
#1173 = ORIENTED_EDGE('',*,*,#1174,.F.);
#1174 = EDGE_CURVE('',#1175,#1154,#1177,.T.);
#1175 = VERTEX_POINT('',#1176);
#1176 = CARTESIAN_POINT('',(17.320508075689,2.5,72.));
#1177 = SURFACE_CURVE('',#1178,(#1183,#1190),.PCURVE_S1.);
#1178 = CIRCLE('',#1179,17.5);
#1179 = AXIS2_PLACEMENT_3D('',#1180,#1181,#1182);
#1180 = CARTESIAN_POINT('',(0.,0.,72.));
#1181 = DIRECTION('',(0.,0.,1.));
#1182 = DIRECTION('',(1.,0.,-0.));
#1183 = PCURVE('',#71,#1184);
#1184 = DEFINITIONAL_REPRESENTATION('',(#1185),#1189);
#1185 = LINE('',#1186,#1187);
#1186 = CARTESIAN_POINT('',(0.,72.));
#1187 = VECTOR('',#1188,1.);
#1188 = DIRECTION('',(1.,0.));
#1189 = ( GEOMETRIC_REPRESENTATION_CONTEXT(2) 
PARAMETRIC_REPRESENTATION_CONTEXT() REPRESENTATION_CONTEXT('2D SPACE',''
  ) );
#1190 = PCURVE('',#661,#1191);
#1191 = DEFINITIONAL_REPRESENTATION('',(#1192),#1196);
#1192 = CIRCLE('',#1193,17.5);
#1193 = AXIS2_PLACEMENT_2D('',#1194,#1195);
#1194 = CARTESIAN_POINT('',(0.,0.));
#1195 = DIRECTION('',(1.,0.));
#1196 = ( GEOMETRIC_REPRESENTATION_CONTEXT(2) 
PARAMETRIC_REPRESENTATION_CONTEXT() REPRESENTATION_CONTEXT('2D SPACE',''
  ) );
#1197 = ORIENTED_EDGE('',*,*,#1198,.F.);
#1198 = EDGE_CURVE('',#1199,#1175,#1201,.T.);
#1199 = VERTEX_POINT('',#1200);
#1200 = CARTESIAN_POINT('',(17.320508075689,2.5,70.));
#1201 = SURFACE_CURVE('',#1202,(#1206,#1212),.PCURVE_S1.);
#1202 = LINE('',#1203,#1204);
#1203 = CARTESIAN_POINT('',(17.320508075689,2.5,0.));
#1204 = VECTOR('',#1205,1.);
#1205 = DIRECTION('',(0.,0.,1.));
#1206 = PCURVE('',#71,#1207);
#1207 = DEFINITIONAL_REPRESENTATION('',(#1208),#1211);
#1208 = B_SPLINE_CURVE_WITH_KNOTS('',1,(#1209,#1210),.UNSPECIFIED.,.F.,
  .F.,(2,2),(69.4,72.0000006),.PIECEWISE_BEZIER_KNOTS.);
#1209 = CARTESIAN_POINT('',(0.143347568905,69.4));
#1210 = CARTESIAN_POINT('',(0.143347568905,72.0000006));
#1211 = ( GEOMETRIC_REPRESENTATION_CONTEXT(2) 
PARAMETRIC_REPRESENTATION_CONTEXT() REPRESENTATION_CONTEXT('2D SPACE',''
  ) );
#1212 = PCURVE('',#633,#1213);
#1213 = DEFINITIONAL_REPRESENTATION('',(#1214),#1217);
#1214 = B_SPLINE_CURVE_WITH_KNOTS('',1,(#1215,#1216),.UNSPECIFIED.,.F.,
  .F.,(2,2),(69.4,72.0000006),.PIECEWISE_BEZIER_KNOTS.);
#1215 = CARTESIAN_POINT('',(-0.6,0.320508075689));
#1216 = CARTESIAN_POINT('',(2.0000006,0.320508075689));
#1217 = ( GEOMETRIC_REPRESENTATION_CONTEXT(2) 
PARAMETRIC_REPRESENTATION_CONTEXT() REPRESENTATION_CONTEXT('2D SPACE',''
  ) );
#1218 = ORIENTED_EDGE('',*,*,#1219,.F.);
#1219 = EDGE_CURVE('',#985,#1199,#1220,.T.);
#1220 = SURFACE_CURVE('',#1221,(#1226,#1233),.PCURVE_S1.);
#1221 = CIRCLE('',#1222,17.5);
#1222 = AXIS2_PLACEMENT_3D('',#1223,#1224,#1225);
#1223 = CARTESIAN_POINT('',(0.,0.,70.));
#1224 = DIRECTION('',(0.,0.,1.));
#1225 = DIRECTION('',(1.,0.,-0.));
#1226 = PCURVE('',#71,#1227);
#1227 = DEFINITIONAL_REPRESENTATION('',(#1228),#1232);
#1228 = LINE('',#1229,#1230);
#1229 = CARTESIAN_POINT('',(0.,70.));
#1230 = VECTOR('',#1231,1.);
#1231 = DIRECTION('',(1.,0.));
#1232 = ( GEOMETRIC_REPRESENTATION_CONTEXT(2) 
PARAMETRIC_REPRESENTATION_CONTEXT() REPRESENTATION_CONTEXT('2D SPACE',''
  ) );
#1233 = PCURVE('',#1024,#1234);
#1234 = DEFINITIONAL_REPRESENTATION('',(#1235),#1239);
#1235 = CIRCLE('',#1236,17.5);
#1236 = AXIS2_PLACEMENT_2D('',#1237,#1238);
#1237 = CARTESIAN_POINT('',(-17.,2.5));
#1238 = DIRECTION('',(1.,0.));
#1239 = ( GEOMETRIC_REPRESENTATION_CONTEXT(2) 
PARAMETRIC_REPRESENTATION_CONTEXT() REPRESENTATION_CONTEXT('2D SPACE',''
  ) );
#1240 = ORIENTED_EDGE('',*,*,#984,.F.);
#1241 = ORIENTED_EDGE('',*,*,#1242,.T.);
#1242 = EDGE_CURVE('',#956,#1243,#1245,.T.);
#1243 = VERTEX_POINT('',#1244);
#1244 = CARTESIAN_POINT('',(17.240939649567,3.,35.));
#1245 = SURFACE_CURVE('',#1246,(#1251,#1258),.PCURVE_S1.);
#1246 = CIRCLE('',#1247,17.5);
#1247 = AXIS2_PLACEMENT_3D('',#1248,#1249,#1250);
#1248 = CARTESIAN_POINT('',(0.,0.,35.));
#1249 = DIRECTION('',(0.,0.,1.));
#1250 = DIRECTION('',(1.,0.,-0.));
#1251 = PCURVE('',#71,#1252);
#1252 = DEFINITIONAL_REPRESENTATION('',(#1253),#1257);
#1253 = LINE('',#1254,#1255);
#1254 = CARTESIAN_POINT('',(0.,35.));
#1255 = VECTOR('',#1256,1.);
#1256 = DIRECTION('',(1.,0.));
#1257 = ( GEOMETRIC_REPRESENTATION_CONTEXT(2) 
PARAMETRIC_REPRESENTATION_CONTEXT() REPRESENTATION_CONTEXT('2D SPACE',''
  ) );
#1258 = PCURVE('',#972,#1259);
#1259 = DEFINITIONAL_REPRESENTATION('',(#1260),#1264);
#1260 = CIRCLE('',#1261,17.5);
#1261 = AXIS2_PLACEMENT_2D('',#1262,#1263);
#1262 = CARTESIAN_POINT('',(30.,3.));
#1263 = DIRECTION('',(1.,0.));
#1264 = ( GEOMETRIC_REPRESENTATION_CONTEXT(2) 
PARAMETRIC_REPRESENTATION_CONTEXT() REPRESENTATION_CONTEXT('2D SPACE',''
  ) );
#1265 = ORIENTED_EDGE('',*,*,#1266,.F.);
#1266 = EDGE_CURVE('',#1267,#1243,#1269,.T.);
#1267 = VERTEX_POINT('',#1268);
#1268 = CARTESIAN_POINT('',(17.240939649567,3.,31.999999972187));
#1269 = SURFACE_CURVE('',#1270,(#1274,#1280),.PCURVE_S1.);
#1270 = LINE('',#1271,#1272);
#1271 = CARTESIAN_POINT('',(17.240939649567,3.,0.));
#1272 = VECTOR('',#1273,1.);
#1273 = DIRECTION('',(0.,0.,1.));
#1274 = PCURVE('',#71,#1275);
#1275 = DEFINITIONAL_REPRESENTATION('',(#1276),#1279);
#1276 = B_SPLINE_CURVE_WITH_KNOTS('',1,(#1277,#1278),.UNSPECIFIED.,.F.,
  .F.,(2,2),(29.5,35.5),.PIECEWISE_BEZIER_KNOTS.);
#1277 = CARTESIAN_POINT('',(0.172279523728,29.5));
#1278 = CARTESIAN_POINT('',(0.172279523728,35.5));
#1279 = ( GEOMETRIC_REPRESENTATION_CONTEXT(2) 
PARAMETRIC_REPRESENTATION_CONTEXT() REPRESENTATION_CONTEXT('2D SPACE',''
  ) );
#1280 = PCURVE('',#1281,#1286);
#1281 = PLANE('',#1282);
#1282 = AXIS2_PLACEMENT_3D('',#1283,#1284,#1285);
#1283 = CARTESIAN_POINT('',(-30.,3.,30.));
#1284 = DIRECTION('',(-0.,1.,0.));
#1285 = DIRECTION('',(0.,0.,1.));
#1286 = DEFINITIONAL_REPRESENTATION('',(#1287),#1290);
#1287 = B_SPLINE_CURVE_WITH_KNOTS('',1,(#1288,#1289),.UNSPECIFIED.,.F.,
  .F.,(2,2),(29.5,35.5),.PIECEWISE_BEZIER_KNOTS.);
#1288 = CARTESIAN_POINT('',(-0.5,47.240939649567));
#1289 = CARTESIAN_POINT('',(5.5,47.240939649567));
#1290 = ( GEOMETRIC_REPRESENTATION_CONTEXT(2) 
PARAMETRIC_REPRESENTATION_CONTEXT() REPRESENTATION_CONTEXT('2D SPACE',''
  ) );
#1291 = ORIENTED_EDGE('',*,*,#1292,.F.);
#1292 = EDGE_CURVE('',#1293,#1267,#1295,.T.);
#1293 = VERTEX_POINT('',#1294);
#1294 = CARTESIAN_POINT('',(17.240939649567,3.,30.));
#1295 = SURFACE_CURVE('',#1296,(#1300,#1306),.PCURVE_S1.);
#1296 = LINE('',#1297,#1298);
#1297 = CARTESIAN_POINT('',(17.240939649567,3.,0.));
#1298 = VECTOR('',#1299,1.);
#1299 = DIRECTION('',(0.,0.,1.));
#1300 = PCURVE('',#71,#1301);
#1301 = DEFINITIONAL_REPRESENTATION('',(#1302),#1305);
#1302 = B_SPLINE_CURVE_WITH_KNOTS('',1,(#1303,#1304),.UNSPECIFIED.,.F.,
  .F.,(2,2),(29.5,35.5),.PIECEWISE_BEZIER_KNOTS.);
#1303 = CARTESIAN_POINT('',(0.172279523728,29.5));
#1304 = CARTESIAN_POINT('',(0.172279523728,35.5));
#1305 = ( GEOMETRIC_REPRESENTATION_CONTEXT(2) 
PARAMETRIC_REPRESENTATION_CONTEXT() REPRESENTATION_CONTEXT('2D SPACE',''
  ) );
#1306 = PCURVE('',#1281,#1307);
#1307 = DEFINITIONAL_REPRESENTATION('',(#1308),#1311);
#1308 = B_SPLINE_CURVE_WITH_KNOTS('',1,(#1309,#1310),.UNSPECIFIED.,.F.,
  .F.,(2,2),(29.5,35.5),.PIECEWISE_BEZIER_KNOTS.);
#1309 = CARTESIAN_POINT('',(-0.5,47.240939649567));
#1310 = CARTESIAN_POINT('',(5.5,47.240939649567));
#1311 = ( GEOMETRIC_REPRESENTATION_CONTEXT(2) 
PARAMETRIC_REPRESENTATION_CONTEXT() REPRESENTATION_CONTEXT('2D SPACE',''
  ) );
#1312 = ORIENTED_EDGE('',*,*,#1313,.F.);
#1313 = EDGE_CURVE('',#1314,#1293,#1316,.T.);
#1314 = VERTEX_POINT('',#1315);
#1315 = CARTESIAN_POINT('',(17.356554956496,2.236067982633,30.));
#1316 = SURFACE_CURVE('',#1317,(#1322,#1329),.PCURVE_S1.);
#1317 = CIRCLE('',#1318,17.5);
#1318 = AXIS2_PLACEMENT_3D('',#1319,#1320,#1321);
#1319 = CARTESIAN_POINT('',(0.,0.,30.));
#1320 = DIRECTION('',(0.,0.,1.));
#1321 = DIRECTION('',(1.,0.,-0.));
#1322 = PCURVE('',#71,#1323);
#1323 = DEFINITIONAL_REPRESENTATION('',(#1324),#1328);
#1324 = LINE('',#1325,#1326);
#1325 = CARTESIAN_POINT('',(0.,30.));
#1326 = VECTOR('',#1327,1.);
#1327 = DIRECTION('',(1.,0.));
#1328 = ( GEOMETRIC_REPRESENTATION_CONTEXT(2) 
PARAMETRIC_REPRESENTATION_CONTEXT() REPRESENTATION_CONTEXT('2D SPACE',''
  ) );
#1329 = PCURVE('',#896,#1330);
#1330 = DEFINITIONAL_REPRESENTATION('',(#1331),#1335);
#1331 = CIRCLE('',#1332,17.5);
#1332 = AXIS2_PLACEMENT_2D('',#1333,#1334);
#1333 = CARTESIAN_POINT('',(30.,3.));
#1334 = DIRECTION('',(1.,0.));
#1335 = ( GEOMETRIC_REPRESENTATION_CONTEXT(2) 
PARAMETRIC_REPRESENTATION_CONTEXT() REPRESENTATION_CONTEXT('2D SPACE',''
  ) );
#1336 = ORIENTED_EDGE('',*,*,#1337,.F.);
#1337 = EDGE_CURVE('',#1338,#1314,#1340,.T.);
#1338 = VERTEX_POINT('',#1339);
#1339 = CARTESIAN_POINT('',(17.5,-2.510525938252E-15,29.));
#1340 = SURFACE_CURVE('',#1341,(#1374,#1410),.PCURVE_S1.);
#1341 = B_SPLINE_CURVE_WITH_KNOTS('',7,(#1342,#1343,#1344,#1345,#1346,
    #1347,#1348,#1349,#1350,#1351,#1352,#1353,#1354,#1355,#1356,#1357,
    #1358,#1359,#1360,#1361,#1362,#1363,#1364,#1365,#1366,#1367,#1368,
    #1369,#1370,#1371,#1372,#1373),.UNSPECIFIED.,.F.,.F.,(8,6,6,6,6,8),(
    0.,0.159651990661,0.358449190315,0.501036467485,0.760249141883,1.),
  .UNSPECIFIED.);
#1342 = CARTESIAN_POINT('',(17.5,-3.673940397442E-16,29.));
#1343 = CARTESIAN_POINT('',(17.5,0.259781655757,29.));
#1344 = CARTESIAN_POINT('',(17.495500859853,0.517048445127,
    29.026244686042));
#1345 = CARTESIAN_POINT('',(17.486659673408,0.767695581989,
    29.077819871031));
#1346 = CARTESIAN_POINT('',(17.474049087976,1.007822515706,
    29.152781123586));
#1347 = CARTESIAN_POINT('',(17.45860833369,1.233967658542,
    29.248205860206));
#1348 = CARTESIAN_POINT('',(17.441429486926,1.443323530373,
    29.360215381557));
#1349 = CARTESIAN_POINT('',(17.401300819606,1.871242482322,
    29.638109198226));
#1350 = CARTESIAN_POINT('',(17.377685944048,2.082492992997,
    29.812427827133));
#1351 = CARTESIAN_POINT('',(17.354158670349,2.26807170862,
    30.002074750611));
#1352 = CARTESIAN_POINT('',(17.331849624677,2.42883563315,
    30.203364819225));
#1353 = CARTESIAN_POINT('',(17.311558924967,2.56576917856,
    30.413470797842));
#1354 = CARTESIAN_POINT('',(17.293853097268,2.679794294963,
    30.630217942011));
#1355 = CARTESIAN_POINT('',(17.268554252834,2.837513916955,
    31.010986792478));
#1356 = CARTESIAN_POINT('',(17.259515077074,2.891994538723,
    31.172627159057));
#1357 = CARTESIAN_POINT('',(17.252149593669,2.935324444894,
    31.336230009176));
#1358 = CARTESIAN_POINT('',(17.246560984839,2.967692911147,
    31.501243961016));
#1359 = CARTESIAN_POINT('',(17.242814016612,2.98922965766,
    31.667179435675));
#1360 = CARTESIAN_POINT('',(17.240939649567,3.,31.833581048428));
#1361 = CARTESIAN_POINT('',(17.240939649567,3.,32.302536820699));
#1362 = CARTESIAN_POINT('',(17.247133026373,2.964406539341,
    32.604706725819));
#1363 = CARTESIAN_POINT('',(17.259494265166,2.893368048584,
    32.904127477709));
#1364 = CARTESIAN_POINT('',(17.277684403943,2.786085336441,
    33.198173826848));
#1365 = CARTESIAN_POINT('',(17.301028265498,2.641033521288,
    33.483524009175));
#1366 = CARTESIAN_POINT('',(17.328283361093,2.456188378391,
    33.755556097774));
#1367 = CARTESIAN_POINT('',(17.384346469826,2.019705370005,
    34.240319589399));
#1368 = CARTESIAN_POINT('',(17.41364354274,1.768211705689,
    34.462536859149));
#1369 = CARTESIAN_POINT('',(17.443132249935,1.475216362851,
    34.660630466963));
#1370 = CARTESIAN_POINT('',(17.469613570407,1.144380961013,
    34.822735570705));
#1371 = CARTESIAN_POINT('',(17.48948635765,0.782137361284,
    34.938672745149));
#1372 = CARTESIAN_POINT('',(17.5,0.397115808094,35.));
#1373 = CARTESIAN_POINT('',(17.5,5.510910596163E-16,35.));
#1374 = PCURVE('',#71,#1375);
#1375 = DEFINITIONAL_REPRESENTATION('',(#1376),#1409);
#1376 = B_SPLINE_CURVE_WITH_KNOTS('',7,(#1377,#1378,#1379,#1380,#1381,
    #1382,#1383,#1384,#1385,#1386,#1387,#1388,#1389,#1390,#1391,#1392,
    #1393,#1394,#1395,#1396,#1397,#1398,#1399,#1400,#1401,#1402,#1403,
    #1404,#1405,#1406,#1407,#1408),.UNSPECIFIED.,.F.,.F.,(8,6,6,6,6,8),(
    0.,0.159651990661,0.358449190315,0.501036467485,0.760249141883,1.),
  .UNSPECIFIED.);
#1377 = CARTESIAN_POINT('',(0.,29.));
#1378 = CARTESIAN_POINT('',(1.484466604327E-02,29.));
#1379 = CARTESIAN_POINT('',(2.954562754002E-02,29.026244686042));
#1380 = CARTESIAN_POINT('',(4.387365270046E-02,29.077819871031));
#1381 = CARTESIAN_POINT('',(5.761078736829E-02,29.152781123586));
#1382 = CARTESIAN_POINT('',(7.056144738956E-02,29.248205860206));
#1383 = CARTESIAN_POINT('',(8.256403356551E-02,29.360215381557));
#1384 = CARTESIAN_POINT('',(0.107123827447,29.638109198226));
#1385 = CARTESIAN_POINT('',(0.119268544523,29.812427827133));
#1386 = CARTESIAN_POINT('',(0.129956377081,30.002074750611));
#1387 = CARTESIAN_POINT('',(0.139230120183,30.203364819225));
#1388 = CARTESIAN_POINT('',(0.147140008677,30.413470797842));
#1389 = CARTESIAN_POINT('',(0.153733733506,30.630217942011));
#1390 = CARTESIAN_POINT('',(0.162861490803,31.010986792478));
#1391 = CARTESIAN_POINT('',(0.166017187356,31.172627159057));
#1392 = CARTESIAN_POINT('',(0.168528671446,31.336230009176));
#1393 = CARTESIAN_POINT('',(0.170405663437,31.501243961016));
#1394 = CARTESIAN_POINT('',(0.171654829935,31.667179435675));
#1395 = CARTESIAN_POINT('',(0.172279523728,31.833581048428));
#1396 = CARTESIAN_POINT('',(0.172279523728,32.302536820699));
#1397 = CARTESIAN_POINT('',(0.170215052145,32.604706725819));
#1398 = CARTESIAN_POINT('',(0.166094704676,32.904127477709));
#1399 = CARTESIAN_POINT('',(0.159876850548,33.198173826848));
#1400 = CARTESIAN_POINT('',(0.151482137964,33.483524009175));
#1401 = CARTESIAN_POINT('',(0.140807210959,33.755556097774));
#1402 = CARTESIAN_POINT('',(0.115660426281,34.240319589399));
#1403 = CARTESIAN_POINT('',(0.10119319416,34.46253685915));
#1404 = CARTESIAN_POINT('',(8.43693985217E-02,34.660630466963));
#1405 = CARTESIAN_POINT('',(6.541220466666E-02,34.822735570705));
#1406 = CARTESIAN_POINT('',(4.469358068488E-02,34.938672745149));
#1407 = CARTESIAN_POINT('',(2.269233189107E-02,35.));
#1408 = CARTESIAN_POINT('',(0.,35.));
#1409 = ( GEOMETRIC_REPRESENTATION_CONTEXT(2) 
PARAMETRIC_REPRESENTATION_CONTEXT() REPRESENTATION_CONTEXT('2D SPACE',''
  ) );
#1410 = PCURVE('',#1411,#1416);
#1411 = CYLINDRICAL_SURFACE('',#1412,3.);
#1412 = AXIS2_PLACEMENT_3D('',#1413,#1414,#1415);
#1413 = CARTESIAN_POINT('',(16.5,0.,32.));
#1414 = DIRECTION('',(1.,0.,1.110223024625E-16));
#1415 = DIRECTION('',(1.110223024625E-16,0.,-1.));
#1416 = DEFINITIONAL_REPRESENTATION('',(#1417),#1450);
#1417 = B_SPLINE_CURVE_WITH_KNOTS('',7,(#1418,#1419,#1420,#1421,#1422,
    #1423,#1424,#1425,#1426,#1427,#1428,#1429,#1430,#1431,#1432,#1433,
    #1434,#1435,#1436,#1437,#1438,#1439,#1440,#1441,#1442,#1443,#1444,
    #1445,#1446,#1447,#1448,#1449),.UNSPECIFIED.,.F.,.F.,(8,6,6,6,6,8),(
    0.,0.159651990661,0.358449190315,0.501036467485,0.760249141883,1.),
  .UNSPECIFIED.);
#1418 = CARTESIAN_POINT('',(0.,1.));
#1419 = CARTESIAN_POINT('',(8.65938852524E-02,1.));
#1420 = CARTESIAN_POINT('',(0.172349442302,0.995500859853));
#1421 = CARTESIAN_POINT('',(0.256959252772,0.986659673408));
#1422 = CARTESIAN_POINT('',(0.340090335231,0.974049087976));
#1423 = CARTESIAN_POINT('',(0.421344567889,0.95860833369));
#1424 = CARTESIAN_POINT('',(0.500206392395,0.941429486926));
#1425 = CARTESIAN_POINT('',(0.670284675933,0.901300819606));
#1426 = CARTESIAN_POINT('',(0.760988182346,0.877685944048));
#1427 = CARTESIAN_POINT('',(0.848668058626,0.854158670349));
#1428 = CARTESIAN_POINT('',(0.933794221904,0.831849624677));
#1429 = CARTESIAN_POINT('',(1.016802490447,0.811558924967));
#1430 = CARTESIAN_POINT('',(1.098097002247,0.793853097268));
#1431 = CARTESIAN_POINT('',(1.235477413533,0.768554252834));
#1432 = CARTESIAN_POINT('',(1.292205936259,0.759515077074));
#1433 = CARTESIAN_POINT('',(1.348424463901,0.752149593669));
#1434 = CARTESIAN_POINT('',(1.404265445406,0.746560984839));
#1435 = CARTESIAN_POINT('',(1.459856258964,0.742814016612));
#1436 = CARTESIAN_POINT('',(1.515323342938,0.740939649567));
#1437 = CARTESIAN_POINT('',(1.671641933694,0.740939649567));
#1438 = CARTESIAN_POINT('',(1.772365003865,0.747133026373));
#1439 = CARTESIAN_POINT('',(1.873848104806,0.759494265166));
#1440 = CARTESIAN_POINT('',(1.97686856763,0.777684403943));
#1441 = CARTESIAN_POINT('',(2.082260066004,0.801028265498));
#1442 = CARTESIAN_POINT('',(2.19087514961,0.828283361093));
#1443 = CARTESIAN_POINT('',(2.408313023093,0.884346469826));
#1444 = CARTESIAN_POINT('',(2.519453620623,0.91364354274));
#1445 = CARTESIAN_POINT('',(2.635737453395,0.943132249935));
#1446 = CARTESIAN_POINT('',(2.756343791792,0.969613570407));
#1447 = CARTESIAN_POINT('',(2.880880273431,0.98948635765));
#1448 = CARTESIAN_POINT('',(3.009220717559,1.));
#1449 = CARTESIAN_POINT('',(3.14159265359,1.));
#1450 = ( GEOMETRIC_REPRESENTATION_CONTEXT(2) 
PARAMETRIC_REPRESENTATION_CONTEXT() REPRESENTATION_CONTEXT('2D SPACE',''
  ) );
#1451 = ORIENTED_EDGE('',*,*,#1452,.F.);
#1452 = EDGE_CURVE('',#1453,#1338,#1455,.T.);
#1453 = VERTEX_POINT('',#1454);
#1454 = CARTESIAN_POINT('',(17.5,-4.286263797016E-15,0.));
#1455 = SEAM_CURVE('',#1456,(#1460,#1467),.PCURVE_S1.);
#1456 = LINE('',#1457,#1458);
#1457 = CARTESIAN_POINT('',(17.5,-4.286263797016E-15,0.));
#1458 = VECTOR('',#1459,1.);
#1459 = DIRECTION('',(0.,0.,1.));
#1460 = PCURVE('',#71,#1461);
#1461 = DEFINITIONAL_REPRESENTATION('',(#1462),#1466);
#1462 = LINE('',#1463,#1464);
#1463 = CARTESIAN_POINT('',(6.28318530718,-0.));
#1464 = VECTOR('',#1465,1.);
#1465 = DIRECTION('',(0.,1.));
#1466 = ( GEOMETRIC_REPRESENTATION_CONTEXT(2) 
PARAMETRIC_REPRESENTATION_CONTEXT() REPRESENTATION_CONTEXT('2D SPACE',''
  ) );
#1467 = PCURVE('',#71,#1468);
#1468 = DEFINITIONAL_REPRESENTATION('',(#1469),#1473);
#1469 = LINE('',#1470,#1471);
#1470 = CARTESIAN_POINT('',(0.,-0.));
#1471 = VECTOR('',#1472,1.);
#1472 = DIRECTION('',(0.,1.));
#1473 = ( GEOMETRIC_REPRESENTATION_CONTEXT(2) 
PARAMETRIC_REPRESENTATION_CONTEXT() REPRESENTATION_CONTEXT('2D SPACE',''
  ) );
#1474 = ORIENTED_EDGE('',*,*,#1475,.T.);
#1475 = EDGE_CURVE('',#1453,#1453,#1476,.T.);
#1476 = SURFACE_CURVE('',#1477,(#1482,#1489),.PCURVE_S1.);
#1477 = CIRCLE('',#1478,17.5);
#1478 = AXIS2_PLACEMENT_3D('',#1479,#1480,#1481);
#1479 = CARTESIAN_POINT('',(0.,0.,0.));
#1480 = DIRECTION('',(0.,0.,1.));
#1481 = DIRECTION('',(1.,0.,-0.));
#1482 = PCURVE('',#71,#1483);
#1483 = DEFINITIONAL_REPRESENTATION('',(#1484),#1488);
#1484 = LINE('',#1485,#1486);
#1485 = CARTESIAN_POINT('',(0.,0.));
#1486 = VECTOR('',#1487,1.);
#1487 = DIRECTION('',(1.,0.));
#1488 = ( GEOMETRIC_REPRESENTATION_CONTEXT(2) 
PARAMETRIC_REPRESENTATION_CONTEXT() REPRESENTATION_CONTEXT('2D SPACE',''
  ) );
#1489 = PCURVE('',#1490,#1495);
#1490 = PLANE('',#1491);
#1491 = AXIS2_PLACEMENT_3D('',#1492,#1493,#1494);
#1492 = CARTESIAN_POINT('',(0.,0.,0.));
#1493 = DIRECTION('',(0.,0.,1.));
#1494 = DIRECTION('',(1.,0.,-0.));
#1495 = DEFINITIONAL_REPRESENTATION('',(#1496),#1500);
#1496 = CIRCLE('',#1497,17.5);
#1497 = AXIS2_PLACEMENT_2D('',#1498,#1499);
#1498 = CARTESIAN_POINT('',(0.,0.));
#1499 = DIRECTION('',(1.,0.));
#1500 = ( GEOMETRIC_REPRESENTATION_CONTEXT(2) 
PARAMETRIC_REPRESENTATION_CONTEXT() REPRESENTATION_CONTEXT('2D SPACE',''
  ) );
#1501 = ORIENTED_EDGE('',*,*,#1452,.T.);
#1502 = ORIENTED_EDGE('',*,*,#1503,.F.);
#1503 = EDGE_CURVE('',#880,#1338,#1504,.T.);
#1504 = SURFACE_CURVE('',#1505,(#1538,#1574),.PCURVE_S1.);
#1505 = B_SPLINE_CURVE_WITH_KNOTS('',7,(#1506,#1507,#1508,#1509,#1510,
    #1511,#1512,#1513,#1514,#1515,#1516,#1517,#1518,#1519,#1520,#1521,
    #1522,#1523,#1524,#1525,#1526,#1527,#1528,#1529,#1530,#1531,#1532,
    #1533,#1534,#1535,#1536,#1537),.UNSPECIFIED.,.F.,.F.,(8,6,6,6,6,8),(
    0.,0.159651989799,0.358449189656,0.501036466973,0.760249141637,1.),
  .UNSPECIFIED.);
#1506 = CARTESIAN_POINT('',(17.5,-1.7763568394E-15,35.));
#1507 = CARTESIAN_POINT('',(17.5,-0.259781657387,35.));
#1508 = CARTESIAN_POINT('',(17.495500859821,-0.517048440937,
    34.973755313706));
#1509 = CARTESIAN_POINT('',(17.4866596736,-0.767695585157,34.92218013032
    ));
#1510 = CARTESIAN_POINT('',(17.474049087594,-1.007822516952,
    34.847218873799));
#1511 = CARTESIAN_POINT('',(17.458608334023,-1.23396765561,
    34.751794142067));
#1512 = CARTESIAN_POINT('',(17.441429486811,-1.443323531598,
    34.639784617648));
#1513 = CARTESIAN_POINT('',(17.401300819606,-1.871242482322,
    34.361890801774));
#1514 = CARTESIAN_POINT('',(17.377685944048,-2.082492992997,
    34.187572172867));
#1515 = CARTESIAN_POINT('',(17.354158670349,-2.26807170862,
    33.997925249389));
#1516 = CARTESIAN_POINT('',(17.331849624677,-2.42883563315,
    33.796635180774));
#1517 = CARTESIAN_POINT('',(17.311558924967,-2.56576917856,
    33.586529202158));
#1518 = CARTESIAN_POINT('',(17.293853097268,-2.679794294963,
    33.369782057989));
#1519 = CARTESIAN_POINT('',(17.268554252834,-2.837513916955,
    32.989013207522));
#1520 = CARTESIAN_POINT('',(17.259515077074,-2.891994538723,
    32.827372840943));
#1521 = CARTESIAN_POINT('',(17.252149593669,-2.935324444894,
    32.663769990824));
#1522 = CARTESIAN_POINT('',(17.246560984839,-2.967692911147,
    32.498756038984));
#1523 = CARTESIAN_POINT('',(17.242814016612,-2.98922965766,
    32.332820564325));
#1524 = CARTESIAN_POINT('',(17.240939649567,-3.,32.166418951572));
#1525 = CARTESIAN_POINT('',(17.240939649567,-3.,31.697463179301));
#1526 = CARTESIAN_POINT('',(17.247133026373,-2.964406539341,
    31.395293274181));
#1527 = CARTESIAN_POINT('',(17.259494265166,-2.893368048584,
    31.095872522291));
#1528 = CARTESIAN_POINT('',(17.277684403943,-2.786085336441,
    30.801826173152));
#1529 = CARTESIAN_POINT('',(17.301028265498,-2.641033521288,
    30.516475990825));
#1530 = CARTESIAN_POINT('',(17.328283361093,-2.456188378391,
    30.244443902226));
#1531 = CARTESIAN_POINT('',(17.384346469826,-2.019705370005,
    29.759680410601));
#1532 = CARTESIAN_POINT('',(17.41364354274,-1.768211705689,
    29.537463140851));
#1533 = CARTESIAN_POINT('',(17.443132249935,-1.47521636285,
    29.339369533036));
#1534 = CARTESIAN_POINT('',(17.469613570407,-1.144380961013,
    29.177264429297));
#1535 = CARTESIAN_POINT('',(17.48948635765,-0.782137361285,
    29.06132725485));
#1536 = CARTESIAN_POINT('',(17.5,-0.397115808093,29.));
#1537 = CARTESIAN_POINT('',(17.5,-2.6645352591E-15,29.));
#1538 = PCURVE('',#71,#1539);
#1539 = DEFINITIONAL_REPRESENTATION('',(#1540),#1573);
#1540 = B_SPLINE_CURVE_WITH_KNOTS('',7,(#1541,#1542,#1543,#1544,#1545,
    #1546,#1547,#1548,#1549,#1550,#1551,#1552,#1553,#1554,#1555,#1556,
    #1557,#1558,#1559,#1560,#1561,#1562,#1563,#1564,#1565,#1566,#1567,
    #1568,#1569,#1570,#1571,#1572),.UNSPECIFIED.,.F.,.F.,(8,6,6,6,6,8),(
    0.,0.159651989799,0.358449189656,0.501036466973,0.760249141637,1.),
  .UNSPECIFIED.);
#1541 = CARTESIAN_POINT('',(6.28318530718,35.));
#1542 = CARTESIAN_POINT('',(6.268340641043,35.));
#1543 = CARTESIAN_POINT('',(6.253639679879,34.973755313706));
#1544 = CARTESIAN_POINT('',(6.239311654299,34.92218013032));
#1545 = CARTESIAN_POINT('',(6.225574519739,34.847218873799));
#1546 = CARTESIAN_POINT('',(6.212623859958,34.751794142067));
#1547 = CARTESIAN_POINT('',(6.200621273544,34.639784617647));
#1548 = CARTESIAN_POINT('',(6.176061479732,34.361890801774));
#1549 = CARTESIAN_POINT('',(6.163916762656,34.187572172867));
#1550 = CARTESIAN_POINT('',(6.153228930099,33.997925249389));
#1551 = CARTESIAN_POINT('',(6.143955186996,33.796635180774));
#1552 = CARTESIAN_POINT('',(6.136045298502,33.586529202158));
#1553 = CARTESIAN_POINT('',(6.129451573674,33.369782057989));
#1554 = CARTESIAN_POINT('',(6.120323816377,32.989013207522));
#1555 = CARTESIAN_POINT('',(6.117168119824,32.827372840943));
#1556 = CARTESIAN_POINT('',(6.114656635734,32.663769990824));
#1557 = CARTESIAN_POINT('',(6.112779643743,32.498756038984));
#1558 = CARTESIAN_POINT('',(6.111530477245,32.332820564325));
#1559 = CARTESIAN_POINT('',(6.110905783452,32.166418951572));
#1560 = CARTESIAN_POINT('',(6.110905783452,31.697463179301));
#1561 = CARTESIAN_POINT('',(6.112970255034,31.395293274181));
#1562 = CARTESIAN_POINT('',(6.117090602504,31.095872522291));
#1563 = CARTESIAN_POINT('',(6.123308456631,30.801826173152));
#1564 = CARTESIAN_POINT('',(6.131703169216,30.516475990825));
#1565 = CARTESIAN_POINT('',(6.142378096221,30.244443902226));
#1566 = CARTESIAN_POINT('',(6.167524880899,29.759680410601));
#1567 = CARTESIAN_POINT('',(6.18199211302,29.537463140851));
#1568 = CARTESIAN_POINT('',(6.198815908658,29.339369533036));
#1569 = CARTESIAN_POINT('',(6.217773102513,29.177264429297));
#1570 = CARTESIAN_POINT('',(6.238491726495,29.06132725485));
#1571 = CARTESIAN_POINT('',(6.260492975289,29.));
#1572 = CARTESIAN_POINT('',(6.28318530718,29.));
#1573 = ( GEOMETRIC_REPRESENTATION_CONTEXT(2) 
PARAMETRIC_REPRESENTATION_CONTEXT() REPRESENTATION_CONTEXT('2D SPACE',''
  ) );
#1574 = PCURVE('',#1575,#1580);
#1575 = CYLINDRICAL_SURFACE('',#1576,3.);
#1576 = AXIS2_PLACEMENT_3D('',#1577,#1578,#1579);
#1577 = CARTESIAN_POINT('',(16.5,0.,32.));
#1578 = DIRECTION('',(1.,0.,1.110223024625E-16));
#1579 = DIRECTION('',(1.110223024625E-16,0.,-1.));
#1580 = DEFINITIONAL_REPRESENTATION('',(#1581),#1614);
#1581 = B_SPLINE_CURVE_WITH_KNOTS('',7,(#1582,#1583,#1584,#1585,#1586,
    #1587,#1588,#1589,#1590,#1591,#1592,#1593,#1594,#1595,#1596,#1597,
    #1598,#1599,#1600,#1601,#1602,#1603,#1604,#1605,#1606,#1607,#1608,
    #1609,#1610,#1611,#1612,#1613),.UNSPECIFIED.,.F.,.F.,(8,6,6,6,6,8),(
    0.,0.159651989799,0.358449189656,0.501036466973,0.760249141637,1.),
  .UNSPECIFIED.);
#1582 = CARTESIAN_POINT('',(3.14159265359,1.));
#1583 = CARTESIAN_POINT('',(3.228186539386,1.));
#1584 = CARTESIAN_POINT('',(3.313942094529,0.995500859821));
#1585 = CARTESIAN_POINT('',(3.398551907277,0.9866596736));
#1586 = CARTESIAN_POINT('',(3.481682989483,0.974049087594));
#1587 = CARTESIAN_POINT('',(3.562937220288,0.958608334023));
#1588 = CARTESIAN_POINT('',(3.641799046472,0.941429486811));
#1589 = CARTESIAN_POINT('',(3.811877329523,0.901300819606));
#1590 = CARTESIAN_POINT('',(3.902580835936,0.877685944048));
#1591 = CARTESIAN_POINT('',(3.990260712216,0.854158670349));
#1592 = CARTESIAN_POINT('',(4.075386875494,0.831849624677));
#1593 = CARTESIAN_POINT('',(4.158395144037,0.811558924967));
#1594 = CARTESIAN_POINT('',(4.239689655836,0.793853097268));
#1595 = CARTESIAN_POINT('',(4.377070067123,0.768554252834));
#1596 = CARTESIAN_POINT('',(4.433798589849,0.759515077074));
#1597 = CARTESIAN_POINT('',(4.490017117491,0.752149593669));
#1598 = CARTESIAN_POINT('',(4.545858098996,0.746560984839));
#1599 = CARTESIAN_POINT('',(4.601448912553,0.742814016612));
#1600 = CARTESIAN_POINT('',(4.656915996527,0.740939649567));
#1601 = CARTESIAN_POINT('',(4.813234587284,0.740939649567));
#1602 = CARTESIAN_POINT('',(4.913957657455,0.747133026373));
#1603 = CARTESIAN_POINT('',(5.015440758395,0.759494265166));
#1604 = CARTESIAN_POINT('',(5.11846122122,0.777684403943));
#1605 = CARTESIAN_POINT('',(5.223852719594,0.801028265498));
#1606 = CARTESIAN_POINT('',(5.3324678032,0.828283361093));
#1607 = CARTESIAN_POINT('',(5.549905676682,0.884346469826));
#1608 = CARTESIAN_POINT('',(5.661046274213,0.91364354274));
#1609 = CARTESIAN_POINT('',(5.777330106985,0.943132249935));
#1610 = CARTESIAN_POINT('',(5.897936445382,0.969613570407));
#1611 = CARTESIAN_POINT('',(6.022472927021,0.98948635765));
#1612 = CARTESIAN_POINT('',(6.150813371148,1.));
#1613 = CARTESIAN_POINT('',(6.28318530718,1.));
#1614 = ( GEOMETRIC_REPRESENTATION_CONTEXT(2) 
PARAMETRIC_REPRESENTATION_CONTEXT() REPRESENTATION_CONTEXT('2D SPACE',''
  ) );
#1615 = FACE_BOUND('',#1616,.T.);
#1616 = EDGE_LOOP('',(#1617,#1648,#1674,#1703));
#1617 = ORIENTED_EDGE('',*,*,#1618,.F.);
#1618 = EDGE_CURVE('',#1619,#1621,#1623,.T.);
#1619 = VERTEX_POINT('',#1620);
#1620 = CARTESIAN_POINT('',(-17.24093964956,3.,30.));
#1621 = VERTEX_POINT('',#1622);
#1622 = CARTESIAN_POINT('',(-17.24093964956,-3.,30.));
#1623 = SURFACE_CURVE('',#1624,(#1629,#1636),.PCURVE_S1.);
#1624 = CIRCLE('',#1625,17.5);
#1625 = AXIS2_PLACEMENT_3D('',#1626,#1627,#1628);
#1626 = CARTESIAN_POINT('',(0.,0.,30.));
#1627 = DIRECTION('',(0.,0.,1.));
#1628 = DIRECTION('',(1.,0.,-0.));
#1629 = PCURVE('',#71,#1630);
#1630 = DEFINITIONAL_REPRESENTATION('',(#1631),#1635);
#1631 = LINE('',#1632,#1633);
#1632 = CARTESIAN_POINT('',(0.,30.));
#1633 = VECTOR('',#1634,1.);
#1634 = DIRECTION('',(1.,0.));
#1635 = ( GEOMETRIC_REPRESENTATION_CONTEXT(2) 
PARAMETRIC_REPRESENTATION_CONTEXT() REPRESENTATION_CONTEXT('2D SPACE',''
  ) );
#1636 = PCURVE('',#1637,#1642);
#1637 = PLANE('',#1638);
#1638 = AXIS2_PLACEMENT_3D('',#1639,#1640,#1641);
#1639 = CARTESIAN_POINT('',(-30.,-3.,30.));
#1640 = DIRECTION('',(0.,0.,1.));
#1641 = DIRECTION('',(1.,0.,-0.));
#1642 = DEFINITIONAL_REPRESENTATION('',(#1643),#1647);
#1643 = CIRCLE('',#1644,17.5);
#1644 = AXIS2_PLACEMENT_2D('',#1645,#1646);
#1645 = CARTESIAN_POINT('',(30.,3.));
#1646 = DIRECTION('',(1.,0.));
#1647 = ( GEOMETRIC_REPRESENTATION_CONTEXT(2) 
PARAMETRIC_REPRESENTATION_CONTEXT() REPRESENTATION_CONTEXT('2D SPACE',''
  ) );
#1648 = ORIENTED_EDGE('',*,*,#1649,.T.);
#1649 = EDGE_CURVE('',#1619,#1650,#1652,.T.);
#1650 = VERTEX_POINT('',#1651);
#1651 = CARTESIAN_POINT('',(-17.24093964956,3.,35.));
#1652 = SURFACE_CURVE('',#1653,(#1657,#1663),.PCURVE_S1.);
#1653 = LINE('',#1654,#1655);
#1654 = CARTESIAN_POINT('',(-17.24093964956,3.,0.));
#1655 = VECTOR('',#1656,1.);
#1656 = DIRECTION('',(0.,0.,1.));
#1657 = PCURVE('',#71,#1658);
#1658 = DEFINITIONAL_REPRESENTATION('',(#1659),#1662);
#1659 = B_SPLINE_CURVE_WITH_KNOTS('',1,(#1660,#1661),.UNSPECIFIED.,.F.,
  .F.,(2,2),(29.5,35.5),.PIECEWISE_BEZIER_KNOTS.);
#1660 = CARTESIAN_POINT('',(2.969313129862,29.5));
#1661 = CARTESIAN_POINT('',(2.969313129862,35.5));
#1662 = ( GEOMETRIC_REPRESENTATION_CONTEXT(2) 
PARAMETRIC_REPRESENTATION_CONTEXT() REPRESENTATION_CONTEXT('2D SPACE',''
  ) );
#1663 = PCURVE('',#1664,#1669);
#1664 = PLANE('',#1665);
#1665 = AXIS2_PLACEMENT_3D('',#1666,#1667,#1668);
#1666 = CARTESIAN_POINT('',(-30.,3.,30.));
#1667 = DIRECTION('',(-0.,1.,0.));
#1668 = DIRECTION('',(0.,0.,1.));
#1669 = DEFINITIONAL_REPRESENTATION('',(#1670),#1673);
#1670 = B_SPLINE_CURVE_WITH_KNOTS('',1,(#1671,#1672),.UNSPECIFIED.,.F.,
  .F.,(2,2),(29.5,35.5),.PIECEWISE_BEZIER_KNOTS.);
#1671 = CARTESIAN_POINT('',(-0.5,12.759060350433));
#1672 = CARTESIAN_POINT('',(5.5,12.759060350433));
#1673 = ( GEOMETRIC_REPRESENTATION_CONTEXT(2) 
PARAMETRIC_REPRESENTATION_CONTEXT() REPRESENTATION_CONTEXT('2D SPACE',''
  ) );
#1674 = ORIENTED_EDGE('',*,*,#1675,.T.);
#1675 = EDGE_CURVE('',#1650,#1676,#1678,.T.);
#1676 = VERTEX_POINT('',#1677);
#1677 = CARTESIAN_POINT('',(-17.24093964956,-3.,35.));
#1678 = SURFACE_CURVE('',#1679,(#1684,#1691),.PCURVE_S1.);
#1679 = CIRCLE('',#1680,17.5);
#1680 = AXIS2_PLACEMENT_3D('',#1681,#1682,#1683);
#1681 = CARTESIAN_POINT('',(0.,0.,35.));
#1682 = DIRECTION('',(0.,0.,1.));
#1683 = DIRECTION('',(1.,0.,-0.));
#1684 = PCURVE('',#71,#1685);
#1685 = DEFINITIONAL_REPRESENTATION('',(#1686),#1690);
#1686 = LINE('',#1687,#1688);
#1687 = CARTESIAN_POINT('',(0.,35.));
#1688 = VECTOR('',#1689,1.);
#1689 = DIRECTION('',(1.,0.));
#1690 = ( GEOMETRIC_REPRESENTATION_CONTEXT(2) 
PARAMETRIC_REPRESENTATION_CONTEXT() REPRESENTATION_CONTEXT('2D SPACE',''
  ) );
#1691 = PCURVE('',#1692,#1697);
#1692 = PLANE('',#1693);
#1693 = AXIS2_PLACEMENT_3D('',#1694,#1695,#1696);
#1694 = CARTESIAN_POINT('',(-30.,-3.,35.));
#1695 = DIRECTION('',(0.,0.,1.));
#1696 = DIRECTION('',(1.,0.,-0.));
#1697 = DEFINITIONAL_REPRESENTATION('',(#1698),#1702);
#1698 = CIRCLE('',#1699,17.5);
#1699 = AXIS2_PLACEMENT_2D('',#1700,#1701);
#1700 = CARTESIAN_POINT('',(30.,3.));
#1701 = DIRECTION('',(1.,0.));
#1702 = ( GEOMETRIC_REPRESENTATION_CONTEXT(2) 
PARAMETRIC_REPRESENTATION_CONTEXT() REPRESENTATION_CONTEXT('2D SPACE',''
  ) );
#1703 = ORIENTED_EDGE('',*,*,#1704,.F.);
#1704 = EDGE_CURVE('',#1621,#1676,#1705,.T.);
#1705 = SURFACE_CURVE('',#1706,(#1710,#1716),.PCURVE_S1.);
#1706 = LINE('',#1707,#1708);
#1707 = CARTESIAN_POINT('',(-17.24093964956,-3.,0.));
#1708 = VECTOR('',#1709,1.);
#1709 = DIRECTION('',(0.,0.,1.));
#1710 = PCURVE('',#71,#1711);
#1711 = DEFINITIONAL_REPRESENTATION('',(#1712),#1715);
#1712 = B_SPLINE_CURVE_WITH_KNOTS('',1,(#1713,#1714),.UNSPECIFIED.,.F.,
  .F.,(2,2),(29.5,35.5),.PIECEWISE_BEZIER_KNOTS.);
#1713 = CARTESIAN_POINT('',(3.313872177318,29.5));
#1714 = CARTESIAN_POINT('',(3.313872177318,35.5));
#1715 = ( GEOMETRIC_REPRESENTATION_CONTEXT(2) 
PARAMETRIC_REPRESENTATION_CONTEXT() REPRESENTATION_CONTEXT('2D SPACE',''
  ) );
#1716 = PCURVE('',#1717,#1722);
#1717 = PLANE('',#1718);
#1718 = AXIS2_PLACEMENT_3D('',#1719,#1720,#1721);
#1719 = CARTESIAN_POINT('',(-30.,-3.,30.));
#1720 = DIRECTION('',(-0.,1.,0.));
#1721 = DIRECTION('',(0.,0.,1.));
#1722 = DEFINITIONAL_REPRESENTATION('',(#1723),#1726);
#1723 = B_SPLINE_CURVE_WITH_KNOTS('',1,(#1724,#1725),.UNSPECIFIED.,.F.,
  .F.,(2,2),(29.5,35.5),.PIECEWISE_BEZIER_KNOTS.);
#1724 = CARTESIAN_POINT('',(-0.5,12.759060350433));
#1725 = CARTESIAN_POINT('',(5.5,12.759060350433));
#1726 = ( GEOMETRIC_REPRESENTATION_CONTEXT(2) 
PARAMETRIC_REPRESENTATION_CONTEXT() REPRESENTATION_CONTEXT('2D SPACE',''
  ) );
#1727 = ADVANCED_FACE('',(#1728),#209,.T.);
#1728 = FACE_BOUND('',#1729,.T.);
#1729 = EDGE_LOOP('',(#1730,#1731,#1732,#1751,#1752,#1753));
#1730 = ORIENTED_EDGE('',*,*,#191,.F.);
#1731 = ORIENTED_EDGE('',*,*,#1081,.T.);
#1732 = ORIENTED_EDGE('',*,*,#1733,.F.);
#1733 = EDGE_CURVE('',#779,#1058,#1734,.T.);
#1734 = SURFACE_CURVE('',#1735,(#1739,#1745),.PCURVE_S1.);
#1735 = LINE('',#1736,#1737);
#1736 = CARTESIAN_POINT('',(-2.084936490539,-8.611215932168,72.));
#1737 = VECTOR('',#1738,1.);
#1738 = DIRECTION('',(0.5,0.866025403784,-0.));
#1739 = PCURVE('',#209,#1740);
#1740 = DEFINITIONAL_REPRESENTATION('',(#1741),#1744);
#1741 = B_SPLINE_CURVE_WITH_KNOTS('',1,(#1742,#1743),.UNSPECIFIED.,.F.,
  .F.,(2,2),(-14.30533563299,-8.5),.PIECEWISE_BEZIER_KNOTS.);
#1742 = CARTESIAN_POINT('',(2.,5.80533563299));
#1743 = CARTESIAN_POINT('',(2.,0.));
#1744 = ( GEOMETRIC_REPRESENTATION_CONTEXT(2) 
PARAMETRIC_REPRESENTATION_CONTEXT() REPRESENTATION_CONTEXT('2D SPACE',''
  ) );
#1745 = PCURVE('',#814,#1746);
#1746 = DEFINITIONAL_REPRESENTATION('',(#1747),#1750);
#1747 = B_SPLINE_CURVE_WITH_KNOTS('',1,(#1748,#1749),.UNSPECIFIED.,.F.,
  .F.,(2,2),(-14.30533563299,-8.5),.PIECEWISE_BEZIER_KNOTS.);
#1748 = CARTESIAN_POINT('',(-9.237604307034,-21.));
#1749 = CARTESIAN_POINT('',(-6.334936490539,-15.97243186433));
#1750 = ( GEOMETRIC_REPRESENTATION_CONTEXT(2) 
PARAMETRIC_REPRESENTATION_CONTEXT() REPRESENTATION_CONTEXT('2D SPACE',''
  ) );
#1751 = ORIENTED_EDGE('',*,*,#778,.T.);
#1752 = ORIENTED_EDGE('',*,*,#413,.T.);
#1753 = ORIENTED_EDGE('',*,*,#293,.F.);
#1754 = ADVANCED_FACE('',(#1755),#354,.F.);
#1755 = FACE_BOUND('',#1756,.F.);
#1756 = EDGE_LOOP('',(#1757,#1758,#1780,#1781));
#1757 = ORIENTED_EDGE('',*,*,#339,.F.);
#1758 = ORIENTED_EDGE('',*,*,#1759,.T.);
#1759 = EDGE_CURVE('',#340,#366,#1760,.T.);
#1760 = SURFACE_CURVE('',#1761,(#1766,#1773),.PCURVE_S1.);
#1761 = CIRCLE('',#1762,1.8);
#1762 = AXIS2_PLACEMENT_3D('',#1763,#1764,#1765);
#1763 = CARTESIAN_POINT('',(-14.,-24.24871130596,73.));
#1764 = DIRECTION('',(0.,0.,1.));
#1765 = DIRECTION('',(-0.5,-0.866025403784,0.));
#1766 = PCURVE('',#354,#1767);
#1767 = DEFINITIONAL_REPRESENTATION('',(#1768),#1772);
#1768 = LINE('',#1769,#1770);
#1769 = CARTESIAN_POINT('',(0.,0.));
#1770 = VECTOR('',#1771,1.);
#1771 = DIRECTION('',(1.,0.));
#1772 = ( GEOMETRIC_REPRESENTATION_CONTEXT(2) 
PARAMETRIC_REPRESENTATION_CONTEXT() REPRESENTATION_CONTEXT('2D SPACE',''
  ) );
#1773 = PCURVE('',#380,#1774);
#1774 = DEFINITIONAL_REPRESENTATION('',(#1775),#1779);
#1775 = CIRCLE('',#1776,1.8);
#1776 = AXIS2_PLACEMENT_2D('',#1777,#1778);
#1777 = CARTESIAN_POINT('',(0.,0.));
#1778 = DIRECTION('',(1.,3.985521342092E-18));
#1779 = ( GEOMETRIC_REPRESENTATION_CONTEXT(2) 
PARAMETRIC_REPRESENTATION_CONTEXT() REPRESENTATION_CONTEXT('2D SPACE',''
  ) );
#1780 = ORIENTED_EDGE('',*,*,#391,.T.);
#1781 = ORIENTED_EDGE('',*,*,#460,.F.);
#1782 = ADVANCED_FACE('',(#1783),#380,.T.);
#1783 = FACE_BOUND('',#1784,.T.);
#1784 = EDGE_LOOP('',(#1785,#1786));
#1785 = ORIENTED_EDGE('',*,*,#365,.F.);
#1786 = ORIENTED_EDGE('',*,*,#1759,.T.);
#1787 = ADVANCED_FACE('',(#1788),#503,.F.);
#1788 = FACE_BOUND('',#1789,.F.);
#1789 = EDGE_LOOP('',(#1790,#1813,#1814,#1833,#1834,#1857));
#1790 = ORIENTED_EDGE('',*,*,#1791,.F.);
#1791 = EDGE_CURVE('',#1008,#1792,#1794,.T.);
#1792 = VERTEX_POINT('',#1793);
#1793 = CARTESIAN_POINT('',(29.,-2.5,70.));
#1794 = SURFACE_CURVE('',#1795,(#1799,#1806),.PCURVE_S1.);
#1795 = LINE('',#1796,#1797);
#1796 = CARTESIAN_POINT('',(17.,-2.5,70.));
#1797 = VECTOR('',#1798,1.);
#1798 = DIRECTION('',(1.,0.,0.));
#1799 = PCURVE('',#503,#1800);
#1800 = DEFINITIONAL_REPRESENTATION('',(#1801),#1805);
#1801 = LINE('',#1802,#1803);
#1802 = CARTESIAN_POINT('',(0.,0.));
#1803 = VECTOR('',#1804,1.);
#1804 = DIRECTION('',(0.,1.));
#1805 = ( GEOMETRIC_REPRESENTATION_CONTEXT(2) 
PARAMETRIC_REPRESENTATION_CONTEXT() REPRESENTATION_CONTEXT('2D SPACE',''
  ) );
#1806 = PCURVE('',#1024,#1807);
#1807 = DEFINITIONAL_REPRESENTATION('',(#1808),#1812);
#1808 = LINE('',#1809,#1810);
#1809 = CARTESIAN_POINT('',(0.,0.));
#1810 = VECTOR('',#1811,1.);
#1811 = DIRECTION('',(1.,0.));
#1812 = ( GEOMETRIC_REPRESENTATION_CONTEXT(2) 
PARAMETRIC_REPRESENTATION_CONTEXT() REPRESENTATION_CONTEXT('2D SPACE',''
  ) );
#1813 = ORIENTED_EDGE('',*,*,#1036,.T.);
#1814 = ORIENTED_EDGE('',*,*,#1815,.F.);
#1815 = EDGE_CURVE('',#487,#1037,#1816,.T.);
#1816 = SURFACE_CURVE('',#1817,(#1821,#1827),.PCURVE_S1.);
#1817 = LINE('',#1818,#1819);
#1818 = CARTESIAN_POINT('',(8.5,-2.5,72.));
#1819 = VECTOR('',#1820,1.);
#1820 = DIRECTION('',(-1.,0.,0.));
#1821 = PCURVE('',#503,#1822);
#1822 = DEFINITIONAL_REPRESENTATION('',(#1823),#1826);
#1823 = B_SPLINE_CURVE_WITH_KNOTS('',1,(#1824,#1825),.UNSPECIFIED.,.F.,
  .F.,(2,2),(-12.5,-8.5),.PIECEWISE_BEZIER_KNOTS.);
#1824 = CARTESIAN_POINT('',(2.,4.));
#1825 = CARTESIAN_POINT('',(2.,0.));
#1826 = ( GEOMETRIC_REPRESENTATION_CONTEXT(2) 
PARAMETRIC_REPRESENTATION_CONTEXT() REPRESENTATION_CONTEXT('2D SPACE',''
  ) );
#1827 = PCURVE('',#814,#1828);
#1828 = DEFINITIONAL_REPRESENTATION('',(#1829),#1832);
#1829 = B_SPLINE_CURVE_WITH_KNOTS('',1,(#1830,#1831),.UNSPECIFIED.,.F.,
  .F.,(2,2),(-12.5,-8.5),.PIECEWISE_BEZIER_KNOTS.);
#1830 = CARTESIAN_POINT('',(21.,-2.5));
#1831 = CARTESIAN_POINT('',(17.,-2.5));
#1832 = ( GEOMETRIC_REPRESENTATION_CONTEXT(2) 
PARAMETRIC_REPRESENTATION_CONTEXT() REPRESENTATION_CONTEXT('2D SPACE',''
  ) );
#1833 = ORIENTED_EDGE('',*,*,#486,.T.);
#1834 = ORIENTED_EDGE('',*,*,#1835,.T.);
#1835 = EDGE_CURVE('',#489,#1836,#1838,.T.);
#1836 = VERTEX_POINT('',#1837);
#1837 = CARTESIAN_POINT('',(29.,-2.5,76.));
#1838 = SURFACE_CURVE('',#1839,(#1843,#1850),.PCURVE_S1.);
#1839 = LINE('',#1840,#1841);
#1840 = CARTESIAN_POINT('',(17.,-2.5,76.));
#1841 = VECTOR('',#1842,1.);
#1842 = DIRECTION('',(1.,0.,0.));
#1843 = PCURVE('',#503,#1844);
#1844 = DEFINITIONAL_REPRESENTATION('',(#1845),#1849);
#1845 = LINE('',#1846,#1847);
#1846 = CARTESIAN_POINT('',(6.,0.));
#1847 = VECTOR('',#1848,1.);
#1848 = DIRECTION('',(0.,1.));
#1849 = ( GEOMETRIC_REPRESENTATION_CONTEXT(2) 
PARAMETRIC_REPRESENTATION_CONTEXT() REPRESENTATION_CONTEXT('2D SPACE',''
  ) );
#1850 = PCURVE('',#531,#1851);
#1851 = DEFINITIONAL_REPRESENTATION('',(#1852),#1856);
#1852 = LINE('',#1853,#1854);
#1853 = CARTESIAN_POINT('',(0.,0.));
#1854 = VECTOR('',#1855,1.);
#1855 = DIRECTION('',(1.,0.));
#1856 = ( GEOMETRIC_REPRESENTATION_CONTEXT(2) 
PARAMETRIC_REPRESENTATION_CONTEXT() REPRESENTATION_CONTEXT('2D SPACE',''
  ) );
#1857 = ORIENTED_EDGE('',*,*,#1858,.F.);
#1858 = EDGE_CURVE('',#1792,#1836,#1859,.T.);
#1859 = SURFACE_CURVE('',#1860,(#1864,#1871),.PCURVE_S1.);
#1860 = LINE('',#1861,#1862);
#1861 = CARTESIAN_POINT('',(29.,-2.5,70.));
#1862 = VECTOR('',#1863,1.);
#1863 = DIRECTION('',(0.,0.,1.));
#1864 = PCURVE('',#503,#1865);
#1865 = DEFINITIONAL_REPRESENTATION('',(#1866),#1870);
#1866 = LINE('',#1867,#1868);
#1867 = CARTESIAN_POINT('',(0.,12.));
#1868 = VECTOR('',#1869,1.);
#1869 = DIRECTION('',(1.,0.));
#1870 = ( GEOMETRIC_REPRESENTATION_CONTEXT(2) 
PARAMETRIC_REPRESENTATION_CONTEXT() REPRESENTATION_CONTEXT('2D SPACE',''
  ) );
#1871 = PCURVE('',#1872,#1877);
#1872 = PLANE('',#1873);
#1873 = AXIS2_PLACEMENT_3D('',#1874,#1875,#1876);
#1874 = CARTESIAN_POINT('',(29.,-2.5,70.));
#1875 = DIRECTION('',(1.,0.,0.));
#1876 = DIRECTION('',(0.,0.,1.));
#1877 = DEFINITIONAL_REPRESENTATION('',(#1878),#1882);
#1878 = LINE('',#1879,#1880);
#1879 = CARTESIAN_POINT('',(0.,0.));
#1880 = VECTOR('',#1881,1.);
#1881 = DIRECTION('',(1.,0.));
#1882 = ( GEOMETRIC_REPRESENTATION_CONTEXT(2) 
PARAMETRIC_REPRESENTATION_CONTEXT() REPRESENTATION_CONTEXT('2D SPACE',''
  ) );
#1883 = ADVANCED_FACE('',(#1884),#814,.F.);
#1884 = FACE_BOUND('',#1885,.F.);
#1885 = EDGE_LOOP('',(#1886,#1887,#1888,#1889));
#1886 = ORIENTED_EDGE('',*,*,#1733,.F.);
#1887 = ORIENTED_EDGE('',*,*,#799,.T.);
#1888 = ORIENTED_EDGE('',*,*,#1815,.T.);
#1889 = ORIENTED_EDGE('',*,*,#1057,.F.);
#1890 = ADVANCED_FACE('',(#1891),#743,.T.);
#1891 = FACE_BOUND('',#1892,.T.);
#1892 = EDGE_LOOP('',(#1893,#1916,#1917,#1918,#1919,#1942));
#1893 = ORIENTED_EDGE('',*,*,#1894,.F.);
#1894 = EDGE_CURVE('',#1104,#1895,#1897,.T.);
#1895 = VERTEX_POINT('',#1896);
#1896 = CARTESIAN_POINT('',(-16.66506350946,23.864736709749,70.));
#1897 = SURFACE_CURVE('',#1898,(#1902,#1909),.PCURVE_S1.);
#1898 = LINE('',#1899,#1900);
#1899 = CARTESIAN_POINT('',(-10.66506350946,13.472431864335,70.));
#1900 = VECTOR('',#1901,1.);
#1901 = DIRECTION('',(-0.5,0.866025403784,0.));
#1902 = PCURVE('',#743,#1903);
#1903 = DEFINITIONAL_REPRESENTATION('',(#1904),#1908);
#1904 = LINE('',#1905,#1906);
#1905 = CARTESIAN_POINT('',(0.,0.));
#1906 = VECTOR('',#1907,1.);
#1907 = DIRECTION('',(0.,1.));
#1908 = ( GEOMETRIC_REPRESENTATION_CONTEXT(2) 
PARAMETRIC_REPRESENTATION_CONTEXT() REPRESENTATION_CONTEXT('2D SPACE',''
  ) );
#1909 = PCURVE('',#1141,#1910);
#1910 = DEFINITIONAL_REPRESENTATION('',(#1911),#1915);
#1911 = LINE('',#1912,#1913);
#1912 = CARTESIAN_POINT('',(1.055245832006E-15,5.));
#1913 = VECTOR('',#1914,1.);
#1914 = DIRECTION('',(1.,2.231125221501E-17));
#1915 = ( GEOMETRIC_REPRESENTATION_CONTEXT(2) 
PARAMETRIC_REPRESENTATION_CONTEXT() REPRESENTATION_CONTEXT('2D SPACE',''
  ) );
#1916 = ORIENTED_EDGE('',*,*,#1103,.T.);
#1917 = ORIENTED_EDGE('',*,*,#829,.F.);
#1918 = ORIENTED_EDGE('',*,*,#728,.T.);
#1919 = ORIENTED_EDGE('',*,*,#1920,.T.);
#1920 = EDGE_CURVE('',#700,#1921,#1923,.T.);
#1921 = VERTEX_POINT('',#1922);
#1922 = CARTESIAN_POINT('',(-16.66506350946,23.864736709749,76.));
#1923 = SURFACE_CURVE('',#1924,(#1928,#1935),.PCURVE_S1.);
#1924 = LINE('',#1925,#1926);
#1925 = CARTESIAN_POINT('',(-10.66506350946,13.472431864335,76.));
#1926 = VECTOR('',#1927,1.);
#1927 = DIRECTION('',(-0.5,0.866025403784,0.));
#1928 = PCURVE('',#743,#1929);
#1929 = DEFINITIONAL_REPRESENTATION('',(#1930),#1934);
#1930 = LINE('',#1931,#1932);
#1931 = CARTESIAN_POINT('',(6.,0.));
#1932 = VECTOR('',#1933,1.);
#1933 = DIRECTION('',(0.,1.));
#1934 = ( GEOMETRIC_REPRESENTATION_CONTEXT(2) 
PARAMETRIC_REPRESENTATION_CONTEXT() REPRESENTATION_CONTEXT('2D SPACE',''
  ) );
#1935 = PCURVE('',#716,#1936);
#1936 = DEFINITIONAL_REPRESENTATION('',(#1937),#1941);
#1937 = LINE('',#1938,#1939);
#1938 = CARTESIAN_POINT('',(1.055245832006E-15,5.));
#1939 = VECTOR('',#1940,1.);
#1940 = DIRECTION('',(1.,2.231125221501E-17));
#1941 = ( GEOMETRIC_REPRESENTATION_CONTEXT(2) 
PARAMETRIC_REPRESENTATION_CONTEXT() REPRESENTATION_CONTEXT('2D SPACE',''
  ) );
#1942 = ORIENTED_EDGE('',*,*,#1943,.F.);
#1943 = EDGE_CURVE('',#1895,#1921,#1944,.T.);
#1944 = SURFACE_CURVE('',#1945,(#1949,#1956),.PCURVE_S1.);
#1945 = LINE('',#1946,#1947);
#1946 = CARTESIAN_POINT('',(-16.66506350946,23.864736709749,70.));
#1947 = VECTOR('',#1948,1.);
#1948 = DIRECTION('',(0.,0.,1.));
#1949 = PCURVE('',#743,#1950);
#1950 = DEFINITIONAL_REPRESENTATION('',(#1951),#1955);
#1951 = LINE('',#1952,#1953);
#1952 = CARTESIAN_POINT('',(0.,12.));
#1953 = VECTOR('',#1954,1.);
#1954 = DIRECTION('',(1.,0.));
#1955 = ( GEOMETRIC_REPRESENTATION_CONTEXT(2) 
PARAMETRIC_REPRESENTATION_CONTEXT() REPRESENTATION_CONTEXT('2D SPACE',''
  ) );
#1956 = PCURVE('',#1957,#1962);
#1957 = PLANE('',#1958);
#1958 = AXIS2_PLACEMENT_3D('',#1959,#1960,#1961);
#1959 = CARTESIAN_POINT('',(-12.33493649053,26.364736709749,70.));
#1960 = DIRECTION('',(-0.5,0.866025403784,0.));
#1961 = DIRECTION('',(0.,0.,1.));
#1962 = DEFINITIONAL_REPRESENTATION('',(#1963),#1967);
#1963 = LINE('',#1964,#1965);
#1964 = CARTESIAN_POINT('',(0.,-5.));
#1965 = VECTOR('',#1966,1.);
#1966 = DIRECTION('',(1.,0.));
#1967 = ( GEOMETRIC_REPRESENTATION_CONTEXT(2) 
PARAMETRIC_REPRESENTATION_CONTEXT() REPRESENTATION_CONTEXT('2D SPACE',''
  ) );
#1968 = ADVANCED_FACE('',(#1969),#716,.T.);
#1969 = FACE_BOUND('',#1970,.T.);
#1970 = EDGE_LOOP('',(#1971,#1972,#1973,#1996,#2019,#2048));
#1971 = ORIENTED_EDGE('',*,*,#1920,.F.);
#1972 = ORIENTED_EDGE('',*,*,#699,.F.);
#1973 = ORIENTED_EDGE('',*,*,#1974,.T.);
#1974 = EDGE_CURVE('',#674,#1975,#1977,.T.);
#1975 = VERTEX_POINT('',#1976);
#1976 = CARTESIAN_POINT('',(-12.33493649053,26.364736709749,76.));
#1977 = SURFACE_CURVE('',#1978,(#1982,#1989),.PCURVE_S1.);
#1978 = LINE('',#1979,#1980);
#1979 = CARTESIAN_POINT('',(-6.334936490539,15.972431864335,76.));
#1980 = VECTOR('',#1981,1.);
#1981 = DIRECTION('',(-0.5,0.866025403784,0.));
#1982 = PCURVE('',#716,#1983);
#1983 = DEFINITIONAL_REPRESENTATION('',(#1984),#1988);
#1984 = LINE('',#1985,#1986);
#1985 = CARTESIAN_POINT('',(0.,0.));
#1986 = VECTOR('',#1987,1.);
#1987 = DIRECTION('',(1.,2.231125221501E-17));
#1988 = ( GEOMETRIC_REPRESENTATION_CONTEXT(2) 
PARAMETRIC_REPRESENTATION_CONTEXT() REPRESENTATION_CONTEXT('2D SPACE',''
  ) );
#1989 = PCURVE('',#688,#1990);
#1990 = DEFINITIONAL_REPRESENTATION('',(#1991),#1995);
#1991 = LINE('',#1992,#1993);
#1992 = CARTESIAN_POINT('',(6.,0.));
#1993 = VECTOR('',#1994,1.);
#1994 = DIRECTION('',(0.,1.));
#1995 = ( GEOMETRIC_REPRESENTATION_CONTEXT(2) 
PARAMETRIC_REPRESENTATION_CONTEXT() REPRESENTATION_CONTEXT('2D SPACE',''
  ) );
#1996 = ORIENTED_EDGE('',*,*,#1997,.T.);
#1997 = EDGE_CURVE('',#1975,#1998,#2000,.T.);
#1998 = VERTEX_POINT('',#1999);
#1999 = CARTESIAN_POINT('',(-13.20385186031,25.863068187104,76.));
#2000 = SURFACE_CURVE('',#2001,(#2005,#2012),.PCURVE_S1.);
#2001 = LINE('',#2002,#2003);
#2002 = CARTESIAN_POINT('',(-12.33493649053,26.364736709749,76.));
#2003 = VECTOR('',#2004,1.);
#2004 = DIRECTION('',(-0.866025403784,-0.5,0.));
#2005 = PCURVE('',#716,#2006);
#2006 = DEFINITIONAL_REPRESENTATION('',(#2007),#2011);
#2007 = LINE('',#2008,#2009);
#2008 = CARTESIAN_POINT('',(12.,2.379866902934E-16));
#2009 = VECTOR('',#2010,1.);
#2010 = DIRECTION('',(2.231125221501E-17,1.));
#2011 = ( GEOMETRIC_REPRESENTATION_CONTEXT(2) 
PARAMETRIC_REPRESENTATION_CONTEXT() REPRESENTATION_CONTEXT('2D SPACE',''
  ) );
#2012 = PCURVE('',#1957,#2013);
#2013 = DEFINITIONAL_REPRESENTATION('',(#2014),#2018);
#2014 = LINE('',#2015,#2016);
#2015 = CARTESIAN_POINT('',(6.,0.));
#2016 = VECTOR('',#2017,1.);
#2017 = DIRECTION('',(0.,-1.));
#2018 = ( GEOMETRIC_REPRESENTATION_CONTEXT(2) 
PARAMETRIC_REPRESENTATION_CONTEXT() REPRESENTATION_CONTEXT('2D SPACE',''
  ) );
#2019 = ORIENTED_EDGE('',*,*,#2020,.F.);
#2020 = EDGE_CURVE('',#2021,#1998,#2023,.T.);
#2021 = VERTEX_POINT('',#2022);
#2022 = CARTESIAN_POINT('',(-15.79614813968,24.366405232394,76.));
#2023 = SURFACE_CURVE('',#2024,(#2029,#2036),.PCURVE_S1.);
#2024 = CIRCLE('',#2025,1.8);
#2025 = AXIS2_PLACEMENT_3D('',#2026,#2027,#2028);
#2026 = CARTESIAN_POINT('',(-14.,24.248711305964,76.));
#2027 = DIRECTION('',(0.,0.,1.));
#2028 = DIRECTION('',(-0.5,0.866025403784,0.));
#2029 = PCURVE('',#716,#2030);
#2030 = DEFINITIONAL_REPRESENTATION('',(#2031),#2035);
#2031 = CIRCLE('',#2032,1.8);
#2032 = AXIS2_PLACEMENT_2D('',#2033,#2034);
#2033 = CARTESIAN_POINT('',(11.,2.5));
#2034 = DIRECTION('',(1.,2.231125221501E-17));
#2035 = ( GEOMETRIC_REPRESENTATION_CONTEXT(2) 
PARAMETRIC_REPRESENTATION_CONTEXT() REPRESENTATION_CONTEXT('2D SPACE',''
  ) );
#2036 = PCURVE('',#2037,#2042);
#2037 = CYLINDRICAL_SURFACE('',#2038,1.8);
#2038 = AXIS2_PLACEMENT_3D('',#2039,#2040,#2041);
#2039 = CARTESIAN_POINT('',(-14.,24.248711305964,73.));
#2040 = DIRECTION('',(0.,0.,1.));
#2041 = DIRECTION('',(-0.5,0.866025403784,0.));
#2042 = DEFINITIONAL_REPRESENTATION('',(#2043),#2047);
#2043 = LINE('',#2044,#2045);
#2044 = CARTESIAN_POINT('',(-2.231125221501E-17,3.));
#2045 = VECTOR('',#2046,1.);
#2046 = DIRECTION('',(1.,0.));
#2047 = ( GEOMETRIC_REPRESENTATION_CONTEXT(2) 
PARAMETRIC_REPRESENTATION_CONTEXT() REPRESENTATION_CONTEXT('2D SPACE',''
  ) );
#2048 = ORIENTED_EDGE('',*,*,#2049,.T.);
#2049 = EDGE_CURVE('',#2021,#1921,#2050,.T.);
#2050 = SURFACE_CURVE('',#2051,(#2055,#2062),.PCURVE_S1.);
#2051 = LINE('',#2052,#2053);
#2052 = CARTESIAN_POINT('',(-12.33493649053,26.364736709749,76.));
#2053 = VECTOR('',#2054,1.);
#2054 = DIRECTION('',(-0.866025403784,-0.5,0.));
#2055 = PCURVE('',#716,#2056);
#2056 = DEFINITIONAL_REPRESENTATION('',(#2057),#2061);
#2057 = LINE('',#2058,#2059);
#2058 = CARTESIAN_POINT('',(12.,2.379866902934E-16));
#2059 = VECTOR('',#2060,1.);
#2060 = DIRECTION('',(2.231125221501E-17,1.));
#2061 = ( GEOMETRIC_REPRESENTATION_CONTEXT(2) 
PARAMETRIC_REPRESENTATION_CONTEXT() REPRESENTATION_CONTEXT('2D SPACE',''
  ) );
#2062 = PCURVE('',#1957,#2063);
#2063 = DEFINITIONAL_REPRESENTATION('',(#2064),#2068);
#2064 = LINE('',#2065,#2066);
#2065 = CARTESIAN_POINT('',(6.,0.));
#2066 = VECTOR('',#2067,1.);
#2067 = DIRECTION('',(0.,-1.));
#2068 = ( GEOMETRIC_REPRESENTATION_CONTEXT(2) 
PARAMETRIC_REPRESENTATION_CONTEXT() REPRESENTATION_CONTEXT('2D SPACE',''
  ) );
#2069 = ADVANCED_FACE('',(#2070),#688,.F.);
#2070 = FACE_BOUND('',#2071,.F.);
#2071 = EDGE_LOOP('',(#2072,#2095,#2096,#2115,#2116,#2117));
#2072 = ORIENTED_EDGE('',*,*,#2073,.F.);
#2073 = EDGE_CURVE('',#1125,#2074,#2076,.T.);
#2074 = VERTEX_POINT('',#2075);
#2075 = CARTESIAN_POINT('',(-12.33493649053,26.364736709749,70.));
#2076 = SURFACE_CURVE('',#2077,(#2081,#2088),.PCURVE_S1.);
#2077 = LINE('',#2078,#2079);
#2078 = CARTESIAN_POINT('',(-6.334936490539,15.972431864335,70.));
#2079 = VECTOR('',#2080,1.);
#2080 = DIRECTION('',(-0.5,0.866025403784,0.));
#2081 = PCURVE('',#688,#2082);
#2082 = DEFINITIONAL_REPRESENTATION('',(#2083),#2087);
#2083 = LINE('',#2084,#2085);
#2084 = CARTESIAN_POINT('',(0.,0.));
#2085 = VECTOR('',#2086,1.);
#2086 = DIRECTION('',(0.,1.));
#2087 = ( GEOMETRIC_REPRESENTATION_CONTEXT(2) 
PARAMETRIC_REPRESENTATION_CONTEXT() REPRESENTATION_CONTEXT('2D SPACE',''
  ) );
#2088 = PCURVE('',#1141,#2089);
#2089 = DEFINITIONAL_REPRESENTATION('',(#2090),#2094);
#2090 = LINE('',#2091,#2092);
#2091 = CARTESIAN_POINT('',(0.,0.));
#2092 = VECTOR('',#2093,1.);
#2093 = DIRECTION('',(1.,2.231125221501E-17));
#2094 = ( GEOMETRIC_REPRESENTATION_CONTEXT(2) 
PARAMETRIC_REPRESENTATION_CONTEXT() REPRESENTATION_CONTEXT('2D SPACE',''
  ) );
#2095 = ORIENTED_EDGE('',*,*,#1153,.T.);
#2096 = ORIENTED_EDGE('',*,*,#2097,.F.);
#2097 = EDGE_CURVE('',#645,#1154,#2098,.T.);
#2098 = SURFACE_CURVE('',#2099,(#2103,#2109),.PCURVE_S1.);
#2099 = LINE('',#2100,#2101);
#2100 = CARTESIAN_POINT('',(-2.084936490539,8.611215932168,72.));
#2101 = VECTOR('',#2102,1.);
#2102 = DIRECTION('',(0.5,-0.866025403784,0.));
#2103 = PCURVE('',#688,#2104);
#2104 = DEFINITIONAL_REPRESENTATION('',(#2105),#2108);
#2105 = B_SPLINE_CURVE_WITH_KNOTS('',1,(#2106,#2107),.UNSPECIFIED.,.F.,
  .F.,(2,2),(-14.30533563299,-8.5),.PIECEWISE_BEZIER_KNOTS.);
#2106 = CARTESIAN_POINT('',(2.,5.80533563299));
#2107 = CARTESIAN_POINT('',(2.,0.));
#2108 = ( GEOMETRIC_REPRESENTATION_CONTEXT(2) 
PARAMETRIC_REPRESENTATION_CONTEXT() REPRESENTATION_CONTEXT('2D SPACE',''
  ) );
#2109 = PCURVE('',#661,#2110);
#2110 = DEFINITIONAL_REPRESENTATION('',(#2111),#2114);
#2111 = B_SPLINE_CURVE_WITH_KNOTS('',1,(#2112,#2113),.UNSPECIFIED.,.F.,
  .F.,(2,2),(-14.30533563299,-8.5),.PIECEWISE_BEZIER_KNOTS.);
#2112 = CARTESIAN_POINT('',(-9.237604307034,21.));
#2113 = CARTESIAN_POINT('',(-6.334936490539,15.972431864335));
#2114 = ( GEOMETRIC_REPRESENTATION_CONTEXT(2) 
PARAMETRIC_REPRESENTATION_CONTEXT() REPRESENTATION_CONTEXT('2D SPACE',''
  ) );
#2115 = ORIENTED_EDGE('',*,*,#673,.T.);
#2116 = ORIENTED_EDGE('',*,*,#1974,.T.);
#2117 = ORIENTED_EDGE('',*,*,#2118,.F.);
#2118 = EDGE_CURVE('',#2074,#1975,#2119,.T.);
#2119 = SURFACE_CURVE('',#2120,(#2124,#2131),.PCURVE_S1.);
#2120 = LINE('',#2121,#2122);
#2121 = CARTESIAN_POINT('',(-12.33493649053,26.364736709749,70.));
#2122 = VECTOR('',#2123,1.);
#2123 = DIRECTION('',(0.,0.,1.));
#2124 = PCURVE('',#688,#2125);
#2125 = DEFINITIONAL_REPRESENTATION('',(#2126),#2130);
#2126 = LINE('',#2127,#2128);
#2127 = CARTESIAN_POINT('',(0.,12.));
#2128 = VECTOR('',#2129,1.);
#2129 = DIRECTION('',(1.,0.));
#2130 = ( GEOMETRIC_REPRESENTATION_CONTEXT(2) 
PARAMETRIC_REPRESENTATION_CONTEXT() REPRESENTATION_CONTEXT('2D SPACE',''
  ) );
#2131 = PCURVE('',#1957,#2132);
#2132 = DEFINITIONAL_REPRESENTATION('',(#2133),#2137);
#2133 = LINE('',#2134,#2135);
#2134 = CARTESIAN_POINT('',(0.,0.));
#2135 = VECTOR('',#2136,1.);
#2136 = DIRECTION('',(1.,0.));
#2137 = ( GEOMETRIC_REPRESENTATION_CONTEXT(2) 
PARAMETRIC_REPRESENTATION_CONTEXT() REPRESENTATION_CONTEXT('2D SPACE',''
  ) );
#2138 = ADVANCED_FACE('',(#2139),#661,.F.);
#2139 = FACE_BOUND('',#2140,.F.);
#2140 = EDGE_LOOP('',(#2141,#2160,#2161,#2162));
#2141 = ORIENTED_EDGE('',*,*,#2142,.F.);
#2142 = EDGE_CURVE('',#619,#1175,#2143,.T.);
#2143 = SURFACE_CURVE('',#2144,(#2148,#2154),.PCURVE_S1.);
#2144 = LINE('',#2145,#2146);
#2145 = CARTESIAN_POINT('',(8.5,2.5,72.));
#2146 = VECTOR('',#2147,1.);
#2147 = DIRECTION('',(-1.,0.,0.));
#2148 = PCURVE('',#661,#2149);
#2149 = DEFINITIONAL_REPRESENTATION('',(#2150),#2153);
#2150 = B_SPLINE_CURVE_WITH_KNOTS('',1,(#2151,#2152),.UNSPECIFIED.,.F.,
  .F.,(2,2),(-12.5,-8.5),.PIECEWISE_BEZIER_KNOTS.);
#2151 = CARTESIAN_POINT('',(21.,2.5));
#2152 = CARTESIAN_POINT('',(17.,2.5));
#2153 = ( GEOMETRIC_REPRESENTATION_CONTEXT(2) 
PARAMETRIC_REPRESENTATION_CONTEXT() REPRESENTATION_CONTEXT('2D SPACE',''
  ) );
#2154 = PCURVE('',#633,#2155);
#2155 = DEFINITIONAL_REPRESENTATION('',(#2156),#2159);
#2156 = B_SPLINE_CURVE_WITH_KNOTS('',1,(#2157,#2158),.UNSPECIFIED.,.F.,
  .F.,(2,2),(-12.5,-8.5),.PIECEWISE_BEZIER_KNOTS.);
#2157 = CARTESIAN_POINT('',(2.,4.));
#2158 = CARTESIAN_POINT('',(2.,0.));
#2159 = ( GEOMETRIC_REPRESENTATION_CONTEXT(2) 
PARAMETRIC_REPRESENTATION_CONTEXT() REPRESENTATION_CONTEXT('2D SPACE',''
  ) );
#2160 = ORIENTED_EDGE('',*,*,#644,.T.);
#2161 = ORIENTED_EDGE('',*,*,#2097,.T.);
#2162 = ORIENTED_EDGE('',*,*,#1174,.F.);
#2163 = ADVANCED_FACE('',(#2164),#633,.T.);
#2164 = FACE_BOUND('',#2165,.T.);
#2165 = EDGE_LOOP('',(#2166,#2189,#2190,#2191,#2192,#2215));
#2166 = ORIENTED_EDGE('',*,*,#2167,.F.);
#2167 = EDGE_CURVE('',#1199,#2168,#2170,.T.);
#2168 = VERTEX_POINT('',#2169);
#2169 = CARTESIAN_POINT('',(29.,2.5,70.));
#2170 = SURFACE_CURVE('',#2171,(#2175,#2182),.PCURVE_S1.);
#2171 = LINE('',#2172,#2173);
#2172 = CARTESIAN_POINT('',(17.,2.5,70.));
#2173 = VECTOR('',#2174,1.);
#2174 = DIRECTION('',(1.,0.,0.));
#2175 = PCURVE('',#633,#2176);
#2176 = DEFINITIONAL_REPRESENTATION('',(#2177),#2181);
#2177 = LINE('',#2178,#2179);
#2178 = CARTESIAN_POINT('',(0.,0.));
#2179 = VECTOR('',#2180,1.);
#2180 = DIRECTION('',(0.,1.));
#2181 = ( GEOMETRIC_REPRESENTATION_CONTEXT(2) 
PARAMETRIC_REPRESENTATION_CONTEXT() REPRESENTATION_CONTEXT('2D SPACE',''
  ) );
#2182 = PCURVE('',#1024,#2183);
#2183 = DEFINITIONAL_REPRESENTATION('',(#2184),#2188);
#2184 = LINE('',#2185,#2186);
#2185 = CARTESIAN_POINT('',(0.,5.));
#2186 = VECTOR('',#2187,1.);
#2187 = DIRECTION('',(1.,0.));
#2188 = ( GEOMETRIC_REPRESENTATION_CONTEXT(2) 
PARAMETRIC_REPRESENTATION_CONTEXT() REPRESENTATION_CONTEXT('2D SPACE',''
  ) );
#2189 = ORIENTED_EDGE('',*,*,#1198,.T.);
#2190 = ORIENTED_EDGE('',*,*,#2142,.F.);
#2191 = ORIENTED_EDGE('',*,*,#618,.T.);
#2192 = ORIENTED_EDGE('',*,*,#2193,.T.);
#2193 = EDGE_CURVE('',#595,#2194,#2196,.T.);
#2194 = VERTEX_POINT('',#2195);
#2195 = CARTESIAN_POINT('',(29.,2.5,76.));
#2196 = SURFACE_CURVE('',#2197,(#2201,#2208),.PCURVE_S1.);
#2197 = LINE('',#2198,#2199);
#2198 = CARTESIAN_POINT('',(17.,2.5,76.));
#2199 = VECTOR('',#2200,1.);
#2200 = DIRECTION('',(1.,0.,0.));
#2201 = PCURVE('',#633,#2202);
#2202 = DEFINITIONAL_REPRESENTATION('',(#2203),#2207);
#2203 = LINE('',#2204,#2205);
#2204 = CARTESIAN_POINT('',(6.,0.));
#2205 = VECTOR('',#2206,1.);
#2206 = DIRECTION('',(0.,1.));
#2207 = ( GEOMETRIC_REPRESENTATION_CONTEXT(2) 
PARAMETRIC_REPRESENTATION_CONTEXT() REPRESENTATION_CONTEXT('2D SPACE',''
  ) );
#2208 = PCURVE('',#531,#2209);
#2209 = DEFINITIONAL_REPRESENTATION('',(#2210),#2214);
#2210 = LINE('',#2211,#2212);
#2211 = CARTESIAN_POINT('',(0.,5.));
#2212 = VECTOR('',#2213,1.);
#2213 = DIRECTION('',(1.,0.));
#2214 = ( GEOMETRIC_REPRESENTATION_CONTEXT(2) 
PARAMETRIC_REPRESENTATION_CONTEXT() REPRESENTATION_CONTEXT('2D SPACE',''
  ) );
#2215 = ORIENTED_EDGE('',*,*,#2216,.F.);
#2216 = EDGE_CURVE('',#2168,#2194,#2217,.T.);
#2217 = SURFACE_CURVE('',#2218,(#2222,#2229),.PCURVE_S1.);
#2218 = LINE('',#2219,#2220);
#2219 = CARTESIAN_POINT('',(29.,2.5,70.));
#2220 = VECTOR('',#2221,1.);
#2221 = DIRECTION('',(0.,0.,1.));
#2222 = PCURVE('',#633,#2223);
#2223 = DEFINITIONAL_REPRESENTATION('',(#2224),#2228);
#2224 = LINE('',#2225,#2226);
#2225 = CARTESIAN_POINT('',(0.,12.));
#2226 = VECTOR('',#2227,1.);
#2227 = DIRECTION('',(1.,0.));
#2228 = ( GEOMETRIC_REPRESENTATION_CONTEXT(2) 
PARAMETRIC_REPRESENTATION_CONTEXT() REPRESENTATION_CONTEXT('2D SPACE',''
  ) );
#2229 = PCURVE('',#1872,#2230);
#2230 = DEFINITIONAL_REPRESENTATION('',(#2231),#2235);
#2231 = LINE('',#2232,#2233);
#2232 = CARTESIAN_POINT('',(0.,-5.));
#2233 = VECTOR('',#2234,1.);
#2234 = DIRECTION('',(1.,0.));
#2235 = ( GEOMETRIC_REPRESENTATION_CONTEXT(2) 
PARAMETRIC_REPRESENTATION_CONTEXT() REPRESENTATION_CONTEXT('2D SPACE',''
  ) );
#2236 = ADVANCED_FACE('',(#2237),#531,.T.);
#2237 = FACE_BOUND('',#2238,.T.);
#2238 = EDGE_LOOP('',(#2239,#2240,#2241,#2242,#2243,#2266,#2295));
#2239 = ORIENTED_EDGE('',*,*,#2193,.F.);
#2240 = ORIENTED_EDGE('',*,*,#594,.F.);
#2241 = ORIENTED_EDGE('',*,*,#514,.F.);
#2242 = ORIENTED_EDGE('',*,*,#1835,.T.);
#2243 = ORIENTED_EDGE('',*,*,#2244,.T.);
#2244 = EDGE_CURVE('',#1836,#2245,#2247,.T.);
#2245 = VERTEX_POINT('',#2246);
#2246 = CARTESIAN_POINT('',(29.,-1.49666295471,76.));
#2247 = SURFACE_CURVE('',#2248,(#2252,#2259),.PCURVE_S1.);
#2248 = LINE('',#2249,#2250);
#2249 = CARTESIAN_POINT('',(29.,-2.5,76.));
#2250 = VECTOR('',#2251,1.);
#2251 = DIRECTION('',(0.,1.,0.));
#2252 = PCURVE('',#531,#2253);
#2253 = DEFINITIONAL_REPRESENTATION('',(#2254),#2258);
#2254 = LINE('',#2255,#2256);
#2255 = CARTESIAN_POINT('',(12.,0.));
#2256 = VECTOR('',#2257,1.);
#2257 = DIRECTION('',(0.,1.));
#2258 = ( GEOMETRIC_REPRESENTATION_CONTEXT(2) 
PARAMETRIC_REPRESENTATION_CONTEXT() REPRESENTATION_CONTEXT('2D SPACE',''
  ) );
#2259 = PCURVE('',#1872,#2260);
#2260 = DEFINITIONAL_REPRESENTATION('',(#2261),#2265);
#2261 = LINE('',#2262,#2263);
#2262 = CARTESIAN_POINT('',(6.,0.));
#2263 = VECTOR('',#2264,1.);
#2264 = DIRECTION('',(0.,-1.));
#2265 = ( GEOMETRIC_REPRESENTATION_CONTEXT(2) 
PARAMETRIC_REPRESENTATION_CONTEXT() REPRESENTATION_CONTEXT('2D SPACE',''
  ) );
#2266 = ORIENTED_EDGE('',*,*,#2267,.F.);
#2267 = EDGE_CURVE('',#2268,#2245,#2270,.T.);
#2268 = VERTEX_POINT('',#2269);
#2269 = CARTESIAN_POINT('',(29.,1.49666295471,76.));
#2270 = SURFACE_CURVE('',#2271,(#2276,#2283),.PCURVE_S1.);
#2271 = CIRCLE('',#2272,1.8);
#2272 = AXIS2_PLACEMENT_3D('',#2273,#2274,#2275);
#2273 = CARTESIAN_POINT('',(28.,0.,76.));
#2274 = DIRECTION('',(0.,0.,1.));
#2275 = DIRECTION('',(1.,0.,-0.));
#2276 = PCURVE('',#531,#2277);
#2277 = DEFINITIONAL_REPRESENTATION('',(#2278),#2282);
#2278 = CIRCLE('',#2279,1.8);
#2279 = AXIS2_PLACEMENT_2D('',#2280,#2281);
#2280 = CARTESIAN_POINT('',(11.,2.5));
#2281 = DIRECTION('',(1.,0.));
#2282 = ( GEOMETRIC_REPRESENTATION_CONTEXT(2) 
PARAMETRIC_REPRESENTATION_CONTEXT() REPRESENTATION_CONTEXT('2D SPACE',''
  ) );
#2283 = PCURVE('',#2284,#2289);
#2284 = CYLINDRICAL_SURFACE('',#2285,1.8);
#2285 = AXIS2_PLACEMENT_3D('',#2286,#2287,#2288);
#2286 = CARTESIAN_POINT('',(28.,0.,73.));
#2287 = DIRECTION('',(0.,0.,1.));
#2288 = DIRECTION('',(1.,0.,0.));
#2289 = DEFINITIONAL_REPRESENTATION('',(#2290),#2294);
#2290 = LINE('',#2291,#2292);
#2291 = CARTESIAN_POINT('',(0.,3.));
#2292 = VECTOR('',#2293,1.);
#2293 = DIRECTION('',(1.,0.));
#2294 = ( GEOMETRIC_REPRESENTATION_CONTEXT(2) 
PARAMETRIC_REPRESENTATION_CONTEXT() REPRESENTATION_CONTEXT('2D SPACE',''
  ) );
#2295 = ORIENTED_EDGE('',*,*,#2296,.T.);
#2296 = EDGE_CURVE('',#2268,#2194,#2297,.T.);
#2297 = SURFACE_CURVE('',#2298,(#2302,#2309),.PCURVE_S1.);
#2298 = LINE('',#2299,#2300);
#2299 = CARTESIAN_POINT('',(29.,-2.5,76.));
#2300 = VECTOR('',#2301,1.);
#2301 = DIRECTION('',(0.,1.,0.));
#2302 = PCURVE('',#531,#2303);
#2303 = DEFINITIONAL_REPRESENTATION('',(#2304),#2308);
#2304 = LINE('',#2305,#2306);
#2305 = CARTESIAN_POINT('',(12.,0.));
#2306 = VECTOR('',#2307,1.);
#2307 = DIRECTION('',(0.,1.));
#2308 = ( GEOMETRIC_REPRESENTATION_CONTEXT(2) 
PARAMETRIC_REPRESENTATION_CONTEXT() REPRESENTATION_CONTEXT('2D SPACE',''
  ) );
#2309 = PCURVE('',#1872,#2310);
#2310 = DEFINITIONAL_REPRESENTATION('',(#2311),#2315);
#2311 = LINE('',#2312,#2313);
#2312 = CARTESIAN_POINT('',(6.,0.));
#2313 = VECTOR('',#2314,1.);
#2314 = DIRECTION('',(0.,-1.));
#2315 = ( GEOMETRIC_REPRESENTATION_CONTEXT(2) 
PARAMETRIC_REPRESENTATION_CONTEXT() REPRESENTATION_CONTEXT('2D SPACE',''
  ) );
#2316 = ADVANCED_FACE('',(#2317,#2320),#581,.T.);
#2317 = FACE_BOUND('',#2318,.T.);
#2318 = EDGE_LOOP('',(#2319));
#2319 = ORIENTED_EDGE('',*,*,#566,.T.);
#2320 = FACE_BOUND('',#2321,.T.);
#2321 = EDGE_LOOP('',(#2322));
#2322 = ORIENTED_EDGE('',*,*,#2323,.F.);
#2323 = EDGE_CURVE('',#2324,#2324,#2326,.T.);
#2324 = VERTEX_POINT('',#2325);
#2325 = CARTESIAN_POINT('',(14.8,-3.624954525476E-15,77.));
#2326 = SURFACE_CURVE('',#2327,(#2332,#2339),.PCURVE_S1.);
#2327 = CIRCLE('',#2328,14.8);
#2328 = AXIS2_PLACEMENT_3D('',#2329,#2330,#2331);
#2329 = CARTESIAN_POINT('',(0.,0.,77.));
#2330 = DIRECTION('',(0.,0.,1.));
#2331 = DIRECTION('',(1.,0.,-0.));
#2332 = PCURVE('',#581,#2333);
#2333 = DEFINITIONAL_REPRESENTATION('',(#2334),#2338);
#2334 = CIRCLE('',#2335,14.8);
#2335 = AXIS2_PLACEMENT_2D('',#2336,#2337);
#2336 = CARTESIAN_POINT('',(0.,0.));
#2337 = DIRECTION('',(1.,0.));
#2338 = ( GEOMETRIC_REPRESENTATION_CONTEXT(2) 
PARAMETRIC_REPRESENTATION_CONTEXT() REPRESENTATION_CONTEXT('2D SPACE',''
  ) );
#2339 = PCURVE('',#2340,#2345);
#2340 = CYLINDRICAL_SURFACE('',#2341,14.8);
#2341 = AXIS2_PLACEMENT_3D('',#2342,#2343,#2344);
#2342 = CARTESIAN_POINT('',(0.,0.,71.));
#2343 = DIRECTION('',(0.,0.,1.));
#2344 = DIRECTION('',(1.,0.,-0.));
#2345 = DEFINITIONAL_REPRESENTATION('',(#2346),#2350);
#2346 = LINE('',#2347,#2348);
#2347 = CARTESIAN_POINT('',(0.,6.));
#2348 = VECTOR('',#2349,1.);
#2349 = DIRECTION('',(1.,0.));
#2350 = ( GEOMETRIC_REPRESENTATION_CONTEXT(2) 
PARAMETRIC_REPRESENTATION_CONTEXT() REPRESENTATION_CONTEXT('2D SPACE',''
  ) );
#2351 = ADVANCED_FACE('',(#2352),#896,.F.);
#2352 = FACE_BOUND('',#2353,.F.);
#2353 = EDGE_LOOP('',(#2354,#2377,#2378,#2399,#2425,#2444,#2445,#2468,
    #2497));
#2354 = ORIENTED_EDGE('',*,*,#2355,.F.);
#2355 = EDGE_CURVE('',#1293,#2356,#2358,.T.);
#2356 = VERTEX_POINT('',#2357);
#2357 = CARTESIAN_POINT('',(26.832815729997,3.,30.));
#2358 = SURFACE_CURVE('',#2359,(#2363,#2370),.PCURVE_S1.);
#2359 = LINE('',#2360,#2361);
#2360 = CARTESIAN_POINT('',(-30.,3.,30.));
#2361 = VECTOR('',#2362,1.);
#2362 = DIRECTION('',(1.,0.,-0.));
#2363 = PCURVE('',#896,#2364);
#2364 = DEFINITIONAL_REPRESENTATION('',(#2365),#2369);
#2365 = LINE('',#2366,#2367);
#2366 = CARTESIAN_POINT('',(0.,6.));
#2367 = VECTOR('',#2368,1.);
#2368 = DIRECTION('',(1.,0.));
#2369 = ( GEOMETRIC_REPRESENTATION_CONTEXT(2) 
PARAMETRIC_REPRESENTATION_CONTEXT() REPRESENTATION_CONTEXT('2D SPACE',''
  ) );
#2370 = PCURVE('',#1281,#2371);
#2371 = DEFINITIONAL_REPRESENTATION('',(#2372),#2376);
#2372 = LINE('',#2373,#2374);
#2373 = CARTESIAN_POINT('',(0.,0.));
#2374 = VECTOR('',#2375,1.);
#2375 = DIRECTION('',(0.,1.));
#2376 = ( GEOMETRIC_REPRESENTATION_CONTEXT(2) 
PARAMETRIC_REPRESENTATION_CONTEXT() REPRESENTATION_CONTEXT('2D SPACE',''
  ) );
#2377 = ORIENTED_EDGE('',*,*,#1313,.F.);
#2378 = ORIENTED_EDGE('',*,*,#2379,.T.);
#2379 = EDGE_CURVE('',#1314,#2380,#2382,.T.);
#2380 = VERTEX_POINT('',#2381);
#2381 = CARTESIAN_POINT('',(25.5,2.2360679775,30.));
#2382 = SURFACE_CURVE('',#2383,(#2387,#2393),.PCURVE_S1.);
#2383 = LINE('',#2384,#2385);
#2384 = CARTESIAN_POINT('',(16.5,2.2360679775,30.));
#2385 = VECTOR('',#2386,1.);
#2386 = DIRECTION('',(1.,0.,1.110223024625E-16));
#2387 = PCURVE('',#896,#2388);
#2388 = DEFINITIONAL_REPRESENTATION('',(#2389),#2392);
#2389 = B_SPLINE_CURVE_WITH_KNOTS('',1,(#2390,#2391),.UNSPECIFIED.,.F.,
  .F.,(2,2),(0.740939049567,9.0000006),.PIECEWISE_BEZIER_KNOTS.);
#2390 = CARTESIAN_POINT('',(47.240939049567,5.2360679775));
#2391 = CARTESIAN_POINT('',(55.5000006,5.2360679775));
#2392 = ( GEOMETRIC_REPRESENTATION_CONTEXT(2) 
PARAMETRIC_REPRESENTATION_CONTEXT() REPRESENTATION_CONTEXT('2D SPACE',''
  ) );
#2393 = PCURVE('',#1411,#2394);
#2394 = DEFINITIONAL_REPRESENTATION('',(#2395),#2398);
#2395 = B_SPLINE_CURVE_WITH_KNOTS('',1,(#2396,#2397),.UNSPECIFIED.,.F.,
  .F.,(2,2),(0.740939049567,9.0000006),.PIECEWISE_BEZIER_KNOTS.);
#2396 = CARTESIAN_POINT('',(0.841068670568,0.740939049567));
#2397 = CARTESIAN_POINT('',(0.841068670568,9.0000006));
#2398 = ( GEOMETRIC_REPRESENTATION_CONTEXT(2) 
PARAMETRIC_REPRESENTATION_CONTEXT() REPRESENTATION_CONTEXT('2D SPACE',''
  ) );
#2399 = ORIENTED_EDGE('',*,*,#2400,.T.);
#2400 = EDGE_CURVE('',#2380,#2401,#2403,.T.);
#2401 = VERTEX_POINT('',#2402);
#2402 = CARTESIAN_POINT('',(25.5,-2.2360679775,30.));
#2403 = SURFACE_CURVE('',#2404,(#2408,#2414),.PCURVE_S1.);
#2404 = LINE('',#2405,#2406);
#2405 = CARTESIAN_POINT('',(25.5,-1.5,30.));
#2406 = VECTOR('',#2407,1.);
#2407 = DIRECTION('',(0.,-1.,0.));
#2408 = PCURVE('',#896,#2409);
#2409 = DEFINITIONAL_REPRESENTATION('',(#2410),#2413);
#2410 = B_SPLINE_CURVE_WITH_KNOTS('',1,(#2411,#2412),.UNSPECIFIED.,.F.,
  .F.,(2,2),(-4.5,1.5),.PIECEWISE_BEZIER_KNOTS.);
#2411 = CARTESIAN_POINT('',(55.5,6.));
#2412 = CARTESIAN_POINT('',(55.5,0.));
#2413 = ( GEOMETRIC_REPRESENTATION_CONTEXT(2) 
PARAMETRIC_REPRESENTATION_CONTEXT() REPRESENTATION_CONTEXT('2D SPACE',''
  ) );
#2414 = PCURVE('',#2415,#2420);
#2415 = PLANE('',#2416);
#2416 = AXIS2_PLACEMENT_3D('',#2417,#2418,#2419);
#2417 = CARTESIAN_POINT('',(25.5,0.,32.));
#2418 = DIRECTION('',(1.,0.,1.110223024625E-16));
#2419 = DIRECTION('',(1.110223024625E-16,0.,-1.));
#2420 = DEFINITIONAL_REPRESENTATION('',(#2421),#2424);
#2421 = B_SPLINE_CURVE_WITH_KNOTS('',1,(#2422,#2423),.UNSPECIFIED.,.F.,
  .F.,(2,2),(-4.5,1.5),.PIECEWISE_BEZIER_KNOTS.);
#2422 = CARTESIAN_POINT('',(2.,3.));
#2423 = CARTESIAN_POINT('',(2.,-3.));
#2424 = ( GEOMETRIC_REPRESENTATION_CONTEXT(2) 
PARAMETRIC_REPRESENTATION_CONTEXT() REPRESENTATION_CONTEXT('2D SPACE',''
  ) );
#2425 = ORIENTED_EDGE('',*,*,#2426,.F.);
#2426 = EDGE_CURVE('',#880,#2401,#2427,.T.);
#2427 = SURFACE_CURVE('',#2428,(#2432,#2438),.PCURVE_S1.);
#2428 = LINE('',#2429,#2430);
#2429 = CARTESIAN_POINT('',(16.5,-2.2360679775,30.));
#2430 = VECTOR('',#2431,1.);
#2431 = DIRECTION('',(1.,0.,1.110223024625E-16));
#2432 = PCURVE('',#896,#2433);
#2433 = DEFINITIONAL_REPRESENTATION('',(#2434),#2437);
#2434 = B_SPLINE_CURVE_WITH_KNOTS('',1,(#2435,#2436),.UNSPECIFIED.,.F.,
  .F.,(2,2),(0.740939049567,9.0000006),.PIECEWISE_BEZIER_KNOTS.);
#2435 = CARTESIAN_POINT('',(47.240939049567,0.7639320225));
#2436 = CARTESIAN_POINT('',(55.5000006,0.7639320225));
#2437 = ( GEOMETRIC_REPRESENTATION_CONTEXT(2) 
PARAMETRIC_REPRESENTATION_CONTEXT() REPRESENTATION_CONTEXT('2D SPACE',''
  ) );
#2438 = PCURVE('',#1575,#2439);
#2439 = DEFINITIONAL_REPRESENTATION('',(#2440),#2443);
#2440 = B_SPLINE_CURVE_WITH_KNOTS('',1,(#2441,#2442),.UNSPECIFIED.,.F.,
  .F.,(2,2),(0.740939049567,9.0000006),.PIECEWISE_BEZIER_KNOTS.);
#2441 = CARTESIAN_POINT('',(5.442116636612,0.740939049567));
#2442 = CARTESIAN_POINT('',(5.442116636612,9.0000006));
#2443 = ( GEOMETRIC_REPRESENTATION_CONTEXT(2) 
PARAMETRIC_REPRESENTATION_CONTEXT() REPRESENTATION_CONTEXT('2D SPACE',''
  ) );
#2444 = ORIENTED_EDGE('',*,*,#877,.F.);
#2445 = ORIENTED_EDGE('',*,*,#2446,.T.);
#2446 = EDGE_CURVE('',#878,#2447,#2449,.T.);
#2447 = VERTEX_POINT('',#2448);
#2448 = CARTESIAN_POINT('',(26.832815729997,-3.,30.));
#2449 = SURFACE_CURVE('',#2450,(#2454,#2461),.PCURVE_S1.);
#2450 = LINE('',#2451,#2452);
#2451 = CARTESIAN_POINT('',(-30.,-3.,30.));
#2452 = VECTOR('',#2453,1.);
#2453 = DIRECTION('',(1.,0.,-0.));
#2454 = PCURVE('',#896,#2455);
#2455 = DEFINITIONAL_REPRESENTATION('',(#2456),#2460);
#2456 = LINE('',#2457,#2458);
#2457 = CARTESIAN_POINT('',(0.,0.));
#2458 = VECTOR('',#2459,1.);
#2459 = DIRECTION('',(1.,0.));
#2460 = ( GEOMETRIC_REPRESENTATION_CONTEXT(2) 
PARAMETRIC_REPRESENTATION_CONTEXT() REPRESENTATION_CONTEXT('2D SPACE',''
  ) );
#2461 = PCURVE('',#923,#2462);
#2462 = DEFINITIONAL_REPRESENTATION('',(#2463),#2467);
#2463 = LINE('',#2464,#2465);
#2464 = CARTESIAN_POINT('',(0.,0.));
#2465 = VECTOR('',#2466,1.);
#2466 = DIRECTION('',(0.,1.));
#2467 = ( GEOMETRIC_REPRESENTATION_CONTEXT(2) 
PARAMETRIC_REPRESENTATION_CONTEXT() REPRESENTATION_CONTEXT('2D SPACE',''
  ) );
#2468 = ORIENTED_EDGE('',*,*,#2469,.T.);
#2469 = EDGE_CURVE('',#2447,#2470,#2472,.T.);
#2470 = VERTEX_POINT('',#2471);
#2471 = CARTESIAN_POINT('',(27.,-6.613092715396E-15,30.));
#2472 = SURFACE_CURVE('',#2473,(#2478,#2485),.PCURVE_S1.);
#2473 = CIRCLE('',#2474,27.);
#2474 = AXIS2_PLACEMENT_3D('',#2475,#2476,#2477);
#2475 = CARTESIAN_POINT('',(0.,0.,30.));
#2476 = DIRECTION('',(0.,0.,1.));
#2477 = DIRECTION('',(1.,0.,-0.));
#2478 = PCURVE('',#896,#2479);
#2479 = DEFINITIONAL_REPRESENTATION('',(#2480),#2484);
#2480 = CIRCLE('',#2481,27.);
#2481 = AXIS2_PLACEMENT_2D('',#2482,#2483);
#2482 = CARTESIAN_POINT('',(30.,3.));
#2483 = DIRECTION('',(1.,0.));
#2484 = ( GEOMETRIC_REPRESENTATION_CONTEXT(2) 
PARAMETRIC_REPRESENTATION_CONTEXT() REPRESENTATION_CONTEXT('2D SPACE',''
  ) );
#2485 = PCURVE('',#2486,#2491);
#2486 = CYLINDRICAL_SURFACE('',#2487,27.);
#2487 = AXIS2_PLACEMENT_3D('',#2488,#2489,#2490);
#2488 = CARTESIAN_POINT('',(0.,0.,25.));
#2489 = DIRECTION('',(0.,0.,1.));
#2490 = DIRECTION('',(1.,0.,-0.));
#2491 = DEFINITIONAL_REPRESENTATION('',(#2492),#2496);
#2492 = LINE('',#2493,#2494);
#2493 = CARTESIAN_POINT('',(0.,5.));
#2494 = VECTOR('',#2495,1.);
#2495 = DIRECTION('',(1.,0.));
#2496 = ( GEOMETRIC_REPRESENTATION_CONTEXT(2) 
PARAMETRIC_REPRESENTATION_CONTEXT() REPRESENTATION_CONTEXT('2D SPACE',''
  ) );
#2497 = ORIENTED_EDGE('',*,*,#2498,.T.);
#2498 = EDGE_CURVE('',#2470,#2356,#2499,.T.);
#2499 = SURFACE_CURVE('',#2500,(#2505,#2512),.PCURVE_S1.);
#2500 = CIRCLE('',#2501,27.);
#2501 = AXIS2_PLACEMENT_3D('',#2502,#2503,#2504);
#2502 = CARTESIAN_POINT('',(0.,0.,30.));
#2503 = DIRECTION('',(0.,0.,1.));
#2504 = DIRECTION('',(1.,0.,-0.));
#2505 = PCURVE('',#896,#2506);
#2506 = DEFINITIONAL_REPRESENTATION('',(#2507),#2511);
#2507 = CIRCLE('',#2508,27.);
#2508 = AXIS2_PLACEMENT_2D('',#2509,#2510);
#2509 = CARTESIAN_POINT('',(30.,3.));
#2510 = DIRECTION('',(1.,0.));
#2511 = ( GEOMETRIC_REPRESENTATION_CONTEXT(2) 
PARAMETRIC_REPRESENTATION_CONTEXT() REPRESENTATION_CONTEXT('2D SPACE',''
  ) );
#2512 = PCURVE('',#2486,#2513);
#2513 = DEFINITIONAL_REPRESENTATION('',(#2514),#2518);
#2514 = LINE('',#2515,#2516);
#2515 = CARTESIAN_POINT('',(0.,5.));
#2516 = VECTOR('',#2517,1.);
#2517 = DIRECTION('',(1.,0.));
#2518 = ( GEOMETRIC_REPRESENTATION_CONTEXT(2) 
PARAMETRIC_REPRESENTATION_CONTEXT() REPRESENTATION_CONTEXT('2D SPACE',''
  ) );
#2519 = ADVANCED_FACE('',(#2520),#1575,.T.);
#2520 = FACE_BOUND('',#2521,.T.);
#2521 = EDGE_LOOP('',(#2522,#2523,#2546,#2568));
#2522 = ORIENTED_EDGE('',*,*,#1503,.T.);
#2523 = ORIENTED_EDGE('',*,*,#2524,.T.);
#2524 = EDGE_CURVE('',#1338,#2525,#2527,.T.);
#2525 = VERTEX_POINT('',#2526);
#2526 = CARTESIAN_POINT('',(25.5,-7.347880794884E-16,29.));
#2527 = SURFACE_CURVE('',#2528,(#2532,#2539),.PCURVE_S1.);
#2528 = LINE('',#2529,#2530);
#2529 = CARTESIAN_POINT('',(16.5,-7.347880794884E-16,29.));
#2530 = VECTOR('',#2531,1.);
#2531 = DIRECTION('',(1.,0.,1.110223024625E-16));
#2532 = PCURVE('',#1575,#2533);
#2533 = DEFINITIONAL_REPRESENTATION('',(#2534),#2538);
#2534 = LINE('',#2535,#2536);
#2535 = CARTESIAN_POINT('',(6.28318530718,-0.));
#2536 = VECTOR('',#2537,1.);
#2537 = DIRECTION('',(0.,1.));
#2538 = ( GEOMETRIC_REPRESENTATION_CONTEXT(2) 
PARAMETRIC_REPRESENTATION_CONTEXT() REPRESENTATION_CONTEXT('2D SPACE',''
  ) );
#2539 = PCURVE('',#1411,#2540);
#2540 = DEFINITIONAL_REPRESENTATION('',(#2541),#2545);
#2541 = LINE('',#2542,#2543);
#2542 = CARTESIAN_POINT('',(0.,-0.));
#2543 = VECTOR('',#2544,1.);
#2544 = DIRECTION('',(0.,1.));
#2545 = ( GEOMETRIC_REPRESENTATION_CONTEXT(2) 
PARAMETRIC_REPRESENTATION_CONTEXT() REPRESENTATION_CONTEXT('2D SPACE',''
  ) );
#2546 = ORIENTED_EDGE('',*,*,#2547,.F.);
#2547 = EDGE_CURVE('',#2401,#2525,#2548,.T.);
#2548 = SURFACE_CURVE('',#2549,(#2554,#2561),.PCURVE_S1.);
#2549 = CIRCLE('',#2550,3.);
#2550 = AXIS2_PLACEMENT_3D('',#2551,#2552,#2553);
#2551 = CARTESIAN_POINT('',(25.5,0.,32.));
#2552 = DIRECTION('',(1.,-0.,1.110223024625E-16));
#2553 = DIRECTION('',(1.110223024625E-16,0.,-1.));
#2554 = PCURVE('',#1575,#2555);
#2555 = DEFINITIONAL_REPRESENTATION('',(#2556),#2560);
#2556 = LINE('',#2557,#2558);
#2557 = CARTESIAN_POINT('',(0.,9.));
#2558 = VECTOR('',#2559,1.);
#2559 = DIRECTION('',(1.,0.));
#2560 = ( GEOMETRIC_REPRESENTATION_CONTEXT(2) 
PARAMETRIC_REPRESENTATION_CONTEXT() REPRESENTATION_CONTEXT('2D SPACE',''
  ) );
#2561 = PCURVE('',#2415,#2562);
#2562 = DEFINITIONAL_REPRESENTATION('',(#2563),#2567);
#2563 = CIRCLE('',#2564,3.);
#2564 = AXIS2_PLACEMENT_2D('',#2565,#2566);
#2565 = CARTESIAN_POINT('',(0.,0.));
#2566 = DIRECTION('',(1.,0.));
#2567 = ( GEOMETRIC_REPRESENTATION_CONTEXT(2) 
PARAMETRIC_REPRESENTATION_CONTEXT() REPRESENTATION_CONTEXT('2D SPACE',''
  ) );
#2568 = ORIENTED_EDGE('',*,*,#2426,.F.);
#2569 = ADVANCED_FACE('',(#2570,#2573),#1490,.F.);
#2570 = FACE_BOUND('',#2571,.F.);
#2571 = EDGE_LOOP('',(#2572));
#2572 = ORIENTED_EDGE('',*,*,#1475,.T.);
#2573 = FACE_BOUND('',#2574,.F.);
#2574 = EDGE_LOOP('',(#2575));
#2575 = ORIENTED_EDGE('',*,*,#2576,.F.);
#2576 = EDGE_CURVE('',#2577,#2577,#2579,.T.);
#2577 = VERTEX_POINT('',#2578);
#2578 = CARTESIAN_POINT('',(14.8,-3.624954525476E-15,0.));
#2579 = SURFACE_CURVE('',#2580,(#2585,#2592),.PCURVE_S1.);
#2580 = CIRCLE('',#2581,14.8);
#2581 = AXIS2_PLACEMENT_3D('',#2582,#2583,#2584);
#2582 = CARTESIAN_POINT('',(0.,0.,0.));
#2583 = DIRECTION('',(0.,0.,1.));
#2584 = DIRECTION('',(1.,0.,-0.));
#2585 = PCURVE('',#1490,#2586);
#2586 = DEFINITIONAL_REPRESENTATION('',(#2587),#2591);
#2587 = CIRCLE('',#2588,14.8);
#2588 = AXIS2_PLACEMENT_2D('',#2589,#2590);
#2589 = CARTESIAN_POINT('',(0.,0.));
#2590 = DIRECTION('',(1.,0.));
#2591 = ( GEOMETRIC_REPRESENTATION_CONTEXT(2) 
PARAMETRIC_REPRESENTATION_CONTEXT() REPRESENTATION_CONTEXT('2D SPACE',''
  ) );
#2592 = PCURVE('',#2593,#2598);
#2593 = CYLINDRICAL_SURFACE('',#2594,14.8);
#2594 = AXIS2_PLACEMENT_3D('',#2595,#2596,#2597);
#2595 = CARTESIAN_POINT('',(0.,0.,-1.));
#2596 = DIRECTION('',(0.,0.,1.));
#2597 = DIRECTION('',(1.,0.,-0.));
#2598 = DEFINITIONAL_REPRESENTATION('',(#2599),#2603);
#2599 = LINE('',#2600,#2601);
#2600 = CARTESIAN_POINT('',(0.,1.));
#2601 = VECTOR('',#2602,1.);
#2602 = DIRECTION('',(1.,0.));
#2603 = ( GEOMETRIC_REPRESENTATION_CONTEXT(2) 
PARAMETRIC_REPRESENTATION_CONTEXT() REPRESENTATION_CONTEXT('2D SPACE',''
  ) );
#2604 = ADVANCED_FACE('',(#2605),#1411,.T.);
#2605 = FACE_BOUND('',#2606,.T.);
#2606 = EDGE_LOOP('',(#2607,#2608,#2609,#2610));
#2607 = ORIENTED_EDGE('',*,*,#2524,.F.);
#2608 = ORIENTED_EDGE('',*,*,#1337,.T.);
#2609 = ORIENTED_EDGE('',*,*,#2379,.T.);
#2610 = ORIENTED_EDGE('',*,*,#2611,.F.);
#2611 = EDGE_CURVE('',#2525,#2380,#2612,.T.);
#2612 = SURFACE_CURVE('',#2613,(#2618,#2625),.PCURVE_S1.);
#2613 = CIRCLE('',#2614,3.);
#2614 = AXIS2_PLACEMENT_3D('',#2615,#2616,#2617);
#2615 = CARTESIAN_POINT('',(25.5,0.,32.));
#2616 = DIRECTION('',(1.,-0.,1.110223024625E-16));
#2617 = DIRECTION('',(1.110223024625E-16,0.,-1.));
#2618 = PCURVE('',#1411,#2619);
#2619 = DEFINITIONAL_REPRESENTATION('',(#2620),#2624);
#2620 = LINE('',#2621,#2622);
#2621 = CARTESIAN_POINT('',(0.,9.));
#2622 = VECTOR('',#2623,1.);
#2623 = DIRECTION('',(1.,0.));
#2624 = ( GEOMETRIC_REPRESENTATION_CONTEXT(2) 
PARAMETRIC_REPRESENTATION_CONTEXT() REPRESENTATION_CONTEXT('2D SPACE',''
  ) );
#2625 = PCURVE('',#2415,#2626);
#2626 = DEFINITIONAL_REPRESENTATION('',(#2627),#2631);
#2627 = CIRCLE('',#2628,3.);
#2628 = AXIS2_PLACEMENT_2D('',#2629,#2630);
#2629 = CARTESIAN_POINT('',(0.,0.));
#2630 = DIRECTION('',(1.,0.));
#2631 = ( GEOMETRIC_REPRESENTATION_CONTEXT(2) 
PARAMETRIC_REPRESENTATION_CONTEXT() REPRESENTATION_CONTEXT('2D SPACE',''
  ) );
#2632 = ADVANCED_FACE('',(#2633),#1281,.T.);
#2633 = FACE_BOUND('',#2634,.T.);
#2634 = EDGE_LOOP('',(#2635,#2636,#2637,#2638,#2661));
#2635 = ORIENTED_EDGE('',*,*,#2355,.F.);
#2636 = ORIENTED_EDGE('',*,*,#1292,.T.);
#2637 = ORIENTED_EDGE('',*,*,#1266,.T.);
#2638 = ORIENTED_EDGE('',*,*,#2639,.T.);
#2639 = EDGE_CURVE('',#1243,#2640,#2642,.T.);
#2640 = VERTEX_POINT('',#2641);
#2641 = CARTESIAN_POINT('',(26.832815729997,3.,35.));
#2642 = SURFACE_CURVE('',#2643,(#2647,#2654),.PCURVE_S1.);
#2643 = LINE('',#2644,#2645);
#2644 = CARTESIAN_POINT('',(-30.,3.,35.));
#2645 = VECTOR('',#2646,1.);
#2646 = DIRECTION('',(1.,0.,-0.));
#2647 = PCURVE('',#1281,#2648);
#2648 = DEFINITIONAL_REPRESENTATION('',(#2649),#2653);
#2649 = LINE('',#2650,#2651);
#2650 = CARTESIAN_POINT('',(5.,0.));
#2651 = VECTOR('',#2652,1.);
#2652 = DIRECTION('',(0.,1.));
#2653 = ( GEOMETRIC_REPRESENTATION_CONTEXT(2) 
PARAMETRIC_REPRESENTATION_CONTEXT() REPRESENTATION_CONTEXT('2D SPACE',''
  ) );
#2654 = PCURVE('',#972,#2655);
#2655 = DEFINITIONAL_REPRESENTATION('',(#2656),#2660);
#2656 = LINE('',#2657,#2658);
#2657 = CARTESIAN_POINT('',(0.,6.));
#2658 = VECTOR('',#2659,1.);
#2659 = DIRECTION('',(1.,0.));
#2660 = ( GEOMETRIC_REPRESENTATION_CONTEXT(2) 
PARAMETRIC_REPRESENTATION_CONTEXT() REPRESENTATION_CONTEXT('2D SPACE',''
  ) );
#2661 = ORIENTED_EDGE('',*,*,#2662,.F.);
#2662 = EDGE_CURVE('',#2356,#2640,#2663,.T.);
#2663 = SURFACE_CURVE('',#2664,(#2668,#2674),.PCURVE_S1.);
#2664 = LINE('',#2665,#2666);
#2665 = CARTESIAN_POINT('',(26.832815729997,3.,25.));
#2666 = VECTOR('',#2667,1.);
#2667 = DIRECTION('',(0.,0.,1.));
#2668 = PCURVE('',#1281,#2669);
#2669 = DEFINITIONAL_REPRESENTATION('',(#2670),#2673);
#2670 = B_SPLINE_CURVE_WITH_KNOTS('',1,(#2671,#2672),.UNSPECIFIED.,.F.,
  .F.,(2,2),(4.5,10.5),.PIECEWISE_BEZIER_KNOTS.);
#2671 = CARTESIAN_POINT('',(-0.5,56.832815729997));
#2672 = CARTESIAN_POINT('',(5.5,56.832815729997));
#2673 = ( GEOMETRIC_REPRESENTATION_CONTEXT(2) 
PARAMETRIC_REPRESENTATION_CONTEXT() REPRESENTATION_CONTEXT('2D SPACE',''
  ) );
#2674 = PCURVE('',#2486,#2675);
#2675 = DEFINITIONAL_REPRESENTATION('',(#2676),#2679);
#2676 = B_SPLINE_CURVE_WITH_KNOTS('',1,(#2677,#2678),.UNSPECIFIED.,.F.,
  .F.,(2,2),(4.5,10.5),.PIECEWISE_BEZIER_KNOTS.);
#2677 = CARTESIAN_POINT('',(0.111341014341,4.5));
#2678 = CARTESIAN_POINT('',(0.111341014341,10.5));
#2679 = ( GEOMETRIC_REPRESENTATION_CONTEXT(2) 
PARAMETRIC_REPRESENTATION_CONTEXT() REPRESENTATION_CONTEXT('2D SPACE',''
  ) );
#2680 = ADVANCED_FACE('',(#2681),#972,.T.);
#2681 = FACE_BOUND('',#2682,.T.);
#2682 = EDGE_LOOP('',(#2683,#2684,#2685,#2686,#2709,#2733));
#2683 = ORIENTED_EDGE('',*,*,#2639,.F.);
#2684 = ORIENTED_EDGE('',*,*,#1242,.F.);
#2685 = ORIENTED_EDGE('',*,*,#955,.F.);
#2686 = ORIENTED_EDGE('',*,*,#2687,.T.);
#2687 = EDGE_CURVE('',#935,#2688,#2690,.T.);
#2688 = VERTEX_POINT('',#2689);
#2689 = CARTESIAN_POINT('',(26.832815729997,-3.,35.));
#2690 = SURFACE_CURVE('',#2691,(#2695,#2702),.PCURVE_S1.);
#2691 = LINE('',#2692,#2693);
#2692 = CARTESIAN_POINT('',(-30.,-3.,35.));
#2693 = VECTOR('',#2694,1.);
#2694 = DIRECTION('',(1.,0.,-0.));
#2695 = PCURVE('',#972,#2696);
#2696 = DEFINITIONAL_REPRESENTATION('',(#2697),#2701);
#2697 = LINE('',#2698,#2699);
#2698 = CARTESIAN_POINT('',(0.,0.));
#2699 = VECTOR('',#2700,1.);
#2700 = DIRECTION('',(1.,0.));
#2701 = ( GEOMETRIC_REPRESENTATION_CONTEXT(2) 
PARAMETRIC_REPRESENTATION_CONTEXT() REPRESENTATION_CONTEXT('2D SPACE',''
  ) );
#2702 = PCURVE('',#923,#2703);
#2703 = DEFINITIONAL_REPRESENTATION('',(#2704),#2708);
#2704 = LINE('',#2705,#2706);
#2705 = CARTESIAN_POINT('',(5.,0.));
#2706 = VECTOR('',#2707,1.);
#2707 = DIRECTION('',(0.,1.));
#2708 = ( GEOMETRIC_REPRESENTATION_CONTEXT(2) 
PARAMETRIC_REPRESENTATION_CONTEXT() REPRESENTATION_CONTEXT('2D SPACE',''
  ) );
#2709 = ORIENTED_EDGE('',*,*,#2710,.T.);
#2710 = EDGE_CURVE('',#2688,#2711,#2713,.T.);
#2711 = VERTEX_POINT('',#2712);
#2712 = CARTESIAN_POINT('',(27.,-6.613092715396E-15,35.));
#2713 = SURFACE_CURVE('',#2714,(#2719,#2726),.PCURVE_S1.);
#2714 = CIRCLE('',#2715,27.);
#2715 = AXIS2_PLACEMENT_3D('',#2716,#2717,#2718);
#2716 = CARTESIAN_POINT('',(0.,0.,35.));
#2717 = DIRECTION('',(0.,0.,1.));
#2718 = DIRECTION('',(1.,0.,-0.));
#2719 = PCURVE('',#972,#2720);
#2720 = DEFINITIONAL_REPRESENTATION('',(#2721),#2725);
#2721 = CIRCLE('',#2722,27.);
#2722 = AXIS2_PLACEMENT_2D('',#2723,#2724);
#2723 = CARTESIAN_POINT('',(30.,3.));
#2724 = DIRECTION('',(1.,0.));
#2725 = ( GEOMETRIC_REPRESENTATION_CONTEXT(2) 
PARAMETRIC_REPRESENTATION_CONTEXT() REPRESENTATION_CONTEXT('2D SPACE',''
  ) );
#2726 = PCURVE('',#2486,#2727);
#2727 = DEFINITIONAL_REPRESENTATION('',(#2728),#2732);
#2728 = LINE('',#2729,#2730);
#2729 = CARTESIAN_POINT('',(0.,10.));
#2730 = VECTOR('',#2731,1.);
#2731 = DIRECTION('',(1.,0.));
#2732 = ( GEOMETRIC_REPRESENTATION_CONTEXT(2) 
PARAMETRIC_REPRESENTATION_CONTEXT() REPRESENTATION_CONTEXT('2D SPACE',''
  ) );
#2733 = ORIENTED_EDGE('',*,*,#2734,.T.);
#2734 = EDGE_CURVE('',#2711,#2640,#2735,.T.);
#2735 = SURFACE_CURVE('',#2736,(#2741,#2748),.PCURVE_S1.);
#2736 = CIRCLE('',#2737,27.);
#2737 = AXIS2_PLACEMENT_3D('',#2738,#2739,#2740);
#2738 = CARTESIAN_POINT('',(0.,0.,35.));
#2739 = DIRECTION('',(0.,0.,1.));
#2740 = DIRECTION('',(1.,0.,-0.));
#2741 = PCURVE('',#972,#2742);
#2742 = DEFINITIONAL_REPRESENTATION('',(#2743),#2747);
#2743 = CIRCLE('',#2744,27.);
#2744 = AXIS2_PLACEMENT_2D('',#2745,#2746);
#2745 = CARTESIAN_POINT('',(30.,3.));
#2746 = DIRECTION('',(1.,0.));
#2747 = ( GEOMETRIC_REPRESENTATION_CONTEXT(2) 
PARAMETRIC_REPRESENTATION_CONTEXT() REPRESENTATION_CONTEXT('2D SPACE',''
  ) );
#2748 = PCURVE('',#2486,#2749);
#2749 = DEFINITIONAL_REPRESENTATION('',(#2750),#2754);
#2750 = LINE('',#2751,#2752);
#2751 = CARTESIAN_POINT('',(0.,10.));
#2752 = VECTOR('',#2753,1.);
#2753 = DIRECTION('',(1.,0.));
#2754 = ( GEOMETRIC_REPRESENTATION_CONTEXT(2) 
PARAMETRIC_REPRESENTATION_CONTEXT() REPRESENTATION_CONTEXT('2D SPACE',''
  ) );
#2755 = ADVANCED_FACE('',(#2756),#1024,.F.);
#2756 = FACE_BOUND('',#2757,.F.);
#2757 = EDGE_LOOP('',(#2758,#2759,#2760,#2761,#2762));
#2758 = ORIENTED_EDGE('',*,*,#2167,.F.);
#2759 = ORIENTED_EDGE('',*,*,#1219,.F.);
#2760 = ORIENTED_EDGE('',*,*,#1007,.F.);
#2761 = ORIENTED_EDGE('',*,*,#1791,.T.);
#2762 = ORIENTED_EDGE('',*,*,#2763,.T.);
#2763 = EDGE_CURVE('',#1792,#2168,#2764,.T.);
#2764 = SURFACE_CURVE('',#2765,(#2769,#2776),.PCURVE_S1.);
#2765 = LINE('',#2766,#2767);
#2766 = CARTESIAN_POINT('',(29.,-2.5,70.));
#2767 = VECTOR('',#2768,1.);
#2768 = DIRECTION('',(0.,1.,0.));
#2769 = PCURVE('',#1024,#2770);
#2770 = DEFINITIONAL_REPRESENTATION('',(#2771),#2775);
#2771 = LINE('',#2772,#2773);
#2772 = CARTESIAN_POINT('',(12.,0.));
#2773 = VECTOR('',#2774,1.);
#2774 = DIRECTION('',(0.,1.));
#2775 = ( GEOMETRIC_REPRESENTATION_CONTEXT(2) 
PARAMETRIC_REPRESENTATION_CONTEXT() REPRESENTATION_CONTEXT('2D SPACE',''
  ) );
#2776 = PCURVE('',#1872,#2777);
#2777 = DEFINITIONAL_REPRESENTATION('',(#2778),#2782);
#2778 = LINE('',#2779,#2780);
#2779 = CARTESIAN_POINT('',(0.,0.));
#2780 = VECTOR('',#2781,1.);
#2781 = DIRECTION('',(0.,-1.));
#2782 = ( GEOMETRIC_REPRESENTATION_CONTEXT(2) 
PARAMETRIC_REPRESENTATION_CONTEXT() REPRESENTATION_CONTEXT('2D SPACE',''
  ) );
#2783 = ADVANCED_FACE('',(#2784),#1141,.F.);
#2784 = FACE_BOUND('',#2785,.F.);
#2785 = EDGE_LOOP('',(#2786,#2787,#2788,#2789));
#2786 = ORIENTED_EDGE('',*,*,#1894,.F.);
#2787 = ORIENTED_EDGE('',*,*,#1124,.F.);
#2788 = ORIENTED_EDGE('',*,*,#2073,.T.);
#2789 = ORIENTED_EDGE('',*,*,#2790,.T.);
#2790 = EDGE_CURVE('',#2074,#1895,#2791,.T.);
#2791 = SURFACE_CURVE('',#2792,(#2796,#2803),.PCURVE_S1.);
#2792 = LINE('',#2793,#2794);
#2793 = CARTESIAN_POINT('',(-12.33493649053,26.364736709749,70.));
#2794 = VECTOR('',#2795,1.);
#2795 = DIRECTION('',(-0.866025403784,-0.5,0.));
#2796 = PCURVE('',#1141,#2797);
#2797 = DEFINITIONAL_REPRESENTATION('',(#2798),#2802);
#2798 = LINE('',#2799,#2800);
#2799 = CARTESIAN_POINT('',(12.,2.379866902934E-16));
#2800 = VECTOR('',#2801,1.);
#2801 = DIRECTION('',(2.231125221501E-17,1.));
#2802 = ( GEOMETRIC_REPRESENTATION_CONTEXT(2) 
PARAMETRIC_REPRESENTATION_CONTEXT() REPRESENTATION_CONTEXT('2D SPACE',''
  ) );
#2803 = PCURVE('',#1957,#2804);
#2804 = DEFINITIONAL_REPRESENTATION('',(#2805),#2809);
#2805 = LINE('',#2806,#2807);
#2806 = CARTESIAN_POINT('',(0.,0.));
#2807 = VECTOR('',#2808,1.);
#2808 = DIRECTION('',(0.,-1.));
#2809 = ( GEOMETRIC_REPRESENTATION_CONTEXT(2) 
PARAMETRIC_REPRESENTATION_CONTEXT() REPRESENTATION_CONTEXT('2D SPACE',''
  ) );
#2810 = ADVANCED_FACE('',(#2811),#923,.F.);
#2811 = FACE_BOUND('',#2812,.F.);
#2812 = EDGE_LOOP('',(#2813,#2814,#2815,#2816,#2817));
#2813 = ORIENTED_EDGE('',*,*,#2446,.F.);
#2814 = ORIENTED_EDGE('',*,*,#908,.T.);
#2815 = ORIENTED_EDGE('',*,*,#934,.T.);
#2816 = ORIENTED_EDGE('',*,*,#2687,.T.);
#2817 = ORIENTED_EDGE('',*,*,#2818,.F.);
#2818 = EDGE_CURVE('',#2447,#2688,#2819,.T.);
#2819 = SURFACE_CURVE('',#2820,(#2824,#2830),.PCURVE_S1.);
#2820 = LINE('',#2821,#2822);
#2821 = CARTESIAN_POINT('',(26.832815729997,-3.,25.));
#2822 = VECTOR('',#2823,1.);
#2823 = DIRECTION('',(0.,0.,1.));
#2824 = PCURVE('',#923,#2825);
#2825 = DEFINITIONAL_REPRESENTATION('',(#2826),#2829);
#2826 = B_SPLINE_CURVE_WITH_KNOTS('',1,(#2827,#2828),.UNSPECIFIED.,.F.,
  .F.,(2,2),(4.5,10.5),.PIECEWISE_BEZIER_KNOTS.);
#2827 = CARTESIAN_POINT('',(-0.5,56.832815729997));
#2828 = CARTESIAN_POINT('',(5.5,56.832815729997));
#2829 = ( GEOMETRIC_REPRESENTATION_CONTEXT(2) 
PARAMETRIC_REPRESENTATION_CONTEXT() REPRESENTATION_CONTEXT('2D SPACE',''
  ) );
#2830 = PCURVE('',#2486,#2831);
#2831 = DEFINITIONAL_REPRESENTATION('',(#2832),#2835);
#2832 = B_SPLINE_CURVE_WITH_KNOTS('',1,(#2833,#2834),.UNSPECIFIED.,.F.,
  .F.,(2,2),(4.5,10.5),.PIECEWISE_BEZIER_KNOTS.);
#2833 = CARTESIAN_POINT('',(6.171844292839,4.5));
#2834 = CARTESIAN_POINT('',(6.171844292839,10.5));
#2835 = ( GEOMETRIC_REPRESENTATION_CONTEXT(2) 
PARAMETRIC_REPRESENTATION_CONTEXT() REPRESENTATION_CONTEXT('2D SPACE',''
  ) );
#2836 = ADVANCED_FACE('',(#2837),#1637,.F.);
#2837 = FACE_BOUND('',#2838,.F.);
#2838 = EDGE_LOOP('',(#2839,#2862,#2886,#2907));
#2839 = ORIENTED_EDGE('',*,*,#2840,.F.);
#2840 = EDGE_CURVE('',#2841,#1619,#2843,.T.);
#2841 = VERTEX_POINT('',#2842);
#2842 = CARTESIAN_POINT('',(-26.83281572999,3.,30.));
#2843 = SURFACE_CURVE('',#2844,(#2848,#2855),.PCURVE_S1.);
#2844 = LINE('',#2845,#2846);
#2845 = CARTESIAN_POINT('',(-30.,3.,30.));
#2846 = VECTOR('',#2847,1.);
#2847 = DIRECTION('',(1.,0.,-0.));
#2848 = PCURVE('',#1637,#2849);
#2849 = DEFINITIONAL_REPRESENTATION('',(#2850),#2854);
#2850 = LINE('',#2851,#2852);
#2851 = CARTESIAN_POINT('',(0.,6.));
#2852 = VECTOR('',#2853,1.);
#2853 = DIRECTION('',(1.,0.));
#2854 = ( GEOMETRIC_REPRESENTATION_CONTEXT(2) 
PARAMETRIC_REPRESENTATION_CONTEXT() REPRESENTATION_CONTEXT('2D SPACE',''
  ) );
#2855 = PCURVE('',#1664,#2856);
#2856 = DEFINITIONAL_REPRESENTATION('',(#2857),#2861);
#2857 = LINE('',#2858,#2859);
#2858 = CARTESIAN_POINT('',(0.,0.));
#2859 = VECTOR('',#2860,1.);
#2860 = DIRECTION('',(0.,1.));
#2861 = ( GEOMETRIC_REPRESENTATION_CONTEXT(2) 
PARAMETRIC_REPRESENTATION_CONTEXT() REPRESENTATION_CONTEXT('2D SPACE',''
  ) );
#2862 = ORIENTED_EDGE('',*,*,#2863,.T.);
#2863 = EDGE_CURVE('',#2841,#2864,#2866,.T.);
#2864 = VERTEX_POINT('',#2865);
#2865 = CARTESIAN_POINT('',(-26.83281572999,-3.,30.));
#2866 = SURFACE_CURVE('',#2867,(#2872,#2879),.PCURVE_S1.);
#2867 = CIRCLE('',#2868,27.);
#2868 = AXIS2_PLACEMENT_3D('',#2869,#2870,#2871);
#2869 = CARTESIAN_POINT('',(0.,0.,30.));
#2870 = DIRECTION('',(0.,0.,1.));
#2871 = DIRECTION('',(1.,0.,-0.));
#2872 = PCURVE('',#1637,#2873);
#2873 = DEFINITIONAL_REPRESENTATION('',(#2874),#2878);
#2874 = CIRCLE('',#2875,27.);
#2875 = AXIS2_PLACEMENT_2D('',#2876,#2877);
#2876 = CARTESIAN_POINT('',(30.,3.));
#2877 = DIRECTION('',(1.,0.));
#2878 = ( GEOMETRIC_REPRESENTATION_CONTEXT(2) 
PARAMETRIC_REPRESENTATION_CONTEXT() REPRESENTATION_CONTEXT('2D SPACE',''
  ) );
#2879 = PCURVE('',#2486,#2880);
#2880 = DEFINITIONAL_REPRESENTATION('',(#2881),#2885);
#2881 = LINE('',#2882,#2883);
#2882 = CARTESIAN_POINT('',(0.,5.));
#2883 = VECTOR('',#2884,1.);
#2884 = DIRECTION('',(1.,0.));
#2885 = ( GEOMETRIC_REPRESENTATION_CONTEXT(2) 
PARAMETRIC_REPRESENTATION_CONTEXT() REPRESENTATION_CONTEXT('2D SPACE',''
  ) );
#2886 = ORIENTED_EDGE('',*,*,#2887,.T.);
#2887 = EDGE_CURVE('',#2864,#1621,#2888,.T.);
#2888 = SURFACE_CURVE('',#2889,(#2893,#2900),.PCURVE_S1.);
#2889 = LINE('',#2890,#2891);
#2890 = CARTESIAN_POINT('',(-30.,-3.,30.));
#2891 = VECTOR('',#2892,1.);
#2892 = DIRECTION('',(1.,0.,-0.));
#2893 = PCURVE('',#1637,#2894);
#2894 = DEFINITIONAL_REPRESENTATION('',(#2895),#2899);
#2895 = LINE('',#2896,#2897);
#2896 = CARTESIAN_POINT('',(0.,0.));
#2897 = VECTOR('',#2898,1.);
#2898 = DIRECTION('',(1.,0.));
#2899 = ( GEOMETRIC_REPRESENTATION_CONTEXT(2) 
PARAMETRIC_REPRESENTATION_CONTEXT() REPRESENTATION_CONTEXT('2D SPACE',''
  ) );
#2900 = PCURVE('',#1717,#2901);
#2901 = DEFINITIONAL_REPRESENTATION('',(#2902),#2906);
#2902 = LINE('',#2903,#2904);
#2903 = CARTESIAN_POINT('',(0.,0.));
#2904 = VECTOR('',#2905,1.);
#2905 = DIRECTION('',(0.,1.));
#2906 = ( GEOMETRIC_REPRESENTATION_CONTEXT(2) 
PARAMETRIC_REPRESENTATION_CONTEXT() REPRESENTATION_CONTEXT('2D SPACE',''
  ) );
#2907 = ORIENTED_EDGE('',*,*,#1618,.F.);
#2908 = ADVANCED_FACE('',(#2909),#1664,.T.);
#2909 = FACE_BOUND('',#2910,.T.);
#2910 = EDGE_LOOP('',(#2911,#2912,#2933,#2954));
#2911 = ORIENTED_EDGE('',*,*,#2840,.F.);
#2912 = ORIENTED_EDGE('',*,*,#2913,.T.);
#2913 = EDGE_CURVE('',#2841,#2914,#2916,.T.);
#2914 = VERTEX_POINT('',#2915);
#2915 = CARTESIAN_POINT('',(-26.83281572999,3.,35.));
#2916 = SURFACE_CURVE('',#2917,(#2921,#2927),.PCURVE_S1.);
#2917 = LINE('',#2918,#2919);
#2918 = CARTESIAN_POINT('',(-26.83281572999,3.,25.));
#2919 = VECTOR('',#2920,1.);
#2920 = DIRECTION('',(0.,0.,1.));
#2921 = PCURVE('',#1664,#2922);
#2922 = DEFINITIONAL_REPRESENTATION('',(#2923),#2926);
#2923 = B_SPLINE_CURVE_WITH_KNOTS('',1,(#2924,#2925),.UNSPECIFIED.,.F.,
  .F.,(2,2),(4.5,10.5),.PIECEWISE_BEZIER_KNOTS.);
#2924 = CARTESIAN_POINT('',(-0.5,3.167184270003));
#2925 = CARTESIAN_POINT('',(5.5,3.167184270003));
#2926 = ( GEOMETRIC_REPRESENTATION_CONTEXT(2) 
PARAMETRIC_REPRESENTATION_CONTEXT() REPRESENTATION_CONTEXT('2D SPACE',''
  ) );
#2927 = PCURVE('',#2486,#2928);
#2928 = DEFINITIONAL_REPRESENTATION('',(#2929),#2932);
#2929 = B_SPLINE_CURVE_WITH_KNOTS('',1,(#2930,#2931),.UNSPECIFIED.,.F.,
  .F.,(2,2),(4.5,10.5),.PIECEWISE_BEZIER_KNOTS.);
#2930 = CARTESIAN_POINT('',(3.030251639249,4.5));
#2931 = CARTESIAN_POINT('',(3.030251639249,10.5));
#2932 = ( GEOMETRIC_REPRESENTATION_CONTEXT(2) 
PARAMETRIC_REPRESENTATION_CONTEXT() REPRESENTATION_CONTEXT('2D SPACE',''
  ) );
#2933 = ORIENTED_EDGE('',*,*,#2934,.T.);
#2934 = EDGE_CURVE('',#2914,#1650,#2935,.T.);
#2935 = SURFACE_CURVE('',#2936,(#2940,#2947),.PCURVE_S1.);
#2936 = LINE('',#2937,#2938);
#2937 = CARTESIAN_POINT('',(-30.,3.,35.));
#2938 = VECTOR('',#2939,1.);
#2939 = DIRECTION('',(1.,0.,-0.));
#2940 = PCURVE('',#1664,#2941);
#2941 = DEFINITIONAL_REPRESENTATION('',(#2942),#2946);
#2942 = LINE('',#2943,#2944);
#2943 = CARTESIAN_POINT('',(5.,0.));
#2944 = VECTOR('',#2945,1.);
#2945 = DIRECTION('',(0.,1.));
#2946 = ( GEOMETRIC_REPRESENTATION_CONTEXT(2) 
PARAMETRIC_REPRESENTATION_CONTEXT() REPRESENTATION_CONTEXT('2D SPACE',''
  ) );
#2947 = PCURVE('',#1692,#2948);
#2948 = DEFINITIONAL_REPRESENTATION('',(#2949),#2953);
#2949 = LINE('',#2950,#2951);
#2950 = CARTESIAN_POINT('',(0.,6.));
#2951 = VECTOR('',#2952,1.);
#2952 = DIRECTION('',(1.,0.));
#2953 = ( GEOMETRIC_REPRESENTATION_CONTEXT(2) 
PARAMETRIC_REPRESENTATION_CONTEXT() REPRESENTATION_CONTEXT('2D SPACE',''
  ) );
#2954 = ORIENTED_EDGE('',*,*,#1649,.F.);
#2955 = ADVANCED_FACE('',(#2956),#1717,.F.);
#2956 = FACE_BOUND('',#2957,.F.);
#2957 = EDGE_LOOP('',(#2958,#2959,#2980,#3001));
#2958 = ORIENTED_EDGE('',*,*,#2887,.F.);
#2959 = ORIENTED_EDGE('',*,*,#2960,.T.);
#2960 = EDGE_CURVE('',#2864,#2961,#2963,.T.);
#2961 = VERTEX_POINT('',#2962);
#2962 = CARTESIAN_POINT('',(-26.83281572999,-3.,35.));
#2963 = SURFACE_CURVE('',#2964,(#2968,#2974),.PCURVE_S1.);
#2964 = LINE('',#2965,#2966);
#2965 = CARTESIAN_POINT('',(-26.83281572999,-3.,25.));
#2966 = VECTOR('',#2967,1.);
#2967 = DIRECTION('',(0.,0.,1.));
#2968 = PCURVE('',#1717,#2969);
#2969 = DEFINITIONAL_REPRESENTATION('',(#2970),#2973);
#2970 = B_SPLINE_CURVE_WITH_KNOTS('',1,(#2971,#2972),.UNSPECIFIED.,.F.,
  .F.,(2,2),(4.5,10.5),.PIECEWISE_BEZIER_KNOTS.);
#2971 = CARTESIAN_POINT('',(-0.5,3.167184270003));
#2972 = CARTESIAN_POINT('',(5.5,3.167184270003));
#2973 = ( GEOMETRIC_REPRESENTATION_CONTEXT(2) 
PARAMETRIC_REPRESENTATION_CONTEXT() REPRESENTATION_CONTEXT('2D SPACE',''
  ) );
#2974 = PCURVE('',#2486,#2975);
#2975 = DEFINITIONAL_REPRESENTATION('',(#2976),#2979);
#2976 = B_SPLINE_CURVE_WITH_KNOTS('',1,(#2977,#2978),.UNSPECIFIED.,.F.,
  .F.,(2,2),(4.5,10.5),.PIECEWISE_BEZIER_KNOTS.);
#2977 = CARTESIAN_POINT('',(3.252933667931,4.5));
#2978 = CARTESIAN_POINT('',(3.252933667931,10.5));
#2979 = ( GEOMETRIC_REPRESENTATION_CONTEXT(2) 
PARAMETRIC_REPRESENTATION_CONTEXT() REPRESENTATION_CONTEXT('2D SPACE',''
  ) );
#2980 = ORIENTED_EDGE('',*,*,#2981,.T.);
#2981 = EDGE_CURVE('',#2961,#1676,#2982,.T.);
#2982 = SURFACE_CURVE('',#2983,(#2987,#2994),.PCURVE_S1.);
#2983 = LINE('',#2984,#2985);
#2984 = CARTESIAN_POINT('',(-30.,-3.,35.));
#2985 = VECTOR('',#2986,1.);
#2986 = DIRECTION('',(1.,0.,-0.));
#2987 = PCURVE('',#1717,#2988);
#2988 = DEFINITIONAL_REPRESENTATION('',(#2989),#2993);
#2989 = LINE('',#2990,#2991);
#2990 = CARTESIAN_POINT('',(5.,0.));
#2991 = VECTOR('',#2992,1.);
#2992 = DIRECTION('',(0.,1.));
#2993 = ( GEOMETRIC_REPRESENTATION_CONTEXT(2) 
PARAMETRIC_REPRESENTATION_CONTEXT() REPRESENTATION_CONTEXT('2D SPACE',''
  ) );
#2994 = PCURVE('',#1692,#2995);
#2995 = DEFINITIONAL_REPRESENTATION('',(#2996),#3000);
#2996 = LINE('',#2997,#2998);
#2997 = CARTESIAN_POINT('',(0.,0.));
#2998 = VECTOR('',#2999,1.);
#2999 = DIRECTION('',(1.,0.));
#3000 = ( GEOMETRIC_REPRESENTATION_CONTEXT(2) 
PARAMETRIC_REPRESENTATION_CONTEXT() REPRESENTATION_CONTEXT('2D SPACE',''
  ) );
#3001 = ORIENTED_EDGE('',*,*,#1704,.F.);
#3002 = ADVANCED_FACE('',(#3003),#1692,.T.);
#3003 = FACE_BOUND('',#3004,.T.);
#3004 = EDGE_LOOP('',(#3005,#3006,#3028,#3029));
#3005 = ORIENTED_EDGE('',*,*,#2934,.F.);
#3006 = ORIENTED_EDGE('',*,*,#3007,.T.);
#3007 = EDGE_CURVE('',#2914,#2961,#3008,.T.);
#3008 = SURFACE_CURVE('',#3009,(#3014,#3021),.PCURVE_S1.);
#3009 = CIRCLE('',#3010,27.);
#3010 = AXIS2_PLACEMENT_3D('',#3011,#3012,#3013);
#3011 = CARTESIAN_POINT('',(0.,0.,35.));
#3012 = DIRECTION('',(0.,0.,1.));
#3013 = DIRECTION('',(1.,0.,-0.));
#3014 = PCURVE('',#1692,#3015);
#3015 = DEFINITIONAL_REPRESENTATION('',(#3016),#3020);
#3016 = CIRCLE('',#3017,27.);
#3017 = AXIS2_PLACEMENT_2D('',#3018,#3019);
#3018 = CARTESIAN_POINT('',(30.,3.));
#3019 = DIRECTION('',(1.,0.));
#3020 = ( GEOMETRIC_REPRESENTATION_CONTEXT(2) 
PARAMETRIC_REPRESENTATION_CONTEXT() REPRESENTATION_CONTEXT('2D SPACE',''
  ) );
#3021 = PCURVE('',#2486,#3022);
#3022 = DEFINITIONAL_REPRESENTATION('',(#3023),#3027);
#3023 = LINE('',#3024,#3025);
#3024 = CARTESIAN_POINT('',(0.,10.));
#3025 = VECTOR('',#3026,1.);
#3026 = DIRECTION('',(1.,0.));
#3027 = ( GEOMETRIC_REPRESENTATION_CONTEXT(2) 
PARAMETRIC_REPRESENTATION_CONTEXT() REPRESENTATION_CONTEXT('2D SPACE',''
  ) );
#3028 = ORIENTED_EDGE('',*,*,#2981,.T.);
#3029 = ORIENTED_EDGE('',*,*,#1675,.F.);
#3030 = ADVANCED_FACE('',(#3031),#1872,.T.);
#3031 = FACE_BOUND('',#3032,.T.);
#3032 = EDGE_LOOP('',(#3033,#3034,#3035,#3036,#3037,#3038,#3059,#3085));
#3033 = ORIENTED_EDGE('',*,*,#2244,.F.);
#3034 = ORIENTED_EDGE('',*,*,#1858,.F.);
#3035 = ORIENTED_EDGE('',*,*,#2763,.T.);
#3036 = ORIENTED_EDGE('',*,*,#2216,.T.);
#3037 = ORIENTED_EDGE('',*,*,#2296,.F.);
#3038 = ORIENTED_EDGE('',*,*,#3039,.F.);
#3039 = EDGE_CURVE('',#3040,#2268,#3042,.T.);
#3040 = VERTEX_POINT('',#3041);
#3041 = CARTESIAN_POINT('',(29.,1.49666295471,73.));
#3042 = SURFACE_CURVE('',#3043,(#3047,#3053),.PCURVE_S1.);
#3043 = LINE('',#3044,#3045);
#3044 = CARTESIAN_POINT('',(29.,1.49666295471,73.));
#3045 = VECTOR('',#3046,1.);
#3046 = DIRECTION('',(0.,0.,1.));
#3047 = PCURVE('',#1872,#3048);
#3048 = DEFINITIONAL_REPRESENTATION('',(#3049),#3052);
#3049 = B_SPLINE_CURVE_WITH_KNOTS('',1,(#3050,#3051),.UNSPECIFIED.,.F.,
  .F.,(2,2),(-6.000000070117E-07,3.6),.PIECEWISE_BEZIER_KNOTS.);
#3050 = CARTESIAN_POINT('',(2.9999994,-3.99666295471));
#3051 = CARTESIAN_POINT('',(6.6,-3.99666295471));
#3052 = ( GEOMETRIC_REPRESENTATION_CONTEXT(2) 
PARAMETRIC_REPRESENTATION_CONTEXT() REPRESENTATION_CONTEXT('2D SPACE',''
  ) );
#3053 = PCURVE('',#2284,#3054);
#3054 = DEFINITIONAL_REPRESENTATION('',(#3055),#3058);
#3055 = B_SPLINE_CURVE_WITH_KNOTS('',1,(#3056,#3057),.UNSPECIFIED.,.F.,
  .F.,(2,2),(-6.000000070117E-07,3.6),.PIECEWISE_BEZIER_KNOTS.);
#3056 = CARTESIAN_POINT('',(0.981765356579,-6.000000070117E-07));
#3057 = CARTESIAN_POINT('',(0.981765356579,3.6));
#3058 = ( GEOMETRIC_REPRESENTATION_CONTEXT(2) 
PARAMETRIC_REPRESENTATION_CONTEXT() REPRESENTATION_CONTEXT('2D SPACE',''
  ) );
#3059 = ORIENTED_EDGE('',*,*,#3060,.T.);
#3060 = EDGE_CURVE('',#3040,#3061,#3063,.T.);
#3061 = VERTEX_POINT('',#3062);
#3062 = CARTESIAN_POINT('',(29.,-1.49666295471,73.));
#3063 = SURFACE_CURVE('',#3064,(#3068,#3074),.PCURVE_S1.);
#3064 = LINE('',#3065,#3066);
#3065 = CARTESIAN_POINT('',(29.,-1.25,73.));
#3066 = VECTOR('',#3067,1.);
#3067 = DIRECTION('',(0.,-1.,0.));
#3068 = PCURVE('',#1872,#3069);
#3069 = DEFINITIONAL_REPRESENTATION('',(#3070),#3073);
#3070 = B_SPLINE_CURVE_WITH_KNOTS('',1,(#3071,#3072),.UNSPECIFIED.,.F.,
  .F.,(2,2),(-3.05,0.55),.PIECEWISE_BEZIER_KNOTS.);
#3071 = CARTESIAN_POINT('',(3.,-4.3));
#3072 = CARTESIAN_POINT('',(3.,-0.7));
#3073 = ( GEOMETRIC_REPRESENTATION_CONTEXT(2) 
PARAMETRIC_REPRESENTATION_CONTEXT() REPRESENTATION_CONTEXT('2D SPACE',''
  ) );
#3074 = PCURVE('',#3075,#3080);
#3075 = PLANE('',#3076);
#3076 = AXIS2_PLACEMENT_3D('',#3077,#3078,#3079);
#3077 = CARTESIAN_POINT('',(28.,0.,73.));
#3078 = DIRECTION('',(0.,0.,1.));
#3079 = DIRECTION('',(1.,0.,0.));
#3080 = DEFINITIONAL_REPRESENTATION('',(#3081),#3084);
#3081 = B_SPLINE_CURVE_WITH_KNOTS('',1,(#3082,#3083),.UNSPECIFIED.,.F.,
  .F.,(2,2),(-3.05,0.55),.PIECEWISE_BEZIER_KNOTS.);
#3082 = CARTESIAN_POINT('',(1.,1.8));
#3083 = CARTESIAN_POINT('',(1.,-1.8));
#3084 = ( GEOMETRIC_REPRESENTATION_CONTEXT(2) 
PARAMETRIC_REPRESENTATION_CONTEXT() REPRESENTATION_CONTEXT('2D SPACE',''
  ) );
#3085 = ORIENTED_EDGE('',*,*,#3086,.T.);
#3086 = EDGE_CURVE('',#3061,#2245,#3087,.T.);
#3087 = SURFACE_CURVE('',#3088,(#3092,#3098),.PCURVE_S1.);
#3088 = LINE('',#3089,#3090);
#3089 = CARTESIAN_POINT('',(29.,-1.49666295471,73.));
#3090 = VECTOR('',#3091,1.);
#3091 = DIRECTION('',(0.,0.,1.));
#3092 = PCURVE('',#1872,#3093);
#3093 = DEFINITIONAL_REPRESENTATION('',(#3094),#3097);
#3094 = B_SPLINE_CURVE_WITH_KNOTS('',1,(#3095,#3096),.UNSPECIFIED.,.F.,
  .F.,(2,2),(-6.000000070117E-07,3.6),.PIECEWISE_BEZIER_KNOTS.);
#3095 = CARTESIAN_POINT('',(2.9999994,-1.00333704529));
#3096 = CARTESIAN_POINT('',(6.6,-1.00333704529));
#3097 = ( GEOMETRIC_REPRESENTATION_CONTEXT(2) 
PARAMETRIC_REPRESENTATION_CONTEXT() REPRESENTATION_CONTEXT('2D SPACE',''
  ) );
#3098 = PCURVE('',#2284,#3099);
#3099 = DEFINITIONAL_REPRESENTATION('',(#3100),#3103);
#3100 = B_SPLINE_CURVE_WITH_KNOTS('',1,(#3101,#3102),.UNSPECIFIED.,.F.,
  .F.,(2,2),(-6.000000070117E-07,3.6),.PIECEWISE_BEZIER_KNOTS.);
#3101 = CARTESIAN_POINT('',(5.301419950601,-6.000000070117E-07));
#3102 = CARTESIAN_POINT('',(5.301419950601,3.6));
#3103 = ( GEOMETRIC_REPRESENTATION_CONTEXT(2) 
PARAMETRIC_REPRESENTATION_CONTEXT() REPRESENTATION_CONTEXT('2D SPACE',''
  ) );
#3104 = ADVANCED_FACE('',(#3105),#1957,.T.);
#3105 = FACE_BOUND('',#3106,.T.);
#3106 = EDGE_LOOP('',(#3107,#3108,#3109,#3110,#3111,#3112,#3133,#3159));
#3107 = ORIENTED_EDGE('',*,*,#1997,.F.);
#3108 = ORIENTED_EDGE('',*,*,#2118,.F.);
#3109 = ORIENTED_EDGE('',*,*,#2790,.T.);
#3110 = ORIENTED_EDGE('',*,*,#1943,.T.);
#3111 = ORIENTED_EDGE('',*,*,#2049,.F.);
#3112 = ORIENTED_EDGE('',*,*,#3113,.F.);
#3113 = EDGE_CURVE('',#3114,#2021,#3116,.T.);
#3114 = VERTEX_POINT('',#3115);
#3115 = CARTESIAN_POINT('',(-15.79614813968,24.366405232394,73.));
#3116 = SURFACE_CURVE('',#3117,(#3121,#3127),.PCURVE_S1.);
#3117 = LINE('',#3118,#3119);
#3118 = CARTESIAN_POINT('',(-15.79614813968,24.366405232394,73.));
#3119 = VECTOR('',#3120,1.);
#3120 = DIRECTION('',(0.,0.,1.));
#3121 = PCURVE('',#1957,#3122);
#3122 = DEFINITIONAL_REPRESENTATION('',(#3123),#3126);
#3123 = B_SPLINE_CURVE_WITH_KNOTS('',1,(#3124,#3125),.UNSPECIFIED.,.F.,
  .F.,(2,2),(-6.000000070117E-07,3.6),.PIECEWISE_BEZIER_KNOTS.);
#3124 = CARTESIAN_POINT('',(2.9999994,-3.99666295471));
#3125 = CARTESIAN_POINT('',(6.6,-3.99666295471));
#3126 = ( GEOMETRIC_REPRESENTATION_CONTEXT(2) 
PARAMETRIC_REPRESENTATION_CONTEXT() REPRESENTATION_CONTEXT('2D SPACE',''
  ) );
#3127 = PCURVE('',#2037,#3128);
#3128 = DEFINITIONAL_REPRESENTATION('',(#3129),#3132);
#3129 = B_SPLINE_CURVE_WITH_KNOTS('',1,(#3130,#3131),.UNSPECIFIED.,.F.,
  .F.,(2,2),(-6.000000070117E-07,3.6),.PIECEWISE_BEZIER_KNOTS.);
#3130 = CARTESIAN_POINT('',(0.981765356579,-6.000000070117E-07));
#3131 = CARTESIAN_POINT('',(0.981765356579,3.6));
#3132 = ( GEOMETRIC_REPRESENTATION_CONTEXT(2) 
PARAMETRIC_REPRESENTATION_CONTEXT() REPRESENTATION_CONTEXT('2D SPACE',''
  ) );
#3133 = ORIENTED_EDGE('',*,*,#3134,.T.);
#3134 = EDGE_CURVE('',#3114,#3135,#3137,.T.);
#3135 = VERTEX_POINT('',#3136);
#3136 = CARTESIAN_POINT('',(-13.20385186031,25.863068187104,73.));
#3137 = SURFACE_CURVE('',#3138,(#3142,#3148),.PCURVE_S1.);
#3138 = LINE('',#3139,#3140);
#3139 = CARTESIAN_POINT('',(-13.41746824526,25.739736709749,73.));
#3140 = VECTOR('',#3141,1.);
#3141 = DIRECTION('',(0.866025403784,0.5,-0.));
#3142 = PCURVE('',#1957,#3143);
#3143 = DEFINITIONAL_REPRESENTATION('',(#3144),#3147);
#3144 = B_SPLINE_CURVE_WITH_KNOTS('',1,(#3145,#3146),.UNSPECIFIED.,.F.,
  .F.,(2,2),(-3.05,0.55),.PIECEWISE_BEZIER_KNOTS.);
#3145 = CARTESIAN_POINT('',(3.,-4.3));
#3146 = CARTESIAN_POINT('',(3.,-0.7));
#3147 = ( GEOMETRIC_REPRESENTATION_CONTEXT(2) 
PARAMETRIC_REPRESENTATION_CONTEXT() REPRESENTATION_CONTEXT('2D SPACE',''
  ) );
#3148 = PCURVE('',#3149,#3154);
#3149 = PLANE('',#3150);
#3150 = AXIS2_PLACEMENT_3D('',#3151,#3152,#3153);
#3151 = CARTESIAN_POINT('',(-14.,24.248711305964,73.));
#3152 = DIRECTION('',(0.,0.,1.));
#3153 = DIRECTION('',(-0.5,0.866025403784,0.));
#3154 = DEFINITIONAL_REPRESENTATION('',(#3155),#3158);
#3155 = B_SPLINE_CURVE_WITH_KNOTS('',1,(#3156,#3157),.UNSPECIFIED.,.F.,
  .F.,(2,2),(-3.05,0.55),.PIECEWISE_BEZIER_KNOTS.);
#3156 = CARTESIAN_POINT('',(1.,1.8));
#3157 = CARTESIAN_POINT('',(1.,-1.8));
#3158 = ( GEOMETRIC_REPRESENTATION_CONTEXT(2) 
PARAMETRIC_REPRESENTATION_CONTEXT() REPRESENTATION_CONTEXT('2D SPACE',''
  ) );
#3159 = ORIENTED_EDGE('',*,*,#3160,.T.);
#3160 = EDGE_CURVE('',#3135,#1998,#3161,.T.);
#3161 = SURFACE_CURVE('',#3162,(#3166,#3172),.PCURVE_S1.);
#3162 = LINE('',#3163,#3164);
#3163 = CARTESIAN_POINT('',(-13.20385186031,25.863068187104,73.));
#3164 = VECTOR('',#3165,1.);
#3165 = DIRECTION('',(0.,0.,1.));
#3166 = PCURVE('',#1957,#3167);
#3167 = DEFINITIONAL_REPRESENTATION('',(#3168),#3171);
#3168 = B_SPLINE_CURVE_WITH_KNOTS('',1,(#3169,#3170),.UNSPECIFIED.,.F.,
  .F.,(2,2),(-6.000000070117E-07,3.6),.PIECEWISE_BEZIER_KNOTS.);
#3169 = CARTESIAN_POINT('',(2.9999994,-1.00333704529));
#3170 = CARTESIAN_POINT('',(6.6,-1.00333704529));
#3171 = ( GEOMETRIC_REPRESENTATION_CONTEXT(2) 
PARAMETRIC_REPRESENTATION_CONTEXT() REPRESENTATION_CONTEXT('2D SPACE',''
  ) );
#3172 = PCURVE('',#2037,#3173);
#3173 = DEFINITIONAL_REPRESENTATION('',(#3174),#3177);
#3174 = B_SPLINE_CURVE_WITH_KNOTS('',1,(#3175,#3176),.UNSPECIFIED.,.F.,
  .F.,(2,2),(-6.000000070117E-07,3.6),.PIECEWISE_BEZIER_KNOTS.);
#3175 = CARTESIAN_POINT('',(5.301419950601,-6.000000070117E-07));
#3176 = CARTESIAN_POINT('',(5.301419950601,3.6));
#3177 = ( GEOMETRIC_REPRESENTATION_CONTEXT(2) 
PARAMETRIC_REPRESENTATION_CONTEXT() REPRESENTATION_CONTEXT('2D SPACE',''
  ) );
#3178 = ADVANCED_FACE('',(#3179),#2037,.F.);
#3179 = FACE_BOUND('',#3180,.F.);
#3180 = EDGE_LOOP('',(#3181,#3182,#3204,#3205));
#3181 = ORIENTED_EDGE('',*,*,#3113,.F.);
#3182 = ORIENTED_EDGE('',*,*,#3183,.T.);
#3183 = EDGE_CURVE('',#3114,#3135,#3184,.T.);
#3184 = SURFACE_CURVE('',#3185,(#3190,#3197),.PCURVE_S1.);
#3185 = CIRCLE('',#3186,1.8);
#3186 = AXIS2_PLACEMENT_3D('',#3187,#3188,#3189);
#3187 = CARTESIAN_POINT('',(-14.,24.248711305964,73.));
#3188 = DIRECTION('',(0.,0.,1.));
#3189 = DIRECTION('',(-0.5,0.866025403784,0.));
#3190 = PCURVE('',#2037,#3191);
#3191 = DEFINITIONAL_REPRESENTATION('',(#3192),#3196);
#3192 = LINE('',#3193,#3194);
#3193 = CARTESIAN_POINT('',(0.,0.));
#3194 = VECTOR('',#3195,1.);
#3195 = DIRECTION('',(1.,0.));
#3196 = ( GEOMETRIC_REPRESENTATION_CONTEXT(2) 
PARAMETRIC_REPRESENTATION_CONTEXT() REPRESENTATION_CONTEXT('2D SPACE',''
  ) );
#3197 = PCURVE('',#3149,#3198);
#3198 = DEFINITIONAL_REPRESENTATION('',(#3199),#3203);
#3199 = CIRCLE('',#3200,1.8);
#3200 = AXIS2_PLACEMENT_2D('',#3201,#3202);
#3201 = CARTESIAN_POINT('',(0.,0.));
#3202 = DIRECTION('',(1.,2.231125221501E-17));
#3203 = ( GEOMETRIC_REPRESENTATION_CONTEXT(2) 
PARAMETRIC_REPRESENTATION_CONTEXT() REPRESENTATION_CONTEXT('2D SPACE',''
  ) );
#3204 = ORIENTED_EDGE('',*,*,#3160,.T.);
#3205 = ORIENTED_EDGE('',*,*,#2020,.F.);
#3206 = ADVANCED_FACE('',(#3207),#2284,.F.);
#3207 = FACE_BOUND('',#3208,.F.);
#3208 = EDGE_LOOP('',(#3209,#3210,#3232,#3233));
#3209 = ORIENTED_EDGE('',*,*,#3039,.F.);
#3210 = ORIENTED_EDGE('',*,*,#3211,.T.);
#3211 = EDGE_CURVE('',#3040,#3061,#3212,.T.);
#3212 = SURFACE_CURVE('',#3213,(#3218,#3225),.PCURVE_S1.);
#3213 = CIRCLE('',#3214,1.8);
#3214 = AXIS2_PLACEMENT_3D('',#3215,#3216,#3217);
#3215 = CARTESIAN_POINT('',(28.,0.,73.));
#3216 = DIRECTION('',(0.,0.,1.));
#3217 = DIRECTION('',(1.,0.,0.));
#3218 = PCURVE('',#2284,#3219);
#3219 = DEFINITIONAL_REPRESENTATION('',(#3220),#3224);
#3220 = LINE('',#3221,#3222);
#3221 = CARTESIAN_POINT('',(0.,0.));
#3222 = VECTOR('',#3223,1.);
#3223 = DIRECTION('',(1.,0.));
#3224 = ( GEOMETRIC_REPRESENTATION_CONTEXT(2) 
PARAMETRIC_REPRESENTATION_CONTEXT() REPRESENTATION_CONTEXT('2D SPACE',''
  ) );
#3225 = PCURVE('',#3075,#3226);
#3226 = DEFINITIONAL_REPRESENTATION('',(#3227),#3231);
#3227 = CIRCLE('',#3228,1.8);
#3228 = AXIS2_PLACEMENT_2D('',#3229,#3230);
#3229 = CARTESIAN_POINT('',(0.,0.));
#3230 = DIRECTION('',(1.,0.));
#3231 = ( GEOMETRIC_REPRESENTATION_CONTEXT(2) 
PARAMETRIC_REPRESENTATION_CONTEXT() REPRESENTATION_CONTEXT('2D SPACE',''
  ) );
#3232 = ORIENTED_EDGE('',*,*,#3086,.T.);
#3233 = ORIENTED_EDGE('',*,*,#2267,.F.);
#3234 = ADVANCED_FACE('',(#3235),#2340,.F.);
#3235 = FACE_BOUND('',#3236,.F.);
#3236 = EDGE_LOOP('',(#3237,#3260,#3261,#3262));
#3237 = ORIENTED_EDGE('',*,*,#3238,.T.);
#3238 = EDGE_CURVE('',#3239,#2324,#3241,.T.);
#3239 = VERTEX_POINT('',#3240);
#3240 = CARTESIAN_POINT('',(14.8,-3.624954525476E-15,76.));
#3241 = SEAM_CURVE('',#3242,(#3246,#3253),.PCURVE_S1.);
#3242 = LINE('',#3243,#3244);
#3243 = CARTESIAN_POINT('',(14.8,-3.624954525476E-15,71.));
#3244 = VECTOR('',#3245,1.);
#3245 = DIRECTION('',(0.,0.,1.));
#3246 = PCURVE('',#2340,#3247);
#3247 = DEFINITIONAL_REPRESENTATION('',(#3248),#3252);
#3248 = LINE('',#3249,#3250);
#3249 = CARTESIAN_POINT('',(6.28318530718,-0.));
#3250 = VECTOR('',#3251,1.);
#3251 = DIRECTION('',(0.,1.));
#3252 = ( GEOMETRIC_REPRESENTATION_CONTEXT(2) 
PARAMETRIC_REPRESENTATION_CONTEXT() REPRESENTATION_CONTEXT('2D SPACE',''
  ) );
#3253 = PCURVE('',#2340,#3254);
#3254 = DEFINITIONAL_REPRESENTATION('',(#3255),#3259);
#3255 = LINE('',#3256,#3257);
#3256 = CARTESIAN_POINT('',(0.,-0.));
#3257 = VECTOR('',#3258,1.);
#3258 = DIRECTION('',(0.,1.));
#3259 = ( GEOMETRIC_REPRESENTATION_CONTEXT(2) 
PARAMETRIC_REPRESENTATION_CONTEXT() REPRESENTATION_CONTEXT('2D SPACE',''
  ) );
#3260 = ORIENTED_EDGE('',*,*,#2323,.F.);
#3261 = ORIENTED_EDGE('',*,*,#3238,.F.);
#3262 = ORIENTED_EDGE('',*,*,#3263,.T.);
#3263 = EDGE_CURVE('',#3239,#3239,#3264,.T.);
#3264 = SURFACE_CURVE('',#3265,(#3270,#3277),.PCURVE_S1.);
#3265 = CIRCLE('',#3266,14.8);
#3266 = AXIS2_PLACEMENT_3D('',#3267,#3268,#3269);
#3267 = CARTESIAN_POINT('',(0.,0.,76.));
#3268 = DIRECTION('',(0.,0.,1.));
#3269 = DIRECTION('',(1.,0.,-0.));
#3270 = PCURVE('',#2340,#3271);
#3271 = DEFINITIONAL_REPRESENTATION('',(#3272),#3276);
#3272 = LINE('',#3273,#3274);
#3273 = CARTESIAN_POINT('',(0.,5.));
#3274 = VECTOR('',#3275,1.);
#3275 = DIRECTION('',(1.,0.));
#3276 = ( GEOMETRIC_REPRESENTATION_CONTEXT(2) 
PARAMETRIC_REPRESENTATION_CONTEXT() REPRESENTATION_CONTEXT('2D SPACE',''
  ) );
#3277 = PCURVE('',#3278,#3283);
#3278 = CYLINDRICAL_SURFACE('',#3279,14.8);
#3279 = AXIS2_PLACEMENT_3D('',#3280,#3281,#3282);
#3280 = CARTESIAN_POINT('',(0.,0.,-1.));
#3281 = DIRECTION('',(0.,0.,1.));
#3282 = DIRECTION('',(1.,0.,-0.));
#3283 = DEFINITIONAL_REPRESENTATION('',(#3284),#3288);
#3284 = LINE('',#3285,#3286);
#3285 = CARTESIAN_POINT('',(0.,77.));
#3286 = VECTOR('',#3287,1.);
#3287 = DIRECTION('',(1.,0.));
#3288 = ( GEOMETRIC_REPRESENTATION_CONTEXT(2) 
PARAMETRIC_REPRESENTATION_CONTEXT() REPRESENTATION_CONTEXT('2D SPACE',''
  ) );
#3289 = ADVANCED_FACE('',(#3290,#3400,#3406),#2486,.F.);
#3290 = FACE_BOUND('',#3291,.F.);
#3291 = EDGE_LOOP('',(#3292,#3321,#3342,#3343,#3344,#3345,#3368,#3395,
    #3396,#3397,#3398,#3399));
#3292 = ORIENTED_EDGE('',*,*,#3293,.T.);
#3293 = EDGE_CURVE('',#3294,#3294,#3296,.T.);
#3294 = VERTEX_POINT('',#3295);
#3295 = CARTESIAN_POINT('',(27.,-6.613092715396E-15,26.));
#3296 = SURFACE_CURVE('',#3297,(#3302,#3309),.PCURVE_S1.);
#3297 = CIRCLE('',#3298,27.);
#3298 = AXIS2_PLACEMENT_3D('',#3299,#3300,#3301);
#3299 = CARTESIAN_POINT('',(0.,0.,26.));
#3300 = DIRECTION('',(0.,0.,1.));
#3301 = DIRECTION('',(1.,0.,-0.));
#3302 = PCURVE('',#2486,#3303);
#3303 = DEFINITIONAL_REPRESENTATION('',(#3304),#3308);
#3304 = LINE('',#3305,#3306);
#3305 = CARTESIAN_POINT('',(0.,1.));
#3306 = VECTOR('',#3307,1.);
#3307 = DIRECTION('',(1.,0.));
#3308 = ( GEOMETRIC_REPRESENTATION_CONTEXT(2) 
PARAMETRIC_REPRESENTATION_CONTEXT() REPRESENTATION_CONTEXT('2D SPACE',''
  ) );
#3309 = PCURVE('',#3310,#3315);
#3310 = PLANE('',#3311);
#3311 = AXIS2_PLACEMENT_3D('',#3312,#3313,#3314);
#3312 = CARTESIAN_POINT('',(0.,0.,26.));
#3313 = DIRECTION('',(0.,0.,1.));
#3314 = DIRECTION('',(1.,0.,-0.));
#3315 = DEFINITIONAL_REPRESENTATION('',(#3316),#3320);
#3316 = CIRCLE('',#3317,27.);
#3317 = AXIS2_PLACEMENT_2D('',#3318,#3319);
#3318 = CARTESIAN_POINT('',(0.,0.));
#3319 = DIRECTION('',(1.,0.));
#3320 = ( GEOMETRIC_REPRESENTATION_CONTEXT(2) 
PARAMETRIC_REPRESENTATION_CONTEXT() REPRESENTATION_CONTEXT('2D SPACE',''
  ) );
#3321 = ORIENTED_EDGE('',*,*,#3322,.T.);
#3322 = EDGE_CURVE('',#3294,#2470,#3323,.T.);
#3323 = SEAM_CURVE('',#3324,(#3328,#3335),.PCURVE_S1.);
#3324 = LINE('',#3325,#3326);
#3325 = CARTESIAN_POINT('',(27.,-6.613092715396E-15,25.));
#3326 = VECTOR('',#3327,1.);
#3327 = DIRECTION('',(0.,0.,1.));
#3328 = PCURVE('',#2486,#3329);
#3329 = DEFINITIONAL_REPRESENTATION('',(#3330),#3334);
#3330 = LINE('',#3331,#3332);
#3331 = CARTESIAN_POINT('',(0.,-0.));
#3332 = VECTOR('',#3333,1.);
#3333 = DIRECTION('',(0.,1.));
#3334 = ( GEOMETRIC_REPRESENTATION_CONTEXT(2) 
PARAMETRIC_REPRESENTATION_CONTEXT() REPRESENTATION_CONTEXT('2D SPACE',''
  ) );
#3335 = PCURVE('',#2486,#3336);
#3336 = DEFINITIONAL_REPRESENTATION('',(#3337),#3341);
#3337 = LINE('',#3338,#3339);
#3338 = CARTESIAN_POINT('',(6.28318530718,-0.));
#3339 = VECTOR('',#3340,1.);
#3340 = DIRECTION('',(0.,1.));
#3341 = ( GEOMETRIC_REPRESENTATION_CONTEXT(2) 
PARAMETRIC_REPRESENTATION_CONTEXT() REPRESENTATION_CONTEXT('2D SPACE',''
  ) );
#3342 = ORIENTED_EDGE('',*,*,#2469,.F.);
#3343 = ORIENTED_EDGE('',*,*,#2818,.T.);
#3344 = ORIENTED_EDGE('',*,*,#2710,.T.);
#3345 = ORIENTED_EDGE('',*,*,#3346,.T.);
#3346 = EDGE_CURVE('',#2711,#3347,#3349,.T.);
#3347 = VERTEX_POINT('',#3348);
#3348 = CARTESIAN_POINT('',(27.,-6.613092715396E-15,44.));
#3349 = SEAM_CURVE('',#3350,(#3354,#3361),.PCURVE_S1.);
#3350 = LINE('',#3351,#3352);
#3351 = CARTESIAN_POINT('',(27.,-6.613092715396E-15,25.));
#3352 = VECTOR('',#3353,1.);
#3353 = DIRECTION('',(0.,0.,1.));
#3354 = PCURVE('',#2486,#3355);
#3355 = DEFINITIONAL_REPRESENTATION('',(#3356),#3360);
#3356 = LINE('',#3357,#3358);
#3357 = CARTESIAN_POINT('',(0.,-0.));
#3358 = VECTOR('',#3359,1.);
#3359 = DIRECTION('',(0.,1.));
#3360 = ( GEOMETRIC_REPRESENTATION_CONTEXT(2) 
PARAMETRIC_REPRESENTATION_CONTEXT() REPRESENTATION_CONTEXT('2D SPACE',''
  ) );
#3361 = PCURVE('',#2486,#3362);
#3362 = DEFINITIONAL_REPRESENTATION('',(#3363),#3367);
#3363 = LINE('',#3364,#3365);
#3364 = CARTESIAN_POINT('',(6.28318530718,-0.));
#3365 = VECTOR('',#3366,1.);
#3366 = DIRECTION('',(0.,1.));
#3367 = ( GEOMETRIC_REPRESENTATION_CONTEXT(2) 
PARAMETRIC_REPRESENTATION_CONTEXT() REPRESENTATION_CONTEXT('2D SPACE',''
  ) );
#3368 = ORIENTED_EDGE('',*,*,#3369,.F.);
#3369 = EDGE_CURVE('',#3347,#3347,#3370,.T.);
#3370 = SURFACE_CURVE('',#3371,(#3376,#3383),.PCURVE_S1.);
#3371 = CIRCLE('',#3372,27.);
#3372 = AXIS2_PLACEMENT_3D('',#3373,#3374,#3375);
#3373 = CARTESIAN_POINT('',(0.,0.,44.));
#3374 = DIRECTION('',(0.,0.,1.));
#3375 = DIRECTION('',(1.,0.,-0.));
#3376 = PCURVE('',#2486,#3377);
#3377 = DEFINITIONAL_REPRESENTATION('',(#3378),#3382);
#3378 = LINE('',#3379,#3380);
#3379 = CARTESIAN_POINT('',(0.,19.));
#3380 = VECTOR('',#3381,1.);
#3381 = DIRECTION('',(1.,0.));
#3382 = ( GEOMETRIC_REPRESENTATION_CONTEXT(2) 
PARAMETRIC_REPRESENTATION_CONTEXT() REPRESENTATION_CONTEXT('2D SPACE',''
  ) );
#3383 = PCURVE('',#3384,#3389);
#3384 = PLANE('',#3385);
#3385 = AXIS2_PLACEMENT_3D('',#3386,#3387,#3388);
#3386 = CARTESIAN_POINT('',(0.,0.,44.));
#3387 = DIRECTION('',(0.,0.,1.));
#3388 = DIRECTION('',(1.,0.,-0.));
#3389 = DEFINITIONAL_REPRESENTATION('',(#3390),#3394);
#3390 = CIRCLE('',#3391,27.);
#3391 = AXIS2_PLACEMENT_2D('',#3392,#3393);
#3392 = CARTESIAN_POINT('',(0.,0.));
#3393 = DIRECTION('',(1.,0.));
#3394 = ( GEOMETRIC_REPRESENTATION_CONTEXT(2) 
PARAMETRIC_REPRESENTATION_CONTEXT() REPRESENTATION_CONTEXT('2D SPACE',''
  ) );
#3395 = ORIENTED_EDGE('',*,*,#3346,.F.);
#3396 = ORIENTED_EDGE('',*,*,#2734,.T.);
#3397 = ORIENTED_EDGE('',*,*,#2662,.F.);
#3398 = ORIENTED_EDGE('',*,*,#2498,.F.);
#3399 = ORIENTED_EDGE('',*,*,#3322,.F.);
#3400 = FACE_BOUND('',#3401,.F.);
#3401 = EDGE_LOOP('',(#3402,#3403,#3404,#3405));
#3402 = ORIENTED_EDGE('',*,*,#2863,.F.);
#3403 = ORIENTED_EDGE('',*,*,#2913,.T.);
#3404 = ORIENTED_EDGE('',*,*,#3007,.T.);
#3405 = ORIENTED_EDGE('',*,*,#2960,.F.);
#3406 = FACE_BOUND('',#3407,.F.);
#3407 = EDGE_LOOP('',(#3408));
#3408 = ORIENTED_EDGE('',*,*,#3409,.T.);
#3409 = EDGE_CURVE('',#3410,#3410,#3412,.T.);
#3410 = VERTEX_POINT('',#3411);
#3411 = CARTESIAN_POINT('',(3.,26.832815729997,34.));
#3412 = SURFACE_CURVE('',#3413,(#3465,#3520),.PCURVE_S1.);
#3413 = B_SPLINE_CURVE_WITH_KNOTS('',8,(#3414,#3415,#3416,#3417,#3418,
    #3419,#3420,#3421,#3422,#3423,#3424,#3425,#3426,#3427,#3428,#3429,
    #3430,#3431,#3432,#3433,#3434,#3435,#3436,#3437,#3438,#3439,#3440,
    #3441,#3442,#3443,#3444,#3445,#3446,#3447,#3448,#3449,#3450,#3451,
    #3452,#3453,#3454,#3455,#3456,#3457,#3458,#3459,#3460,#3461,#3462,
    #3463,#3464),.UNSPECIFIED.,.T.,.F.,(9,7,7,7,7,7,7,9),(0.,
    0.116244316884,0.220309032817,0.395444284472,0.531166043496,
    0.666451940387,0.811971947947,1.),.UNSPECIFIED.);
#3414 = CARTESIAN_POINT('',(3.,26.832815729997,34.));
#3415 = CARTESIAN_POINT('',(3.,26.832815729997,34.246764669244));
#3416 = CARTESIAN_POINT('',(2.976803154781,26.835409204813,
    34.493342768657));
#3417 = CARTESIAN_POINT('',(2.930468359731,26.840589637397,
    34.738541075599));
#3418 = CARTESIAN_POINT('',(2.860687171835,26.848277639352,
    34.981079737303));
#3419 = CARTESIAN_POINT('',(2.766840818862,26.858316626472,
    35.219461541592));
#3420 = CARTESIAN_POINT('',(2.648060445607,26.870445266565,
    35.451819585366));
#3421 = CARTESIAN_POINT('',(2.503300840308,26.884256427641,
    35.675728097549));
#3422 = CARTESIAN_POINT('',(2.177582021406,26.912487547493,
    36.077957340841));
#3423 = CARTESIAN_POINT('',(2.000205583157,26.926848052446,
    36.260818218129));
#3424 = CARTESIAN_POINT('',(1.798941321791,26.941725593016,
    36.432199867723));
#3425 = CARTESIAN_POINT('',(1.574112176229,26.95642465884,
    36.587729549229));
#3426 = CARTESIAN_POINT('',(1.326703570431,26.97009738317,
    36.723019631346));
#3427 = CARTESIAN_POINT('',(1.058367765034,26.981813752356,
    36.833663558007));
#3428 = CARTESIAN_POINT('',(0.771484653658,26.990667878698,
    36.915204212275));
#3429 = CARTESIAN_POINT('',(-3.925121231418E-02,27.004761900291,
    37.043612158658));
#3430 = CARTESIAN_POINT('',(-0.545235780118,27.002605826081,
    37.021497779244));
#3431 = CARTESIAN_POINT('',(-1.026502982759,26.989276092157,
    36.906132330088));
#3432 = CARTESIAN_POINT('',(-1.465154308748,26.967314711344,
    36.710415238788));
#3433 = CARTESIAN_POINT('',(-1.847342383783,26.941095549109,
    36.450762090256));
#3434 = CARTESIAN_POINT('',(-2.1639034239,26.915203069549,
    36.146950912494));
#3435 = CARTESIAN_POINT('',(-2.412406576731,26.892658661823,
    35.821589240589));
#3436 = CARTESIAN_POINT('',(-2.741961632307,26.860799372086,
    35.25078314044));
#3437 = CARTESIAN_POINT('',(-2.854955485233,26.848987224074,
    34.991978691971));
#3438 = CARTESIAN_POINT('',(-2.93838744061,26.839810149781,
    34.726754973294));
#3439 = CARTESIAN_POINT('',(-2.993278346559,26.833592009718,
    34.457500287168));
#3440 = CARTESIAN_POINT('',(-3.020290983067,26.830504339258,
    34.186124969475));
#3441 = CARTESIAN_POINT('',(-3.0196886366,26.830604948096,
    33.914310454528));
#3442 = CARTESIAN_POINT('',(-2.991294237451,26.833848577952,
    33.643729901591));
#3443 = CARTESIAN_POINT('',(-2.87777394186,26.846259830474,
    33.109658900915));
#3444 = CARTESIAN_POINT('',(-2.792886648474,26.855402019492,
    32.846417000667));
#3445 = CARTESIAN_POINT('',(-2.679189118771,26.867315744987,
    32.588250481726));
#3446 = CARTESIAN_POINT('',(-2.535570190992,26.881702364098,
    32.3373742305));
#3447 = CARTESIAN_POINT('',(-2.360626112689,26.898099899914,
    32.09678932329));
#3448 = CARTESIAN_POINT('',(-2.152834653343,26.915791982621,
    31.870496656505));
#3449 = CARTESIAN_POINT('',(-1.91082815387,26.933727876731,
    31.663816433911));
#3450 = CARTESIAN_POINT('',(-1.336058282771,26.968574197388,
    31.290556515278));
#3451 = CARTESIAN_POINT('',(-0.986529213441,26.985989006668,
    31.120862743759));
#3452 = CARTESIAN_POINT('',(-0.595524571433,26.999858636467,
    30.998715348673));
#3453 = CARTESIAN_POINT('',(-0.178768806736,27.007132437863,
    30.939149238567));
#3454 = CARTESIAN_POINT('',(0.244098567381,27.005826290545,
    30.948625565107));
#3455 = CARTESIAN_POINT('',(0.65295158586,26.996752970887,
    31.025096300946));
#3456 = CARTESIAN_POINT('',(1.029915997812,26.982398247225,
    31.157789698824));
#3457 = CARTESIAN_POINT('',(1.791024178296,26.943956431879,
    31.545593686598));
#3458 = CARTESIAN_POINT('',(2.151166500402,26.917944049718,
    31.82823455351));
#3459 = CARTESIAN_POINT('',(2.442558200136,26.89195824912,
    32.151696415729));
#3460 = CARTESIAN_POINT('',(2.669239059183,26.869163418456,
    32.50123515608));
#3461 = CARTESIAN_POINT('',(2.835472202858,26.851207888579,
    32.866575621749));
#3462 = CARTESIAN_POINT('',(2.945002308398,26.838965201674,
    33.24101005389));
#3463 = CARTESIAN_POINT('',(3.,26.832815729997,33.620037716086));
#3464 = CARTESIAN_POINT('',(3.,26.832815729997,34.));
#3465 = PCURVE('',#2486,#3466);
#3466 = DEFINITIONAL_REPRESENTATION('',(#3467),#3519);
#3467 = B_SPLINE_CURVE_WITH_KNOTS('',8,(#3468,#3469,#3470,#3471,#3472,
    #3473,#3474,#3475,#3476,#3477,#3478,#3479,#3480,#3481,#3482,#3483,
    #3484,#3485,#3486,#3487,#3488,#3489,#3490,#3491,#3492,#3493,#3494,
    #3495,#3496,#3497,#3498,#3499,#3500,#3501,#3502,#3503,#3504,#3505,
    #3506,#3507,#3508,#3509,#3510,#3511,#3512,#3513,#3514,#3515,#3516,
    #3517,#3518),.UNSPECIFIED.,.F.,.F.,(9,7,7,7,7,7,7,9),(0.,
    0.116244316884,0.220309032817,0.395444284472,0.531166043496,
    0.666451940387,0.811971947947,1.),.UNSPECIFIED.);
#3468 = CARTESIAN_POINT('',(1.459455312454,9.));
#3469 = CARTESIAN_POINT('',(1.459455312454,9.246764669244));
#3470 = CARTESIAN_POINT('',(1.460319807577,9.493342768657));
#3471 = CARTESIAN_POINT('',(1.46204660453,9.738541075599));
#3472 = CARTESIAN_POINT('',(1.464646725882,9.981079737303));
#3473 = CARTESIAN_POINT('',(1.468142309437,10.219461541592));
#3474 = CARTESIAN_POINT('',(1.47256433648,10.451819585366));
#3475 = CARTESIAN_POINT('',(1.477949947833,10.675728097549));
#3476 = CARTESIAN_POINT('',(1.490058835675,11.077957340841));
#3477 = CARTESIAN_POINT('',(1.496649722865,11.260818218129));
#3478 = CARTESIAN_POINT('',(1.50412397616,11.432199867723));
#3479 = CARTESIAN_POINT('',(1.5124681127,11.587729549229));
#3480 = CARTESIAN_POINT('',(1.521644317254,11.723019631346));
#3481 = CARTESIAN_POINT('',(1.531590859798,11.833663558007));
#3482 = CARTESIAN_POINT('',(1.542220254729,11.915204212275));
#3483 = CARTESIAN_POINT('',(1.572252045974,12.043612158658));
#3484 = CARTESIAN_POINT('',(1.590988002458,12.021497779244));
#3485 = CARTESIAN_POINT('',(1.608811589886,11.906132330086));
#3486 = CARTESIAN_POINT('',(1.625071544493,11.710415238791));
#3487 = CARTESIAN_POINT('',(1.639257503417,11.450762090255));
#3488 = CARTESIAN_POINT('',(1.651020312108,11.146950912494));
#3489 = CARTESIAN_POINT('',(1.660261776965,10.821589240589));
#3490 = CARTESIAN_POINT('',(1.672524423303,10.25078314044));
#3491 = CARTESIAN_POINT('',(1.676732058734,9.991978691971));
#3492 = CARTESIAN_POINT('',(1.679840729521,9.726754973294));
#3493 = CARTESIAN_POINT('',(1.681886738327,9.457500287168));
#3494 = CARTESIAN_POINT('',(1.68289372154,9.186124969475));
#3495 = CARTESIAN_POINT('',(1.682871127619,8.914310454528));
#3496 = CARTESIAN_POINT('',(1.681812655498,8.643729901591));
#3497 = CARTESIAN_POINT('',(1.677583146403,8.109658900915));
#3498 = CARTESIAN_POINT('',(1.674420994971,7.846417000667));
#3499 = CARTESIAN_POINT('',(1.670186952793,7.588250481726));
#3500 = CARTESIAN_POINT('',(1.664841223105,7.3373742305));
#3501 = CARTESIAN_POINT('',(1.658333730059,7.09678932329));
#3502 = CARTESIAN_POINT('',(1.650610543015,6.870496656505));
#3503 = CARTESIAN_POINT('',(1.641623567724,6.663816433911));
#3504 = CARTESIAN_POINT('',(1.620296708149,6.290556515278));
#3505 = CARTESIAN_POINT('',(1.607335896461,6.120862743759));
#3506 = CARTESIAN_POINT('',(1.592847549575,5.998715348673));
#3507 = CARTESIAN_POINT('',(1.577415248623,5.939149238567));
#3508 = CARTESIAN_POINT('',(1.561759544544,5.948625565107));
#3509 = CARTESIAN_POINT('',(1.546616222117,6.025096300946));
#3510 = CARTESIAN_POINT('',(1.532645549528,6.157789698824));
#3511 = CARTESIAN_POINT('',(1.50442042487,6.545593686598));
#3512 = CARTESIAN_POINT('',(1.491050208034,6.82823455351));
#3513 = CARTESIAN_POINT('',(1.48021694416,7.151696415729));
#3514 = CARTESIAN_POINT('',(1.471779388273,7.50123515608));
#3515 = CARTESIAN_POINT('',(1.465586912804,7.866575621749));
#3516 = CARTESIAN_POINT('',(1.461504952908,8.24101005389));
#3517 = CARTESIAN_POINT('',(1.459455312454,8.620037716086));
#3518 = CARTESIAN_POINT('',(1.459455312454,9.));
#3519 = ( GEOMETRIC_REPRESENTATION_CONTEXT(2) 
PARAMETRIC_REPRESENTATION_CONTEXT() REPRESENTATION_CONTEXT('2D SPACE',''
  ) );
#3520 = PCURVE('',#3521,#3526);
#3521 = CYLINDRICAL_SURFACE('',#3522,3.);
#3522 = AXIS2_PLACEMENT_3D('',#3523,#3524,#3525);
#3523 = CARTESIAN_POINT('',(0.,30.,34.));
#3524 = DIRECTION('',(0.,-1.,1.110223024625E-16));
#3525 = DIRECTION('',(1.,0.,0.));
#3526 = DEFINITIONAL_REPRESENTATION('',(#3527),#3579);
#3527 = B_SPLINE_CURVE_WITH_KNOTS('',8,(#3528,#3529,#3530,#3531,#3532,
    #3533,#3534,#3535,#3536,#3537,#3538,#3539,#3540,#3541,#3542,#3543,
    #3544,#3545,#3546,#3547,#3548,#3549,#3550,#3551,#3552,#3553,#3554,
    #3555,#3556,#3557,#3558,#3559,#3560,#3561,#3562,#3563,#3564,#3565,
    #3566,#3567,#3568,#3569,#3570,#3571,#3572,#3573,#3574,#3575,#3576,
    #3577,#3578),.UNSPECIFIED.,.F.,.F.,(9,7,7,7,7,7,7,9),(0.,
    0.116244316884,0.220309032817,0.395444284472,0.531166043496,
    0.666451940387,0.811971947947,1.),.UNSPECIFIED.);
#3528 = CARTESIAN_POINT('',(0.,3.167184270003));
#3529 = CARTESIAN_POINT('',(8.225488974813E-02,3.167184270003));
#3530 = CARTESIAN_POINT('',(0.164447495522,3.164590795187));
#3531 = CARTESIAN_POINT('',(0.247028634903,3.159410362603));
#3532 = CARTESIAN_POINT('',(0.330413232993,3.151722360648));
#3533 = CARTESIAN_POINT('',(0.415019301135,3.141683373528));
#3534 = CARTESIAN_POINT('',(0.501277441762,3.129554733435));
#3535 = CARTESIAN_POINT('',(0.589647428202,3.115743572359));
#3536 = CARTESIAN_POINT('',(0.762171537031,3.087512452507));
#3537 = CARTESIAN_POINT('',(0.846750148833,3.073151947554));
#3538 = CARTESIAN_POINT('',(0.93419138125,3.058274406984));
#3539 = CARTESIAN_POINT('',(1.024380116487,3.04357534116));
#3540 = CARTESIAN_POINT('',(1.117302344387,3.02990261683));
#3541 = CARTESIAN_POINT('',(1.213031634472,3.018186247644));
#3542 = CARTESIAN_POINT('',(1.311734032137,3.009332121302));
#3543 = CARTESIAN_POINT('',(1.585347962311,2.995238099709));
#3544 = CARTESIAN_POINT('',(1.750780728857,2.997394173919));
#3545 = CARTESIAN_POINT('',(1.910911038625,3.010723907843));
#3546 = CARTESIAN_POINT('',(2.065914191786,3.032685288656));
#3547 = CARTESIAN_POINT('',(2.215525674647,3.058904450891));
#3548 = CARTESIAN_POINT('',(2.358872052645,3.084796930451));
#3549 = CARTESIAN_POINT('',(2.494214121577,3.107341338177));
#3550 = CARTESIAN_POINT('',(2.713917491961,3.139200627914));
#3551 = CARTESIAN_POINT('',(2.807460246025,3.151012775926));
#3552 = CARTESIAN_POINT('',(2.899273749848,3.160189850219));
#3553 = CARTESIAN_POINT('',(2.989904824154,3.166407990282));
#3554 = CARTESIAN_POINT('',(3.079874278761,3.169495660742));
#3555 = CARTESIAN_POINT('',(3.169695074715,3.169395051904));
#3556 = CARTESIAN_POINT('',(3.259885396939,3.166151422048));
#3557 = CARTESIAN_POINT('',(3.441886218449,3.153740169526));
#3558 = CARTESIAN_POINT('',(3.533598734789,3.144597980508));
#3559 = CARTESIAN_POINT('',(3.626797392421,3.132684255013));
#3560 = CARTESIAN_POINT('',(3.722066030287,3.118297635902));
#3561 = CARTESIAN_POINT('',(3.819992206309,3.101900100086));
#3562 = CARTESIAN_POINT('',(3.921193732941,3.084208017379));
#3563 = CARTESIAN_POINT('',(4.026370803893,3.066272123269));
#3564 = CARTESIAN_POINT('',(4.254815635936,3.031425802612));
#3565 = CARTESIAN_POINT('',(4.383337374711,3.014010993332));
#3566 = CARTESIAN_POINT('',(4.517341713653,3.000141363533));
#3567 = CARTESIAN_POINT('',(4.654090117778,2.992867562137));
#3568 = CARTESIAN_POINT('',(4.791445024389,2.994173709455));
#3569 = CARTESIAN_POINT('',(4.927362140455,3.003247029113));
#3570 = CARTESIAN_POINT('',(5.05940301123,3.017601752775));
#3571 = CARTESIAN_POINT('',(5.344140238108,3.056043568121));
#3572 = CARTESIAN_POINT('',(5.493876732836,3.082055950282));
#3573 = CARTESIAN_POINT('',(5.635663169824,3.10804175088));
#3574 = CARTESIAN_POINT('',(5.771265817624,3.130836581544));
#3575 = CARTESIAN_POINT('',(5.902285865744,3.148792111422));
#3576 = CARTESIAN_POINT('',(6.030187678567,3.161034798326));
#3577 = CARTESIAN_POINT('',(6.156531212542,3.167184270003));
#3578 = CARTESIAN_POINT('',(6.28318530718,3.167184270003));
#3579 = ( GEOMETRIC_REPRESENTATION_CONTEXT(2) 
PARAMETRIC_REPRESENTATION_CONTEXT() REPRESENTATION_CONTEXT('2D SPACE',''
  ) );
#3580 = ADVANCED_FACE('',(#3581),#2415,.T.);
#3581 = FACE_BOUND('',#3582,.T.);
#3582 = EDGE_LOOP('',(#3583,#3584,#3585));
#3583 = ORIENTED_EDGE('',*,*,#2547,.T.);
#3584 = ORIENTED_EDGE('',*,*,#2611,.T.);
#3585 = ORIENTED_EDGE('',*,*,#2400,.T.);
#3586 = ADVANCED_FACE('',(#3587,#3816),#2593,.F.);
#3587 = FACE_BOUND('',#3588,.F.);
#3588 = EDGE_LOOP('',(#3589,#3590,#3613,#3642,#3668,#3697,#3720,#3742,
    #3743,#3767,#3793,#3815));
#3589 = ORIENTED_EDGE('',*,*,#2576,.T.);
#3590 = ORIENTED_EDGE('',*,*,#3591,.T.);
#3591 = EDGE_CURVE('',#2577,#3592,#3594,.T.);
#3592 = VERTEX_POINT('',#3593);
#3593 = CARTESIAN_POINT('',(14.8,-3.624954525476E-15,30.));
#3594 = SEAM_CURVE('',#3595,(#3599,#3606),.PCURVE_S1.);
#3595 = LINE('',#3596,#3597);
#3596 = CARTESIAN_POINT('',(14.8,-3.624954525476E-15,-1.));
#3597 = VECTOR('',#3598,1.);
#3598 = DIRECTION('',(0.,0.,1.));
#3599 = PCURVE('',#2593,#3600);
#3600 = DEFINITIONAL_REPRESENTATION('',(#3601),#3605);
#3601 = LINE('',#3602,#3603);
#3602 = CARTESIAN_POINT('',(0.,-0.));
#3603 = VECTOR('',#3604,1.);
#3604 = DIRECTION('',(0.,1.));
#3605 = ( GEOMETRIC_REPRESENTATION_CONTEXT(2) 
PARAMETRIC_REPRESENTATION_CONTEXT() REPRESENTATION_CONTEXT('2D SPACE',''
  ) );
#3606 = PCURVE('',#2593,#3607);
#3607 = DEFINITIONAL_REPRESENTATION('',(#3608),#3612);
#3608 = LINE('',#3609,#3610);
#3609 = CARTESIAN_POINT('',(6.28318530718,-0.));
#3610 = VECTOR('',#3611,1.);
#3611 = DIRECTION('',(0.,1.));
#3612 = ( GEOMETRIC_REPRESENTATION_CONTEXT(2) 
PARAMETRIC_REPRESENTATION_CONTEXT() REPRESENTATION_CONTEXT('2D SPACE',''
  ) );
#3613 = ORIENTED_EDGE('',*,*,#3614,.F.);
#3614 = EDGE_CURVE('',#3615,#3592,#3617,.T.);
#3615 = VERTEX_POINT('',#3616);
#3616 = CARTESIAN_POINT('',(14.492756811594,-3.,30.));
#3617 = SURFACE_CURVE('',#3618,(#3623,#3630),.PCURVE_S1.);
#3618 = CIRCLE('',#3619,14.8);
#3619 = AXIS2_PLACEMENT_3D('',#3620,#3621,#3622);
#3620 = CARTESIAN_POINT('',(0.,0.,30.));
#3621 = DIRECTION('',(0.,0.,1.));
#3622 = DIRECTION('',(1.,0.,-0.));
#3623 = PCURVE('',#2593,#3624);
#3624 = DEFINITIONAL_REPRESENTATION('',(#3625),#3629);
#3625 = LINE('',#3626,#3627);
#3626 = CARTESIAN_POINT('',(0.,31.));
#3627 = VECTOR('',#3628,1.);
#3628 = DIRECTION('',(1.,0.));
#3629 = ( GEOMETRIC_REPRESENTATION_CONTEXT(2) 
PARAMETRIC_REPRESENTATION_CONTEXT() REPRESENTATION_CONTEXT('2D SPACE',''
  ) );
#3630 = PCURVE('',#3631,#3636);
#3631 = PLANE('',#3632);
#3632 = AXIS2_PLACEMENT_3D('',#3633,#3634,#3635);
#3633 = CARTESIAN_POINT('',(-30.,-3.,30.));
#3634 = DIRECTION('',(0.,0.,1.));
#3635 = DIRECTION('',(1.,0.,-0.));
#3636 = DEFINITIONAL_REPRESENTATION('',(#3637),#3641);
#3637 = CIRCLE('',#3638,14.8);
#3638 = AXIS2_PLACEMENT_2D('',#3639,#3640);
#3639 = CARTESIAN_POINT('',(30.,3.));
#3640 = DIRECTION('',(1.,0.));
#3641 = ( GEOMETRIC_REPRESENTATION_CONTEXT(2) 
PARAMETRIC_REPRESENTATION_CONTEXT() REPRESENTATION_CONTEXT('2D SPACE',''
  ) );
#3642 = ORIENTED_EDGE('',*,*,#3643,.T.);
#3643 = EDGE_CURVE('',#3615,#3644,#3646,.T.);
#3644 = VERTEX_POINT('',#3645);
#3645 = CARTESIAN_POINT('',(14.492756811594,-3.,35.));
#3646 = SURFACE_CURVE('',#3647,(#3651,#3657),.PCURVE_S1.);
#3647 = LINE('',#3648,#3649);
#3648 = CARTESIAN_POINT('',(14.492756811594,-3.,-1.));
#3649 = VECTOR('',#3650,1.);
#3650 = DIRECTION('',(0.,0.,1.));
#3651 = PCURVE('',#2593,#3652);
#3652 = DEFINITIONAL_REPRESENTATION('',(#3653),#3656);
#3653 = B_SPLINE_CURVE_WITH_KNOTS('',1,(#3654,#3655),.UNSPECIFIED.,.F.,
  .F.,(2,2),(30.5,36.5),.PIECEWISE_BEZIER_KNOTS.);
#3654 = CARTESIAN_POINT('',(6.079068171468,30.5));
#3655 = CARTESIAN_POINT('',(6.079068171468,36.5));
#3656 = ( GEOMETRIC_REPRESENTATION_CONTEXT(2) 
PARAMETRIC_REPRESENTATION_CONTEXT() REPRESENTATION_CONTEXT('2D SPACE',''
  ) );
#3657 = PCURVE('',#3658,#3663);
#3658 = PLANE('',#3659);
#3659 = AXIS2_PLACEMENT_3D('',#3660,#3661,#3662);
#3660 = CARTESIAN_POINT('',(-30.,-3.,30.));
#3661 = DIRECTION('',(-0.,1.,0.));
#3662 = DIRECTION('',(0.,0.,1.));
#3663 = DEFINITIONAL_REPRESENTATION('',(#3664),#3667);
#3664 = B_SPLINE_CURVE_WITH_KNOTS('',1,(#3665,#3666),.UNSPECIFIED.,.F.,
  .F.,(2,2),(30.5,36.5),.PIECEWISE_BEZIER_KNOTS.);
#3665 = CARTESIAN_POINT('',(-0.5,44.492756811594));
#3666 = CARTESIAN_POINT('',(5.5,44.492756811594));
#3667 = ( GEOMETRIC_REPRESENTATION_CONTEXT(2) 
PARAMETRIC_REPRESENTATION_CONTEXT() REPRESENTATION_CONTEXT('2D SPACE',''
  ) );
#3668 = ORIENTED_EDGE('',*,*,#3669,.T.);
#3669 = EDGE_CURVE('',#3644,#3670,#3672,.T.);
#3670 = VERTEX_POINT('',#3671);
#3671 = CARTESIAN_POINT('',(14.8,-3.624954525476E-15,35.));
#3672 = SURFACE_CURVE('',#3673,(#3678,#3685),.PCURVE_S1.);
#3673 = CIRCLE('',#3674,14.8);
#3674 = AXIS2_PLACEMENT_3D('',#3675,#3676,#3677);
#3675 = CARTESIAN_POINT('',(0.,0.,35.));
#3676 = DIRECTION('',(0.,0.,1.));
#3677 = DIRECTION('',(1.,0.,-0.));
#3678 = PCURVE('',#2593,#3679);
#3679 = DEFINITIONAL_REPRESENTATION('',(#3680),#3684);
#3680 = LINE('',#3681,#3682);
#3681 = CARTESIAN_POINT('',(0.,36.));
#3682 = VECTOR('',#3683,1.);
#3683 = DIRECTION('',(1.,0.));
#3684 = ( GEOMETRIC_REPRESENTATION_CONTEXT(2) 
PARAMETRIC_REPRESENTATION_CONTEXT() REPRESENTATION_CONTEXT('2D SPACE',''
  ) );
#3685 = PCURVE('',#3686,#3691);
#3686 = PLANE('',#3687);
#3687 = AXIS2_PLACEMENT_3D('',#3688,#3689,#3690);
#3688 = CARTESIAN_POINT('',(-30.,-3.,35.));
#3689 = DIRECTION('',(0.,0.,1.));
#3690 = DIRECTION('',(1.,0.,-0.));
#3691 = DEFINITIONAL_REPRESENTATION('',(#3692),#3696);
#3692 = CIRCLE('',#3693,14.8);
#3693 = AXIS2_PLACEMENT_2D('',#3694,#3695);
#3694 = CARTESIAN_POINT('',(30.,3.));
#3695 = DIRECTION('',(1.,0.));
#3696 = ( GEOMETRIC_REPRESENTATION_CONTEXT(2) 
PARAMETRIC_REPRESENTATION_CONTEXT() REPRESENTATION_CONTEXT('2D SPACE',''
  ) );
#3697 = ORIENTED_EDGE('',*,*,#3698,.T.);
#3698 = EDGE_CURVE('',#3670,#3699,#3701,.T.);
#3699 = VERTEX_POINT('',#3700);
#3700 = CARTESIAN_POINT('',(14.8,-3.624954525476E-15,72.));
#3701 = SEAM_CURVE('',#3702,(#3706,#3713),.PCURVE_S1.);
#3702 = LINE('',#3703,#3704);
#3703 = CARTESIAN_POINT('',(14.8,-3.624954525476E-15,-1.));
#3704 = VECTOR('',#3705,1.);
#3705 = DIRECTION('',(0.,0.,1.));
#3706 = PCURVE('',#2593,#3707);
#3707 = DEFINITIONAL_REPRESENTATION('',(#3708),#3712);
#3708 = LINE('',#3709,#3710);
#3709 = CARTESIAN_POINT('',(0.,-0.));
#3710 = VECTOR('',#3711,1.);
#3711 = DIRECTION('',(0.,1.));
#3712 = ( GEOMETRIC_REPRESENTATION_CONTEXT(2) 
PARAMETRIC_REPRESENTATION_CONTEXT() REPRESENTATION_CONTEXT('2D SPACE',''
  ) );
#3713 = PCURVE('',#2593,#3714);
#3714 = DEFINITIONAL_REPRESENTATION('',(#3715),#3719);
#3715 = LINE('',#3716,#3717);
#3716 = CARTESIAN_POINT('',(6.28318530718,-0.));
#3717 = VECTOR('',#3718,1.);
#3718 = DIRECTION('',(0.,1.));
#3719 = ( GEOMETRIC_REPRESENTATION_CONTEXT(2) 
PARAMETRIC_REPRESENTATION_CONTEXT() REPRESENTATION_CONTEXT('2D SPACE',''
  ) );
#3720 = ORIENTED_EDGE('',*,*,#3721,.F.);
#3721 = EDGE_CURVE('',#3699,#3699,#3722,.T.);
#3722 = SURFACE_CURVE('',#3723,(#3728,#3735),.PCURVE_S1.);
#3723 = CIRCLE('',#3724,14.8);
#3724 = AXIS2_PLACEMENT_3D('',#3725,#3726,#3727);
#3725 = CARTESIAN_POINT('',(0.,0.,72.));
#3726 = DIRECTION('',(0.,0.,1.));
#3727 = DIRECTION('',(1.,0.,-0.));
#3728 = PCURVE('',#2593,#3729);
#3729 = DEFINITIONAL_REPRESENTATION('',(#3730),#3734);
#3730 = LINE('',#3731,#3732);
#3731 = CARTESIAN_POINT('',(0.,73.));
#3732 = VECTOR('',#3733,1.);
#3733 = DIRECTION('',(1.,0.));
#3734 = ( GEOMETRIC_REPRESENTATION_CONTEXT(2) 
PARAMETRIC_REPRESENTATION_CONTEXT() REPRESENTATION_CONTEXT('2D SPACE',''
  ) );
#3735 = PCURVE('',#3278,#3736);
#3736 = DEFINITIONAL_REPRESENTATION('',(#3737),#3741);
#3737 = LINE('',#3738,#3739);
#3738 = CARTESIAN_POINT('',(0.,73.));
#3739 = VECTOR('',#3740,1.);
#3740 = DIRECTION('',(1.,0.));
#3741 = ( GEOMETRIC_REPRESENTATION_CONTEXT(2) 
PARAMETRIC_REPRESENTATION_CONTEXT() REPRESENTATION_CONTEXT('2D SPACE',''
  ) );
#3742 = ORIENTED_EDGE('',*,*,#3698,.F.);
#3743 = ORIENTED_EDGE('',*,*,#3744,.T.);
#3744 = EDGE_CURVE('',#3670,#3745,#3747,.T.);
#3745 = VERTEX_POINT('',#3746);
#3746 = CARTESIAN_POINT('',(14.492756811594,3.,35.));
#3747 = SURFACE_CURVE('',#3748,(#3753,#3760),.PCURVE_S1.);
#3748 = CIRCLE('',#3749,14.8);
#3749 = AXIS2_PLACEMENT_3D('',#3750,#3751,#3752);
#3750 = CARTESIAN_POINT('',(0.,0.,35.));
#3751 = DIRECTION('',(0.,0.,1.));
#3752 = DIRECTION('',(1.,0.,-0.));
#3753 = PCURVE('',#2593,#3754);
#3754 = DEFINITIONAL_REPRESENTATION('',(#3755),#3759);
#3755 = LINE('',#3756,#3757);
#3756 = CARTESIAN_POINT('',(0.,36.));
#3757 = VECTOR('',#3758,1.);
#3758 = DIRECTION('',(1.,0.));
#3759 = ( GEOMETRIC_REPRESENTATION_CONTEXT(2) 
PARAMETRIC_REPRESENTATION_CONTEXT() REPRESENTATION_CONTEXT('2D SPACE',''
  ) );
#3760 = PCURVE('',#3686,#3761);
#3761 = DEFINITIONAL_REPRESENTATION('',(#3762),#3766);
#3762 = CIRCLE('',#3763,14.8);
#3763 = AXIS2_PLACEMENT_2D('',#3764,#3765);
#3764 = CARTESIAN_POINT('',(30.,3.));
#3765 = DIRECTION('',(1.,0.));
#3766 = ( GEOMETRIC_REPRESENTATION_CONTEXT(2) 
PARAMETRIC_REPRESENTATION_CONTEXT() REPRESENTATION_CONTEXT('2D SPACE',''
  ) );
#3767 = ORIENTED_EDGE('',*,*,#3768,.F.);
#3768 = EDGE_CURVE('',#3769,#3745,#3771,.T.);
#3769 = VERTEX_POINT('',#3770);
#3770 = CARTESIAN_POINT('',(14.492756811594,3.,30.));
#3771 = SURFACE_CURVE('',#3772,(#3776,#3782),.PCURVE_S1.);
#3772 = LINE('',#3773,#3774);
#3773 = CARTESIAN_POINT('',(14.492756811594,3.,-1.));
#3774 = VECTOR('',#3775,1.);
#3775 = DIRECTION('',(0.,0.,1.));
#3776 = PCURVE('',#2593,#3777);
#3777 = DEFINITIONAL_REPRESENTATION('',(#3778),#3781);
#3778 = B_SPLINE_CURVE_WITH_KNOTS('',1,(#3779,#3780),.UNSPECIFIED.,.F.,
  .F.,(2,2),(30.5,36.5),.PIECEWISE_BEZIER_KNOTS.);
#3779 = CARTESIAN_POINT('',(0.204117135712,30.5));
#3780 = CARTESIAN_POINT('',(0.204117135712,36.5));
#3781 = ( GEOMETRIC_REPRESENTATION_CONTEXT(2) 
PARAMETRIC_REPRESENTATION_CONTEXT() REPRESENTATION_CONTEXT('2D SPACE',''
  ) );
#3782 = PCURVE('',#3783,#3788);
#3783 = PLANE('',#3784);
#3784 = AXIS2_PLACEMENT_3D('',#3785,#3786,#3787);
#3785 = CARTESIAN_POINT('',(-30.,3.,30.));
#3786 = DIRECTION('',(-0.,1.,0.));
#3787 = DIRECTION('',(0.,0.,1.));
#3788 = DEFINITIONAL_REPRESENTATION('',(#3789),#3792);
#3789 = B_SPLINE_CURVE_WITH_KNOTS('',1,(#3790,#3791),.UNSPECIFIED.,.F.,
  .F.,(2,2),(30.5,36.5),.PIECEWISE_BEZIER_KNOTS.);
#3790 = CARTESIAN_POINT('',(-0.5,44.492756811594));
#3791 = CARTESIAN_POINT('',(5.5,44.492756811594));
#3792 = ( GEOMETRIC_REPRESENTATION_CONTEXT(2) 
PARAMETRIC_REPRESENTATION_CONTEXT() REPRESENTATION_CONTEXT('2D SPACE',''
  ) );
#3793 = ORIENTED_EDGE('',*,*,#3794,.F.);
#3794 = EDGE_CURVE('',#3592,#3769,#3795,.T.);
#3795 = SURFACE_CURVE('',#3796,(#3801,#3808),.PCURVE_S1.);
#3796 = CIRCLE('',#3797,14.8);
#3797 = AXIS2_PLACEMENT_3D('',#3798,#3799,#3800);
#3798 = CARTESIAN_POINT('',(0.,0.,30.));
#3799 = DIRECTION('',(0.,0.,1.));
#3800 = DIRECTION('',(1.,0.,-0.));
#3801 = PCURVE('',#2593,#3802);
#3802 = DEFINITIONAL_REPRESENTATION('',(#3803),#3807);
#3803 = LINE('',#3804,#3805);
#3804 = CARTESIAN_POINT('',(0.,31.));
#3805 = VECTOR('',#3806,1.);
#3806 = DIRECTION('',(1.,0.));
#3807 = ( GEOMETRIC_REPRESENTATION_CONTEXT(2) 
PARAMETRIC_REPRESENTATION_CONTEXT() REPRESENTATION_CONTEXT('2D SPACE',''
  ) );
#3808 = PCURVE('',#3631,#3809);
#3809 = DEFINITIONAL_REPRESENTATION('',(#3810),#3814);
#3810 = CIRCLE('',#3811,14.8);
#3811 = AXIS2_PLACEMENT_2D('',#3812,#3813);
#3812 = CARTESIAN_POINT('',(30.,3.));
#3813 = DIRECTION('',(1.,0.));
#3814 = ( GEOMETRIC_REPRESENTATION_CONTEXT(2) 
PARAMETRIC_REPRESENTATION_CONTEXT() REPRESENTATION_CONTEXT('2D SPACE',''
  ) );
#3815 = ORIENTED_EDGE('',*,*,#3591,.F.);
#3816 = FACE_BOUND('',#3817,.F.);
#3817 = EDGE_LOOP('',(#3818,#4025,#4230,#4254,#4275,#4296,#4320,#4344,
    #4365,#4386));
#3818 = ORIENTED_EDGE('',*,*,#3819,.T.);
#3819 = EDGE_CURVE('',#3820,#3822,#3824,.T.);
#3820 = VERTEX_POINT('',#3821);
#3821 = CARTESIAN_POINT('',(-14.63010593953,-2.236068010622,30.));
#3822 = VERTEX_POINT('',#3823);
#3823 = CARTESIAN_POINT('',(-14.8,-7.347880794884E-16,29.));
#3824 = SURFACE_CURVE('',#3825,(#3888,#3954),.PCURVE_S1.);
#3825 = B_SPLINE_CURVE_WITH_KNOTS('',7,(#3826,#3827,#3828,#3829,#3830,
    #3831,#3832,#3833,#3834,#3835,#3836,#3837,#3838,#3839,#3840,#3841,
    #3842,#3843,#3844,#3845,#3846,#3847,#3848,#3849,#3850,#3851,#3852,
    #3853,#3854,#3855,#3856,#3857,#3858,#3859,#3860,#3861,#3862,#3863,
    #3864,#3865,#3866,#3867,#3868,#3869,#3870,#3871,#3872,#3873,#3874,
    #3875,#3876,#3877,#3878,#3879,#3880,#3881,#3882,#3883,#3884,#3885,
    #3886,#3887),.UNSPECIFIED.,.T.,.F.,(8,6,6,6,6,6,6,6,6,6,8),(0.,
    7.576705866692E-02,0.174255453793,0.249922449443,0.383421722911,
    0.468640812134,0.545748992209,0.647259514846,0.750425274453,
    0.884230917754,1.),.UNSPECIFIED.);
#3826 = CARTESIAN_POINT('',(-14.8,4.440892098501E-16,29.));
#3827 = CARTESIAN_POINT('',(-14.8,0.247105529621,29.));
#3828 = CARTESIAN_POINT('',(-14.79518717578,0.492084040087,
    29.023746350445));
#3829 = CARTESIAN_POINT('',(-14.78570768525,0.731302898662,
    29.070501355136));
#3830 = CARTESIAN_POINT('',(-14.77213023171,0.961295553521,
    29.138632397321));
#3831 = CARTESIAN_POINT('',(-14.7553730103,1.178941737585,
    29.225643020946));
#3832 = CARTESIAN_POINT('',(-14.73655301437,1.381643304124,
    29.328189015853));
#3833 = CARTESIAN_POINT('',(-14.69102608929,1.809082261529,
    29.590123945833));
#3834 = CARTESIAN_POINT('',(-14.66334927767,2.024998773309,
    29.759053691702));
#3835 = CARTESIAN_POINT('',(-14.63545312894,2.215528151816,
    29.943938689533));
#3836 = CARTESIAN_POINT('',(-14.60871341771,2.381450488867,
    30.141028456057));
#3837 = CARTESIAN_POINT('',(-14.58412292174,2.523703617338,
    30.347432183344));
#3838 = CARTESIAN_POINT('',(-14.56239627736,2.643188954588,
    30.560919585659));
#3839 = CARTESIAN_POINT('',(-14.52992579438,2.815503603428,
    30.947944623637));
#3840 = CARTESIAN_POINT('',(-14.51779874119,2.87738875544,
    31.119335074887));
#3841 = CARTESIAN_POINT('',(-14.50788537253,2.926587963425,
    31.293155334012));
#3842 = CARTESIAN_POINT('',(-14.50034734299,2.963330662167,
    31.468718560816));
#3843 = CARTESIAN_POINT('',(-14.49528744774,2.987774736625,
    31.645419448405));
#3844 = CARTESIAN_POINT('',(-14.49275681159,3.,31.822697314343));
#3845 = CARTESIAN_POINT('',(-14.49275681159,3.,32.312815112007));
#3846 = CARTESIAN_POINT('',(-14.50063368062,2.961947172268,
    32.625174112196));
#3847 = CARTESIAN_POINT('',(-14.51634837519,2.886032393713,
    32.934422224126));
#3848 = CARTESIAN_POINT('',(-14.53942350956,2.771382954734,
    33.237624256227));
#3849 = CARTESIAN_POINT('',(-14.56891391791,2.61632802666,
    33.531052599118));
#3850 = CARTESIAN_POINT('',(-14.60308961559,2.418655731663,
    33.809487673841));
#3851 = CARTESIAN_POINT('',(-14.66215653596,2.021302728407,
    34.228210371392));
#3852 = CARTESIAN_POINT('',(-14.68609377519,1.847139286385,
    34.383161672381));
#3853 = CARTESIAN_POINT('',(-14.71010056462,1.653549213821,
    34.526632878703));
#3854 = CARTESIAN_POINT('',(-14.73309544937,1.440931854147,
    34.655262776143));
#3855 = CARTESIAN_POINT('',(-14.75382793499,1.210156724049,
    34.765615135956));
#3856 = CARTESIAN_POINT('',(-14.77099579567,0.962615122418,
    34.854142136934));
#3857 = CARTESIAN_POINT('',(-14.79466315122,0.463020028639,
    34.974084307091));
#3858 = CARTESIAN_POINT('',(-14.80194282703,0.215326186779,
    35.00972780557));
#3859 = CARTESIAN_POINT('',(-14.8043426347,-3.790169950298E-02,
    35.021081640453));
#3860 = CARTESIAN_POINT('',(-14.80142125645,-0.291362478323,
    35.0070259885));
#3861 = CARTESIAN_POINT('',(-14.79342689768,-0.539688068662,
    34.968221579549));
#3862 = CARTESIAN_POINT('',(-14.78124518812,-0.777826939198,
    34.90710313337));
#3863 = CARTESIAN_POINT('',(-14.74611850223,-1.295774653762,
    34.723688228043));
#3864 = CARTESIAN_POINT('',(-14.7209710753,-1.565169671868,
    34.588063102478));
#3865 = CARTESIAN_POINT('',(-14.69280126682,-1.808111026774,
    34.427627009065));
#3866 = CARTESIAN_POINT('',(-14.66364421809,-2.024223010672,
    34.247782670512));
#3867 = CARTESIAN_POINT('',(-14.63512840416,-2.213763932846,
    34.05308134023));
#3868 = CARTESIAN_POINT('',(-14.60848443463,-2.377387452917,
    33.847379732171));
#3869 = CARTESIAN_POINT('',(-14.56026582393,-2.656896370516,
    33.416973742886));
#3870 = CARTESIAN_POINT('',(-14.53866872233,-2.772610000771,
    33.191012798022));
#3871 = CARTESIAN_POINT('',(-14.52065505559,-2.864106863012,
    32.958649362352));
#3872 = CARTESIAN_POINT('',(-14.50679612565,-2.932175567533,
    32.721863863111));
#3873 = CARTESIAN_POINT('',(-14.49743956316,-2.977378656413,
    32.482246032106));
#3874 = CARTESIAN_POINT('',(-14.49275681159,-3.,32.241184212047));
#3875 = CARTESIAN_POINT('',(-14.49275681159,-3.,31.687184887993));
#3876 = CARTESIAN_POINT('',(-14.50063368062,-2.961947172268,
    31.374825887804));
#3877 = CARTESIAN_POINT('',(-14.51634837519,-2.886032393714,
    31.065577775874));
#3878 = CARTESIAN_POINT('',(-14.53942350956,-2.771382954733,
    30.762375743773));
#3879 = CARTESIAN_POINT('',(-14.56891391791,-2.61632802666,
    30.468947400882));
#3880 = CARTESIAN_POINT('',(-14.60308961559,-2.418655731663,
    30.190512326159));
#3881 = CARTESIAN_POINT('',(-14.67033525944,-1.966283094482,
    29.713811031877));
#3882 = CARTESIAN_POINT('',(-14.70377742741,-1.71718141871,
    29.503811812728));
#3883 = CARTESIAN_POINT('',(-14.73699068572,-1.429467390711,
    29.317387352575));
#3884 = CARTESIAN_POINT('',(-14.76647236149,-1.106826639074,
    29.165413376913));
#3885 = CARTESIAN_POINT('',(-14.78842467032,-0.755389199739,
    29.057102582985));
#3886 = CARTESIAN_POINT('',(-14.8,-0.383193351856,29.));
#3887 = CARTESIAN_POINT('',(-14.8,4.440892098501E-16,29.));
#3888 = PCURVE('',#2593,#3889);
#3889 = DEFINITIONAL_REPRESENTATION('',(#3890),#3953);
#3890 = B_SPLINE_CURVE_WITH_KNOTS('',7,(#3891,#3892,#3893,#3894,#3895,
    #3896,#3897,#3898,#3899,#3900,#3901,#3902,#3903,#3904,#3905,#3906,
    #3907,#3908,#3909,#3910,#3911,#3912,#3913,#3914,#3915,#3916,#3917,
    #3918,#3919,#3920,#3921,#3922,#3923,#3924,#3925,#3926,#3927,#3928,
    #3929,#3930,#3931,#3932,#3933,#3934,#3935,#3936,#3937,#3938,#3939,
    #3940,#3941,#3942,#3943,#3944,#3945,#3946,#3947,#3948,#3949,#3950,
    #3951,#3952),.UNSPECIFIED.,.T.,.F.,(8,6,6,6,6,6,6,6,6,6,8),(0.,
    7.576705866692E-02,0.174255453793,0.249922449443,0.383421722911,
    0.468640812134,0.545748992209,0.647259514846,0.750425274453,
    0.884230917754,1.),.UNSPECIFIED.);
#3891 = CARTESIAN_POINT('',(3.14159265359,30.));
#3892 = CARTESIAN_POINT('',(3.124896334021,30.));
#3893 = CARTESIAN_POINT('',(3.108343723732,30.023746350445));
#3894 = CARTESIAN_POINT('',(3.092172718517,30.070501355136));
#3895 = CARTESIAN_POINT('',(3.076610392093,30.138632397321));
#3896 = CARTESIAN_POINT('',(3.061864098163,30.225643020946));
#3897 = CARTESIAN_POINT('',(3.048110391519,30.328189015853));
#3898 = CARTESIAN_POINT('',(3.019066021416,30.590123945833));
#3899 = CARTESIAN_POINT('',(3.004361063998,30.759053691703));
#3900 = CARTESIAN_POINT('',(2.991352998266,30.943938689533));
#3901 = CARTESIAN_POINT('',(2.979998864645,31.141028456057));
#3902 = CARTESIAN_POINT('',(2.970245241932,31.347432183344));
#3903 = CARTESIAN_POINT('',(2.962039690573,31.560919585659));
#3904 = CARTESIAN_POINT('',(2.950191901025,31.947944623637));
#3905 = CARTESIAN_POINT('',(2.945931055157,32.119335074887));
#3906 = CARTESIAN_POINT('',(2.942540020312,32.293155334012));
#3907 = CARTESIAN_POINT('',(2.940005700434,32.468718560816));
#3908 = CARTESIAN_POINT('',(2.938319061366,32.645419448405));
#3909 = CARTESIAN_POINT('',(2.937475517878,32.822697314343));
#3910 = CARTESIAN_POINT('',(2.937475517878,33.312815112007));
#3911 = CARTESIAN_POINT('',(2.940101159163,33.625174112196));
#3912 = CARTESIAN_POINT('',(2.945339296057,33.934422224126));
#3913 = CARTESIAN_POINT('',(2.953241059552,34.237624256227));
#3914 = CARTESIAN_POINT('',(2.963904276141,34.531052599118));
#3915 = CARTESIAN_POINT('',(2.977454877726,34.809487673841));
#3916 = CARTESIAN_POINT('',(3.004598066463,35.228210371392));
#3917 = CARTESIAN_POINT('',(3.016475761171,35.383161672381));
#3918 = CARTESIAN_POINT('',(3.029654494078,35.526632878703));
#3919 = CARTESIAN_POINT('',(3.044100704166,35.655262776143));
#3920 = CARTESIAN_POINT('',(3.059751617277,35.765615135956));
#3921 = CARTESIAN_POINT('',(3.076513539468,35.854142136934));
#3922 = CARTESIAN_POINT('',(3.110307821718,35.974084307091));
#3923 = CARTESIAN_POINT('',(3.127048469961,36.00972780557));
#3924 = CARTESIAN_POINT('',(3.144153545565,36.021081640453));
#3925 = CARTESIAN_POINT('',(3.161273881761,36.0070259885));
#3926 = CARTESIAN_POINT('',(3.17805623081,35.968221579549));
#3927 = CARTESIAN_POINT('',(3.194165562458,35.90710313337));
#3928 = CARTESIAN_POINT('',(3.22924241895,35.723688228043));
#3929 = CARTESIAN_POINT('',(3.247518034964,35.588063102478));
#3930 = CARTESIAN_POINT('',(3.264037123348,35.427627009065));
#3931 = CARTESIAN_POINT('',(3.27876817137,35.247782670512));
#3932 = CARTESIAN_POINT('',(3.291717500346,35.05308134023));
#3933 = CARTESIAN_POINT('',(3.302918268359,34.847379732171));
#3934 = CARTESIAN_POINT('',(3.322082968834,34.416973742886));
#3935 = CARTESIAN_POINT('',(3.330035732634,34.191012798022));
#3936 = CARTESIAN_POINT('',(3.33633632987,33.958649362352));
#3937 = CARTESIAN_POINT('',(3.341029919988,33.721863863111));
#3938 = CARTESIAN_POINT('',(3.344148910411,33.482246032106));
#3939 = CARTESIAN_POINT('',(3.345709789302,33.241184212047));
#3940 = CARTESIAN_POINT('',(3.345709789302,32.687184887993));
#3941 = CARTESIAN_POINT('',(3.343084148017,32.374825887804));
#3942 = CARTESIAN_POINT('',(3.337846011123,32.065577775874));
#3943 = CARTESIAN_POINT('',(3.329944247628,31.762375743773));
#3944 = CARTESIAN_POINT('',(3.319281031039,31.468947400882));
#3945 = CARTESIAN_POINT('',(3.305730429454,31.190512326159));
#3946 = CARTESIAN_POINT('',(3.274828848819,30.713811031877));
#3947 = CARTESIAN_POINT('',(3.25784836625,30.503811812728));
#3948 = CARTESIAN_POINT('',(3.238284639436,30.317387352575));
#3949 = CARTESIAN_POINT('',(3.216406479607,30.165413376913));
#3950 = CARTESIAN_POINT('',(3.19263248798,30.057102582985));
#3951 = CARTESIAN_POINT('',(3.167484096283,30.));
#3952 = CARTESIAN_POINT('',(3.14159265359,30.));
#3953 = ( GEOMETRIC_REPRESENTATION_CONTEXT(2) 
PARAMETRIC_REPRESENTATION_CONTEXT() REPRESENTATION_CONTEXT('2D SPACE',''
  ) );
#3954 = PCURVE('',#3955,#3960);
#3955 = CYLINDRICAL_SURFACE('',#3956,3.);
#3956 = AXIS2_PLACEMENT_3D('',#3957,#3958,#3959);
#3957 = CARTESIAN_POINT('',(-16.5,0.,32.));
#3958 = DIRECTION('',(1.,0.,1.110223024625E-16));
#3959 = DIRECTION('',(1.110223024625E-16,0.,-1.));
#3960 = DEFINITIONAL_REPRESENTATION('',(#3961),#4024);
#3961 = B_SPLINE_CURVE_WITH_KNOTS('',7,(#3962,#3963,#3964,#3965,#3966,
    #3967,#3968,#3969,#3970,#3971,#3972,#3973,#3974,#3975,#3976,#3977,
    #3978,#3979,#3980,#3981,#3982,#3983,#3984,#3985,#3986,#3987,#3988,
    #3989,#3990,#3991,#3992,#3993,#3994,#3995,#3996,#3997,#3998,#3999,
    #4000,#4001,#4002,#4003,#4004,#4005,#4006,#4007,#4008,#4009,#4010,
    #4011,#4012,#4013,#4014,#4015,#4016,#4017,#4018,#4019,#4020,#4021,
    #4022,#4023),.UNSPECIFIED.,.F.,.F.,(8,6,6,6,6,6,6,6,6,6,8),(0.,
    7.576705866692E-02,0.174255453793,0.249922449443,0.383421722911,
    0.468640812134,0.545748992209,0.647259514846,0.750425274453,
    0.884230917754,1.),.UNSPECIFIED.);
#3962 = CARTESIAN_POINT('',(0.,1.7));
#3963 = CARTESIAN_POINT('',(8.236850987376E-02,1.7));
#3964 = CARTESIAN_POINT('',(0.16402794024,1.704812824215));
#3965 = CARTESIAN_POINT('',(0.244680653102,1.714292314741));
#3966 = CARTESIAN_POINT('',(0.324011710646,1.727869768283));
#3967 = CARTESIAN_POINT('',(0.401650628812,1.744626989691));
#3968 = CARTESIAN_POINT('',(0.477121104211,1.763446985626));
#3969 = CARTESIAN_POINT('',(0.64422518683,1.808973910702));
#3970 = CARTESIAN_POINT('',(0.735013469481,1.836650722323));
#3971 = CARTESIAN_POINT('',(0.822740803476,1.864546871056));
#3972 = CARTESIAN_POINT('',(0.907874461335,1.89128658229));
#3973 = CARTESIAN_POINT('',(0.99084635762,1.915877078251));
#3974 = CARTESIAN_POINT('',(1.072056115216,1.937603722636));
#3975 = CARTESIAN_POINT('',(1.21327333097,1.970074205612));
#3976 = CARTESIAN_POINT('',(1.273854685739,1.982201258804));
#3977 = CARTESIAN_POINT('',(1.333833058288,1.992114627468));
#3978 = CARTESIAN_POINT('',(1.393365454984,1.999652657008));
#3979 = CARTESIAN_POINT('',(1.452602760412,2.004712552251));
#3980 = CARTESIAN_POINT('',(1.511695431576,2.007243188406));
#3981 = CARTESIAN_POINT('',(1.675068030797,2.007243188406));
#3982 = CARTESIAN_POINT('',(1.779187393644,1.999366319373));
#3983 = CARTESIAN_POINT('',(1.884123205062,1.983651624804));
#3984 = CARTESIAN_POINT('',(1.990718724326,1.96057649044));
#3985 = CARTESIAN_POINT('',(2.099889326808,1.931086082085));
#3986 = CARTESIAN_POINT('',(2.212568965862,1.896910384405));
#3987 = CARTESIAN_POINT('',(2.404985789636,1.837843464031));
#3988 = CARTESIAN_POINT('',(2.482414031667,1.813906224809));
#3989 = CARTESIAN_POINT('',(2.562211045249,1.78989943538));
#3990 = CARTESIAN_POINT('',(2.64436695398,1.766904550627));
#3991 = CARTESIAN_POINT('',(2.728939555298,1.746172065003));
#3992 = CARTESIAN_POINT('',(2.816062624468,1.729004204325));
#3993 = CARTESIAN_POINT('',(2.987326352843,1.705336848777));
#3994 = CARTESIAN_POINT('',(3.070383046602,1.698057172962));
#3995 = CARTESIAN_POINT('',(3.154223960866,1.695657365296));
#3996 = CARTESIAN_POINT('',(3.238085460856,1.698578743549));
#3997 = CARTESIAN_POINT('',(3.321238665611,1.706573102312));
#3998 = CARTESIAN_POINT('',(3.402865517515,1.718754811875));
#3999 = CARTESIAN_POINT('',(3.586020237331,1.753881497768));
#4000 = CARTESIAN_POINT('',(3.685758875359,1.7790289247));
#4001 = CARTESIAN_POINT('',(3.78178713123,1.807198733176));
#4002 = CARTESIAN_POINT('',(3.874539500787,1.836355781906));
#4003 = CARTESIAN_POINT('',(3.96437826037,1.864871595834));
#4004 = CARTESIAN_POINT('',(4.051588660234,1.891515565368));
#4005 = CARTESIAN_POINT('',(4.222655427781,1.939734176065));
#4006 = CARTESIAN_POINT('',(4.306832227922,1.96133127767));
#4007 = CARTESIAN_POINT('',(4.389447248936,1.979344944405));
#4008 = CARTESIAN_POINT('',(4.470920034105,1.993203874347));
#4009 = CARTESIAN_POINT('',(4.551639872424,2.002560436831));
#4010 = CARTESIAN_POINT('',(4.631994243036,2.007243188406));
#4011 = CARTESIAN_POINT('',(4.816660684387,2.007243188406));
#4012 = CARTESIAN_POINT('',(4.920780047234,1.999366319373));
#4013 = CARTESIAN_POINT('',(5.025715858651,1.983651624804));
#4014 = CARTESIAN_POINT('',(5.132311377917,1.96057649044));
#4015 = CARTESIAN_POINT('',(5.241481980397,1.931086082085));
#4016 = CARTESIAN_POINT('',(5.354161619452,1.896910384405));
#4017 = CARTESIAN_POINT('',(5.573221511526,1.829664740555));
#4018 = CARTESIAN_POINT('',(5.681154341883,1.796222572583));
#4019 = CARTESIAN_POINT('',(5.793959827786,1.763009314278));
#4020 = CARTESIAN_POINT('',(5.910839039794,1.733527638506));
#4021 = CARTESIAN_POINT('',(6.031389006723,1.711575329674));
#4022 = CARTESIAN_POINT('',(6.155454189894,1.7));
#4023 = CARTESIAN_POINT('',(6.28318530718,1.7));
#4024 = ( GEOMETRIC_REPRESENTATION_CONTEXT(2) 
PARAMETRIC_REPRESENTATION_CONTEXT() REPRESENTATION_CONTEXT('2D SPACE',''
  ) );
#4025 = ORIENTED_EDGE('',*,*,#4026,.T.);
#4026 = EDGE_CURVE('',#3822,#4027,#4029,.T.);
#4027 = VERTEX_POINT('',#4028);
#4028 = CARTESIAN_POINT('',(-14.63010594336,2.236067986733,30.));
#4029 = SURFACE_CURVE('',#4030,(#4093,#4159),.PCURVE_S1.);
#4030 = B_SPLINE_CURVE_WITH_KNOTS('',7,(#4031,#4032,#4033,#4034,#4035,
    #4036,#4037,#4038,#4039,#4040,#4041,#4042,#4043,#4044,#4045,#4046,
    #4047,#4048,#4049,#4050,#4051,#4052,#4053,#4054,#4055,#4056,#4057,
    #4058,#4059,#4060,#4061,#4062,#4063,#4064,#4065,#4066,#4067,#4068,
    #4069,#4070,#4071,#4072,#4073,#4074,#4075,#4076,#4077,#4078,#4079,
    #4080,#4081,#4082,#4083,#4084,#4085,#4086,#4087,#4088,#4089,#4090,
    #4091,#4092),.UNSPECIFIED.,.T.,.F.,(8,6,6,6,6,6,6,6,6,6,8),(0.,
    7.576705866692E-02,0.174255453793,0.249922449443,0.383421722911,
    0.468640812134,0.545748992209,0.647259514846,0.750425274453,
    0.884230917754,1.),.UNSPECIFIED.);
#4031 = CARTESIAN_POINT('',(-14.8,4.440892098501E-16,29.));
#4032 = CARTESIAN_POINT('',(-14.8,0.247105529621,29.));
#4033 = CARTESIAN_POINT('',(-14.79518717578,0.492084040087,
    29.023746350445));
#4034 = CARTESIAN_POINT('',(-14.78570768525,0.731302898662,
    29.070501355136));
#4035 = CARTESIAN_POINT('',(-14.77213023171,0.961295553521,
    29.138632397321));
#4036 = CARTESIAN_POINT('',(-14.7553730103,1.178941737585,
    29.225643020946));
#4037 = CARTESIAN_POINT('',(-14.73655301437,1.381643304124,
    29.328189015853));
#4038 = CARTESIAN_POINT('',(-14.69102608929,1.809082261529,
    29.590123945833));
#4039 = CARTESIAN_POINT('',(-14.66334927767,2.024998773309,
    29.759053691702));
#4040 = CARTESIAN_POINT('',(-14.63545312894,2.215528151816,
    29.943938689533));
#4041 = CARTESIAN_POINT('',(-14.60871341771,2.381450488867,
    30.141028456057));
#4042 = CARTESIAN_POINT('',(-14.58412292174,2.523703617338,
    30.347432183344));
#4043 = CARTESIAN_POINT('',(-14.56239627736,2.643188954588,
    30.560919585659));
#4044 = CARTESIAN_POINT('',(-14.52992579438,2.815503603428,
    30.947944623637));
#4045 = CARTESIAN_POINT('',(-14.51779874119,2.87738875544,
    31.119335074887));
#4046 = CARTESIAN_POINT('',(-14.50788537253,2.926587963425,
    31.293155334012));
#4047 = CARTESIAN_POINT('',(-14.50034734299,2.963330662167,
    31.468718560816));
#4048 = CARTESIAN_POINT('',(-14.49528744774,2.987774736625,
    31.645419448405));
#4049 = CARTESIAN_POINT('',(-14.49275681159,3.,31.822697314343));
#4050 = CARTESIAN_POINT('',(-14.49275681159,3.,32.312815112007));
#4051 = CARTESIAN_POINT('',(-14.50063368062,2.961947172268,
    32.625174112196));
#4052 = CARTESIAN_POINT('',(-14.51634837519,2.886032393713,
    32.934422224126));
#4053 = CARTESIAN_POINT('',(-14.53942350956,2.771382954734,
    33.237624256227));
#4054 = CARTESIAN_POINT('',(-14.56891391791,2.61632802666,
    33.531052599118));
#4055 = CARTESIAN_POINT('',(-14.60308961559,2.418655731663,
    33.809487673841));
#4056 = CARTESIAN_POINT('',(-14.66215653596,2.021302728407,
    34.228210371392));
#4057 = CARTESIAN_POINT('',(-14.68609377519,1.847139286385,
    34.383161672381));
#4058 = CARTESIAN_POINT('',(-14.71010056462,1.653549213821,
    34.526632878703));
#4059 = CARTESIAN_POINT('',(-14.73309544937,1.440931854147,
    34.655262776143));
#4060 = CARTESIAN_POINT('',(-14.75382793499,1.210156724049,
    34.765615135956));
#4061 = CARTESIAN_POINT('',(-14.77099579567,0.962615122418,
    34.854142136934));
#4062 = CARTESIAN_POINT('',(-14.79466315122,0.463020028639,
    34.974084307091));
#4063 = CARTESIAN_POINT('',(-14.80194282703,0.215326186779,
    35.00972780557));
#4064 = CARTESIAN_POINT('',(-14.8043426347,-3.790169950298E-02,
    35.021081640453));
#4065 = CARTESIAN_POINT('',(-14.80142125645,-0.291362478323,
    35.0070259885));
#4066 = CARTESIAN_POINT('',(-14.79342689768,-0.539688068662,
    34.968221579549));
#4067 = CARTESIAN_POINT('',(-14.78124518812,-0.777826939198,
    34.90710313337));
#4068 = CARTESIAN_POINT('',(-14.74611850223,-1.295774653762,
    34.723688228043));
#4069 = CARTESIAN_POINT('',(-14.7209710753,-1.565169671868,
    34.588063102478));
#4070 = CARTESIAN_POINT('',(-14.69280126682,-1.808111026774,
    34.427627009065));
#4071 = CARTESIAN_POINT('',(-14.66364421809,-2.024223010672,
    34.247782670512));
#4072 = CARTESIAN_POINT('',(-14.63512840416,-2.213763932846,
    34.05308134023));
#4073 = CARTESIAN_POINT('',(-14.60848443463,-2.377387452917,
    33.847379732171));
#4074 = CARTESIAN_POINT('',(-14.56026582393,-2.656896370516,
    33.416973742886));
#4075 = CARTESIAN_POINT('',(-14.53866872233,-2.772610000771,
    33.191012798022));
#4076 = CARTESIAN_POINT('',(-14.52065505559,-2.864106863012,
    32.958649362352));
#4077 = CARTESIAN_POINT('',(-14.50679612565,-2.932175567533,
    32.721863863111));
#4078 = CARTESIAN_POINT('',(-14.49743956316,-2.977378656413,
    32.482246032106));
#4079 = CARTESIAN_POINT('',(-14.49275681159,-3.,32.241184212047));
#4080 = CARTESIAN_POINT('',(-14.49275681159,-3.,31.687184887993));
#4081 = CARTESIAN_POINT('',(-14.50063368062,-2.961947172268,
    31.374825887804));
#4082 = CARTESIAN_POINT('',(-14.51634837519,-2.886032393714,
    31.065577775874));
#4083 = CARTESIAN_POINT('',(-14.53942350956,-2.771382954733,
    30.762375743773));
#4084 = CARTESIAN_POINT('',(-14.56891391791,-2.61632802666,
    30.468947400882));
#4085 = CARTESIAN_POINT('',(-14.60308961559,-2.418655731663,
    30.190512326159));
#4086 = CARTESIAN_POINT('',(-14.67033525944,-1.966283094482,
    29.713811031877));
#4087 = CARTESIAN_POINT('',(-14.70377742741,-1.71718141871,
    29.503811812728));
#4088 = CARTESIAN_POINT('',(-14.73699068572,-1.429467390711,
    29.317387352575));
#4089 = CARTESIAN_POINT('',(-14.76647236149,-1.106826639074,
    29.165413376913));
#4090 = CARTESIAN_POINT('',(-14.78842467032,-0.755389199739,
    29.057102582985));
#4091 = CARTESIAN_POINT('',(-14.8,-0.383193351856,29.));
#4092 = CARTESIAN_POINT('',(-14.8,4.440892098501E-16,29.));
#4093 = PCURVE('',#2593,#4094);
#4094 = DEFINITIONAL_REPRESENTATION('',(#4095),#4158);
#4095 = B_SPLINE_CURVE_WITH_KNOTS('',7,(#4096,#4097,#4098,#4099,#4100,
    #4101,#4102,#4103,#4104,#4105,#4106,#4107,#4108,#4109,#4110,#4111,
    #4112,#4113,#4114,#4115,#4116,#4117,#4118,#4119,#4120,#4121,#4122,
    #4123,#4124,#4125,#4126,#4127,#4128,#4129,#4130,#4131,#4132,#4133,
    #4134,#4135,#4136,#4137,#4138,#4139,#4140,#4141,#4142,#4143,#4144,
    #4145,#4146,#4147,#4148,#4149,#4150,#4151,#4152,#4153,#4154,#4155,
    #4156,#4157),.UNSPECIFIED.,.T.,.F.,(8,6,6,6,6,6,6,6,6,6,8),(0.,
    7.576705866692E-02,0.174255453793,0.249922449443,0.383421722911,
    0.468640812134,0.545748992209,0.647259514846,0.750425274453,
    0.884230917754,1.),.UNSPECIFIED.);
#4096 = CARTESIAN_POINT('',(3.14159265359,30.));
#4097 = CARTESIAN_POINT('',(3.124896334021,30.));
#4098 = CARTESIAN_POINT('',(3.108343723732,30.023746350445));
#4099 = CARTESIAN_POINT('',(3.092172718517,30.070501355136));
#4100 = CARTESIAN_POINT('',(3.076610392093,30.138632397321));
#4101 = CARTESIAN_POINT('',(3.061864098163,30.225643020946));
#4102 = CARTESIAN_POINT('',(3.048110391519,30.328189015853));
#4103 = CARTESIAN_POINT('',(3.019066021416,30.590123945833));
#4104 = CARTESIAN_POINT('',(3.004361063998,30.759053691703));
#4105 = CARTESIAN_POINT('',(2.991352998266,30.943938689533));
#4106 = CARTESIAN_POINT('',(2.979998864645,31.141028456057));
#4107 = CARTESIAN_POINT('',(2.970245241932,31.347432183344));
#4108 = CARTESIAN_POINT('',(2.962039690573,31.560919585659));
#4109 = CARTESIAN_POINT('',(2.950191901025,31.947944623637));
#4110 = CARTESIAN_POINT('',(2.945931055157,32.119335074887));
#4111 = CARTESIAN_POINT('',(2.942540020312,32.293155334012));
#4112 = CARTESIAN_POINT('',(2.940005700434,32.468718560816));
#4113 = CARTESIAN_POINT('',(2.938319061366,32.645419448405));
#4114 = CARTESIAN_POINT('',(2.937475517878,32.822697314343));
#4115 = CARTESIAN_POINT('',(2.937475517878,33.312815112007));
#4116 = CARTESIAN_POINT('',(2.940101159163,33.625174112196));
#4117 = CARTESIAN_POINT('',(2.945339296057,33.934422224126));
#4118 = CARTESIAN_POINT('',(2.953241059552,34.237624256227));
#4119 = CARTESIAN_POINT('',(2.963904276141,34.531052599118));
#4120 = CARTESIAN_POINT('',(2.977454877726,34.809487673841));
#4121 = CARTESIAN_POINT('',(3.004598066463,35.228210371392));
#4122 = CARTESIAN_POINT('',(3.016475761171,35.383161672381));
#4123 = CARTESIAN_POINT('',(3.029654494078,35.526632878703));
#4124 = CARTESIAN_POINT('',(3.044100704166,35.655262776143));
#4125 = CARTESIAN_POINT('',(3.059751617277,35.765615135956));
#4126 = CARTESIAN_POINT('',(3.076513539468,35.854142136934));
#4127 = CARTESIAN_POINT('',(3.110307821718,35.974084307091));
#4128 = CARTESIAN_POINT('',(3.127048469961,36.00972780557));
#4129 = CARTESIAN_POINT('',(3.144153545565,36.021081640453));
#4130 = CARTESIAN_POINT('',(3.161273881761,36.0070259885));
#4131 = CARTESIAN_POINT('',(3.17805623081,35.968221579549));
#4132 = CARTESIAN_POINT('',(3.194165562458,35.90710313337));
#4133 = CARTESIAN_POINT('',(3.22924241895,35.723688228043));
#4134 = CARTESIAN_POINT('',(3.247518034964,35.588063102478));
#4135 = CARTESIAN_POINT('',(3.264037123348,35.427627009065));
#4136 = CARTESIAN_POINT('',(3.27876817137,35.247782670512));
#4137 = CARTESIAN_POINT('',(3.291717500346,35.05308134023));
#4138 = CARTESIAN_POINT('',(3.302918268359,34.847379732171));
#4139 = CARTESIAN_POINT('',(3.322082968834,34.416973742886));
#4140 = CARTESIAN_POINT('',(3.330035732634,34.191012798022));
#4141 = CARTESIAN_POINT('',(3.33633632987,33.958649362352));
#4142 = CARTESIAN_POINT('',(3.341029919988,33.721863863111));
#4143 = CARTESIAN_POINT('',(3.344148910411,33.482246032106));
#4144 = CARTESIAN_POINT('',(3.345709789302,33.241184212047));
#4145 = CARTESIAN_POINT('',(3.345709789302,32.687184887993));
#4146 = CARTESIAN_POINT('',(3.343084148017,32.374825887804));
#4147 = CARTESIAN_POINT('',(3.337846011123,32.065577775874));
#4148 = CARTESIAN_POINT('',(3.329944247628,31.762375743773));
#4149 = CARTESIAN_POINT('',(3.319281031039,31.468947400882));
#4150 = CARTESIAN_POINT('',(3.305730429454,31.190512326159));
#4151 = CARTESIAN_POINT('',(3.274828848819,30.713811031877));
#4152 = CARTESIAN_POINT('',(3.25784836625,30.503811812728));
#4153 = CARTESIAN_POINT('',(3.238284639436,30.317387352575));
#4154 = CARTESIAN_POINT('',(3.216406479607,30.165413376913));
#4155 = CARTESIAN_POINT('',(3.19263248798,30.057102582985));
#4156 = CARTESIAN_POINT('',(3.167484096283,30.));
#4157 = CARTESIAN_POINT('',(3.14159265359,30.));
#4158 = ( GEOMETRIC_REPRESENTATION_CONTEXT(2) 
PARAMETRIC_REPRESENTATION_CONTEXT() REPRESENTATION_CONTEXT('2D SPACE',''
  ) );
#4159 = PCURVE('',#4160,#4165);
#4160 = CYLINDRICAL_SURFACE('',#4161,3.);
#4161 = AXIS2_PLACEMENT_3D('',#4162,#4163,#4164);
#4162 = CARTESIAN_POINT('',(-16.5,0.,32.));
#4163 = DIRECTION('',(1.,0.,1.110223024625E-16));
#4164 = DIRECTION('',(1.110223024625E-16,0.,-1.));
#4165 = DEFINITIONAL_REPRESENTATION('',(#4166),#4229);
#4166 = B_SPLINE_CURVE_WITH_KNOTS('',7,(#4167,#4168,#4169,#4170,#4171,
    #4172,#4173,#4174,#4175,#4176,#4177,#4178,#4179,#4180,#4181,#4182,
    #4183,#4184,#4185,#4186,#4187,#4188,#4189,#4190,#4191,#4192,#4193,
    #4194,#4195,#4196,#4197,#4198,#4199,#4200,#4201,#4202,#4203,#4204,
    #4205,#4206,#4207,#4208,#4209,#4210,#4211,#4212,#4213,#4214,#4215,
    #4216,#4217,#4218,#4219,#4220,#4221,#4222,#4223,#4224,#4225,#4226,
    #4227,#4228),.UNSPECIFIED.,.F.,.F.,(8,6,6,6,6,6,6,6,6,6,8),(0.,
    7.576705866692E-02,0.174255453793,0.249922449443,0.383421722911,
    0.468640812134,0.545748992209,0.647259514846,0.750425274453,
    0.884230917754,1.),.UNSPECIFIED.);
#4167 = CARTESIAN_POINT('',(0.,1.7));
#4168 = CARTESIAN_POINT('',(8.236850987376E-02,1.7));
#4169 = CARTESIAN_POINT('',(0.16402794024,1.704812824215));
#4170 = CARTESIAN_POINT('',(0.244680653102,1.714292314741));
#4171 = CARTESIAN_POINT('',(0.324011710646,1.727869768283));
#4172 = CARTESIAN_POINT('',(0.401650628812,1.744626989691));
#4173 = CARTESIAN_POINT('',(0.477121104211,1.763446985626));
#4174 = CARTESIAN_POINT('',(0.64422518683,1.808973910702));
#4175 = CARTESIAN_POINT('',(0.735013469481,1.836650722323));
#4176 = CARTESIAN_POINT('',(0.822740803476,1.864546871056));
#4177 = CARTESIAN_POINT('',(0.907874461335,1.89128658229));
#4178 = CARTESIAN_POINT('',(0.99084635762,1.915877078251));
#4179 = CARTESIAN_POINT('',(1.072056115216,1.937603722636));
#4180 = CARTESIAN_POINT('',(1.21327333097,1.970074205612));
#4181 = CARTESIAN_POINT('',(1.273854685739,1.982201258804));
#4182 = CARTESIAN_POINT('',(1.333833058288,1.992114627468));
#4183 = CARTESIAN_POINT('',(1.393365454984,1.999652657008));
#4184 = CARTESIAN_POINT('',(1.452602760412,2.004712552251));
#4185 = CARTESIAN_POINT('',(1.511695431576,2.007243188406));
#4186 = CARTESIAN_POINT('',(1.675068030797,2.007243188406));
#4187 = CARTESIAN_POINT('',(1.779187393644,1.999366319373));
#4188 = CARTESIAN_POINT('',(1.884123205062,1.983651624804));
#4189 = CARTESIAN_POINT('',(1.990718724326,1.96057649044));
#4190 = CARTESIAN_POINT('',(2.099889326808,1.931086082085));
#4191 = CARTESIAN_POINT('',(2.212568965862,1.896910384405));
#4192 = CARTESIAN_POINT('',(2.404985789636,1.837843464031));
#4193 = CARTESIAN_POINT('',(2.482414031667,1.813906224809));
#4194 = CARTESIAN_POINT('',(2.562211045249,1.78989943538));
#4195 = CARTESIAN_POINT('',(2.64436695398,1.766904550627));
#4196 = CARTESIAN_POINT('',(2.728939555298,1.746172065003));
#4197 = CARTESIAN_POINT('',(2.816062624468,1.729004204325));
#4198 = CARTESIAN_POINT('',(2.987326352843,1.705336848777));
#4199 = CARTESIAN_POINT('',(3.070383046602,1.698057172962));
#4200 = CARTESIAN_POINT('',(3.154223960866,1.695657365296));
#4201 = CARTESIAN_POINT('',(3.238085460856,1.698578743549));
#4202 = CARTESIAN_POINT('',(3.321238665611,1.706573102312));
#4203 = CARTESIAN_POINT('',(3.402865517515,1.718754811875));
#4204 = CARTESIAN_POINT('',(3.586020237331,1.753881497768));
#4205 = CARTESIAN_POINT('',(3.685758875359,1.7790289247));
#4206 = CARTESIAN_POINT('',(3.78178713123,1.807198733176));
#4207 = CARTESIAN_POINT('',(3.874539500787,1.836355781906));
#4208 = CARTESIAN_POINT('',(3.96437826037,1.864871595834));
#4209 = CARTESIAN_POINT('',(4.051588660234,1.891515565368));
#4210 = CARTESIAN_POINT('',(4.222655427781,1.939734176065));
#4211 = CARTESIAN_POINT('',(4.306832227922,1.96133127767));
#4212 = CARTESIAN_POINT('',(4.389447248936,1.979344944405));
#4213 = CARTESIAN_POINT('',(4.470920034105,1.993203874347));
#4214 = CARTESIAN_POINT('',(4.551639872424,2.002560436831));
#4215 = CARTESIAN_POINT('',(4.631994243036,2.007243188406));
#4216 = CARTESIAN_POINT('',(4.816660684387,2.007243188406));
#4217 = CARTESIAN_POINT('',(4.920780047234,1.999366319373));
#4218 = CARTESIAN_POINT('',(5.025715858651,1.983651624804));
#4219 = CARTESIAN_POINT('',(5.132311377917,1.96057649044));
#4220 = CARTESIAN_POINT('',(5.241481980397,1.931086082085));
#4221 = CARTESIAN_POINT('',(5.354161619452,1.896910384405));
#4222 = CARTESIAN_POINT('',(5.573221511526,1.829664740555));
#4223 = CARTESIAN_POINT('',(5.681154341883,1.796222572583));
#4224 = CARTESIAN_POINT('',(5.793959827786,1.763009314278));
#4225 = CARTESIAN_POINT('',(5.910839039794,1.733527638506));
#4226 = CARTESIAN_POINT('',(6.031389006723,1.711575329674));
#4227 = CARTESIAN_POINT('',(6.155454189894,1.7));
#4228 = CARTESIAN_POINT('',(6.28318530718,1.7));
#4229 = ( GEOMETRIC_REPRESENTATION_CONTEXT(2) 
PARAMETRIC_REPRESENTATION_CONTEXT() REPRESENTATION_CONTEXT('2D SPACE',''
  ) );
#4230 = ORIENTED_EDGE('',*,*,#4231,.F.);
#4231 = EDGE_CURVE('',#4232,#4027,#4234,.T.);
#4232 = VERTEX_POINT('',#4233);
#4233 = CARTESIAN_POINT('',(-14.49275681159,3.,30.));
#4234 = SURFACE_CURVE('',#4235,(#4240,#4247),.PCURVE_S1.);
#4235 = CIRCLE('',#4236,14.8);
#4236 = AXIS2_PLACEMENT_3D('',#4237,#4238,#4239);
#4237 = CARTESIAN_POINT('',(0.,0.,30.));
#4238 = DIRECTION('',(0.,0.,1.));
#4239 = DIRECTION('',(1.,0.,-0.));
#4240 = PCURVE('',#2593,#4241);
#4241 = DEFINITIONAL_REPRESENTATION('',(#4242),#4246);
#4242 = LINE('',#4243,#4244);
#4243 = CARTESIAN_POINT('',(0.,31.));
#4244 = VECTOR('',#4245,1.);
#4245 = DIRECTION('',(1.,0.));
#4246 = ( GEOMETRIC_REPRESENTATION_CONTEXT(2) 
PARAMETRIC_REPRESENTATION_CONTEXT() REPRESENTATION_CONTEXT('2D SPACE',''
  ) );
#4247 = PCURVE('',#3631,#4248);
#4248 = DEFINITIONAL_REPRESENTATION('',(#4249),#4253);
#4249 = CIRCLE('',#4250,14.8);
#4250 = AXIS2_PLACEMENT_2D('',#4251,#4252);
#4251 = CARTESIAN_POINT('',(30.,3.));
#4252 = DIRECTION('',(1.,0.));
#4253 = ( GEOMETRIC_REPRESENTATION_CONTEXT(2) 
PARAMETRIC_REPRESENTATION_CONTEXT() REPRESENTATION_CONTEXT('2D SPACE',''
  ) );
#4254 = ORIENTED_EDGE('',*,*,#4255,.T.);
#4255 = EDGE_CURVE('',#4232,#4256,#4258,.T.);
#4256 = VERTEX_POINT('',#4257);
#4257 = CARTESIAN_POINT('',(-14.49275681159,3.,32.000000040909));
#4258 = SURFACE_CURVE('',#4259,(#4263,#4269),.PCURVE_S1.);
#4259 = LINE('',#4260,#4261);
#4260 = CARTESIAN_POINT('',(-14.49275681159,3.,-1.));
#4261 = VECTOR('',#4262,1.);
#4262 = DIRECTION('',(0.,0.,1.));
#4263 = PCURVE('',#2593,#4264);
#4264 = DEFINITIONAL_REPRESENTATION('',(#4265),#4268);
#4265 = B_SPLINE_CURVE_WITH_KNOTS('',1,(#4266,#4267),.UNSPECIFIED.,.F.,
  .F.,(2,2),(30.5,36.5),.PIECEWISE_BEZIER_KNOTS.);
#4266 = CARTESIAN_POINT('',(2.937475517878,30.5));
#4267 = CARTESIAN_POINT('',(2.937475517878,36.5));
#4268 = ( GEOMETRIC_REPRESENTATION_CONTEXT(2) 
PARAMETRIC_REPRESENTATION_CONTEXT() REPRESENTATION_CONTEXT('2D SPACE',''
  ) );
#4269 = PCURVE('',#3783,#4270);
#4270 = DEFINITIONAL_REPRESENTATION('',(#4271),#4274);
#4271 = B_SPLINE_CURVE_WITH_KNOTS('',1,(#4272,#4273),.UNSPECIFIED.,.F.,
  .F.,(2,2),(30.5,36.5),.PIECEWISE_BEZIER_KNOTS.);
#4272 = CARTESIAN_POINT('',(-0.5,15.507243188406));
#4273 = CARTESIAN_POINT('',(5.5,15.507243188406));
#4274 = ( GEOMETRIC_REPRESENTATION_CONTEXT(2) 
PARAMETRIC_REPRESENTATION_CONTEXT() REPRESENTATION_CONTEXT('2D SPACE',''
  ) );
#4275 = ORIENTED_EDGE('',*,*,#4276,.T.);
#4276 = EDGE_CURVE('',#4256,#4277,#4279,.T.);
#4277 = VERTEX_POINT('',#4278);
#4278 = CARTESIAN_POINT('',(-14.49275681159,3.,35.));
#4279 = SURFACE_CURVE('',#4280,(#4284,#4290),.PCURVE_S1.);
#4280 = LINE('',#4281,#4282);
#4281 = CARTESIAN_POINT('',(-14.49275681159,3.,-1.));
#4282 = VECTOR('',#4283,1.);
#4283 = DIRECTION('',(0.,0.,1.));
#4284 = PCURVE('',#2593,#4285);
#4285 = DEFINITIONAL_REPRESENTATION('',(#4286),#4289);
#4286 = B_SPLINE_CURVE_WITH_KNOTS('',1,(#4287,#4288),.UNSPECIFIED.,.F.,
  .F.,(2,2),(30.5,36.5),.PIECEWISE_BEZIER_KNOTS.);
#4287 = CARTESIAN_POINT('',(2.937475517878,30.5));
#4288 = CARTESIAN_POINT('',(2.937475517878,36.5));
#4289 = ( GEOMETRIC_REPRESENTATION_CONTEXT(2) 
PARAMETRIC_REPRESENTATION_CONTEXT() REPRESENTATION_CONTEXT('2D SPACE',''
  ) );
#4290 = PCURVE('',#3783,#4291);
#4291 = DEFINITIONAL_REPRESENTATION('',(#4292),#4295);
#4292 = B_SPLINE_CURVE_WITH_KNOTS('',1,(#4293,#4294),.UNSPECIFIED.,.F.,
  .F.,(2,2),(30.5,36.5),.PIECEWISE_BEZIER_KNOTS.);
#4293 = CARTESIAN_POINT('',(-0.5,15.507243188406));
#4294 = CARTESIAN_POINT('',(5.5,15.507243188406));
#4295 = ( GEOMETRIC_REPRESENTATION_CONTEXT(2) 
PARAMETRIC_REPRESENTATION_CONTEXT() REPRESENTATION_CONTEXT('2D SPACE',''
  ) );
#4296 = ORIENTED_EDGE('',*,*,#4297,.T.);
#4297 = EDGE_CURVE('',#4277,#4298,#4300,.T.);
#4298 = VERTEX_POINT('',#4299);
#4299 = CARTESIAN_POINT('',(-14.79999997783,3.633498290247E-04,35.));
#4300 = SURFACE_CURVE('',#4301,(#4306,#4313),.PCURVE_S1.);
#4301 = CIRCLE('',#4302,14.8);
#4302 = AXIS2_PLACEMENT_3D('',#4303,#4304,#4305);
#4303 = CARTESIAN_POINT('',(0.,0.,35.));
#4304 = DIRECTION('',(0.,0.,1.));
#4305 = DIRECTION('',(1.,0.,-0.));
#4306 = PCURVE('',#2593,#4307);
#4307 = DEFINITIONAL_REPRESENTATION('',(#4308),#4312);
#4308 = LINE('',#4309,#4310);
#4309 = CARTESIAN_POINT('',(0.,36.));
#4310 = VECTOR('',#4311,1.);
#4311 = DIRECTION('',(1.,0.));
#4312 = ( GEOMETRIC_REPRESENTATION_CONTEXT(2) 
PARAMETRIC_REPRESENTATION_CONTEXT() REPRESENTATION_CONTEXT('2D SPACE',''
  ) );
#4313 = PCURVE('',#3686,#4314);
#4314 = DEFINITIONAL_REPRESENTATION('',(#4315),#4319);
#4315 = CIRCLE('',#4316,14.8);
#4316 = AXIS2_PLACEMENT_2D('',#4317,#4318);
#4317 = CARTESIAN_POINT('',(30.,3.));
#4318 = DIRECTION('',(1.,0.));
#4319 = ( GEOMETRIC_REPRESENTATION_CONTEXT(2) 
PARAMETRIC_REPRESENTATION_CONTEXT() REPRESENTATION_CONTEXT('2D SPACE',''
  ) );
#4320 = ORIENTED_EDGE('',*,*,#4321,.T.);
#4321 = EDGE_CURVE('',#4298,#4322,#4324,.T.);
#4322 = VERTEX_POINT('',#4323);
#4323 = CARTESIAN_POINT('',(-14.49275681159,-3.,35.));
#4324 = SURFACE_CURVE('',#4325,(#4330,#4337),.PCURVE_S1.);
#4325 = CIRCLE('',#4326,14.8);
#4326 = AXIS2_PLACEMENT_3D('',#4327,#4328,#4329);
#4327 = CARTESIAN_POINT('',(0.,0.,35.));
#4328 = DIRECTION('',(0.,0.,1.));
#4329 = DIRECTION('',(1.,0.,-0.));
#4330 = PCURVE('',#2593,#4331);
#4331 = DEFINITIONAL_REPRESENTATION('',(#4332),#4336);
#4332 = LINE('',#4333,#4334);
#4333 = CARTESIAN_POINT('',(0.,36.));
#4334 = VECTOR('',#4335,1.);
#4335 = DIRECTION('',(1.,0.));
#4336 = ( GEOMETRIC_REPRESENTATION_CONTEXT(2) 
PARAMETRIC_REPRESENTATION_CONTEXT() REPRESENTATION_CONTEXT('2D SPACE',''
  ) );
#4337 = PCURVE('',#3686,#4338);
#4338 = DEFINITIONAL_REPRESENTATION('',(#4339),#4343);
#4339 = CIRCLE('',#4340,14.8);
#4340 = AXIS2_PLACEMENT_2D('',#4341,#4342);
#4341 = CARTESIAN_POINT('',(30.,3.));
#4342 = DIRECTION('',(1.,0.));
#4343 = ( GEOMETRIC_REPRESENTATION_CONTEXT(2) 
PARAMETRIC_REPRESENTATION_CONTEXT() REPRESENTATION_CONTEXT('2D SPACE',''
  ) );
#4344 = ORIENTED_EDGE('',*,*,#4345,.F.);
#4345 = EDGE_CURVE('',#4346,#4322,#4348,.T.);
#4346 = VERTEX_POINT('',#4347);
#4347 = CARTESIAN_POINT('',(-14.49275681159,-3.,32.000000005915));
#4348 = SURFACE_CURVE('',#4349,(#4353,#4359),.PCURVE_S1.);
#4349 = LINE('',#4350,#4351);
#4350 = CARTESIAN_POINT('',(-14.49275681159,-3.,-1.));
#4351 = VECTOR('',#4352,1.);
#4352 = DIRECTION('',(0.,0.,1.));
#4353 = PCURVE('',#2593,#4354);
#4354 = DEFINITIONAL_REPRESENTATION('',(#4355),#4358);
#4355 = B_SPLINE_CURVE_WITH_KNOTS('',1,(#4356,#4357),.UNSPECIFIED.,.F.,
  .F.,(2,2),(30.5,36.5),.PIECEWISE_BEZIER_KNOTS.);
#4356 = CARTESIAN_POINT('',(3.345709789302,30.5));
#4357 = CARTESIAN_POINT('',(3.345709789302,36.5));
#4358 = ( GEOMETRIC_REPRESENTATION_CONTEXT(2) 
PARAMETRIC_REPRESENTATION_CONTEXT() REPRESENTATION_CONTEXT('2D SPACE',''
  ) );
#4359 = PCURVE('',#3658,#4360);
#4360 = DEFINITIONAL_REPRESENTATION('',(#4361),#4364);
#4361 = B_SPLINE_CURVE_WITH_KNOTS('',1,(#4362,#4363),.UNSPECIFIED.,.F.,
  .F.,(2,2),(30.5,36.5),.PIECEWISE_BEZIER_KNOTS.);
#4362 = CARTESIAN_POINT('',(-0.5,15.507243188406));
#4363 = CARTESIAN_POINT('',(5.5,15.507243188406));
#4364 = ( GEOMETRIC_REPRESENTATION_CONTEXT(2) 
PARAMETRIC_REPRESENTATION_CONTEXT() REPRESENTATION_CONTEXT('2D SPACE',''
  ) );
#4365 = ORIENTED_EDGE('',*,*,#4366,.F.);
#4366 = EDGE_CURVE('',#4367,#4346,#4369,.T.);
#4367 = VERTEX_POINT('',#4368);
#4368 = CARTESIAN_POINT('',(-14.49275681159,-3.,30.));
#4369 = SURFACE_CURVE('',#4370,(#4374,#4380),.PCURVE_S1.);
#4370 = LINE('',#4371,#4372);
#4371 = CARTESIAN_POINT('',(-14.49275681159,-3.,-1.));
#4372 = VECTOR('',#4373,1.);
#4373 = DIRECTION('',(0.,0.,1.));
#4374 = PCURVE('',#2593,#4375);
#4375 = DEFINITIONAL_REPRESENTATION('',(#4376),#4379);
#4376 = B_SPLINE_CURVE_WITH_KNOTS('',1,(#4377,#4378),.UNSPECIFIED.,.F.,
  .F.,(2,2),(30.5,36.5),.PIECEWISE_BEZIER_KNOTS.);
#4377 = CARTESIAN_POINT('',(3.345709789302,30.5));
#4378 = CARTESIAN_POINT('',(3.345709789302,36.5));
#4379 = ( GEOMETRIC_REPRESENTATION_CONTEXT(2) 
PARAMETRIC_REPRESENTATION_CONTEXT() REPRESENTATION_CONTEXT('2D SPACE',''
  ) );
#4380 = PCURVE('',#3658,#4381);
#4381 = DEFINITIONAL_REPRESENTATION('',(#4382),#4385);
#4382 = B_SPLINE_CURVE_WITH_KNOTS('',1,(#4383,#4384),.UNSPECIFIED.,.F.,
  .F.,(2,2),(30.5,36.5),.PIECEWISE_BEZIER_KNOTS.);
#4383 = CARTESIAN_POINT('',(-0.5,15.507243188406));
#4384 = CARTESIAN_POINT('',(5.5,15.507243188406));
#4385 = ( GEOMETRIC_REPRESENTATION_CONTEXT(2) 
PARAMETRIC_REPRESENTATION_CONTEXT() REPRESENTATION_CONTEXT('2D SPACE',''
  ) );
#4386 = ORIENTED_EDGE('',*,*,#4387,.F.);
#4387 = EDGE_CURVE('',#3820,#4367,#4388,.T.);
#4388 = SURFACE_CURVE('',#4389,(#4394,#4401),.PCURVE_S1.);
#4389 = CIRCLE('',#4390,14.8);
#4390 = AXIS2_PLACEMENT_3D('',#4391,#4392,#4393);
#4391 = CARTESIAN_POINT('',(0.,0.,30.));
#4392 = DIRECTION('',(0.,0.,1.));
#4393 = DIRECTION('',(1.,0.,-0.));
#4394 = PCURVE('',#2593,#4395);
#4395 = DEFINITIONAL_REPRESENTATION('',(#4396),#4400);
#4396 = LINE('',#4397,#4398);
#4397 = CARTESIAN_POINT('',(0.,31.));
#4398 = VECTOR('',#4399,1.);
#4399 = DIRECTION('',(1.,0.));
#4400 = ( GEOMETRIC_REPRESENTATION_CONTEXT(2) 
PARAMETRIC_REPRESENTATION_CONTEXT() REPRESENTATION_CONTEXT('2D SPACE',''
  ) );
#4401 = PCURVE('',#3631,#4402);
#4402 = DEFINITIONAL_REPRESENTATION('',(#4403),#4407);
#4403 = CIRCLE('',#4404,14.8);
#4404 = AXIS2_PLACEMENT_2D('',#4405,#4406);
#4405 = CARTESIAN_POINT('',(30.,3.));
#4406 = DIRECTION('',(1.,0.));
#4407 = ( GEOMETRIC_REPRESENTATION_CONTEXT(2) 
PARAMETRIC_REPRESENTATION_CONTEXT() REPRESENTATION_CONTEXT('2D SPACE',''
  ) );
#4408 = ADVANCED_FACE('',(#4409),#3075,.T.);
#4409 = FACE_BOUND('',#4410,.T.);
#4410 = EDGE_LOOP('',(#4411,#4412));
#4411 = ORIENTED_EDGE('',*,*,#3060,.F.);
#4412 = ORIENTED_EDGE('',*,*,#3211,.T.);
#4413 = ADVANCED_FACE('',(#4414),#3149,.T.);
#4414 = FACE_BOUND('',#4415,.T.);
#4415 = EDGE_LOOP('',(#4416,#4417));
#4416 = ORIENTED_EDGE('',*,*,#3134,.F.);
#4417 = ORIENTED_EDGE('',*,*,#3183,.T.);
#4418 = ADVANCED_FACE('',(#4419),#3278,.F.);
#4419 = FACE_BOUND('',#4420,.F.);
#4420 = EDGE_LOOP('',(#4421,#4442,#4443,#4444));
#4421 = ORIENTED_EDGE('',*,*,#4422,.T.);
#4422 = EDGE_CURVE('',#3699,#3239,#4423,.T.);
#4423 = SEAM_CURVE('',#4424,(#4428,#4435),.PCURVE_S1.);
#4424 = LINE('',#4425,#4426);
#4425 = CARTESIAN_POINT('',(14.8,-3.624954525476E-15,-1.));
#4426 = VECTOR('',#4427,1.);
#4427 = DIRECTION('',(0.,0.,1.));
#4428 = PCURVE('',#3278,#4429);
#4429 = DEFINITIONAL_REPRESENTATION('',(#4430),#4434);
#4430 = LINE('',#4431,#4432);
#4431 = CARTESIAN_POINT('',(6.28318530718,-0.));
#4432 = VECTOR('',#4433,1.);
#4433 = DIRECTION('',(0.,1.));
#4434 = ( GEOMETRIC_REPRESENTATION_CONTEXT(2) 
PARAMETRIC_REPRESENTATION_CONTEXT() REPRESENTATION_CONTEXT('2D SPACE',''
  ) );
#4435 = PCURVE('',#3278,#4436);
#4436 = DEFINITIONAL_REPRESENTATION('',(#4437),#4441);
#4437 = LINE('',#4438,#4439);
#4438 = CARTESIAN_POINT('',(0.,-0.));
#4439 = VECTOR('',#4440,1.);
#4440 = DIRECTION('',(0.,1.));
#4441 = ( GEOMETRIC_REPRESENTATION_CONTEXT(2) 
PARAMETRIC_REPRESENTATION_CONTEXT() REPRESENTATION_CONTEXT('2D SPACE',''
  ) );
#4442 = ORIENTED_EDGE('',*,*,#3263,.F.);
#4443 = ORIENTED_EDGE('',*,*,#4422,.F.);
#4444 = ORIENTED_EDGE('',*,*,#3721,.T.);
#4445 = ADVANCED_FACE('',(#4446,#4477),#3310,.F.);
#4446 = FACE_BOUND('',#4447,.F.);
#4447 = EDGE_LOOP('',(#4448));
#4448 = ORIENTED_EDGE('',*,*,#4449,.T.);
#4449 = EDGE_CURVE('',#4450,#4450,#4452,.T.);
#4450 = VERTEX_POINT('',#4451);
#4451 = CARTESIAN_POINT('',(31.,-7.592810154714E-15,26.));
#4452 = SURFACE_CURVE('',#4453,(#4458,#4465),.PCURVE_S1.);
#4453 = CIRCLE('',#4454,31.);
#4454 = AXIS2_PLACEMENT_3D('',#4455,#4456,#4457);
#4455 = CARTESIAN_POINT('',(0.,0.,26.));
#4456 = DIRECTION('',(0.,0.,1.));
#4457 = DIRECTION('',(1.,0.,-0.));
#4458 = PCURVE('',#3310,#4459);
#4459 = DEFINITIONAL_REPRESENTATION('',(#4460),#4464);
#4460 = CIRCLE('',#4461,31.);
#4461 = AXIS2_PLACEMENT_2D('',#4462,#4463);
#4462 = CARTESIAN_POINT('',(0.,0.));
#4463 = DIRECTION('',(1.,0.));
#4464 = ( GEOMETRIC_REPRESENTATION_CONTEXT(2) 
PARAMETRIC_REPRESENTATION_CONTEXT() REPRESENTATION_CONTEXT('2D SPACE',''
  ) );
#4465 = PCURVE('',#4466,#4471);
#4466 = CYLINDRICAL_SURFACE('',#4467,31.);
#4467 = AXIS2_PLACEMENT_3D('',#4468,#4469,#4470);
#4468 = CARTESIAN_POINT('',(0.,0.,26.));
#4469 = DIRECTION('',(0.,0.,1.));
#4470 = DIRECTION('',(1.,0.,-0.));
#4471 = DEFINITIONAL_REPRESENTATION('',(#4472),#4476);
#4472 = LINE('',#4473,#4474);
#4473 = CARTESIAN_POINT('',(0.,0.));
#4474 = VECTOR('',#4475,1.);
#4475 = DIRECTION('',(1.,0.));
#4476 = ( GEOMETRIC_REPRESENTATION_CONTEXT(2) 
PARAMETRIC_REPRESENTATION_CONTEXT() REPRESENTATION_CONTEXT('2D SPACE',''
  ) );
#4477 = FACE_BOUND('',#4478,.F.);
#4478 = EDGE_LOOP('',(#4479));
#4479 = ORIENTED_EDGE('',*,*,#3293,.F.);
#4480 = ADVANCED_FACE('',(#4481,#4507),#3384,.T.);
#4481 = FACE_BOUND('',#4482,.T.);
#4482 = EDGE_LOOP('',(#4483));
#4483 = ORIENTED_EDGE('',*,*,#4484,.T.);
#4484 = EDGE_CURVE('',#4485,#4485,#4487,.T.);
#4485 = VERTEX_POINT('',#4486);
#4486 = CARTESIAN_POINT('',(31.,-7.592810154714E-15,44.));
#4487 = SURFACE_CURVE('',#4488,(#4493,#4500),.PCURVE_S1.);
#4488 = CIRCLE('',#4489,31.);
#4489 = AXIS2_PLACEMENT_3D('',#4490,#4491,#4492);
#4490 = CARTESIAN_POINT('',(0.,0.,44.));
#4491 = DIRECTION('',(0.,0.,1.));
#4492 = DIRECTION('',(1.,0.,-0.));
#4493 = PCURVE('',#3384,#4494);
#4494 = DEFINITIONAL_REPRESENTATION('',(#4495),#4499);
#4495 = CIRCLE('',#4496,31.);
#4496 = AXIS2_PLACEMENT_2D('',#4497,#4498);
#4497 = CARTESIAN_POINT('',(0.,0.));
#4498 = DIRECTION('',(1.,0.));
#4499 = ( GEOMETRIC_REPRESENTATION_CONTEXT(2) 
PARAMETRIC_REPRESENTATION_CONTEXT() REPRESENTATION_CONTEXT('2D SPACE',''
  ) );
#4500 = PCURVE('',#4466,#4501);
#4501 = DEFINITIONAL_REPRESENTATION('',(#4502),#4506);
#4502 = LINE('',#4503,#4504);
#4503 = CARTESIAN_POINT('',(0.,18.));
#4504 = VECTOR('',#4505,1.);
#4505 = DIRECTION('',(1.,0.));
#4506 = ( GEOMETRIC_REPRESENTATION_CONTEXT(2) 
PARAMETRIC_REPRESENTATION_CONTEXT() REPRESENTATION_CONTEXT('2D SPACE',''
  ) );
#4507 = FACE_BOUND('',#4508,.T.);
#4508 = EDGE_LOOP('',(#4509));
#4509 = ORIENTED_EDGE('',*,*,#3369,.F.);
#4510 = ADVANCED_FACE('',(#4511),#3521,.T.);
#4511 = FACE_BOUND('',#4512,.T.);
#4512 = EDGE_LOOP('',(#4513,#4536,#4563,#4564));
#4513 = ORIENTED_EDGE('',*,*,#4514,.T.);
#4514 = EDGE_CURVE('',#3410,#4515,#4517,.T.);
#4515 = VERTEX_POINT('',#4516);
#4516 = CARTESIAN_POINT('',(3.,21.,34.));
#4517 = SEAM_CURVE('',#4518,(#4522,#4529),.PCURVE_S1.);
#4518 = LINE('',#4519,#4520);
#4519 = CARTESIAN_POINT('',(3.,30.,34.));
#4520 = VECTOR('',#4521,1.);
#4521 = DIRECTION('',(0.,-1.,1.110223024625E-16));
#4522 = PCURVE('',#3521,#4523);
#4523 = DEFINITIONAL_REPRESENTATION('',(#4524),#4528);
#4524 = LINE('',#4525,#4526);
#4525 = CARTESIAN_POINT('',(6.28318530718,-0.));
#4526 = VECTOR('',#4527,1.);
#4527 = DIRECTION('',(0.,1.));
#4528 = ( GEOMETRIC_REPRESENTATION_CONTEXT(2) 
PARAMETRIC_REPRESENTATION_CONTEXT() REPRESENTATION_CONTEXT('2D SPACE',''
  ) );
#4529 = PCURVE('',#3521,#4530);
#4530 = DEFINITIONAL_REPRESENTATION('',(#4531),#4535);
#4531 = LINE('',#4532,#4533);
#4532 = CARTESIAN_POINT('',(0.,-0.));
#4533 = VECTOR('',#4534,1.);
#4534 = DIRECTION('',(0.,1.));
#4535 = ( GEOMETRIC_REPRESENTATION_CONTEXT(2) 
PARAMETRIC_REPRESENTATION_CONTEXT() REPRESENTATION_CONTEXT('2D SPACE',''
  ) );
#4536 = ORIENTED_EDGE('',*,*,#4537,.F.);
#4537 = EDGE_CURVE('',#4515,#4515,#4538,.T.);
#4538 = SURFACE_CURVE('',#4539,(#4544,#4551),.PCURVE_S1.);
#4539 = CIRCLE('',#4540,3.);
#4540 = AXIS2_PLACEMENT_3D('',#4541,#4542,#4543);
#4541 = CARTESIAN_POINT('',(0.,21.,34.));
#4542 = DIRECTION('',(0.,-1.,1.110223024625E-16));
#4543 = DIRECTION('',(1.,0.,0.));
#4544 = PCURVE('',#3521,#4545);
#4545 = DEFINITIONAL_REPRESENTATION('',(#4546),#4550);
#4546 = LINE('',#4547,#4548);
#4547 = CARTESIAN_POINT('',(0.,9.));
#4548 = VECTOR('',#4549,1.);
#4549 = DIRECTION('',(1.,0.));
#4550 = ( GEOMETRIC_REPRESENTATION_CONTEXT(2) 
PARAMETRIC_REPRESENTATION_CONTEXT() REPRESENTATION_CONTEXT('2D SPACE',''
  ) );
#4551 = PCURVE('',#4552,#4557);
#4552 = PLANE('',#4553);
#4553 = AXIS2_PLACEMENT_3D('',#4554,#4555,#4556);
#4554 = CARTESIAN_POINT('',(0.,21.,34.));
#4555 = DIRECTION('',(0.,-1.,1.110223024625E-16));
#4556 = DIRECTION('',(1.,0.,0.));
#4557 = DEFINITIONAL_REPRESENTATION('',(#4558),#4562);
#4558 = CIRCLE('',#4559,3.);
#4559 = AXIS2_PLACEMENT_2D('',#4560,#4561);
#4560 = CARTESIAN_POINT('',(0.,0.));
#4561 = DIRECTION('',(1.,0.));
#4562 = ( GEOMETRIC_REPRESENTATION_CONTEXT(2) 
PARAMETRIC_REPRESENTATION_CONTEXT() REPRESENTATION_CONTEXT('2D SPACE',''
  ) );
#4563 = ORIENTED_EDGE('',*,*,#4514,.F.);
#4564 = ORIENTED_EDGE('',*,*,#3409,.T.);
#4565 = ADVANCED_FACE('',(#4566),#3631,.F.);
#4566 = FACE_BOUND('',#4567,.F.);
#4567 = EDGE_LOOP('',(#4568,#4589,#4590,#4611,#4637,#4656,#4657,#4678,
    #4679));
#4568 = ORIENTED_EDGE('',*,*,#4569,.F.);
#4569 = EDGE_CURVE('',#4232,#3769,#4570,.T.);
#4570 = SURFACE_CURVE('',#4571,(#4575,#4582),.PCURVE_S1.);
#4571 = LINE('',#4572,#4573);
#4572 = CARTESIAN_POINT('',(-30.,3.,30.));
#4573 = VECTOR('',#4574,1.);
#4574 = DIRECTION('',(1.,0.,-0.));
#4575 = PCURVE('',#3631,#4576);
#4576 = DEFINITIONAL_REPRESENTATION('',(#4577),#4581);
#4577 = LINE('',#4578,#4579);
#4578 = CARTESIAN_POINT('',(0.,6.));
#4579 = VECTOR('',#4580,1.);
#4580 = DIRECTION('',(1.,0.));
#4581 = ( GEOMETRIC_REPRESENTATION_CONTEXT(2) 
PARAMETRIC_REPRESENTATION_CONTEXT() REPRESENTATION_CONTEXT('2D SPACE',''
  ) );
#4582 = PCURVE('',#3783,#4583);
#4583 = DEFINITIONAL_REPRESENTATION('',(#4584),#4588);
#4584 = LINE('',#4585,#4586);
#4585 = CARTESIAN_POINT('',(0.,0.));
#4586 = VECTOR('',#4587,1.);
#4587 = DIRECTION('',(0.,1.));
#4588 = ( GEOMETRIC_REPRESENTATION_CONTEXT(2) 
PARAMETRIC_REPRESENTATION_CONTEXT() REPRESENTATION_CONTEXT('2D SPACE',''
  ) );
#4589 = ORIENTED_EDGE('',*,*,#4231,.T.);
#4590 = ORIENTED_EDGE('',*,*,#4591,.T.);
#4591 = EDGE_CURVE('',#4027,#4592,#4594,.T.);
#4592 = VERTEX_POINT('',#4593);
#4593 = CARTESIAN_POINT('',(-7.5,2.2360679775,30.));
#4594 = SURFACE_CURVE('',#4595,(#4599,#4605),.PCURVE_S1.);
#4595 = LINE('',#4596,#4597);
#4596 = CARTESIAN_POINT('',(-16.5,2.2360679775,30.));
#4597 = VECTOR('',#4598,1.);
#4598 = DIRECTION('',(1.,0.,1.110223024625E-16));
#4599 = PCURVE('',#3631,#4600);
#4600 = DEFINITIONAL_REPRESENTATION('',(#4601),#4604);
#4601 = B_SPLINE_CURVE_WITH_KNOTS('',1,(#4602,#4603),.UNSPECIFIED.,.F.,
  .F.,(2,2),(1.695656765296,9.0000006),.PIECEWISE_BEZIER_KNOTS.);
#4602 = CARTESIAN_POINT('',(15.195656765296,5.2360679775));
#4603 = CARTESIAN_POINT('',(22.5000006,5.2360679775));
#4604 = ( GEOMETRIC_REPRESENTATION_CONTEXT(2) 
PARAMETRIC_REPRESENTATION_CONTEXT() REPRESENTATION_CONTEXT('2D SPACE',''
  ) );
#4605 = PCURVE('',#4160,#4606);
#4606 = DEFINITIONAL_REPRESENTATION('',(#4607),#4610);
#4607 = B_SPLINE_CURVE_WITH_KNOTS('',1,(#4608,#4609),.UNSPECIFIED.,.F.,
  .F.,(2,2),(1.695656765296,9.0000006),.PIECEWISE_BEZIER_KNOTS.);
#4608 = CARTESIAN_POINT('',(0.841068670568,1.695656765296));
#4609 = CARTESIAN_POINT('',(0.841068670568,9.0000006));
#4610 = ( GEOMETRIC_REPRESENTATION_CONTEXT(2) 
PARAMETRIC_REPRESENTATION_CONTEXT() REPRESENTATION_CONTEXT('2D SPACE',''
  ) );
#4611 = ORIENTED_EDGE('',*,*,#4612,.T.);
#4612 = EDGE_CURVE('',#4592,#4613,#4615,.T.);
#4613 = VERTEX_POINT('',#4614);
#4614 = CARTESIAN_POINT('',(-7.5,-2.2360679775,30.));
#4615 = SURFACE_CURVE('',#4616,(#4620,#4626),.PCURVE_S1.);
#4616 = LINE('',#4617,#4618);
#4617 = CARTESIAN_POINT('',(-7.5,-1.5,30.));
#4618 = VECTOR('',#4619,1.);
#4619 = DIRECTION('',(0.,-1.,0.));
#4620 = PCURVE('',#3631,#4621);
#4621 = DEFINITIONAL_REPRESENTATION('',(#4622),#4625);
#4622 = B_SPLINE_CURVE_WITH_KNOTS('',1,(#4623,#4624),.UNSPECIFIED.,.F.,
  .F.,(2,2),(-4.5,1.5),.PIECEWISE_BEZIER_KNOTS.);
#4623 = CARTESIAN_POINT('',(22.5,6.));
#4624 = CARTESIAN_POINT('',(22.5,0.));
#4625 = ( GEOMETRIC_REPRESENTATION_CONTEXT(2) 
PARAMETRIC_REPRESENTATION_CONTEXT() REPRESENTATION_CONTEXT('2D SPACE',''
  ) );
#4626 = PCURVE('',#4627,#4632);
#4627 = PLANE('',#4628);
#4628 = AXIS2_PLACEMENT_3D('',#4629,#4630,#4631);
#4629 = CARTESIAN_POINT('',(-7.5,0.,32.));
#4630 = DIRECTION('',(1.,0.,1.110223024625E-16));
#4631 = DIRECTION('',(1.110223024625E-16,0.,-1.));
#4632 = DEFINITIONAL_REPRESENTATION('',(#4633),#4636);
#4633 = B_SPLINE_CURVE_WITH_KNOTS('',1,(#4634,#4635),.UNSPECIFIED.,.F.,
  .F.,(2,2),(-4.5,1.5),.PIECEWISE_BEZIER_KNOTS.);
#4634 = CARTESIAN_POINT('',(2.,3.));
#4635 = CARTESIAN_POINT('',(2.,-3.));
#4636 = ( GEOMETRIC_REPRESENTATION_CONTEXT(2) 
PARAMETRIC_REPRESENTATION_CONTEXT() REPRESENTATION_CONTEXT('2D SPACE',''
  ) );
#4637 = ORIENTED_EDGE('',*,*,#4638,.F.);
#4638 = EDGE_CURVE('',#3820,#4613,#4639,.T.);
#4639 = SURFACE_CURVE('',#4640,(#4644,#4650),.PCURVE_S1.);
#4640 = LINE('',#4641,#4642);
#4641 = CARTESIAN_POINT('',(-16.5,-2.2360679775,30.));
#4642 = VECTOR('',#4643,1.);
#4643 = DIRECTION('',(1.,0.,1.110223024625E-16));
#4644 = PCURVE('',#3631,#4645);
#4645 = DEFINITIONAL_REPRESENTATION('',(#4646),#4649);
#4646 = B_SPLINE_CURVE_WITH_KNOTS('',1,(#4647,#4648),.UNSPECIFIED.,.F.,
  .F.,(2,2),(1.695656765296,9.0000006),.PIECEWISE_BEZIER_KNOTS.);
#4647 = CARTESIAN_POINT('',(15.195656765296,0.7639320225));
#4648 = CARTESIAN_POINT('',(22.5000006,0.7639320225));
#4649 = ( GEOMETRIC_REPRESENTATION_CONTEXT(2) 
PARAMETRIC_REPRESENTATION_CONTEXT() REPRESENTATION_CONTEXT('2D SPACE',''
  ) );
#4650 = PCURVE('',#3955,#4651);
#4651 = DEFINITIONAL_REPRESENTATION('',(#4652),#4655);
#4652 = B_SPLINE_CURVE_WITH_KNOTS('',1,(#4653,#4654),.UNSPECIFIED.,.F.,
  .F.,(2,2),(1.695656765296,9.0000006),.PIECEWISE_BEZIER_KNOTS.);
#4653 = CARTESIAN_POINT('',(5.442116636612,1.695656765296));
#4654 = CARTESIAN_POINT('',(5.442116636612,9.0000006));
#4655 = ( GEOMETRIC_REPRESENTATION_CONTEXT(2) 
PARAMETRIC_REPRESENTATION_CONTEXT() REPRESENTATION_CONTEXT('2D SPACE',''
  ) );
#4656 = ORIENTED_EDGE('',*,*,#4387,.T.);
#4657 = ORIENTED_EDGE('',*,*,#4658,.T.);
#4658 = EDGE_CURVE('',#4367,#3615,#4659,.T.);
#4659 = SURFACE_CURVE('',#4660,(#4664,#4671),.PCURVE_S1.);
#4660 = LINE('',#4661,#4662);
#4661 = CARTESIAN_POINT('',(-30.,-3.,30.));
#4662 = VECTOR('',#4663,1.);
#4663 = DIRECTION('',(1.,0.,-0.));
#4664 = PCURVE('',#3631,#4665);
#4665 = DEFINITIONAL_REPRESENTATION('',(#4666),#4670);
#4666 = LINE('',#4667,#4668);
#4667 = CARTESIAN_POINT('',(0.,0.));
#4668 = VECTOR('',#4669,1.);
#4669 = DIRECTION('',(1.,0.));
#4670 = ( GEOMETRIC_REPRESENTATION_CONTEXT(2) 
PARAMETRIC_REPRESENTATION_CONTEXT() REPRESENTATION_CONTEXT('2D SPACE',''
  ) );
#4671 = PCURVE('',#3658,#4672);
#4672 = DEFINITIONAL_REPRESENTATION('',(#4673),#4677);
#4673 = LINE('',#4674,#4675);
#4674 = CARTESIAN_POINT('',(0.,0.));
#4675 = VECTOR('',#4676,1.);
#4676 = DIRECTION('',(0.,1.));
#4677 = ( GEOMETRIC_REPRESENTATION_CONTEXT(2) 
PARAMETRIC_REPRESENTATION_CONTEXT() REPRESENTATION_CONTEXT('2D SPACE',''
  ) );
#4678 = ORIENTED_EDGE('',*,*,#3614,.T.);
#4679 = ORIENTED_EDGE('',*,*,#3794,.T.);
#4680 = ADVANCED_FACE('',(#4681),#3783,.T.);
#4681 = FACE_BOUND('',#4682,.T.);
#4682 = EDGE_LOOP('',(#4683,#4684,#4685,#4686,#4707));
#4683 = ORIENTED_EDGE('',*,*,#4569,.F.);
#4684 = ORIENTED_EDGE('',*,*,#4255,.T.);
#4685 = ORIENTED_EDGE('',*,*,#4276,.T.);
#4686 = ORIENTED_EDGE('',*,*,#4687,.T.);
#4687 = EDGE_CURVE('',#4277,#3745,#4688,.T.);
#4688 = SURFACE_CURVE('',#4689,(#4693,#4700),.PCURVE_S1.);
#4689 = LINE('',#4690,#4691);
#4690 = CARTESIAN_POINT('',(-30.,3.,35.));
#4691 = VECTOR('',#4692,1.);
#4692 = DIRECTION('',(1.,0.,-0.));
#4693 = PCURVE('',#3783,#4694);
#4694 = DEFINITIONAL_REPRESENTATION('',(#4695),#4699);
#4695 = LINE('',#4696,#4697);
#4696 = CARTESIAN_POINT('',(5.,0.));
#4697 = VECTOR('',#4698,1.);
#4698 = DIRECTION('',(0.,1.));
#4699 = ( GEOMETRIC_REPRESENTATION_CONTEXT(2) 
PARAMETRIC_REPRESENTATION_CONTEXT() REPRESENTATION_CONTEXT('2D SPACE',''
  ) );
#4700 = PCURVE('',#3686,#4701);
#4701 = DEFINITIONAL_REPRESENTATION('',(#4702),#4706);
#4702 = LINE('',#4703,#4704);
#4703 = CARTESIAN_POINT('',(0.,6.));
#4704 = VECTOR('',#4705,1.);
#4705 = DIRECTION('',(1.,0.));
#4706 = ( GEOMETRIC_REPRESENTATION_CONTEXT(2) 
PARAMETRIC_REPRESENTATION_CONTEXT() REPRESENTATION_CONTEXT('2D SPACE',''
  ) );
#4707 = ORIENTED_EDGE('',*,*,#3768,.F.);
#4708 = ADVANCED_FACE('',(#4709),#3686,.T.);
#4709 = FACE_BOUND('',#4710,.T.);
#4710 = EDGE_LOOP('',(#4711,#4712,#4713,#4714,#4735,#4736));
#4711 = ORIENTED_EDGE('',*,*,#4687,.F.);
#4712 = ORIENTED_EDGE('',*,*,#4297,.T.);
#4713 = ORIENTED_EDGE('',*,*,#4321,.T.);
#4714 = ORIENTED_EDGE('',*,*,#4715,.T.);
#4715 = EDGE_CURVE('',#4322,#3644,#4716,.T.);
#4716 = SURFACE_CURVE('',#4717,(#4721,#4728),.PCURVE_S1.);
#4717 = LINE('',#4718,#4719);
#4718 = CARTESIAN_POINT('',(-30.,-3.,35.));
#4719 = VECTOR('',#4720,1.);
#4720 = DIRECTION('',(1.,0.,-0.));
#4721 = PCURVE('',#3686,#4722);
#4722 = DEFINITIONAL_REPRESENTATION('',(#4723),#4727);
#4723 = LINE('',#4724,#4725);
#4724 = CARTESIAN_POINT('',(0.,0.));
#4725 = VECTOR('',#4726,1.);
#4726 = DIRECTION('',(1.,0.));
#4727 = ( GEOMETRIC_REPRESENTATION_CONTEXT(2) 
PARAMETRIC_REPRESENTATION_CONTEXT() REPRESENTATION_CONTEXT('2D SPACE',''
  ) );
#4728 = PCURVE('',#3658,#4729);
#4729 = DEFINITIONAL_REPRESENTATION('',(#4730),#4734);
#4730 = LINE('',#4731,#4732);
#4731 = CARTESIAN_POINT('',(5.,0.));
#4732 = VECTOR('',#4733,1.);
#4733 = DIRECTION('',(0.,1.));
#4734 = ( GEOMETRIC_REPRESENTATION_CONTEXT(2) 
PARAMETRIC_REPRESENTATION_CONTEXT() REPRESENTATION_CONTEXT('2D SPACE',''
  ) );
#4735 = ORIENTED_EDGE('',*,*,#3669,.T.);
#4736 = ORIENTED_EDGE('',*,*,#3744,.T.);
#4737 = ADVANCED_FACE('',(#4738),#3658,.F.);
#4738 = FACE_BOUND('',#4739,.F.);
#4739 = EDGE_LOOP('',(#4740,#4741,#4742,#4743,#4744));
#4740 = ORIENTED_EDGE('',*,*,#4658,.F.);
#4741 = ORIENTED_EDGE('',*,*,#4366,.T.);
#4742 = ORIENTED_EDGE('',*,*,#4345,.T.);
#4743 = ORIENTED_EDGE('',*,*,#4715,.T.);
#4744 = ORIENTED_EDGE('',*,*,#3643,.F.);
#4745 = ADVANCED_FACE('',(#4746),#3955,.T.);
#4746 = FACE_BOUND('',#4747,.T.);
#4747 = EDGE_LOOP('',(#4748,#4749,#4772,#4794));
#4748 = ORIENTED_EDGE('',*,*,#3819,.T.);
#4749 = ORIENTED_EDGE('',*,*,#4750,.T.);
#4750 = EDGE_CURVE('',#3822,#4751,#4753,.T.);
#4751 = VERTEX_POINT('',#4752);
#4752 = CARTESIAN_POINT('',(-7.5,-7.347880794884E-16,29.));
#4753 = SURFACE_CURVE('',#4754,(#4758,#4765),.PCURVE_S1.);
#4754 = LINE('',#4755,#4756);
#4755 = CARTESIAN_POINT('',(-16.5,-7.347880794884E-16,29.));
#4756 = VECTOR('',#4757,1.);
#4757 = DIRECTION('',(1.,0.,1.110223024625E-16));
#4758 = PCURVE('',#3955,#4759);
#4759 = DEFINITIONAL_REPRESENTATION('',(#4760),#4764);
#4760 = LINE('',#4761,#4762);
#4761 = CARTESIAN_POINT('',(6.28318530718,-0.));
#4762 = VECTOR('',#4763,1.);
#4763 = DIRECTION('',(0.,1.));
#4764 = ( GEOMETRIC_REPRESENTATION_CONTEXT(2) 
PARAMETRIC_REPRESENTATION_CONTEXT() REPRESENTATION_CONTEXT('2D SPACE',''
  ) );
#4765 = PCURVE('',#4160,#4766);
#4766 = DEFINITIONAL_REPRESENTATION('',(#4767),#4771);
#4767 = LINE('',#4768,#4769);
#4768 = CARTESIAN_POINT('',(0.,-0.));
#4769 = VECTOR('',#4770,1.);
#4770 = DIRECTION('',(0.,1.));
#4771 = ( GEOMETRIC_REPRESENTATION_CONTEXT(2) 
PARAMETRIC_REPRESENTATION_CONTEXT() REPRESENTATION_CONTEXT('2D SPACE',''
  ) );
#4772 = ORIENTED_EDGE('',*,*,#4773,.F.);
#4773 = EDGE_CURVE('',#4613,#4751,#4774,.T.);
#4774 = SURFACE_CURVE('',#4775,(#4780,#4787),.PCURVE_S1.);
#4775 = CIRCLE('',#4776,3.);
#4776 = AXIS2_PLACEMENT_3D('',#4777,#4778,#4779);
#4777 = CARTESIAN_POINT('',(-7.5,0.,32.));
#4778 = DIRECTION('',(1.,-0.,1.110223024625E-16));
#4779 = DIRECTION('',(1.110223024625E-16,0.,-1.));
#4780 = PCURVE('',#3955,#4781);
#4781 = DEFINITIONAL_REPRESENTATION('',(#4782),#4786);
#4782 = LINE('',#4783,#4784);
#4783 = CARTESIAN_POINT('',(0.,9.));
#4784 = VECTOR('',#4785,1.);
#4785 = DIRECTION('',(1.,0.));
#4786 = ( GEOMETRIC_REPRESENTATION_CONTEXT(2) 
PARAMETRIC_REPRESENTATION_CONTEXT() REPRESENTATION_CONTEXT('2D SPACE',''
  ) );
#4787 = PCURVE('',#4627,#4788);
#4788 = DEFINITIONAL_REPRESENTATION('',(#4789),#4793);
#4789 = CIRCLE('',#4790,3.);
#4790 = AXIS2_PLACEMENT_2D('',#4791,#4792);
#4791 = CARTESIAN_POINT('',(0.,0.));
#4792 = DIRECTION('',(1.,0.));
#4793 = ( GEOMETRIC_REPRESENTATION_CONTEXT(2) 
PARAMETRIC_REPRESENTATION_CONTEXT() REPRESENTATION_CONTEXT('2D SPACE',''
  ) );
#4794 = ORIENTED_EDGE('',*,*,#4638,.F.);
#4795 = ADVANCED_FACE('',(#4796),#4160,.T.);
#4796 = FACE_BOUND('',#4797,.T.);
#4797 = EDGE_LOOP('',(#4798,#4799,#4800,#4801));
#4798 = ORIENTED_EDGE('',*,*,#4750,.F.);
#4799 = ORIENTED_EDGE('',*,*,#4026,.T.);
#4800 = ORIENTED_EDGE('',*,*,#4591,.T.);
#4801 = ORIENTED_EDGE('',*,*,#4802,.F.);
#4802 = EDGE_CURVE('',#4751,#4592,#4803,.T.);
#4803 = SURFACE_CURVE('',#4804,(#4809,#4816),.PCURVE_S1.);
#4804 = CIRCLE('',#4805,3.);
#4805 = AXIS2_PLACEMENT_3D('',#4806,#4807,#4808);
#4806 = CARTESIAN_POINT('',(-7.5,0.,32.));
#4807 = DIRECTION('',(1.,-0.,1.110223024625E-16));
#4808 = DIRECTION('',(1.110223024625E-16,0.,-1.));
#4809 = PCURVE('',#4160,#4810);
#4810 = DEFINITIONAL_REPRESENTATION('',(#4811),#4815);
#4811 = LINE('',#4812,#4813);
#4812 = CARTESIAN_POINT('',(0.,9.));
#4813 = VECTOR('',#4814,1.);
#4814 = DIRECTION('',(1.,0.));
#4815 = ( GEOMETRIC_REPRESENTATION_CONTEXT(2) 
PARAMETRIC_REPRESENTATION_CONTEXT() REPRESENTATION_CONTEXT('2D SPACE',''
  ) );
#4816 = PCURVE('',#4627,#4817);
#4817 = DEFINITIONAL_REPRESENTATION('',(#4818),#4822);
#4818 = CIRCLE('',#4819,3.);
#4819 = AXIS2_PLACEMENT_2D('',#4820,#4821);
#4820 = CARTESIAN_POINT('',(0.,0.));
#4821 = DIRECTION('',(1.,0.));
#4822 = ( GEOMETRIC_REPRESENTATION_CONTEXT(2) 
PARAMETRIC_REPRESENTATION_CONTEXT() REPRESENTATION_CONTEXT('2D SPACE',''
  ) );
#4823 = ADVANCED_FACE('',(#4824,#4850),#4466,.T.);
#4824 = FACE_BOUND('',#4825,.T.);
#4825 = EDGE_LOOP('',(#4826,#4847,#4848,#4849));
#4826 = ORIENTED_EDGE('',*,*,#4827,.T.);
#4827 = EDGE_CURVE('',#4450,#4485,#4828,.T.);
#4828 = SEAM_CURVE('',#4829,(#4833,#4840),.PCURVE_S1.);
#4829 = LINE('',#4830,#4831);
#4830 = CARTESIAN_POINT('',(31.,-7.592810154714E-15,26.));
#4831 = VECTOR('',#4832,1.);
#4832 = DIRECTION('',(0.,0.,1.));
#4833 = PCURVE('',#4466,#4834);
#4834 = DEFINITIONAL_REPRESENTATION('',(#4835),#4839);
#4835 = LINE('',#4836,#4837);
#4836 = CARTESIAN_POINT('',(6.28318530718,-0.));
#4837 = VECTOR('',#4838,1.);
#4838 = DIRECTION('',(0.,1.));
#4839 = ( GEOMETRIC_REPRESENTATION_CONTEXT(2) 
PARAMETRIC_REPRESENTATION_CONTEXT() REPRESENTATION_CONTEXT('2D SPACE',''
  ) );
#4840 = PCURVE('',#4466,#4841);
#4841 = DEFINITIONAL_REPRESENTATION('',(#4842),#4846);
#4842 = LINE('',#4843,#4844);
#4843 = CARTESIAN_POINT('',(0.,-0.));
#4844 = VECTOR('',#4845,1.);
#4845 = DIRECTION('',(0.,1.));
#4846 = ( GEOMETRIC_REPRESENTATION_CONTEXT(2) 
PARAMETRIC_REPRESENTATION_CONTEXT() REPRESENTATION_CONTEXT('2D SPACE',''
  ) );
#4847 = ORIENTED_EDGE('',*,*,#4484,.F.);
#4848 = ORIENTED_EDGE('',*,*,#4827,.F.);
#4849 = ORIENTED_EDGE('',*,*,#4449,.T.);
#4850 = FACE_BOUND('',#4851,.T.);
#4851 = EDGE_LOOP('',(#4852));
#4852 = ORIENTED_EDGE('',*,*,#4853,.F.);
#4853 = EDGE_CURVE('',#4854,#4854,#4856,.T.);
#4854 = VERTEX_POINT('',#4855);
#4855 = CARTESIAN_POINT('',(3.,-30.85449724108,34.));
#4856 = SURFACE_CURVE('',#4857,(#4916,#4978),.PCURVE_S1.);
#4857 = B_SPLINE_CURVE_WITH_KNOTS('',8,(#4858,#4859,#4860,#4861,#4862,
    #4863,#4864,#4865,#4866,#4867,#4868,#4869,#4870,#4871,#4872,#4873,
    #4874,#4875,#4876,#4877,#4878,#4879,#4880,#4881,#4882,#4883,#4884,
    #4885,#4886,#4887,#4888,#4889,#4890,#4891,#4892,#4893,#4894,#4895,
    #4896,#4897,#4898,#4899,#4900,#4901,#4902,#4903,#4904,#4905,#4906,
    #4907,#4908,#4909,#4910,#4911,#4912,#4913,#4914,#4915),
  .UNSPECIFIED.,.T.,.F.,(9,7,7,7,7,7,7,7,9),(0.,0.121329522108,
    0.229915496329,0.322750848934,0.434782264038,0.559219611884,
    0.672854274189,0.815576106222,1.),.UNSPECIFIED.);
#4858 = CARTESIAN_POINT('',(3.,-30.85449724108,34.));
#4859 = CARTESIAN_POINT('',(3.,-30.85449724108,34.246719589466));
#4860 = CARTESIAN_POINT('',(2.976811630577,-30.85675184878,
    34.493253284602));
#4861 = CARTESIAN_POINT('',(2.930493547646,-30.8612554232,
    34.738416581426));
#4862 = CARTESIAN_POINT('',(2.860733119399,-30.86793969217,
    34.980937418692));
#4863 = CARTESIAN_POINT('',(2.766904103286,-30.87666994772,
    35.219323716121));
#4864 = CARTESIAN_POINT('',(2.648128210696,-30.88722060758,
    35.451709854263));
#4865 = CARTESIAN_POINT('',(2.503350418218,-30.8992388048,
    35.675666873929));
#4866 = CARTESIAN_POINT('',(2.177581760615,-30.92380869226,
    36.077957662891));
#4867 = CARTESIAN_POINT('',(2.00018997668,-30.93630765685,
    36.260837361552));
#4868 = CARTESIAN_POINT('',(1.798897713817,-30.94925918856,
    36.432240994357));
#4869 = CARTESIAN_POINT('',(1.574034943786,-30.96205737459,
    36.587784519507));
#4870 = CARTESIAN_POINT('',(1.326598440212,-30.97396288048,
    36.723073630918));
#4871 = CARTESIAN_POINT('',(1.058255333313,-30.98416466817,
    36.833701066184));
#4872 = CARTESIAN_POINT('',(0.771402164224,-30.991873504,36.915217277318
    ));
#4873 = CARTESIAN_POINT('',(0.211024681389,-31.0003579297,
    37.003972351308));
#4874 = CARTESIAN_POINT('',(-5.313385501571E-02,-31.00189715919,
    37.019436433594));
#4875 = CARTESIAN_POINT('',(-0.318451664232,-31.00079985726,
    37.008063347406));
#4876 = CARTESIAN_POINT('',(-0.580003254785,-30.9970386048,
    36.969898474068));
#4877 = CARTESIAN_POINT('',(-0.83297686673,-30.99088109369,
    36.906374970829));
#4878 = CARTESIAN_POINT('',(-1.072971862601,-30.98283945376,
    36.820275430741));
#4879 = CARTESIAN_POINT('',(-1.296260531296,-30.97355833322,
    36.715705248454));
#4880 = CARTESIAN_POINT('',(-1.745867768593,-30.95177763167,
    36.456124388971));
#4881 = CARTESIAN_POINT('',(-1.966945528507,-30.93883125771,
    36.293030308705));
#4882 = CARTESIAN_POINT('',(-2.163366271975,-30.92562901823,
    36.113476609086));
#4883 = CARTESIAN_POINT('',(-2.335716291087,-30.91281105631,
    35.921169045535));
#4884 = CARTESIAN_POINT('',(-2.484801615291,-30.90086067229,
    35.719058499535));
#4885 = CARTESIAN_POINT('',(-2.611485717097,-30.89012654106,
    35.50949936609));
#4886 = CARTESIAN_POINT('',(-2.716576587107,-30.88085739804,
    35.294360368399));
#4887 = CARTESIAN_POINT('',(-2.894226049748,-30.86474148437,
    34.831567695927));
#4888 = CARTESIAN_POINT('',(-2.961971685579,-30.85826960687,
    34.582747677281));
#4889 = CARTESIAN_POINT('',(-3.004816232477,-30.85404441719,
    34.330618316353));
#4890 = CARTESIAN_POINT('',(-3.023291172467,-30.85219514522,
    34.07677977195));
#4891 = CARTESIAN_POINT('',(-3.017618384845,-30.85276996285,
    33.822637320399));
#4892 = CARTESIAN_POINT('',(-2.987705407837,-30.85574720795,
    33.569564995256));
#4893 = CARTESIAN_POINT('',(-2.933138068582,-30.86102964369,
    33.319066813437));
#4894 = CARTESIAN_POINT('',(-2.780143275921,-30.87517095923,
    32.84819725879));
#4895 = CARTESIAN_POINT('',(-2.685931510168,-30.8836797757,
    32.627088474471));
#4896 = CARTESIAN_POINT('',(-2.569940394029,-30.89380079477,
    32.410945076721));
#4897 = CARTESIAN_POINT('',(-2.431371814045,-30.90531410576,
    32.201473466744));
#4898 = CARTESIAN_POINT('',(-2.269310131735,-30.91790627146,
    32.000854865067));
#4899 = CARTESIAN_POINT('',(-2.082833272175,-30.931132768,
    31.811868189156));
#4900 = CARTESIAN_POINT('',(-1.871168986569,-30.94438837472,
    31.638061469526));
#4901 = CARTESIAN_POINT('',(-1.335935639727,-30.97263818722,
    31.290476869954));
#4902 = CARTESIAN_POINT('',(-0.986380475806,-30.98780080793,
    31.120813389101));
#4903 = CARTESIAN_POINT('',(-0.595409654146,-30.99987648635,
    30.99870950916));
#4904 = CARTESIAN_POINT('',(-0.178715165199,-31.00621164601,
    30.939165590108));
#4905 = CARTESIAN_POINT('',(0.24408778814,-31.00507288972,
    30.948642569269));
#4906 = CARTESIAN_POINT('',(0.652889703047,-30.99717172085,
    31.025089673318));
#4907 = CARTESIAN_POINT('',(1.029846472506,-30.98467260772,
    31.157754273911));
#4908 = CARTESIAN_POINT('',(1.791140532256,-30.95119315736,
    31.545652971902));
#4909 = CARTESIAN_POINT('',(2.151354057097,-30.9285415501,
    31.828383880646));
#4910 = CARTESIAN_POINT('',(2.442761056751,-30.9059225455,
    32.151935956131));
#4911 = CARTESIAN_POINT('',(2.669405106779,-30.88609357576,
    32.501532092606));
#4912 = CARTESIAN_POINT('',(2.835572661964,-30.87048230936,
    32.86687256265));
#4913 = CARTESIAN_POINT('',(2.945038587827,-30.85984164691,
    33.241244438912));
#4914 = CARTESIAN_POINT('',(3.,-30.85449724108,33.620163086267));
#4915 = CARTESIAN_POINT('',(3.,-30.85449724108,34.));
#4916 = PCURVE('',#4466,#4917);
#4917 = DEFINITIONAL_REPRESENTATION('',(#4918),#4977);
#4918 = B_SPLINE_CURVE_WITH_KNOTS('',8,(#4919,#4920,#4921,#4922,#4923,
    #4924,#4925,#4926,#4927,#4928,#4929,#4930,#4931,#4932,#4933,#4934,
    #4935,#4936,#4937,#4938,#4939,#4940,#4941,#4942,#4943,#4944,#4945,
    #4946,#4947,#4948,#4949,#4950,#4951,#4952,#4953,#4954,#4955,#4956,
    #4957,#4958,#4959,#4960,#4961,#4962,#4963,#4964,#4965,#4966,#4967,
    #4968,#4969,#4970,#4971,#4972,#4973,#4974,#4975,#4976),
  .UNSPECIFIED.,.T.,.F.,(9,7,7,7,7,7,7,7,9),(0.,0.121329522108,
    0.229915496329,0.322750848934,0.434782264038,0.559219611884,
    0.672854274189,0.815576106222,1.),.UNSPECIFIED.);
#4919 = CARTESIAN_POINT('',(4.809314866425,8.));
#4920 = CARTESIAN_POINT('',(4.809314866425,8.246719589466));
#4921 = CARTESIAN_POINT('',(4.808563327229,8.493253284602));
#4922 = CARTESIAN_POINT('',(4.807062148796,8.738416581426));
#4923 = CARTESIAN_POINT('',(4.804801509256,8.980937418692));
#4924 = CARTESIAN_POINT('',(4.80176171814,9.219323716121));
#4925 = CARTESIAN_POINT('',(4.79791523083,9.451709854263));
#4926 = CARTESIAN_POINT('',(4.793229049194,9.675666873929));
#4927 = CARTESIAN_POINT('',(4.782690536619,10.077957662891));
#4928 = CARTESIAN_POINT('',(4.776954103791,10.260837361552));
#4929 = CARTESIAN_POINT('',(4.770447586883,10.432240994356));
#4930 = CARTESIAN_POINT('',(4.763182636391,10.587784519507));
#4931 = CARTESIAN_POINT('',(4.755192279132,10.723073630918));
#4932 = CARTESIAN_POINT('',(4.746530648436,10.833701066184));
#4933 = CARTESIAN_POINT('',(4.737274616392,10.915217277318));
#4934 = CARTESIAN_POINT('',(4.719195851598,11.003972351308));
#4935 = CARTESIAN_POINT('',(4.710674832074,11.019436433594));
#4936 = CARTESIAN_POINT('',(4.702116833187,11.008063347406));
#4937 = CARTESIAN_POINT('',(4.693679668501,10.969898474068));
#4938 = CARTESIAN_POINT('',(4.685517536331,10.906374970829));
#4939 = CARTESIAN_POINT('',(4.677771839148,10.820275430741));
#4940 = CARTESIAN_POINT('',(4.670562930441,10.715705248454));
#4941 = CARTESIAN_POINT('',(4.656042462746,10.456124388971));
#4942 = CARTESIAN_POINT('',(4.648899068334,10.293030308705));
#4943 = CARTESIAN_POINT('',(4.642548965266,10.113476609086));
#4944 = CARTESIAN_POINT('',(4.636974150903,9.921169045535));
#4945 = CARTESIAN_POINT('',(4.632149626939,9.719058499535));
#4946 = CARTESIAN_POINT('',(4.628048442641,9.50949936609));
#4947 = CARTESIAN_POINT('',(4.624645264041,9.294360368399));
#4948 = CARTESIAN_POINT('',(4.618891103962,8.831567695927));
#4949 = CARTESIAN_POINT('',(4.616695836169,8.582747677281));
#4950 = CARTESIAN_POINT('',(4.615307050968,8.330618316353));
#4951 = CARTESIAN_POINT('',(4.614708101874,8.07677977195));
#4952 = CARTESIAN_POINT('',(4.61489203564,7.822637320399));
#4953 = CARTESIAN_POINT('',(4.615861739544,7.569564995257));
#4954 = CARTESIAN_POINT('',(4.617630188578,7.319066813437));
#4955 = CARTESIAN_POINT('',(4.622586541609,6.84819725879));
#4956 = CARTESIAN_POINT('',(4.625637994106,6.627088474471));
#4957 = CARTESIAN_POINT('',(4.629393829547,6.410945076721));
#4958 = CARTESIAN_POINT('',(4.633879105098,6.201473466744));
#4959 = CARTESIAN_POINT('',(4.639122480079,6.000854865067));
#4960 = CARTESIAN_POINT('',(4.645152676864,5.811868189156));
#4961 = CARTESIAN_POINT('',(4.651993603624,5.638061469526));
#4962 = CARTESIAN_POINT('',(4.669283227691,5.290476869954));
#4963 = CARTESIAN_POINT('',(4.680569296734,5.120813389101));
#4964 = CARTESIAN_POINT('',(4.693185679812,4.99870950916));
#4965 = CARTESIAN_POINT('',(4.706625392529,4.939165590108));
#4966 = CARTESIAN_POINT('',(4.720260199488,4.948642569269));
#4967 = CARTESIAN_POINT('',(4.733447768134,5.025089673318));
#4968 = CARTESIAN_POINT('',(4.745613625672,5.157754273911));
#4969 = CARTESIAN_POINT('',(4.770195234302,5.545652971902));
#4970 = CARTESIAN_POINT('',(4.78183590508,5.828383880645));
#4971 = CARTESIAN_POINT('',(4.791263186891,6.151935956131));
#4972 = CARTESIAN_POINT('',(4.798601969791,6.501532092605));
#4973 = CARTESIAN_POINT('',(4.803985738141,6.86687256265));
#4974 = CARTESIAN_POINT('',(4.807533558503,7.241244438912));
#4975 = CARTESIAN_POINT('',(4.809314866425,7.620163086267));
#4976 = CARTESIAN_POINT('',(4.809314866425,8.));
#4977 = ( GEOMETRIC_REPRESENTATION_CONTEXT(2) 
PARAMETRIC_REPRESENTATION_CONTEXT() REPRESENTATION_CONTEXT('2D SPACE',''
  ) );
#4978 = PCURVE('',#4979,#4984);
#4979 = CYLINDRICAL_SURFACE('',#4980,3.);
#4980 = AXIS2_PLACEMENT_3D('',#4981,#4982,#4983);
#4981 = CARTESIAN_POINT('',(0.,-30.,34.));
#4982 = DIRECTION('',(0.,-1.,1.110223024625E-16));
#4983 = DIRECTION('',(1.,0.,0.));
#4984 = DEFINITIONAL_REPRESENTATION('',(#4985),#5044);
#4985 = B_SPLINE_CURVE_WITH_KNOTS('',8,(#4986,#4987,#4988,#4989,#4990,
    #4991,#4992,#4993,#4994,#4995,#4996,#4997,#4998,#4999,#5000,#5001,
    #5002,#5003,#5004,#5005,#5006,#5007,#5008,#5009,#5010,#5011,#5012,
    #5013,#5014,#5015,#5016,#5017,#5018,#5019,#5020,#5021,#5022,#5023,
    #5024,#5025,#5026,#5027,#5028,#5029,#5030,#5031,#5032,#5033,#5034,
    #5035,#5036,#5037,#5038,#5039,#5040,#5041,#5042,#5043),
  .UNSPECIFIED.,.F.,.F.,(9,7,7,7,7,7,7,7,9),(0.,0.121329522108,
    0.229915496329,0.322750848934,0.434782264038,0.559219611884,
    0.672854274189,0.815576106222,1.),.UNSPECIFIED.);
#4986 = CARTESIAN_POINT('',(0.,0.854497241083));
#4987 = CARTESIAN_POINT('',(8.223986315542E-02,0.854497241083));
#4988 = CARTESIAN_POINT('',(0.164417667064,0.856751848784));
#4989 = CARTESIAN_POINT('',(0.246986673361,0.861255423201));
#4990 = CARTESIAN_POINT('',(0.33036395514,0.867939692176));
#4991 = CARTESIAN_POINT('',(0.414969328538,0.876669947727));
#4992 = CARTESIAN_POINT('',(0.501234800398,0.887220607586));
#4993 = CARTESIAN_POINT('',(0.589621168176,0.899238804807));
#4994 = CARTESIAN_POINT('',(0.762171675165,0.923808692269));
#4995 = CARTESIAN_POINT('',(0.846758384692,0.936307656858));
#4996 = CARTESIAN_POINT('',(0.93421117859,0.94925918856));
#4997 = CARTESIAN_POINT('',(1.024411260844,0.962057374594));
#4998 = CARTESIAN_POINT('',(1.117341085799,0.973962880481));
#4999 = CARTESIAN_POINT('',(1.213070608756,0.984164668173));
#5000 = CARTESIAN_POINT('',(1.311761871362,0.991873504005));
#5001 = CARTESIAN_POINT('',(1.500882757578,1.000357929703));
#5002 = CARTESIAN_POINT('',(1.588657783712,1.001897159192));
#5003 = CARTESIAN_POINT('',(1.676424789699,1.00079985726));
#5004 = CARTESIAN_POINT('',(1.763631405122,0.997038604802));
#5005 = CARTESIAN_POINT('',(1.849724545825,0.99088109369));
#5006 = CARTESIAN_POINT('',(1.934089382343,0.982839453765));
#5007 = CARTESIAN_POINT('',(2.015975744326,0.973558333222));
#5008 = CARTESIAN_POINT('',(2.189029650648,0.951777631679));
#5009 = CARTESIAN_POINT('',(2.280031783772,0.938831257714));
#5010 = CARTESIAN_POINT('',(2.367949990355,0.92562901823));
#5011 = CARTESIAN_POINT('',(2.453213974726,0.912811056315));
#5012 = CARTESIAN_POINT('',(2.536206622532,0.900860672291));
#5013 = CARTESIAN_POINT('',(2.6172849081,0.890126541067));
#5014 = CARTESIAN_POINT('',(2.696788336182,0.880857398043));
#5015 = CARTESIAN_POINT('',(2.862027687586,0.864741484379));
#5016 = CARTESIAN_POINT('',(2.947551465337,0.858269606879));
#5017 = CARTESIAN_POINT('',(3.032132349973,0.85404441719));
#5018 = CARTESIAN_POINT('',(3.11619956931,0.852195145226));
#5019 = CARTESIAN_POINT('',(3.200169348449,0.852769962855));
#5020 = CARTESIAN_POINT('',(3.284457362299,0.855747207959));
#5021 = CARTESIAN_POINT('',(3.369490730349,0.861029643694));
#5022 = CARTESIAN_POINT('',(3.534524580101,0.875170959235));
#5023 = CARTESIAN_POINT('',(3.614324422114,0.883679775701));
#5024 = CARTESIAN_POINT('',(3.69553909471,0.893800794775));
#5025 = CARTESIAN_POINT('',(3.778534206224,0.905314105765));
#5026 = CARTESIAN_POINT('',(3.863689434258,0.917906271465));
#5027 = CARTESIAN_POINT('',(3.951407210261,0.931132768008));
#5028 = CARTESIAN_POINT('',(4.042133515665,0.94438837472));
#5029 = CARTESIAN_POINT('',(4.254864380957,0.972638187224));
#5030 = CARTESIAN_POINT('',(4.383387889521,0.98780080793));
#5031 = CARTESIAN_POINT('',(4.517378156158,0.999876486352));
#5032 = CARTESIAN_POINT('',(4.654107323069,1.006211646012));
#5033 = CARTESIAN_POINT('',(4.791442440915,1.005072889722));
#5034 = CARTESIAN_POINT('',(4.927342782386,0.997171720852));
#5035 = CARTESIAN_POINT('',(5.059377001205,0.984672607725));
#5036 = CARTESIAN_POINT('',(5.344183767143,0.951193157366));
#5037 = CARTESIAN_POINT('',(5.493955038262,0.928541550108));
#5038 = CARTESIAN_POINT('',(5.635764779034,0.905922545503));
#5039 = CARTESIAN_POINT('',(5.771375829395,0.886093575769));
#5040 = CARTESIAN_POINT('',(5.902387934944,0.870482309365));
#5041 = CARTESIAN_POINT('',(6.030265801316,0.859841646917));
#5042 = CARTESIAN_POINT('',(6.156573002602,0.854497241083));
#5043 = CARTESIAN_POINT('',(6.28318530718,0.854497241083));
#5044 = ( GEOMETRIC_REPRESENTATION_CONTEXT(2) 
PARAMETRIC_REPRESENTATION_CONTEXT() REPRESENTATION_CONTEXT('2D SPACE',''
  ) );
#5045 = ADVANCED_FACE('',(#5046),#4552,.T.);
#5046 = FACE_BOUND('',#5047,.T.);
#5047 = EDGE_LOOP('',(#5048));
#5048 = ORIENTED_EDGE('',*,*,#4537,.T.);
#5049 = ADVANCED_FACE('',(#5050),#4627,.T.);
#5050 = FACE_BOUND('',#5051,.T.);
#5051 = EDGE_LOOP('',(#5052,#5053,#5054));
#5052 = ORIENTED_EDGE('',*,*,#4773,.T.);
#5053 = ORIENTED_EDGE('',*,*,#4802,.T.);
#5054 = ORIENTED_EDGE('',*,*,#4612,.T.);
#5055 = ADVANCED_FACE('',(#5056),#4979,.T.);
#5056 = FACE_BOUND('',#5057,.T.);
#5057 = EDGE_LOOP('',(#5058,#5081,#5108,#5109));
#5058 = ORIENTED_EDGE('',*,*,#5059,.T.);
#5059 = EDGE_CURVE('',#4854,#5060,#5062,.T.);
#5060 = VERTEX_POINT('',#5061);
#5061 = CARTESIAN_POINT('',(3.,-39.,34.));
#5062 = SEAM_CURVE('',#5063,(#5067,#5074),.PCURVE_S1.);
#5063 = LINE('',#5064,#5065);
#5064 = CARTESIAN_POINT('',(3.,-30.,34.));
#5065 = VECTOR('',#5066,1.);
#5066 = DIRECTION('',(0.,-1.,1.110223024625E-16));
#5067 = PCURVE('',#4979,#5068);
#5068 = DEFINITIONAL_REPRESENTATION('',(#5069),#5073);
#5069 = LINE('',#5070,#5071);
#5070 = CARTESIAN_POINT('',(6.28318530718,-0.));
#5071 = VECTOR('',#5072,1.);
#5072 = DIRECTION('',(0.,1.));
#5073 = ( GEOMETRIC_REPRESENTATION_CONTEXT(2) 
PARAMETRIC_REPRESENTATION_CONTEXT() REPRESENTATION_CONTEXT('2D SPACE',''
  ) );
#5074 = PCURVE('',#4979,#5075);
#5075 = DEFINITIONAL_REPRESENTATION('',(#5076),#5080);
#5076 = LINE('',#5077,#5078);
#5077 = CARTESIAN_POINT('',(0.,-0.));
#5078 = VECTOR('',#5079,1.);
#5079 = DIRECTION('',(0.,1.));
#5080 = ( GEOMETRIC_REPRESENTATION_CONTEXT(2) 
PARAMETRIC_REPRESENTATION_CONTEXT() REPRESENTATION_CONTEXT('2D SPACE',''
  ) );
#5081 = ORIENTED_EDGE('',*,*,#5082,.F.);
#5082 = EDGE_CURVE('',#5060,#5060,#5083,.T.);
#5083 = SURFACE_CURVE('',#5084,(#5089,#5096),.PCURVE_S1.);
#5084 = CIRCLE('',#5085,3.);
#5085 = AXIS2_PLACEMENT_3D('',#5086,#5087,#5088);
#5086 = CARTESIAN_POINT('',(0.,-39.,34.));
#5087 = DIRECTION('',(0.,-1.,1.110223024625E-16));
#5088 = DIRECTION('',(1.,0.,0.));
#5089 = PCURVE('',#4979,#5090);
#5090 = DEFINITIONAL_REPRESENTATION('',(#5091),#5095);
#5091 = LINE('',#5092,#5093);
#5092 = CARTESIAN_POINT('',(0.,9.));
#5093 = VECTOR('',#5094,1.);
#5094 = DIRECTION('',(1.,0.));
#5095 = ( GEOMETRIC_REPRESENTATION_CONTEXT(2) 
PARAMETRIC_REPRESENTATION_CONTEXT() REPRESENTATION_CONTEXT('2D SPACE',''
  ) );
#5096 = PCURVE('',#5097,#5102);
#5097 = PLANE('',#5098);
#5098 = AXIS2_PLACEMENT_3D('',#5099,#5100,#5101);
#5099 = CARTESIAN_POINT('',(0.,-39.,34.));
#5100 = DIRECTION('',(0.,-1.,1.110223024625E-16));
#5101 = DIRECTION('',(1.,0.,0.));
#5102 = DEFINITIONAL_REPRESENTATION('',(#5103),#5107);
#5103 = CIRCLE('',#5104,3.);
#5104 = AXIS2_PLACEMENT_2D('',#5105,#5106);
#5105 = CARTESIAN_POINT('',(0.,0.));
#5106 = DIRECTION('',(1.,0.));
#5107 = ( GEOMETRIC_REPRESENTATION_CONTEXT(2) 
PARAMETRIC_REPRESENTATION_CONTEXT() REPRESENTATION_CONTEXT('2D SPACE',''
  ) );
#5108 = ORIENTED_EDGE('',*,*,#5059,.F.);
#5109 = ORIENTED_EDGE('',*,*,#4853,.T.);
#5110 = ADVANCED_FACE('',(#5111),#5097,.T.);
#5111 = FACE_BOUND('',#5112,.T.);
#5112 = EDGE_LOOP('',(#5113));
#5113 = ORIENTED_EDGE('',*,*,#5082,.T.);
#5114 = ( GEOMETRIC_REPRESENTATION_CONTEXT(3) 
GLOBAL_UNCERTAINTY_ASSIGNED_CONTEXT((#5118)) 
GLOBAL_UNIT_ASSIGNED_CONTEXT((#5115,#5116,#5117)) REPRESENTATION_CONTEXT
('Context #1','3D Context with UNIT and UNCERTAINTY') );
#5115 = ( LENGTH_UNIT() NAMED_UNIT(*) SI_UNIT(.MILLI.,.METRE.) );
#5116 = ( NAMED_UNIT(*) PLANE_ANGLE_UNIT() SI_UNIT($,.RADIAN.) );
#5117 = ( NAMED_UNIT(*) SI_UNIT($,.STERADIAN.) SOLID_ANGLE_UNIT() );
#5118 = UNCERTAINTY_MEASURE_WITH_UNIT(LENGTH_MEASURE(2.E-06),#5115,
  'distance_accuracy_value','confusion accuracy');
#5119 = PRODUCT_RELATED_PRODUCT_CATEGORY('part',$,(#7));
ENDSEC;
END-ISO-10303-21;
