ISO-10303-21;
HEADER;
FILE_DESCRIPTION(('Open CASCADE Model'),'2;1');
FILE_NAME('Open CASCADE Shape Model','2026-06-21T02:31:41',('Author'),(
    'Open CASCADE'),'Open CASCADE STEP processor 7.9','Open CASCADE 7.9'
  ,'Unknown');
FILE_SCHEMA(('AUTOMOTIVE_DESIGN { 1 0 10303 214 1 1 1 1 }'));
ENDSEC;
DATA;
#1 = APPLICATION_PROTOCOL_DEFINITION('international standard',
  'automotive_design',2000,#2);
#2 = APPLICATION_CONTEXT(
  'core data for automotive mechanical design processes');
#3 = SHAPE_DEFINITION_REPRESENTATION(#4,#10);
#4 = PRODUCT_DEFINITION_SHAPE('','',#5);
#5 = PRODUCT_DEFINITION('design','',#6,#9);
#6 = PRODUCT_DEFINITION_FORMATION('','',#7);
#7 = PRODUCT('Open CASCADE STEP translator 7.9 8',
  'Open CASCADE STEP translator 7.9 8','',(#8));
#8 = PRODUCT_CONTEXT('',#2,'mechanical');
#9 = PRODUCT_DEFINITION_CONTEXT('part definition',#2,'design');
#10 = SHAPE_REPRESENTATION('',(#11,#15,#19),#23);
#11 = AXIS2_PLACEMENT_3D('',#12,#13,#14);
#12 = CARTESIAN_POINT('',(0.,0.,0.));
#13 = DIRECTION('',(0.,0.,1.));
#14 = DIRECTION('',(1.,0.,-0.));
#15 = AXIS2_PLACEMENT_3D('',#16,#17,#18);
#16 = CARTESIAN_POINT('',(0.,0.,0.));
#17 = DIRECTION('',(0.,0.,1.));
#18 = DIRECTION('',(1.,0.,-0.));
#19 = AXIS2_PLACEMENT_3D('',#20,#21,#22);
#20 = CARTESIAN_POINT('',(0.,0.,0.));
#21 = DIRECTION('',(0.,0.,1.));
#22 = DIRECTION('',(1.,0.,-0.));
#23 = ( GEOMETRIC_REPRESENTATION_CONTEXT(3) 
GLOBAL_UNCERTAINTY_ASSIGNED_CONTEXT((#27)) GLOBAL_UNIT_ASSIGNED_CONTEXT(
(#24,#25,#26)) REPRESENTATION_CONTEXT('Context #1',
  '3D Context with UNIT and UNCERTAINTY') );
#24 = ( LENGTH_UNIT() NAMED_UNIT(*) SI_UNIT(.MILLI.,.METRE.) );
#25 = ( NAMED_UNIT(*) PLANE_ANGLE_UNIT() SI_UNIT($,.RADIAN.) );
#26 = ( NAMED_UNIT(*) SI_UNIT($,.STERADIAN.) SOLID_ANGLE_UNIT() );
#27 = UNCERTAINTY_MEASURE_WITH_UNIT(LENGTH_MEASURE(1.E-07),#24,
  'distance_accuracy_value','confusion accuracy');
#28 = PRODUCT_RELATED_PRODUCT_CATEGORY('part',$,(#7));
#29 = SHAPE_DEFINITION_REPRESENTATION(#30,#36);
#30 = PRODUCT_DEFINITION_SHAPE('','',#31);
#31 = PRODUCT_DEFINITION('design','',#32,#35);
#32 = PRODUCT_DEFINITION_FORMATION('','',#33);
#33 = PRODUCT('Open CASCADE STEP translator 7.9 8.1',
  'Open CASCADE STEP translator 7.9 8.1','',(#34));
#34 = PRODUCT_CONTEXT('',#2,'mechanical');
#35 = PRODUCT_DEFINITION_CONTEXT('part definition',#2,'design');
#36 = ADVANCED_BREP_SHAPE_REPRESENTATION('',(#11,#37),#1573);
#37 = MANIFOLD_SOLID_BREP('',#38);
#38 = CLOSED_SHELL('',(#39,#680,#715,#931,#961,#1151,#1341,#1396,#1481,
    #1516,#1546));
#39 = ADVANCED_FACE('',(#40,#338,#509),#53,.T.);
#40 = FACE_BOUND('',#41,.T.);
#41 = EDGE_LOOP('',(#42,#76,#99,#196,#219,#246,#247,#337));
#42 = ORIENTED_EDGE('',*,*,#43,.T.);
#43 = EDGE_CURVE('',#44,#44,#46,.T.);
#44 = VERTEX_POINT('',#45);
#45 = CARTESIAN_POINT('',(39.6,-9.699202649247E-15,44.));
#46 = SURFACE_CURVE('',#47,(#52,#64),.PCURVE_S1.);
#47 = CIRCLE('',#48,39.6);
#48 = AXIS2_PLACEMENT_3D('',#49,#50,#51);
#49 = CARTESIAN_POINT('',(0.,0.,44.));
#50 = DIRECTION('',(0.,0.,1.));
#51 = DIRECTION('',(1.,0.,-0.));
#52 = PCURVE('',#53,#58);
#53 = CYLINDRICAL_SURFACE('',#54,39.6);
#54 = AXIS2_PLACEMENT_3D('',#55,#56,#57);
#55 = CARTESIAN_POINT('',(0.,0.,0.));
#56 = DIRECTION('',(0.,0.,1.));
#57 = DIRECTION('',(1.,0.,-0.));
#58 = DEFINITIONAL_REPRESENTATION('',(#59),#63);
#59 = LINE('',#60,#61);
#60 = CARTESIAN_POINT('',(0.,44.));
#61 = VECTOR('',#62,1.);
#62 = DIRECTION('',(1.,0.));
#63 = ( GEOMETRIC_REPRESENTATION_CONTEXT(2) 
PARAMETRIC_REPRESENTATION_CONTEXT() REPRESENTATION_CONTEXT('2D SPACE',''
  ) );
#64 = PCURVE('',#65,#70);
#65 = PLANE('',#66);
#66 = AXIS2_PLACEMENT_3D('',#67,#68,#69);
#67 = CARTESIAN_POINT('',(0.,0.,44.));
#68 = DIRECTION('',(0.,0.,1.));
#69 = DIRECTION('',(1.,0.,-0.));
#70 = DEFINITIONAL_REPRESENTATION('',(#71),#75);
#71 = CIRCLE('',#72,39.6);
#72 = AXIS2_PLACEMENT_2D('',#73,#74);
#73 = CARTESIAN_POINT('',(0.,0.));
#74 = DIRECTION('',(1.,0.));
#75 = ( GEOMETRIC_REPRESENTATION_CONTEXT(2) 
PARAMETRIC_REPRESENTATION_CONTEXT() REPRESENTATION_CONTEXT('2D SPACE',''
  ) );
#76 = ORIENTED_EDGE('',*,*,#77,.T.);
#77 = EDGE_CURVE('',#44,#78,#80,.T.);
#78 = VERTEX_POINT('',#79);
#79 = CARTESIAN_POINT('',(39.6,-5.063914514474E-15,68.25));
#80 = SEAM_CURVE('',#81,(#85,#92),.PCURVE_S1.);
#81 = LINE('',#82,#83);
#82 = CARTESIAN_POINT('',(39.6,-9.699202649247E-15,0.));
#83 = VECTOR('',#84,1.);
#84 = DIRECTION('',(0.,0.,1.));
#85 = PCURVE('',#53,#86);
#86 = DEFINITIONAL_REPRESENTATION('',(#87),#91);
#87 = LINE('',#88,#89);
#88 = CARTESIAN_POINT('',(0.,-0.));
#89 = VECTOR('',#90,1.);
#90 = DIRECTION('',(0.,1.));
#91 = ( GEOMETRIC_REPRESENTATION_CONTEXT(2) 
PARAMETRIC_REPRESENTATION_CONTEXT() REPRESENTATION_CONTEXT('2D SPACE',''
  ) );
#92 = PCURVE('',#53,#93);
#93 = DEFINITIONAL_REPRESENTATION('',(#94),#98);
#94 = LINE('',#95,#96);
#95 = CARTESIAN_POINT('',(6.28318530718,-0.));
#96 = VECTOR('',#97,1.);
#97 = DIRECTION('',(0.,1.));
#98 = ( GEOMETRIC_REPRESENTATION_CONTEXT(2) 
PARAMETRIC_REPRESENTATION_CONTEXT() REPRESENTATION_CONTEXT('2D SPACE',''
  ) );
#99 = ORIENTED_EDGE('',*,*,#100,.F.);
#100 = EDGE_CURVE('',#101,#78,#103,.T.);
#101 = VERTEX_POINT('',#102);
#102 = CARTESIAN_POINT('',(39.6,-9.699202649247E-15,71.75));
#103 = SURFACE_CURVE('',#104,(#131,#161),.PCURVE_S1.);
#104 = B_SPLINE_CURVE_WITH_KNOTS('',7,(#105,#106,#107,#108,#109,#110,
    #111,#112,#113,#114,#115,#116,#117,#118,#119,#120,#121,#122,#123,
    #124,#125,#126,#127,#128,#129,#130),.UNSPECIFIED.,.F.,.F.,(8,6,6,6,8
    ),(0.,0.25681024813,0.50004870359,0.743285793417,1.),.UNSPECIFIED.);
#105 = CARTESIAN_POINT('',(39.6,-2.886579864025E-15,71.75));
#106 = CARTESIAN_POINT('',(39.6,-0.240568969848,71.75));
#107 = CARTESIAN_POINT('',(39.598294962571,-0.474788512248,
    71.711418059852));
#108 = CARTESIAN_POINT('',(39.595046993714,-0.695476340133,
    71.637917636979));
#109 = CARTESIAN_POINT('',(39.590716204424,-0.896673871863,
    71.534580595653));
#110 = CARTESIAN_POINT('',(39.585936406248,-1.073883434172,
    71.407819774155));
#111 = CARTESIAN_POINT('',(39.581257269913,-1.224515297846,
    71.265240656139));
#112 = CARTESIAN_POINT('',(39.573038891735,-1.465734145217,
    70.973657158662));
#113 = CARTESIAN_POINT('',(39.569354719324,-1.56194261821,70.82192219845
    ));
#114 = CARTESIAN_POINT('',(39.566221224839,-1.637789085548,
    70.663405100483));
#115 = CARTESIAN_POINT('',(39.563788169698,-1.694049562292,
    70.500365815681));
#116 = CARTESIAN_POINT('',(39.562138670732,-1.731338310098,
    70.334530954022));
#117 = CARTESIAN_POINT('',(39.561313173352,-1.75,70.167310742641));
#118 = CARTESIAN_POINT('',(39.561313173352,-1.75,69.832690196706));
#119 = CARTESIAN_POINT('',(39.562138660841,-1.731338531835,
    69.665470811605));
#120 = CARTESIAN_POINT('',(39.563788144707,-1.69405012112,
    69.499634815583));
#121 = CARTESIAN_POINT('',(39.566221232859,-1.637788968324,
    69.336592861782));
#122 = CARTESIAN_POINT('',(39.56935480513,-1.561940698144,
    69.178073744415));
#123 = CARTESIAN_POINT('',(39.573038990217,-1.465731254652,
    69.026339347246));
#124 = CARTESIAN_POINT('',(39.581255611204,-1.224563982848,
    68.734818193919));
#125 = CARTESIAN_POINT('',(39.585935155921,-1.073930573619,
    68.592206115941));
#126 = CARTESIAN_POINT('',(39.590716858245,-0.896670684356,
    68.465394502048));
#127 = CARTESIAN_POINT('',(39.595049198003,-0.695401365497,
    68.362032608075));
#128 = CARTESIAN_POINT('',(39.598296519077,-0.474662792509,
    68.288546696196));
#129 = CARTESIAN_POINT('',(39.6,-0.240459069171,68.25));
#130 = CARTESIAN_POINT('',(39.6,-5.773159728051E-15,68.25));
#131 = PCURVE('',#53,#132);
#132 = DEFINITIONAL_REPRESENTATION('',(#133),#160);
#133 = B_SPLINE_CURVE_WITH_KNOTS('',7,(#134,#135,#136,#137,#138,#139,
    #140,#141,#142,#143,#144,#145,#146,#147,#148,#149,#150,#151,#152,
    #153,#154,#155,#156,#157,#158,#159),.UNSPECIFIED.,.F.,.F.,(8,6,6,6,8
    ),(0.,0.25681024813,0.50004870359,0.743285793417,1.),.UNSPECIFIED.);
#134 = CARTESIAN_POINT('',(6.28318530718,71.75));
#135 = CARTESIAN_POINT('',(6.277110333194,71.75));
#136 = CARTESIAN_POINT('',(6.271195697802,71.711418059853));
#137 = CARTESIAN_POINT('',(6.265622409386,71.637917636979));
#138 = CARTESIAN_POINT('',(6.260540643793,71.534580595653));
#139 = CARTESIAN_POINT('',(6.256064087674,71.407819774155));
#140 = CARTESIAN_POINT('',(6.252258435527,71.265240656139));
#141 = CARTESIAN_POINT('',(6.24616351614,70.973657158662));
#142 = CARTESIAN_POINT('',(6.243732250202,70.82192219845));
#143 = CARTESIAN_POINT('',(6.241815309131,70.663405100483));
#144 = CARTESIAN_POINT('',(6.240393262979,70.500365815681));
#145 = CARTESIAN_POINT('',(6.239450707028,70.334530954022));
#146 = CARTESIAN_POINT('',(6.23897899141,70.167310742641));
#147 = CARTESIAN_POINT('',(6.23897899141,69.832690196706));
#148 = CARTESIAN_POINT('',(6.239450701423,69.665470811605));
#149 = CARTESIAN_POINT('',(6.240393248854,69.499634815583));
#150 = CARTESIAN_POINT('',(6.241815312098,69.336592861782));
#151 = CARTESIAN_POINT('',(6.243732298734,69.178073744415));
#152 = CARTESIAN_POINT('',(6.246163589176,69.026339347246));
#153 = CARTESIAN_POINT('',(6.252257205394,68.734818193919));
#154 = CARTESIAN_POINT('',(6.256062896885,68.592206115941));
#155 = CARTESIAN_POINT('',(6.260540724797,68.465394502048));
#156 = CARTESIAN_POINT('',(6.26562430323,68.362032608075));
#157 = CARTESIAN_POINT('',(6.271198872538,68.288546696196));
#158 = CARTESIAN_POINT('',(6.277113108463,68.25));
#159 = CARTESIAN_POINT('',(6.28318530718,68.25));
#160 = ( GEOMETRIC_REPRESENTATION_CONTEXT(2) 
PARAMETRIC_REPRESENTATION_CONTEXT() REPRESENTATION_CONTEXT('2D SPACE',''
  ) );
#161 = PCURVE('',#162,#167);
#162 = CYLINDRICAL_SURFACE('',#163,1.75);
#163 = AXIS2_PLACEMENT_3D('',#164,#165,#166);
#164 = CARTESIAN_POINT('',(32.6,0.,70.));
#165 = DIRECTION('',(1.,0.,1.110223024625E-16));
#166 = DIRECTION('',(1.110223024625E-16,0.,-1.));
#167 = DEFINITIONAL_REPRESENTATION('',(#168),#195);
#168 = B_SPLINE_CURVE_WITH_KNOTS('',7,(#169,#170,#171,#172,#173,#174,
    #175,#176,#177,#178,#179,#180,#181,#182,#183,#184,#185,#186,#187,
    #188,#189,#190,#191,#192,#193,#194),.UNSPECIFIED.,.F.,.F.,(8,6,6,6,8
    ),(0.,0.25681024813,0.50004870359,0.743285793417,1.),.UNSPECIFIED.);
#169 = CARTESIAN_POINT('',(3.14159265359,7.));
#170 = CARTESIAN_POINT('',(3.27906063636,7.));
#171 = CARTESIAN_POINT('',(3.412900310742,6.998294962571));
#172 = CARTESIAN_POINT('',(3.543250842418,6.995046993714));
#173 = CARTESIAN_POINT('',(3.669942871667,6.990716204424));
#174 = CARTESIAN_POINT('',(3.792538702076,6.985936406248));
#175 = CARTESIAN_POINT('',(3.910181879914,6.981257269913));
#176 = CARTESIAN_POINT('',(4.126426237785,6.973038891735));
#177 = CARTESIAN_POINT('',(4.228277385426,6.969354719324));
#178 = CARTESIAN_POINT('',(4.327598353305,6.966221224839));
#179 = CARTESIAN_POINT('',(4.425037969185,6.963788169698));
#180 = CARTESIAN_POINT('',(4.521228526282,6.962138670732));
#181 = CARTESIAN_POINT('',(4.616782841733,6.961313173352));
#182 = CARTESIAN_POINT('',(4.807994582267,6.961313173352));
#183 = CARTESIAN_POINT('',(4.903548421131,6.962138660841));
#184 = CARTESIAN_POINT('',(4.999739613841,6.963788144707));
#185 = CARTESIAN_POINT('',(5.097180684553,6.966221232859));
#186 = CARTESIAN_POINT('',(5.196503061861,6.96935480513));
#187 = CARTESIAN_POINT('',(5.298354314276,6.973038990217));
#188 = CARTESIAN_POINT('',(5.514552436434,6.981255611204));
#189 = CARTESIAN_POINT('',(5.632210704407,6.985935155921));
#190 = CARTESIAN_POINT('',(5.754844505567,6.990716858245));
#191 = CARTESIAN_POINT('',(5.881575702296,6.995049198003));
#192 = CARTESIAN_POINT('',(6.011949503658,6.998296519077));
#193 = CARTESIAN_POINT('',(6.145780124796,7.));
#194 = CARTESIAN_POINT('',(6.28318530718,7.));
#195 = ( GEOMETRIC_REPRESENTATION_CONTEXT(2) 
PARAMETRIC_REPRESENTATION_CONTEXT() REPRESENTATION_CONTEXT('2D SPACE',''
  ) );
#196 = ORIENTED_EDGE('',*,*,#197,.T.);
#197 = EDGE_CURVE('',#101,#198,#200,.T.);
#198 = VERTEX_POINT('',#199);
#199 = CARTESIAN_POINT('',(39.6,-9.699202649247E-15,84.));
#200 = SEAM_CURVE('',#201,(#205,#212),.PCURVE_S1.);
#201 = LINE('',#202,#203);
#202 = CARTESIAN_POINT('',(39.6,-9.699202649247E-15,0.));
#203 = VECTOR('',#204,1.);
#204 = DIRECTION('',(0.,0.,1.));
#205 = PCURVE('',#53,#206);
#206 = DEFINITIONAL_REPRESENTATION('',(#207),#211);
#207 = LINE('',#208,#209);
#208 = CARTESIAN_POINT('',(0.,-0.));
#209 = VECTOR('',#210,1.);
#210 = DIRECTION('',(0.,1.));
#211 = ( GEOMETRIC_REPRESENTATION_CONTEXT(2) 
PARAMETRIC_REPRESENTATION_CONTEXT() REPRESENTATION_CONTEXT('2D SPACE',''
  ) );
#212 = PCURVE('',#53,#213);
#213 = DEFINITIONAL_REPRESENTATION('',(#214),#218);
#214 = LINE('',#215,#216);
#215 = CARTESIAN_POINT('',(6.28318530718,-0.));
#216 = VECTOR('',#217,1.);
#217 = DIRECTION('',(0.,1.));
#218 = ( GEOMETRIC_REPRESENTATION_CONTEXT(2) 
PARAMETRIC_REPRESENTATION_CONTEXT() REPRESENTATION_CONTEXT('2D SPACE',''
  ) );
#219 = ORIENTED_EDGE('',*,*,#220,.F.);
#220 = EDGE_CURVE('',#198,#198,#221,.T.);
#221 = SURFACE_CURVE('',#222,(#227,#234),.PCURVE_S1.);
#222 = CIRCLE('',#223,39.6);
#223 = AXIS2_PLACEMENT_3D('',#224,#225,#226);
#224 = CARTESIAN_POINT('',(0.,0.,84.));
#225 = DIRECTION('',(0.,0.,1.));
#226 = DIRECTION('',(1.,0.,-0.));
#227 = PCURVE('',#53,#228);
#228 = DEFINITIONAL_REPRESENTATION('',(#229),#233);
#229 = LINE('',#230,#231);
#230 = CARTESIAN_POINT('',(0.,84.));
#231 = VECTOR('',#232,1.);
#232 = DIRECTION('',(1.,0.));
#233 = ( GEOMETRIC_REPRESENTATION_CONTEXT(2) 
PARAMETRIC_REPRESENTATION_CONTEXT() REPRESENTATION_CONTEXT('2D SPACE',''
  ) );
#234 = PCURVE('',#235,#240);
#235 = PLANE('',#236);
#236 = AXIS2_PLACEMENT_3D('',#237,#238,#239);
#237 = CARTESIAN_POINT('',(0.,0.,84.));
#238 = DIRECTION('',(0.,0.,1.));
#239 = DIRECTION('',(1.,0.,-0.));
#240 = DEFINITIONAL_REPRESENTATION('',(#241),#245);
#241 = CIRCLE('',#242,39.6);
#242 = AXIS2_PLACEMENT_2D('',#243,#244);
#243 = CARTESIAN_POINT('',(0.,0.));
#244 = DIRECTION('',(1.,0.));
#245 = ( GEOMETRIC_REPRESENTATION_CONTEXT(2) 
PARAMETRIC_REPRESENTATION_CONTEXT() REPRESENTATION_CONTEXT('2D SPACE',''
  ) );
#246 = ORIENTED_EDGE('',*,*,#197,.F.);
#247 = ORIENTED_EDGE('',*,*,#248,.F.);
#248 = EDGE_CURVE('',#78,#101,#249,.T.);
#249 = SURFACE_CURVE('',#250,(#277,#307),.PCURVE_S1.);
#250 = B_SPLINE_CURVE_WITH_KNOTS('',7,(#251,#252,#253,#254,#255,#256,
    #257,#258,#259,#260,#261,#262,#263,#264,#265,#266,#267,#268,#269,
    #270,#271,#272,#273,#274,#275,#276),.UNSPECIFIED.,.F.,.F.,(8,6,6,6,8
    ),(0.,0.256799463741,0.500015935272,0.743241211567,1.),
  .UNSPECIFIED.);
#251 = CARTESIAN_POINT('',(39.6,-9.914693070884E-16,68.25));
#252 = CARTESIAN_POINT('',(39.6,0.240568968089,68.25));
#253 = CARTESIAN_POINT('',(39.59829496258,0.474788516551,68.288581939783
    ));
#254 = CARTESIAN_POINT('',(39.595046993663,0.695476336553,68.36208236486
    ));
#255 = CARTESIAN_POINT('',(39.590716204525,0.896673871732,
    68.465419400921));
#256 = CARTESIAN_POINT('',(39.585936406162,1.073883436037,
    68.592180228794));
#257 = CARTESIAN_POINT('',(39.581257269942,1.224515296975,
    68.734759342808));
#258 = CARTESIAN_POINT('',(39.573039085148,1.46572846832,69.026335979149
    ));
#259 = CARTESIAN_POINT('',(39.56935490058,1.561938455741,69.178069328275
    ));
#260 = CARTESIAN_POINT('',(39.566221245625,1.637788905268,
    69.336590606023));
#261 = CARTESIAN_POINT('',(39.563788076052,1.694051637643,
    69.499636770359));
#262 = CARTESIAN_POINT('',(39.562138602626,1.731339860696,
    69.665476475486));
#263 = CARTESIAN_POINT('',(39.561313173352,1.75,69.832696253327));
#264 = CARTESIAN_POINT('',(39.561313173352,1.75,70.167309803294));
#265 = CARTESIAN_POINT('',(39.562138660841,1.731338531835,
    70.334529188395));
#266 = CARTESIAN_POINT('',(39.563788144707,1.69405012112,70.500365184417
    ));
#267 = CARTESIAN_POINT('',(39.566221232859,1.637788968324,
    70.663407138219));
#268 = CARTESIAN_POINT('',(39.56935480513,1.561940698144,70.821926255585
    ));
#269 = CARTESIAN_POINT('',(39.573038990217,1.465731254652,
    70.973660652754));
#270 = CARTESIAN_POINT('',(39.581256548856,1.224536461675,
    71.265215073464));
#271 = CARTESIAN_POINT('',(39.585935768737,1.073906727347,
    71.407805150694));
#272 = CARTESIAN_POINT('',(39.59071633656,0.896677847809,71.534588089741
    ));
#273 = CARTESIAN_POINT('',(39.595047921936,0.69544814753,71.6379386903)
  );
#274 = CARTESIAN_POINT('',(39.598295693493,0.474733466191,71.71143458314
    ));
#275 = CARTESIAN_POINT('',(39.6,0.240517466088,71.75));
#276 = CARTESIAN_POINT('',(39.6,1.875782019251E-15,71.75));
#277 = PCURVE('',#53,#278);
#278 = DEFINITIONAL_REPRESENTATION('',(#279),#306);
#279 = B_SPLINE_CURVE_WITH_KNOTS('',7,(#280,#281,#282,#283,#284,#285,
    #286,#287,#288,#289,#290,#291,#292,#293,#294,#295,#296,#297,#298,
    #299,#300,#301,#302,#303,#304,#305),.UNSPECIFIED.,.F.,.F.,(8,6,6,6,8
    ),(0.,0.256799463741,0.500015935272,0.743241211567,1.),
  .UNSPECIFIED.);
#280 = CARTESIAN_POINT('',(0.,68.25));
#281 = CARTESIAN_POINT('',(6.074973941647E-03,68.25));
#282 = CARTESIAN_POINT('',(1.198960948594E-02,68.288581939783));
#283 = CARTESIAN_POINT('',(1.756289770341E-02,68.36208236486));
#284 = CARTESIAN_POINT('',(2.264466338329E-02,68.465419400921));
#285 = CARTESIAN_POINT('',(2.712121955288E-02,68.592180228794));
#286 = CARTESIAN_POINT('',(3.092687163056E-02,68.734759342808));
#287 = CARTESIAN_POINT('',(3.702164760043E-02,69.026335979149));
#288 = CARTESIAN_POINT('',(3.945295177038E-02,69.178069328275));
#289 = CARTESIAN_POINT('',(4.136999347452E-02,69.336590606023));
#290 = CARTESIAN_POINT('',(4.27920966627E-02,69.499636770359));
#291 = CARTESIAN_POINT('',(4.37346393454E-02,69.665476475486));
#292 = CARTESIAN_POINT('',(4.420631577008E-02,69.832696253327));
#293 = CARTESIAN_POINT('',(4.420631577008E-02,70.167309803294));
#294 = CARTESIAN_POINT('',(4.373460575675E-02,70.334529188395));
#295 = CARTESIAN_POINT('',(4.279205832579E-02,70.500365184417));
#296 = CARTESIAN_POINT('',(4.136999508151E-02,70.663407138219));
#297 = CARTESIAN_POINT('',(3.945300844542E-02,70.821926255585));
#298 = CARTESIAN_POINT('',(3.702171800318E-02,70.973660652754));
#299 = CARTESIAN_POINT('',(3.09274064028E-02,71.265215073464));
#300 = CARTESIAN_POINT('',(2.712180793468E-02,71.407805150694));
#301 = CARTESIAN_POINT('',(2.264476360557E-02,71.534588089741));
#302 = CARTESIAN_POINT('',(1.756218561065E-02,71.6379386903));
#303 = CARTESIAN_POINT('',(1.198821932431E-02,71.71143458314));
#304 = CARTESIAN_POINT('',(6.073673386065E-03,71.75));
#305 = CARTESIAN_POINT('',(0.,71.75));
#306 = ( GEOMETRIC_REPRESENTATION_CONTEXT(2) 
PARAMETRIC_REPRESENTATION_CONTEXT() REPRESENTATION_CONTEXT('2D SPACE',''
  ) );
#307 = PCURVE('',#162,#308);
#308 = DEFINITIONAL_REPRESENTATION('',(#309),#336);
#309 = B_SPLINE_CURVE_WITH_KNOTS('',7,(#310,#311,#312,#313,#314,#315,
    #316,#317,#318,#319,#320,#321,#322,#323,#324,#325,#326,#327,#328,
    #329,#330,#331,#332,#333,#334,#335),.UNSPECIFIED.,.F.,.F.,(8,6,6,6,8
    ),(0.,0.256799463741,0.500015935272,0.743241211567,1.),
  .UNSPECIFIED.);
#310 = CARTESIAN_POINT('',(-8.881784197001E-16,7.));
#311 = CARTESIAN_POINT('',(0.137467981765,7.));
#312 = CARTESIAN_POINT('',(0.27130765949,6.99829496258));
#313 = CARTESIAN_POINT('',(0.401658187277,6.995046993663));
#314 = CARTESIAN_POINT('',(0.528350217138,6.990716204525));
#315 = CARTESIAN_POINT('',(0.650946050304,6.985936406162));
#316 = CARTESIAN_POINT('',(0.768589225543,6.981257269942));
#317 = CARTESIAN_POINT('',(0.984828495053,6.973039085148));
#318 = CARTESIAN_POINT('',(1.08667948756,6.96935490058));
#319 = CARTESIAN_POINT('',(1.186003457754,6.966221245625));
#320 = CARTESIAN_POINT('',(1.283446982016,6.963788076052));
#321 = CARTESIAN_POINT('',(1.379640113364,6.962138602626));
#322 = CARTESIAN_POINT('',(1.475194185839,6.961313173352));
#323 = CARTESIAN_POINT('',(1.666401928677,6.961313173352));
#324 = CARTESIAN_POINT('',(1.761955767541,6.962138660841));
#325 = CARTESIAN_POINT('',(1.858146960251,6.963788144707));
#326 = CARTESIAN_POINT('',(1.955588030963,6.966221232859));
#327 = CARTESIAN_POINT('',(2.05491040827,6.96935480513));
#328 = CARTESIAN_POINT('',(2.156761660686,6.973038990217));
#329 = CARTESIAN_POINT('',(2.372984454625,6.981256548856));
#330 = CARTESIAN_POINT('',(2.490631686204,6.985935768737));
#331 = CARTESIAN_POINT('',(2.613243117602,6.99071633656));
#332 = CARTESIAN_POINT('',(2.739953260355,6.995047921936));
#333 = CARTESIAN_POINT('',(2.870316459672,6.998295693493));
#334 = CARTESIAN_POINT('',(3.004154101539,7.));
#335 = CARTESIAN_POINT('',(3.14159265359,7.));
#336 = ( GEOMETRIC_REPRESENTATION_CONTEXT(2) 
PARAMETRIC_REPRESENTATION_CONTEXT() REPRESENTATION_CONTEXT('2D SPACE',''
  ) );
#337 = ORIENTED_EDGE('',*,*,#77,.F.);
#338 = FACE_BOUND('',#339,.T.);
#339 = EDGE_LOOP('',(#340));
#340 = ORIENTED_EDGE('',*,*,#341,.F.);
#341 = EDGE_CURVE('',#342,#342,#344,.T.);
#342 = VERTEX_POINT('',#343);
#343 = CARTESIAN_POINT('',(-19.8,-34.29460598986,68.25));
#344 = SURFACE_CURVE('',#345,(#396,#450),.PCURVE_S1.);
#345 = B_SPLINE_CURVE_WITH_KNOTS('',7,(#346,#347,#348,#349,#350,#351,
    #352,#353,#354,#355,#356,#357,#358,#359,#360,#361,#362,#363,#364,
    #365,#366,#367,#368,#369,#370,#371,#372,#373,#374,#375,#376,#377,
    #378,#379,#380,#381,#382,#383,#384,#385,#386,#387,#388,#389,#390,
    #391,#392,#393,#394,#395),.UNSPECIFIED.,.T.,.F.,(8,6,6,6,6,6,6,6,8),
  (0.,0.142508825354,0.277479876926,0.446120473889,0.592594073466,
    0.68756988646,0.792049596446,0.893221952397,1.),.UNSPECIFIED.);
#346 = CARTESIAN_POINT('',(-19.8,-34.29460598986,68.25));
#347 = CARTESIAN_POINT('',(-19.59166116227,-34.4148904739,68.25));
#348 = CARTESIAN_POINT('',(-19.38796856453,-34.53052364241,
    68.288581939783));
#349 = CARTESIAN_POINT('',(-19.19522332164,-34.63805472882,
    68.36208236486));
#350 = CARTESIAN_POINT('',(-19.01881575043,-34.734902923,68.465419400921
    ));
#351 = CARTESIAN_POINT('',(-18.86295786676,-34.81936827835,
    68.592180228794));
#352 = CARTESIAN_POINT('',(-18.73016728046,-34.89063195798,
    68.734759342808));
#353 = CARTESIAN_POINT('',(-18.51716145395,-35.00412138685,
    69.026335979149));
#354 = CARTESIAN_POINT('',(-18.43199906847,-35.04903578313,
    69.178069328275));
#355 = CARTESIAN_POINT('',(-18.36474382481,-35.0842471831,
    69.336590606023));
#356 = CARTESIAN_POINT('',(-18.3148022845,-35.11027136262,69.49963677036
    ));
#357 = CARTESIAN_POINT('',(-18.28168499936,-35.12748698826,
    69.665476475486));
#358 = CARTESIAN_POINT('',(-18.26511213005,-35.13610221519,
    69.832696253327));
#359 = CARTESIAN_POINT('',(-18.26511213005,-35.13610221519,
    70.209038926379));
#360 = CARTESIAN_POINT('',(-18.29098386616,-35.12265300478,
    70.417964533557));
#361 = CARTESIAN_POINT('',(-18.34268548882,-35.09577688542,
    70.624281411044));
#362 = CARTESIAN_POINT('',(-18.42092924254,-35.05494927167,
    70.825141179205));
#363 = CARTESIAN_POINT('',(-18.52686219681,-34.99927464107,
    71.016777713518));
#364 = CARTESIAN_POINT('',(-18.66172011843,-34.92756952051,
    71.19388935682));
#365 = CARTESIAN_POINT('',(-18.96887008784,-34.76159236211,
    71.48259755005));
#366 = CARTESIAN_POINT('',(-19.1390192118,-34.66876499814,
    71.604546615748));
#367 = CARTESIAN_POINT('',(-19.33287034331,-34.56163401709,
    71.700209231253));
#368 = CARTESIAN_POINT('',(-19.54307371555,-34.44348734309,
    71.759903767641));
#369 = CARTESIAN_POINT('',(-19.76001267443,-34.31917575688,
    71.778413708666));
#370 = CARTESIAN_POINT('',(-19.97378635893,-34.19448673505,
    71.755266941612));
#371 = CARTESIAN_POINT('',(-20.30663193497,-33.99740947466,
    71.655955801186));
#372 = CARTESIAN_POINT('',(-20.43369905679,-33.92138063988,
    71.600957025926));
#373 = CARTESIAN_POINT('',(-20.55520333212,-33.84792924919,
    71.530544606726));
#374 = CARTESIAN_POINT('',(-20.66956617943,-33.77812696749,
    71.445544080176));
#375 = CARTESIAN_POINT('',(-20.77534465,-33.71300965657,71.347073526779)
  );
#376 = CARTESIAN_POINT('',(-20.87126312778,-33.65353490216,
    71.236518143653));
#377 = CARTESIAN_POINT('',(-21.04977344822,-33.5422000286,
    70.982355156322));
#378 = CARTESIAN_POINT('',(-21.13008479383,-33.49168916112,
    70.836525893985));
#379 = CARTESIAN_POINT('',(-21.19578673973,-33.45007900468,
    70.680145460306));
#380 = CARTESIAN_POINT('',(-21.24580655303,-33.4182479109,
    70.515622015428));
#381 = CARTESIAN_POINT('',(-21.2794062671,-33.39681510318,
    70.345580170495));
#382 = CARTESIAN_POINT('',(-21.29620104329,-33.38610221519,
    70.172779212807));
#383 = CARTESIAN_POINT('',(-21.29620104329,-33.38610221519,69.8326901939
    ));
#384 = CARTESIAN_POINT('',(-21.28045248096,-33.39614784276,
    69.665470818515));
#385 = CARTESIAN_POINT('',(-21.24898451528,-33.41622054099,
    69.499634810573));
#386 = CARTESIAN_POINT('',(-21.20147746381,-33.4464582385,
    69.336592859186));
#387 = CARTESIAN_POINT('',(-21.13735773108,-33.48709612058,
    69.178073750146));
#388 = CARTESIAN_POINT('',(-21.05587999494,-33.53839144428,
    69.026339344663));
#389 = CARTESIAN_POINT('',(-20.85113132331,-33.66609088155,
    68.734818193935));
#390 = CARTESIAN_POINT('',(-20.72301873661,-33.74546019077,
    68.592206115937));
#391 = CARTESIAN_POINT('',(-20.57189802059,-33.8382312111,
    68.465394502037));
#392 = CARTESIAN_POINT('',(-20.39975984733,-33.94261778682,
    68.362032608073));
#393 = CARTESIAN_POINT('',(-20.21021829608,-34.05579933585,
    68.288546696202));
#394 = CARTESIAN_POINT('',(-20.00824366248,-34.17437645526,68.25));
#395 = CARTESIAN_POINT('',(-19.8,-34.29460598986,68.25));
#396 = PCURVE('',#53,#397);
#397 = DEFINITIONAL_REPRESENTATION('',(#398),#449);
#398 = B_SPLINE_CURVE_WITH_KNOTS('',7,(#399,#400,#401,#402,#403,#404,
    #405,#406,#407,#408,#409,#410,#411,#412,#413,#414,#415,#416,#417,
    #418,#419,#420,#421,#422,#423,#424,#425,#426,#427,#428,#429,#430,
    #431,#432,#433,#434,#435,#436,#437,#438,#439,#440,#441,#442,#443,
    #444,#445,#446,#447,#448),.UNSPECIFIED.,.T.,.F.,(8,6,6,6,6,6,6,6,8),
  (0.,0.142508825354,0.277479876926,0.446120473889,0.592594073466,
    0.68756988646,0.792049596446,0.893221952397,1.),.UNSPECIFIED.);
#399 = CARTESIAN_POINT('',(4.188790204786,68.25));
#400 = CARTESIAN_POINT('',(4.194865178728,68.25));
#401 = CARTESIAN_POINT('',(4.200779814272,68.288581939783));
#402 = CARTESIAN_POINT('',(4.20635310249,68.36208236486));
#403 = CARTESIAN_POINT('',(4.21143486817,68.465419400921));
#404 = CARTESIAN_POINT('',(4.215911424339,68.592180228794));
#405 = CARTESIAN_POINT('',(4.219717076417,68.734759342808));
#406 = CARTESIAN_POINT('',(4.225811852387,69.026335979149));
#407 = CARTESIAN_POINT('',(4.228243156557,69.178069328275));
#408 = CARTESIAN_POINT('',(4.230160198261,69.336590606023));
#409 = CARTESIAN_POINT('',(4.231582301449,69.49963677036));
#410 = CARTESIAN_POINT('',(4.232524844132,69.665476475486));
#411 = CARTESIAN_POINT('',(4.232996520556,69.832696253327));
#412 = CARTESIAN_POINT('',(4.232996520556,70.209038926379));
#413 = CARTESIAN_POINT('',(4.232260190502,70.417964533558));
#414 = CARTESIAN_POINT('',(4.230788727946,70.624281411044));
#415 = CARTESIAN_POINT('',(4.22856006421,70.825141179205));
#416 = CARTESIAN_POINT('',(4.225538066025,71.016777713518));
#417 = CARTESIAN_POINT('',(4.221681184039,71.19388935682));
#418 = CARTESIAN_POINT('',(4.212864850766,71.48259755005));
#419 = CARTESIAN_POINT('',(4.207970352724,71.604546615748));
#420 = CARTESIAN_POINT('',(4.202377441807,71.700209231253));
#421 = CARTESIAN_POINT('',(4.196288614365,71.759903767642));
#422 = CARTESIAN_POINT('',(4.189974990525,71.778413708666));
#423 = CARTESIAN_POINT('',(4.183725618455,71.755266941612));
#424 = CARTESIAN_POINT('',(4.173957570086,71.655955801186));
#425 = CARTESIAN_POINT('',(4.170218322316,71.600957025926));
#426 = CARTESIAN_POINT('',(4.166633019446,71.530544606726));
#427 = CARTESIAN_POINT('',(4.163249679976,71.445544080176));
#428 = CARTESIAN_POINT('',(4.16011296639,71.347073526779));
#429 = CARTESIAN_POINT('',(4.157262951426,71.236518143653));
#430 = CARTESIAN_POINT('',(4.151950226487,70.982355156322));
#431 = CARTESIAN_POINT('',(4.149554411306,70.836525893985));
#432 = CARTESIAN_POINT('',(4.147590536245,70.680145460306));
#433 = CARTESIAN_POINT('',(4.146093338275,70.515622015428));
#434 = CARTESIAN_POINT('',(4.14508693427,70.345580170495));
#435 = CARTESIAN_POINT('',(4.144583889016,70.172779212807));
#436 = CARTESIAN_POINT('',(4.144583889016,69.8326901939));
#437 = CARTESIAN_POINT('',(4.145055599047,69.665470818515));
#438 = CARTESIAN_POINT('',(4.145998146379,69.499634810573));
#439 = CARTESIAN_POINT('',(4.14742020986,69.336592859186));
#440 = CARTESIAN_POINT('',(4.1493371962,69.178073750146));
#441 = CARTESIAN_POINT('',(4.151768486837,69.026339344663));
#442 = CARTESIAN_POINT('',(4.157862103001,68.734818193935));
#443 = CARTESIAN_POINT('',(4.161667794492,68.592206115937));
#444 = CARTESIAN_POINT('',(4.166145622405,68.465394502037));
#445 = CARTESIAN_POINT('',(4.171229200837,68.362032608073));
#446 = CARTESIAN_POINT('',(4.176803770144,68.288546696202));
#447 = CARTESIAN_POINT('',(4.182718006069,68.25));
#448 = CARTESIAN_POINT('',(4.188790204786,68.25));
#449 = ( GEOMETRIC_REPRESENTATION_CONTEXT(2) 
PARAMETRIC_REPRESENTATION_CONTEXT() REPRESENTATION_CONTEXT('2D SPACE',''
  ) );
#450 = PCURVE('',#451,#456);
#451 = CYLINDRICAL_SURFACE('',#452,1.75);
#452 = AXIS2_PLACEMENT_3D('',#453,#454,#455);
#453 = CARTESIAN_POINT('',(-16.3,-28.23242816337,70.));
#454 = DIRECTION('',(-0.5,-0.866025403784,1.110223024625E-16));
#455 = DIRECTION('',(-5.551115123126E-17,-9.614813431918E-17,-1.));
#456 = DEFINITIONAL_REPRESENTATION('',(#457),#508);
#457 = B_SPLINE_CURVE_WITH_KNOTS('',7,(#458,#459,#460,#461,#462,#463,
    #464,#465,#466,#467,#468,#469,#470,#471,#472,#473,#474,#475,#476,
    #477,#478,#479,#480,#481,#482,#483,#484,#485,#486,#487,#488,#489,
    #490,#491,#492,#493,#494,#495,#496,#497,#498,#499,#500,#501,#502,
    #503,#504,#505,#506,#507),.UNSPECIFIED.,.F.,.F.,(8,6,6,6,6,6,6,6,8),
  (0.,0.142508825354,0.277479876926,0.446120473889,0.592594073466,
    0.68756988646,0.792049596446,0.893221952397,1.),.UNSPECIFIED.);
#458 = CARTESIAN_POINT('',(0.,7.));
#459 = CARTESIAN_POINT('',(0.137467981765,7.));
#460 = CARTESIAN_POINT('',(0.271307659489,6.99829496258));
#461 = CARTESIAN_POINT('',(0.401658187277,6.995046993663));
#462 = CARTESIAN_POINT('',(0.528350217138,6.990716204525));
#463 = CARTESIAN_POINT('',(0.650946050304,6.985936406162));
#464 = CARTESIAN_POINT('',(0.768589225543,6.981257269942));
#465 = CARTESIAN_POINT('',(0.984828495053,6.973039085148));
#466 = CARTESIAN_POINT('',(1.086679487561,6.96935490058));
#467 = CARTESIAN_POINT('',(1.186003457754,6.966221245625));
#468 = CARTESIAN_POINT('',(1.283446982017,6.963788076052));
#469 = CARTESIAN_POINT('',(1.379640113363,6.962138602626));
#470 = CARTESIAN_POINT('',(1.475194185839,6.961313173352));
#471 = CARTESIAN_POINT('',(1.690247141869,6.961313173352));
#472 = CARTESIAN_POINT('',(1.809632407842,6.962601683532));
#473 = CARTESIAN_POINT('',(1.930315243995,6.965177092746));
#474 = CARTESIAN_POINT('',(2.053423037882,6.968941218917));
#475 = CARTESIAN_POINT('',(2.180210586947,6.973692051611));
#476 = CARTESIAN_POINT('',(2.31193045571,6.979022556432));
#477 = CARTESIAN_POINT('',(2.570747370465,6.98885710551));
#478 = CARTESIAN_POINT('',(2.70048216634,6.993540812129));
#479 = CARTESIAN_POINT('',(2.835663160514,6.99768822676));
#480 = CARTESIAN_POINT('',(2.974133899063,7.000471891825));
#481 = CARTESIAN_POINT('',(3.114227008536,7.00128437962));
#482 = CARTESIAN_POINT('',(3.254488543048,7.000187361391));
#483 = CARTESIAN_POINT('',(3.482681268323,6.995936235409));
#484 = CARTESIAN_POINT('',(3.572443449406,6.993626893979));
#485 = CARTESIAN_POINT('',(3.662197901426,6.99076826136));
#486 = CARTESIAN_POINT('',(3.751954247412,6.987499135826));
#487 = CARTESIAN_POINT('',(3.841718036495,6.983995125625));
#488 = CARTESIAN_POINT('',(3.931483089765,6.980447716313));
#489 = CARTESIAN_POINT('',(4.119975622661,6.973284047702));
#490 = CARTESIAN_POINT('',(4.218715903486,6.969696026108));
#491 = CARTESIAN_POINT('',(4.317445212035,6.966511546519));
#492 = CARTESIAN_POINT('',(4.416175276499,6.963954917331));
#493 = CARTESIAN_POINT('',(4.514914880881,6.962193418403));
#494 = CARTESIAN_POINT('',(4.613658001638,6.961313173352));
#495 = CARTESIAN_POINT('',(4.80799458387,6.961313173352));
#496 = CARTESIAN_POINT('',(4.903548417368,6.962138660861));
#497 = CARTESIAN_POINT('',(4.999739615977,6.963788144602));
#498 = CARTESIAN_POINT('',(5.097180687295,6.966221233068));
#499 = CARTESIAN_POINT('',(5.196503057469,6.969354804938));
#500 = CARTESIAN_POINT('',(5.298354316191,6.97303899029));
#501 = CARTESIAN_POINT('',(5.514552436423,6.981255611204));
#502 = CARTESIAN_POINT('',(5.632210704407,6.98593515592));
#503 = CARTESIAN_POINT('',(5.754844505576,6.990716858245));
#504 = CARTESIAN_POINT('',(5.881575702303,6.995049198003));
#505 = CARTESIAN_POINT('',(6.011949503657,6.998296519077));
#506 = CARTESIAN_POINT('',(6.145780124786,7.));
#507 = CARTESIAN_POINT('',(6.28318530718,7.));
#508 = ( GEOMETRIC_REPRESENTATION_CONTEXT(2) 
PARAMETRIC_REPRESENTATION_CONTEXT() REPRESENTATION_CONTEXT('2D SPACE',''
  ) );
#509 = FACE_BOUND('',#510,.T.);
#510 = EDGE_LOOP('',(#511));
#511 = ORIENTED_EDGE('',*,*,#512,.F.);
#512 = EDGE_CURVE('',#513,#513,#515,.T.);
#513 = VERTEX_POINT('',#514);
#514 = CARTESIAN_POINT('',(-19.8,34.294605989864,68.25));
#515 = SURFACE_CURVE('',#516,(#567,#621),.PCURVE_S1.);
#516 = B_SPLINE_CURVE_WITH_KNOTS('',7,(#517,#518,#519,#520,#521,#522,
    #523,#524,#525,#526,#527,#528,#529,#530,#531,#532,#533,#534,#535,
    #536,#537,#538,#539,#540,#541,#542,#543,#544,#545,#546,#547,#548,
    #549,#550,#551,#552,#553,#554,#555,#556,#557,#558,#559,#560,#561,
    #562,#563,#564,#565,#566),.UNSPECIFIED.,.T.,.F.,(8,6,6,6,6,6,6,6,8),
  (0.,0.142508826179,0.277479878534,0.446120476474,0.592594076638,
    0.687569890159,0.792049600725,0.89322195554,1.),.UNSPECIFIED.);
#517 = CARTESIAN_POINT('',(-19.8,34.294605989864,68.25));
#518 = CARTESIAN_POINT('',(-20.00833883772,34.174321505819,68.25));
#519 = CARTESIAN_POINT('',(-20.21032639804,34.055735125868,
    68.288581939783));
#520 = CARTESIAN_POINT('',(-20.39982367201,33.942578392274,
    68.36208236486));
#521 = CARTESIAN_POINT('',(-20.57190045409,33.838229051273,
    68.465419400921));
#522 = CARTESIAN_POINT('',(-20.72297853939,33.745484842313,
    68.592180228794));
#523 = CARTESIAN_POINT('',(-20.85108998947,33.66611666101,
    68.734759342808));
#524 = CARTESIAN_POINT('',(-21.05587763119,33.538392918533,
    69.026335979149));
#525 = CARTESIAN_POINT('',(-21.1373558321,33.487097327394,
    69.178069328275));
#526 = CARTESIAN_POINT('',(-21.20147742081,33.446458277832,
    69.336590606024));
#527 = CARTESIAN_POINT('',(-21.24898579154,33.416219724983,
    69.499636770359));
#528 = CARTESIAN_POINT('',(-21.28045360326,33.396147127567,
    69.665476475487));
#529 = CARTESIAN_POINT('',(-21.29620104329,33.386102215194,
    69.832696253327));
#530 = CARTESIAN_POINT('',(-21.29620104329,33.386102215194,
    70.209038926379));
#531 = CARTESIAN_POINT('',(-21.27161781737,33.4017831907,70.417964533558
    ));
#532 = CARTESIAN_POINT('',(-21.22249160391,33.433120049667,
    70.624281411044));
#533 = CARTESIAN_POINT('',(-21.14801197637,33.480467321194,
    70.825141179206));
#534 = CARTESIAN_POINT('',(-21.04682985479,33.544370635397,
    71.016777713518));
#535 = CARTESIAN_POINT('',(-20.91730243799,33.62530846114,71.19388935682
    ));
#536 = CARTESIAN_POINT('',(-20.61998701791,33.808319558063,
    71.48259754981));
#537 = CARTESIAN_POINT('',(-20.45452160009,33.909259340159,
    71.604546616109));
#538 = CARTESIAN_POINT('',(-20.26481788314,34.023573854104,
    71.700209231185));
#539 = CARTESIAN_POINT('',(-20.05739817655,34.14654197707,71.75990376743
    ));
#540 = CARTESIAN_POINT('',(-19.84127170549,34.272260833438,
    71.778413708877));
#541 = CARTESIAN_POINT('',(-19.62640100214,34.395049764301,
    71.755266941519));
#542 = CARTESIAN_POINT('',(-19.28930430043,34.584763858322,
    71.655955801186));
#543 = CARTESIAN_POINT('',(-19.15992783718,34.656792796412,
    71.600957025926));
#544 = CARTESIAN_POINT('',(-19.03556492923,34.725292890171,
    71.530544606726));
#545 = CARTESIAN_POINT('',(-18.91793295639,34.789432880341,
    71.445544080176));
#546 = CARTESIAN_POINT('',(-18.80865047562,34.848481067567,
    71.347073526779));
#547 = CARTESIAN_POINT('',(-18.70918458853,34.901811528811,
    71.236518143653));
#548 = CARTESIAN_POINT('',(-18.52351059947,35.000738564371,
    70.982355156321));
#549 = CARTESIAN_POINT('',(-18.43961123227,35.045034796146,
    70.836525893985));
#550 = CARTESIAN_POINT('',(-18.37072480678,35.081129272147,
    70.680145460307));
#551 = CARTESIAN_POINT('',(-18.31814836429,35.108532154274,
    70.515622015427));
#552 = CARTESIAN_POINT('',(-18.2827871513,35.126913956353,
    70.345580170494));
#553 = CARTESIAN_POINT('',(-18.26511213005,35.136102215194,
    70.172779212808));
#554 = CARTESIAN_POINT('',(-18.26511213005,35.136102215194,
    69.832690196706));
#555 = CARTESIAN_POINT('',(-18.2816861793,35.127486374249,
    69.665470811606));
#556 = CARTESIAN_POINT('',(-18.31480363218,35.110270663822,
    69.499634815582));
#557 = CARTESIAN_POINT('',(-18.36474376382,35.084247203573,
    69.336592861783));
#558 = CARTESIAN_POINT('',(-18.43199707876,35.049036821674,
    69.178073744414));
#559 = CARTESIAN_POINT('',(-18.51715899345,35.004122697807,
    69.026339347246));
#560 = CARTESIAN_POINT('',(-18.73012428788,34.890654864418,
    68.734818193935));
#561 = CARTESIAN_POINT('',(-18.8629164193,34.819390764402,
    68.592206115937));
#562 = CARTESIAN_POINT('',(-19.01881883765,34.734901895448,
    68.465394502036));
#563 = CARTESIAN_POINT('',(-19.19528935066,34.638019152306,
    68.362032608073));
#564 = CARTESIAN_POINT('',(-19.38807822299,34.530462128364,
    68.288546696202));
#565 = CARTESIAN_POINT('',(-19.59175633751,34.414835524459,68.25));
#566 = CARTESIAN_POINT('',(-19.8,34.294605989864,68.25));
#567 = PCURVE('',#53,#568);
#568 = DEFINITIONAL_REPRESENTATION('',(#569),#620);
#569 = B_SPLINE_CURVE_WITH_KNOTS('',7,(#570,#571,#572,#573,#574,#575,
    #576,#577,#578,#579,#580,#581,#582,#583,#584,#585,#586,#587,#588,
    #589,#590,#591,#592,#593,#594,#595,#596,#597,#598,#599,#600,#601,
    #602,#603,#604,#605,#606,#607,#608,#609,#610,#611,#612,#613,#614,
    #615,#616,#617,#618,#619),.UNSPECIFIED.,.T.,.F.,(8,6,6,6,6,6,6,6,8),
  (0.,0.142508826179,0.277479878534,0.446120476474,0.592594076638,
    0.687569890159,0.792049600725,0.89322195554,1.),.UNSPECIFIED.);
#570 = CARTESIAN_POINT('',(2.094395102393,68.25));
#571 = CARTESIAN_POINT('',(2.100470076335,68.25));
#572 = CARTESIAN_POINT('',(2.106384711879,68.288581939783));
#573 = CARTESIAN_POINT('',(2.111958000097,68.36208236486));
#574 = CARTESIAN_POINT('',(2.117039765776,68.465419400921));
#575 = CARTESIAN_POINT('',(2.121516321946,68.592180228794));
#576 = CARTESIAN_POINT('',(2.125321974024,68.734759342808));
#577 = CARTESIAN_POINT('',(2.131416749994,69.026335979149));
#578 = CARTESIAN_POINT('',(2.133848054164,69.178069328275));
#579 = CARTESIAN_POINT('',(2.135765095868,69.336590606024));
#580 = CARTESIAN_POINT('',(2.137187199056,69.499636770359));
#581 = CARTESIAN_POINT('',(2.138129741739,69.665476475487));
#582 = CARTESIAN_POINT('',(2.138601418163,69.832696253327));
#583 = CARTESIAN_POINT('',(2.138601418163,70.209038926379));
#584 = CARTESIAN_POINT('',(2.137865088109,70.417964533558));
#585 = CARTESIAN_POINT('',(2.136393625553,70.624281411044));
#586 = CARTESIAN_POINT('',(2.134164961817,70.825141179205));
#587 = CARTESIAN_POINT('',(2.131142963632,71.016777713518));
#588 = CARTESIAN_POINT('',(2.127286081646,71.19388935682));
#589 = CARTESIAN_POINT('',(2.11846974838,71.48259754981));
#590 = CARTESIAN_POINT('',(2.113575250324,71.604546616109));
#591 = CARTESIAN_POINT('',(2.107982339405,71.700209231185));
#592 = CARTESIAN_POINT('',(2.101893511981,71.75990376743));
#593 = CARTESIAN_POINT('',(2.09557988814,71.778413708877));
#594 = CARTESIAN_POINT('',(2.089330516052,71.755266941519));
#595 = CARTESIAN_POINT('',(2.079562467693,71.655955801186));
#596 = CARTESIAN_POINT('',(2.075823219922,71.600957025926));
#597 = CARTESIAN_POINT('',(2.072237917052,71.530544606726));
#598 = CARTESIAN_POINT('',(2.068854577582,71.445544080176));
#599 = CARTESIAN_POINT('',(2.065717863997,71.347073526779));
#600 = CARTESIAN_POINT('',(2.062867849033,71.236518143653));
#601 = CARTESIAN_POINT('',(2.057555124093,70.982355156321));
#602 = CARTESIAN_POINT('',(2.055159308913,70.836525893985));
#603 = CARTESIAN_POINT('',(2.053195433852,70.680145460307));
#604 = CARTESIAN_POINT('',(2.051698235882,70.515622015427));
#605 = CARTESIAN_POINT('',(2.050691831877,70.345580170494));
#606 = CARTESIAN_POINT('',(2.050188786623,70.172779212808));
#607 = CARTESIAN_POINT('',(2.050188786623,69.832690196706));
#608 = CARTESIAN_POINT('',(2.050660496636,69.665470811606));
#609 = CARTESIAN_POINT('',(2.051603044067,69.499634815582));
#610 = CARTESIAN_POINT('',(2.053025107312,69.336592861783));
#611 = CARTESIAN_POINT('',(2.054942093948,69.178073744414));
#612 = CARTESIAN_POINT('',(2.05737338439,69.026339347246));
#613 = CARTESIAN_POINT('',(2.063467000608,68.734818193935));
#614 = CARTESIAN_POINT('',(2.067272692099,68.592206115937));
#615 = CARTESIAN_POINT('',(2.071750520011,68.465394502036));
#616 = CARTESIAN_POINT('',(2.076834098444,68.362032608073));
#617 = CARTESIAN_POINT('',(2.082408667751,68.288546696202));
#618 = CARTESIAN_POINT('',(2.088322903676,68.25));
#619 = CARTESIAN_POINT('',(2.094395102393,68.25));
#620 = ( GEOMETRIC_REPRESENTATION_CONTEXT(2) 
PARAMETRIC_REPRESENTATION_CONTEXT() REPRESENTATION_CONTEXT('2D SPACE',''
  ) );
#621 = PCURVE('',#622,#627);
#622 = CYLINDRICAL_SURFACE('',#623,1.75);
#623 = AXIS2_PLACEMENT_3D('',#624,#625,#626);
#624 = CARTESIAN_POINT('',(-16.3,28.232428163373,70.));
#625 = DIRECTION('',(-0.5,0.866025403784,1.110223024625E-16));
#626 = DIRECTION('',(-5.551115123126E-17,9.614813431918E-17,-1.));
#627 = DEFINITIONAL_REPRESENTATION('',(#628),#679);
#628 = B_SPLINE_CURVE_WITH_KNOTS('',7,(#629,#630,#631,#632,#633,#634,
    #635,#636,#637,#638,#639,#640,#641,#642,#643,#644,#645,#646,#647,
    #648,#649,#650,#651,#652,#653,#654,#655,#656,#657,#658,#659,#660,
    #661,#662,#663,#664,#665,#666,#667,#668,#669,#670,#671,#672,#673,
    #674,#675,#676,#677,#678),.UNSPECIFIED.,.F.,.F.,(8,6,6,6,6,6,6,6,8),
  (0.,0.142508826179,0.277479878534,0.446120476474,0.592594076638,
    0.687569890159,0.792049600725,0.89322195554,1.),.UNSPECIFIED.);
#629 = CARTESIAN_POINT('',(0.,7.));
#630 = CARTESIAN_POINT('',(0.137467981765,7.));
#631 = CARTESIAN_POINT('',(0.271307659489,6.99829496258));
#632 = CARTESIAN_POINT('',(0.401658187277,6.995046993663));
#633 = CARTESIAN_POINT('',(0.528350217138,6.990716204525));
#634 = CARTESIAN_POINT('',(0.650946050304,6.985936406162));
#635 = CARTESIAN_POINT('',(0.768589225543,6.981257269942));
#636 = CARTESIAN_POINT('',(0.984828495054,6.973039085148));
#637 = CARTESIAN_POINT('',(1.08667948756,6.96935490058));
#638 = CARTESIAN_POINT('',(1.186003457754,6.966221245625));
#639 = CARTESIAN_POINT('',(1.283446982016,6.963788076052));
#640 = CARTESIAN_POINT('',(1.379640113364,6.962138602626));
#641 = CARTESIAN_POINT('',(1.475194185839,6.961313173352));
#642 = CARTESIAN_POINT('',(1.690247141869,6.961313173352));
#643 = CARTESIAN_POINT('',(1.809632407842,6.962601683532));
#644 = CARTESIAN_POINT('',(1.930315243994,6.965177092745));
#645 = CARTESIAN_POINT('',(2.053423037883,6.968941218917));
#646 = CARTESIAN_POINT('',(2.180210586947,6.973692051611));
#647 = CARTESIAN_POINT('',(2.31193045571,6.979022556432));
#648 = CARTESIAN_POINT('',(2.57074737025,6.988857105502));
#649 = CARTESIAN_POINT('',(2.70048216659,6.99354081214));
#650 = CARTESIAN_POINT('',(2.835663160625,6.997688226762));
#651 = CARTESIAN_POINT('',(2.974133898925,7.000471891813));
#652 = CARTESIAN_POINT('',(3.114227008317,7.001284379629));
#653 = CARTESIAN_POINT('',(3.254488543262,7.000187361387));
#654 = CARTESIAN_POINT('',(3.482681268323,6.995936235409));
#655 = CARTESIAN_POINT('',(3.572443449406,6.993626893979));
#656 = CARTESIAN_POINT('',(3.662197901426,6.99076826136));
#657 = CARTESIAN_POINT('',(3.751954247412,6.987499135826));
#658 = CARTESIAN_POINT('',(3.841718036495,6.983995125625));
#659 = CARTESIAN_POINT('',(3.931483089765,6.980447716313));
#660 = CARTESIAN_POINT('',(4.119975622662,6.973284047702));
#661 = CARTESIAN_POINT('',(4.218715903486,6.969696026108));
#662 = CARTESIAN_POINT('',(4.317445212034,6.966511546519));
#663 = CARTESIAN_POINT('',(4.416175276499,6.963954917331));
#664 = CARTESIAN_POINT('',(4.514914880882,6.962193418403));
#665 = CARTESIAN_POINT('',(4.613658001637,6.961313173352));
#666 = CARTESIAN_POINT('',(4.807994582267,6.961313173352));
#667 = CARTESIAN_POINT('',(4.90354842113,6.962138660841));
#668 = CARTESIAN_POINT('',(4.999739613842,6.963788144707));
#669 = CARTESIAN_POINT('',(5.097180684552,6.966221232859));
#670 = CARTESIAN_POINT('',(5.196503061861,6.96935480513));
#671 = CARTESIAN_POINT('',(5.298354314276,6.973038990217));
#672 = CARTESIAN_POINT('',(5.514552436423,6.981255611204));
#673 = CARTESIAN_POINT('',(5.632210704407,6.985935155921));
#674 = CARTESIAN_POINT('',(5.754844505577,6.990716858245));
#675 = CARTESIAN_POINT('',(5.881575702303,6.995049198003));
#676 = CARTESIAN_POINT('',(6.011949503658,6.998296519077));
#677 = CARTESIAN_POINT('',(6.145780124785,7.));
#678 = CARTESIAN_POINT('',(6.28318530718,7.));
#679 = ( GEOMETRIC_REPRESENTATION_CONTEXT(2) 
PARAMETRIC_REPRESENTATION_CONTEXT() REPRESENTATION_CONTEXT('2D SPACE',''
  ) );
#680 = ADVANCED_FACE('',(#681,#712),#65,.T.);
#681 = FACE_BOUND('',#682,.T.);
#682 = EDGE_LOOP('',(#683));
#683 = ORIENTED_EDGE('',*,*,#684,.T.);
#684 = EDGE_CURVE('',#685,#685,#687,.T.);
#685 = VERTEX_POINT('',#686);
#686 = CARTESIAN_POINT('',(42.,-1.028703311284E-14,44.));
#687 = SURFACE_CURVE('',#688,(#693,#700),.PCURVE_S1.);
#688 = CIRCLE('',#689,42.);
#689 = AXIS2_PLACEMENT_3D('',#690,#691,#692);
#690 = CARTESIAN_POINT('',(0.,0.,44.));
#691 = DIRECTION('',(0.,0.,1.));
#692 = DIRECTION('',(1.,0.,-0.));
#693 = PCURVE('',#65,#694);
#694 = DEFINITIONAL_REPRESENTATION('',(#695),#699);
#695 = CIRCLE('',#696,42.);
#696 = AXIS2_PLACEMENT_2D('',#697,#698);
#697 = CARTESIAN_POINT('',(0.,0.));
#698 = DIRECTION('',(1.,0.));
#699 = ( GEOMETRIC_REPRESENTATION_CONTEXT(2) 
PARAMETRIC_REPRESENTATION_CONTEXT() REPRESENTATION_CONTEXT('2D SPACE',''
  ) );
#700 = PCURVE('',#701,#706);
#701 = CYLINDRICAL_SURFACE('',#702,42.);
#702 = AXIS2_PLACEMENT_3D('',#703,#704,#705);
#703 = CARTESIAN_POINT('',(0.,0.,40.));
#704 = DIRECTION('',(0.,0.,1.));
#705 = DIRECTION('',(1.,0.,-0.));
#706 = DEFINITIONAL_REPRESENTATION('',(#707),#711);
#707 = LINE('',#708,#709);
#708 = CARTESIAN_POINT('',(0.,4.));
#709 = VECTOR('',#710,1.);
#710 = DIRECTION('',(1.,0.));
#711 = ( GEOMETRIC_REPRESENTATION_CONTEXT(2) 
PARAMETRIC_REPRESENTATION_CONTEXT() REPRESENTATION_CONTEXT('2D SPACE',''
  ) );
#712 = FACE_BOUND('',#713,.T.);
#713 = EDGE_LOOP('',(#714));
#714 = ORIENTED_EDGE('',*,*,#43,.F.);
#715 = ADVANCED_FACE('',(#716),#162,.F.);
#716 = FACE_BOUND('',#717,.F.);
#717 = EDGE_LOOP('',(#718,#719,#742,#839,#929,#930));
#718 = ORIENTED_EDGE('',*,*,#248,.F.);
#719 = ORIENTED_EDGE('',*,*,#720,.F.);
#720 = EDGE_CURVE('',#721,#78,#723,.T.);
#721 = VERTEX_POINT('',#722);
#722 = CARTESIAN_POINT('',(37.2,-4.769999282679E-15,68.25));
#723 = SEAM_CURVE('',#724,(#728,#735),.PCURVE_S1.);
#724 = LINE('',#725,#726);
#725 = CARTESIAN_POINT('',(32.6,-4.286263797016E-16,68.25));
#726 = VECTOR('',#727,1.);
#727 = DIRECTION('',(1.,0.,1.110223024625E-16));
#728 = PCURVE('',#162,#729);
#729 = DEFINITIONAL_REPRESENTATION('',(#730),#734);
#730 = LINE('',#731,#732);
#731 = CARTESIAN_POINT('',(6.28318530718,-0.));
#732 = VECTOR('',#733,1.);
#733 = DIRECTION('',(0.,1.));
#734 = ( GEOMETRIC_REPRESENTATION_CONTEXT(2) 
PARAMETRIC_REPRESENTATION_CONTEXT() REPRESENTATION_CONTEXT('2D SPACE',''
  ) );
#735 = PCURVE('',#162,#736);
#736 = DEFINITIONAL_REPRESENTATION('',(#737),#741);
#737 = LINE('',#738,#739);
#738 = CARTESIAN_POINT('',(0.,-0.));
#739 = VECTOR('',#740,1.);
#740 = DIRECTION('',(0.,1.));
#741 = ( GEOMETRIC_REPRESENTATION_CONTEXT(2) 
PARAMETRIC_REPRESENTATION_CONTEXT() REPRESENTATION_CONTEXT('2D SPACE',''
  ) );
#742 = ORIENTED_EDGE('',*,*,#743,.T.);
#743 = EDGE_CURVE('',#721,#744,#746,.T.);
#744 = VERTEX_POINT('',#745);
#745 = CARTESIAN_POINT('',(37.2,-9.111372185656E-15,71.75));
#746 = SURFACE_CURVE('',#747,(#774,#804),.PCURVE_S1.);
#747 = B_SPLINE_CURVE_WITH_KNOTS('',7,(#748,#749,#750,#751,#752,#753,
    #754,#755,#756,#757,#758,#759,#760,#761,#762,#763,#764,#765,#766,
    #767,#768,#769,#770,#771,#772,#773),.UNSPECIFIED.,.F.,.F.,(8,6,6,6,8
    ),(0.,0.256802489854,0.500015896118,0.743238042188,1.),
  .UNSPECIFIED.);
#748 = CARTESIAN_POINT('',(37.2,-9.914693070884E-16,68.25));
#749 = CARTESIAN_POINT('',(37.2,0.240573837347,68.25));
#750 = CARTESIAN_POINT('',(37.19818488615,0.474794309554,68.288583500702
    ));
#751 = CARTESIAN_POINT('',(37.194727337368,0.695480613228,
    68.362084702705));
#752 = CARTESIAN_POINT('',(37.190117111154,0.896676064903,68.46542127368
    ));
#753 = CARTESIAN_POINT('',(37.185028765682,1.073884104638,
    68.592181051699));
#754 = CARTESIAN_POINT('',(37.180047465179,1.224515271883,
    68.734759312478));
#755 = CARTESIAN_POINT('',(37.171298500554,1.465725630784,
    69.026332549157));
#756 = CARTESIAN_POINT('',(37.167376311633,1.561934677319,
    69.178063047168));
#757 = CARTESIAN_POINT('',(37.164040101994,1.637785687788,
    69.336582818789));
#758 = CARTESIAN_POINT('',(37.161449572876,1.694049747052,
    69.499629239057));
#759 = CARTESIAN_POINT('',(37.159693393656,1.731339230696,
    69.665470823139));
#760 = CARTESIAN_POINT('',(37.158814566668,1.75,69.832693429647));
#761 = CARTESIAN_POINT('',(37.158814566668,1.75,70.167312582468));
#762 = CARTESIAN_POINT('',(37.159693455172,1.731337911721,
    70.334534768515));
#763 = CARTESIAN_POINT('',(37.161449644876,1.694048253596,
    70.500372675918));
#764 = CARTESIAN_POINT('',(37.164040088258,1.637785755503,
    70.663414972807));
#765 = CARTESIAN_POINT('',(37.167376212801,1.561936864089,
    70.821932666912));
#766 = CARTESIAN_POINT('',(37.171298403271,1.465728312873,
    70.973664208755));
#767 = CARTESIAN_POINT('',(37.180046697236,1.224536444197,
    71.265215094591));
#768 = CARTESIAN_POINT('',(37.18502808682,1.07390740533,71.407804321378)
  );
#769 = CARTESIAN_POINT('',(37.190117251828,0.896680042511,71.53458622032
    ));
#770 = CARTESIAN_POINT('',(37.194728325968,0.695452411604,
    71.637936361981));
#771 = CARTESIAN_POINT('',(37.198185664533,0.474739235419,
    71.711433028767));
#772 = CARTESIAN_POINT('',(37.2,0.240522316049,71.75));
#773 = CARTESIAN_POINT('',(37.2,1.875782019251E-15,71.75));
#774 = PCURVE('',#162,#775);
#775 = DEFINITIONAL_REPRESENTATION('',(#776),#803);
#776 = B_SPLINE_CURVE_WITH_KNOTS('',7,(#777,#778,#779,#780,#781,#782,
    #783,#784,#785,#786,#787,#788,#789,#790,#791,#792,#793,#794,#795,
    #796,#797,#798,#799,#800,#801,#802),.UNSPECIFIED.,.F.,.F.,(8,6,6,6,8
    ),(0.,0.256802489854,0.500015896118,0.743238042188,1.),
  .UNSPECIFIED.);
#777 = CARTESIAN_POINT('',(-8.881784197001E-16,4.6));
#778 = CARTESIAN_POINT('',(0.137470764198,4.6));
#779 = CARTESIAN_POINT('',(0.271310969913,4.59818488615));
#780 = CARTESIAN_POINT('',(0.401660887784,4.594727337368));
#781 = CARTESIAN_POINT('',(0.528351838158,4.590117111154));
#782 = CARTESIAN_POINT('',(0.650946656454,4.585028765682));
#783 = CARTESIAN_POINT('',(0.768589203049,4.580047465179));
#784 = CARTESIAN_POINT('',(0.984825951301,4.571298500554));
#785 = CARTESIAN_POINT('',(1.086675345809,4.567376311633));
#786 = CARTESIAN_POINT('',(1.185998719105,4.564040101994));
#787 = CARTESIAN_POINT('',(1.283442606046,4.561449572876));
#788 = CARTESIAN_POINT('',(1.379636883468,4.559693393656));
#789 = CARTESIAN_POINT('',(1.475192572307,4.558814566668));
#790 = CARTESIAN_POINT('',(1.666403516777,4.558814566668));
#791 = CARTESIAN_POINT('',(1.761958956193,4.559693455172));
#792 = CARTESIAN_POINT('',(1.858151312222,4.561449644876));
#793 = CARTESIAN_POINT('',(1.955592793694,4.564040088258));
#794 = CARTESIAN_POINT('',(2.054914627651,4.567376212801));
#795 = CARTESIAN_POINT('',(2.15676429789,4.571298403271));
#796 = CARTESIAN_POINT('',(2.372984470293,4.580046697236));
#797 = CARTESIAN_POINT('',(2.4906310738,4.58502808682));
#798 = CARTESIAN_POINT('',(2.613241497124,4.590117251828));
#799 = CARTESIAN_POINT('',(2.739950568166,4.594728325968));
#800 = CARTESIAN_POINT('',(2.870313162839,4.598185664533));
#801 = CARTESIAN_POINT('',(3.004151330133,4.6));
#802 = CARTESIAN_POINT('',(3.14159265359,4.6));
#803 = ( GEOMETRIC_REPRESENTATION_CONTEXT(2) 
PARAMETRIC_REPRESENTATION_CONTEXT() REPRESENTATION_CONTEXT('2D SPACE',''
  ) );
#804 = PCURVE('',#805,#810);
#805 = CYLINDRICAL_SURFACE('',#806,37.2);
#806 = AXIS2_PLACEMENT_3D('',#807,#808,#809);
#807 = CARTESIAN_POINT('',(0.,0.,-1.));
#808 = DIRECTION('',(0.,0.,1.));
#809 = DIRECTION('',(1.,0.,-0.));
#810 = DEFINITIONAL_REPRESENTATION('',(#811),#838);
#811 = B_SPLINE_CURVE_WITH_KNOTS('',7,(#812,#813,#814,#815,#816,#817,
    #818,#819,#820,#821,#822,#823,#824,#825,#826,#827,#828,#829,#830,
    #831,#832,#833,#834,#835,#836,#837),.UNSPECIFIED.,.F.,.F.,(8,6,6,6,8
    ),(0.,0.256802489854,0.500015896118,0.743238042188,1.),
  .UNSPECIFIED.);
#812 = CARTESIAN_POINT('',(0.,69.25));
#813 = CARTESIAN_POINT('',(6.467038638363E-03,69.25));
#814 = CARTESIAN_POINT('',(1.276328847213E-02,69.288583500702));
#815 = CARTESIAN_POINT('',(1.869615447673E-02,69.362084702705));
#816 = CARTESIAN_POINT('',(2.410586459509E-02,69.46542127368));
#817 = CARTESIAN_POINT('',(2.887141214775E-02,69.592181051699));
#818 = CARTESIAN_POINT('',(3.29228293633E-02,69.734759312478));
#819 = CARTESIAN_POINT('',(3.941124264361E-02,70.026332549157));
#820 = CARTESIAN_POINT('',(4.199962952178E-02,70.178063047168));
#821 = CARTESIAN_POINT('',(4.404059732619E-02,70.336582818789));
#822 = CARTESIAN_POINT('',(4.555467327879E-02,70.499629239057));
#823 = CARTESIAN_POINT('',(4.655818987893E-02,70.665470823139));
#824 = CARTESIAN_POINT('',(4.706037943741E-02,70.832693429647));
#825 = CARTESIAN_POINT('',(4.706037943741E-02,71.167312582468));
#826 = CARTESIAN_POINT('',(4.65581543848E-02,71.334534768515));
#827 = CARTESIAN_POINT('',(4.555463308352E-02,71.500372675918));
#828 = CARTESIAN_POINT('',(4.404059916418E-02,71.663414972806));
#829 = CARTESIAN_POINT('',(4.199968836292E-02,71.821932666912));
#830 = CARTESIAN_POINT('',(3.941131479018E-02,71.973664208755));
#831 = CARTESIAN_POINT('',(3.292339888579E-02,72.265215094591));
#832 = CARTESIAN_POINT('',(2.887203877279E-02,72.407804321378));
#833 = CARTESIAN_POINT('',(2.410597129834E-02,72.53458622032));
#834 = CARTESIAN_POINT('',(1.869539606837E-02,72.637936361981));
#835 = CARTESIAN_POINT('',(1.27618079834E-02,72.711433028767));
#836 = CARTESIAN_POINT('',(6.465653657223E-03,72.75));
#837 = CARTESIAN_POINT('',(0.,72.75));
#838 = ( GEOMETRIC_REPRESENTATION_CONTEXT(2) 
PARAMETRIC_REPRESENTATION_CONTEXT() REPRESENTATION_CONTEXT('2D SPACE',''
  ) );
#839 = ORIENTED_EDGE('',*,*,#840,.T.);
#840 = EDGE_CURVE('',#744,#721,#841,.T.);
#841 = SURFACE_CURVE('',#842,(#869,#899),.PCURVE_S1.);
#842 = B_SPLINE_CURVE_WITH_KNOTS('',7,(#843,#844,#845,#846,#847,#848,
    #849,#850,#851,#852,#853,#854,#855,#856,#857,#858,#859,#860,#861,
    #862,#863,#864,#865,#866,#867,#868),.UNSPECIFIED.,.F.,.F.,(8,6,6,6,8
    ),(0.,0.256813569451,0.50004877926,0.743282696265,1.),
  .UNSPECIFIED.);
#843 = CARTESIAN_POINT('',(37.2,-2.6645352591E-15,71.75));
#844 = CARTESIAN_POINT('',(37.2,-0.240573837347,71.75));
#845 = CARTESIAN_POINT('',(37.19818488615,-0.474794309554,
    71.711416499298));
#846 = CARTESIAN_POINT('',(37.194727337368,-0.695480613229,
    71.637915297294));
#847 = CARTESIAN_POINT('',(37.190117111154,-0.896676064902,
    71.534578726321));
#848 = CARTESIAN_POINT('',(37.185028765682,-1.073884104638,
    71.407818948301));
#849 = CARTESIAN_POINT('',(37.180047465179,-1.224515271883,
    71.265240687522));
#850 = CARTESIAN_POINT('',(37.171298302663,-1.465731086671,
    70.973660855809));
#851 = CARTESIAN_POINT('',(37.167376124184,-1.561938733089,
    70.821928742337));
#852 = CARTESIAN_POINT('',(37.164040078236,-1.637785907549,
    70.663412938676));
#853 = CARTESIAN_POINT('',(37.161449669794,-1.694047729634,
    70.500373204278));
#854 = CARTESIAN_POINT('',(37.159693465184,-1.731337701207,
    70.334536430248));
#855 = CARTESIAN_POINT('',(37.158814566668,-1.75,70.167313471746));
#856 = CARTESIAN_POINT('',(37.158814566668,-1.75,69.832687417532));
#857 = CARTESIAN_POINT('',(37.159693455172,-1.731337911721,
    69.665465231485));
#858 = CARTESIAN_POINT('',(37.161449644876,-1.694048253596,
    69.499627324081));
#859 = CARTESIAN_POINT('',(37.164040088258,-1.637785755504,
    69.336585027195));
#860 = CARTESIAN_POINT('',(37.167376212801,-1.561936864089,
    69.178067333087));
#861 = CARTESIAN_POINT('',(37.171298403271,-1.465728312873,
    69.026335791245));
#862 = CARTESIAN_POINT('',(37.180045698542,-1.22456397834,68.73481818847
    ));
#863 = CARTESIAN_POINT('',(37.185027434256,-1.073931259688,
    68.592206946795));
#864 = CARTESIAN_POINT('',(37.190117807603,-0.896672871724,
    68.465396362137));
#865 = CARTESIAN_POINT('',(37.194729684879,-0.695405608413,
    68.362034925025));
#866 = CARTESIAN_POINT('',(37.198186543827,-0.474668532392,
    68.288548241191));
#867 = CARTESIAN_POINT('',(37.2,-0.240463890918,68.25));
#868 = CARTESIAN_POINT('',(37.2,-5.551115123126E-15,68.25));
#869 = PCURVE('',#162,#870);
#870 = DEFINITIONAL_REPRESENTATION('',(#871),#898);
#871 = B_SPLINE_CURVE_WITH_KNOTS('',7,(#872,#873,#874,#875,#876,#877,
    #878,#879,#880,#881,#882,#883,#884,#885,#886,#887,#888,#889,#890,
    #891,#892,#893,#894,#895,#896,#897),.UNSPECIFIED.,.F.,.F.,(8,6,6,6,8
    ),(0.,0.256813569451,0.50004877926,0.743282696265,1.),
  .UNSPECIFIED.);
#872 = CARTESIAN_POINT('',(3.14159265359,4.6));
#873 = CARTESIAN_POINT('',(3.279063417788,4.6));
#874 = CARTESIAN_POINT('',(3.412903623503,4.59818488615));
#875 = CARTESIAN_POINT('',(3.543253541374,4.594727337368));
#876 = CARTESIAN_POINT('',(3.669944491747,4.590117111154));
#877 = CARTESIAN_POINT('',(3.792539310044,4.585028765682));
#878 = CARTESIAN_POINT('',(3.910181856639,4.580047465179));
#879 = CARTESIAN_POINT('',(4.126423495904,4.571298302663));
#880 = CARTESIAN_POINT('',(4.228273089202,4.567376124184));
#881 = CARTESIAN_POINT('',(4.327593595427,4.564040078236));
#882 = CARTESIAN_POINT('',(4.425033676682,4.561449669794));
#883 = CARTESIAN_POINT('',(4.521225397138,4.559693465184));
#884 = CARTESIAN_POINT('',(4.616781282244,4.558814566668));
#885 = CARTESIAN_POINT('',(4.807996170367,4.558814566668));
#886 = CARTESIAN_POINT('',(4.903551609783,4.559693455172));
#887 = CARTESIAN_POINT('',(4.999743965813,4.561449644876));
#888 = CARTESIAN_POINT('',(5.097185447283,4.564040088258));
#889 = CARTESIAN_POINT('',(5.196507281242,4.567376212801));
#890 = CARTESIAN_POINT('',(5.298356951479,4.571298403271));
#891 = CARTESIAN_POINT('',(5.514552440475,4.580045698542));
#892 = CARTESIAN_POINT('',(5.632210088418,4.585027434256));
#893 = CARTESIAN_POINT('',(5.754842891018,4.590117807603));
#894 = CARTESIAN_POINT('',(5.88157302369,4.594729684879));
#895 = CARTESIAN_POINT('',(6.011946223616,4.598186543827));
#896 = CARTESIAN_POINT('',(6.145777369512,4.6));
#897 = CARTESIAN_POINT('',(6.28318530718,4.6));
#898 = ( GEOMETRIC_REPRESENTATION_CONTEXT(2) 
PARAMETRIC_REPRESENTATION_CONTEXT() REPRESENTATION_CONTEXT('2D SPACE',''
  ) );
#899 = PCURVE('',#805,#900);
#900 = DEFINITIONAL_REPRESENTATION('',(#901),#928);
#901 = B_SPLINE_CURVE_WITH_KNOTS('',7,(#902,#903,#904,#905,#906,#907,
    #908,#909,#910,#911,#912,#913,#914,#915,#916,#917,#918,#919,#920,
    #921,#922,#923,#924,#925,#926,#927),.UNSPECIFIED.,.F.,.F.,(8,6,6,6,8
    ),(0.,0.256813569451,0.50004877926,0.743282696265,1.),
  .UNSPECIFIED.);
#902 = CARTESIAN_POINT('',(6.28318530718,72.75));
#903 = CARTESIAN_POINT('',(6.276718268541,72.75));
#904 = CARTESIAN_POINT('',(6.270422018707,72.711416499298));
#905 = CARTESIAN_POINT('',(6.264489152703,72.637915297294));
#906 = CARTESIAN_POINT('',(6.259079442585,72.534578726321));
#907 = CARTESIAN_POINT('',(6.254313895032,72.407818948301));
#908 = CARTESIAN_POINT('',(6.250262477816,72.265240687522));
#909 = CARTESIAN_POINT('',(6.243773917776,71.973660855809));
#910 = CARTESIAN_POINT('',(6.241185568521,71.821928742337));
#911 = CARTESIAN_POINT('',(6.239144703919,71.663412938676));
#912 = CARTESIAN_POINT('',(6.237630688197,71.500373204278));
#913 = CARTESIAN_POINT('',(6.236627158461,71.334536430248));
#914 = CARTESIAN_POINT('',(6.236124927742,71.167313471746));
#915 = CARTESIAN_POINT('',(6.236124927742,70.832687417532));
#916 = CARTESIAN_POINT('',(6.236627152795,70.665465231485));
#917 = CARTESIAN_POINT('',(6.237630674096,70.499627324081));
#918 = CARTESIAN_POINT('',(6.239144708015,70.336585027194));
#919 = CARTESIAN_POINT('',(6.241185618817,70.178067333087));
#920 = CARTESIAN_POINT('',(6.243773992389,70.026335791245));
#921 = CARTESIAN_POINT('',(6.250261167642,69.73481818847));
#922 = CARTESIAN_POINT('',(6.254312626942,69.592206946795));
#923 = CARTESIAN_POINT('',(6.25907952904,69.465396362137));
#924 = CARTESIAN_POINT('',(6.264491169619,69.362034925025));
#925 = CARTESIAN_POINT('',(6.270425399807,69.288548241191));
#926 = CARTESIAN_POINT('',(6.27672122409,69.25));
#927 = CARTESIAN_POINT('',(6.28318530718,69.25));
#928 = ( GEOMETRIC_REPRESENTATION_CONTEXT(2) 
PARAMETRIC_REPRESENTATION_CONTEXT() REPRESENTATION_CONTEXT('2D SPACE',''
  ) );
#929 = ORIENTED_EDGE('',*,*,#720,.T.);
#930 = ORIENTED_EDGE('',*,*,#100,.F.);
#931 = ADVANCED_FACE('',(#932,#935),#235,.T.);
#932 = FACE_BOUND('',#933,.T.);
#933 = EDGE_LOOP('',(#934));
#934 = ORIENTED_EDGE('',*,*,#220,.T.);
#935 = FACE_BOUND('',#936,.T.);
#936 = EDGE_LOOP('',(#937));
#937 = ORIENTED_EDGE('',*,*,#938,.F.);
#938 = EDGE_CURVE('',#939,#939,#941,.T.);
#939 = VERTEX_POINT('',#940);
#940 = CARTESIAN_POINT('',(37.2,-9.111372185656E-15,84.));
#941 = SURFACE_CURVE('',#942,(#947,#954),.PCURVE_S1.);
#942 = CIRCLE('',#943,37.2);
#943 = AXIS2_PLACEMENT_3D('',#944,#945,#946);
#944 = CARTESIAN_POINT('',(0.,0.,84.));
#945 = DIRECTION('',(0.,0.,1.));
#946 = DIRECTION('',(1.,0.,-0.));
#947 = PCURVE('',#235,#948);
#948 = DEFINITIONAL_REPRESENTATION('',(#949),#953);
#949 = CIRCLE('',#950,37.2);
#950 = AXIS2_PLACEMENT_2D('',#951,#952);
#951 = CARTESIAN_POINT('',(0.,0.));
#952 = DIRECTION('',(1.,0.));
#953 = ( GEOMETRIC_REPRESENTATION_CONTEXT(2) 
PARAMETRIC_REPRESENTATION_CONTEXT() REPRESENTATION_CONTEXT('2D SPACE',''
  ) );
#954 = PCURVE('',#805,#955);
#955 = DEFINITIONAL_REPRESENTATION('',(#956),#960);
#956 = LINE('',#957,#958);
#957 = CARTESIAN_POINT('',(0.,85.));
#958 = VECTOR('',#959,1.);
#959 = DIRECTION('',(1.,0.));
#960 = ( GEOMETRIC_REPRESENTATION_CONTEXT(2) 
PARAMETRIC_REPRESENTATION_CONTEXT() REPRESENTATION_CONTEXT('2D SPACE',''
  ) );
#961 = ADVANCED_FACE('',(#962),#451,.F.);
#962 = FACE_BOUND('',#963,.F.);
#963 = EDGE_LOOP('',(#964,#965,#988,#1150));
#964 = ORIENTED_EDGE('',*,*,#341,.F.);
#965 = ORIENTED_EDGE('',*,*,#966,.F.);
#966 = EDGE_CURVE('',#967,#342,#969,.T.);
#967 = VERTEX_POINT('',#968);
#968 = CARTESIAN_POINT('',(-18.6,-32.21614502078,68.25));
#969 = SEAM_CURVE('',#970,(#974,#981),.PCURVE_S1.);
#970 = LINE('',#971,#972);
#971 = CARTESIAN_POINT('',(-16.3,-28.23242816337,68.25));
#972 = VECTOR('',#973,1.);
#973 = DIRECTION('',(-0.5,-0.866025403784,1.110223024625E-16));
#974 = PCURVE('',#451,#975);
#975 = DEFINITIONAL_REPRESENTATION('',(#976),#980);
#976 = LINE('',#977,#978);
#977 = CARTESIAN_POINT('',(6.28318530718,-0.));
#978 = VECTOR('',#979,1.);
#979 = DIRECTION('',(0.,1.));
#980 = ( GEOMETRIC_REPRESENTATION_CONTEXT(2) 
PARAMETRIC_REPRESENTATION_CONTEXT() REPRESENTATION_CONTEXT('2D SPACE',''
  ) );
#981 = PCURVE('',#451,#982);
#982 = DEFINITIONAL_REPRESENTATION('',(#983),#987);
#983 = LINE('',#984,#985);
#984 = CARTESIAN_POINT('',(0.,-0.));
#985 = VECTOR('',#986,1.);
#986 = DIRECTION('',(0.,1.));
#987 = ( GEOMETRIC_REPRESENTATION_CONTEXT(2) 
PARAMETRIC_REPRESENTATION_CONTEXT() REPRESENTATION_CONTEXT('2D SPACE',''
  ) );
#988 = ORIENTED_EDGE('',*,*,#989,.T.);
#989 = EDGE_CURVE('',#967,#967,#990,.T.);
#990 = SURFACE_CURVE('',#991,(#1042,#1096),.PCURVE_S1.);
#991 = B_SPLINE_CURVE_WITH_KNOTS('',7,(#992,#993,#994,#995,#996,#997,
    #998,#999,#1000,#1001,#1002,#1003,#1004,#1005,#1006,#1007,#1008,
    #1009,#1010,#1011,#1012,#1013,#1014,#1015,#1016,#1017,#1018,#1019,
    #1020,#1021,#1022,#1023,#1024,#1025,#1026,#1027,#1028,#1029,#1030,
    #1031,#1032,#1033,#1034,#1035,#1036,#1037,#1038,#1039,#1040,#1041),
  .UNSPECIFIED.,.T.,.F.,(8,6,6,6,6,6,6,6,8),(0.,0.142510298434,
    0.277479453637,0.446118619716,0.592592311327,0.687567136125,
    0.792045768604,0.893218682455,1.),.UNSPECIFIED.);
#992 = CARTESIAN_POINT('',(-18.6,-32.21614502078,68.25));
#993 = CARTESIAN_POINT('',(-18.39165694537,-32.33643193945,68.25));
#994 = CARTESIAN_POINT('',(-18.18790850942,-32.45197024085,
    68.288583500702));
#995 = CARTESIAN_POINT('',(-17.99505978978,-32.55931906761,
    68.362084702705));
#996 = CARTESIAN_POINT('',(-17.8185143044,-32.65592422042,
    68.465421273679));
#997 = CARTESIAN_POINT('',(-17.6625034675,-32.74012160385,
    68.592181051699));
#998 = CARTESIAN_POINT('',(-17.52956239981,-32.81112325469,
    68.734759312478));
#999 = CARTESIAN_POINT('',(-17.31629361904,-32.92415160852,
    69.026332549157));
#1000 = CARTESIAN_POINT('',(-17.2310130462,-32.96885941655,
    69.178063047167));
#1001 = CARTESIAN_POINT('',(-17.16365603941,-33.00389567948,
    69.33658281879));
#1002 = CARTESIAN_POINT('',(-17.11363467021,-33.02978424509,
    69.499629239057));
#1003 = CARTESIAN_POINT('',(-17.08046294047,-33.04690809109,
    69.66547082314));
#1004 = CARTESIAN_POINT('',(-17.06386282671,-33.05547738925,
    69.832693429647));
#1005 = CARTESIAN_POINT('',(-17.06386282671,-33.05547738925,
    70.209043617865));
#1006 = CARTESIAN_POINT('',(-17.0897773815,-33.04209972514,
    70.41797394695));
#1007 = CARTESIAN_POINT('',(-17.14156459314,-33.01536660512,
    70.624293826761));
#1008 = CARTESIAN_POINT('',(-17.21993245016,-32.97474845185,
    70.825153684973));
#1009 = CARTESIAN_POINT('',(-17.32601987023,-32.91933914694,
    71.016787326705));
#1010 = CARTESIAN_POINT('',(-17.46104819393,-32.8479330837,
    71.193894179963));
#1011 = CARTESIAN_POINT('',(-17.76850738823,-32.68251034995,
    71.482594583835));
#1012 = CARTESIAN_POINT('',(-17.93880648881,-32.58994551623,
    71.604544207701));
#1013 = CARTESIAN_POINT('',(-18.13279134583,-32.48304640474,
    71.700207726928));
#1014 = CARTESIAN_POINT('',(-18.34308457987,-32.36505519301,
    71.759902987625));
#1015 = CARTESIAN_POINT('',(-18.56005029308,-32.24078875824,
    71.778413918728));
#1016 = CARTESIAN_POINT('',(-18.77379010423,-32.11603761131,
    71.7552676295));
#1017 = CARTESIAN_POINT('',(-19.10650088387,-31.91872140132,
    71.655955786156));
#1018 = CARTESIAN_POINT('',(-19.23349345973,-31.84256353045,
    71.600957007894));
#1019 = CARTESIAN_POINT('',(-19.35490544491,-31.76895239298,
    71.530544615854));
#1020 = CARTESIAN_POINT('',(-19.46916277438,-31.69896735778,
    71.445544111644));
#1021 = CARTESIAN_POINT('',(-19.57482815314,-31.63365408969,
    71.347073540818));
#1022 = CARTESIAN_POINT('',(-19.6706320984,-31.57398090764,
    71.236518113135));
#1023 = CARTESIAN_POINT('',(-19.84891100157,-31.46224529346,
    70.982355177693));
#1024 = CARTESIAN_POINT('',(-19.92910649313,-31.41153360626,
    70.836525829547));
#1025 = CARTESIAN_POINT('',(-19.99470550834,-31.36974521443,
    70.68014535963));
#1026 = CARTESIAN_POINT('',(-20.04464263325,-31.33777101513,
    70.515621985243));
#1027 = CARTESIAN_POINT('',(-20.07818539421,-31.31623958082,
    70.345580261539));
#1028 = CARTESIAN_POINT('',(-20.09495173995,-31.30547738925,
    70.172779348166));
#1029 = CARTESIAN_POINT('',(-20.09495173995,-31.30547738925,
    69.832687414715));
#1030 = CARTESIAN_POINT('',(-20.07922934109,-31.31556957351,
    69.665465238421));
#1031 = CARTESIAN_POINT('',(-20.04781364804,-31.33573530539,
    69.499627319054));
#1032 = CARTESIAN_POINT('',(-20.00038410912,-31.36610994922,
    69.336585024589));
#1033 = CARTESIAN_POINT('',(-19.93636511454,-31.40692355728,
    69.178067338839));
#1034 = CARTESIAN_POINT('',(-19.85500715381,-31.45842455358,
    69.026335788654));
#1035 = CARTESIAN_POINT('',(-19.65052636307,-31.58658209963,
    68.73481818847));
#1036 = CARTESIAN_POINT('',(-19.52256546993,-31.66621276864,
    68.592206946795));
#1037 = CARTESIAN_POINT('',(-19.3716003896,-31.75925035525,
    68.465396362137));
#1038 = CARTESIAN_POINT('',(-19.19960376526,-31.86387798979,
    68.362034925025));
#1039 = CARTESIAN_POINT('',(-19.01016827934,-31.97724025547,
    68.288548241191));
#1040 = CARTESIAN_POINT('',(-18.80824783822,-32.09591307532,68.25));
#1041 = CARTESIAN_POINT('',(-18.6,-32.21614502078,68.25));
#1042 = PCURVE('',#451,#1043);
#1043 = DEFINITIONAL_REPRESENTATION('',(#1044),#1095);
#1044 = B_SPLINE_CURVE_WITH_KNOTS('',7,(#1045,#1046,#1047,#1048,#1049,
    #1050,#1051,#1052,#1053,#1054,#1055,#1056,#1057,#1058,#1059,#1060,
    #1061,#1062,#1063,#1064,#1065,#1066,#1067,#1068,#1069,#1070,#1071,
    #1072,#1073,#1074,#1075,#1076,#1077,#1078,#1079,#1080,#1081,#1082,
    #1083,#1084,#1085,#1086,#1087,#1088,#1089,#1090,#1091,#1092,#1093,
    #1094),.UNSPECIFIED.,.F.,.F.,(8,6,6,6,6,6,6,6,8),(0.,0.142510298434,
    0.277479453637,0.446118619716,0.592592311327,0.687567136125,
    0.792045768604,0.893218682455,1.),.UNSPECIFIED.);
#1045 = CARTESIAN_POINT('',(0.,4.6));
#1046 = CARTESIAN_POINT('',(0.137470764198,4.6));
#1047 = CARTESIAN_POINT('',(0.271310969913,4.59818488615));
#1048 = CARTESIAN_POINT('',(0.401660887784,4.594727337368));
#1049 = CARTESIAN_POINT('',(0.528351838158,4.590117111154));
#1050 = CARTESIAN_POINT('',(0.650946656454,4.585028765682));
#1051 = CARTESIAN_POINT('',(0.768589203049,4.580047465179));
#1052 = CARTESIAN_POINT('',(0.984825951301,4.571298500554));
#1053 = CARTESIAN_POINT('',(1.086675345809,4.567376311633));
#1054 = CARTESIAN_POINT('',(1.185998719106,4.564040101994));
#1055 = CARTESIAN_POINT('',(1.283442606046,4.561449572876));
#1056 = CARTESIAN_POINT('',(1.379636883468,4.559693393656));
#1057 = CARTESIAN_POINT('',(1.475192572307,4.558814566668));
#1058 = CARTESIAN_POINT('',(1.690249822718,4.558814566668));
#1059 = CARTESIAN_POINT('',(1.80963778737,4.560186447104));
#1060 = CARTESIAN_POINT('',(1.93032252462,4.562928491861));
#1061 = CARTESIAN_POINT('',(2.053430938595,4.566936067791));
#1062 = CARTESIAN_POINT('',(2.180217516871,4.571993912171));
#1063 = CARTESIAN_POINT('',(2.311934779492,4.577668609269));
#1064 = CARTESIAN_POINT('',(2.570744711356,4.588137916627));
#1065 = CARTESIAN_POINT('',(2.700479104393,4.593123969413));
#1066 = CARTESIAN_POINT('',(2.835660171433,4.597539051732));
#1067 = CARTESIAN_POINT('',(2.974131082548,4.600502281978));
#1068 = CARTESIAN_POINT('',(3.114224542456,4.601367249229));
#1069 = CARTESIAN_POINT('',(3.254486962449,4.600199492414));
#1070 = CARTESIAN_POINT('',(3.482681302859,4.595674031803));
#1071 = CARTESIAN_POINT('',(3.572443461792,4.593215668862));
#1072 = CARTESIAN_POINT('',(3.662197882722,4.590172546401));
#1073 = CARTESIAN_POINT('',(3.751954219941,4.586692392764));
#1074 = CARTESIAN_POINT('',(3.841718030301,4.582962132772));
#1075 = CARTESIAN_POINT('',(3.931483112398,4.57918561383));
#1076 = CARTESIAN_POINT('',(4.119975606812,4.571559185024));
#1077 = CARTESIAN_POINT('',(4.218715952804,4.567739321424));
#1078 = CARTESIAN_POINT('',(4.317445271177,4.564349020114));
#1079 = CARTESIAN_POINT('',(4.41617528774,4.561627113717));
#1080 = CARTESIAN_POINT('',(4.514914829864,4.559751725099));
#1081 = CARTESIAN_POINT('',(4.61365792429,4.558814566668));
#1082 = CARTESIAN_POINT('',(4.807996171976,4.558814566668));
#1083 = CARTESIAN_POINT('',(4.903551606006,4.559693455193));
#1084 = CARTESIAN_POINT('',(4.999743967955,4.561449644763));
#1085 = CARTESIAN_POINT('',(5.097185450036,4.564040088482));
#1086 = CARTESIAN_POINT('',(5.196507276835,4.567376212596));
#1087 = CARTESIAN_POINT('',(5.298356953401,4.571298403349));
#1088 = CARTESIAN_POINT('',(5.514552440476,4.580045698542));
#1089 = CARTESIAN_POINT('',(5.632210088418,4.585027434256));
#1090 = CARTESIAN_POINT('',(5.754842891018,4.590117807603));
#1091 = CARTESIAN_POINT('',(5.88157302369,4.594729684879));
#1092 = CARTESIAN_POINT('',(6.011946223616,4.598186543827));
#1093 = CARTESIAN_POINT('',(6.145777369513,4.6));
#1094 = CARTESIAN_POINT('',(6.28318530718,4.6));
#1095 = ( GEOMETRIC_REPRESENTATION_CONTEXT(2) 
PARAMETRIC_REPRESENTATION_CONTEXT() REPRESENTATION_CONTEXT('2D SPACE',''
  ) );
#1096 = PCURVE('',#805,#1097);
#1097 = DEFINITIONAL_REPRESENTATION('',(#1098),#1149);
#1098 = B_SPLINE_CURVE_WITH_KNOTS('',7,(#1099,#1100,#1101,#1102,#1103,
    #1104,#1105,#1106,#1107,#1108,#1109,#1110,#1111,#1112,#1113,#1114,
    #1115,#1116,#1117,#1118,#1119,#1120,#1121,#1122,#1123,#1124,#1125,
    #1126,#1127,#1128,#1129,#1130,#1131,#1132,#1133,#1134,#1135,#1136,
    #1137,#1138,#1139,#1140,#1141,#1142,#1143,#1144,#1145,#1146,#1147,
    #1148),.UNSPECIFIED.,.T.,.F.,(8,6,6,6,6,6,6,6,8),(0.,0.142510298434,
    0.277479453637,0.446118619716,0.592592311327,0.687567136125,
    0.792045768604,0.893218682455,1.),.UNSPECIFIED.);
#1099 = CARTESIAN_POINT('',(4.188790204786,69.25));
#1100 = CARTESIAN_POINT('',(4.195257243425,69.25));
#1101 = CARTESIAN_POINT('',(4.201553493259,69.288583500702));
#1102 = CARTESIAN_POINT('',(4.207486359263,69.362084702705));
#1103 = CARTESIAN_POINT('',(4.212896069381,69.46542127368));
#1104 = CARTESIAN_POINT('',(4.217661616934,69.592181051699));
#1105 = CARTESIAN_POINT('',(4.22171303415,69.734759312478));
#1106 = CARTESIAN_POINT('',(4.22820144743,70.026332549157));
#1107 = CARTESIAN_POINT('',(4.230789834308,70.178063047167));
#1108 = CARTESIAN_POINT('',(4.232830802113,70.33658281879));
#1109 = CARTESIAN_POINT('',(4.234344878065,70.499629239057));
#1110 = CARTESIAN_POINT('',(4.235348394665,70.66547082314));
#1111 = CARTESIAN_POINT('',(4.235850584224,70.832693429647));
#1112 = CARTESIAN_POINT('',(4.235850584224,71.209043617865));
#1113 = CARTESIAN_POINT('',(4.235066611622,71.41797394695));
#1114 = CARTESIAN_POINT('',(4.233499941214,71.624293826761));
#1115 = CARTESIAN_POINT('',(4.23112713123,71.825153684973));
#1116 = CARTESIAN_POINT('',(4.22790980161,72.016787326705));
#1117 = CARTESIAN_POINT('',(4.223803820163,72.193894179963));
#1118 = CARTESIAN_POINT('',(4.214418448034,72.482594583835));
#1119 = CARTESIAN_POINT('',(4.209208016124,72.604544207701));
#1120 = CARTESIAN_POINT('',(4.203254154663,72.700207726927));
#1121 = CARTESIAN_POINT('',(4.196772487274,72.759902987626));
#1122 = CARTESIAN_POINT('',(4.190051556039,72.778413918728));
#1123 = CARTESIAN_POINT('',(4.18339896235,72.7552676295));
#1124 = CARTESIAN_POINT('',(4.173000560061,72.655955786156));
#1125 = CARTESIAN_POINT('',(4.169020012723,72.600957007894));
#1126 = CARTESIAN_POINT('',(4.165203306458,72.530544615854));
#1127 = CARTESIAN_POINT('',(4.161601551133,72.445544111644));
#1128 = CARTESIAN_POINT('',(4.158262294649,72.347073540818));
#1129 = CARTESIAN_POINT('',(4.155228208622,72.236518113135));
#1130 = CARTESIAN_POINT('',(4.149572291143,71.982355177693));
#1131 = CARTESIAN_POINT('',(4.147021664337,71.836525829547));
#1132 = CARTESIAN_POINT('',(4.144930855867,71.68014535963));
#1133 = CARTESIAN_POINT('',(4.143336868561,71.515621985243));
#1134 = CARTESIAN_POINT('',(4.14226539569,71.345580261539));
#1135 = CARTESIAN_POINT('',(4.141729825349,71.172779348166));
#1136 = CARTESIAN_POINT('',(4.141729825349,70.832687414715));
#1137 = CARTESIAN_POINT('',(4.14223205042,70.665465238421));
#1138 = CARTESIAN_POINT('',(4.143235571615,70.499627319054));
#1139 = CARTESIAN_POINT('',(4.144749605788,70.336585024589));
#1140 = CARTESIAN_POINT('',(4.146790516273,70.178067338839));
#1141 = CARTESIAN_POINT('',(4.149378890054,70.026335788654));
#1142 = CARTESIAN_POINT('',(4.155866065249,69.73481818847));
#1143 = CARTESIAN_POINT('',(4.159917524549,69.592206946795));
#1144 = CARTESIAN_POINT('',(4.164684426647,69.465396362137));
#1145 = CARTESIAN_POINT('',(4.170096067226,69.362034925025));
#1146 = CARTESIAN_POINT('',(4.176030297414,69.288548241191));
#1147 = CARTESIAN_POINT('',(4.182326121697,69.25));
#1148 = CARTESIAN_POINT('',(4.188790204786,69.25));
#1149 = ( GEOMETRIC_REPRESENTATION_CONTEXT(2) 
PARAMETRIC_REPRESENTATION_CONTEXT() REPRESENTATION_CONTEXT('2D SPACE',''
  ) );
#1150 = ORIENTED_EDGE('',*,*,#966,.T.);
#1151 = ADVANCED_FACE('',(#1152),#622,.F.);
#1152 = FACE_BOUND('',#1153,.F.);
#1153 = EDGE_LOOP('',(#1154,#1155,#1178,#1340));
#1154 = ORIENTED_EDGE('',*,*,#512,.F.);
#1155 = ORIENTED_EDGE('',*,*,#1156,.F.);
#1156 = EDGE_CURVE('',#1157,#513,#1159,.T.);
#1157 = VERTEX_POINT('',#1158);
#1158 = CARTESIAN_POINT('',(-18.6,32.216145020781,68.25));
#1159 = SEAM_CURVE('',#1160,(#1164,#1171),.PCURVE_S1.);
#1160 = LINE('',#1161,#1162);
#1161 = CARTESIAN_POINT('',(-16.3,28.232428163373,68.25));
#1162 = VECTOR('',#1163,1.);
#1163 = DIRECTION('',(-0.5,0.866025403784,1.110223024625E-16));
#1164 = PCURVE('',#622,#1165);
#1165 = DEFINITIONAL_REPRESENTATION('',(#1166),#1170);
#1166 = LINE('',#1167,#1168);
#1167 = CARTESIAN_POINT('',(6.28318530718,-0.));
#1168 = VECTOR('',#1169,1.);
#1169 = DIRECTION('',(0.,1.));
#1170 = ( GEOMETRIC_REPRESENTATION_CONTEXT(2) 
PARAMETRIC_REPRESENTATION_CONTEXT() REPRESENTATION_CONTEXT('2D SPACE',''
  ) );
#1171 = PCURVE('',#622,#1172);
#1172 = DEFINITIONAL_REPRESENTATION('',(#1173),#1177);
#1173 = LINE('',#1174,#1175);
#1174 = CARTESIAN_POINT('',(0.,-0.));
#1175 = VECTOR('',#1176,1.);
#1176 = DIRECTION('',(0.,1.));
#1177 = ( GEOMETRIC_REPRESENTATION_CONTEXT(2) 
PARAMETRIC_REPRESENTATION_CONTEXT() REPRESENTATION_CONTEXT('2D SPACE',''
  ) );
#1178 = ORIENTED_EDGE('',*,*,#1179,.T.);
#1179 = EDGE_CURVE('',#1157,#1157,#1180,.T.);
#1180 = SURFACE_CURVE('',#1181,(#1232,#1286),.PCURVE_S1.);
#1181 = B_SPLINE_CURVE_WITH_KNOTS('',7,(#1182,#1183,#1184,#1185,#1186,
    #1187,#1188,#1189,#1190,#1191,#1192,#1193,#1194,#1195,#1196,#1197,
    #1198,#1199,#1200,#1201,#1202,#1203,#1204,#1205,#1206,#1207,#1208,
    #1209,#1210,#1211,#1212,#1213,#1214,#1215,#1216,#1217,#1218,#1219,
    #1220,#1221,#1222,#1223,#1224,#1225,#1226,#1227,#1228,#1229,#1230,
    #1231),.UNSPECIFIED.,.T.,.F.,(8,6,6,6,6,6,6,6,8),(0.,0.142510298476,
    0.27747945372,0.446118619849,0.592592311262,0.6875671361,
    0.792045768597,0.893218682452,1.),.UNSPECIFIED.);
#1182 = CARTESIAN_POINT('',(-18.6,32.216145020781,68.25));
#1183 = CARTESIAN_POINT('',(-18.80834305462,32.095858102108,68.25));
#1184 = CARTESIAN_POINT('',(-19.01027637672,31.977175931299,
    68.288583500702));
#1185 = CARTESIAN_POINT('',(-19.19966754757,31.863838454382,
    68.362084702705));
#1186 = CARTESIAN_POINT('',(-19.37160280674,31.759248155526,
    68.46542127368));
#1187 = CARTESIAN_POINT('',(-19.52252529817,31.666237499217,
    68.592181051699));
#1188 = CARTESIAN_POINT('',(-19.65048506536,31.586607982814,
    68.734759312478));
#1189 = CARTESIAN_POINT('',(-19.85500488151,31.458425977742,
    69.026332549157));
#1190 = CARTESIAN_POINT('',(-19.93636326542,31.406924739231,
    69.178063047168));
#1191 = CARTESIAN_POINT('',(-20.00038406257,31.366109991697,
    69.336582818789));
#1192 = CARTESIAN_POINT('',(-20.04781490265,31.335734498039,
    69.499629239057));
#1193 = CARTESIAN_POINT('',(-20.07923045318,31.315568860398,
    69.665470823139));
#1194 = CARTESIAN_POINT('',(-20.09495173995,31.30547738925,
    69.832693429647));
#1195 = CARTESIAN_POINT('',(-20.09495173995,31.30547738925,
    70.209043617865));
#1196 = CARTESIAN_POINT('',(-20.07040906559,31.321231219977,
    70.417973946951));
#1197 = CARTESIAN_POINT('',(-20.02136389871,31.352713700833,
    70.624293826761));
#1198 = CARTESIAN_POINT('',(-19.94700361762,31.400273179225,
    70.825153684973));
#1199 = CARTESIAN_POINT('',(-19.84597404193,31.464442927575,
    71.016787326705));
#1200 = CARTESIAN_POINT('',(-19.71662041533,31.545677854508,
    71.193894179963));
#1201 = CARTESIAN_POINT('',(-19.41963052862,31.72923396038,
    71.482594583614));
#1202 = CARTESIAN_POINT('',(-19.25431748039,31.830434891132,
    71.604544208033));
#1203 = CARTESIAN_POINT('',(-19.06474770561,31.944981149549,
    71.700207726865));
#1204 = CARTESIAN_POINT('',(-18.85741770236,32.068104826286,
    71.759902987431));
#1205 = CARTESIAN_POINT('',(-18.64131695642,32.193869428299,
    71.778413918922));
#1206 = CARTESIAN_POINT('',(-18.42640938789,32.316597961403,
    71.755267629415));
#1207 = CARTESIAN_POINT('',(-18.08917314788,32.506075843552,
    71.655955786142));
#1208 = CARTESIAN_POINT('',(-17.95972220917,32.577975704852,
    71.600957007896));
#1209 = CARTESIAN_POINT('',(-17.83526710151,32.646315999622,
    71.530544615891));
#1210 = CARTESIAN_POINT('',(-17.71752961834,32.710273231939,
    71.445544111634));
#1211 = CARTESIAN_POINT('',(-17.6081339796,32.769125500196,
    71.347073540762));
#1212 = CARTESIAN_POINT('',(-17.50855351546,32.822257559521,
    71.23651811318));
#1213 = CARTESIAN_POINT('',(-17.32264818343,32.920783811558,
    70.982355177675));
#1214 = CARTESIAN_POINT('',(-17.2386328283,32.964879300907,
    70.836525829562));
#1215 = CARTESIAN_POINT('',(-17.16964351177,33.000795518629,
    70.68014535965));
#1216 = CARTESIAN_POINT('',(-17.11698448045,33.028055237755,
    70.515621985229));
#1217 = CARTESIAN_POINT('',(-17.08156633088,33.046338403694,
    70.345580261512));
#1218 = CARTESIAN_POINT('',(-17.06386282671,33.05547738925,
    70.17277934819));
#1219 = CARTESIAN_POINT('',(-17.06386282671,33.05547738925,
    69.832687414715));
#1220 = CARTESIAN_POINT('',(-17.08046411409,33.04690748456,
    69.665465238422));
#1221 = CARTESIAN_POINT('',(-17.11363599671,33.029783562244,
    69.499627319053));
#1222 = CARTESIAN_POINT('',(-17.16365597936,33.003895698556,
    69.33658502459));
#1223 = CARTESIAN_POINT('',(-17.23101109805,32.968860426959,
    69.178067338838));
#1224 = CARTESIAN_POINT('',(-17.31629124953,32.924152864317,
    69.026335788654));
#1225 = CARTESIAN_POINT('',(-17.52951933546,32.811146077974,
    68.734818188471));
#1226 = CARTESIAN_POINT('',(-17.66246196432,32.740144028331,
    68.592206946795));
#1227 = CARTESIAN_POINT('',(-17.818517418,32.655923226982,
    68.465396362136));
#1228 = CARTESIAN_POINT('',(-17.99512591962,32.559283598207,
    68.362034925025));
#1229 = CARTESIAN_POINT('',(-18.18801826448,32.451908787863,
    68.288548241192));
#1230 = CARTESIAN_POINT('',(-18.39175216177,32.33637696624,68.25));
#1231 = CARTESIAN_POINT('',(-18.6,32.216145020781,68.25));
#1232 = PCURVE('',#622,#1233);
#1233 = DEFINITIONAL_REPRESENTATION('',(#1234),#1285);
#1234 = B_SPLINE_CURVE_WITH_KNOTS('',7,(#1235,#1236,#1237,#1238,#1239,
    #1240,#1241,#1242,#1243,#1244,#1245,#1246,#1247,#1248,#1249,#1250,
    #1251,#1252,#1253,#1254,#1255,#1256,#1257,#1258,#1259,#1260,#1261,
    #1262,#1263,#1264,#1265,#1266,#1267,#1268,#1269,#1270,#1271,#1272,
    #1273,#1274,#1275,#1276,#1277,#1278,#1279,#1280,#1281,#1282,#1283,
    #1284),.UNSPECIFIED.,.F.,.F.,(8,6,6,6,6,6,6,6,8),(0.,0.142510298476,
    0.27747945372,0.446118619849,0.592592311262,0.6875671361,
    0.792045768597,0.893218682452,1.),.UNSPECIFIED.);
#1235 = CARTESIAN_POINT('',(0.,4.6));
#1236 = CARTESIAN_POINT('',(0.137470764198,4.6));
#1237 = CARTESIAN_POINT('',(0.271310969913,4.59818488615));
#1238 = CARTESIAN_POINT('',(0.401660887783,4.594727337368));
#1239 = CARTESIAN_POINT('',(0.528351838158,4.590117111154));
#1240 = CARTESIAN_POINT('',(0.650946656454,4.585028765682));
#1241 = CARTESIAN_POINT('',(0.768589203049,4.580047465179));
#1242 = CARTESIAN_POINT('',(0.984825951301,4.571298500554));
#1243 = CARTESIAN_POINT('',(1.08667534581,4.567376311633));
#1244 = CARTESIAN_POINT('',(1.185998719105,4.564040101994));
#1245 = CARTESIAN_POINT('',(1.283442606047,4.561449572876));
#1246 = CARTESIAN_POINT('',(1.379636883467,4.559693393656));
#1247 = CARTESIAN_POINT('',(1.475192572308,4.558814566668));
#1248 = CARTESIAN_POINT('',(1.690249822718,4.558814566668));
#1249 = CARTESIAN_POINT('',(1.80963778737,4.560186447104));
#1250 = CARTESIAN_POINT('',(1.93032252462,4.562928491861));
#1251 = CARTESIAN_POINT('',(2.053430938594,4.566936067791));
#1252 = CARTESIAN_POINT('',(2.180217516871,4.571993912172));
#1253 = CARTESIAN_POINT('',(2.311934779491,4.577668609269));
#1254 = CARTESIAN_POINT('',(2.570744711158,4.588137916619));
#1255 = CARTESIAN_POINT('',(2.700479104623,4.593123969424));
#1256 = CARTESIAN_POINT('',(2.835660171536,4.597539051733));
#1257 = CARTESIAN_POINT('',(2.974131082421,4.600502281966));
#1258 = CARTESIAN_POINT('',(3.114224542255,4.601367249238));
#1259 = CARTESIAN_POINT('',(3.254486962645,4.60019949241));
#1260 = CARTESIAN_POINT('',(3.48268130289,4.595674031802));
#1261 = CARTESIAN_POINT('',(3.572443461763,4.593215668863));
#1262 = CARTESIAN_POINT('',(3.662197882695,4.590172546402));
#1263 = CARTESIAN_POINT('',(3.751954219964,4.586692392764));
#1264 = CARTESIAN_POINT('',(3.841718030336,4.582962132771));
#1265 = CARTESIAN_POINT('',(3.931483112365,4.579185613831));
#1266 = CARTESIAN_POINT('',(4.119975606825,4.571559185024));
#1267 = CARTESIAN_POINT('',(4.218715952792,4.567739321425));
#1268 = CARTESIAN_POINT('',(4.317445271166,4.564349020114));
#1269 = CARTESIAN_POINT('',(4.41617528775,4.561627113717));
#1270 = CARTESIAN_POINT('',(4.514914829878,4.559751725099));
#1271 = CARTESIAN_POINT('',(4.613657924276,4.558814566668));
#1272 = CARTESIAN_POINT('',(4.807996171976,4.558814566668));
#1273 = CARTESIAN_POINT('',(4.903551606006,4.559693455193));
#1274 = CARTESIAN_POINT('',(4.999743967957,4.561449644763));
#1275 = CARTESIAN_POINT('',(5.097185450034,4.564040088482));
#1276 = CARTESIAN_POINT('',(5.196507276835,4.567376212596));
#1277 = CARTESIAN_POINT('',(5.298356953401,4.571298403349));
#1278 = CARTESIAN_POINT('',(5.514552440475,4.580045698542));
#1279 = CARTESIAN_POINT('',(5.632210088418,4.585027434256));
#1280 = CARTESIAN_POINT('',(5.754842891019,4.590117807603));
#1281 = CARTESIAN_POINT('',(5.88157302369,4.594729684879));
#1282 = CARTESIAN_POINT('',(6.011946223616,4.598186543827));
#1283 = CARTESIAN_POINT('',(6.145777369512,4.6));
#1284 = CARTESIAN_POINT('',(6.28318530718,4.6));
#1285 = ( GEOMETRIC_REPRESENTATION_CONTEXT(2) 
PARAMETRIC_REPRESENTATION_CONTEXT() REPRESENTATION_CONTEXT('2D SPACE',''
  ) );
#1286 = PCURVE('',#805,#1287);
#1287 = DEFINITIONAL_REPRESENTATION('',(#1288),#1339);
#1288 = B_SPLINE_CURVE_WITH_KNOTS('',7,(#1289,#1290,#1291,#1292,#1293,
    #1294,#1295,#1296,#1297,#1298,#1299,#1300,#1301,#1302,#1303,#1304,
    #1305,#1306,#1307,#1308,#1309,#1310,#1311,#1312,#1313,#1314,#1315,
    #1316,#1317,#1318,#1319,#1320,#1321,#1322,#1323,#1324,#1325,#1326,
    #1327,#1328,#1329,#1330,#1331,#1332,#1333,#1334,#1335,#1336,#1337,
    #1338),.UNSPECIFIED.,.T.,.F.,(8,6,6,6,6,6,6,6,8),(0.,0.142510298476,
    0.27747945372,0.446118619849,0.592592311262,0.6875671361,
    0.792045768597,0.893218682452,1.),.UNSPECIFIED.);
#1289 = CARTESIAN_POINT('',(2.094395102393,69.25));
#1290 = CARTESIAN_POINT('',(2.100862141032,69.25));
#1291 = CARTESIAN_POINT('',(2.107158390865,69.288583500702));
#1292 = CARTESIAN_POINT('',(2.11309125687,69.362084702705));
#1293 = CARTESIAN_POINT('',(2.118500966988,69.46542127368));
#1294 = CARTESIAN_POINT('',(2.123266514541,69.592181051699));
#1295 = CARTESIAN_POINT('',(2.127317931756,69.734759312478));
#1296 = CARTESIAN_POINT('',(2.133806345037,70.026332549157));
#1297 = CARTESIAN_POINT('',(2.136394731915,70.178063047168));
#1298 = CARTESIAN_POINT('',(2.138435699719,70.336582818789));
#1299 = CARTESIAN_POINT('',(2.139949775672,70.499629239057));
#1300 = CARTESIAN_POINT('',(2.140953292272,70.665470823139));
#1301 = CARTESIAN_POINT('',(2.141455481831,70.832693429647));
#1302 = CARTESIAN_POINT('',(2.141455481831,71.209043617865));
#1303 = CARTESIAN_POINT('',(2.140671509229,71.417973946951));
#1304 = CARTESIAN_POINT('',(2.139104838821,71.624293826761));
#1305 = CARTESIAN_POINT('',(2.136732028837,71.825153684973));
#1306 = CARTESIAN_POINT('',(2.133514699217,72.016787326705));
#1307 = CARTESIAN_POINT('',(2.12940871777,72.193894179963));
#1308 = CARTESIAN_POINT('',(2.120023345648,72.482594583614));
#1309 = CARTESIAN_POINT('',(2.114812913725,72.604544208033));
#1310 = CARTESIAN_POINT('',(2.108859052261,72.700207726865));
#1311 = CARTESIAN_POINT('',(2.102377384889,72.759902987431));
#1312 = CARTESIAN_POINT('',(2.095656453654,72.778413918922));
#1313 = CARTESIAN_POINT('',(2.089003859947,72.755267629415));
#1314 = CARTESIAN_POINT('',(2.078605457666,72.655955786142));
#1315 = CARTESIAN_POINT('',(2.074624910331,72.600957007896));
#1316 = CARTESIAN_POINT('',(2.070808204065,72.530544615891));
#1317 = CARTESIAN_POINT('',(2.067206448739,72.445544111634));
#1318 = CARTESIAN_POINT('',(2.063867192255,72.347073540762));
#1319 = CARTESIAN_POINT('',(2.060833106229,72.23651811318));
#1320 = CARTESIAN_POINT('',(2.055177188749,71.982355177675));
#1321 = CARTESIAN_POINT('',(2.052626561944,71.836525829562));
#1322 = CARTESIAN_POINT('',(2.050535753473,71.68014535965));
#1323 = CARTESIAN_POINT('',(2.048941766168,71.515621985229));
#1324 = CARTESIAN_POINT('',(2.047870293297,71.345580261512));
#1325 = CARTESIAN_POINT('',(2.047334722956,71.17277934819));
#1326 = CARTESIAN_POINT('',(2.047334722956,70.832687414715));
#1327 = CARTESIAN_POINT('',(2.047836948027,70.665465238422));
#1328 = CARTESIAN_POINT('',(2.048840469222,70.499627319053));
#1329 = CARTESIAN_POINT('',(2.050354503395,70.33658502459));
#1330 = CARTESIAN_POINT('',(2.05239541388,70.178067338838));
#1331 = CARTESIAN_POINT('',(2.054983787661,70.026335788654));
#1332 = CARTESIAN_POINT('',(2.061470962856,69.734818188471));
#1333 = CARTESIAN_POINT('',(2.065522422156,69.592206946795));
#1334 = CARTESIAN_POINT('',(2.070289324254,69.465396362137));
#1335 = CARTESIAN_POINT('',(2.075700964833,69.362034925024));
#1336 = CARTESIAN_POINT('',(2.081635195021,69.288548241192));
#1337 = CARTESIAN_POINT('',(2.087931019304,69.25));
#1338 = CARTESIAN_POINT('',(2.094395102393,69.25));
#1339 = ( GEOMETRIC_REPRESENTATION_CONTEXT(2) 
PARAMETRIC_REPRESENTATION_CONTEXT() REPRESENTATION_CONTEXT('2D SPACE',''
  ) );
#1340 = ORIENTED_EDGE('',*,*,#1156,.T.);
#1341 = ADVANCED_FACE('',(#1342),#701,.T.);
#1342 = FACE_BOUND('',#1343,.T.);
#1343 = EDGE_LOOP('',(#1344,#1345,#1368,#1395));
#1344 = ORIENTED_EDGE('',*,*,#684,.F.);
#1345 = ORIENTED_EDGE('',*,*,#1346,.F.);
#1346 = EDGE_CURVE('',#1347,#685,#1349,.T.);
#1347 = VERTEX_POINT('',#1348);
#1348 = CARTESIAN_POINT('',(42.,-1.028703311284E-14,40.));
#1349 = SEAM_CURVE('',#1350,(#1354,#1361),.PCURVE_S1.);
#1350 = LINE('',#1351,#1352);
#1351 = CARTESIAN_POINT('',(42.,-1.028703311284E-14,40.));
#1352 = VECTOR('',#1353,1.);
#1353 = DIRECTION('',(0.,0.,1.));
#1354 = PCURVE('',#701,#1355);
#1355 = DEFINITIONAL_REPRESENTATION('',(#1356),#1360);
#1356 = LINE('',#1357,#1358);
#1357 = CARTESIAN_POINT('',(6.28318530718,-0.));
#1358 = VECTOR('',#1359,1.);
#1359 = DIRECTION('',(0.,1.));
#1360 = ( GEOMETRIC_REPRESENTATION_CONTEXT(2) 
PARAMETRIC_REPRESENTATION_CONTEXT() REPRESENTATION_CONTEXT('2D SPACE',''
  ) );
#1361 = PCURVE('',#701,#1362);
#1362 = DEFINITIONAL_REPRESENTATION('',(#1363),#1367);
#1363 = LINE('',#1364,#1365);
#1364 = CARTESIAN_POINT('',(0.,-0.));
#1365 = VECTOR('',#1366,1.);
#1366 = DIRECTION('',(0.,1.));
#1367 = ( GEOMETRIC_REPRESENTATION_CONTEXT(2) 
PARAMETRIC_REPRESENTATION_CONTEXT() REPRESENTATION_CONTEXT('2D SPACE',''
  ) );
#1368 = ORIENTED_EDGE('',*,*,#1369,.T.);
#1369 = EDGE_CURVE('',#1347,#1347,#1370,.T.);
#1370 = SURFACE_CURVE('',#1371,(#1376,#1383),.PCURVE_S1.);
#1371 = CIRCLE('',#1372,42.);
#1372 = AXIS2_PLACEMENT_3D('',#1373,#1374,#1375);
#1373 = CARTESIAN_POINT('',(0.,0.,40.));
#1374 = DIRECTION('',(0.,0.,1.));
#1375 = DIRECTION('',(1.,0.,-0.));
#1376 = PCURVE('',#701,#1377);
#1377 = DEFINITIONAL_REPRESENTATION('',(#1378),#1382);
#1378 = LINE('',#1379,#1380);
#1379 = CARTESIAN_POINT('',(0.,0.));
#1380 = VECTOR('',#1381,1.);
#1381 = DIRECTION('',(1.,0.));
#1382 = ( GEOMETRIC_REPRESENTATION_CONTEXT(2) 
PARAMETRIC_REPRESENTATION_CONTEXT() REPRESENTATION_CONTEXT('2D SPACE',''
  ) );
#1383 = PCURVE('',#1384,#1389);
#1384 = PLANE('',#1385);
#1385 = AXIS2_PLACEMENT_3D('',#1386,#1387,#1388);
#1386 = CARTESIAN_POINT('',(0.,0.,40.));
#1387 = DIRECTION('',(0.,0.,1.));
#1388 = DIRECTION('',(1.,0.,-0.));
#1389 = DEFINITIONAL_REPRESENTATION('',(#1390),#1394);
#1390 = CIRCLE('',#1391,42.);
#1391 = AXIS2_PLACEMENT_2D('',#1392,#1393);
#1392 = CARTESIAN_POINT('',(0.,0.));
#1393 = DIRECTION('',(1.,0.));
#1394 = ( GEOMETRIC_REPRESENTATION_CONTEXT(2) 
PARAMETRIC_REPRESENTATION_CONTEXT() REPRESENTATION_CONTEXT('2D SPACE',''
  ) );
#1395 = ORIENTED_EDGE('',*,*,#1346,.T.);
#1396 = ADVANCED_FACE('',(#1397,#1475,#1478),#805,.F.);
#1397 = FACE_BOUND('',#1398,.F.);
#1398 = EDGE_LOOP('',(#1399,#1420,#1421,#1422,#1423,#1446,#1473,#1474));
#1399 = ORIENTED_EDGE('',*,*,#1400,.T.);
#1400 = EDGE_CURVE('',#744,#939,#1401,.T.);
#1401 = SEAM_CURVE('',#1402,(#1406,#1413),.PCURVE_S1.);
#1402 = LINE('',#1403,#1404);
#1403 = CARTESIAN_POINT('',(37.2,-9.111372185656E-15,-1.));
#1404 = VECTOR('',#1405,1.);
#1405 = DIRECTION('',(0.,0.,1.));
#1406 = PCURVE('',#805,#1407);
#1407 = DEFINITIONAL_REPRESENTATION('',(#1408),#1412);
#1408 = LINE('',#1409,#1410);
#1409 = CARTESIAN_POINT('',(6.28318530718,-0.));
#1410 = VECTOR('',#1411,1.);
#1411 = DIRECTION('',(0.,1.));
#1412 = ( GEOMETRIC_REPRESENTATION_CONTEXT(2) 
PARAMETRIC_REPRESENTATION_CONTEXT() REPRESENTATION_CONTEXT('2D SPACE',''
  ) );
#1413 = PCURVE('',#805,#1414);
#1414 = DEFINITIONAL_REPRESENTATION('',(#1415),#1419);
#1415 = LINE('',#1416,#1417);
#1416 = CARTESIAN_POINT('',(0.,-0.));
#1417 = VECTOR('',#1418,1.);
#1418 = DIRECTION('',(0.,1.));
#1419 = ( GEOMETRIC_REPRESENTATION_CONTEXT(2) 
PARAMETRIC_REPRESENTATION_CONTEXT() REPRESENTATION_CONTEXT('2D SPACE',''
  ) );
#1420 = ORIENTED_EDGE('',*,*,#938,.F.);
#1421 = ORIENTED_EDGE('',*,*,#1400,.F.);
#1422 = ORIENTED_EDGE('',*,*,#743,.F.);
#1423 = ORIENTED_EDGE('',*,*,#1424,.F.);
#1424 = EDGE_CURVE('',#1425,#721,#1427,.T.);
#1425 = VERTEX_POINT('',#1426);
#1426 = CARTESIAN_POINT('',(37.2,-9.111372185656E-15,0.));
#1427 = SEAM_CURVE('',#1428,(#1432,#1439),.PCURVE_S1.);
#1428 = LINE('',#1429,#1430);
#1429 = CARTESIAN_POINT('',(37.2,-9.111372185656E-15,-1.));
#1430 = VECTOR('',#1431,1.);
#1431 = DIRECTION('',(0.,0.,1.));
#1432 = PCURVE('',#805,#1433);
#1433 = DEFINITIONAL_REPRESENTATION('',(#1434),#1438);
#1434 = LINE('',#1435,#1436);
#1435 = CARTESIAN_POINT('',(6.28318530718,-0.));
#1436 = VECTOR('',#1437,1.);
#1437 = DIRECTION('',(0.,1.));
#1438 = ( GEOMETRIC_REPRESENTATION_CONTEXT(2) 
PARAMETRIC_REPRESENTATION_CONTEXT() REPRESENTATION_CONTEXT('2D SPACE',''
  ) );
#1439 = PCURVE('',#805,#1440);
#1440 = DEFINITIONAL_REPRESENTATION('',(#1441),#1445);
#1441 = LINE('',#1442,#1443);
#1442 = CARTESIAN_POINT('',(0.,-0.));
#1443 = VECTOR('',#1444,1.);
#1444 = DIRECTION('',(0.,1.));
#1445 = ( GEOMETRIC_REPRESENTATION_CONTEXT(2) 
PARAMETRIC_REPRESENTATION_CONTEXT() REPRESENTATION_CONTEXT('2D SPACE',''
  ) );
#1446 = ORIENTED_EDGE('',*,*,#1447,.T.);
#1447 = EDGE_CURVE('',#1425,#1425,#1448,.T.);
#1448 = SURFACE_CURVE('',#1449,(#1454,#1461),.PCURVE_S1.);
#1449 = CIRCLE('',#1450,37.2);
#1450 = AXIS2_PLACEMENT_3D('',#1451,#1452,#1453);
#1451 = CARTESIAN_POINT('',(0.,0.,0.));
#1452 = DIRECTION('',(0.,0.,1.));
#1453 = DIRECTION('',(1.,0.,-0.));
#1454 = PCURVE('',#805,#1455);
#1455 = DEFINITIONAL_REPRESENTATION('',(#1456),#1460);
#1456 = LINE('',#1457,#1458);
#1457 = CARTESIAN_POINT('',(0.,1.));
#1458 = VECTOR('',#1459,1.);
#1459 = DIRECTION('',(1.,0.));
#1460 = ( GEOMETRIC_REPRESENTATION_CONTEXT(2) 
PARAMETRIC_REPRESENTATION_CONTEXT() REPRESENTATION_CONTEXT('2D SPACE',''
  ) );
#1461 = PCURVE('',#1462,#1467);
#1462 = PLANE('',#1463);
#1463 = AXIS2_PLACEMENT_3D('',#1464,#1465,#1466);
#1464 = CARTESIAN_POINT('',(0.,0.,0.));
#1465 = DIRECTION('',(0.,0.,1.));
#1466 = DIRECTION('',(1.,0.,-0.));
#1467 = DEFINITIONAL_REPRESENTATION('',(#1468),#1472);
#1468 = CIRCLE('',#1469,37.2);
#1469 = AXIS2_PLACEMENT_2D('',#1470,#1471);
#1470 = CARTESIAN_POINT('',(0.,0.));
#1471 = DIRECTION('',(1.,0.));
#1472 = ( GEOMETRIC_REPRESENTATION_CONTEXT(2) 
PARAMETRIC_REPRESENTATION_CONTEXT() REPRESENTATION_CONTEXT('2D SPACE',''
  ) );
#1473 = ORIENTED_EDGE('',*,*,#1424,.T.);
#1474 = ORIENTED_EDGE('',*,*,#840,.F.);
#1475 = FACE_BOUND('',#1476,.F.);
#1476 = EDGE_LOOP('',(#1477));
#1477 = ORIENTED_EDGE('',*,*,#1179,.F.);
#1478 = FACE_BOUND('',#1479,.F.);
#1479 = EDGE_LOOP('',(#1480));
#1480 = ORIENTED_EDGE('',*,*,#989,.F.);
#1481 = ADVANCED_FACE('',(#1482,#1485),#1384,.F.);
#1482 = FACE_BOUND('',#1483,.F.);
#1483 = EDGE_LOOP('',(#1484));
#1484 = ORIENTED_EDGE('',*,*,#1369,.T.);
#1485 = FACE_BOUND('',#1486,.F.);
#1486 = EDGE_LOOP('',(#1487));
#1487 = ORIENTED_EDGE('',*,*,#1488,.F.);
#1488 = EDGE_CURVE('',#1489,#1489,#1491,.T.);
#1489 = VERTEX_POINT('',#1490);
#1490 = CARTESIAN_POINT('',(39.6,-9.699202649247E-15,40.));
#1491 = SURFACE_CURVE('',#1492,(#1497,#1504),.PCURVE_S1.);
#1492 = CIRCLE('',#1493,39.6);
#1493 = AXIS2_PLACEMENT_3D('',#1494,#1495,#1496);
#1494 = CARTESIAN_POINT('',(0.,0.,40.));
#1495 = DIRECTION('',(0.,0.,1.));
#1496 = DIRECTION('',(1.,0.,-0.));
#1497 = PCURVE('',#1384,#1498);
#1498 = DEFINITIONAL_REPRESENTATION('',(#1499),#1503);
#1499 = CIRCLE('',#1500,39.6);
#1500 = AXIS2_PLACEMENT_2D('',#1501,#1502);
#1501 = CARTESIAN_POINT('',(0.,0.));
#1502 = DIRECTION('',(1.,0.));
#1503 = ( GEOMETRIC_REPRESENTATION_CONTEXT(2) 
PARAMETRIC_REPRESENTATION_CONTEXT() REPRESENTATION_CONTEXT('2D SPACE',''
  ) );
#1504 = PCURVE('',#1505,#1510);
#1505 = CYLINDRICAL_SURFACE('',#1506,39.6);
#1506 = AXIS2_PLACEMENT_3D('',#1507,#1508,#1509);
#1507 = CARTESIAN_POINT('',(0.,0.,0.));
#1508 = DIRECTION('',(0.,0.,1.));
#1509 = DIRECTION('',(1.,0.,-0.));
#1510 = DEFINITIONAL_REPRESENTATION('',(#1511),#1515);
#1511 = LINE('',#1512,#1513);
#1512 = CARTESIAN_POINT('',(0.,40.));
#1513 = VECTOR('',#1514,1.);
#1514 = DIRECTION('',(1.,0.));
#1515 = ( GEOMETRIC_REPRESENTATION_CONTEXT(2) 
PARAMETRIC_REPRESENTATION_CONTEXT() REPRESENTATION_CONTEXT('2D SPACE',''
  ) );
#1516 = ADVANCED_FACE('',(#1517,#1543),#1462,.F.);
#1517 = FACE_BOUND('',#1518,.F.);
#1518 = EDGE_LOOP('',(#1519));
#1519 = ORIENTED_EDGE('',*,*,#1520,.T.);
#1520 = EDGE_CURVE('',#1521,#1521,#1523,.T.);
#1521 = VERTEX_POINT('',#1522);
#1522 = CARTESIAN_POINT('',(39.6,-9.699202649247E-15,0.));
#1523 = SURFACE_CURVE('',#1524,(#1529,#1536),.PCURVE_S1.);
#1524 = CIRCLE('',#1525,39.6);
#1525 = AXIS2_PLACEMENT_3D('',#1526,#1527,#1528);
#1526 = CARTESIAN_POINT('',(0.,0.,0.));
#1527 = DIRECTION('',(0.,0.,1.));
#1528 = DIRECTION('',(1.,0.,-0.));
#1529 = PCURVE('',#1462,#1530);
#1530 = DEFINITIONAL_REPRESENTATION('',(#1531),#1535);
#1531 = CIRCLE('',#1532,39.6);
#1532 = AXIS2_PLACEMENT_2D('',#1533,#1534);
#1533 = CARTESIAN_POINT('',(0.,0.));
#1534 = DIRECTION('',(1.,0.));
#1535 = ( GEOMETRIC_REPRESENTATION_CONTEXT(2) 
PARAMETRIC_REPRESENTATION_CONTEXT() REPRESENTATION_CONTEXT('2D SPACE',''
  ) );
#1536 = PCURVE('',#1505,#1537);
#1537 = DEFINITIONAL_REPRESENTATION('',(#1538),#1542);
#1538 = LINE('',#1539,#1540);
#1539 = CARTESIAN_POINT('',(0.,0.));
#1540 = VECTOR('',#1541,1.);
#1541 = DIRECTION('',(1.,0.));
#1542 = ( GEOMETRIC_REPRESENTATION_CONTEXT(2) 
PARAMETRIC_REPRESENTATION_CONTEXT() REPRESENTATION_CONTEXT('2D SPACE',''
  ) );
#1543 = FACE_BOUND('',#1544,.F.);
#1544 = EDGE_LOOP('',(#1545));
#1545 = ORIENTED_EDGE('',*,*,#1447,.F.);
#1546 = ADVANCED_FACE('',(#1547),#1505,.T.);
#1547 = FACE_BOUND('',#1548,.T.);
#1548 = EDGE_LOOP('',(#1549,#1550,#1571,#1572));
#1549 = ORIENTED_EDGE('',*,*,#1488,.F.);
#1550 = ORIENTED_EDGE('',*,*,#1551,.F.);
#1551 = EDGE_CURVE('',#1521,#1489,#1552,.T.);
#1552 = SEAM_CURVE('',#1553,(#1557,#1564),.PCURVE_S1.);
#1553 = LINE('',#1554,#1555);
#1554 = CARTESIAN_POINT('',(39.6,-9.699202649247E-15,0.));
#1555 = VECTOR('',#1556,1.);
#1556 = DIRECTION('',(0.,0.,1.));
#1557 = PCURVE('',#1505,#1558);
#1558 = DEFINITIONAL_REPRESENTATION('',(#1559),#1563);
#1559 = LINE('',#1560,#1561);
#1560 = CARTESIAN_POINT('',(6.28318530718,-0.));
#1561 = VECTOR('',#1562,1.);
#1562 = DIRECTION('',(0.,1.));
#1563 = ( GEOMETRIC_REPRESENTATION_CONTEXT(2) 
PARAMETRIC_REPRESENTATION_CONTEXT() REPRESENTATION_CONTEXT('2D SPACE',''
  ) );
#1564 = PCURVE('',#1505,#1565);
#1565 = DEFINITIONAL_REPRESENTATION('',(#1566),#1570);
#1566 = LINE('',#1567,#1568);
#1567 = CARTESIAN_POINT('',(0.,-0.));
#1568 = VECTOR('',#1569,1.);
#1569 = DIRECTION('',(0.,1.));
#1570 = ( GEOMETRIC_REPRESENTATION_CONTEXT(2) 
PARAMETRIC_REPRESENTATION_CONTEXT() REPRESENTATION_CONTEXT('2D SPACE',''
  ) );
#1571 = ORIENTED_EDGE('',*,*,#1520,.T.);
#1572 = ORIENTED_EDGE('',*,*,#1551,.T.);
#1573 = ( GEOMETRIC_REPRESENTATION_CONTEXT(3) 
GLOBAL_UNCERTAINTY_ASSIGNED_CONTEXT((#1577)) 
GLOBAL_UNIT_ASSIGNED_CONTEXT((#1574,#1575,#1576)) REPRESENTATION_CONTEXT
('Context #1','3D Context with UNIT and UNCERTAINTY') );
#1574 = ( LENGTH_UNIT() NAMED_UNIT(*) SI_UNIT(.MILLI.,.METRE.) );
#1575 = ( NAMED_UNIT(*) PLANE_ANGLE_UNIT() SI_UNIT($,.RADIAN.) );
#1576 = ( NAMED_UNIT(*) SI_UNIT($,.STERADIAN.) SOLID_ANGLE_UNIT() );
#1577 = UNCERTAINTY_MEASURE_WITH_UNIT(LENGTH_MEASURE(1.E-07),#1574,
  'distance_accuracy_value','confusion accuracy');
#1578 = CONTEXT_DEPENDENT_SHAPE_REPRESENTATION(#1579,#1581);
#1579 = ( REPRESENTATION_RELATIONSHIP('','',#36,#10) 
REPRESENTATION_RELATIONSHIP_WITH_TRANSFORMATION(#1580) 
SHAPE_REPRESENTATION_RELATIONSHIP() );
#1580 = ITEM_DEFINED_TRANSFORMATION('','',#11,#15);
#1581 = PRODUCT_DEFINITION_SHAPE('Placement','Placement of an item',
  #1582);
#1582 = NEXT_ASSEMBLY_USAGE_OCCURRENCE('11','','',#5,#31,$);
#1583 = PRODUCT_RELATED_PRODUCT_CATEGORY('part',$,(#33));
#1584 = SHAPE_DEFINITION_REPRESENTATION(#1585,#1591);
#1585 = PRODUCT_DEFINITION_SHAPE('','',#1586);
#1586 = PRODUCT_DEFINITION('design','',#1587,#1590);
#1587 = PRODUCT_DEFINITION_FORMATION('','',#1588);
#1588 = PRODUCT('Open CASCADE STEP translator 7.9 8.2',
  'Open CASCADE STEP translator 7.9 8.2','',(#1589));
#1589 = PRODUCT_CONTEXT('',#2,'mechanical');
#1590 = PRODUCT_DEFINITION_CONTEXT('part definition',#2,'design');
#1591 = ADVANCED_BREP_SHAPE_REPRESENTATION('',(#11,#1592),#1774);
#1592 = MANIFOLD_SOLID_BREP('',#1593);
#1593 = CLOSED_SHELL('',(#1594,#1682,#1717,#1747));
#1594 = ADVANCED_FACE('',(#1595),#1608,.T.);
#1595 = FACE_BOUND('',#1596,.T.);
#1596 = EDGE_LOOP('',(#1597,#1631,#1654,#1681));
#1597 = ORIENTED_EDGE('',*,*,#1598,.F.);
#1598 = EDGE_CURVE('',#1599,#1599,#1601,.T.);
#1599 = VERTEX_POINT('',#1600);
#1600 = CARTESIAN_POINT('',(7.,-1.714505518806E-15,20.));
#1601 = SURFACE_CURVE('',#1602,(#1607,#1619),.PCURVE_S1.);
#1602 = CIRCLE('',#1603,7.);
#1603 = AXIS2_PLACEMENT_3D('',#1604,#1605,#1606);
#1604 = CARTESIAN_POINT('',(0.,0.,20.));
#1605 = DIRECTION('',(0.,0.,1.));
#1606 = DIRECTION('',(1.,0.,-0.));
#1607 = PCURVE('',#1608,#1613);
#1608 = CYLINDRICAL_SURFACE('',#1609,7.);
#1609 = AXIS2_PLACEMENT_3D('',#1610,#1611,#1612);
#1610 = CARTESIAN_POINT('',(0.,0.,4.));
#1611 = DIRECTION('',(0.,0.,1.));
#1612 = DIRECTION('',(1.,0.,-0.));
#1613 = DEFINITIONAL_REPRESENTATION('',(#1614),#1618);
#1614 = LINE('',#1615,#1616);
#1615 = CARTESIAN_POINT('',(0.,16.));
#1616 = VECTOR('',#1617,1.);
#1617 = DIRECTION('',(1.,0.));
#1618 = ( GEOMETRIC_REPRESENTATION_CONTEXT(2) 
PARAMETRIC_REPRESENTATION_CONTEXT() REPRESENTATION_CONTEXT('2D SPACE',''
  ) );
#1619 = PCURVE('',#1620,#1625);
#1620 = PLANE('',#1621);
#1621 = AXIS2_PLACEMENT_3D('',#1622,#1623,#1624);
#1622 = CARTESIAN_POINT('',(0.,0.,20.));
#1623 = DIRECTION('',(0.,0.,1.));
#1624 = DIRECTION('',(1.,0.,-0.));
#1625 = DEFINITIONAL_REPRESENTATION('',(#1626),#1630);
#1626 = CIRCLE('',#1627,7.);
#1627 = AXIS2_PLACEMENT_2D('',#1628,#1629);
#1628 = CARTESIAN_POINT('',(0.,0.));
#1629 = DIRECTION('',(1.,0.));
#1630 = ( GEOMETRIC_REPRESENTATION_CONTEXT(2) 
PARAMETRIC_REPRESENTATION_CONTEXT() REPRESENTATION_CONTEXT('2D SPACE',''
  ) );
#1631 = ORIENTED_EDGE('',*,*,#1632,.F.);
#1632 = EDGE_CURVE('',#1633,#1599,#1635,.T.);
#1633 = VERTEX_POINT('',#1634);
#1634 = CARTESIAN_POINT('',(7.,-1.714505518806E-15,4.));
#1635 = SEAM_CURVE('',#1636,(#1640,#1647),.PCURVE_S1.);
#1636 = LINE('',#1637,#1638);
#1637 = CARTESIAN_POINT('',(7.,-1.714505518806E-15,4.));
#1638 = VECTOR('',#1639,1.);
#1639 = DIRECTION('',(0.,0.,1.));
#1640 = PCURVE('',#1608,#1641);
#1641 = DEFINITIONAL_REPRESENTATION('',(#1642),#1646);
#1642 = LINE('',#1643,#1644);
#1643 = CARTESIAN_POINT('',(6.28318530718,-0.));
#1644 = VECTOR('',#1645,1.);
#1645 = DIRECTION('',(0.,1.));
#1646 = ( GEOMETRIC_REPRESENTATION_CONTEXT(2) 
PARAMETRIC_REPRESENTATION_CONTEXT() REPRESENTATION_CONTEXT('2D SPACE',''
  ) );
#1647 = PCURVE('',#1608,#1648);
#1648 = DEFINITIONAL_REPRESENTATION('',(#1649),#1653);
#1649 = LINE('',#1650,#1651);
#1650 = CARTESIAN_POINT('',(0.,-0.));
#1651 = VECTOR('',#1652,1.);
#1652 = DIRECTION('',(0.,1.));
#1653 = ( GEOMETRIC_REPRESENTATION_CONTEXT(2) 
PARAMETRIC_REPRESENTATION_CONTEXT() REPRESENTATION_CONTEXT('2D SPACE',''
  ) );
#1654 = ORIENTED_EDGE('',*,*,#1655,.T.);
#1655 = EDGE_CURVE('',#1633,#1633,#1656,.T.);
#1656 = SURFACE_CURVE('',#1657,(#1662,#1669),.PCURVE_S1.);
#1657 = CIRCLE('',#1658,7.);
#1658 = AXIS2_PLACEMENT_3D('',#1659,#1660,#1661);
#1659 = CARTESIAN_POINT('',(0.,0.,4.));
#1660 = DIRECTION('',(0.,0.,1.));
#1661 = DIRECTION('',(1.,0.,-0.));
#1662 = PCURVE('',#1608,#1663);
#1663 = DEFINITIONAL_REPRESENTATION('',(#1664),#1668);
#1664 = LINE('',#1665,#1666);
#1665 = CARTESIAN_POINT('',(0.,0.));
#1666 = VECTOR('',#1667,1.);
#1667 = DIRECTION('',(1.,0.));
#1668 = ( GEOMETRIC_REPRESENTATION_CONTEXT(2) 
PARAMETRIC_REPRESENTATION_CONTEXT() REPRESENTATION_CONTEXT('2D SPACE',''
  ) );
#1669 = PCURVE('',#1670,#1675);
#1670 = PLANE('',#1671);
#1671 = AXIS2_PLACEMENT_3D('',#1672,#1673,#1674);
#1672 = CARTESIAN_POINT('',(0.,0.,4.));
#1673 = DIRECTION('',(0.,0.,1.));
#1674 = DIRECTION('',(1.,0.,-0.));
#1675 = DEFINITIONAL_REPRESENTATION('',(#1676),#1680);
#1676 = CIRCLE('',#1677,7.);
#1677 = AXIS2_PLACEMENT_2D('',#1678,#1679);
#1678 = CARTESIAN_POINT('',(0.,0.));
#1679 = DIRECTION('',(1.,0.));
#1680 = ( GEOMETRIC_REPRESENTATION_CONTEXT(2) 
PARAMETRIC_REPRESENTATION_CONTEXT() REPRESENTATION_CONTEXT('2D SPACE',''
  ) );
#1681 = ORIENTED_EDGE('',*,*,#1632,.T.);
#1682 = ADVANCED_FACE('',(#1683,#1686),#1620,.T.);
#1683 = FACE_BOUND('',#1684,.T.);
#1684 = EDGE_LOOP('',(#1685));
#1685 = ORIENTED_EDGE('',*,*,#1598,.T.);
#1686 = FACE_BOUND('',#1687,.T.);
#1687 = EDGE_LOOP('',(#1688));
#1688 = ORIENTED_EDGE('',*,*,#1689,.F.);
#1689 = EDGE_CURVE('',#1690,#1690,#1692,.T.);
#1690 = VERTEX_POINT('',#1691);
#1691 = CARTESIAN_POINT('',(5.2,-1.273632671113E-15,20.));
#1692 = SURFACE_CURVE('',#1693,(#1698,#1705),.PCURVE_S1.);
#1693 = CIRCLE('',#1694,5.2);
#1694 = AXIS2_PLACEMENT_3D('',#1695,#1696,#1697);
#1695 = CARTESIAN_POINT('',(0.,0.,20.));
#1696 = DIRECTION('',(0.,0.,1.));
#1697 = DIRECTION('',(1.,0.,-0.));
#1698 = PCURVE('',#1620,#1699);
#1699 = DEFINITIONAL_REPRESENTATION('',(#1700),#1704);
#1700 = CIRCLE('',#1701,5.2);
#1701 = AXIS2_PLACEMENT_2D('',#1702,#1703);
#1702 = CARTESIAN_POINT('',(0.,0.));
#1703 = DIRECTION('',(1.,0.));
#1704 = ( GEOMETRIC_REPRESENTATION_CONTEXT(2) 
PARAMETRIC_REPRESENTATION_CONTEXT() REPRESENTATION_CONTEXT('2D SPACE',''
  ) );
#1705 = PCURVE('',#1706,#1711);
#1706 = CYLINDRICAL_SURFACE('',#1707,5.2);
#1707 = AXIS2_PLACEMENT_3D('',#1708,#1709,#1710);
#1708 = CARTESIAN_POINT('',(0.,0.,3.5));
#1709 = DIRECTION('',(0.,0.,1.));
#1710 = DIRECTION('',(1.,0.,-0.));
#1711 = DEFINITIONAL_REPRESENTATION('',(#1712),#1716);
#1712 = LINE('',#1713,#1714);
#1713 = CARTESIAN_POINT('',(0.,16.5));
#1714 = VECTOR('',#1715,1.);
#1715 = DIRECTION('',(1.,0.));
#1716 = ( GEOMETRIC_REPRESENTATION_CONTEXT(2) 
PARAMETRIC_REPRESENTATION_CONTEXT() REPRESENTATION_CONTEXT('2D SPACE',''
  ) );
#1717 = ADVANCED_FACE('',(#1718,#1721),#1670,.F.);
#1718 = FACE_BOUND('',#1719,.F.);
#1719 = EDGE_LOOP('',(#1720));
#1720 = ORIENTED_EDGE('',*,*,#1655,.T.);
#1721 = FACE_BOUND('',#1722,.F.);
#1722 = EDGE_LOOP('',(#1723));
#1723 = ORIENTED_EDGE('',*,*,#1724,.F.);
#1724 = EDGE_CURVE('',#1725,#1725,#1727,.T.);
#1725 = VERTEX_POINT('',#1726);
#1726 = CARTESIAN_POINT('',(5.2,-1.273632671113E-15,4.));
#1727 = SURFACE_CURVE('',#1728,(#1733,#1740),.PCURVE_S1.);
#1728 = CIRCLE('',#1729,5.2);
#1729 = AXIS2_PLACEMENT_3D('',#1730,#1731,#1732);
#1730 = CARTESIAN_POINT('',(0.,0.,4.));
#1731 = DIRECTION('',(0.,0.,1.));
#1732 = DIRECTION('',(1.,0.,-0.));
#1733 = PCURVE('',#1670,#1734);
#1734 = DEFINITIONAL_REPRESENTATION('',(#1735),#1739);
#1735 = CIRCLE('',#1736,5.2);
#1736 = AXIS2_PLACEMENT_2D('',#1737,#1738);
#1737 = CARTESIAN_POINT('',(0.,0.));
#1738 = DIRECTION('',(1.,0.));
#1739 = ( GEOMETRIC_REPRESENTATION_CONTEXT(2) 
PARAMETRIC_REPRESENTATION_CONTEXT() REPRESENTATION_CONTEXT('2D SPACE',''
  ) );
#1740 = PCURVE('',#1706,#1741);
#1741 = DEFINITIONAL_REPRESENTATION('',(#1742),#1746);
#1742 = LINE('',#1743,#1744);
#1743 = CARTESIAN_POINT('',(0.,0.5));
#1744 = VECTOR('',#1745,1.);
#1745 = DIRECTION('',(1.,0.));
#1746 = ( GEOMETRIC_REPRESENTATION_CONTEXT(2) 
PARAMETRIC_REPRESENTATION_CONTEXT() REPRESENTATION_CONTEXT('2D SPACE',''
  ) );
#1747 = ADVANCED_FACE('',(#1748),#1706,.F.);
#1748 = FACE_BOUND('',#1749,.F.);
#1749 = EDGE_LOOP('',(#1750,#1751,#1772,#1773));
#1750 = ORIENTED_EDGE('',*,*,#1689,.F.);
#1751 = ORIENTED_EDGE('',*,*,#1752,.F.);
#1752 = EDGE_CURVE('',#1725,#1690,#1753,.T.);
#1753 = SEAM_CURVE('',#1754,(#1758,#1765),.PCURVE_S1.);
#1754 = LINE('',#1755,#1756);
#1755 = CARTESIAN_POINT('',(5.2,-1.273632671113E-15,3.5));
#1756 = VECTOR('',#1757,1.);
#1757 = DIRECTION('',(0.,0.,1.));
#1758 = PCURVE('',#1706,#1759);
#1759 = DEFINITIONAL_REPRESENTATION('',(#1760),#1764);
#1760 = LINE('',#1761,#1762);
#1761 = CARTESIAN_POINT('',(6.28318530718,-0.));
#1762 = VECTOR('',#1763,1.);
#1763 = DIRECTION('',(0.,1.));
#1764 = ( GEOMETRIC_REPRESENTATION_CONTEXT(2) 
PARAMETRIC_REPRESENTATION_CONTEXT() REPRESENTATION_CONTEXT('2D SPACE',''
  ) );
#1765 = PCURVE('',#1706,#1766);
#1766 = DEFINITIONAL_REPRESENTATION('',(#1767),#1771);
#1767 = LINE('',#1768,#1769);
#1768 = CARTESIAN_POINT('',(0.,-0.));
#1769 = VECTOR('',#1770,1.);
#1770 = DIRECTION('',(0.,1.));
#1771 = ( GEOMETRIC_REPRESENTATION_CONTEXT(2) 
PARAMETRIC_REPRESENTATION_CONTEXT() REPRESENTATION_CONTEXT('2D SPACE',''
  ) );
#1772 = ORIENTED_EDGE('',*,*,#1724,.T.);
#1773 = ORIENTED_EDGE('',*,*,#1752,.T.);
#1774 = ( GEOMETRIC_REPRESENTATION_CONTEXT(3) 
GLOBAL_UNCERTAINTY_ASSIGNED_CONTEXT((#1778)) 
GLOBAL_UNIT_ASSIGNED_CONTEXT((#1775,#1776,#1777)) REPRESENTATION_CONTEXT
('Context #1','3D Context with UNIT and UNCERTAINTY') );
#1775 = ( LENGTH_UNIT() NAMED_UNIT(*) SI_UNIT(.MILLI.,.METRE.) );
#1776 = ( NAMED_UNIT(*) PLANE_ANGLE_UNIT() SI_UNIT($,.RADIAN.) );
#1777 = ( NAMED_UNIT(*) SI_UNIT($,.STERADIAN.) SOLID_ANGLE_UNIT() );
#1778 = UNCERTAINTY_MEASURE_WITH_UNIT(LENGTH_MEASURE(1.E-07),#1775,
  'distance_accuracy_value','confusion accuracy');
#1779 = CONTEXT_DEPENDENT_SHAPE_REPRESENTATION(#1780,#1782);
#1780 = ( REPRESENTATION_RELATIONSHIP('','',#1591,#10) 
REPRESENTATION_RELATIONSHIP_WITH_TRANSFORMATION(#1781) 
SHAPE_REPRESENTATION_RELATIONSHIP() );
#1781 = ITEM_DEFINED_TRANSFORMATION('','',#11,#19);
#1782 = PRODUCT_DEFINITION_SHAPE('Placement','Placement of an item',
  #1783);
#1783 = NEXT_ASSEMBLY_USAGE_OCCURRENCE('12','','',#5,#1586,$);
#1784 = PRODUCT_RELATED_PRODUCT_CATEGORY('part',$,(#1588));
ENDSEC;
END-ISO-10303-21;
