ISO-10303-21;
HEADER;
FILE_DESCRIPTION(('Open CASCADE Model'),'2;1');
FILE_NAME('Open CASCADE Shape Model','2026-06-21T02:31:41',('Author'),(
    'Open CASCADE'),'Open CASCADE STEP processor 7.9','Open CASCADE 7.9'
  ,'Unknown');
FILE_SCHEMA(('AUTOMOTIVE_DESIGN { 1 0 10303 214 1 1 1 1 }'));
ENDSEC;
DATA;
#1 = APPLICATION_PROTOCOL_DEFINITION('international standard',
  'automotive_design',2000,#2);
#2 = APPLICATION_CONTEXT(
  'core data for automotive mechanical design processes');
#3 = SHAPE_DEFINITION_REPRESENTATION(#4,#10);
#4 = PRODUCT_DEFINITION_SHAPE('','',#5);
#5 = PRODUCT_DEFINITION('design','',#6,#9);
#6 = PRODUCT_DEFINITION_FORMATION('','',#7);
#7 = PRODUCT('Open CASCADE STEP translator 7.9 10',
  'Open CASCADE STEP translator 7.9 10','',(#8));
#8 = PRODUCT_CONTEXT('',#2,'mechanical');
#9 = PRODUCT_DEFINITION_CONTEXT('part definition',#2,'design');
#10 = ADVANCED_BREP_SHAPE_REPRESENTATION('',(#11,#15),#2533);
#11 = AXIS2_PLACEMENT_3D('',#12,#13,#14);
#12 = CARTESIAN_POINT('',(0.,0.,0.));
#13 = DIRECTION('',(0.,0.,1.));
#14 = DIRECTION('',(1.,0.,-0.));
#15 = BREP_WITH_VOIDS('',#16,(#2169,#2351));
#16 = CLOSED_SHELL('',(#17,#105,#140,#175,#954,#1009,#1225,#1255,#1445,
    #1659,#1849,#1884,#1972,#2027,#2062,#2097,#2132,#2162));
#17 = ADVANCED_FACE('',(#18),#32,.T.);
#18 = FACE_BOUND('',#19,.T.);
#19 = EDGE_LOOP('',(#20,#50,#77,#78));
#20 = ORIENTED_EDGE('',*,*,#21,.T.);
#21 = EDGE_CURVE('',#22,#24,#26,.T.);
#22 = VERTEX_POINT('',#23);
#23 = CARTESIAN_POINT('',(16.5,-4.041334437186E-15,136.));
#24 = VERTEX_POINT('',#25);
#25 = CARTESIAN_POINT('',(16.5,-4.041334437186E-15,146.));
#26 = SEAM_CURVE('',#27,(#31,#43),.PCURVE_S1.);
#27 = LINE('',#28,#29);
#28 = CARTESIAN_POINT('',(16.5,-4.041334437186E-15,0.));
#29 = VECTOR('',#30,1.);
#30 = DIRECTION('',(0.,0.,1.));
#31 = PCURVE('',#32,#37);
#32 = CYLINDRICAL_SURFACE('',#33,16.5);
#33 = AXIS2_PLACEMENT_3D('',#34,#35,#36);
#34 = CARTESIAN_POINT('',(0.,0.,0.));
#35 = DIRECTION('',(0.,0.,1.));
#36 = DIRECTION('',(1.,0.,-0.));
#37 = DEFINITIONAL_REPRESENTATION('',(#38),#42);
#38 = LINE('',#39,#40);
#39 = CARTESIAN_POINT('',(6.28318530718,-0.));
#40 = VECTOR('',#41,1.);
#41 = DIRECTION('',(0.,1.));
#42 = ( GEOMETRIC_REPRESENTATION_CONTEXT(2) 
PARAMETRIC_REPRESENTATION_CONTEXT() REPRESENTATION_CONTEXT('2D SPACE',''
  ) );
#43 = PCURVE('',#32,#44);
#44 = DEFINITIONAL_REPRESENTATION('',(#45),#49);
#45 = LINE('',#46,#47);
#46 = CARTESIAN_POINT('',(0.,-0.));
#47 = VECTOR('',#48,1.);
#48 = DIRECTION('',(0.,1.));
#49 = ( GEOMETRIC_REPRESENTATION_CONTEXT(2) 
PARAMETRIC_REPRESENTATION_CONTEXT() REPRESENTATION_CONTEXT('2D SPACE',''
  ) );
#50 = ORIENTED_EDGE('',*,*,#51,.F.);
#51 = EDGE_CURVE('',#24,#24,#52,.T.);
#52 = SURFACE_CURVE('',#53,(#58,#65),.PCURVE_S1.);
#53 = CIRCLE('',#54,16.5);
#54 = AXIS2_PLACEMENT_3D('',#55,#56,#57);
#55 = CARTESIAN_POINT('',(0.,0.,146.));
#56 = DIRECTION('',(0.,0.,1.));
#57 = DIRECTION('',(1.,0.,-0.));
#58 = PCURVE('',#32,#59);
#59 = DEFINITIONAL_REPRESENTATION('',(#60),#64);
#60 = LINE('',#61,#62);
#61 = CARTESIAN_POINT('',(0.,146.));
#62 = VECTOR('',#63,1.);
#63 = DIRECTION('',(1.,0.));
#64 = ( GEOMETRIC_REPRESENTATION_CONTEXT(2) 
PARAMETRIC_REPRESENTATION_CONTEXT() REPRESENTATION_CONTEXT('2D SPACE',''
  ) );
#65 = PCURVE('',#66,#71);
#66 = PLANE('',#67);
#67 = AXIS2_PLACEMENT_3D('',#68,#69,#70);
#68 = CARTESIAN_POINT('',(0.,0.,146.));
#69 = DIRECTION('',(0.,0.,1.));
#70 = DIRECTION('',(1.,0.,-0.));
#71 = DEFINITIONAL_REPRESENTATION('',(#72),#76);
#72 = CIRCLE('',#73,16.5);
#73 = AXIS2_PLACEMENT_2D('',#74,#75);
#74 = CARTESIAN_POINT('',(0.,0.));
#75 = DIRECTION('',(1.,0.));
#76 = ( GEOMETRIC_REPRESENTATION_CONTEXT(2) 
PARAMETRIC_REPRESENTATION_CONTEXT() REPRESENTATION_CONTEXT('2D SPACE',''
  ) );
#77 = ORIENTED_EDGE('',*,*,#21,.F.);
#78 = ORIENTED_EDGE('',*,*,#79,.T.);
#79 = EDGE_CURVE('',#22,#22,#80,.T.);
#80 = SURFACE_CURVE('',#81,(#86,#93),.PCURVE_S1.);
#81 = CIRCLE('',#82,16.5);
#82 = AXIS2_PLACEMENT_3D('',#83,#84,#85);
#83 = CARTESIAN_POINT('',(0.,0.,136.));
#84 = DIRECTION('',(0.,0.,1.));
#85 = DIRECTION('',(1.,0.,-0.));
#86 = PCURVE('',#32,#87);
#87 = DEFINITIONAL_REPRESENTATION('',(#88),#92);
#88 = LINE('',#89,#90);
#89 = CARTESIAN_POINT('',(0.,136.));
#90 = VECTOR('',#91,1.);
#91 = DIRECTION('',(1.,0.));
#92 = ( GEOMETRIC_REPRESENTATION_CONTEXT(2) 
PARAMETRIC_REPRESENTATION_CONTEXT() REPRESENTATION_CONTEXT('2D SPACE',''
  ) );
#93 = PCURVE('',#94,#99);
#94 = PLANE('',#95);
#95 = AXIS2_PLACEMENT_3D('',#96,#97,#98);
#96 = CARTESIAN_POINT('',(0.,0.,136.));
#97 = DIRECTION('',(0.,0.,1.));
#98 = DIRECTION('',(1.,0.,-0.));
#99 = DEFINITIONAL_REPRESENTATION('',(#100),#104);
#100 = CIRCLE('',#101,16.5);
#101 = AXIS2_PLACEMENT_2D('',#102,#103);
#102 = CARTESIAN_POINT('',(0.,0.));
#103 = DIRECTION('',(1.,0.));
#104 = ( GEOMETRIC_REPRESENTATION_CONTEXT(2) 
PARAMETRIC_REPRESENTATION_CONTEXT() REPRESENTATION_CONTEXT('2D SPACE',''
  ) );
#105 = ADVANCED_FACE('',(#106,#137),#94,.T.);
#106 = FACE_BOUND('',#107,.T.);
#107 = EDGE_LOOP('',(#108));
#108 = ORIENTED_EDGE('',*,*,#109,.T.);
#109 = EDGE_CURVE('',#110,#110,#112,.T.);
#110 = VERTEX_POINT('',#111);
#111 = CARTESIAN_POINT('',(40.,-9.797174393179E-15,136.));
#112 = SURFACE_CURVE('',#113,(#118,#125),.PCURVE_S1.);
#113 = CIRCLE('',#114,40.);
#114 = AXIS2_PLACEMENT_3D('',#115,#116,#117);
#115 = CARTESIAN_POINT('',(0.,0.,136.));
#116 = DIRECTION('',(0.,0.,1.));
#117 = DIRECTION('',(1.,0.,-0.));
#118 = PCURVE('',#94,#119);
#119 = DEFINITIONAL_REPRESENTATION('',(#120),#124);
#120 = CIRCLE('',#121,40.);
#121 = AXIS2_PLACEMENT_2D('',#122,#123);
#122 = CARTESIAN_POINT('',(0.,0.));
#123 = DIRECTION('',(1.,0.));
#124 = ( GEOMETRIC_REPRESENTATION_CONTEXT(2) 
PARAMETRIC_REPRESENTATION_CONTEXT() REPRESENTATION_CONTEXT('2D SPACE',''
  ) );
#125 = PCURVE('',#126,#131);
#126 = CYLINDRICAL_SURFACE('',#127,40.);
#127 = AXIS2_PLACEMENT_3D('',#128,#129,#130);
#128 = CARTESIAN_POINT('',(0.,0.,-1.));
#129 = DIRECTION('',(0.,0.,1.));
#130 = DIRECTION('',(1.,0.,-0.));
#131 = DEFINITIONAL_REPRESENTATION('',(#132),#136);
#132 = LINE('',#133,#134);
#133 = CARTESIAN_POINT('',(0.,137.));
#134 = VECTOR('',#135,1.);
#135 = DIRECTION('',(1.,0.));
#136 = ( GEOMETRIC_REPRESENTATION_CONTEXT(2) 
PARAMETRIC_REPRESENTATION_CONTEXT() REPRESENTATION_CONTEXT('2D SPACE',''
  ) );
#137 = FACE_BOUND('',#138,.T.);
#138 = EDGE_LOOP('',(#139));
#139 = ORIENTED_EDGE('',*,*,#79,.F.);
#140 = ADVANCED_FACE('',(#141,#144),#66,.T.);
#141 = FACE_BOUND('',#142,.T.);
#142 = EDGE_LOOP('',(#143));
#143 = ORIENTED_EDGE('',*,*,#51,.T.);
#144 = FACE_BOUND('',#145,.T.);
#145 = EDGE_LOOP('',(#146));
#146 = ORIENTED_EDGE('',*,*,#147,.F.);
#147 = EDGE_CURVE('',#148,#148,#150,.T.);
#148 = VERTEX_POINT('',#149);
#149 = CARTESIAN_POINT('',(14.8,-3.624954525476E-15,146.));
#150 = SURFACE_CURVE('',#151,(#156,#163),.PCURVE_S1.);
#151 = CIRCLE('',#152,14.8);
#152 = AXIS2_PLACEMENT_3D('',#153,#154,#155);
#153 = CARTESIAN_POINT('',(0.,0.,146.));
#154 = DIRECTION('',(0.,0.,1.));
#155 = DIRECTION('',(1.,0.,-0.));
#156 = PCURVE('',#66,#157);
#157 = DEFINITIONAL_REPRESENTATION('',(#158),#162);
#158 = CIRCLE('',#159,14.8);
#159 = AXIS2_PLACEMENT_2D('',#160,#161);
#160 = CARTESIAN_POINT('',(0.,0.));
#161 = DIRECTION('',(1.,0.));
#162 = ( GEOMETRIC_REPRESENTATION_CONTEXT(2) 
PARAMETRIC_REPRESENTATION_CONTEXT() REPRESENTATION_CONTEXT('2D SPACE',''
  ) );
#163 = PCURVE('',#164,#169);
#164 = CYLINDRICAL_SURFACE('',#165,14.8);
#165 = AXIS2_PLACEMENT_3D('',#166,#167,#168);
#166 = CARTESIAN_POINT('',(0.,0.,-1.));
#167 = DIRECTION('',(0.,0.,1.));
#168 = DIRECTION('',(1.,0.,-0.));
#169 = DEFINITIONAL_REPRESENTATION('',(#170),#174);
#170 = LINE('',#171,#172);
#171 = CARTESIAN_POINT('',(0.,147.));
#172 = VECTOR('',#173,1.);
#173 = DIRECTION('',(1.,0.));
#174 = ( GEOMETRIC_REPRESENTATION_CONTEXT(2) 
PARAMETRIC_REPRESENTATION_CONTEXT() REPRESENTATION_CONTEXT('2D SPACE',''
  ) );
#175 = ADVANCED_FACE('',(#176,#441,#612,#783),#126,.F.);
#176 = FACE_BOUND('',#177,.F.);
#177 = EDGE_LOOP('',(#178,#201,#202,#203,#300,#323,#350,#351));
#178 = ORIENTED_EDGE('',*,*,#179,.F.);
#179 = EDGE_CURVE('',#110,#180,#182,.T.);
#180 = VERTEX_POINT('',#181);
#181 = CARTESIAN_POINT('',(40.,-5.11290038644E-15,222.25));
#182 = SEAM_CURVE('',#183,(#187,#194),.PCURVE_S1.);
#183 = LINE('',#184,#185);
#184 = CARTESIAN_POINT('',(40.,-9.797174393179E-15,-1.));
#185 = VECTOR('',#186,1.);
#186 = DIRECTION('',(0.,0.,1.));
#187 = PCURVE('',#126,#188);
#188 = DEFINITIONAL_REPRESENTATION('',(#189),#193);
#189 = LINE('',#190,#191);
#190 = CARTESIAN_POINT('',(0.,-0.));
#191 = VECTOR('',#192,1.);
#192 = DIRECTION('',(0.,1.));
#193 = ( GEOMETRIC_REPRESENTATION_CONTEXT(2) 
PARAMETRIC_REPRESENTATION_CONTEXT() REPRESENTATION_CONTEXT('2D SPACE',''
  ) );
#194 = PCURVE('',#126,#195);
#195 = DEFINITIONAL_REPRESENTATION('',(#196),#200);
#196 = LINE('',#197,#198);
#197 = CARTESIAN_POINT('',(6.28318530718,-0.));
#198 = VECTOR('',#199,1.);
#199 = DIRECTION('',(0.,1.));
#200 = ( GEOMETRIC_REPRESENTATION_CONTEXT(2) 
PARAMETRIC_REPRESENTATION_CONTEXT() REPRESENTATION_CONTEXT('2D SPACE',''
  ) );
#201 = ORIENTED_EDGE('',*,*,#109,.T.);
#202 = ORIENTED_EDGE('',*,*,#179,.T.);
#203 = ORIENTED_EDGE('',*,*,#204,.F.);
#204 = EDGE_CURVE('',#205,#180,#207,.T.);
#205 = VERTEX_POINT('',#206);
#206 = CARTESIAN_POINT('',(40.,-9.797174393179E-15,225.75));
#207 = SURFACE_CURVE('',#208,(#235,#265),.PCURVE_S1.);
#208 = B_SPLINE_CURVE_WITH_KNOTS('',7,(#209,#210,#211,#212,#213,#214,
    #215,#216,#217,#218,#219,#220,#221,#222,#223,#224,#225,#226,#227,
    #228,#229,#230,#231,#232,#233,#234),.UNSPECIFIED.,.F.,.F.,(8,6,6,6,8
    ),(0.,0.256809747044,0.500048686341,0.743286252923,1.),
  .UNSPECIFIED.);
#209 = CARTESIAN_POINT('',(40.,-3.10862446895E-15,225.75));
#210 = CARTESIAN_POINT('',(40.,-0.240568240636,225.75));
#211 = CARTESIAN_POINT('',(39.998312023238,-0.474787651199,
    225.71141829341));
#212 = CARTESIAN_POINT('',(39.995096538659,-0.695475697843,
    225.63791798434));
#213 = CARTESIAN_POINT('',(39.990809061762,-0.896673544312,
    225.53458087872));
#214 = CARTESIAN_POINT('',(39.986077085424,-1.073883336323,
    225.40781989399));
#215 = CARTESIAN_POINT('',(39.981444780099,-1.224515300812,
    225.26524065255));
#216 = CARTESIAN_POINT('',(39.973308664273,-1.465734604751,
    224.97365660318));
#217 = CARTESIAN_POINT('',(39.969661378018,-1.561943191847,
    224.82192122781));
#218 = CARTESIAN_POINT('',(39.966559272259,-1.63778956752,
    224.66340392666));
#219 = CARTESIAN_POINT('',(39.964150601093,-1.694049832431,
    224.50036470587));
#220 = CARTESIAN_POINT('',(39.962517636762,-1.731338401718,
    224.33453014374));
#221 = CARTESIAN_POINT('',(39.961700414272,-1.75,224.16731033228));
#222 = CARTESIAN_POINT('',(39.961700414272,-1.75,223.83269061192));
#223 = CARTESIAN_POINT('',(39.962517626916,-1.731338624482,
    223.66547164533));
#224 = CARTESIAN_POINT('',(39.964150576001,-1.694050400146,
    223.49963593482));
#225 = CARTESIAN_POINT('',(39.966559280233,-1.637789448301,
    223.33659403212));
#226 = CARTESIAN_POINT('',(39.969661463118,-1.561941270811,
    223.17807470195));
#227 = CARTESIAN_POINT('',(39.973308762453,-1.465731693915,
    223.02633987822));
#228 = CARTESIAN_POINT('',(39.98144313807,-1.224563983625,
    222.73481819485));
#229 = CARTESIAN_POINT('',(39.986075847758,-1.0739304713,222.59220599196
    ));
#230 = CARTESIAN_POINT('',(39.990809708868,-0.896670357787,
    222.46539422428));
#231 = CARTESIAN_POINT('',(39.995098720823,-0.695400731814,
    222.36203226198));
#232 = CARTESIAN_POINT('',(39.998313564064,-0.474661935097,
    222.28854646538));
#233 = CARTESIAN_POINT('',(40.,-0.24045834884,222.25));
#234 = CARTESIAN_POINT('',(40.,-5.995204332976E-15,222.25));
#235 = PCURVE('',#126,#236);
#236 = DEFINITIONAL_REPRESENTATION('',(#237),#264);
#237 = B_SPLINE_CURVE_WITH_KNOTS('',7,(#238,#239,#240,#241,#242,#243,
    #244,#245,#246,#247,#248,#249,#250,#251,#252,#253,#254,#255,#256,
    #257,#258,#259,#260,#261,#262,#263),.UNSPECIFIED.,.F.,.F.,(8,6,6,6,8
    ),(0.,0.256809747044,0.500048686341,0.743286252923,1.),
  .UNSPECIFIED.);
#238 = CARTESIAN_POINT('',(6.28318530718,226.75));
#239 = CARTESIAN_POINT('',(6.277171101164,226.75));
#240 = CARTESIAN_POINT('',(6.271315615432,226.71141829341));
#241 = CARTESIAN_POINT('',(6.265798061595,226.63791798434));
#242 = CARTESIAN_POINT('',(6.260767125881,226.53458087872));
#243 = CARTESIAN_POINT('',(6.256335360465,226.40781989399));
#244 = CARTESIAN_POINT('',(6.252567798143,226.26524065255));
#245 = CARTESIAN_POINT('',(6.246533886219,225.97365660318));
#246 = CARTESIAN_POINT('',(6.244126964773,225.8219212278));
#247 = CARTESIAN_POINT('',(6.242229227483,225.66340392666));
#248 = CARTESIAN_POINT('',(6.240821433273,225.50036470587));
#249 = CARTESIAN_POINT('',(6.239888325517,225.33453014374));
#250 = CARTESIAN_POINT('',(6.239421338439,225.16731033228));
#251 = CARTESIAN_POINT('',(6.239421338439,224.83269061192));
#252 = CARTESIAN_POINT('',(6.239888319942,224.66547164533));
#253 = CARTESIAN_POINT('',(6.240821419066,224.49963593482));
#254 = CARTESIAN_POINT('',(6.242229230469,224.33659403212));
#255 = CARTESIAN_POINT('',(6.244127012844,224.17807470195));
#256 = CARTESIAN_POINT('',(6.246533959031,224.02633987822));
#257 = CARTESIAN_POINT('',(6.252566580381,223.73481819485));
#258 = CARTESIAN_POINT('',(6.256334181705,223.59220599196));
#259 = CARTESIAN_POINT('',(6.260767206041,223.46539422428));
#260 = CARTESIAN_POINT('',(6.265799936275,223.36203226198));
#261 = CARTESIAN_POINT('',(6.271318758329,223.28854646538));
#262 = CARTESIAN_POINT('',(6.277173848459,223.25));
#263 = CARTESIAN_POINT('',(6.28318530718,223.25));
#264 = ( GEOMETRIC_REPRESENTATION_CONTEXT(2) 
PARAMETRIC_REPRESENTATION_CONTEXT() REPRESENTATION_CONTEXT('2D SPACE',''
  ) );
#265 = PCURVE('',#266,#271);
#266 = CYLINDRICAL_SURFACE('',#267,1.75);
#267 = AXIS2_PLACEMENT_3D('',#268,#269,#270);
#268 = CARTESIAN_POINT('',(35.,0.,224.));
#269 = DIRECTION('',(1.,0.,1.110223024625E-16));
#270 = DIRECTION('',(1.110223024625E-16,0.,-1.));
#271 = DEFINITIONAL_REPRESENTATION('',(#272),#299);
#272 = B_SPLINE_CURVE_WITH_KNOTS('',7,(#273,#274,#275,#276,#277,#278,
    #279,#280,#281,#282,#283,#284,#285,#286,#287,#288,#289,#290,#291,
    #292,#293,#294,#295,#296,#297,#298),.UNSPECIFIED.,.F.,.F.,(8,6,6,6,8
    ),(0.,0.256809747044,0.500048686341,0.743286252923,1.),
  .UNSPECIFIED.);
#273 = CARTESIAN_POINT('',(3.14159265359,5.));
#274 = CARTESIAN_POINT('',(3.279060219668,5.));
#275 = CARTESIAN_POINT('',(3.412899818572,4.998312023238));
#276 = CARTESIAN_POINT('',(3.54325043754,4.995096538659));
#277 = CARTESIAN_POINT('',(3.669942628704,4.990809061762));
#278 = CARTESIAN_POINT('',(3.792538613467,4.986077085424));
#279 = CARTESIAN_POINT('',(3.910181882573,4.981444780099));
#280 = CARTESIAN_POINT('',(4.126426649741,4.973308664273));
#281 = CARTESIAN_POINT('',(4.228278021906,4.969661378018));
#282 = CARTESIAN_POINT('',(4.327599067223,4.966559272259));
#283 = CARTESIAN_POINT('',(4.425038613037,4.964150601093));
#284 = CARTESIAN_POINT('',(4.521228989487,4.962517636762));
#285 = CARTESIAN_POINT('',(4.616783076222,4.961700414272));
#286 = CARTESIAN_POINT('',(4.807994344996,4.961700414272));
#287 = CARTESIAN_POINT('',(4.903547944714,4.962517626916));
#288 = CARTESIAN_POINT('',(4.999738963651,4.964150576001));
#289 = CARTESIAN_POINT('',(5.097179973083,4.966559280233));
#290 = CARTESIAN_POINT('',(5.196502431673,4.969661463118));
#291 = CARTESIAN_POINT('',(5.298353920492,4.973308762453));
#292 = CARTESIAN_POINT('',(5.514552435738,4.98144313807));
#293 = CARTESIAN_POINT('',(5.632210796304,4.986075847758));
#294 = CARTESIAN_POINT('',(5.754844746635,4.990809708868));
#295 = CARTESIAN_POINT('',(5.881576102358,4.995098720823));
#296 = CARTESIAN_POINT('',(6.011949993624,4.998313564064));
#297 = CARTESIAN_POINT('',(6.145780536414,5.));
#298 = CARTESIAN_POINT('',(6.28318530718,5.));
#299 = ( GEOMETRIC_REPRESENTATION_CONTEXT(2) 
PARAMETRIC_REPRESENTATION_CONTEXT() REPRESENTATION_CONTEXT('2D SPACE',''
  ) );
#300 = ORIENTED_EDGE('',*,*,#301,.T.);
#301 = EDGE_CURVE('',#205,#302,#304,.T.);
#302 = VERTEX_POINT('',#303);
#303 = CARTESIAN_POINT('',(40.,-9.797174393179E-15,244.));
#304 = SEAM_CURVE('',#305,(#309,#316),.PCURVE_S1.);
#305 = LINE('',#306,#307);
#306 = CARTESIAN_POINT('',(40.,-9.797174393179E-15,-1.));
#307 = VECTOR('',#308,1.);
#308 = DIRECTION('',(0.,0.,1.));
#309 = PCURVE('',#126,#310);
#310 = DEFINITIONAL_REPRESENTATION('',(#311),#315);
#311 = LINE('',#312,#313);
#312 = CARTESIAN_POINT('',(0.,-0.));
#313 = VECTOR('',#314,1.);
#314 = DIRECTION('',(0.,1.));
#315 = ( GEOMETRIC_REPRESENTATION_CONTEXT(2) 
PARAMETRIC_REPRESENTATION_CONTEXT() REPRESENTATION_CONTEXT('2D SPACE',''
  ) );
#316 = PCURVE('',#126,#317);
#317 = DEFINITIONAL_REPRESENTATION('',(#318),#322);
#318 = LINE('',#319,#320);
#319 = CARTESIAN_POINT('',(6.28318530718,-0.));
#320 = VECTOR('',#321,1.);
#321 = DIRECTION('',(0.,1.));
#322 = ( GEOMETRIC_REPRESENTATION_CONTEXT(2) 
PARAMETRIC_REPRESENTATION_CONTEXT() REPRESENTATION_CONTEXT('2D SPACE',''
  ) );
#323 = ORIENTED_EDGE('',*,*,#324,.F.);
#324 = EDGE_CURVE('',#302,#302,#325,.T.);
#325 = SURFACE_CURVE('',#326,(#331,#338),.PCURVE_S1.);
#326 = CIRCLE('',#327,40.);
#327 = AXIS2_PLACEMENT_3D('',#328,#329,#330);
#328 = CARTESIAN_POINT('',(0.,0.,244.));
#329 = DIRECTION('',(0.,0.,1.));
#330 = DIRECTION('',(1.,0.,-0.));
#331 = PCURVE('',#126,#332);
#332 = DEFINITIONAL_REPRESENTATION('',(#333),#337);
#333 = LINE('',#334,#335);
#334 = CARTESIAN_POINT('',(0.,245.));
#335 = VECTOR('',#336,1.);
#336 = DIRECTION('',(1.,0.));
#337 = ( GEOMETRIC_REPRESENTATION_CONTEXT(2) 
PARAMETRIC_REPRESENTATION_CONTEXT() REPRESENTATION_CONTEXT('2D SPACE',''
  ) );
#338 = PCURVE('',#339,#344);
#339 = PLANE('',#340);
#340 = AXIS2_PLACEMENT_3D('',#341,#342,#343);
#341 = CARTESIAN_POINT('',(0.,0.,244.));
#342 = DIRECTION('',(0.,0.,1.));
#343 = DIRECTION('',(1.,0.,-0.));
#344 = DEFINITIONAL_REPRESENTATION('',(#345),#349);
#345 = CIRCLE('',#346,40.);
#346 = AXIS2_PLACEMENT_2D('',#347,#348);
#347 = CARTESIAN_POINT('',(0.,0.));
#348 = DIRECTION('',(1.,0.));
#349 = ( GEOMETRIC_REPRESENTATION_CONTEXT(2) 
PARAMETRIC_REPRESENTATION_CONTEXT() REPRESENTATION_CONTEXT('2D SPACE',''
  ) );
#350 = ORIENTED_EDGE('',*,*,#301,.F.);
#351 = ORIENTED_EDGE('',*,*,#352,.F.);
#352 = EDGE_CURVE('',#180,#205,#353,.T.);
#353 = SURFACE_CURVE('',#354,(#381,#411),.PCURVE_S1.);
#354 = B_SPLINE_CURVE_WITH_KNOTS('',7,(#355,#356,#357,#358,#359,#360,
    #361,#362,#363,#364,#365,#366,#367,#368,#369,#370,#371,#372,#373,
    #374,#375,#376,#377,#378,#379,#380),.UNSPECIFIED.,.F.,.F.,(8,6,6,6,8
    ),(0.,0.256799012104,0.500015941123,0.743241684901,1.),
  .UNSPECIFIED.);
#355 = CARTESIAN_POINT('',(40.,-9.914693070884E-16,222.25));
#356 = CARTESIAN_POINT('',(40.,0.240568240636,222.25));
#357 = CARTESIAN_POINT('',(39.998312023238,0.474787651199,
    222.28858170658));
#358 = CARTESIAN_POINT('',(39.995096538659,0.695475697844,
    222.36208201565));
#359 = CARTESIAN_POINT('',(39.990809061762,0.896673544311,
    222.46541912127));
#360 = CARTESIAN_POINT('',(39.986077085424,1.073883336324,222.592180106)
  );
#361 = CARTESIAN_POINT('',(39.981444780099,1.224515300812,
    222.73475934744));
#362 = CARTESIAN_POINT('',(39.973308856968,1.465728891734,
    223.02633649096));
#363 = CARTESIAN_POINT('',(39.969661558007,1.561939019935,223.178070266)
  );
#364 = CARTESIAN_POINT('',(39.966559292851,1.637789385948,
    223.33659176914));
#365 = CARTESIAN_POINT('',(39.964150507878,1.694051920189,
    223.49963789565));
#366 = CARTESIAN_POINT('',(39.962517569218,1.731339954865,
    223.66547732025));
#367 = CARTESIAN_POINT('',(39.961700414272,1.75,223.8326966754));
#368 = CARTESIAN_POINT('',(39.961700414272,1.75,224.16730938807));
#369 = CARTESIAN_POINT('',(39.962517626916,1.731338624482,
    224.33452835467));
#370 = CARTESIAN_POINT('',(39.964150576001,1.694050400146,
    224.50036406517));
#371 = CARTESIAN_POINT('',(39.966559280233,1.637789448301,
    224.66340596788));
#372 = CARTESIAN_POINT('',(39.969661463118,1.561941270811,
    224.82192529804));
#373 = CARTESIAN_POINT('',(39.973308762453,1.465731693915,
    224.97366012177));
#374 = CARTESIAN_POINT('',(39.98144406627,1.224536464375,225.2652150702)
  );
#375 = CARTESIAN_POINT('',(39.986076454416,1.073906626233,
    225.40780527443));
#376 = CARTESIAN_POINT('',(39.99080919246,0.896677520159,225.53458836888
    ));
#377 = CARTESIAN_POINT('',(39.995097457589,0.695447510702,
    225.63793903808));
#378 = CARTESIAN_POINT('',(39.998312746798,0.474732604392,
    225.71143481535));
#379 = CARTESIAN_POINT('',(40.,0.24051674152,225.75));
#380 = CARTESIAN_POINT('',(40.,1.875782019251E-15,225.75));
#381 = PCURVE('',#126,#382);
#382 = DEFINITIONAL_REPRESENTATION('',(#383),#410);
#383 = B_SPLINE_CURVE_WITH_KNOTS('',7,(#384,#385,#386,#387,#388,#389,
    #390,#391,#392,#393,#394,#395,#396,#397,#398,#399,#400,#401,#402,
    #403,#404,#405,#406,#407,#408,#409),.UNSPECIFIED.,.F.,.F.,(8,6,6,6,8
    ),(0.,0.256799012104,0.500015941123,0.743241684901,1.),
  .UNSPECIFIED.);
#384 = CARTESIAN_POINT('',(0.,223.25));
#385 = CARTESIAN_POINT('',(6.014206015911E-03,223.25));
#386 = CARTESIAN_POINT('',(1.186969174786E-02,223.28858170658));
#387 = CARTESIAN_POINT('',(1.738724558475E-02,223.36208201565));
#388 = CARTESIAN_POINT('',(2.241818129872E-02,223.46541912127));
#389 = CARTESIAN_POINT('',(2.684994671426E-02,223.592180106));
#390 = CARTESIAN_POINT('',(3.061750903663E-02,223.73475934744));
#391 = CARTESIAN_POINT('',(3.665127805414E-02,224.02633649096));
#392 = CARTESIAN_POINT('',(3.90582380162E-02,224.178070266));
#393 = CARTESIAN_POINT('',(4.095607513702E-02,224.33659176914));
#394 = CARTESIAN_POINT('',(4.236392615436E-02,224.49963789565));
#395 = CARTESIAN_POINT('',(4.329702052779E-02,224.66547732025));
#396 = CARTESIAN_POINT('',(4.376396874075E-02,224.8326966754));
#397 = CARTESIAN_POINT('',(4.376396874075E-02,225.16730938807));
#398 = CARTESIAN_POINT('',(4.329698723758E-02,225.33452835467));
#399 = CARTESIAN_POINT('',(4.236388811353E-02,225.50036406517));
#400 = CARTESIAN_POINT('',(4.095607671008E-02,225.66340596788));
#401 = CARTESIAN_POINT('',(3.905829433556E-02,225.82192529804));
#402 = CARTESIAN_POINT('',(3.665134814849E-02,225.97366012177));
#403 = CARTESIAN_POINT('',(3.061803842658E-02,226.2652150702));
#404 = CARTESIAN_POINT('',(2.685052917291E-02,226.40780527443));
#405 = CARTESIAN_POINT('',(2.241828051666E-02,226.53458836888));
#406 = CARTESIAN_POINT('',(1.73865406649E-02,226.63793903808));
#407 = CARTESIAN_POINT('',(1.18683155767E-02,226.71143481535));
#408 = CARTESIAN_POINT('',(6.012918537992E-03,226.75));
#409 = CARTESIAN_POINT('',(0.,226.75));
#410 = ( GEOMETRIC_REPRESENTATION_CONTEXT(2) 
PARAMETRIC_REPRESENTATION_CONTEXT() REPRESENTATION_CONTEXT('2D SPACE',''
  ) );
#411 = PCURVE('',#266,#412);
#412 = DEFINITIONAL_REPRESENTATION('',(#413),#440);
#413 = B_SPLINE_CURVE_WITH_KNOTS('',7,(#414,#415,#416,#417,#418,#419,
    #420,#421,#422,#423,#424,#425,#426,#427,#428,#429,#430,#431,#432,
    #433,#434,#435,#436,#437,#438,#439),.UNSPECIFIED.,.F.,.F.,(8,6,6,6,8
    ),(0.,0.256799012104,0.500015941123,0.743241684901,1.),
  .UNSPECIFIED.);
#414 = CARTESIAN_POINT('',(-8.881784197001E-16,5.));
#415 = CARTESIAN_POINT('',(0.137467566078,5.));
#416 = CARTESIAN_POINT('',(0.271307164983,4.998312023238));
#417 = CARTESIAN_POINT('',(0.401657783951,4.995096538659));
#418 = CARTESIAN_POINT('',(0.528349975113,4.990809061763));
#419 = CARTESIAN_POINT('',(0.650945959878,4.986077085424));
#420 = CARTESIAN_POINT('',(0.768589228983,4.981444780099));
#421 = CARTESIAN_POINT('',(0.984828874629,4.973308856968));
#422 = CARTESIAN_POINT('',(1.086680105932,4.969661558007));
#423 = CARTESIAN_POINT('',(1.186004165549,4.966559292851));
#424 = CARTESIAN_POINT('',(1.283447635862,4.964150507878));
#425 = CARTESIAN_POINT('',(1.379640596085,4.962517569218));
#426 = CARTESIAN_POINT('',(1.475194427023,4.961700414272));
#427 = CARTESIAN_POINT('',(1.666401691407,4.961700414272));
#428 = CARTESIAN_POINT('',(1.761955291125,4.962517626916));
#429 = CARTESIAN_POINT('',(1.858146310061,4.964150576001));
#430 = CARTESIAN_POINT('',(1.955587319494,4.966559280233));
#431 = CARTESIAN_POINT('',(2.054909778083,4.969661463118));
#432 = CARTESIAN_POINT('',(2.156761266902,4.973308762453));
#433 = CARTESIAN_POINT('',(2.372984452204,4.98144406627));
#434 = CARTESIAN_POINT('',(2.490631777564,4.986076454416));
#435 = CARTESIAN_POINT('',(2.613243359547,4.99080919246));
#436 = CARTESIAN_POINT('',(2.739953662438,4.995097457589));
#437 = CARTESIAN_POINT('',(2.870316952148,4.998312746798));
#438 = CARTESIAN_POINT('',(3.004154515579,5.));
#439 = CARTESIAN_POINT('',(3.14159265359,5.));
#440 = ( GEOMETRIC_REPRESENTATION_CONTEXT(2) 
PARAMETRIC_REPRESENTATION_CONTEXT() REPRESENTATION_CONTEXT('2D SPACE',''
  ) );
#441 = FACE_BOUND('',#442,.F.);
#442 = EDGE_LOOP('',(#443));
#443 = ORIENTED_EDGE('',*,*,#444,.F.);
#444 = EDGE_CURVE('',#445,#445,#447,.T.);
#445 = VERTEX_POINT('',#446);
#446 = CARTESIAN_POINT('',(4.869518478202E-15,40.,222.25));
#447 = SURFACE_CURVE('',#448,(#499,#553),.PCURVE_S1.);
#448 = B_SPLINE_CURVE_WITH_KNOTS('',7,(#449,#450,#451,#452,#453,#454,
    #455,#456,#457,#458,#459,#460,#461,#462,#463,#464,#465,#466,#467,
    #468,#469,#470,#471,#472,#473,#474,#475,#476,#477,#478,#479,#480,
    #481,#482,#483,#484,#485,#486,#487,#488,#489,#490,#491,#492,#493,
    #494,#495,#496,#497,#498),.UNSPECIFIED.,.T.,.F.,(8,6,6,6,6,6,6,6,8),
  (0.,0.142508605362,0.277479939835,0.446120750191,0.592594335405,
    0.687570295827,0.792050167271,0.893222440309,1.),.UNSPECIFIED.);
#449 = CARTESIAN_POINT('',(3.552713678801E-15,40.,222.25));
#450 = CARTESIAN_POINT('',(-0.240568240636,40.,222.25));
#451 = CARTESIAN_POINT('',(-0.474787651199,39.998312023238,
    222.28858170658));
#452 = CARTESIAN_POINT('',(-0.695475697844,39.995096538659,
    222.36208201565));
#453 = CARTESIAN_POINT('',(-0.896673544312,39.990809061763,
    222.46541912127));
#454 = CARTESIAN_POINT('',(-1.073883336324,39.986077085424,222.592180106
    ));
#455 = CARTESIAN_POINT('',(-1.224515300812,39.981444780099,
    222.73475934744));
#456 = CARTESIAN_POINT('',(-1.465728891734,39.973308856968,
    223.02633649096));
#457 = CARTESIAN_POINT('',(-1.561939019935,39.969661558007,223.178070266
    ));
#458 = CARTESIAN_POINT('',(-1.637789385949,39.966559292851,
    223.33659176914));
#459 = CARTESIAN_POINT('',(-1.694051920189,39.964150507878,
    223.49963789565));
#460 = CARTESIAN_POINT('',(-1.731339954865,39.962517569218,
    223.66547732025));
#461 = CARTESIAN_POINT('',(-1.75,39.961700414272,223.83269667539));
#462 = CARTESIAN_POINT('',(-1.75,39.961700414272,224.20903822538));
#463 = CARTESIAN_POINT('',(-1.720870009662,39.96297600593,
    224.41796312726));
#464 = CARTESIAN_POINT('',(-1.662657423066,39.96552559436,
    224.62427955633));
#465 = CARTESIAN_POINT('',(-1.57448294803,39.969251995516,
    224.82513931103));
#466 = CARTESIAN_POINT('',(-1.454905168847,39.973955249534,
    225.01677627739));
#467 = CARTESIAN_POINT('',(-1.302261930393,39.979232409189,
    225.19388863625));
#468 = CARTESIAN_POINT('',(-0.953272268547,39.988968575081,
    225.48259799293));
#469 = CARTESIAN_POINT('',(-0.75950491587,39.993605420817,225.6045469758
    ));
#470 = CARTESIAN_POINT('',(-0.538059402203,39.997711348432,
    225.70020945586));
#471 = CARTESIAN_POINT('',(-0.296944619199,40.000467180466,
    225.75990388397));
#472 = CARTESIAN_POINT('',(-4.691426530595E-02,40.001271534943,
    225.7784136775));
#473 = CARTESIAN_POINT('',(0.200563429729,40.000185481771,
    225.75526683874));
#474 = CARTESIAN_POINT('',(0.587354374958,39.995976876562,
    225.65595580342));
#475 = CARTESIAN_POINT('',(0.735412153806,39.993690632957,
    225.60095702862));
#476 = CARTESIAN_POINT('',(0.877363646082,39.990860595271,
    225.53054460539));
#477 = CARTESIAN_POINT('',(1.011305918661,39.987624177216,
    225.44554407546));
#478 = CARTESIAN_POINT('',(1.135471411096,39.984155232766,
    225.34707352463));
#479 = CARTESIAN_POINT('',(1.248276622839,39.980643331521,
    225.23651814825));
#480 = CARTESIAN_POINT('',(1.458538539191,39.973551381261,
    224.98235515218));
#481 = CARTESIAN_POINT('',(1.553345626321,39.969999289458,
    224.83652590291));
#482 = CARTESIAN_POINT('',(1.631050261724,39.966846706285,
    224.68014547546));
#483 = CARTESIAN_POINT('',(1.690284246238,39.964315689705,
    224.51562202062));
#484 = CARTESIAN_POINT('',(1.730098857679,39.962571839734,
    224.34558015748));
#485 = CARTESIAN_POINT('',(1.75,39.961700414272,224.17277919261));
#486 = CARTESIAN_POINT('',(1.75,39.961700414272,223.83269060912));
#487 = CARTESIAN_POINT('',(1.731338623806,39.962517626936,
    223.66547165223));
#488 = CARTESIAN_POINT('',(1.694050403383,39.964150575896,
    223.49963592981));
#489 = CARTESIAN_POINT('',(1.637789442158,39.96655928044,223.33659402952
    ));
#490 = CARTESIAN_POINT('',(1.561941276375,39.969661462929,
    223.17807470768));
#491 = CARTESIAN_POINT('',(1.46573169178,39.973308762525,223.02633987564
    ));
#492 = CARTESIAN_POINT('',(1.224563983624,39.98144313807,222.73481819485
    ));
#493 = CARTESIAN_POINT('',(1.0739304713,39.986075847758,222.59220599196)
  );
#494 = CARTESIAN_POINT('',(0.896670357787,39.990809708868,
    222.46539422428));
#495 = CARTESIAN_POINT('',(0.695400731816,39.995098720823,
    222.36203226198));
#496 = CARTESIAN_POINT('',(0.474661935096,39.998313564064,
    222.28854646538));
#497 = CARTESIAN_POINT('',(0.240458348839,40.,222.25));
#498 = CARTESIAN_POINT('',(3.552713678801E-15,40.,222.25));
#499 = PCURVE('',#126,#500);
#500 = DEFINITIONAL_REPRESENTATION('',(#501),#552);
#501 = B_SPLINE_CURVE_WITH_KNOTS('',7,(#502,#503,#504,#505,#506,#507,
    #508,#509,#510,#511,#512,#513,#514,#515,#516,#517,#518,#519,#520,
    #521,#522,#523,#524,#525,#526,#527,#528,#529,#530,#531,#532,#533,
    #534,#535,#536,#537,#538,#539,#540,#541,#542,#543,#544,#545,#546,
    #547,#548,#549,#550,#551),.UNSPECIFIED.,.T.,.F.,(8,6,6,6,6,6,6,6,8),
  (0.,0.142508605362,0.277479939835,0.446120750191,0.592594335405,
    0.687570295827,0.792050167271,0.893222440309,1.),.UNSPECIFIED.);
#502 = CARTESIAN_POINT('',(1.570796326795,223.25));
#503 = CARTESIAN_POINT('',(1.576810532811,223.25));
#504 = CARTESIAN_POINT('',(1.582666018543,223.28858170658));
#505 = CARTESIAN_POINT('',(1.58818357238,223.36208201565));
#506 = CARTESIAN_POINT('',(1.593214508094,223.46541912127));
#507 = CARTESIAN_POINT('',(1.597646273509,223.592180106));
#508 = CARTESIAN_POINT('',(1.601413835832,223.73475934744));
#509 = CARTESIAN_POINT('',(1.607447604849,224.02633649096));
#510 = CARTESIAN_POINT('',(1.609854564811,224.178070266));
#511 = CARTESIAN_POINT('',(1.611752401932,224.33659176914));
#512 = CARTESIAN_POINT('',(1.613160252949,224.49963789565));
#513 = CARTESIAN_POINT('',(1.614093347323,224.66547732025));
#514 = CARTESIAN_POINT('',(1.614560295536,224.83269667539));
#515 = CARTESIAN_POINT('',(1.614560295536,225.20903822538));
#516 = CARTESIAN_POINT('',(1.613831347867,225.41796312726));
#517 = CARTESIAN_POINT('',(1.612374638107,225.62427955633));
#518 = CARTESIAN_POINT('',(1.610168311225,225.82513931103));
#519 = CARTESIAN_POINT('',(1.607176583565,226.01677627739));
#520 = CARTESIAN_POINT('',(1.603358307687,226.19388863625));
#521 = CARTESIAN_POINT('',(1.594630171538,226.48259799293));
#522 = CARTESIAN_POINT('',(1.589784640666,226.6045469758));
#523 = CARTESIAN_POINT('',(1.584247675196,226.70020945586));
#524 = CARTESIAN_POINT('',(1.578219737763,226.75990388397));
#525 = CARTESIAN_POINT('',(1.571969246938,226.7784136775));
#526 = CARTESIAN_POINT('',(1.565782373618,226.75526683874));
#527 = CARTESIAN_POINT('',(1.55611202759,226.65595580342));
#528 = CARTESIAN_POINT('',(1.552410180327,226.60095702862));
#529 = CARTESIAN_POINT('',(1.548860743481,226.53054460539));
#530 = CARTESIAN_POINT('',(1.545511256285,226.44554407546));
#531 = CARTESIAN_POINT('',(1.542405934049,226.34707352463));
#532 = CARTESIAN_POINT('',(1.539584446902,226.23651814825));
#533 = CARTESIAN_POINT('',(1.534324909777,225.98235515218));
#534 = CARTESIAN_POINT('',(1.531953086508,225.83652590291));
#535 = CARTESIAN_POINT('',(1.53000888241,225.68014547546));
#536 = CARTESIAN_POINT('',(1.528526683635,225.51562202062));
#537 = CARTESIAN_POINT('',(1.527530363055,225.34558015748));
#538 = CARTESIAN_POINT('',(1.527032358054,225.17277919261));
#539 = CARTESIAN_POINT('',(1.527032358054,224.83269060912));
#540 = CARTESIAN_POINT('',(1.527499339574,224.66547165223));
#541 = CARTESIAN_POINT('',(1.5284324386,224.49963592981));
#542 = CARTESIAN_POINT('',(1.529840250238,224.33659402952));
#543 = CARTESIAN_POINT('',(1.53173803232,224.17807470768));
#544 = CARTESIAN_POINT('',(1.5341449787,224.02633987564));
#545 = CARTESIAN_POINT('',(1.540177599996,223.73481819485));
#546 = CARTESIAN_POINT('',(1.54394520132,223.59220599196));
#547 = CARTESIAN_POINT('',(1.548378225656,223.46539422428));
#548 = CARTESIAN_POINT('',(1.55341095589,223.36203226198));
#549 = CARTESIAN_POINT('',(1.558929777944,223.28854646538));
#550 = CARTESIAN_POINT('',(1.564784868074,223.25));
#551 = CARTESIAN_POINT('',(1.570796326795,223.25));
#552 = ( GEOMETRIC_REPRESENTATION_CONTEXT(2) 
PARAMETRIC_REPRESENTATION_CONTEXT() REPRESENTATION_CONTEXT('2D SPACE',''
  ) );
#553 = PCURVE('',#554,#559);
#554 = CYLINDRICAL_SURFACE('',#555,1.75);
#555 = AXIS2_PLACEMENT_3D('',#556,#557,#558);
#556 = CARTESIAN_POINT('',(3.885780586188E-15,35.,224.));
#557 = DIRECTION('',(1.110223024625E-16,1.,1.110223024625E-16));
#558 = DIRECTION('',(1.232595164408E-32,1.110223024625E-16,-1.));
#559 = DEFINITIONAL_REPRESENTATION('',(#560),#611);
#560 = B_SPLINE_CURVE_WITH_KNOTS('',7,(#561,#562,#563,#564,#565,#566,
    #567,#568,#569,#570,#571,#572,#573,#574,#575,#576,#577,#578,#579,
    #580,#581,#582,#583,#584,#585,#586,#587,#588,#589,#590,#591,#592,
    #593,#594,#595,#596,#597,#598,#599,#600,#601,#602,#603,#604,#605,
    #606,#607,#608,#609,#610),.UNSPECIFIED.,.F.,.F.,(8,6,6,6,6,6,6,6,8),
  (0.,0.142508605362,0.277479939835,0.446120750191,0.592594335405,
    0.687570295827,0.792050167271,0.893222440309,1.),.UNSPECIFIED.);
#561 = CARTESIAN_POINT('',(0.,5.));
#562 = CARTESIAN_POINT('',(0.137467566078,5.));
#563 = CARTESIAN_POINT('',(0.271307164983,4.998312023238));
#564 = CARTESIAN_POINT('',(0.401657783951,4.995096538659));
#565 = CARTESIAN_POINT('',(0.528349975113,4.990809061763));
#566 = CARTESIAN_POINT('',(0.650945959878,4.986077085424));
#567 = CARTESIAN_POINT('',(0.768589228983,4.981444780099));
#568 = CARTESIAN_POINT('',(0.984828874629,4.973308856968));
#569 = CARTESIAN_POINT('',(1.086680105932,4.969661558007));
#570 = CARTESIAN_POINT('',(1.18600416555,4.966559292851));
#571 = CARTESIAN_POINT('',(1.283447635862,4.964150507878));
#572 = CARTESIAN_POINT('',(1.379640596085,4.962517569218));
#573 = CARTESIAN_POINT('',(1.475194427023,4.961700414272));
#574 = CARTESIAN_POINT('',(1.6902467413,4.961700414272));
#575 = CARTESIAN_POINT('',(1.809631604181,4.96297600593));
#576 = CARTESIAN_POINT('',(1.930314156381,4.96552559436));
#577 = CARTESIAN_POINT('',(2.05342185764,4.969251995516));
#578 = CARTESIAN_POINT('',(2.180209551695,4.973955249534));
#579 = CARTESIAN_POINT('',(2.311929809745,4.979232409189));
#580 = CARTESIAN_POINT('',(2.570747767492,4.988968575081));
#581 = CARTESIAN_POINT('',(2.70048262398,4.993605420817));
#582 = CARTESIAN_POINT('',(2.835663607102,4.997711348432));
#583 = CARTESIAN_POINT('',(2.974134319647,5.000467180466));
#584 = CARTESIAN_POINT('',(3.114227376739,5.001271534943));
#585 = CARTESIAN_POINT('',(3.254488779422,5.000185481771));
#586 = CARTESIAN_POINT('',(3.48268126319,4.995976876562));
#587 = CARTESIAN_POINT('',(3.572443447531,4.993690632957));
#588 = CARTESIAN_POINT('',(3.662197904197,4.990860595271));
#589 = CARTESIAN_POINT('',(3.751954251536,4.987624177216));
#590 = CARTESIAN_POINT('',(3.84171803745,4.984155232766));
#591 = CARTESIAN_POINT('',(3.931483086355,4.980643331521));
#592 = CARTESIAN_POINT('',(4.11997562573,4.973551381261));
#593 = CARTESIAN_POINT('',(4.218715896501,4.969999289458));
#594 = CARTESIAN_POINT('',(4.317445203091,4.966846706285));
#595 = CARTESIAN_POINT('',(4.416175274423,4.964315689705));
#596 = CARTESIAN_POINT('',(4.514914888167,4.962571839734));
#597 = CARTESIAN_POINT('',(4.613658013179,4.961700414272));
#598 = CARTESIAN_POINT('',(4.807994346599,4.961700414272));
#599 = CARTESIAN_POINT('',(4.903547940953,4.962517626936));
#600 = CARTESIAN_POINT('',(4.999738965787,4.964150575896));
#601 = CARTESIAN_POINT('',(5.097179975823,4.96655928044));
#602 = CARTESIAN_POINT('',(5.196502427285,4.969661462929));
#603 = CARTESIAN_POINT('',(5.298353922406,4.973308762525));
#604 = CARTESIAN_POINT('',(5.514552435738,4.98144313807));
#605 = CARTESIAN_POINT('',(5.632210796304,4.986075847758));
#606 = CARTESIAN_POINT('',(5.754844746635,4.990809708868));
#607 = CARTESIAN_POINT('',(5.881576102357,4.995098720823));
#608 = CARTESIAN_POINT('',(6.011949993624,4.998313564064));
#609 = CARTESIAN_POINT('',(6.145780536415,5.));
#610 = CARTESIAN_POINT('',(6.28318530718,5.));
#611 = ( GEOMETRIC_REPRESENTATION_CONTEXT(2) 
PARAMETRIC_REPRESENTATION_CONTEXT() REPRESENTATION_CONTEXT('2D SPACE',''
  ) );
#612 = FACE_BOUND('',#613,.F.);
#613 = EDGE_LOOP('',(#614));
#614 = ORIENTED_EDGE('',*,*,#615,.F.);
#615 = EDGE_CURVE('',#616,#616,#618,.T.);
#616 = VERTEX_POINT('',#617);
#617 = CARTESIAN_POINT('',(-40.,5.327213576291E-15,222.25));
#618 = SURFACE_CURVE('',#619,(#670,#724),.PCURVE_S1.);
#619 = B_SPLINE_CURVE_WITH_KNOTS('',7,(#620,#621,#622,#623,#624,#625,
    #626,#627,#628,#629,#630,#631,#632,#633,#634,#635,#636,#637,#638,
    #639,#640,#641,#642,#643,#644,#645,#646,#647,#648,#649,#650,#651,
    #652,#653,#654,#655,#656,#657,#658,#659,#660,#661,#662,#663,#664,
    #665,#666,#667,#668,#669),.UNSPECIFIED.,.T.,.F.,(8,6,6,6,6,6,6,6,8),
  (0.,0.12755758626,0.24836866006,0.36918411234,0.463615331215,
    0.582517132685,0.687299430917,0.840193860734,1.),.UNSPECIFIED.);
#620 = CARTESIAN_POINT('',(-40.,6.661338147751E-15,222.25));
#621 = CARTESIAN_POINT('',(-40.,-0.240568240636,222.25));
#622 = CARTESIAN_POINT('',(-39.99831202323,-0.474787651199,
    222.28858170658));
#623 = CARTESIAN_POINT('',(-39.99509653865,-0.695475697844,
    222.36208201565));
#624 = CARTESIAN_POINT('',(-39.99080906176,-0.896673544311,
    222.46541912127));
#625 = CARTESIAN_POINT('',(-39.98607708542,-1.073883336324,222.592180106
    ));
#626 = CARTESIAN_POINT('',(-39.98144478009,-1.224515300812,
    222.73475934744));
#627 = CARTESIAN_POINT('',(-39.97330885696,-1.465728891734,
    223.02633649096));
#628 = CARTESIAN_POINT('',(-39.969661558,-1.561939019935,223.178070266)
  );
#629 = CARTESIAN_POINT('',(-39.96655929285,-1.637789385948,
    223.33659176914));
#630 = CARTESIAN_POINT('',(-39.96415050787,-1.694051920189,
    223.49963789565));
#631 = CARTESIAN_POINT('',(-39.96251756921,-1.731339954865,
    223.66547732025));
#632 = CARTESIAN_POINT('',(-39.96170041427,-1.75,223.8326966754));
#633 = CARTESIAN_POINT('',(-39.96170041427,-1.75,224.16730938807));
#634 = CARTESIAN_POINT('',(-39.96251762691,-1.731338624482,
    224.33452835467));
#635 = CARTESIAN_POINT('',(-39.964150576,-1.694050400146,224.50036406517
    ));
#636 = CARTESIAN_POINT('',(-39.96655928023,-1.637789448301,
    224.66340596788));
#637 = CARTESIAN_POINT('',(-39.96966146311,-1.561941270811,
    224.82192529804));
#638 = CARTESIAN_POINT('',(-39.97330876245,-1.465731693915,
    224.97366012177));
#639 = CARTESIAN_POINT('',(-39.98035960665,-1.256688488636,
    225.22634994922));
#640 = CARTESIAN_POINT('',(-39.98366361404,-1.151445697057,
    225.33191626758));
#641 = CARTESIAN_POINT('',(-39.98704890851,-1.03264079997,
    225.42976451217));
#642 = CARTESIAN_POINT('',(-39.99034324725,-0.900642338183,
    225.5174585088));
#643 = CARTESIAN_POINT('',(-39.99334237078,-0.756210887658,
    225.59255145102));
#644 = CARTESIAN_POINT('',(-39.9958336179,-0.600520530471,
    225.65257530925));
#645 = CARTESIAN_POINT('',(-39.99989722755,-0.22705537098,
    225.74846486432));
#646 = CARTESIAN_POINT('',(-40.00102114595,-7.572922764516E-03,
    225.77303127321));
#647 = CARTESIAN_POINT('',(-40.0006757005,0.215589737547,225.76473196206
    ));
#648 = CARTESIAN_POINT('',(-39.99876919667,0.43375370325,225.72321001578
    ));
#649 = CARTESIAN_POINT('',(-39.99564076604,0.638575617629,225.6515935499
    ));
#650 = CARTESIAN_POINT('',(-39.99184879937,0.823265990562,
    225.55638508652));
#651 = CARTESIAN_POINT('',(-39.98442704072,1.124980831916,
    225.35133989207));
#652 = CARTESIAN_POINT('',(-39.98075868796,1.250397592348,
    225.24256920158));
#653 = CARTESIAN_POINT('',(-39.97713511188,1.359915069171,
    225.12404785444));
#654 = CARTESIAN_POINT('',(-39.97374270508,1.453850197,224.99810940502)
  );
#655 = CARTESIAN_POINT('',(-39.97071688508,1.532644594185,
    224.86662188128));
#656 = CARTESIAN_POINT('',(-39.96814841209,1.596745546058,
    224.73110451472));
#657 = CARTESIAN_POINT('',(-39.96310341533,1.719201523176,
    224.39096995338));
#658 = CARTESIAN_POINT('',(-39.96120733684,1.761476914947,
    224.18299307203));
#659 = CARTESIAN_POINT('',(-39.96059120919,1.774580500453,
    223.97231694537));
#660 = CARTESIAN_POINT('',(-39.96130577188,1.758995547823,
    223.76147395232));
#661 = CARTESIAN_POINT('',(-39.9633261071,1.714349026369,223.55298122291
    ));
#662 = CARTESIAN_POINT('',(-39.96652078287,1.63966336882,223.34997478231
    ));
#663 = CARTESIAN_POINT('',(-39.97484829293,1.422612473784,
    222.95516066992));
#664 = CARTESIAN_POINT('',(-39.98021754262,1.273291791122,
    222.75691249408));
#665 = CARTESIAN_POINT('',(-39.98634932006,1.083045138206,
    222.57525965138));
#666 = CARTESIAN_POINT('',(-39.99244589557,0.853659573203,
    222.42267188141));
#667 = CARTESIAN_POINT('',(-39.99734144335,0.590528934308,
    222.31076583737));
#668 = CARTESIAN_POINT('',(-40.,0.301909414567,222.25));
#669 = CARTESIAN_POINT('',(-40.,6.661338147751E-15,222.25));
#670 = PCURVE('',#126,#671);
#671 = DEFINITIONAL_REPRESENTATION('',(#672),#723);
#672 = B_SPLINE_CURVE_WITH_KNOTS('',7,(#673,#674,#675,#676,#677,#678,
    #679,#680,#681,#682,#683,#684,#685,#686,#687,#688,#689,#690,#691,
    #692,#693,#694,#695,#696,#697,#698,#699,#700,#701,#702,#703,#704,
    #705,#706,#707,#708,#709,#710,#711,#712,#713,#714,#715,#716,#717,
    #718,#719,#720,#721,#722),.UNSPECIFIED.,.T.,.F.,(8,6,6,6,6,6,6,6,8),
  (0.,0.12755758626,0.24836866006,0.36918411234,0.463615331215,
    0.582517132685,0.687299430917,0.840193860734,1.),.UNSPECIFIED.);
#673 = CARTESIAN_POINT('',(3.14159265359,223.25));
#674 = CARTESIAN_POINT('',(3.147606859606,223.25));
#675 = CARTESIAN_POINT('',(3.153462345338,223.28858170658));
#676 = CARTESIAN_POINT('',(3.158979899175,223.36208201565));
#677 = CARTESIAN_POINT('',(3.164010834889,223.46541912127));
#678 = CARTESIAN_POINT('',(3.168442600304,223.592180106));
#679 = CARTESIAN_POINT('',(3.172210162626,223.73475934744));
#680 = CARTESIAN_POINT('',(3.178243931644,224.02633649096));
#681 = CARTESIAN_POINT('',(3.180650891606,224.178070266));
#682 = CARTESIAN_POINT('',(3.182548728727,224.33659176914));
#683 = CARTESIAN_POINT('',(3.183956579744,224.49963789565));
#684 = CARTESIAN_POINT('',(3.184889674118,224.66547732025));
#685 = CARTESIAN_POINT('',(3.185356622331,224.8326966754));
#686 = CARTESIAN_POINT('',(3.185356622331,225.16730938807));
#687 = CARTESIAN_POINT('',(3.184889640827,225.33452835467));
#688 = CARTESIAN_POINT('',(3.183956541703,225.50036406517));
#689 = CARTESIAN_POINT('',(3.1825487303,225.66340596788));
#690 = CARTESIAN_POINT('',(3.180650947925,225.82192529804));
#691 = CARTESIAN_POINT('',(3.178244001738,225.97366012177));
#692 = CARTESIAN_POINT('',(3.173014949716,226.22634994922));
#693 = CARTESIAN_POINT('',(3.17038259112,226.33191626758));
#694 = CARTESIAN_POINT('',(3.167411283056,226.42976451217));
#695 = CARTESIAN_POINT('',(3.164110336749,226.5174585088));
#696 = CARTESIAN_POINT('',(3.160498832037,226.59255145102));
#697 = CARTESIAN_POINT('',(3.156606126167,226.65257530925));
#698 = CARTESIAN_POINT('',(3.147268944503,226.74846486432));
#699 = CARTESIAN_POINT('',(3.141781901648,226.77303127321));
#700 = CARTESIAN_POINT('',(3.136203032717,226.76473196206));
#701 = CARTESIAN_POINT('',(3.130748963038,226.72321001578));
#702 = CARTESIAN_POINT('',(3.125627931099,226.6515935499));
#703 = CARTESIAN_POINT('',(3.121009737544,226.55638508652));
#704 = CARTESIAN_POINT('',(3.113464584795,226.35133989207));
#705 = CARTESIAN_POINT('',(3.110327858765,226.24256920158));
#706 = CARTESIAN_POINT('',(3.107588449849,226.12404785444));
#707 = CARTESIAN_POINT('',(3.10523855337,225.99810940502));
#708 = CARTESIAN_POINT('',(3.103267245954,225.86662188128));
#709 = CARTESIAN_POINT('',(3.101663437273,225.73110451472));
#710 = CARTESIAN_POINT('',(3.098599440871,225.39096995338));
#711 = CARTESIAN_POINT('',(3.097541500505,225.18299307203));
#712 = CARTESIAN_POINT('',(3.097213545382,224.97231694537));
#713 = CARTESIAN_POINT('',(3.097603579678,224.76147395232));
#714 = CARTESIAN_POINT('',(3.098720888457,224.55298122291));
#715 = CARTESIAN_POINT('',(3.100589719289,224.34997478231));
#716 = CARTESIAN_POINT('',(3.106019983927,223.95516066992));
#717 = CARTESIAN_POINT('',(3.109755402541,223.75691249408));
#718 = CARTESIAN_POINT('',(3.114513984845,223.57525965138));
#719 = CARTESIAN_POINT('',(3.120250464857,223.42267188141));
#720 = CARTESIAN_POINT('',(3.126829429684,223.31076583737));
#721 = CARTESIAN_POINT('',(3.134044918226,223.25));
#722 = CARTESIAN_POINT('',(3.14159265359,223.25));
#723 = ( GEOMETRIC_REPRESENTATION_CONTEXT(2) 
PARAMETRIC_REPRESENTATION_CONTEXT() REPRESENTATION_CONTEXT('2D SPACE',''
  ) );
#724 = PCURVE('',#725,#730);
#725 = CYLINDRICAL_SURFACE('',#726,1.75);
#726 = AXIS2_PLACEMENT_3D('',#727,#728,#729);
#727 = CARTESIAN_POINT('',(-35.,4.286263797016E-15,224.));
#728 = DIRECTION('',(-1.,1.224646799147E-16,1.110223024625E-16));
#729 = DIRECTION('',(-1.110223024625E-16,1.359631073447E-32,-1.));
#730 = DEFINITIONAL_REPRESENTATION('',(#731),#782);
#731 = B_SPLINE_CURVE_WITH_KNOTS('',7,(#732,#733,#734,#735,#736,#737,
    #738,#739,#740,#741,#742,#743,#744,#745,#746,#747,#748,#749,#750,
    #751,#752,#753,#754,#755,#756,#757,#758,#759,#760,#761,#762,#763,
    #764,#765,#766,#767,#768,#769,#770,#771,#772,#773,#774,#775,#776,
    #777,#778,#779,#780,#781),.UNSPECIFIED.,.F.,.F.,(8,6,6,6,6,6,6,6,8),
  (0.,0.12755758626,0.24836866006,0.36918411234,0.463615331215,
    0.582517132685,0.687299430917,0.840193860734,1.),.UNSPECIFIED.);
#732 = CARTESIAN_POINT('',(-1.7763568394E-15,5.));
#733 = CARTESIAN_POINT('',(0.137467566078,5.));
#734 = CARTESIAN_POINT('',(0.271307164982,4.998312023238));
#735 = CARTESIAN_POINT('',(0.401657783951,4.995096538659));
#736 = CARTESIAN_POINT('',(0.528349975113,4.990809061763));
#737 = CARTESIAN_POINT('',(0.650945959878,4.986077085424));
#738 = CARTESIAN_POINT('',(0.768589228983,4.981444780099));
#739 = CARTESIAN_POINT('',(0.984828874629,4.973308856968));
#740 = CARTESIAN_POINT('',(1.086680105932,4.969661558007));
#741 = CARTESIAN_POINT('',(1.186004165549,4.966559292851));
#742 = CARTESIAN_POINT('',(1.283447635862,4.964150507878));
#743 = CARTESIAN_POINT('',(1.379640596085,4.962517569218));
#744 = CARTESIAN_POINT('',(1.475194427023,4.961700414272));
#745 = CARTESIAN_POINT('',(1.666401691407,4.961700414272));
#746 = CARTESIAN_POINT('',(1.761955291125,4.962517626916));
#747 = CARTESIAN_POINT('',(1.858146310061,4.964150576001));
#748 = CARTESIAN_POINT('',(1.955587319494,4.966559280233));
#749 = CARTESIAN_POINT('',(2.054909778083,4.969661463118));
#750 = CARTESIAN_POINT('',(2.156761266902,4.973308762453));
#751 = CARTESIAN_POINT('',(2.344161273931,4.980359606656));
#752 = CARTESIAN_POINT('',(2.428975619093,4.983663614046));
#753 = CARTESIAN_POINT('',(2.51623793625,4.987048908518));
#754 = CARTESIAN_POINT('',(2.605910719447,4.990343247256));
#755 = CARTESIAN_POINT('',(2.698035401314,4.99334237078));
#756 = CARTESIAN_POINT('',(2.79273649471,4.995833617907));
#757 = CARTESIAN_POINT('',(3.013067253215,4.999897227552));
#758 = CARTESIAN_POINT('',(3.138036108326,5.001021145953));
#759 = CARTESIAN_POINT('',(3.263399091938,5.000675700501));
#760 = CARTESIAN_POINT('',(3.387796779793,4.998769196676));
#761 = CARTESIAN_POINT('',(3.509820571613,4.995640766049));
#762 = CARTESIAN_POINT('',(3.627689041534,4.99184879937));
#763 = CARTESIAN_POINT('',(3.836143315683,4.98442704072));
#764 = CARTESIAN_POINT('',(3.930354392246,4.980758687969));
#765 = CARTESIAN_POINT('',(4.021699920761,4.977135111884));
#766 = CARTESIAN_POINT('',(4.110631297296,4.973742705082));
#767 = CARTESIAN_POINT('',(4.197542835455,4.970716885081));
#768 = CARTESIAN_POINT('',(4.282811552735,4.968148412098));
#769 = CARTESIAN_POINT('',(4.489386724529,4.963103415339));
#770 = CARTESIAN_POINT('',(4.609387420454,4.961207336843));
#771 = CARTESIAN_POINT('',(4.728202125566,4.960591209191));
#772 = CARTESIAN_POINT('',(4.846998176886,4.961305771882));
#773 = CARTESIAN_POINT('',(4.966947354274,4.963326107107));
#774 = CARTESIAN_POINT('',(5.089162426809,4.966520782873));
#775 = CARTESIAN_POINT('',(5.346615746929,4.974848292932));
#776 = CARTESIAN_POINT('',(5.486993153464,4.980217542624));
#777 = CARTESIAN_POINT('',(5.634051911534,4.986349320062));
#778 = CARTESIAN_POINT('',(5.787001272188,4.99244589557));
#779 = CARTESIAN_POINT('',(5.945738638757,4.99734144335));
#780 = CARTESIAN_POINT('',(6.110665641713,5.));
#781 = CARTESIAN_POINT('',(6.28318530718,5.));
#782 = ( GEOMETRIC_REPRESENTATION_CONTEXT(2) 
PARAMETRIC_REPRESENTATION_CONTEXT() REPRESENTATION_CONTEXT('2D SPACE',''
  ) );
#783 = FACE_BOUND('',#784,.F.);
#784 = EDGE_LOOP('',(#785));
#785 = ORIENTED_EDGE('',*,*,#786,.F.);
#786 = EDGE_CURVE('',#787,#787,#789,.T.);
#787 = VERTEX_POINT('',#788);
#788 = CARTESIAN_POINT('',(-9.310410576703E-15,-40.,222.25));
#789 = SURFACE_CURVE('',#790,(#841,#895),.PCURVE_S1.);
#790 = B_SPLINE_CURVE_WITH_KNOTS('',7,(#791,#792,#793,#794,#795,#796,
    #797,#798,#799,#800,#801,#802,#803,#804,#805,#806,#807,#808,#809,
    #810,#811,#812,#813,#814,#815,#816,#817,#818,#819,#820,#821,#822,
    #823,#824,#825,#826,#827,#828,#829,#830,#831,#832,#833,#834,#835,
    #836,#837,#838,#839,#840),.UNSPECIFIED.,.T.,.F.,(8,6,6,6,6,6,6,6,8),
  (0.,0.142508605361,0.277479939832,0.446120750187,0.592594335399,
    0.687570295832,0.792050167274,0.893222440309,1.),.UNSPECIFIED.);
#791 = CARTESIAN_POINT('',(-8.437694987151E-15,-40.,222.25));
#792 = CARTESIAN_POINT('',(0.240568240636,-40.,222.25));
#793 = CARTESIAN_POINT('',(0.474787651199,-39.99831202323,
    222.28858170658));
#794 = CARTESIAN_POINT('',(0.695475697843,-39.99509653865,
    222.36208201565));
#795 = CARTESIAN_POINT('',(0.896673544312,-39.99080906176,
    222.46541912127));
#796 = CARTESIAN_POINT('',(1.073883336324,-39.98607708542,222.592180106)
  );
#797 = CARTESIAN_POINT('',(1.224515300812,-39.98144478009,
    222.73475934744));
#798 = CARTESIAN_POINT('',(1.465728891734,-39.97330885696,
    223.02633649096));
#799 = CARTESIAN_POINT('',(1.561939019935,-39.969661558,223.178070266));
#800 = CARTESIAN_POINT('',(1.637789385949,-39.96655929285,
    223.33659176914));
#801 = CARTESIAN_POINT('',(1.694051920189,-39.96415050787,
    223.49963789565));
#802 = CARTESIAN_POINT('',(1.731339954865,-39.96251756921,
    223.66547732025));
#803 = CARTESIAN_POINT('',(1.75,-39.96170041427,223.8326966754));
#804 = CARTESIAN_POINT('',(1.75,-39.96170041427,224.20903822538));
#805 = CARTESIAN_POINT('',(1.720870009662,-39.96297600593,
    224.41796312726));
#806 = CARTESIAN_POINT('',(1.662657423066,-39.96552559436,
    224.62427955633));
#807 = CARTESIAN_POINT('',(1.57448294803,-39.96925199551,224.82513931103
    ));
#808 = CARTESIAN_POINT('',(1.454905168846,-39.97395524953,
    225.01677627739));
#809 = CARTESIAN_POINT('',(1.302261930393,-39.97923240918,
    225.19388863625));
#810 = CARTESIAN_POINT('',(0.953272268548,-39.98896857508,
    225.48259799293));
#811 = CARTESIAN_POINT('',(0.759504915869,-39.99360542081,225.6045469758
    ));
#812 = CARTESIAN_POINT('',(0.538059402203,-39.99771134843,
    225.70020945586));
#813 = CARTESIAN_POINT('',(0.296944619198,-40.00046718046,
    225.75990388397));
#814 = CARTESIAN_POINT('',(4.691426530586E-02,-40.00127153494,
    225.7784136775));
#815 = CARTESIAN_POINT('',(-0.200563429729,-40.00018548177,
    225.75526683874));
#816 = CARTESIAN_POINT('',(-0.587354374979,-39.99597687656,
    225.65595580341));
#817 = CARTESIAN_POINT('',(-0.735412153784,-39.99369063295,
    225.60095702862));
#818 = CARTESIAN_POINT('',(-0.87736364607,-39.99086059527,225.5305446054
    ));
#819 = CARTESIAN_POINT('',(-1.011305918677,-39.98762417721,
    225.44554407546));
#820 = CARTESIAN_POINT('',(-1.135471411109,-39.98415523276,
    225.34707352461));
#821 = CARTESIAN_POINT('',(-1.248276622824,-39.98064333152,
    225.23651814826));
#822 = CARTESIAN_POINT('',(-1.45853853919,-39.97355138126,
    224.98235515218));
#823 = CARTESIAN_POINT('',(-1.553345626321,-39.96999928945,
    224.83652590291));
#824 = CARTESIAN_POINT('',(-1.631050261724,-39.96684670628,
    224.68014547546));
#825 = CARTESIAN_POINT('',(-1.690284246238,-39.9643156897,
    224.51562202062));
#826 = CARTESIAN_POINT('',(-1.730098857679,-39.96257183973,
    224.34558015748));
#827 = CARTESIAN_POINT('',(-1.75,-39.96170041427,224.17277919261));
#828 = CARTESIAN_POINT('',(-1.75,-39.96170041427,223.83269060912));
#829 = CARTESIAN_POINT('',(-1.731338623806,-39.96251762693,
    223.66547165223));
#830 = CARTESIAN_POINT('',(-1.694050403383,-39.96415057589,
    223.49963592981));
#831 = CARTESIAN_POINT('',(-1.637789442158,-39.96655928044,
    223.33659402952));
#832 = CARTESIAN_POINT('',(-1.561941276375,-39.96966146292,
    223.17807470768));
#833 = CARTESIAN_POINT('',(-1.46573169178,-39.97330876252,
    223.02633987564));
#834 = CARTESIAN_POINT('',(-1.224563983621,-39.98144313807,
    222.73481819485));
#835 = CARTESIAN_POINT('',(-1.073930471299,-39.98607584775,
    222.59220599196));
#836 = CARTESIAN_POINT('',(-0.896670357791,-39.99080970886,
    222.46539422428));
#837 = CARTESIAN_POINT('',(-0.695400731819,-39.99509872082,
    222.36203226198));
#838 = CARTESIAN_POINT('',(-0.474661935096,-39.99831356406,
    222.28854646538));
#839 = CARTESIAN_POINT('',(-0.240458348834,-40.,222.25));
#840 = CARTESIAN_POINT('',(-8.437694987151E-15,-40.,222.25));
#841 = PCURVE('',#126,#842);
#842 = DEFINITIONAL_REPRESENTATION('',(#843),#894);
#843 = B_SPLINE_CURVE_WITH_KNOTS('',7,(#844,#845,#846,#847,#848,#849,
    #850,#851,#852,#853,#854,#855,#856,#857,#858,#859,#860,#861,#862,
    #863,#864,#865,#866,#867,#868,#869,#870,#871,#872,#873,#874,#875,
    #876,#877,#878,#879,#880,#881,#882,#883,#884,#885,#886,#887,#888,
    #889,#890,#891,#892,#893),.UNSPECIFIED.,.T.,.F.,(8,6,6,6,6,6,6,6,8),
  (0.,0.142508605361,0.277479939832,0.446120750187,0.592594335399,
    0.687570295832,0.792050167274,0.893222440309,1.),.UNSPECIFIED.);
#844 = CARTESIAN_POINT('',(4.712388980385,223.25));
#845 = CARTESIAN_POINT('',(4.718403186401,223.25));
#846 = CARTESIAN_POINT('',(4.724258672133,223.28858170658));
#847 = CARTESIAN_POINT('',(4.729776225969,223.36208201565));
#848 = CARTESIAN_POINT('',(4.734807161683,223.46541912127));
#849 = CARTESIAN_POINT('',(4.739238927099,223.592180106));
#850 = CARTESIAN_POINT('',(4.743006489421,223.73475934744));
#851 = CARTESIAN_POINT('',(4.749040258439,224.02633649096));
#852 = CARTESIAN_POINT('',(4.751447218401,224.178070266));
#853 = CARTESIAN_POINT('',(4.753345055522,224.33659176914));
#854 = CARTESIAN_POINT('',(4.754752906539,224.49963789565));
#855 = CARTESIAN_POINT('',(4.755686000912,224.66547732025));
#856 = CARTESIAN_POINT('',(4.756152949125,224.8326966754));
#857 = CARTESIAN_POINT('',(4.756152949125,225.20903822538));
#858 = CARTESIAN_POINT('',(4.755424001457,225.41796312726));
#859 = CARTESIAN_POINT('',(4.753967291697,225.62427955633));
#860 = CARTESIAN_POINT('',(4.751760964815,225.82513931103));
#861 = CARTESIAN_POINT('',(4.748769237155,226.01677627739));
#862 = CARTESIAN_POINT('',(4.744950961276,226.19388863625));
#863 = CARTESIAN_POINT('',(4.736222825128,226.48259799293));
#864 = CARTESIAN_POINT('',(4.731377294256,226.6045469758));
#865 = CARTESIAN_POINT('',(4.725840328785,226.70020945586));
#866 = CARTESIAN_POINT('',(4.719812391353,226.75990388397));
#867 = CARTESIAN_POINT('',(4.713561900528,226.7784136775));
#868 = CARTESIAN_POINT('',(4.707375027207,226.75526683874));
#869 = CARTESIAN_POINT('',(4.697704681179,226.65595580341));
#870 = CARTESIAN_POINT('',(4.694002833918,226.60095702862));
#871 = CARTESIAN_POINT('',(4.690453397071,226.5305446054));
#872 = CARTESIAN_POINT('',(4.687103909874,226.44554407546));
#873 = CARTESIAN_POINT('',(4.683998587638,226.34707352461));
#874 = CARTESIAN_POINT('',(4.681177100492,226.23651814826));
#875 = CARTESIAN_POINT('',(4.675917563367,225.98235515218));
#876 = CARTESIAN_POINT('',(4.673545740098,225.83652590291));
#877 = CARTESIAN_POINT('',(4.671601536,225.68014547546));
#878 = CARTESIAN_POINT('',(4.670119337225,225.51562202062));
#879 = CARTESIAN_POINT('',(4.669123016645,225.34558015748));
#880 = CARTESIAN_POINT('',(4.668625011644,225.17277919261));
#881 = CARTESIAN_POINT('',(4.668625011644,224.83269060912));
#882 = CARTESIAN_POINT('',(4.669091993164,224.66547165223));
#883 = CARTESIAN_POINT('',(4.67002509219,224.49963592981));
#884 = CARTESIAN_POINT('',(4.671432903828,224.33659402952));
#885 = CARTESIAN_POINT('',(4.67333068591,224.17807470768));
#886 = CARTESIAN_POINT('',(4.67573763229,224.02633987564));
#887 = CARTESIAN_POINT('',(4.681770253586,223.73481819485));
#888 = CARTESIAN_POINT('',(4.68553785491,223.59220599196));
#889 = CARTESIAN_POINT('',(4.689970879246,223.46539422428));
#890 = CARTESIAN_POINT('',(4.69500360948,223.36203226198));
#891 = CARTESIAN_POINT('',(4.700522431534,223.28854646538));
#892 = CARTESIAN_POINT('',(4.706377521664,223.25));
#893 = CARTESIAN_POINT('',(4.712388980385,223.25));
#894 = ( GEOMETRIC_REPRESENTATION_CONTEXT(2) 
PARAMETRIC_REPRESENTATION_CONTEXT() REPRESENTATION_CONTEXT('2D SPACE',''
  ) );
#895 = PCURVE('',#896,#901);
#896 = CYLINDRICAL_SURFACE('',#897,1.75);
#897 = AXIS2_PLACEMENT_3D('',#898,#899,#900);
#898 = CARTESIAN_POINT('',(-7.771561172376E-15,-35.,224.));
#899 = DIRECTION('',(-2.22044604925E-16,-1.,1.110223024625E-16));
#900 = DIRECTION('',(-2.465190328816E-32,-1.110223024625E-16,-1.));
#901 = DEFINITIONAL_REPRESENTATION('',(#902),#953);
#902 = B_SPLINE_CURVE_WITH_KNOTS('',7,(#903,#904,#905,#906,#907,#908,
    #909,#910,#911,#912,#913,#914,#915,#916,#917,#918,#919,#920,#921,
    #922,#923,#924,#925,#926,#927,#928,#929,#930,#931,#932,#933,#934,
    #935,#936,#937,#938,#939,#940,#941,#942,#943,#944,#945,#946,#947,
    #948,#949,#950,#951,#952),.UNSPECIFIED.,.F.,.F.,(8,6,6,6,6,6,6,6,8),
  (0.,0.142508605361,0.277479939832,0.446120750187,0.592594335399,
    0.687570295832,0.792050167274,0.893222440309,1.),.UNSPECIFIED.);
#903 = CARTESIAN_POINT('',(0.,5.));
#904 = CARTESIAN_POINT('',(0.137467566078,5.));
#905 = CARTESIAN_POINT('',(0.271307164983,4.998312023238));
#906 = CARTESIAN_POINT('',(0.40165778395,4.995096538659));
#907 = CARTESIAN_POINT('',(0.528349975114,4.990809061763));
#908 = CARTESIAN_POINT('',(0.650945959877,4.986077085424));
#909 = CARTESIAN_POINT('',(0.768589228983,4.981444780099));
#910 = CARTESIAN_POINT('',(0.984828874629,4.973308856968));
#911 = CARTESIAN_POINT('',(1.086680105932,4.969661558007));
#912 = CARTESIAN_POINT('',(1.18600416555,4.966559292851));
#913 = CARTESIAN_POINT('',(1.283447635861,4.964150507878));
#914 = CARTESIAN_POINT('',(1.379640596085,4.962517569218));
#915 = CARTESIAN_POINT('',(1.475194427023,4.961700414272));
#916 = CARTESIAN_POINT('',(1.6902467413,4.961700414272));
#917 = CARTESIAN_POINT('',(1.809631604181,4.96297600593));
#918 = CARTESIAN_POINT('',(1.930314156381,4.96552559436));
#919 = CARTESIAN_POINT('',(2.05342185764,4.969251995516));
#920 = CARTESIAN_POINT('',(2.180209551696,4.973955249534));
#921 = CARTESIAN_POINT('',(2.311929809745,4.979232409189));
#922 = CARTESIAN_POINT('',(2.570747767492,4.988968575081));
#923 = CARTESIAN_POINT('',(2.700482623981,4.993605420817));
#924 = CARTESIAN_POINT('',(2.835663607101,4.997711348432));
#925 = CARTESIAN_POINT('',(2.974134319647,5.000467180466));
#926 = CARTESIAN_POINT('',(3.11422737674,5.001271534943));
#927 = CARTESIAN_POINT('',(3.254488779422,5.000185481771));
#928 = CARTESIAN_POINT('',(3.482681263202,4.995976876562));
#929 = CARTESIAN_POINT('',(3.572443447519,4.993690632957));
#930 = CARTESIAN_POINT('',(3.662197904186,4.990860595271));
#931 = CARTESIAN_POINT('',(3.751954251546,4.987624177215));
#932 = CARTESIAN_POINT('',(3.841718037464,4.984155232765));
#933 = CARTESIAN_POINT('',(3.931483086342,4.980643331521));
#934 = CARTESIAN_POINT('',(4.11997562573,4.973551381261));
#935 = CARTESIAN_POINT('',(4.218715896501,4.969999289458));
#936 = CARTESIAN_POINT('',(4.317445203091,4.966846706285));
#937 = CARTESIAN_POINT('',(4.416175274423,4.964315689705));
#938 = CARTESIAN_POINT('',(4.514914888167,4.962571839734));
#939 = CARTESIAN_POINT('',(4.613658013179,4.961700414272));
#940 = CARTESIAN_POINT('',(4.807994346599,4.961700414272));
#941 = CARTESIAN_POINT('',(4.903547940954,4.962517626936));
#942 = CARTESIAN_POINT('',(4.999738965786,4.964150575896));
#943 = CARTESIAN_POINT('',(5.097179975824,4.96655928044));
#944 = CARTESIAN_POINT('',(5.196502427284,4.969661462929));
#945 = CARTESIAN_POINT('',(5.298353922406,4.973308762525));
#946 = CARTESIAN_POINT('',(5.514552435741,4.98144313807));
#947 = CARTESIAN_POINT('',(5.632210796303,4.986075847758));
#948 = CARTESIAN_POINT('',(5.754844746633,4.990809708868));
#949 = CARTESIAN_POINT('',(5.881576102355,4.995098720823));
#950 = CARTESIAN_POINT('',(6.011949993625,4.998313564064));
#951 = CARTESIAN_POINT('',(6.145780536417,5.));
#952 = CARTESIAN_POINT('',(6.28318530718,5.));
#953 = ( GEOMETRIC_REPRESENTATION_CONTEXT(2) 
PARAMETRIC_REPRESENTATION_CONTEXT() REPRESENTATION_CONTEXT('2D SPACE',''
  ) );
#954 = ADVANCED_FACE('',(#955),#164,.F.);
#955 = FACE_BOUND('',#956,.F.);
#956 = EDGE_LOOP('',(#957,#980,#981,#982));
#957 = ORIENTED_EDGE('',*,*,#958,.T.);
#958 = EDGE_CURVE('',#959,#148,#961,.T.);
#959 = VERTEX_POINT('',#960);
#960 = CARTESIAN_POINT('',(14.8,-3.624954525476E-15,6.));
#961 = SEAM_CURVE('',#962,(#966,#973),.PCURVE_S1.);
#962 = LINE('',#963,#964);
#963 = CARTESIAN_POINT('',(14.8,-3.624954525476E-15,-1.));
#964 = VECTOR('',#965,1.);
#965 = DIRECTION('',(0.,0.,1.));
#966 = PCURVE('',#164,#967);
#967 = DEFINITIONAL_REPRESENTATION('',(#968),#972);
#968 = LINE('',#969,#970);
#969 = CARTESIAN_POINT('',(6.28318530718,-0.));
#970 = VECTOR('',#971,1.);
#971 = DIRECTION('',(0.,1.));
#972 = ( GEOMETRIC_REPRESENTATION_CONTEXT(2) 
PARAMETRIC_REPRESENTATION_CONTEXT() REPRESENTATION_CONTEXT('2D SPACE',''
  ) );
#973 = PCURVE('',#164,#974);
#974 = DEFINITIONAL_REPRESENTATION('',(#975),#979);
#975 = LINE('',#976,#977);
#976 = CARTESIAN_POINT('',(0.,-0.));
#977 = VECTOR('',#978,1.);
#978 = DIRECTION('',(0.,1.));
#979 = ( GEOMETRIC_REPRESENTATION_CONTEXT(2) 
PARAMETRIC_REPRESENTATION_CONTEXT() REPRESENTATION_CONTEXT('2D SPACE',''
  ) );
#980 = ORIENTED_EDGE('',*,*,#147,.F.);
#981 = ORIENTED_EDGE('',*,*,#958,.F.);
#982 = ORIENTED_EDGE('',*,*,#983,.T.);
#983 = EDGE_CURVE('',#959,#959,#984,.T.);
#984 = SURFACE_CURVE('',#985,(#990,#997),.PCURVE_S1.);
#985 = CIRCLE('',#986,14.8);
#986 = AXIS2_PLACEMENT_3D('',#987,#988,#989);
#987 = CARTESIAN_POINT('',(0.,0.,6.));
#988 = DIRECTION('',(0.,0.,1.));
#989 = DIRECTION('',(1.,0.,-0.));
#990 = PCURVE('',#164,#991);
#991 = DEFINITIONAL_REPRESENTATION('',(#992),#996);
#992 = LINE('',#993,#994);
#993 = CARTESIAN_POINT('',(0.,7.));
#994 = VECTOR('',#995,1.);
#995 = DIRECTION('',(1.,0.));
#996 = ( GEOMETRIC_REPRESENTATION_CONTEXT(2) 
PARAMETRIC_REPRESENTATION_CONTEXT() REPRESENTATION_CONTEXT('2D SPACE',''
  ) );
#997 = PCURVE('',#998,#1003);
#998 = PLANE('',#999);
#999 = AXIS2_PLACEMENT_3D('',#1000,#1001,#1002);
#1000 = CARTESIAN_POINT('',(0.,0.,6.));
#1001 = DIRECTION('',(0.,0.,1.));
#1002 = DIRECTION('',(1.,0.,-0.));
#1003 = DEFINITIONAL_REPRESENTATION('',(#1004),#1008);
#1004 = CIRCLE('',#1005,14.8);
#1005 = AXIS2_PLACEMENT_2D('',#1006,#1007);
#1006 = CARTESIAN_POINT('',(0.,0.));
#1007 = DIRECTION('',(1.,0.));
#1008 = ( GEOMETRIC_REPRESENTATION_CONTEXT(2) 
PARAMETRIC_REPRESENTATION_CONTEXT() REPRESENTATION_CONTEXT('2D SPACE',''
  ) );
#1009 = ADVANCED_FACE('',(#1010),#266,.F.);
#1010 = FACE_BOUND('',#1011,.F.);
#1011 = EDGE_LOOP('',(#1012,#1111,#1132,#1133,#1134,#1135));
#1012 = ORIENTED_EDGE('',*,*,#1013,.F.);
#1013 = EDGE_CURVE('',#1014,#1016,#1018,.T.);
#1014 = VERTEX_POINT('',#1015);
#1015 = CARTESIAN_POINT('',(42.,-5.35782974627E-15,222.25));
#1016 = VERTEX_POINT('',#1017);
#1017 = CARTESIAN_POINT('',(42.,-1.028703311284E-14,225.75));
#1018 = SURFACE_CURVE('',#1019,(#1046,#1076),.PCURVE_S1.);
#1019 = B_SPLINE_CURVE_WITH_KNOTS('',7,(#1020,#1021,#1022,#1023,#1024,
    #1025,#1026,#1027,#1028,#1029,#1030,#1031,#1032,#1033,#1034,#1035,
    #1036,#1037,#1038,#1039,#1040,#1041,#1042,#1043,#1044,#1045),
  .UNSPECIFIED.,.F.,.F.,(8,6,6,6,8),(0.,0.256796945706,0.50001596791,
    0.743243851631,1.),.UNSPECIFIED.);
#1020 = CARTESIAN_POINT('',(42.,-9.914693070884E-16,222.25));
#1021 = CARTESIAN_POINT('',(42.,0.240564909828,222.25));
#1022 = CARTESIAN_POINT('',(41.998392447927,0.474783689339,
    222.28858063886));
#1023 = CARTESIAN_POINT('',(41.995330101926,0.695472774074,
    222.36208041693));
#1024 = CARTESIAN_POINT('',(41.991246809556,0.896672045916,
    222.46541784132));
#1025 = CARTESIAN_POINT('',(41.986740270263,1.07388288034,
    222.59217954431));
#1026 = CARTESIAN_POINT('',(41.982328723297,1.224515318679,
    222.73475936904));
#1027 = CARTESIAN_POINT('',(41.974580573173,1.465730828736,
    223.0263388324));
#1028 = CARTESIAN_POINT('',(41.97110714592,1.561941602253,223.1780745574
    ));
#1029 = CARTESIAN_POINT('',(41.968152839821,1.637791586845,
    223.33659709381));
#1030 = CARTESIAN_POINT('',(41.965858989552,1.694053214219,
    223.49964304858));
#1031 = CARTESIAN_POINT('',(41.964303984428,1.731340386205,
    223.66548118931));
#1032 = CARTESIAN_POINT('',(41.963525828986,1.75,223.83269860871));
#1033 = CARTESIAN_POINT('',(41.963525828986,1.75,224.16730748679));
#1034 = CARTESIAN_POINT('',(41.964304039668,1.731339048705,
    224.33452453702));
#1035 = CARTESIAN_POINT('',(41.965859055113,1.694051677808,
    224.50035894037));
#1036 = CARTESIAN_POINT('',(41.968152827893,1.637791645959,
    224.66340060964));
#1037 = CARTESIAN_POINT('',(41.971107053813,1.561943892465,
    224.82192091469));
#1038 = CARTESIAN_POINT('',(41.974580480802,1.465733704412,
    224.9736576915));
#1039 = CARTESIAN_POINT('',(41.982328043664,1.224536477035,
    225.26521505489));
#1040 = CARTESIAN_POINT('',(41.986739669494,1.073906163831,
    225.40780584051));
#1041 = CARTESIAN_POINT('',(41.991246933957,0.896676020711,
    225.53458964655));
#1042 = CARTESIAN_POINT('',(41.995330976832,0.695444595551,
    225.63794063027));
#1043 = CARTESIAN_POINT('',(41.998393136841,0.474728658804,
    225.71143587859));
#1044 = CARTESIAN_POINT('',(42.,0.240513423923,225.75));
#1045 = CARTESIAN_POINT('',(42.,1.875782019251E-15,225.75));
#1046 = PCURVE('',#266,#1047);
#1047 = DEFINITIONAL_REPRESENTATION('',(#1048),#1075);
#1048 = B_SPLINE_CURVE_WITH_KNOTS('',7,(#1049,#1050,#1051,#1052,#1053,
    #1054,#1055,#1056,#1057,#1058,#1059,#1060,#1061,#1062,#1063,#1064,
    #1065,#1066,#1067,#1068,#1069,#1070,#1071,#1072,#1073,#1074),
  .UNSPECIFIED.,.F.,.F.,(8,6,6,6,8),(0.,0.256796945706,0.50001596791,
    0.743243851631,1.),.UNSPECIFIED.);
#1049 = CARTESIAN_POINT('',(-8.881784197001E-16,7.));
#1050 = CARTESIAN_POINT('',(0.137465662759,7.));
#1051 = CARTESIAN_POINT('',(0.271304900971,6.998392447927));
#1052 = CARTESIAN_POINT('',(0.401655937636,6.995330101926));
#1053 = CARTESIAN_POINT('',(0.528348867449,6.991246809556));
#1054 = CARTESIAN_POINT('',(0.650945546276,6.986740270263));
#1055 = CARTESIAN_POINT('',(0.768589245,6.982328723297));
#1056 = CARTESIAN_POINT('',(0.984830611085,6.974580573173));
#1057 = CARTESIAN_POINT('',(1.086682935968,6.97110714592));
#1058 = CARTESIAN_POINT('',(1.186007405867,6.968152839821));
#1059 = CARTESIAN_POINT('',(1.28345062994,6.965858989552));
#1060 = CARTESIAN_POINT('',(1.379642806963,6.964303984428));
#1061 = CARTESIAN_POINT('',(1.475195531776,6.963525828986));
#1062 = CARTESIAN_POINT('',(1.666400604962,6.963525828986));
#1063 = CARTESIAN_POINT('',(1.761953109605,6.964304039668));
#1064 = CARTESIAN_POINT('',(1.858143332956,6.965859055113));
#1065 = CARTESIAN_POINT('',(1.955584062102,6.968152827893));
#1066 = CARTESIAN_POINT('',(2.054906893214,6.971107053813));
#1067 = CARTESIAN_POINT('',(2.156759464561,6.974580480802));
#1068 = CARTESIAN_POINT('',(2.372984440855,6.982328043664));
#1069 = CARTESIAN_POINT('',(2.490632195444,6.986739669494));
#1070 = CARTESIAN_POINT('',(2.613244466844,6.991246933957));
#1071 = CARTESIAN_POINT('',(2.739955503062,6.995330976832));
#1072 = CARTESIAN_POINT('',(2.870319206858,6.998393136841));
#1073 = CARTESIAN_POINT('',(3.004156411348,7.));
#1074 = CARTESIAN_POINT('',(3.14159265359,7.));
#1075 = ( GEOMETRIC_REPRESENTATION_CONTEXT(2) 
PARAMETRIC_REPRESENTATION_CONTEXT() REPRESENTATION_CONTEXT('2D SPACE',''
  ) );
#1076 = PCURVE('',#1077,#1082);
#1077 = CYLINDRICAL_SURFACE('',#1078,42.);
#1078 = AXIS2_PLACEMENT_3D('',#1079,#1080,#1081);
#1079 = CARTESIAN_POINT('',(0.,0.,0.));
#1080 = DIRECTION('',(0.,0.,1.));
#1081 = DIRECTION('',(1.,0.,-0.));
#1082 = DEFINITIONAL_REPRESENTATION('',(#1083),#1110);
#1083 = B_SPLINE_CURVE_WITH_KNOTS('',7,(#1084,#1085,#1086,#1087,#1088,
    #1089,#1090,#1091,#1092,#1093,#1094,#1095,#1096,#1097,#1098,#1099,
    #1100,#1101,#1102,#1103,#1104,#1105,#1106,#1107,#1108,#1109),
  .UNSPECIFIED.,.F.,.F.,(8,6,6,6,8),(0.,0.256796945706,0.50001596791,
    0.743243851631,1.),.UNSPECIFIED.);
#1084 = CARTESIAN_POINT('',(0.,222.25));
#1085 = CARTESIAN_POINT('',(5.727735948295E-03,222.25));
#1086 = CARTESIAN_POINT('',(1.13043739602E-02,222.28858063886));
#1087 = CARTESIAN_POINT('',(1.655918061311E-02,222.36208041693));
#1088 = CARTESIAN_POINT('',(2.135049428124E-02,222.46541784132));
#1089 = CARTESIAN_POINT('',(2.557111338707E-02,222.59217954431));
#1090 = CARTESIAN_POINT('',(2.915912305231E-02,222.73475936904));
#1091 = CARTESIAN_POINT('',(3.490531158116E-02,223.0263388324));
#1092 = CARTESIAN_POINT('',(3.719751852229E-02,223.1780745574));
#1093 = CARTESIAN_POINT('',(3.900483349457E-02,223.33659709381));
#1094 = CARTESIAN_POINT('',(4.034550822297E-02,223.49964304858));
#1095 = CARTESIAN_POINT('',(4.123406975576E-02,223.66548118931));
#1096 = CARTESIAN_POINT('',(4.167873242258E-02,223.83269860871));
#1097 = CARTESIAN_POINT('',(4.167873242258E-02,224.16730748679));
#1098 = CARTESIAN_POINT('',(4.12340378839E-02,224.33452453702));
#1099 = CARTESIAN_POINT('',(4.034547160704E-02,224.50035894037));
#1100 = CARTESIAN_POINT('',(3.900483491437E-02,224.66340060964));
#1101 = CARTESIAN_POINT('',(3.719757309298E-02,224.82192091469));
#1102 = CARTESIAN_POINT('',(3.490538008496E-02,224.9736576915));
#1103 = CARTESIAN_POINT('',(2.915962708252E-02,225.26521505489));
#1104 = CARTESIAN_POINT('',(2.557166793806E-02,225.40780584051));
#1105 = CARTESIAN_POINT('',(2.13505887653E-02,225.53458964655));
#1106 = CARTESIAN_POINT('',(1.655850948751E-02,225.63794063027));
#1107 = CARTESIAN_POINT('',(1.13030637085E-02,225.71143587859));
#1108 = CARTESIAN_POINT('',(5.7265100934E-03,225.75));
#1109 = CARTESIAN_POINT('',(0.,225.75));
#1110 = ( GEOMETRIC_REPRESENTATION_CONTEXT(2) 
PARAMETRIC_REPRESENTATION_CONTEXT() REPRESENTATION_CONTEXT('2D SPACE',''
  ) );
#1111 = ORIENTED_EDGE('',*,*,#1112,.F.);
#1112 = EDGE_CURVE('',#180,#1014,#1113,.T.);
#1113 = SEAM_CURVE('',#1114,(#1118,#1125),.PCURVE_S1.);
#1114 = LINE('',#1115,#1116);
#1115 = CARTESIAN_POINT('',(35.,-4.286263797016E-16,222.25));
#1116 = VECTOR('',#1117,1.);
#1117 = DIRECTION('',(1.,0.,1.110223024625E-16));
#1118 = PCURVE('',#266,#1119);
#1119 = DEFINITIONAL_REPRESENTATION('',(#1120),#1124);
#1120 = LINE('',#1121,#1122);
#1121 = CARTESIAN_POINT('',(6.28318530718,-0.));
#1122 = VECTOR('',#1123,1.);
#1123 = DIRECTION('',(0.,1.));
#1124 = ( GEOMETRIC_REPRESENTATION_CONTEXT(2) 
PARAMETRIC_REPRESENTATION_CONTEXT() REPRESENTATION_CONTEXT('2D SPACE',''
  ) );
#1125 = PCURVE('',#266,#1126);
#1126 = DEFINITIONAL_REPRESENTATION('',(#1127),#1131);
#1127 = LINE('',#1128,#1129);
#1128 = CARTESIAN_POINT('',(0.,-0.));
#1129 = VECTOR('',#1130,1.);
#1130 = DIRECTION('',(0.,1.));
#1131 = ( GEOMETRIC_REPRESENTATION_CONTEXT(2) 
PARAMETRIC_REPRESENTATION_CONTEXT() REPRESENTATION_CONTEXT('2D SPACE',''
  ) );
#1132 = ORIENTED_EDGE('',*,*,#352,.T.);
#1133 = ORIENTED_EDGE('',*,*,#204,.T.);
#1134 = ORIENTED_EDGE('',*,*,#1112,.T.);
#1135 = ORIENTED_EDGE('',*,*,#1136,.F.);
#1136 = EDGE_CURVE('',#1016,#1014,#1137,.T.);
#1137 = SURFACE_CURVE('',#1138,(#1165,#1195),.PCURVE_S1.);
#1138 = B_SPLINE_CURVE_WITH_KNOTS('',7,(#1139,#1140,#1141,#1142,#1143,
    #1144,#1145,#1146,#1147,#1148,#1149,#1150,#1151,#1152,#1153,#1154,
    #1155,#1156,#1157,#1158,#1159,#1160,#1161,#1162,#1163,#1164),
  .UNSPECIFIED.,.F.,.F.,(8,6,6,6,8),(0.,0.256807468623,0.500048624585,
    0.74328836285,1.),.UNSPECIFIED.);
#1139 = CARTESIAN_POINT('',(42.,-3.330669073875E-15,225.75));
#1140 = CARTESIAN_POINT('',(42.,-0.240564909828,225.75));
#1141 = CARTESIAN_POINT('',(41.998392447927,-0.474783689339,
    225.71141936113));
#1142 = CARTESIAN_POINT('',(41.995330101926,-0.695472774074,
    225.63791958306));
#1143 = CARTESIAN_POINT('',(41.991246809556,-0.896672045916,
    225.53458215867));
#1144 = CARTESIAN_POINT('',(41.986740270263,-1.07388288034,
    225.40782045568));
#1145 = CARTESIAN_POINT('',(41.982328723297,-1.224515318679,
    225.26524063095));
#1146 = CARTESIAN_POINT('',(41.974580384639,-1.465736698158,
    224.97365407268));
#1147 = CARTESIAN_POINT('',(41.971106971212,-1.56194584513,
    224.82191675615));
#1148 = CARTESIAN_POINT('',(41.96815282107,-1.63779174543,
    224.66339856384));
#1149 = CARTESIAN_POINT('',(41.965859080117,-1.694051083583,
    224.50035964891));
#1150 = CARTESIAN_POINT('',(41.964304049358,-1.731338818422,
    224.33452640339));
#1151 = CARTESIAN_POINT('',(41.963525828986,-1.75,224.16730846472));
#1152 = CARTESIAN_POINT('',(41.963525828986,-1.75,223.83269251041));
#1153 = CARTESIAN_POINT('',(41.964304039687,-1.731339048031,
    223.66547546986));
#1154 = CARTESIAN_POINT('',(41.965859055014,-1.694051681037,
    223.49964105462));
#1155 = CARTESIAN_POINT('',(41.968152828089,-1.637791639831,
    223.33659938777));
#1156 = CARTESIAN_POINT('',(41.971107053633,-1.561943898015,
    223.17807909101));
#1157 = CARTESIAN_POINT('',(41.974580480871,-1.465733702282,
    223.02634230592));
#1158 = CARTESIAN_POINT('',(41.982327159995,-1.224563987419,
    222.73481819944));
#1159 = CARTESIAN_POINT('',(41.986739091851,-1.073930003367,
    222.59220542482));
#1160 = CARTESIAN_POINT('',(41.991247425511,-0.896668863353,
    222.46539295299));
#1161 = CARTESIAN_POINT('',(41.995332179597,-0.695397831134,
    222.36203067756));
#1162 = CARTESIAN_POINT('',(41.99839391492,-0.474658009588,
    222.28854540856));
#1163 = CARTESIAN_POINT('',(42.,-0.240455050557,222.25));
#1164 = CARTESIAN_POINT('',(42.,-6.217248937901E-15,222.25));
#1165 = PCURVE('',#266,#1166);
#1166 = DEFINITIONAL_REPRESENTATION('',(#1167),#1194);
#1167 = B_SPLINE_CURVE_WITH_KNOTS('',7,(#1168,#1169,#1170,#1171,#1172,
    #1173,#1174,#1175,#1176,#1177,#1178,#1179,#1180,#1181,#1182,#1183,
    #1184,#1185,#1186,#1187,#1188,#1189,#1190,#1191,#1192,#1193),
  .UNSPECIFIED.,.F.,.F.,(8,6,6,6,8),(0.,0.256807468623,0.500048624585,
    0.74328836285,1.),.UNSPECIFIED.);
#1168 = CARTESIAN_POINT('',(3.14159265359,7.));
#1169 = CARTESIAN_POINT('',(3.279058316349,7.));
#1170 = CARTESIAN_POINT('',(3.41289755456,6.998392447927));
#1171 = CARTESIAN_POINT('',(3.543248591226,6.995330101926));
#1172 = CARTESIAN_POINT('',(3.66994152104,6.991246809556));
#1173 = CARTESIAN_POINT('',(3.792538199865,6.986740270263));
#1174 = CARTESIAN_POINT('',(3.91018189859,6.982328723297));
#1175 = CARTESIAN_POINT('',(4.126428526409,6.974580384639));
#1176 = CARTESIAN_POINT('',(4.228280957206,6.971106971212));
#1177 = CARTESIAN_POINT('',(4.327602323333,6.96815282107));
#1178 = CARTESIAN_POINT('',(4.425041550391,6.965859080117));
#1179 = CARTESIAN_POINT('',(4.521231126865,6.964304049358));
#1180 = CARTESIAN_POINT('',(4.6167841434,6.963525828986));
#1181 = CARTESIAN_POINT('',(4.807993260151,6.963525828986));
#1182 = CARTESIAN_POINT('',(4.903545759444,6.964304039687));
#1183 = CARTESIAN_POINT('',(4.999735988676,6.965859055014));
#1184 = CARTESIAN_POINT('',(5.097176718424,6.968152828089));
#1185 = CARTESIAN_POINT('',(5.196499542425,6.971107053633));
#1186 = CARTESIAN_POINT('',(5.29835212006,6.974580480871));
#1187 = CARTESIAN_POINT('',(5.514552432337,6.982327159995));
#1188 = CARTESIAN_POINT('',(5.632211216638,6.986739091851));
#1189 = CARTESIAN_POINT('',(5.754845849878,6.991247425511));
#1190 = CARTESIAN_POINT('',(5.881577933692,6.995332179597));
#1191 = CARTESIAN_POINT('',(6.011952236845,6.99839391492));
#1192 = CARTESIAN_POINT('',(6.145782421147,7.));
#1193 = CARTESIAN_POINT('',(6.28318530718,7.));
#1194 = ( GEOMETRIC_REPRESENTATION_CONTEXT(2) 
PARAMETRIC_REPRESENTATION_CONTEXT() REPRESENTATION_CONTEXT('2D SPACE',''
  ) );
#1195 = PCURVE('',#1077,#1196);
#1196 = DEFINITIONAL_REPRESENTATION('',(#1197),#1224);
#1197 = B_SPLINE_CURVE_WITH_KNOTS('',7,(#1198,#1199,#1200,#1201,#1202,
    #1203,#1204,#1205,#1206,#1207,#1208,#1209,#1210,#1211,#1212,#1213,
    #1214,#1215,#1216,#1217,#1218,#1219,#1220,#1221,#1222,#1223),
  .UNSPECIFIED.,.F.,.F.,(8,6,6,6,8),(0.,0.256807468623,0.500048624585,
    0.74328836285,1.),.UNSPECIFIED.);
#1198 = CARTESIAN_POINT('',(6.28318530718,225.75));
#1199 = CARTESIAN_POINT('',(6.277457571231,225.75));
#1200 = CARTESIAN_POINT('',(6.271880933219,225.71141936113));
#1201 = CARTESIAN_POINT('',(6.266626126566,225.63791958306));
#1202 = CARTESIAN_POINT('',(6.261834812898,225.53458215867));
#1203 = CARTESIAN_POINT('',(6.257614193793,225.40782045568));
#1204 = CARTESIAN_POINT('',(6.254026184127,225.26524063095));
#1205 = CARTESIAN_POINT('',(6.248279855778,224.97365407268));
#1206 = CARTESIAN_POINT('',(6.245987687555,224.82191675615));
#1207 = CARTESIAN_POINT('',(6.244180469892,224.66339856384));
#1208 = CARTESIAN_POINT('',(6.242839849733,224.50035964891));
#1209 = CARTESIAN_POINT('',(6.241951274784,224.33452640339));
#1210 = CARTESIAN_POINT('',(6.241506574757,224.16730846472));
#1211 = CARTESIAN_POINT('',(6.241506574757,223.83269251041));
#1212 = CARTESIAN_POINT('',(6.241951269312,223.66547546986));
#1213 = CARTESIAN_POINT('',(6.242839835496,223.49964105462));
#1214 = CARTESIAN_POINT('',(6.244180472411,223.33659938777));
#1215 = CARTESIAN_POINT('',(6.245987733954,223.17807909101));
#1216 = CARTESIAN_POINT('',(6.248279927145,223.02634230592));
#1217 = CARTESIAN_POINT('',(6.25402502475,222.73481819944));
#1218 = CARTESIAN_POINT('',(6.257613071482,222.59220542482));
#1219 = CARTESIAN_POINT('',(6.261834889103,222.46539295299));
#1220 = CARTESIAN_POINT('',(6.266627911379,222.36203067756));
#1221 = CARTESIAN_POINT('',(6.27188392559,222.28854540856));
#1222 = CARTESIAN_POINT('',(6.277460186928,222.25));
#1223 = CARTESIAN_POINT('',(6.28318530718,222.25));
#1224 = ( GEOMETRIC_REPRESENTATION_CONTEXT(2) 
PARAMETRIC_REPRESENTATION_CONTEXT() REPRESENTATION_CONTEXT('2D SPACE',''
  ) );
#1225 = ADVANCED_FACE('',(#1226,#1252),#339,.T.);
#1226 = FACE_BOUND('',#1227,.T.);
#1227 = EDGE_LOOP('',(#1228));
#1228 = ORIENTED_EDGE('',*,*,#1229,.T.);
#1229 = EDGE_CURVE('',#1230,#1230,#1232,.T.);
#1230 = VERTEX_POINT('',#1231);
#1231 = CARTESIAN_POINT('',(42.,-1.028703311284E-14,244.));
#1232 = SURFACE_CURVE('',#1233,(#1238,#1245),.PCURVE_S1.);
#1233 = CIRCLE('',#1234,42.);
#1234 = AXIS2_PLACEMENT_3D('',#1235,#1236,#1237);
#1235 = CARTESIAN_POINT('',(0.,0.,244.));
#1236 = DIRECTION('',(0.,0.,1.));
#1237 = DIRECTION('',(1.,0.,-0.));
#1238 = PCURVE('',#339,#1239);
#1239 = DEFINITIONAL_REPRESENTATION('',(#1240),#1244);
#1240 = CIRCLE('',#1241,42.);
#1241 = AXIS2_PLACEMENT_2D('',#1242,#1243);
#1242 = CARTESIAN_POINT('',(0.,0.));
#1243 = DIRECTION('',(1.,0.));
#1244 = ( GEOMETRIC_REPRESENTATION_CONTEXT(2) 
PARAMETRIC_REPRESENTATION_CONTEXT() REPRESENTATION_CONTEXT('2D SPACE',''
  ) );
#1245 = PCURVE('',#1077,#1246);
#1246 = DEFINITIONAL_REPRESENTATION('',(#1247),#1251);
#1247 = LINE('',#1248,#1249);
#1248 = CARTESIAN_POINT('',(0.,244.));
#1249 = VECTOR('',#1250,1.);
#1250 = DIRECTION('',(1.,0.));
#1251 = ( GEOMETRIC_REPRESENTATION_CONTEXT(2) 
PARAMETRIC_REPRESENTATION_CONTEXT() REPRESENTATION_CONTEXT('2D SPACE',''
  ) );
#1252 = FACE_BOUND('',#1253,.T.);
#1253 = EDGE_LOOP('',(#1254));
#1254 = ORIENTED_EDGE('',*,*,#324,.F.);
#1255 = ADVANCED_FACE('',(#1256),#554,.F.);
#1256 = FACE_BOUND('',#1257,.F.);
#1257 = EDGE_LOOP('',(#1258,#1422,#1443,#1444));
#1258 = ORIENTED_EDGE('',*,*,#1259,.F.);
#1259 = EDGE_CURVE('',#1260,#1260,#1262,.T.);
#1260 = VERTEX_POINT('',#1261);
#1261 = CARTESIAN_POINT('',(5.091563083127E-15,42.,222.25));
#1262 = SURFACE_CURVE('',#1263,(#1314,#1368),.PCURVE_S1.);
#1263 = B_SPLINE_CURVE_WITH_KNOTS('',7,(#1264,#1265,#1266,#1267,#1268,
    #1269,#1270,#1271,#1272,#1273,#1274,#1275,#1276,#1277,#1278,#1279,
    #1280,#1281,#1282,#1283,#1284,#1285,#1286,#1287,#1288,#1289,#1290,
    #1291,#1292,#1293,#1294,#1295,#1296,#1297,#1298,#1299,#1300,#1301,
    #1302,#1303,#1304,#1305,#1306,#1307,#1308,#1309,#1310,#1311,#1312,
    #1313),.UNSPECIFIED.,.T.,.F.,(8,6,6,6,6,6,6,6,8),(0.,0.142507598783,
    0.277480227595,0.44612201429,0.592595534228,0.687572169251,
    0.792052782022,0.893224675595,1.),.UNSPECIFIED.);
#1264 = CARTESIAN_POINT('',(3.774758283726E-15,42.,222.25));
#1265 = CARTESIAN_POINT('',(-0.240564909828,42.,222.25));
#1266 = CARTESIAN_POINT('',(-0.474783689339,41.998392447927,
    222.28858063886));
#1267 = CARTESIAN_POINT('',(-0.695472774074,41.995330101926,
    222.36208041693));
#1268 = CARTESIAN_POINT('',(-0.896672045916,41.991246809556,
    222.46541784132));
#1269 = CARTESIAN_POINT('',(-1.07388288034,41.986740270263,
    222.59217954431));
#1270 = CARTESIAN_POINT('',(-1.224515318679,41.982328723297,
    222.73475936904));
#1271 = CARTESIAN_POINT('',(-1.465730828736,41.974580573173,
    223.0263388324));
#1272 = CARTESIAN_POINT('',(-1.561941602253,41.97110714592,
    223.1780745574));
#1273 = CARTESIAN_POINT('',(-1.637791586845,41.968152839821,
    223.33659709381));
#1274 = CARTESIAN_POINT('',(-1.694053214219,41.965858989552,
    223.49964304858));
#1275 = CARTESIAN_POINT('',(-1.731340386205,41.964303984427,
    223.66548118931));
#1276 = CARTESIAN_POINT('',(-1.75,41.963525828986,223.83269860871));
#1277 = CARTESIAN_POINT('',(-1.75,41.963525828986,224.2090350154));
#1278 = CARTESIAN_POINT('',(-1.720870905227,41.964740532465,
    224.41795668841));
#1279 = CARTESIAN_POINT('',(-1.662660112015,41.967168421143,
    224.62427106466));
#1280 = CARTESIAN_POINT('',(-1.574487515182,41.970717009449,
    224.82513075767));
#1281 = CARTESIAN_POINT('',(-1.454910494391,41.975195992224,
    225.01676970197));
#1282 = CARTESIAN_POINT('',(-1.302265918567,41.980221683616,
    225.19388533694));
#1283 = CARTESIAN_POINT('',(-0.953269816078,41.98949405822,
    225.48260002179));
#1284 = CARTESIAN_POINT('',(-0.759501518761,41.993909997837,
    225.60454862257));
#1285 = CARTESIAN_POINT('',(-0.538055920064,41.997820349002,
    225.70021048443));
#1286 = CARTESIAN_POINT('',(-0.296941199293,42.000444966795,
    225.75990441768));
#1287 = CARTESIAN_POINT('',(-4.691125102692E-02,42.001210981781,
    225.7784135339));
#1288 = CARTESIAN_POINT('',(0.200565262691,42.000176623135,
    225.75526636811));
#1289 = CARTESIAN_POINT('',(0.587354334912,41.996168469165,
    225.6559558137));
#1290 = CARTESIAN_POINT('',(0.735412141563,41.993991113535,
    225.60095704095));
#1291 = CARTESIAN_POINT('',(0.877363669569,41.991295877073,
    225.53054459914));
#1292 = CARTESIAN_POINT('',(1.01130594514,41.988213644917,
    225.44554405393));
#1293 = CARTESIAN_POINT('',(1.135471411433,41.98491000015,
    225.34707351503));
#1294 = CARTESIAN_POINT('',(1.24827660557,41.981565480428,
    225.23651816912));
#1295 = CARTESIAN_POINT('',(1.458538557364,41.974811598111,
    224.98235513021));
#1296 = CARTESIAN_POINT('',(1.55334558705,41.971428869753,
    224.83652594176));
#1297 = CARTESIAN_POINT('',(1.631050234648,41.968426634727,
    224.68014554536));
#1298 = CARTESIAN_POINT('',(1.690284258741,41.966016344695,
    224.51562204654));
#1299 = CARTESIAN_POINT('',(1.730098878314,41.964355683269,
    224.34558009955));
#1300 = CARTESIAN_POINT('',(1.75,41.963525828986,224.17277910024));
#1301 = CARTESIAN_POINT('',(1.75,41.963525828986,223.8326925132));
#1302 = CARTESIAN_POINT('',(1.731339048706,41.964304039668,
    223.66547546297));
#1303 = CARTESIAN_POINT('',(1.694051677807,41.965859055113,
    223.49964105962));
#1304 = CARTESIAN_POINT('',(1.63779164596,41.968152827893,
    223.33659939035));
#1305 = CARTESIAN_POINT('',(1.561943892464,41.971107053813,
    223.1780790853));
#1306 = CARTESIAN_POINT('',(1.465733704412,41.974580480802,
    223.02634230849));
#1307 = CARTESIAN_POINT('',(1.224563987417,41.982327159995,
    222.73481819944));
#1308 = CARTESIAN_POINT('',(1.073930003367,41.986739091851,
    222.59220542482));
#1309 = CARTESIAN_POINT('',(0.896668863355,41.991247425511,
    222.46539295299));
#1310 = CARTESIAN_POINT('',(0.695397831135,41.995332179597,
    222.36203067756));
#1311 = CARTESIAN_POINT('',(0.474658009588,41.99839391492,
    222.28854540856));
#1312 = CARTESIAN_POINT('',(0.240455050555,42.,222.25));
#1313 = CARTESIAN_POINT('',(3.774758283726E-15,42.,222.25));
#1314 = PCURVE('',#554,#1315);
#1315 = DEFINITIONAL_REPRESENTATION('',(#1316),#1367);
#1316 = B_SPLINE_CURVE_WITH_KNOTS('',7,(#1317,#1318,#1319,#1320,#1321,
    #1322,#1323,#1324,#1325,#1326,#1327,#1328,#1329,#1330,#1331,#1332,
    #1333,#1334,#1335,#1336,#1337,#1338,#1339,#1340,#1341,#1342,#1343,
    #1344,#1345,#1346,#1347,#1348,#1349,#1350,#1351,#1352,#1353,#1354,
    #1355,#1356,#1357,#1358,#1359,#1360,#1361,#1362,#1363,#1364,#1365,
    #1366),.UNSPECIFIED.,.F.,.F.,(8,6,6,6,6,6,6,6,8),(0.,0.142507598783,
    0.277480227595,0.44612201429,0.592595534228,0.687572169251,
    0.792052782022,0.893224675595,1.),.UNSPECIFIED.);
#1317 = CARTESIAN_POINT('',(0.,7.));
#1318 = CARTESIAN_POINT('',(0.137465662759,7.));
#1319 = CARTESIAN_POINT('',(0.27130490097,6.998392447927));
#1320 = CARTESIAN_POINT('',(0.401655937636,6.995330101926));
#1321 = CARTESIAN_POINT('',(0.528348867449,6.991246809556));
#1322 = CARTESIAN_POINT('',(0.650945546276,6.986740270263));
#1323 = CARTESIAN_POINT('',(0.768589245,6.982328723297));
#1324 = CARTESIAN_POINT('',(0.984830611085,6.974580573173));
#1325 = CARTESIAN_POINT('',(1.086682935969,6.97110714592));
#1326 = CARTESIAN_POINT('',(1.186007405867,6.968152839821));
#1327 = CARTESIAN_POINT('',(1.28345062994,6.965858989552));
#1328 = CARTESIAN_POINT('',(1.379642806963,6.964303984427));
#1329 = CARTESIAN_POINT('',(1.475195531776,6.963525828986));
#1330 = CARTESIAN_POINT('',(1.690244907025,6.963525828986));
#1331 = CARTESIAN_POINT('',(1.809627924527,6.964740532465));
#1332 = CARTESIAN_POINT('',(1.930309176798,6.967168421143));
#1333 = CARTESIAN_POINT('',(2.053416453954,6.970717009449));
#1334 = CARTESIAN_POINT('',(2.180204811752,6.975195992224));
#1335 = CARTESIAN_POINT('',(2.311926852033,6.980221683616));
#1336 = CARTESIAN_POINT('',(2.570749586294,6.98949405822));
#1337 = CARTESIAN_POINT('',(2.700484718054,6.993909997837));
#1338 = CARTESIAN_POINT('',(2.835665651107,6.997820349002));
#1339 = CARTESIAN_POINT('',(2.974136245839,7.000444966795));
#1340 = CARTESIAN_POINT('',(3.114229063645,7.001210981781));
#1341 = CARTESIAN_POINT('',(3.254489860802,7.000176623135));
#1342 = CARTESIAN_POINT('',(3.482681239564,6.996168469165));
#1343 = CARTESIAN_POINT('',(3.572443439057,6.993991113535));
#1344 = CARTESIAN_POINT('',(3.662197916996,6.991295877073));
#1345 = CARTESIAN_POINT('',(3.751954270329,6.988213644917));
#1346 = CARTESIAN_POINT('',(3.841718041681,6.98491000015));
#1347 = CARTESIAN_POINT('',(3.931483070874,6.981565480428));
#1348 = CARTESIAN_POINT('',(4.119975642022,6.974811598111));
#1349 = CARTESIAN_POINT('',(4.218715865623,6.971428869753));
#1350 = CARTESIAN_POINT('',(4.317445161721,6.968426634727));
#1351 = CARTESIAN_POINT('',(4.416175263727,6.966016344695));
#1352 = CARTESIAN_POINT('',(4.514914920574,6.964355683269));
#1353 = CARTESIAN_POINT('',(4.613658065962,6.963525828986));
#1354 = CARTESIAN_POINT('',(4.807993258552,6.963525828986));
#1355 = CARTESIAN_POINT('',(4.903545763195,6.964304039668));
#1356 = CARTESIAN_POINT('',(4.999735986546,6.965859055113));
#1357 = CARTESIAN_POINT('',(5.097176715691,6.968152827893));
#1358 = CARTESIAN_POINT('',(5.196499546804,6.971107053813));
#1359 = CARTESIAN_POINT('',(5.29835211815,6.974580480802));
#1360 = CARTESIAN_POINT('',(5.514552432338,6.982327159995));
#1361 = CARTESIAN_POINT('',(5.632211216638,6.986739091851));
#1362 = CARTESIAN_POINT('',(5.754845849876,6.991247425511));
#1363 = CARTESIAN_POINT('',(5.881577933692,6.995332179597));
#1364 = CARTESIAN_POINT('',(6.011952236844,6.99839391492));
#1365 = CARTESIAN_POINT('',(6.145782421148,7.));
#1366 = CARTESIAN_POINT('',(6.28318530718,7.));
#1367 = ( GEOMETRIC_REPRESENTATION_CONTEXT(2) 
PARAMETRIC_REPRESENTATION_CONTEXT() REPRESENTATION_CONTEXT('2D SPACE',''
  ) );
#1368 = PCURVE('',#1077,#1369);
#1369 = DEFINITIONAL_REPRESENTATION('',(#1370),#1421);
#1370 = B_SPLINE_CURVE_WITH_KNOTS('',7,(#1371,#1372,#1373,#1374,#1375,
    #1376,#1377,#1378,#1379,#1380,#1381,#1382,#1383,#1384,#1385,#1386,
    #1387,#1388,#1389,#1390,#1391,#1392,#1393,#1394,#1395,#1396,#1397,
    #1398,#1399,#1400,#1401,#1402,#1403,#1404,#1405,#1406,#1407,#1408,
    #1409,#1410,#1411,#1412,#1413,#1414,#1415,#1416,#1417,#1418,#1419,
    #1420),.UNSPECIFIED.,.T.,.F.,(8,6,6,6,6,6,6,6,8),(0.,0.142507598783,
    0.277480227595,0.44612201429,0.592595534228,0.687572169251,
    0.792052782022,0.893224675595,1.),.UNSPECIFIED.);
#1371 = CARTESIAN_POINT('',(1.570796326795,222.25));
#1372 = CARTESIAN_POINT('',(1.576524062743,222.25));
#1373 = CARTESIAN_POINT('',(1.582100700755,222.28858063886));
#1374 = CARTESIAN_POINT('',(1.587355507408,222.36208041693));
#1375 = CARTESIAN_POINT('',(1.592146821076,222.46541784132));
#1376 = CARTESIAN_POINT('',(1.596367440182,222.59217954431));
#1377 = CARTESIAN_POINT('',(1.599955449847,222.73475936904));
#1378 = CARTESIAN_POINT('',(1.605701638376,223.0263388324));
#1379 = CARTESIAN_POINT('',(1.607993845317,223.1780745574));
#1380 = CARTESIAN_POINT('',(1.609801160289,223.33659709381));
#1381 = CARTESIAN_POINT('',(1.611141835018,223.49964304858));
#1382 = CARTESIAN_POINT('',(1.612030396551,223.66548118931));
#1383 = CARTESIAN_POINT('',(1.612475059217,223.83269860871));
#1384 = CARTESIAN_POINT('',(1.612475059217,224.2090350154));
#1385 = CARTESIAN_POINT('',(1.61178090656,224.41795668841));
#1386 = CARTESIAN_POINT('',(1.610393730355,224.62427106466));
#1387 = CARTESIAN_POINT('',(1.608292685608,224.82513075767));
#1388 = CARTESIAN_POINT('',(1.605443641563,225.01676970197));
#1389 = CARTESIAN_POINT('',(1.601807350948,225.19388533694));
#1390 = CARTESIAN_POINT('',(1.593494987656,225.48260002179));
#1391 = CARTESIAN_POINT('',(1.588880293176,225.60454862257));
#1392 = CARTESIAN_POINT('',(1.583607063987,225.70021048443));
#1393 = CARTESIAN_POINT('',(1.577866178682,225.75990441768));
#1394 = CARTESIAN_POINT('',(1.571913316212,225.7784135339));
#1395 = CARTESIAN_POINT('',(1.566021077909,225.75526636811));
#1396 = CARTESIAN_POINT('',(1.556811319833,225.6559558137));
#1397 = CARTESIAN_POINT('',(1.553285786019,225.60095704095));
#1398 = CARTESIAN_POINT('',(1.549905426646,225.53054459914));
#1399 = CARTESIAN_POINT('',(1.546715521172,225.44554405393));
#1400 = CARTESIAN_POINT('',(1.543758177011,225.34707351503));
#1401 = CARTESIAN_POINT('',(1.541071167031,225.23651816912));
#1402 = CARTESIAN_POINT('',(1.53606234809,224.98235513021));
#1403 = CARTESIAN_POINT('',(1.533803616039,224.83652594176));
#1404 = CARTESIAN_POINT('',(1.531952133576,224.68014554536));
#1405 = CARTESIAN_POINT('',(1.530540634358,224.51562204654));
#1406 = CARTESIAN_POINT('',(1.529591842117,224.34558009955));
#1407 = CARTESIAN_POINT('',(1.529117594372,224.17277910024));
#1408 = CARTESIAN_POINT('',(1.529117594372,223.8326925132));
#1409 = CARTESIAN_POINT('',(1.529562288911,223.66547546297));
#1410 = CARTESIAN_POINT('',(1.530450855188,223.49964105962));
#1411 = CARTESIAN_POINT('',(1.531791491881,223.33659939035));
#1412 = CARTESIAN_POINT('',(1.533598753702,223.1780790853));
#1413 = CARTESIAN_POINT('',(1.53589094671,223.02634230849));
#1414 = CARTESIAN_POINT('',(1.541636044365,222.73481819944));
#1415 = CARTESIAN_POINT('',(1.545224091097,222.59220542482));
#1416 = CARTESIAN_POINT('',(1.549445908718,222.46539295299));
#1417 = CARTESIAN_POINT('',(1.554238930994,222.36203067756));
#1418 = CARTESIAN_POINT('',(1.559494945205,222.28854540856));
#1419 = CARTESIAN_POINT('',(1.565071206544,222.25));
#1420 = CARTESIAN_POINT('',(1.570796326795,222.25));
#1421 = ( GEOMETRIC_REPRESENTATION_CONTEXT(2) 
PARAMETRIC_REPRESENTATION_CONTEXT() REPRESENTATION_CONTEXT('2D SPACE',''
  ) );
#1422 = ORIENTED_EDGE('',*,*,#1423,.F.);
#1423 = EDGE_CURVE('',#445,#1260,#1424,.T.);
#1424 = SEAM_CURVE('',#1425,(#1429,#1436),.PCURVE_S1.);
#1425 = LINE('',#1426,#1427);
#1426 = CARTESIAN_POINT('',(4.31440696589E-15,35.,222.25));
#1427 = VECTOR('',#1428,1.);
#1428 = DIRECTION('',(1.110223024625E-16,1.,1.110223024625E-16));
#1429 = PCURVE('',#554,#1430);
#1430 = DEFINITIONAL_REPRESENTATION('',(#1431),#1435);
#1431 = LINE('',#1432,#1433);
#1432 = CARTESIAN_POINT('',(6.28318530718,-0.));
#1433 = VECTOR('',#1434,1.);
#1434 = DIRECTION('',(0.,1.));
#1435 = ( GEOMETRIC_REPRESENTATION_CONTEXT(2) 
PARAMETRIC_REPRESENTATION_CONTEXT() REPRESENTATION_CONTEXT('2D SPACE',''
  ) );
#1436 = PCURVE('',#554,#1437);
#1437 = DEFINITIONAL_REPRESENTATION('',(#1438),#1442);
#1438 = LINE('',#1439,#1440);
#1439 = CARTESIAN_POINT('',(0.,-0.));
#1440 = VECTOR('',#1441,1.);
#1441 = DIRECTION('',(0.,1.));
#1442 = ( GEOMETRIC_REPRESENTATION_CONTEXT(2) 
PARAMETRIC_REPRESENTATION_CONTEXT() REPRESENTATION_CONTEXT('2D SPACE',''
  ) );
#1443 = ORIENTED_EDGE('',*,*,#444,.T.);
#1444 = ORIENTED_EDGE('',*,*,#1423,.T.);
#1445 = ADVANCED_FACE('',(#1446),#725,.F.);
#1446 = FACE_BOUND('',#1447,.F.);
#1447 = EDGE_LOOP('',(#1448,#1636,#1657,#1658));
#1448 = ORIENTED_EDGE('',*,*,#1449,.F.);
#1449 = EDGE_CURVE('',#1450,#1450,#1452,.T.);
#1450 = VERTEX_POINT('',#1451);
#1451 = CARTESIAN_POINT('',(-42.,5.57214293612E-15,222.25));
#1452 = SURFACE_CURVE('',#1453,(#1512,#1574),.PCURVE_S1.);
#1453 = B_SPLINE_CURVE_WITH_KNOTS('',8,(#1454,#1455,#1456,#1457,#1458,
    #1459,#1460,#1461,#1462,#1463,#1464,#1465,#1466,#1467,#1468,#1469,
    #1470,#1471,#1472,#1473,#1474,#1475,#1476,#1477,#1478,#1479,#1480,
    #1481,#1482,#1483,#1484,#1485,#1486,#1487,#1488,#1489,#1490,#1491,
    #1492,#1493,#1494,#1495,#1496,#1497,#1498,#1499,#1500,#1501,#1502,
    #1503,#1504,#1505,#1506,#1507,#1508,#1509,#1510,#1511),
  .UNSPECIFIED.,.T.,.F.,(9,7,7,7,7,7,7,7,9),(0.,0.127763297017,
    0.248771216674,0.369783547194,0.464366573022,0.583459751492,
    0.660707446356,0.813664396376,1.),.UNSPECIFIED.);
#1454 = CARTESIAN_POINT('',(-42.,6.883382752676E-15,222.25));
#1455 = CARTESIAN_POINT('',(-42.,-0.2104942961,222.25));
#1456 = CARTESIAN_POINT('',(-41.99879433594,-0.416228994461,
    222.27893547915));
#1457 = CARTESIAN_POINT('',(-41.99647848167,-0.612714367298,
    222.33451800016));
#1458 = CARTESIAN_POINT('',(-41.99328845574,-0.796072409995,
    222.41374912913));
#1459 = CARTESIAN_POINT('',(-41.98955685732,-0.963126108825,
    222.51295347994));
#1460 = CARTESIAN_POINT('',(-41.98563738352,-1.111540989925,
    222.62782450049));
#1461 = CARTESIAN_POINT('',(-41.98183131386,-1.240000675701,
    222.75347795015));
#1462 = CARTESIAN_POINT('',(-41.9750516825,-1.451064247001,
    223.00860998059));
#1463 = CARTESIAN_POINT('',(-41.97197550273,-1.537888908874,
    223.14014062615));
#1464 = CARTESIAN_POINT('',(-41.9692607046,-1.609347842623,
    223.27715114265));
#1465 = CARTESIAN_POINT('',(-41.96700591468,-1.665922400532,
    223.41812007119));
#1466 = CARTESIAN_POINT('',(-41.96527586263,-1.708035903714,
    223.56183235135));
#1467 = CARTESIAN_POINT('',(-41.96410944556,-1.736005289654,
    223.70728554416));
#1468 = CARTESIAN_POINT('',(-41.96352582898,-1.75,223.85361128262));
#1469 = CARTESIAN_POINT('',(-41.96352582898,-1.75,224.14639405339));
#1470 = CARTESIAN_POINT('',(-41.96410948701,-1.736004286024,
    224.29272026999));
#1471 = CARTESIAN_POINT('',(-41.96527592426,-1.708034443659,
    224.43817103966));
#1472 = CARTESIAN_POINT('',(-41.96700594155,-1.665921660434,
    224.5818797788));
#1473 = CARTESIAN_POINT('',(-41.96926066266,-1.60934873665,
    224.72284572351));
#1474 = CARTESIAN_POINT('',(-41.97197541044,-1.537891349082,
    224.85985510525));
#1475 = CARTESIAN_POINT('',(-41.97505160173,-1.451066761354,
    224.99138698007));
#1476 = CARTESIAN_POINT('',(-41.98092703852,-1.268152587266,
    225.21249223449));
#1477 = CARTESIAN_POINT('',(-41.98365516605,-1.17775685191,
    225.30552429274));
#1478 = CARTESIAN_POINT('',(-41.9864567924,-1.077192857077,
    225.39307135148));
#1479 = CARTESIAN_POINT('',(-41.98923448886,-0.966641341897,
    225.47361178726));
#1480 = CARTESIAN_POINT('',(-41.99187429017,-0.846479824772,
    225.54561883778));
#1481 = CARTESIAN_POINT('',(-41.99425260417,-0.717287270048,
    225.60755786315));
#1482 = CARTESIAN_POINT('',(-41.99624617692,-0.579855492912,
    225.65788118908));
#1483 = CARTESIAN_POINT('',(-41.99963248263,-0.253075121839,
    225.74178412779));
#1484 = CARTESIAN_POINT('',(-42.0007049109,-6.244513213143E-02,
    225.76688945964));
#1485 = CARTESIAN_POINT('',(-42.0007669036,0.131901435704,
    225.76784422746));
#1486 = CARTESIAN_POINT('',(-41.99973567941,0.324668887212,
    225.74397139113));
#1487 = CARTESIAN_POINT('',(-41.99771053679,0.510558783155,
    225.69635472077));
#1488 = CARTESIAN_POINT('',(-41.99494556427,0.68474518346,
    225.62779280304));
#1489 = CARTESIAN_POINT('',(-41.99176741394,0.843311358664,
    225.54276226842));
#1490 = CARTESIAN_POINT('',(-41.98634744141,1.074671449696,
    225.38553011292));
#1491 = CARTESIAN_POINT('',(-41.98413987401,1.15927246861,
    225.31847151348));
#1492 = CARTESIAN_POINT('',(-41.98191335169,1.237429634011,
    225.24695522542));
#1493 = CARTESIAN_POINT('',(-41.97971761217,1.309170857204,
    225.1716371031));
#1494 = CARTESIAN_POINT('',(-41.97759537913,1.374559055313,
    225.09309904491));
#1495 = CARTESIAN_POINT('',(-41.97558229753,1.433681124717,
    225.01185847503));
#1496 = CARTESIAN_POINT('',(-41.97370735936,1.486638127381,
    224.92837709852));
#1497 = CARTESIAN_POINT('',(-41.96860086734,1.626399799104,
    224.67415156143));
#1498 = CARTESIAN_POINT('',(-41.96583452105,1.695677674355,
    224.49776792475));
#1499 = CARTESIAN_POINT('',(-41.9638714914,1.742253109181,
    224.31670980829));
#1500 = CARTESIAN_POINT('',(-41.96280975316,1.766788738542,
    224.13310266326));
#1501 = CARTESIAN_POINT('',(-41.96268957202,1.769666481628,
    223.94867651412));
#1502 = CARTESIAN_POINT('',(-41.96350772344,1.7509068579,223.76501160853
    ));
#1503 = CARTESIAN_POINT('',(-41.96521818811,1.710120144835,
    223.58380554789));
#1504 = CARTESIAN_POINT('',(-41.97075136782,1.569088219685,
    223.19207430597));
#1505 = CARTESIAN_POINT('',(-41.97505623443,1.4551951554,222.97651950665
    ));
#1506 = CARTESIAN_POINT('',(-41.98049461041,1.301364588102,
    222.77048590106));
#1507 = CARTESIAN_POINT('',(-41.98660479534,1.106972127141,
    222.5842567645));
#1508 = CARTESIAN_POINT('',(-41.99257059997,0.873869973502,
    222.42831458133));
#1509 = CARTESIAN_POINT('',(-41.99736250112,0.606375242471,
    222.31329831573));
#1510 = CARTESIAN_POINT('',(-42.,0.311331301205,222.25));
#1511 = CARTESIAN_POINT('',(-42.,6.883382752676E-15,222.25));
#1512 = PCURVE('',#725,#1513);
#1513 = DEFINITIONAL_REPRESENTATION('',(#1514),#1573);
#1514 = B_SPLINE_CURVE_WITH_KNOTS('',8,(#1515,#1516,#1517,#1518,#1519,
    #1520,#1521,#1522,#1523,#1524,#1525,#1526,#1527,#1528,#1529,#1530,
    #1531,#1532,#1533,#1534,#1535,#1536,#1537,#1538,#1539,#1540,#1541,
    #1542,#1543,#1544,#1545,#1546,#1547,#1548,#1549,#1550,#1551,#1552,
    #1553,#1554,#1555,#1556,#1557,#1558,#1559,#1560,#1561,#1562,#1563,
    #1564,#1565,#1566,#1567,#1568,#1569,#1570,#1571,#1572),
  .UNSPECIFIED.,.F.,.F.,(9,7,7,7,7,7,7,7,9),(0.,0.127763297017,
    0.248771216674,0.369783547194,0.464366573022,0.583459751492,
    0.660707446356,0.813664396376,1.),.UNSPECIFIED.);
#1515 = CARTESIAN_POINT('',(-1.7763568394E-15,7.));
#1516 = CARTESIAN_POINT('',(0.120282454914,7.));
#1517 = CARTESIAN_POINT('',(0.237845091418,6.998794335945));
#1518 = CARTESIAN_POINT('',(0.352774298887,6.996478481676));
#1519 = CARTESIAN_POINT('',(0.465002402543,6.993288455741));
#1520 = CARTESIAN_POINT('',(0.574322622009,6.989556857321));
#1521 = CARTESIAN_POINT('',(0.680356470957,6.985637383522));
#1522 = CARTESIAN_POINT('',(0.782471332251,6.981831313861));
#1523 = CARTESIAN_POINT('',(0.971682527575,6.975051682502));
#1524 = CARTESIAN_POINT('',(1.061219854748,6.971975502734));
#1525 = CARTESIAN_POINT('',(1.148760729655,6.969260704608));
#1526 = CARTESIAN_POINT('',(1.234729017904,6.967005914687));
#1527 = CARTESIAN_POINT('',(1.319522696324,6.965275862631));
#1528 = CARTESIAN_POINT('',(1.403530988166,6.964109445567));
#1529 = CARTESIAN_POINT('',(1.487145631153,6.963525828986));
#1530 = CARTESIAN_POINT('',(1.65445007159,6.963525828986));
#1531 = CARTESIAN_POINT('',(1.73806498103,6.964109487012));
#1532 = CARTESIAN_POINT('',(1.822071999124,6.965275924266));
#1533 = CARTESIAN_POINT('',(1.90686369996,6.967005941552));
#1534 = CARTESIAN_POINT('',(1.992830123834,6.969260662668));
#1535 = CARTESIAN_POINT('',(2.080370033245,6.971975410442));
#1536 = CARTESIAN_POINT('',(2.169907871985,6.975051601738));
#1537 = CARTESIAN_POINT('',(2.333884105817,6.980927038522));
#1538 = CARTESIAN_POINT('',(2.407771692066,6.983655166052));
#1539 = CARTESIAN_POINT('',(2.483514448691,6.986456792406));
#1540 = CARTESIAN_POINT('',(2.561074521987,6.989234488868));
#1541 = CARTESIAN_POINT('',(2.640457957758,6.991874290175));
#1542 = CARTESIAN_POINT('',(2.721711307704,6.994252604172));
#1543 = CARTESIAN_POINT('',(2.804928109602,6.996246176928));
#1544 = CARTESIAN_POINT('',(2.997716553699,6.999632482632));
#1545 = CARTESIAN_POINT('',(3.106792981066,7.000704910909));
#1546 = CARTESIAN_POINT('',(3.216386675648,7.000766903601));
#1547 = CARTESIAN_POINT('',(3.325596327932,6.999735679415));
#1548 = CARTESIAN_POINT('',(3.433553870997,6.997710536796));
#1549 = CARTESIAN_POINT('',(3.539285819197,6.994945564277));
#1550 = CARTESIAN_POINT('',(3.641538352489,6.991767413947));
#1551 = CARTESIAN_POINT('',(3.801384648504,6.986347441413));
#1552 = CARTESIAN_POINT('',(3.862907224318,6.984139874018));
#1553 = CARTESIAN_POINT('',(3.923194833233,6.981913351691));
#1554 = CARTESIAN_POINT('',(3.982360517884,6.97971761217));
#1555 = CARTESIAN_POINT('',(4.040505591222,6.977595379137));
#1556 = CARTESIAN_POINT('',(4.097724256448,6.975582297536));
#1557 = CARTESIAN_POINT('',(4.154105771173,6.973707359365));
#1558 = CARTESIAN_POINT('',(4.319883048455,6.968600867346));
#1559 = CARTESIAN_POINT('',(4.427278072741,6.965834521052));
#1560 = CARTESIAN_POINT('',(4.53279953738,6.963871491406));
#1561 = CARTESIAN_POINT('',(4.637178885086,6.962809753162));
#1562 = CARTESIAN_POINT('',(4.741132918514,6.962689572026));
#1563 = CARTESIAN_POINT('',(4.845391535213,6.963507723447));
#1564 = CARTESIAN_POINT('',(4.950710923651,6.965218188115));
#1565 = CARTESIAN_POINT('',(5.188622496869,6.970751367823));
#1566 = CARTESIAN_POINT('',(5.326561347103,6.975056234431));
#1567 = CARTESIAN_POINT('',(5.470504153073,6.980494610411));
#1568 = CARTESIAN_POINT('',(5.620059451993,6.986604795347));
#1569 = CARTESIAN_POINT('',(5.775257092717,6.992570599971));
#1570 = CARTESIAN_POINT('',(5.936684135272,6.997362501128));
#1571 = CARTESIAN_POINT('',(6.105281706491,7.));
#1572 = CARTESIAN_POINT('',(6.28318530718,7.));
#1573 = ( GEOMETRIC_REPRESENTATION_CONTEXT(2) 
PARAMETRIC_REPRESENTATION_CONTEXT() REPRESENTATION_CONTEXT('2D SPACE',''
  ) );
#1574 = PCURVE('',#1077,#1575);
#1575 = DEFINITIONAL_REPRESENTATION('',(#1576),#1635);
#1576 = B_SPLINE_CURVE_WITH_KNOTS('',8,(#1577,#1578,#1579,#1580,#1581,
    #1582,#1583,#1584,#1585,#1586,#1587,#1588,#1589,#1590,#1591,#1592,
    #1593,#1594,#1595,#1596,#1597,#1598,#1599,#1600,#1601,#1602,#1603,
    #1604,#1605,#1606,#1607,#1608,#1609,#1610,#1611,#1612,#1613,#1614,
    #1615,#1616,#1617,#1618,#1619,#1620,#1621,#1622,#1623,#1624,#1625,
    #1626,#1627,#1628,#1629,#1630,#1631,#1632,#1633,#1634),
  .UNSPECIFIED.,.T.,.F.,(9,7,7,7,7,7,7,7,9),(0.,0.127763297017,
    0.248771216674,0.369783547194,0.464366573022,0.583459751492,
    0.660707446356,0.813664396376,1.),.UNSPECIFIED.);
#1577 = CARTESIAN_POINT('',(3.14159265359,222.25));
#1578 = CARTESIAN_POINT('',(3.146604422545,222.25));
#1579 = CARTESIAN_POINT('',(3.151502868047,222.27893547915));
#1580 = CARTESIAN_POINT('',(3.156181281708,222.33451800016));
#1581 = CARTESIAN_POINT('',(3.160547491037,222.41374912913));
#1582 = CARTESIAN_POINT('',(3.164525880036,222.51295347994));
#1583 = CARTESIAN_POINT('',(3.168060769393,222.62782450049));
#1584 = CARTESIAN_POINT('',(3.171120665777,222.75347795015));
#1585 = CARTESIAN_POINT('',(3.17614858074,223.00860998059));
#1586 = CARTESIAN_POINT('',(3.178217120377,223.14014062615));
#1587 = CARTESIAN_POINT('',(3.17991974397,223.27715114265));
#1588 = CARTESIAN_POINT('',(3.181267824449,223.41812007119));
#1589 = CARTESIAN_POINT('',(3.182271372388,223.56183235135));
#1590 = CARTESIAN_POINT('',(3.182937889012,223.70728554416));
#1591 = CARTESIAN_POINT('',(3.183271386012,223.85361128262));
#1592 = CARTESIAN_POINT('',(3.183271386012,224.14639405339));
#1593 = CARTESIAN_POINT('',(3.182937865096,224.29272026999));
#1594 = CARTESIAN_POINT('',(3.182271337593,224.43817103966));
#1595 = CARTESIAN_POINT('',(3.181267806816,224.5818797788));
#1596 = CARTESIAN_POINT('',(3.179919765279,224.72284572351));
#1597 = CARTESIAN_POINT('',(3.178217178517,224.85985510525));
#1598 = CARTESIAN_POINT('',(3.176148640636,224.99138698007));
#1599 = CARTESIAN_POINT('',(3.171791295088,225.21249223449));
#1600 = CARTESIAN_POINT('',(3.169638039967,225.30552429274));
#1601 = CARTESIAN_POINT('',(3.167242740731,225.39307135148));
#1602 = CARTESIAN_POINT('',(3.164609752417,225.47361178726));
#1603 = CARTESIAN_POINT('',(3.16174810586,225.54561883778));
#1604 = CARTESIAN_POINT('',(3.158671608252,225.60755786315));
#1605 = CARTESIAN_POINT('',(3.155399107108,225.65788118908));
#1606 = CARTESIAN_POINT('',(3.147618204343,225.74178412779));
#1607 = CARTESIAN_POINT('',(3.143079373689,225.76688945964));
#1608 = CARTESIAN_POINT('',(3.138452185089,225.76784422747));
#1609 = CARTESIAN_POINT('',(3.133862560593,225.74397139113));
#1610 = CARTESIAN_POINT('',(3.129436466604,225.69635472077));
#1611 = CARTESIAN_POINT('',(3.125288708255,225.62779280304));
#1612 = CARTESIAN_POINT('',(3.121512586919,225.54276226842));
#1613 = CARTESIAN_POINT('',(3.116002501966,225.38553011292));
#1614 = CARTESIAN_POINT('',(3.113987513516,225.31847151348));
#1615 = CARTESIAN_POINT('',(3.112125881935,225.24695522542));
#1616 = CARTESIAN_POINT('',(3.110416964348,225.1716371031));
#1617 = CARTESIAN_POINT('',(3.10885928698,225.09309904491));
#1618 = CARTESIAN_POINT('',(3.10745080509,225.01185847503));
#1619 = CARTESIAN_POINT('',(3.106189134876,224.92837709852));
#1620 = CARTESIAN_POINT('',(3.102859255616,224.67415156143));
#1621 = CARTESIAN_POINT('',(3.10120847728,224.49776792475));
#1622 = CARTESIAN_POINT('',(3.100098555071,224.31670980829));
#1623 = CARTESIAN_POINT('',(3.099513825044,224.13310266326));
#1624 = CARTESIAN_POINT('',(3.099445248473,223.94867651412));
#1625 = CARTESIAN_POINT('',(3.099892331423,223.76501160853));
#1626 = CARTESIAN_POINT('',(3.100864293755,223.58380554789));
#1627 = CARTESIAN_POINT('',(3.1042247801,223.19207430597));
#1628 = CARTESIAN_POINT('',(3.106938453445,222.97651950665));
#1629 = CARTESIAN_POINT('',(3.110603355386,222.77048590106));
#1630 = CARTESIAN_POINT('',(3.115233961462,222.5842567645));
#1631 = CARTESIAN_POINT('',(3.120785606006,222.42831458133));
#1632 = CARTESIAN_POINT('',(3.127155147628,222.31329831573));
#1633 = CARTESIAN_POINT('',(3.134180003561,222.25));
#1634 = CARTESIAN_POINT('',(3.14159265359,222.25));
#1635 = ( GEOMETRIC_REPRESENTATION_CONTEXT(2) 
PARAMETRIC_REPRESENTATION_CONTEXT() REPRESENTATION_CONTEXT('2D SPACE',''
  ) );
#1636 = ORIENTED_EDGE('',*,*,#1637,.F.);
#1637 = EDGE_CURVE('',#616,#1450,#1638,.T.);
#1638 = SEAM_CURVE('',#1639,(#1643,#1650),.PCURVE_S1.);
#1639 = LINE('',#1640,#1641);
#1640 = CARTESIAN_POINT('',(-35.,4.714890176717E-15,222.25));
#1641 = VECTOR('',#1642,1.);
#1642 = DIRECTION('',(-1.,1.224646799147E-16,1.110223024625E-16));
#1643 = PCURVE('',#725,#1644);
#1644 = DEFINITIONAL_REPRESENTATION('',(#1645),#1649);
#1645 = LINE('',#1646,#1647);
#1646 = CARTESIAN_POINT('',(6.28318530718,-0.));
#1647 = VECTOR('',#1648,1.);
#1648 = DIRECTION('',(0.,1.));
#1649 = ( GEOMETRIC_REPRESENTATION_CONTEXT(2) 
PARAMETRIC_REPRESENTATION_CONTEXT() REPRESENTATION_CONTEXT('2D SPACE',''
  ) );
#1650 = PCURVE('',#725,#1651);
#1651 = DEFINITIONAL_REPRESENTATION('',(#1652),#1656);
#1652 = LINE('',#1653,#1654);
#1653 = CARTESIAN_POINT('',(0.,-0.));
#1654 = VECTOR('',#1655,1.);
#1655 = DIRECTION('',(0.,1.));
#1656 = ( GEOMETRIC_REPRESENTATION_CONTEXT(2) 
PARAMETRIC_REPRESENTATION_CONTEXT() REPRESENTATION_CONTEXT('2D SPACE',''
  ) );
#1657 = ORIENTED_EDGE('',*,*,#615,.T.);
#1658 = ORIENTED_EDGE('',*,*,#1637,.T.);
#1659 = ADVANCED_FACE('',(#1660),#896,.F.);
#1660 = FACE_BOUND('',#1661,.F.);
#1661 = EDGE_LOOP('',(#1662,#1826,#1847,#1848));
#1662 = ORIENTED_EDGE('',*,*,#1663,.F.);
#1663 = EDGE_CURVE('',#1664,#1664,#1666,.T.);
#1664 = VERTEX_POINT('',#1665);
#1665 = CARTESIAN_POINT('',(-9.754499786553E-15,-42.,222.25));
#1666 = SURFACE_CURVE('',#1667,(#1718,#1772),.PCURVE_S1.);
#1667 = B_SPLINE_CURVE_WITH_KNOTS('',7,(#1668,#1669,#1670,#1671,#1672,
    #1673,#1674,#1675,#1676,#1677,#1678,#1679,#1680,#1681,#1682,#1683,
    #1684,#1685,#1686,#1687,#1688,#1689,#1690,#1691,#1692,#1693,#1694,
    #1695,#1696,#1697,#1698,#1699,#1700,#1701,#1702,#1703,#1704,#1705,
    #1706,#1707,#1708,#1709,#1710,#1711,#1712,#1713,#1714,#1715,#1716,
    #1717),.UNSPECIFIED.,.T.,.F.,(8,6,6,6,6,6,6,6,8),(0.,0.142507598024,
    0.277480226116,0.446122011912,0.59259553107,0.687572165587,
    0.79205277771,0.893224672441,1.),.UNSPECIFIED.);
#1668 = CARTESIAN_POINT('',(-8.659739592076E-15,-42.,222.25));
#1669 = CARTESIAN_POINT('',(0.240564909828,-42.,222.25));
#1670 = CARTESIAN_POINT('',(0.474783689338,-41.99839244792,
    222.28858063886));
#1671 = CARTESIAN_POINT('',(0.695472774075,-41.99533010192,
    222.36208041693));
#1672 = CARTESIAN_POINT('',(0.896672045915,-41.99124680955,
    222.46541784132));
#1673 = CARTESIAN_POINT('',(1.073882880341,-41.98674027026,
    222.59217954431));
#1674 = CARTESIAN_POINT('',(1.224515318679,-41.98232872329,
    222.73475936904));
#1675 = CARTESIAN_POINT('',(1.465730828736,-41.97458057317,
    223.0263388324));
#1676 = CARTESIAN_POINT('',(1.561941602253,-41.97110714592,
    223.1780745574));
#1677 = CARTESIAN_POINT('',(1.637791586845,-41.96815283982,
    223.33659709381));
#1678 = CARTESIAN_POINT('',(1.694053214219,-41.96585898955,
    223.49964304858));
#1679 = CARTESIAN_POINT('',(1.731340386205,-41.96430398442,
    223.66548118931));
#1680 = CARTESIAN_POINT('',(1.75,-41.96352582898,223.83269860871));
#1681 = CARTESIAN_POINT('',(1.75,-41.96352582898,224.2090350154));
#1682 = CARTESIAN_POINT('',(1.720870905227,-41.96474053246,
    224.41795668841));
#1683 = CARTESIAN_POINT('',(1.662660112016,-41.96716842114,
    224.62427106466));
#1684 = CARTESIAN_POINT('',(1.574487515182,-41.97071700944,
    224.82513075767));
#1685 = CARTESIAN_POINT('',(1.454910494391,-41.97519599222,
    225.01676970197));
#1686 = CARTESIAN_POINT('',(1.302265918567,-41.98022168361,
    225.19388533694));
#1687 = CARTESIAN_POINT('',(0.953269816078,-41.98949405822,
    225.48260002179));
#1688 = CARTESIAN_POINT('',(0.759501518761,-41.99390999783,
    225.60454862257));
#1689 = CARTESIAN_POINT('',(0.538055920064,-41.997820349,225.70021048443
    ));
#1690 = CARTESIAN_POINT('',(0.296941199293,-42.00044496679,
    225.75990441768));
#1691 = CARTESIAN_POINT('',(4.691125102715E-02,-42.00121098178,
    225.7784135339));
#1692 = CARTESIAN_POINT('',(-0.200565262691,-42.00017662313,
    225.75526636811));
#1693 = CARTESIAN_POINT('',(-0.587354334912,-41.99616846916,
    225.6559558137));
#1694 = CARTESIAN_POINT('',(-0.735412141563,-41.99399111353,
    225.60095704095));
#1695 = CARTESIAN_POINT('',(-0.877363669569,-41.99129587707,
    225.53054459914));
#1696 = CARTESIAN_POINT('',(-1.01130594514,-41.98821364491,
    225.44554405393));
#1697 = CARTESIAN_POINT('',(-1.135471411433,-41.98491000015,
    225.34707351503));
#1698 = CARTESIAN_POINT('',(-1.24827660557,-41.98156548042,
    225.23651816912));
#1699 = CARTESIAN_POINT('',(-1.458538557268,-41.97481159811,
    224.98235513033));
#1700 = CARTESIAN_POINT('',(-1.553345587177,-41.97142886974,
    224.83652594166));
#1701 = CARTESIAN_POINT('',(-1.631050234649,-41.96842663472,
    224.68014554523));
#1702 = CARTESIAN_POINT('',(-1.690284258665,-41.96601634469,
    224.51562204663));
#1703 = CARTESIAN_POINT('',(-1.730098878345,-41.96435568326,
    224.34558009972));
#1704 = CARTESIAN_POINT('',(-1.75,-41.96352582898,224.17277910008));
#1705 = CARTESIAN_POINT('',(-1.75,-41.96352582898,223.83269251041));
#1706 = CARTESIAN_POINT('',(-1.731339048031,-41.96430403968,
    223.66547546986));
#1707 = CARTESIAN_POINT('',(-1.694051681037,-41.96585905501,
    223.49964105462));
#1708 = CARTESIAN_POINT('',(-1.637791639831,-41.96815282808,
    223.33659938777));
#1709 = CARTESIAN_POINT('',(-1.561943898015,-41.97110705363,
    223.17807909101));
#1710 = CARTESIAN_POINT('',(-1.465733702282,-41.97458048087,
    223.02634230592));
#1711 = CARTESIAN_POINT('',(-1.224563987423,-41.98232715999,
    222.73481819945));
#1712 = CARTESIAN_POINT('',(-1.073930003368,-41.98673909185,
    222.59220542482));
#1713 = CARTESIAN_POINT('',(-0.896668863349,-41.99124742551,
    222.46539295299));
#1714 = CARTESIAN_POINT('',(-0.695397831127,-41.99533217959,
    222.36203067756));
#1715 = CARTESIAN_POINT('',(-0.474658009589,-41.99839391492,
    222.28854540856));
#1716 = CARTESIAN_POINT('',(-0.240455050564,-42.,222.25));
#1717 = CARTESIAN_POINT('',(-8.659739592076E-15,-42.,222.25));
#1718 = PCURVE('',#896,#1719);
#1719 = DEFINITIONAL_REPRESENTATION('',(#1720),#1771);
#1720 = B_SPLINE_CURVE_WITH_KNOTS('',7,(#1721,#1722,#1723,#1724,#1725,
    #1726,#1727,#1728,#1729,#1730,#1731,#1732,#1733,#1734,#1735,#1736,
    #1737,#1738,#1739,#1740,#1741,#1742,#1743,#1744,#1745,#1746,#1747,
    #1748,#1749,#1750,#1751,#1752,#1753,#1754,#1755,#1756,#1757,#1758,
    #1759,#1760,#1761,#1762,#1763,#1764,#1765,#1766,#1767,#1768,#1769,
    #1770),.UNSPECIFIED.,.F.,.F.,(8,6,6,6,6,6,6,6,8),(0.,0.142507598024,
    0.277480226116,0.446122011912,0.59259553107,0.687572165587,
    0.79205277771,0.893224672441,1.),.UNSPECIFIED.);
#1721 = CARTESIAN_POINT('',(0.,7.));
#1722 = CARTESIAN_POINT('',(0.137465662759,7.));
#1723 = CARTESIAN_POINT('',(0.27130490097,6.998392447927));
#1724 = CARTESIAN_POINT('',(0.401655937636,6.995330101926));
#1725 = CARTESIAN_POINT('',(0.528348867449,6.991246809556));
#1726 = CARTESIAN_POINT('',(0.650945546276,6.986740270263));
#1727 = CARTESIAN_POINT('',(0.768589245,6.982328723297));
#1728 = CARTESIAN_POINT('',(0.984830611085,6.974580573173));
#1729 = CARTESIAN_POINT('',(1.086682935969,6.97110714592));
#1730 = CARTESIAN_POINT('',(1.186007405867,6.968152839821));
#1731 = CARTESIAN_POINT('',(1.283450629941,6.965858989552));
#1732 = CARTESIAN_POINT('',(1.379642806962,6.964303984427));
#1733 = CARTESIAN_POINT('',(1.475195531776,6.963525828986));
#1734 = CARTESIAN_POINT('',(1.690244907025,6.963525828986));
#1735 = CARTESIAN_POINT('',(1.809627924527,6.964740532465));
#1736 = CARTESIAN_POINT('',(1.930309176798,6.967168421143));
#1737 = CARTESIAN_POINT('',(2.053416453954,6.970717009449));
#1738 = CARTESIAN_POINT('',(2.180204811752,6.975195992224));
#1739 = CARTESIAN_POINT('',(2.311926852033,6.980221683616));
#1740 = CARTESIAN_POINT('',(2.570749586294,6.98949405822));
#1741 = CARTESIAN_POINT('',(2.700484718054,6.993909997837));
#1742 = CARTESIAN_POINT('',(2.835665651107,6.997820349002));
#1743 = CARTESIAN_POINT('',(2.974136245839,7.000444966795));
#1744 = CARTESIAN_POINT('',(3.114229063645,7.001210981781));
#1745 = CARTESIAN_POINT('',(3.254489860802,7.000176623135));
#1746 = CARTESIAN_POINT('',(3.482681239564,6.996168469165));
#1747 = CARTESIAN_POINT('',(3.572443439056,6.993991113535));
#1748 = CARTESIAN_POINT('',(3.662197916996,6.991295877073));
#1749 = CARTESIAN_POINT('',(3.751954270329,6.988213644917));
#1750 = CARTESIAN_POINT('',(3.841718041681,6.98491000015));
#1751 = CARTESIAN_POINT('',(3.931483070874,6.981565480428));
#1752 = CARTESIAN_POINT('',(4.119975641936,6.974811598114));
#1753 = CARTESIAN_POINT('',(4.218715865704,6.971428869749));
#1754 = CARTESIAN_POINT('',(4.317445161795,6.968426634726));
#1755 = CARTESIAN_POINT('',(4.41617526366,6.966016344697));
#1756 = CARTESIAN_POINT('',(4.514914920481,6.964355683268));
#1757 = CARTESIAN_POINT('',(4.613658066052,6.963525828986));
#1758 = CARTESIAN_POINT('',(4.807993260151,6.963525828986));
#1759 = CARTESIAN_POINT('',(4.903545759444,6.964304039687));
#1760 = CARTESIAN_POINT('',(4.999735988675,6.965859055014));
#1761 = CARTESIAN_POINT('',(5.097176718425,6.968152828089));
#1762 = CARTESIAN_POINT('',(5.196499542425,6.971107053633));
#1763 = CARTESIAN_POINT('',(5.29835212006,6.974580480871));
#1764 = CARTESIAN_POINT('',(5.514552432333,6.982327159995));
#1765 = CARTESIAN_POINT('',(5.632211216638,6.986739091851));
#1766 = CARTESIAN_POINT('',(5.75484584988,6.991247425511));
#1767 = CARTESIAN_POINT('',(5.881577933696,6.995332179597));
#1768 = CARTESIAN_POINT('',(6.011952236844,6.99839391492));
#1769 = CARTESIAN_POINT('',(6.145782421143,7.));
#1770 = CARTESIAN_POINT('',(6.28318530718,7.));
#1771 = ( GEOMETRIC_REPRESENTATION_CONTEXT(2) 
PARAMETRIC_REPRESENTATION_CONTEXT() REPRESENTATION_CONTEXT('2D SPACE',''
  ) );
#1772 = PCURVE('',#1077,#1773);
#1773 = DEFINITIONAL_REPRESENTATION('',(#1774),#1825);
#1774 = B_SPLINE_CURVE_WITH_KNOTS('',7,(#1775,#1776,#1777,#1778,#1779,
    #1780,#1781,#1782,#1783,#1784,#1785,#1786,#1787,#1788,#1789,#1790,
    #1791,#1792,#1793,#1794,#1795,#1796,#1797,#1798,#1799,#1800,#1801,
    #1802,#1803,#1804,#1805,#1806,#1807,#1808,#1809,#1810,#1811,#1812,
    #1813,#1814,#1815,#1816,#1817,#1818,#1819,#1820,#1821,#1822,#1823,
    #1824),.UNSPECIFIED.,.T.,.F.,(8,6,6,6,6,6,6,6,8),(0.,0.142507598024,
    0.277480226116,0.446122011912,0.59259553107,0.687572165587,
    0.79205277771,0.893224672441,1.),.UNSPECIFIED.);
#1775 = CARTESIAN_POINT('',(4.712388980385,222.25));
#1776 = CARTESIAN_POINT('',(4.718116716333,222.25));
#1777 = CARTESIAN_POINT('',(4.723693354345,222.28858063886));
#1778 = CARTESIAN_POINT('',(4.728948160998,222.36208041693));
#1779 = CARTESIAN_POINT('',(4.733739474666,222.46541784132));
#1780 = CARTESIAN_POINT('',(4.737960093772,222.59217954431));
#1781 = CARTESIAN_POINT('',(4.741548103437,222.73475936904));
#1782 = CARTESIAN_POINT('',(4.747294291966,223.0263388324));
#1783 = CARTESIAN_POINT('',(4.749586498907,223.1780745574));
#1784 = CARTESIAN_POINT('',(4.751393813879,223.33659709381));
#1785 = CARTESIAN_POINT('',(4.752734488608,223.49964304858));
#1786 = CARTESIAN_POINT('',(4.75362305014,223.6654811893));
#1787 = CARTESIAN_POINT('',(4.754067712807,223.83269860871));
#1788 = CARTESIAN_POINT('',(4.754067712807,224.2090350154));
#1789 = CARTESIAN_POINT('',(4.75337356015,224.41795668841));
#1790 = CARTESIAN_POINT('',(4.751986383945,224.62427106466));
#1791 = CARTESIAN_POINT('',(4.749885339198,224.82513075767));
#1792 = CARTESIAN_POINT('',(4.747036295153,225.01676970197));
#1793 = CARTESIAN_POINT('',(4.743400004537,225.19388533694));
#1794 = CARTESIAN_POINT('',(4.735087641246,225.48260002179));
#1795 = CARTESIAN_POINT('',(4.730472946766,225.60454862257));
#1796 = CARTESIAN_POINT('',(4.725199717577,225.70021048443));
#1797 = CARTESIAN_POINT('',(4.719458832272,225.75990441768));
#1798 = CARTESIAN_POINT('',(4.713505969801,225.7784135339));
#1799 = CARTESIAN_POINT('',(4.707613731499,225.75526636811));
#1800 = CARTESIAN_POINT('',(4.698403973423,225.6559558137));
#1801 = CARTESIAN_POINT('',(4.694878439608,225.60095704095));
#1802 = CARTESIAN_POINT('',(4.691498080236,225.53054459914));
#1803 = CARTESIAN_POINT('',(4.688308174761,225.44554405393));
#1804 = CARTESIAN_POINT('',(4.685350830601,225.34707351503));
#1805 = CARTESIAN_POINT('',(4.682663820621,225.23651816912));
#1806 = CARTESIAN_POINT('',(4.677655001683,224.98235513033));
#1807 = CARTESIAN_POINT('',(4.675396269626,224.83652594166));
#1808 = CARTESIAN_POINT('',(4.673544787166,224.68014554523));
#1809 = CARTESIAN_POINT('',(4.67213328795,224.51562204663));
#1810 = CARTESIAN_POINT('',(4.671184495706,224.34558009972));
#1811 = CARTESIAN_POINT('',(4.670710247962,224.17277910008));
#1812 = CARTESIAN_POINT('',(4.670710247962,223.83269251041));
#1813 = CARTESIAN_POINT('',(4.671154942517,223.66547546986));
#1814 = CARTESIAN_POINT('',(4.672043508701,223.49964105462));
#1815 = CARTESIAN_POINT('',(4.673384145616,223.33659938777));
#1816 = CARTESIAN_POINT('',(4.675191407159,223.17807909101));
#1817 = CARTESIAN_POINT('',(4.67748360035,223.02634230592));
#1818 = CARTESIAN_POINT('',(4.683228697955,222.73481819945));
#1819 = CARTESIAN_POINT('',(4.686816744687,222.59220542482));
#1820 = CARTESIAN_POINT('',(4.691038562308,222.46539295299));
#1821 = CARTESIAN_POINT('',(4.695831584584,222.36203067756));
#1822 = CARTESIAN_POINT('',(4.701087598795,222.28854540856));
#1823 = CARTESIAN_POINT('',(4.706663860133,222.25));
#1824 = CARTESIAN_POINT('',(4.712388980385,222.25));
#1825 = ( GEOMETRIC_REPRESENTATION_CONTEXT(2) 
PARAMETRIC_REPRESENTATION_CONTEXT() REPRESENTATION_CONTEXT('2D SPACE',''
  ) );
#1826 = ORIENTED_EDGE('',*,*,#1827,.F.);
#1827 = EDGE_CURVE('',#787,#1664,#1828,.T.);
#1828 = SEAM_CURVE('',#1829,(#1833,#1840),.PCURVE_S1.);
#1829 = LINE('',#1830,#1831);
#1830 = CARTESIAN_POINT('',(-8.200187552078E-15,-35.,222.25));
#1831 = VECTOR('',#1832,1.);
#1832 = DIRECTION('',(-2.22044604925E-16,-1.,1.110223024625E-16));
#1833 = PCURVE('',#896,#1834);
#1834 = DEFINITIONAL_REPRESENTATION('',(#1835),#1839);
#1835 = LINE('',#1836,#1837);
#1836 = CARTESIAN_POINT('',(6.28318530718,-0.));
#1837 = VECTOR('',#1838,1.);
#1838 = DIRECTION('',(0.,1.));
#1839 = ( GEOMETRIC_REPRESENTATION_CONTEXT(2) 
PARAMETRIC_REPRESENTATION_CONTEXT() REPRESENTATION_CONTEXT('2D SPACE',''
  ) );
#1840 = PCURVE('',#896,#1841);
#1841 = DEFINITIONAL_REPRESENTATION('',(#1842),#1846);
#1842 = LINE('',#1843,#1844);
#1843 = CARTESIAN_POINT('',(0.,-0.));
#1844 = VECTOR('',#1845,1.);
#1845 = DIRECTION('',(0.,1.));
#1846 = ( GEOMETRIC_REPRESENTATION_CONTEXT(2) 
PARAMETRIC_REPRESENTATION_CONTEXT() REPRESENTATION_CONTEXT('2D SPACE',''
  ) );
#1847 = ORIENTED_EDGE('',*,*,#786,.T.);
#1848 = ORIENTED_EDGE('',*,*,#1827,.T.);
#1849 = ADVANCED_FACE('',(#1850,#1853),#998,.T.);
#1850 = FACE_BOUND('',#1851,.T.);
#1851 = EDGE_LOOP('',(#1852));
#1852 = ORIENTED_EDGE('',*,*,#983,.T.);
#1853 = FACE_BOUND('',#1854,.T.);
#1854 = EDGE_LOOP('',(#1855));
#1855 = ORIENTED_EDGE('',*,*,#1856,.F.);
#1856 = EDGE_CURVE('',#1857,#1857,#1859,.T.);
#1857 = VERTEX_POINT('',#1858);
#1858 = CARTESIAN_POINT('',(13.8,-3.380025165647E-15,6.));
#1859 = SURFACE_CURVE('',#1860,(#1865,#1872),.PCURVE_S1.);
#1860 = CIRCLE('',#1861,13.8);
#1861 = AXIS2_PLACEMENT_3D('',#1862,#1863,#1864);
#1862 = CARTESIAN_POINT('',(0.,0.,6.));
#1863 = DIRECTION('',(0.,0.,1.));
#1864 = DIRECTION('',(1.,0.,-0.));
#1865 = PCURVE('',#998,#1866);
#1866 = DEFINITIONAL_REPRESENTATION('',(#1867),#1871);
#1867 = CIRCLE('',#1868,13.8);
#1868 = AXIS2_PLACEMENT_2D('',#1869,#1870);
#1869 = CARTESIAN_POINT('',(0.,0.));
#1870 = DIRECTION('',(1.,0.));
#1871 = ( GEOMETRIC_REPRESENTATION_CONTEXT(2) 
PARAMETRIC_REPRESENTATION_CONTEXT() REPRESENTATION_CONTEXT('2D SPACE',''
  ) );
#1872 = PCURVE('',#1873,#1878);
#1873 = CYLINDRICAL_SURFACE('',#1874,13.8);
#1874 = AXIS2_PLACEMENT_3D('',#1875,#1876,#1877);
#1875 = CARTESIAN_POINT('',(0.,0.,-1.));
#1876 = DIRECTION('',(0.,0.,1.));
#1877 = DIRECTION('',(1.,0.,-0.));
#1878 = DEFINITIONAL_REPRESENTATION('',(#1879),#1883);
#1879 = LINE('',#1880,#1881);
#1880 = CARTESIAN_POINT('',(0.,7.));
#1881 = VECTOR('',#1882,1.);
#1882 = DIRECTION('',(1.,0.));
#1883 = ( GEOMETRIC_REPRESENTATION_CONTEXT(2) 
PARAMETRIC_REPRESENTATION_CONTEXT() REPRESENTATION_CONTEXT('2D SPACE',''
  ) );
#1884 = ADVANCED_FACE('',(#1885,#1963,#1966,#1969),#1077,.T.);
#1885 = FACE_BOUND('',#1886,.T.);
#1886 = EDGE_LOOP('',(#1887,#1908,#1909,#1910,#1911,#1934,#1961,#1962));
#1887 = ORIENTED_EDGE('',*,*,#1888,.T.);
#1888 = EDGE_CURVE('',#1016,#1230,#1889,.T.);
#1889 = SEAM_CURVE('',#1890,(#1894,#1901),.PCURVE_S1.);
#1890 = LINE('',#1891,#1892);
#1891 = CARTESIAN_POINT('',(42.,-1.028703311284E-14,0.));
#1892 = VECTOR('',#1893,1.);
#1893 = DIRECTION('',(0.,0.,1.));
#1894 = PCURVE('',#1077,#1895);
#1895 = DEFINITIONAL_REPRESENTATION('',(#1896),#1900);
#1896 = LINE('',#1897,#1898);
#1897 = CARTESIAN_POINT('',(6.28318530718,-0.));
#1898 = VECTOR('',#1899,1.);
#1899 = DIRECTION('',(0.,1.));
#1900 = ( GEOMETRIC_REPRESENTATION_CONTEXT(2) 
PARAMETRIC_REPRESENTATION_CONTEXT() REPRESENTATION_CONTEXT('2D SPACE',''
  ) );
#1901 = PCURVE('',#1077,#1902);
#1902 = DEFINITIONAL_REPRESENTATION('',(#1903),#1907);
#1903 = LINE('',#1904,#1905);
#1904 = CARTESIAN_POINT('',(0.,-0.));
#1905 = VECTOR('',#1906,1.);
#1906 = DIRECTION('',(0.,1.));
#1907 = ( GEOMETRIC_REPRESENTATION_CONTEXT(2) 
PARAMETRIC_REPRESENTATION_CONTEXT() REPRESENTATION_CONTEXT('2D SPACE',''
  ) );
#1908 = ORIENTED_EDGE('',*,*,#1229,.F.);
#1909 = ORIENTED_EDGE('',*,*,#1888,.F.);
#1910 = ORIENTED_EDGE('',*,*,#1013,.F.);
#1911 = ORIENTED_EDGE('',*,*,#1912,.F.);
#1912 = EDGE_CURVE('',#1913,#1014,#1915,.T.);
#1913 = VERTEX_POINT('',#1914);
#1914 = CARTESIAN_POINT('',(42.,-1.028703311284E-14,0.));
#1915 = SEAM_CURVE('',#1916,(#1920,#1927),.PCURVE_S1.);
#1916 = LINE('',#1917,#1918);
#1917 = CARTESIAN_POINT('',(42.,-1.028703311284E-14,0.));
#1918 = VECTOR('',#1919,1.);
#1919 = DIRECTION('',(0.,0.,1.));
#1920 = PCURVE('',#1077,#1921);
#1921 = DEFINITIONAL_REPRESENTATION('',(#1922),#1926);
#1922 = LINE('',#1923,#1924);
#1923 = CARTESIAN_POINT('',(6.28318530718,-0.));
#1924 = VECTOR('',#1925,1.);
#1925 = DIRECTION('',(0.,1.));
#1926 = ( GEOMETRIC_REPRESENTATION_CONTEXT(2) 
PARAMETRIC_REPRESENTATION_CONTEXT() REPRESENTATION_CONTEXT('2D SPACE',''
  ) );
#1927 = PCURVE('',#1077,#1928);
#1928 = DEFINITIONAL_REPRESENTATION('',(#1929),#1933);
#1929 = LINE('',#1930,#1931);
#1930 = CARTESIAN_POINT('',(0.,-0.));
#1931 = VECTOR('',#1932,1.);
#1932 = DIRECTION('',(0.,1.));
#1933 = ( GEOMETRIC_REPRESENTATION_CONTEXT(2) 
PARAMETRIC_REPRESENTATION_CONTEXT() REPRESENTATION_CONTEXT('2D SPACE',''
  ) );
#1934 = ORIENTED_EDGE('',*,*,#1935,.T.);
#1935 = EDGE_CURVE('',#1913,#1913,#1936,.T.);
#1936 = SURFACE_CURVE('',#1937,(#1942,#1949),.PCURVE_S1.);
#1937 = CIRCLE('',#1938,42.);
#1938 = AXIS2_PLACEMENT_3D('',#1939,#1940,#1941);
#1939 = CARTESIAN_POINT('',(0.,0.,0.));
#1940 = DIRECTION('',(0.,0.,1.));
#1941 = DIRECTION('',(1.,0.,-0.));
#1942 = PCURVE('',#1077,#1943);
#1943 = DEFINITIONAL_REPRESENTATION('',(#1944),#1948);
#1944 = LINE('',#1945,#1946);
#1945 = CARTESIAN_POINT('',(0.,0.));
#1946 = VECTOR('',#1947,1.);
#1947 = DIRECTION('',(1.,0.));
#1948 = ( GEOMETRIC_REPRESENTATION_CONTEXT(2) 
PARAMETRIC_REPRESENTATION_CONTEXT() REPRESENTATION_CONTEXT('2D SPACE',''
  ) );
#1949 = PCURVE('',#1950,#1955);
#1950 = PLANE('',#1951);
#1951 = AXIS2_PLACEMENT_3D('',#1952,#1953,#1954);
#1952 = CARTESIAN_POINT('',(0.,0.,0.));
#1953 = DIRECTION('',(0.,0.,1.));
#1954 = DIRECTION('',(1.,0.,-0.));
#1955 = DEFINITIONAL_REPRESENTATION('',(#1956),#1960);
#1956 = CIRCLE('',#1957,42.);
#1957 = AXIS2_PLACEMENT_2D('',#1958,#1959);
#1958 = CARTESIAN_POINT('',(0.,0.));
#1959 = DIRECTION('',(1.,0.));
#1960 = ( GEOMETRIC_REPRESENTATION_CONTEXT(2) 
PARAMETRIC_REPRESENTATION_CONTEXT() REPRESENTATION_CONTEXT('2D SPACE',''
  ) );
#1961 = ORIENTED_EDGE('',*,*,#1912,.T.);
#1962 = ORIENTED_EDGE('',*,*,#1136,.F.);
#1963 = FACE_BOUND('',#1964,.T.);
#1964 = EDGE_LOOP('',(#1965));
#1965 = ORIENTED_EDGE('',*,*,#1259,.F.);
#1966 = FACE_BOUND('',#1967,.T.);
#1967 = EDGE_LOOP('',(#1968));
#1968 = ORIENTED_EDGE('',*,*,#1449,.F.);
#1969 = FACE_BOUND('',#1970,.T.);
#1970 = EDGE_LOOP('',(#1971));
#1971 = ORIENTED_EDGE('',*,*,#1663,.F.);
#1972 = ADVANCED_FACE('',(#1973),#1873,.F.);
#1973 = FACE_BOUND('',#1974,.F.);
#1974 = EDGE_LOOP('',(#1975,#1976,#1999,#2026));
#1975 = ORIENTED_EDGE('',*,*,#1856,.F.);
#1976 = ORIENTED_EDGE('',*,*,#1977,.F.);
#1977 = EDGE_CURVE('',#1978,#1857,#1980,.T.);
#1978 = VERTEX_POINT('',#1979);
#1979 = CARTESIAN_POINT('',(13.8,-3.380025165647E-15,0.));
#1980 = SEAM_CURVE('',#1981,(#1985,#1992),.PCURVE_S1.);
#1981 = LINE('',#1982,#1983);
#1982 = CARTESIAN_POINT('',(13.8,-3.380025165647E-15,-1.));
#1983 = VECTOR('',#1984,1.);
#1984 = DIRECTION('',(0.,0.,1.));
#1985 = PCURVE('',#1873,#1986);
#1986 = DEFINITIONAL_REPRESENTATION('',(#1987),#1991);
#1987 = LINE('',#1988,#1989);
#1988 = CARTESIAN_POINT('',(6.28318530718,-0.));
#1989 = VECTOR('',#1990,1.);
#1990 = DIRECTION('',(0.,1.));
#1991 = ( GEOMETRIC_REPRESENTATION_CONTEXT(2) 
PARAMETRIC_REPRESENTATION_CONTEXT() REPRESENTATION_CONTEXT('2D SPACE',''
  ) );
#1992 = PCURVE('',#1873,#1993);
#1993 = DEFINITIONAL_REPRESENTATION('',(#1994),#1998);
#1994 = LINE('',#1995,#1996);
#1995 = CARTESIAN_POINT('',(0.,-0.));
#1996 = VECTOR('',#1997,1.);
#1997 = DIRECTION('',(0.,1.));
#1998 = ( GEOMETRIC_REPRESENTATION_CONTEXT(2) 
PARAMETRIC_REPRESENTATION_CONTEXT() REPRESENTATION_CONTEXT('2D SPACE',''
  ) );
#1999 = ORIENTED_EDGE('',*,*,#2000,.T.);
#2000 = EDGE_CURVE('',#1978,#1978,#2001,.T.);
#2001 = SURFACE_CURVE('',#2002,(#2007,#2014),.PCURVE_S1.);
#2002 = CIRCLE('',#2003,13.8);
#2003 = AXIS2_PLACEMENT_3D('',#2004,#2005,#2006);
#2004 = CARTESIAN_POINT('',(0.,0.,0.));
#2005 = DIRECTION('',(0.,0.,1.));
#2006 = DIRECTION('',(1.,0.,-0.));
#2007 = PCURVE('',#1873,#2008);
#2008 = DEFINITIONAL_REPRESENTATION('',(#2009),#2013);
#2009 = LINE('',#2010,#2011);
#2010 = CARTESIAN_POINT('',(0.,1.));
#2011 = VECTOR('',#2012,1.);
#2012 = DIRECTION('',(1.,0.));
#2013 = ( GEOMETRIC_REPRESENTATION_CONTEXT(2) 
PARAMETRIC_REPRESENTATION_CONTEXT() REPRESENTATION_CONTEXT('2D SPACE',''
  ) );
#2014 = PCURVE('',#2015,#2020);
#2015 = PLANE('',#2016);
#2016 = AXIS2_PLACEMENT_3D('',#2017,#2018,#2019);
#2017 = CARTESIAN_POINT('',(0.,0.,0.));
#2018 = DIRECTION('',(0.,0.,1.));
#2019 = DIRECTION('',(1.,0.,-0.));
#2020 = DEFINITIONAL_REPRESENTATION('',(#2021),#2025);
#2021 = CIRCLE('',#2022,13.8);
#2022 = AXIS2_PLACEMENT_2D('',#2023,#2024);
#2023 = CARTESIAN_POINT('',(0.,0.));
#2024 = DIRECTION('',(1.,0.));
#2025 = ( GEOMETRIC_REPRESENTATION_CONTEXT(2) 
PARAMETRIC_REPRESENTATION_CONTEXT() REPRESENTATION_CONTEXT('2D SPACE',''
  ) );
#2026 = ORIENTED_EDGE('',*,*,#1977,.T.);
#2027 = ADVANCED_FACE('',(#2028,#2031),#1950,.F.);
#2028 = FACE_BOUND('',#2029,.F.);
#2029 = EDGE_LOOP('',(#2030));
#2030 = ORIENTED_EDGE('',*,*,#1935,.T.);
#2031 = FACE_BOUND('',#2032,.F.);
#2032 = EDGE_LOOP('',(#2033));
#2033 = ORIENTED_EDGE('',*,*,#2034,.F.);
#2034 = EDGE_CURVE('',#2035,#2035,#2037,.T.);
#2035 = VERTEX_POINT('',#2036);
#2036 = CARTESIAN_POINT('',(40.6,-9.944132009077E-15,0.));
#2037 = SURFACE_CURVE('',#2038,(#2043,#2050),.PCURVE_S1.);
#2038 = CIRCLE('',#2039,40.6);
#2039 = AXIS2_PLACEMENT_3D('',#2040,#2041,#2042);
#2040 = CARTESIAN_POINT('',(0.,0.,0.));
#2041 = DIRECTION('',(0.,0.,1.));
#2042 = DIRECTION('',(1.,0.,-0.));
#2043 = PCURVE('',#1950,#2044);
#2044 = DEFINITIONAL_REPRESENTATION('',(#2045),#2049);
#2045 = CIRCLE('',#2046,40.6);
#2046 = AXIS2_PLACEMENT_2D('',#2047,#2048);
#2047 = CARTESIAN_POINT('',(0.,0.));
#2048 = DIRECTION('',(1.,0.));
#2049 = ( GEOMETRIC_REPRESENTATION_CONTEXT(2) 
PARAMETRIC_REPRESENTATION_CONTEXT() REPRESENTATION_CONTEXT('2D SPACE',''
  ) );
#2050 = PCURVE('',#2051,#2056);
#2051 = PLANE('',#2052);
#2052 = AXIS2_PLACEMENT_3D('',#2053,#2054,#2055);
#2053 = CARTESIAN_POINT('',(0.,0.,0.));
#2054 = DIRECTION('',(0.,0.,1.));
#2055 = DIRECTION('',(1.,0.,-0.));
#2056 = DEFINITIONAL_REPRESENTATION('',(#2057),#2061);
#2057 = CIRCLE('',#2058,40.6);
#2058 = AXIS2_PLACEMENT_2D('',#2059,#2060);
#2059 = CARTESIAN_POINT('',(0.,0.));
#2060 = DIRECTION('',(1.,0.));
#2061 = ( GEOMETRIC_REPRESENTATION_CONTEXT(2) 
PARAMETRIC_REPRESENTATION_CONTEXT() REPRESENTATION_CONTEXT('2D SPACE',''
  ) );
#2062 = ADVANCED_FACE('',(#2063,#2094),#2015,.F.);
#2063 = FACE_BOUND('',#2064,.F.);
#2064 = EDGE_LOOP('',(#2065));
#2065 = ORIENTED_EDGE('',*,*,#2066,.T.);
#2066 = EDGE_CURVE('',#2067,#2067,#2069,.T.);
#2067 = VERTEX_POINT('',#2068);
#2068 = CARTESIAN_POINT('',(14.8,-3.624954525476E-15,0.));
#2069 = SURFACE_CURVE('',#2070,(#2075,#2082),.PCURVE_S1.);
#2070 = CIRCLE('',#2071,14.8);
#2071 = AXIS2_PLACEMENT_3D('',#2072,#2073,#2074);
#2072 = CARTESIAN_POINT('',(0.,0.,0.));
#2073 = DIRECTION('',(0.,0.,1.));
#2074 = DIRECTION('',(1.,0.,-0.));
#2075 = PCURVE('',#2015,#2076);
#2076 = DEFINITIONAL_REPRESENTATION('',(#2077),#2081);
#2077 = CIRCLE('',#2078,14.8);
#2078 = AXIS2_PLACEMENT_2D('',#2079,#2080);
#2079 = CARTESIAN_POINT('',(0.,0.));
#2080 = DIRECTION('',(1.,0.));
#2081 = ( GEOMETRIC_REPRESENTATION_CONTEXT(2) 
PARAMETRIC_REPRESENTATION_CONTEXT() REPRESENTATION_CONTEXT('2D SPACE',''
  ) );
#2082 = PCURVE('',#2083,#2088);
#2083 = PLANE('',#2084);
#2084 = AXIS2_PLACEMENT_3D('',#2085,#2086,#2087);
#2085 = CARTESIAN_POINT('',(0.,0.,0.));
#2086 = DIRECTION('',(0.,0.,1.));
#2087 = DIRECTION('',(1.,0.,-0.));
#2088 = DEFINITIONAL_REPRESENTATION('',(#2089),#2093);
#2089 = CIRCLE('',#2090,14.8);
#2090 = AXIS2_PLACEMENT_2D('',#2091,#2092);
#2091 = CARTESIAN_POINT('',(0.,0.));
#2092 = DIRECTION('',(1.,0.));
#2093 = ( GEOMETRIC_REPRESENTATION_CONTEXT(2) 
PARAMETRIC_REPRESENTATION_CONTEXT() REPRESENTATION_CONTEXT('2D SPACE',''
  ) );
#2094 = FACE_BOUND('',#2095,.F.);
#2095 = EDGE_LOOP('',(#2096));
#2096 = ORIENTED_EDGE('',*,*,#2000,.F.);
#2097 = ADVANCED_FACE('',(#2098,#2101),#2051,.F.);
#2098 = FACE_BOUND('',#2099,.F.);
#2099 = EDGE_LOOP('',(#2100));
#2100 = ORIENTED_EDGE('',*,*,#2034,.T.);
#2101 = FACE_BOUND('',#2102,.F.);
#2102 = EDGE_LOOP('',(#2103));
#2103 = ORIENTED_EDGE('',*,*,#2104,.F.);
#2104 = EDGE_CURVE('',#2105,#2105,#2107,.T.);
#2105 = VERTEX_POINT('',#2106);
#2106 = CARTESIAN_POINT('',(40.,-9.797174393179E-15,0.));
#2107 = SURFACE_CURVE('',#2108,(#2113,#2120),.PCURVE_S1.);
#2108 = CIRCLE('',#2109,40.);
#2109 = AXIS2_PLACEMENT_3D('',#2110,#2111,#2112);
#2110 = CARTESIAN_POINT('',(0.,0.,0.));
#2111 = DIRECTION('',(0.,0.,1.));
#2112 = DIRECTION('',(1.,0.,-0.));
#2113 = PCURVE('',#2051,#2114);
#2114 = DEFINITIONAL_REPRESENTATION('',(#2115),#2119);
#2115 = CIRCLE('',#2116,40.);
#2116 = AXIS2_PLACEMENT_2D('',#2117,#2118);
#2117 = CARTESIAN_POINT('',(0.,0.));
#2118 = DIRECTION('',(1.,0.));
#2119 = ( GEOMETRIC_REPRESENTATION_CONTEXT(2) 
PARAMETRIC_REPRESENTATION_CONTEXT() REPRESENTATION_CONTEXT('2D SPACE',''
  ) );
#2120 = PCURVE('',#2121,#2126);
#2121 = PLANE('',#2122);
#2122 = AXIS2_PLACEMENT_3D('',#2123,#2124,#2125);
#2123 = CARTESIAN_POINT('',(0.,0.,0.));
#2124 = DIRECTION('',(0.,0.,1.));
#2125 = DIRECTION('',(1.,0.,-0.));
#2126 = DEFINITIONAL_REPRESENTATION('',(#2127),#2131);
#2127 = CIRCLE('',#2128,40.);
#2128 = AXIS2_PLACEMENT_2D('',#2129,#2130);
#2129 = CARTESIAN_POINT('',(0.,0.));
#2130 = DIRECTION('',(1.,0.));
#2131 = ( GEOMETRIC_REPRESENTATION_CONTEXT(2) 
PARAMETRIC_REPRESENTATION_CONTEXT() REPRESENTATION_CONTEXT('2D SPACE',''
  ) );
#2132 = ADVANCED_FACE('',(#2133,#2159),#2083,.F.);
#2133 = FACE_BOUND('',#2134,.F.);
#2134 = EDGE_LOOP('',(#2135));
#2135 = ORIENTED_EDGE('',*,*,#2136,.T.);
#2136 = EDGE_CURVE('',#2137,#2137,#2139,.T.);
#2137 = VERTEX_POINT('',#2138);
#2138 = CARTESIAN_POINT('',(16.5,-4.041334437186E-15,0.));
#2139 = SURFACE_CURVE('',#2140,(#2145,#2152),.PCURVE_S1.);
#2140 = CIRCLE('',#2141,16.5);
#2141 = AXIS2_PLACEMENT_3D('',#2142,#2143,#2144);
#2142 = CARTESIAN_POINT('',(0.,0.,0.));
#2143 = DIRECTION('',(0.,0.,1.));
#2144 = DIRECTION('',(1.,0.,-0.));
#2145 = PCURVE('',#2083,#2146);
#2146 = DEFINITIONAL_REPRESENTATION('',(#2147),#2151);
#2147 = CIRCLE('',#2148,16.5);
#2148 = AXIS2_PLACEMENT_2D('',#2149,#2150);
#2149 = CARTESIAN_POINT('',(0.,0.));
#2150 = DIRECTION('',(1.,0.));
#2151 = ( GEOMETRIC_REPRESENTATION_CONTEXT(2) 
PARAMETRIC_REPRESENTATION_CONTEXT() REPRESENTATION_CONTEXT('2D SPACE',''
  ) );
#2152 = PCURVE('',#2121,#2153);
#2153 = DEFINITIONAL_REPRESENTATION('',(#2154),#2158);
#2154 = CIRCLE('',#2155,16.5);
#2155 = AXIS2_PLACEMENT_2D('',#2156,#2157);
#2156 = CARTESIAN_POINT('',(0.,0.));
#2157 = DIRECTION('',(1.,0.));
#2158 = ( GEOMETRIC_REPRESENTATION_CONTEXT(2) 
PARAMETRIC_REPRESENTATION_CONTEXT() REPRESENTATION_CONTEXT('2D SPACE',''
  ) );
#2159 = FACE_BOUND('',#2160,.F.);
#2160 = EDGE_LOOP('',(#2161));
#2161 = ORIENTED_EDGE('',*,*,#2066,.F.);
#2162 = ADVANCED_FACE('',(#2163,#2166),#2121,.F.);
#2163 = FACE_BOUND('',#2164,.F.);
#2164 = EDGE_LOOP('',(#2165));
#2165 = ORIENTED_EDGE('',*,*,#2104,.T.);
#2166 = FACE_BOUND('',#2167,.F.);
#2167 = EDGE_LOOP('',(#2168));
#2168 = ORIENTED_EDGE('',*,*,#2136,.F.);
#2169 = ORIENTED_CLOSED_SHELL('',*,#2170,.F.);
#2170 = CLOSED_SHELL('',(#2171,#2259,#2294,#2324));
#2171 = ADVANCED_FACE('',(#2172),#2186,.F.);
#2172 = FACE_BOUND('',#2173,.F.);
#2173 = EDGE_LOOP('',(#2174,#2204,#2231,#2232));
#2174 = ORIENTED_EDGE('',*,*,#2175,.T.);
#2175 = EDGE_CURVE('',#2176,#2178,#2180,.T.);
#2176 = VERTEX_POINT('',#2177);
#2177 = CARTESIAN_POINT('',(16.5,-4.041334437186E-15,6.));
#2178 = VERTEX_POINT('',#2179);
#2179 = CARTESIAN_POINT('',(16.5,-4.041334437186E-15,8.));
#2180 = SEAM_CURVE('',#2181,(#2185,#2197),.PCURVE_S1.);
#2181 = LINE('',#2182,#2183);
#2182 = CARTESIAN_POINT('',(16.5,-4.041334437186E-15,0.));
#2183 = VECTOR('',#2184,1.);
#2184 = DIRECTION('',(0.,0.,1.));
#2185 = PCURVE('',#2186,#2191);
#2186 = CYLINDRICAL_SURFACE('',#2187,16.5);
#2187 = AXIS2_PLACEMENT_3D('',#2188,#2189,#2190);
#2188 = CARTESIAN_POINT('',(0.,0.,0.));
#2189 = DIRECTION('',(0.,0.,1.));
#2190 = DIRECTION('',(1.,0.,-0.));
#2191 = DEFINITIONAL_REPRESENTATION('',(#2192),#2196);
#2192 = LINE('',#2193,#2194);
#2193 = CARTESIAN_POINT('',(6.28318530718,-0.));
#2194 = VECTOR('',#2195,1.);
#2195 = DIRECTION('',(0.,1.));
#2196 = ( GEOMETRIC_REPRESENTATION_CONTEXT(2) 
PARAMETRIC_REPRESENTATION_CONTEXT() REPRESENTATION_CONTEXT('2D SPACE',''
  ) );
#2197 = PCURVE('',#2186,#2198);
#2198 = DEFINITIONAL_REPRESENTATION('',(#2199),#2203);
#2199 = LINE('',#2200,#2201);
#2200 = CARTESIAN_POINT('',(0.,-0.));
#2201 = VECTOR('',#2202,1.);
#2202 = DIRECTION('',(0.,1.));
#2203 = ( GEOMETRIC_REPRESENTATION_CONTEXT(2) 
PARAMETRIC_REPRESENTATION_CONTEXT() REPRESENTATION_CONTEXT('2D SPACE',''
  ) );
#2204 = ORIENTED_EDGE('',*,*,#2205,.F.);
#2205 = EDGE_CURVE('',#2178,#2178,#2206,.T.);
#2206 = SURFACE_CURVE('',#2207,(#2212,#2219),.PCURVE_S1.);
#2207 = CIRCLE('',#2208,16.5);
#2208 = AXIS2_PLACEMENT_3D('',#2209,#2210,#2211);
#2209 = CARTESIAN_POINT('',(0.,0.,8.));
#2210 = DIRECTION('',(0.,0.,1.));
#2211 = DIRECTION('',(1.,0.,-0.));
#2212 = PCURVE('',#2186,#2213);
#2213 = DEFINITIONAL_REPRESENTATION('',(#2214),#2218);
#2214 = LINE('',#2215,#2216);
#2215 = CARTESIAN_POINT('',(0.,8.));
#2216 = VECTOR('',#2217,1.);
#2217 = DIRECTION('',(1.,0.));
#2218 = ( GEOMETRIC_REPRESENTATION_CONTEXT(2) 
PARAMETRIC_REPRESENTATION_CONTEXT() REPRESENTATION_CONTEXT('2D SPACE',''
  ) );
#2219 = PCURVE('',#2220,#2225);
#2220 = PLANE('',#2221);
#2221 = AXIS2_PLACEMENT_3D('',#2222,#2223,#2224);
#2222 = CARTESIAN_POINT('',(0.,0.,8.));
#2223 = DIRECTION('',(0.,0.,1.));
#2224 = DIRECTION('',(1.,0.,-0.));
#2225 = DEFINITIONAL_REPRESENTATION('',(#2226),#2230);
#2226 = CIRCLE('',#2227,16.5);
#2227 = AXIS2_PLACEMENT_2D('',#2228,#2229);
#2228 = CARTESIAN_POINT('',(0.,0.));
#2229 = DIRECTION('',(1.,0.));
#2230 = ( GEOMETRIC_REPRESENTATION_CONTEXT(2) 
PARAMETRIC_REPRESENTATION_CONTEXT() REPRESENTATION_CONTEXT('2D SPACE',''
  ) );
#2231 = ORIENTED_EDGE('',*,*,#2175,.F.);
#2232 = ORIENTED_EDGE('',*,*,#2233,.T.);
#2233 = EDGE_CURVE('',#2176,#2176,#2234,.T.);
#2234 = SURFACE_CURVE('',#2235,(#2240,#2247),.PCURVE_S1.);
#2235 = CIRCLE('',#2236,16.5);
#2236 = AXIS2_PLACEMENT_3D('',#2237,#2238,#2239);
#2237 = CARTESIAN_POINT('',(0.,0.,6.));
#2238 = DIRECTION('',(0.,0.,1.));
#2239 = DIRECTION('',(1.,0.,-0.));
#2240 = PCURVE('',#2186,#2241);
#2241 = DEFINITIONAL_REPRESENTATION('',(#2242),#2246);
#2242 = LINE('',#2243,#2244);
#2243 = CARTESIAN_POINT('',(0.,6.));
#2244 = VECTOR('',#2245,1.);
#2245 = DIRECTION('',(1.,0.));
#2246 = ( GEOMETRIC_REPRESENTATION_CONTEXT(2) 
PARAMETRIC_REPRESENTATION_CONTEXT() REPRESENTATION_CONTEXT('2D SPACE',''
  ) );
#2247 = PCURVE('',#2248,#2253);
#2248 = PLANE('',#2249);
#2249 = AXIS2_PLACEMENT_3D('',#2250,#2251,#2252);
#2250 = CARTESIAN_POINT('',(0.,0.,6.));
#2251 = DIRECTION('',(0.,0.,1.));
#2252 = DIRECTION('',(1.,0.,-0.));
#2253 = DEFINITIONAL_REPRESENTATION('',(#2254),#2258);
#2254 = CIRCLE('',#2255,16.5);
#2255 = AXIS2_PLACEMENT_2D('',#2256,#2257);
#2256 = CARTESIAN_POINT('',(0.,0.));
#2257 = DIRECTION('',(1.,0.));
#2258 = ( GEOMETRIC_REPRESENTATION_CONTEXT(2) 
PARAMETRIC_REPRESENTATION_CONTEXT() REPRESENTATION_CONTEXT('2D SPACE',''
  ) );
#2259 = ADVANCED_FACE('',(#2260,#2291),#2248,.F.);
#2260 = FACE_BOUND('',#2261,.F.);
#2261 = EDGE_LOOP('',(#2262));
#2262 = ORIENTED_EDGE('',*,*,#2263,.T.);
#2263 = EDGE_CURVE('',#2264,#2264,#2266,.T.);
#2264 = VERTEX_POINT('',#2265);
#2265 = CARTESIAN_POINT('',(40.,-9.797174393179E-15,6.));
#2266 = SURFACE_CURVE('',#2267,(#2272,#2279),.PCURVE_S1.);
#2267 = CIRCLE('',#2268,40.);
#2268 = AXIS2_PLACEMENT_3D('',#2269,#2270,#2271);
#2269 = CARTESIAN_POINT('',(0.,0.,6.));
#2270 = DIRECTION('',(0.,0.,1.));
#2271 = DIRECTION('',(1.,0.,-0.));
#2272 = PCURVE('',#2248,#2273);
#2273 = DEFINITIONAL_REPRESENTATION('',(#2274),#2278);
#2274 = CIRCLE('',#2275,40.);
#2275 = AXIS2_PLACEMENT_2D('',#2276,#2277);
#2276 = CARTESIAN_POINT('',(0.,0.));
#2277 = DIRECTION('',(1.,0.));
#2278 = ( GEOMETRIC_REPRESENTATION_CONTEXT(2) 
PARAMETRIC_REPRESENTATION_CONTEXT() REPRESENTATION_CONTEXT('2D SPACE',''
  ) );
#2279 = PCURVE('',#2280,#2285);
#2280 = CYLINDRICAL_SURFACE('',#2281,40.);
#2281 = AXIS2_PLACEMENT_3D('',#2282,#2283,#2284);
#2282 = CARTESIAN_POINT('',(0.,0.,-1.));
#2283 = DIRECTION('',(0.,0.,1.));
#2284 = DIRECTION('',(1.,0.,-0.));
#2285 = DEFINITIONAL_REPRESENTATION('',(#2286),#2290);
#2286 = LINE('',#2287,#2288);
#2287 = CARTESIAN_POINT('',(0.,7.));
#2288 = VECTOR('',#2289,1.);
#2289 = DIRECTION('',(1.,0.));
#2290 = ( GEOMETRIC_REPRESENTATION_CONTEXT(2) 
PARAMETRIC_REPRESENTATION_CONTEXT() REPRESENTATION_CONTEXT('2D SPACE',''
  ) );
#2291 = FACE_BOUND('',#2292,.F.);
#2292 = EDGE_LOOP('',(#2293));
#2293 = ORIENTED_EDGE('',*,*,#2233,.F.);
#2294 = ADVANCED_FACE('',(#2295,#2321),#2220,.T.);
#2295 = FACE_BOUND('',#2296,.T.);
#2296 = EDGE_LOOP('',(#2297));
#2297 = ORIENTED_EDGE('',*,*,#2298,.T.);
#2298 = EDGE_CURVE('',#2299,#2299,#2301,.T.);
#2299 = VERTEX_POINT('',#2300);
#2300 = CARTESIAN_POINT('',(40.,-9.797174393179E-15,8.));
#2301 = SURFACE_CURVE('',#2302,(#2307,#2314),.PCURVE_S1.);
#2302 = CIRCLE('',#2303,40.);
#2303 = AXIS2_PLACEMENT_3D('',#2304,#2305,#2306);
#2304 = CARTESIAN_POINT('',(0.,0.,8.));
#2305 = DIRECTION('',(0.,0.,1.));
#2306 = DIRECTION('',(1.,0.,-0.));
#2307 = PCURVE('',#2220,#2308);
#2308 = DEFINITIONAL_REPRESENTATION('',(#2309),#2313);
#2309 = CIRCLE('',#2310,40.);
#2310 = AXIS2_PLACEMENT_2D('',#2311,#2312);
#2311 = CARTESIAN_POINT('',(0.,0.));
#2312 = DIRECTION('',(1.,0.));
#2313 = ( GEOMETRIC_REPRESENTATION_CONTEXT(2) 
PARAMETRIC_REPRESENTATION_CONTEXT() REPRESENTATION_CONTEXT('2D SPACE',''
  ) );
#2314 = PCURVE('',#2280,#2315);
#2315 = DEFINITIONAL_REPRESENTATION('',(#2316),#2320);
#2316 = LINE('',#2317,#2318);
#2317 = CARTESIAN_POINT('',(0.,9.));
#2318 = VECTOR('',#2319,1.);
#2319 = DIRECTION('',(1.,0.));
#2320 = ( GEOMETRIC_REPRESENTATION_CONTEXT(2) 
PARAMETRIC_REPRESENTATION_CONTEXT() REPRESENTATION_CONTEXT('2D SPACE',''
  ) );
#2321 = FACE_BOUND('',#2322,.T.);
#2322 = EDGE_LOOP('',(#2323));
#2323 = ORIENTED_EDGE('',*,*,#2205,.F.);
#2324 = ADVANCED_FACE('',(#2325),#2280,.T.);
#2325 = FACE_BOUND('',#2326,.T.);
#2326 = EDGE_LOOP('',(#2327,#2348,#2349,#2350));
#2327 = ORIENTED_EDGE('',*,*,#2328,.T.);
#2328 = EDGE_CURVE('',#2264,#2299,#2329,.T.);
#2329 = SEAM_CURVE('',#2330,(#2334,#2341),.PCURVE_S1.);
#2330 = LINE('',#2331,#2332);
#2331 = CARTESIAN_POINT('',(40.,-9.797174393179E-15,-1.));
#2332 = VECTOR('',#2333,1.);
#2333 = DIRECTION('',(0.,0.,1.));
#2334 = PCURVE('',#2280,#2335);
#2335 = DEFINITIONAL_REPRESENTATION('',(#2336),#2340);
#2336 = LINE('',#2337,#2338);
#2337 = CARTESIAN_POINT('',(6.28318530718,-0.));
#2338 = VECTOR('',#2339,1.);
#2339 = DIRECTION('',(0.,1.));
#2340 = ( GEOMETRIC_REPRESENTATION_CONTEXT(2) 
PARAMETRIC_REPRESENTATION_CONTEXT() REPRESENTATION_CONTEXT('2D SPACE',''
  ) );
#2341 = PCURVE('',#2280,#2342);
#2342 = DEFINITIONAL_REPRESENTATION('',(#2343),#2347);
#2343 = LINE('',#2344,#2345);
#2344 = CARTESIAN_POINT('',(0.,-0.));
#2345 = VECTOR('',#2346,1.);
#2346 = DIRECTION('',(0.,1.));
#2347 = ( GEOMETRIC_REPRESENTATION_CONTEXT(2) 
PARAMETRIC_REPRESENTATION_CONTEXT() REPRESENTATION_CONTEXT('2D SPACE',''
  ) );
#2348 = ORIENTED_EDGE('',*,*,#2298,.F.);
#2349 = ORIENTED_EDGE('',*,*,#2328,.F.);
#2350 = ORIENTED_EDGE('',*,*,#2263,.T.);
#2351 = ORIENTED_CLOSED_SHELL('',*,#2352,.F.);
#2352 = CLOSED_SHELL('',(#2353,#2441,#2476,#2506));
#2353 = ADVANCED_FACE('',(#2354),#2367,.F.);
#2354 = FACE_BOUND('',#2355,.F.);
#2355 = EDGE_LOOP('',(#2356,#2390,#2413,#2440));
#2356 = ORIENTED_EDGE('',*,*,#2357,.F.);
#2357 = EDGE_CURVE('',#2358,#2358,#2360,.T.);
#2358 = VERTEX_POINT('',#2359);
#2359 = CARTESIAN_POINT('',(16.5,-4.041334437186E-15,132.));
#2360 = SURFACE_CURVE('',#2361,(#2366,#2378),.PCURVE_S1.);
#2361 = CIRCLE('',#2362,16.5);
#2362 = AXIS2_PLACEMENT_3D('',#2363,#2364,#2365);
#2363 = CARTESIAN_POINT('',(0.,0.,132.));
#2364 = DIRECTION('',(0.,0.,1.));
#2365 = DIRECTION('',(1.,0.,-0.));
#2366 = PCURVE('',#2367,#2372);
#2367 = CYLINDRICAL_SURFACE('',#2368,16.5);
#2368 = AXIS2_PLACEMENT_3D('',#2369,#2370,#2371);
#2369 = CARTESIAN_POINT('',(0.,0.,0.));
#2370 = DIRECTION('',(0.,0.,1.));
#2371 = DIRECTION('',(1.,0.,-0.));
#2372 = DEFINITIONAL_REPRESENTATION('',(#2373),#2377);
#2373 = LINE('',#2374,#2375);
#2374 = CARTESIAN_POINT('',(0.,132.));
#2375 = VECTOR('',#2376,1.);
#2376 = DIRECTION('',(1.,0.));
#2377 = ( GEOMETRIC_REPRESENTATION_CONTEXT(2) 
PARAMETRIC_REPRESENTATION_CONTEXT() REPRESENTATION_CONTEXT('2D SPACE',''
  ) );
#2378 = PCURVE('',#2379,#2384);
#2379 = PLANE('',#2380);
#2380 = AXIS2_PLACEMENT_3D('',#2381,#2382,#2383);
#2381 = CARTESIAN_POINT('',(0.,0.,132.));
#2382 = DIRECTION('',(0.,0.,1.));
#2383 = DIRECTION('',(1.,0.,-0.));
#2384 = DEFINITIONAL_REPRESENTATION('',(#2385),#2389);
#2385 = CIRCLE('',#2386,16.5);
#2386 = AXIS2_PLACEMENT_2D('',#2387,#2388);
#2387 = CARTESIAN_POINT('',(0.,0.));
#2388 = DIRECTION('',(1.,0.));
#2389 = ( GEOMETRIC_REPRESENTATION_CONTEXT(2) 
PARAMETRIC_REPRESENTATION_CONTEXT() REPRESENTATION_CONTEXT('2D SPACE',''
  ) );
#2390 = ORIENTED_EDGE('',*,*,#2391,.F.);
#2391 = EDGE_CURVE('',#2392,#2358,#2394,.T.);
#2392 = VERTEX_POINT('',#2393);
#2393 = CARTESIAN_POINT('',(16.5,-4.041334437186E-15,12.));
#2394 = SEAM_CURVE('',#2395,(#2399,#2406),.PCURVE_S1.);
#2395 = LINE('',#2396,#2397);
#2396 = CARTESIAN_POINT('',(16.5,-4.041334437186E-15,0.));
#2397 = VECTOR('',#2398,1.);
#2398 = DIRECTION('',(0.,0.,1.));
#2399 = PCURVE('',#2367,#2400);
#2400 = DEFINITIONAL_REPRESENTATION('',(#2401),#2405);
#2401 = LINE('',#2402,#2403);
#2402 = CARTESIAN_POINT('',(6.28318530718,-0.));
#2403 = VECTOR('',#2404,1.);
#2404 = DIRECTION('',(0.,1.));
#2405 = ( GEOMETRIC_REPRESENTATION_CONTEXT(2) 
PARAMETRIC_REPRESENTATION_CONTEXT() REPRESENTATION_CONTEXT('2D SPACE',''
  ) );
#2406 = PCURVE('',#2367,#2407);
#2407 = DEFINITIONAL_REPRESENTATION('',(#2408),#2412);
#2408 = LINE('',#2409,#2410);
#2409 = CARTESIAN_POINT('',(0.,-0.));
#2410 = VECTOR('',#2411,1.);
#2411 = DIRECTION('',(0.,1.));
#2412 = ( GEOMETRIC_REPRESENTATION_CONTEXT(2) 
PARAMETRIC_REPRESENTATION_CONTEXT() REPRESENTATION_CONTEXT('2D SPACE',''
  ) );
#2413 = ORIENTED_EDGE('',*,*,#2414,.T.);
#2414 = EDGE_CURVE('',#2392,#2392,#2415,.T.);
#2415 = SURFACE_CURVE('',#2416,(#2421,#2428),.PCURVE_S1.);
#2416 = CIRCLE('',#2417,16.5);
#2417 = AXIS2_PLACEMENT_3D('',#2418,#2419,#2420);
#2418 = CARTESIAN_POINT('',(0.,0.,12.));
#2419 = DIRECTION('',(0.,0.,1.));
#2420 = DIRECTION('',(1.,0.,-0.));
#2421 = PCURVE('',#2367,#2422);
#2422 = DEFINITIONAL_REPRESENTATION('',(#2423),#2427);
#2423 = LINE('',#2424,#2425);
#2424 = CARTESIAN_POINT('',(0.,12.));
#2425 = VECTOR('',#2426,1.);
#2426 = DIRECTION('',(1.,0.));
#2427 = ( GEOMETRIC_REPRESENTATION_CONTEXT(2) 
PARAMETRIC_REPRESENTATION_CONTEXT() REPRESENTATION_CONTEXT('2D SPACE',''
  ) );
#2428 = PCURVE('',#2429,#2434);
#2429 = PLANE('',#2430);
#2430 = AXIS2_PLACEMENT_3D('',#2431,#2432,#2433);
#2431 = CARTESIAN_POINT('',(0.,0.,12.));
#2432 = DIRECTION('',(0.,0.,1.));
#2433 = DIRECTION('',(1.,0.,-0.));
#2434 = DEFINITIONAL_REPRESENTATION('',(#2435),#2439);
#2435 = CIRCLE('',#2436,16.5);
#2436 = AXIS2_PLACEMENT_2D('',#2437,#2438);
#2437 = CARTESIAN_POINT('',(0.,0.));
#2438 = DIRECTION('',(1.,0.));
#2439 = ( GEOMETRIC_REPRESENTATION_CONTEXT(2) 
PARAMETRIC_REPRESENTATION_CONTEXT() REPRESENTATION_CONTEXT('2D SPACE',''
  ) );
#2440 = ORIENTED_EDGE('',*,*,#2391,.T.);
#2441 = ADVANCED_FACE('',(#2442,#2473),#2379,.T.);
#2442 = FACE_BOUND('',#2443,.T.);
#2443 = EDGE_LOOP('',(#2444));
#2444 = ORIENTED_EDGE('',*,*,#2445,.T.);
#2445 = EDGE_CURVE('',#2446,#2446,#2448,.T.);
#2446 = VERTEX_POINT('',#2447);
#2447 = CARTESIAN_POINT('',(40.,-9.797174393179E-15,132.));
#2448 = SURFACE_CURVE('',#2449,(#2454,#2461),.PCURVE_S1.);
#2449 = CIRCLE('',#2450,40.);
#2450 = AXIS2_PLACEMENT_3D('',#2451,#2452,#2453);
#2451 = CARTESIAN_POINT('',(0.,0.,132.));
#2452 = DIRECTION('',(0.,0.,1.));
#2453 = DIRECTION('',(1.,0.,-0.));
#2454 = PCURVE('',#2379,#2455);
#2455 = DEFINITIONAL_REPRESENTATION('',(#2456),#2460);
#2456 = CIRCLE('',#2457,40.);
#2457 = AXIS2_PLACEMENT_2D('',#2458,#2459);
#2458 = CARTESIAN_POINT('',(0.,0.));
#2459 = DIRECTION('',(1.,0.));
#2460 = ( GEOMETRIC_REPRESENTATION_CONTEXT(2) 
PARAMETRIC_REPRESENTATION_CONTEXT() REPRESENTATION_CONTEXT('2D SPACE',''
  ) );
#2461 = PCURVE('',#2462,#2467);
#2462 = CYLINDRICAL_SURFACE('',#2463,40.);
#2463 = AXIS2_PLACEMENT_3D('',#2464,#2465,#2466);
#2464 = CARTESIAN_POINT('',(0.,0.,-1.));
#2465 = DIRECTION('',(0.,0.,1.));
#2466 = DIRECTION('',(1.,0.,-0.));
#2467 = DEFINITIONAL_REPRESENTATION('',(#2468),#2472);
#2468 = LINE('',#2469,#2470);
#2469 = CARTESIAN_POINT('',(0.,133.));
#2470 = VECTOR('',#2471,1.);
#2471 = DIRECTION('',(1.,0.));
#2472 = ( GEOMETRIC_REPRESENTATION_CONTEXT(2) 
PARAMETRIC_REPRESENTATION_CONTEXT() REPRESENTATION_CONTEXT('2D SPACE',''
  ) );
#2473 = FACE_BOUND('',#2474,.T.);
#2474 = EDGE_LOOP('',(#2475));
#2475 = ORIENTED_EDGE('',*,*,#2357,.F.);
#2476 = ADVANCED_FACE('',(#2477,#2503),#2429,.F.);
#2477 = FACE_BOUND('',#2478,.F.);
#2478 = EDGE_LOOP('',(#2479));
#2479 = ORIENTED_EDGE('',*,*,#2480,.T.);
#2480 = EDGE_CURVE('',#2481,#2481,#2483,.T.);
#2481 = VERTEX_POINT('',#2482);
#2482 = CARTESIAN_POINT('',(40.,-9.797174393179E-15,12.));
#2483 = SURFACE_CURVE('',#2484,(#2489,#2496),.PCURVE_S1.);
#2484 = CIRCLE('',#2485,40.);
#2485 = AXIS2_PLACEMENT_3D('',#2486,#2487,#2488);
#2486 = CARTESIAN_POINT('',(0.,0.,12.));
#2487 = DIRECTION('',(0.,0.,1.));
#2488 = DIRECTION('',(1.,0.,-0.));
#2489 = PCURVE('',#2429,#2490);
#2490 = DEFINITIONAL_REPRESENTATION('',(#2491),#2495);
#2491 = CIRCLE('',#2492,40.);
#2492 = AXIS2_PLACEMENT_2D('',#2493,#2494);
#2493 = CARTESIAN_POINT('',(0.,0.));
#2494 = DIRECTION('',(1.,0.));
#2495 = ( GEOMETRIC_REPRESENTATION_CONTEXT(2) 
PARAMETRIC_REPRESENTATION_CONTEXT() REPRESENTATION_CONTEXT('2D SPACE',''
  ) );
#2496 = PCURVE('',#2462,#2497);
#2497 = DEFINITIONAL_REPRESENTATION('',(#2498),#2502);
#2498 = LINE('',#2499,#2500);
#2499 = CARTESIAN_POINT('',(0.,13.));
#2500 = VECTOR('',#2501,1.);
#2501 = DIRECTION('',(1.,0.));
#2502 = ( GEOMETRIC_REPRESENTATION_CONTEXT(2) 
PARAMETRIC_REPRESENTATION_CONTEXT() REPRESENTATION_CONTEXT('2D SPACE',''
  ) );
#2503 = FACE_BOUND('',#2504,.F.);
#2504 = EDGE_LOOP('',(#2505));
#2505 = ORIENTED_EDGE('',*,*,#2414,.F.);
#2506 = ADVANCED_FACE('',(#2507),#2462,.T.);
#2507 = FACE_BOUND('',#2508,.T.);
#2508 = EDGE_LOOP('',(#2509,#2510,#2531,#2532));
#2509 = ORIENTED_EDGE('',*,*,#2480,.T.);
#2510 = ORIENTED_EDGE('',*,*,#2511,.T.);
#2511 = EDGE_CURVE('',#2481,#2446,#2512,.T.);
#2512 = SEAM_CURVE('',#2513,(#2517,#2524),.PCURVE_S1.);
#2513 = LINE('',#2514,#2515);
#2514 = CARTESIAN_POINT('',(40.,-9.797174393179E-15,-1.));
#2515 = VECTOR('',#2516,1.);
#2516 = DIRECTION('',(0.,0.,1.));
#2517 = PCURVE('',#2462,#2518);
#2518 = DEFINITIONAL_REPRESENTATION('',(#2519),#2523);
#2519 = LINE('',#2520,#2521);
#2520 = CARTESIAN_POINT('',(0.,-0.));
#2521 = VECTOR('',#2522,1.);
#2522 = DIRECTION('',(0.,1.));
#2523 = ( GEOMETRIC_REPRESENTATION_CONTEXT(2) 
PARAMETRIC_REPRESENTATION_CONTEXT() REPRESENTATION_CONTEXT('2D SPACE',''
  ) );
#2524 = PCURVE('',#2462,#2525);
#2525 = DEFINITIONAL_REPRESENTATION('',(#2526),#2530);
#2526 = LINE('',#2527,#2528);
#2527 = CARTESIAN_POINT('',(6.28318530718,-0.));
#2528 = VECTOR('',#2529,1.);
#2529 = DIRECTION('',(0.,1.));
#2530 = ( GEOMETRIC_REPRESENTATION_CONTEXT(2) 
PARAMETRIC_REPRESENTATION_CONTEXT() REPRESENTATION_CONTEXT('2D SPACE',''
  ) );
#2531 = ORIENTED_EDGE('',*,*,#2445,.F.);
#2532 = ORIENTED_EDGE('',*,*,#2511,.F.);
#2533 = ( GEOMETRIC_REPRESENTATION_CONTEXT(3) 
GLOBAL_UNCERTAINTY_ASSIGNED_CONTEXT((#2537)) 
GLOBAL_UNIT_ASSIGNED_CONTEXT((#2534,#2535,#2536)) REPRESENTATION_CONTEXT
('Context #1','3D Context with UNIT and UNCERTAINTY') );
#2534 = ( LENGTH_UNIT() NAMED_UNIT(*) SI_UNIT(.MILLI.,.METRE.) );
#2535 = ( NAMED_UNIT(*) PLANE_ANGLE_UNIT() SI_UNIT($,.RADIAN.) );
#2536 = ( NAMED_UNIT(*) SI_UNIT($,.STERADIAN.) SOLID_ANGLE_UNIT() );
#2537 = UNCERTAINTY_MEASURE_WITH_UNIT(LENGTH_MEASURE(1.E-07),#2534,
  'distance_accuracy_value','confusion accuracy');
#2538 = PRODUCT_RELATED_PRODUCT_CATEGORY('part',$,(#7));
ENDSEC;
END-ISO-10303-21;
