ISO-10303-21;
HEADER;
FILE_DESCRIPTION(('Open CASCADE Model'),'2;1');
FILE_NAME('Open CASCADE Shape Model','2026-06-21T02:31:41',('Author'),(
    'Open CASCADE'),'Open CASCADE STEP processor 7.9','Open CASCADE 7.9'
  ,'Unknown');
FILE_SCHEMA(('AUTOMOTIVE_DESIGN { 1 0 10303 214 1 1 1 1 }'));
ENDSEC;
DATA;
#1 = APPLICATION_PROTOCOL_DEFINITION('international standard',
  'automotive_design',2000,#2);
#2 = APPLICATION_CONTEXT(
  'core data for automotive mechanical design processes');
#3 = SHAPE_DEFINITION_REPRESENTATION(#4,#10);
#4 = PRODUCT_DEFINITION_SHAPE('','',#5);
#5 = PRODUCT_DEFINITION('design','',#6,#9);
#6 = PRODUCT_DEFINITION_FORMATION('','',#7);
#7 = PRODUCT('Open CASCADE STEP translator 7.9 12',
  'Open CASCADE STEP translator 7.9 12','',(#8));
#8 = PRODUCT_CONTEXT('',#2,'mechanical');
#9 = PRODUCT_DEFINITION_CONTEXT('part definition',#2,'design');
#10 = ADVANCED_BREP_SHAPE_REPRESENTATION('',(#11,#15),#9821);
#11 = AXIS2_PLACEMENT_3D('',#12,#13,#14);
#12 = CARTESIAN_POINT('',(0.,0.,0.));
#13 = DIRECTION('',(0.,0.,1.));
#14 = DIRECTION('',(1.,0.,-0.));
#15 = MANIFOLD_SOLID_BREP('',#16);
#16 = CLOSED_SHELL('',(#17,#137,#217,#292,#317,#342,#858,#935,#984,#1034
    ,#1069,#1096,#1150,#1226,#1275,#1324,#1351,#1427,#1476,#1525,#1552,
    #1559,#2159,#2213,#2220,#2227,#2304,#2353,#2403,#2430,#2484,#2560,
    #2609,#2658,#2685,#2761,#2810,#2859,#2886,#2962,#3011,#3060,#3087,
    #3141,#3148,#3202,#3209,#3216,#3223,#3278,#3332,#3387,#3442,#3497,
    #3552,#3607,#3662,#3717,#3772,#3827,#3882,#3937,#3992,#4047,#4102,
    #4157,#4212,#4267,#4322,#4377,#4432,#4487,#4542,#4597,#4652,#4707,
    #4762,#4817,#4872,#4927,#4982,#5037,#5092,#5147,#5202,#5257,#5312,
    #5367,#5422,#5477,#5532,#5587,#5642,#5697,#5752,#5807,#5862,#5917,
    #5972,#6027,#6082,#6137,#6192,#6247,#6302,#6357,#6412,#6467,#6522,
    #6577,#6632,#6687,#6742,#6797,#6852,#6907,#6962,#7017,#7072,#7127,
    #7182,#7237,#7292,#7347,#7402,#7457,#7512,#7567,#7622,#7677,#7732,
    #7787,#7842,#7897,#7952,#8007,#8062,#8117,#8172,#8227,#8282,#8337,
    #8392,#8447,#8502,#8557,#8612,#8667,#8722,#8777,#8832,#8887,#8942,
    #8997,#9052,#9107,#9162,#9217,#9272,#9327,#9382,#9437,#9492,#9547,
    #9602,#9657,#9712,#9740,#9795));
#17 = ADVANCED_FACE('',(#18),#32,.F.);
#18 = FACE_BOUND('',#19,.F.);
#19 = EDGE_LOOP('',(#20,#55,#83,#111));
#20 = ORIENTED_EDGE('',*,*,#21,.T.);
#21 = EDGE_CURVE('',#22,#24,#26,.T.);
#22 = VERTEX_POINT('',#23);
#23 = CARTESIAN_POINT('',(-2.25,-33.,6.));
#24 = VERTEX_POINT('',#25);
#25 = CARTESIAN_POINT('',(2.25,-33.,6.));
#26 = SURFACE_CURVE('',#27,(#31,#43),.PCURVE_S1.);
#27 = LINE('',#28,#29);
#28 = CARTESIAN_POINT('',(-2.25,-33.,6.));
#29 = VECTOR('',#30,1.);
#30 = DIRECTION('',(1.,-2.22044604925E-16,0.));
#31 = PCURVE('',#32,#37);
#32 = PLANE('',#33);
#33 = AXIS2_PLACEMENT_3D('',#34,#35,#36);
#34 = CARTESIAN_POINT('',(-2.25,-33.,6.));
#35 = DIRECTION('',(-2.22044604925E-16,-1.,0.));
#36 = DIRECTION('',(0.,0.,1.));
#37 = DEFINITIONAL_REPRESENTATION('',(#38),#42);
#38 = LINE('',#39,#40);
#39 = CARTESIAN_POINT('',(0.,0.));
#40 = VECTOR('',#41,1.);
#41 = DIRECTION('',(0.,-1.));
#42 = ( GEOMETRIC_REPRESENTATION_CONTEXT(2) 
PARAMETRIC_REPRESENTATION_CONTEXT() REPRESENTATION_CONTEXT('2D SPACE',''
  ) );
#43 = PCURVE('',#44,#49);
#44 = PLANE('',#45);
#45 = AXIS2_PLACEMENT_3D('',#46,#47,#48);
#46 = CARTESIAN_POINT('',(-2.25,-115.,76.));
#47 = DIRECTION('',(1.441652086439E-16,0.649262379928,0.760564502202));
#48 = DIRECTION('',(1.688792444114E-16,0.760564502202,-0.649262379928));
#49 = DEFINITIONAL_REPRESENTATION('',(#50),#54);
#50 = LINE('',#51,#52);
#51 = CARTESIAN_POINT('',(107.81465577554,-4.440892098501E-16));
#52 = VECTOR('',#53,1.);
#53 = DIRECTION('',(0.,-1.));
#54 = ( GEOMETRIC_REPRESENTATION_CONTEXT(2) 
PARAMETRIC_REPRESENTATION_CONTEXT() REPRESENTATION_CONTEXT('2D SPACE',''
  ) );
#55 = ORIENTED_EDGE('',*,*,#56,.T.);
#56 = EDGE_CURVE('',#24,#57,#59,.T.);
#57 = VERTEX_POINT('',#58);
#58 = CARTESIAN_POINT('',(2.25,-33.,126.));
#59 = SURFACE_CURVE('',#60,(#64,#71),.PCURVE_S1.);
#60 = LINE('',#61,#62);
#61 = CARTESIAN_POINT('',(2.25,-33.,6.));
#62 = VECTOR('',#63,1.);
#63 = DIRECTION('',(0.,0.,1.));
#64 = PCURVE('',#32,#65);
#65 = DEFINITIONAL_REPRESENTATION('',(#66),#70);
#66 = LINE('',#67,#68);
#67 = CARTESIAN_POINT('',(0.,-4.5));
#68 = VECTOR('',#69,1.);
#69 = DIRECTION('',(1.,0.));
#70 = ( GEOMETRIC_REPRESENTATION_CONTEXT(2) 
PARAMETRIC_REPRESENTATION_CONTEXT() REPRESENTATION_CONTEXT('2D SPACE',''
  ) );
#71 = PCURVE('',#72,#77);
#72 = PLANE('',#73);
#73 = AXIS2_PLACEMENT_3D('',#74,#75,#76);
#74 = CARTESIAN_POINT('',(2.25,-66.69796902049,78.334410454654));
#75 = DIRECTION('',(1.,-2.22044604925E-16,0.));
#76 = DIRECTION('',(0.,0.,1.));
#77 = DEFINITIONAL_REPRESENTATION('',(#78),#82);
#78 = LINE('',#79,#80);
#79 = CARTESIAN_POINT('',(-72.33441045465,-33.69796902049));
#80 = VECTOR('',#81,1.);
#81 = DIRECTION('',(1.,0.));
#82 = ( GEOMETRIC_REPRESENTATION_CONTEXT(2) 
PARAMETRIC_REPRESENTATION_CONTEXT() REPRESENTATION_CONTEXT('2D SPACE',''
  ) );
#83 = ORIENTED_EDGE('',*,*,#84,.F.);
#84 = EDGE_CURVE('',#85,#57,#87,.T.);
#85 = VERTEX_POINT('',#86);
#86 = CARTESIAN_POINT('',(-2.25,-33.,126.));
#87 = SURFACE_CURVE('',#88,(#92,#99),.PCURVE_S1.);
#88 = LINE('',#89,#90);
#89 = CARTESIAN_POINT('',(-2.25,-33.,126.));
#90 = VECTOR('',#91,1.);
#91 = DIRECTION('',(1.,-2.22044604925E-16,0.));
#92 = PCURVE('',#32,#93);
#93 = DEFINITIONAL_REPRESENTATION('',(#94),#98);
#94 = LINE('',#95,#96);
#95 = CARTESIAN_POINT('',(120.,0.));
#96 = VECTOR('',#97,1.);
#97 = DIRECTION('',(0.,-1.));
#98 = ( GEOMETRIC_REPRESENTATION_CONTEXT(2) 
PARAMETRIC_REPRESENTATION_CONTEXT() REPRESENTATION_CONTEXT('2D SPACE',''
  ) );
#99 = PCURVE('',#100,#105);
#100 = PLANE('',#101);
#101 = AXIS2_PLACEMENT_3D('',#102,#103,#104);
#102 = CARTESIAN_POINT('',(-2.25,-33.,126.));
#103 = DIRECTION('',(-1.351420541042E-17,-6.086257045056E-02,
    -0.998146155389));
#104 = DIRECTION('',(-2.216329687308E-16,-0.998146155389,
    6.086257045056E-02));
#105 = DEFINITIONAL_REPRESENTATION('',(#106),#110);
#106 = LINE('',#107,#108);
#107 = CARTESIAN_POINT('',(0.,0.));
#108 = VECTOR('',#109,1.);
#109 = DIRECTION('',(0.,-1.));
#110 = ( GEOMETRIC_REPRESENTATION_CONTEXT(2) 
PARAMETRIC_REPRESENTATION_CONTEXT() REPRESENTATION_CONTEXT('2D SPACE',''
  ) );
#111 = ORIENTED_EDGE('',*,*,#112,.F.);
#112 = EDGE_CURVE('',#22,#85,#113,.T.);
#113 = SURFACE_CURVE('',#114,(#118,#125),.PCURVE_S1.);
#114 = LINE('',#115,#116);
#115 = CARTESIAN_POINT('',(-2.25,-33.,6.));
#116 = VECTOR('',#117,1.);
#117 = DIRECTION('',(0.,0.,1.));
#118 = PCURVE('',#32,#119);
#119 = DEFINITIONAL_REPRESENTATION('',(#120),#124);
#120 = LINE('',#121,#122);
#121 = CARTESIAN_POINT('',(0.,0.));
#122 = VECTOR('',#123,1.);
#123 = DIRECTION('',(1.,0.));
#124 = ( GEOMETRIC_REPRESENTATION_CONTEXT(2) 
PARAMETRIC_REPRESENTATION_CONTEXT() REPRESENTATION_CONTEXT('2D SPACE',''
  ) );
#125 = PCURVE('',#126,#131);
#126 = PLANE('',#127);
#127 = AXIS2_PLACEMENT_3D('',#128,#129,#130);
#128 = CARTESIAN_POINT('',(-2.25,-66.69796902049,78.334410454654));
#129 = DIRECTION('',(1.,-2.22044604925E-16,0.));
#130 = DIRECTION('',(0.,0.,1.));
#131 = DEFINITIONAL_REPRESENTATION('',(#132),#136);
#132 = LINE('',#133,#134);
#133 = CARTESIAN_POINT('',(-72.33441045465,-33.69796902049));
#134 = VECTOR('',#135,1.);
#135 = DIRECTION('',(1.,0.));
#136 = ( GEOMETRIC_REPRESENTATION_CONTEXT(2) 
PARAMETRIC_REPRESENTATION_CONTEXT() REPRESENTATION_CONTEXT('2D SPACE',''
  ) );
#137 = ADVANCED_FACE('',(#138),#44,.F.);
#138 = FACE_BOUND('',#139,.F.);
#139 = EDGE_LOOP('',(#140,#163,#195,#216));
#140 = ORIENTED_EDGE('',*,*,#141,.F.);
#141 = EDGE_CURVE('',#142,#22,#144,.T.);
#142 = VERTEX_POINT('',#143);
#143 = CARTESIAN_POINT('',(-2.25,-40.73791231764,12.605534905305));
#144 = SURFACE_CURVE('',#145,(#149,#156),.PCURVE_S1.);
#145 = LINE('',#146,#147);
#146 = CARTESIAN_POINT('',(-2.25,-115.,76.));
#147 = VECTOR('',#148,1.);
#148 = DIRECTION('',(1.688792444114E-16,0.760564502202,-0.649262379928)
  );
#149 = PCURVE('',#44,#150);
#150 = DEFINITIONAL_REPRESENTATION('',(#151),#155);
#151 = LINE('',#152,#153);
#152 = CARTESIAN_POINT('',(0.,0.));
#153 = VECTOR('',#154,1.);
#154 = DIRECTION('',(1.,0.));
#155 = ( GEOMETRIC_REPRESENTATION_CONTEXT(2) 
PARAMETRIC_REPRESENTATION_CONTEXT() REPRESENTATION_CONTEXT('2D SPACE',''
  ) );
#156 = PCURVE('',#126,#157);
#157 = DEFINITIONAL_REPRESENTATION('',(#158),#162);
#158 = LINE('',#159,#160);
#159 = CARTESIAN_POINT('',(-2.334410454654,48.302030979502));
#160 = VECTOR('',#161,1.);
#161 = DIRECTION('',(-0.649262379928,-0.760564502202));
#162 = ( GEOMETRIC_REPRESENTATION_CONTEXT(2) 
PARAMETRIC_REPRESENTATION_CONTEXT() REPRESENTATION_CONTEXT('2D SPACE',''
  ) );
#163 = ORIENTED_EDGE('',*,*,#164,.T.);
#164 = EDGE_CURVE('',#142,#165,#167,.T.);
#165 = VERTEX_POINT('',#166);
#166 = CARTESIAN_POINT('',(2.25,-40.73791231764,12.605534905305));
#167 = SURFACE_CURVE('',#168,(#173,#180),.PCURVE_S1.);
#168 = ELLIPSE('',#169,53.644365312712,40.8);
#169 = AXIS2_PLACEMENT_3D('',#170,#171,#172);
#170 = CARTESIAN_POINT('',(0.,0.,-22.17073170731));
#171 = DIRECTION('',(1.441652086439E-16,0.649262379928,0.760564502202));
#172 = DIRECTION('',(-1.688792444114E-16,-0.760564502202,0.649262379928)
  );
#173 = PCURVE('',#44,#174);
#174 = DEFINITIONAL_REPRESENTATION('',(#175),#179);
#175 = ELLIPSE('',#176,53.644365312712,40.8);
#176 = AXIS2_PLACEMENT_2D('',#177,#178);
#177 = CARTESIAN_POINT('',(151.20348066083,-2.25));
#178 = DIRECTION('',(-1.,0.));
#179 = ( GEOMETRIC_REPRESENTATION_CONTEXT(2) 
PARAMETRIC_REPRESENTATION_CONTEXT() REPRESENTATION_CONTEXT('2D SPACE',''
  ) );
#180 = PCURVE('',#181,#186);
#181 = CYLINDRICAL_SURFACE('',#182,40.8);
#182 = AXIS2_PLACEMENT_3D('',#183,#184,#185);
#183 = CARTESIAN_POINT('',(0.,0.,-1.));
#184 = DIRECTION('',(0.,0.,1.));
#185 = DIRECTION('',(1.,0.,-0.));
#186 = DEFINITIONAL_REPRESENTATION('',(#187),#194);
#187 = B_SPLINE_CURVE_WITH_KNOTS('',5,(#188,#189,#190,#191,#192,#193),
  .UNSPECIFIED.,.F.,.F.,(6,6),(6.216960439774,6.349410174586),
  .PIECEWISE_BEZIER_KNOTS.);
#188 = CARTESIAN_POINT('',(4.646164112979,13.582188558237));
#189 = CARTESIAN_POINT('',(4.672654059941,13.643244655504));
#190 = CARTESIAN_POINT('',(4.699144006903,13.673817352198));
#191 = CARTESIAN_POINT('',(4.725633953866,13.673817352198));
#192 = CARTESIAN_POINT('',(4.752123900828,13.643244655504));
#193 = CARTESIAN_POINT('',(4.778613847791,13.582188558237));
#194 = ( GEOMETRIC_REPRESENTATION_CONTEXT(2) 
PARAMETRIC_REPRESENTATION_CONTEXT() REPRESENTATION_CONTEXT('2D SPACE',''
  ) );
#195 = ORIENTED_EDGE('',*,*,#196,.T.);
#196 = EDGE_CURVE('',#165,#24,#197,.T.);
#197 = SURFACE_CURVE('',#198,(#202,#209),.PCURVE_S1.);
#198 = LINE('',#199,#200);
#199 = CARTESIAN_POINT('',(2.25,-115.,76.));
#200 = VECTOR('',#201,1.);
#201 = DIRECTION('',(1.688792444114E-16,0.760564502202,-0.649262379928)
  );
#202 = PCURVE('',#44,#203);
#203 = DEFINITIONAL_REPRESENTATION('',(#204),#208);
#204 = LINE('',#205,#206);
#205 = CARTESIAN_POINT('',(7.599565998514E-16,-4.5));
#206 = VECTOR('',#207,1.);
#207 = DIRECTION('',(1.,0.));
#208 = ( GEOMETRIC_REPRESENTATION_CONTEXT(2) 
PARAMETRIC_REPRESENTATION_CONTEXT() REPRESENTATION_CONTEXT('2D SPACE',''
  ) );
#209 = PCURVE('',#72,#210);
#210 = DEFINITIONAL_REPRESENTATION('',(#211),#215);
#211 = LINE('',#212,#213);
#212 = CARTESIAN_POINT('',(-2.334410454654,48.302030979502));
#213 = VECTOR('',#214,1.);
#214 = DIRECTION('',(-0.649262379928,-0.760564502202));
#215 = ( GEOMETRIC_REPRESENTATION_CONTEXT(2) 
PARAMETRIC_REPRESENTATION_CONTEXT() REPRESENTATION_CONTEXT('2D SPACE',''
  ) );
#216 = ORIENTED_EDGE('',*,*,#21,.F.);
#217 = ADVANCED_FACE('',(#218),#100,.F.);
#218 = FACE_BOUND('',#219,.F.);
#219 = EDGE_LOOP('',(#220,#243,#244,#267));
#220 = ORIENTED_EDGE('',*,*,#221,.F.);
#221 = EDGE_CURVE('',#85,#222,#224,.T.);
#222 = VERTEX_POINT('',#223);
#223 = CARTESIAN_POINT('',(-2.25,-40.73791231764,126.4718239218));
#224 = SURFACE_CURVE('',#225,(#229,#236),.PCURVE_S1.);
#225 = LINE('',#226,#227);
#226 = CARTESIAN_POINT('',(-2.25,-33.,126.));
#227 = VECTOR('',#228,1.);
#228 = DIRECTION('',(-2.216329687308E-16,-0.998146155389,
    6.086257045056E-02));
#229 = PCURVE('',#100,#230);
#230 = DEFINITIONAL_REPRESENTATION('',(#231),#235);
#231 = LINE('',#232,#233);
#232 = CARTESIAN_POINT('',(0.,0.));
#233 = VECTOR('',#234,1.);
#234 = DIRECTION('',(1.,0.));
#235 = ( GEOMETRIC_REPRESENTATION_CONTEXT(2) 
PARAMETRIC_REPRESENTATION_CONTEXT() REPRESENTATION_CONTEXT('2D SPACE',''
  ) );
#236 = PCURVE('',#126,#237);
#237 = DEFINITIONAL_REPRESENTATION('',(#238),#242);
#238 = LINE('',#239,#240);
#239 = CARTESIAN_POINT('',(47.665589545346,-33.69796902049));
#240 = VECTOR('',#241,1.);
#241 = DIRECTION('',(6.086257045056E-02,0.998146155389));
#242 = ( GEOMETRIC_REPRESENTATION_CONTEXT(2) 
PARAMETRIC_REPRESENTATION_CONTEXT() REPRESENTATION_CONTEXT('2D SPACE',''
  ) );
#243 = ORIENTED_EDGE('',*,*,#84,.T.);
#244 = ORIENTED_EDGE('',*,*,#245,.T.);
#245 = EDGE_CURVE('',#57,#246,#248,.T.);
#246 = VERTEX_POINT('',#247);
#247 = CARTESIAN_POINT('',(2.25,-40.73791231764,126.4718239218));
#248 = SURFACE_CURVE('',#249,(#253,#260),.PCURVE_S1.);
#249 = LINE('',#250,#251);
#250 = CARTESIAN_POINT('',(2.25,-33.,126.));
#251 = VECTOR('',#252,1.);
#252 = DIRECTION('',(-2.216329687308E-16,-0.998146155389,
    6.086257045056E-02));
#253 = PCURVE('',#100,#254);
#254 = DEFINITIONAL_REPRESENTATION('',(#255),#259);
#255 = LINE('',#256,#257);
#256 = CARTESIAN_POINT('',(-9.973483592887E-16,-4.5));
#257 = VECTOR('',#258,1.);
#258 = DIRECTION('',(1.,0.));
#259 = ( GEOMETRIC_REPRESENTATION_CONTEXT(2) 
PARAMETRIC_REPRESENTATION_CONTEXT() REPRESENTATION_CONTEXT('2D SPACE',''
  ) );
#260 = PCURVE('',#72,#261);
#261 = DEFINITIONAL_REPRESENTATION('',(#262),#266);
#262 = LINE('',#263,#264);
#263 = CARTESIAN_POINT('',(47.665589545346,-33.69796902049));
#264 = VECTOR('',#265,1.);
#265 = DIRECTION('',(6.086257045056E-02,0.998146155389));
#266 = ( GEOMETRIC_REPRESENTATION_CONTEXT(2) 
PARAMETRIC_REPRESENTATION_CONTEXT() REPRESENTATION_CONTEXT('2D SPACE',''
  ) );
#267 = ORIENTED_EDGE('',*,*,#268,.T.);
#268 = EDGE_CURVE('',#246,#222,#269,.T.);
#269 = SURFACE_CURVE('',#270,(#275,#282),.PCURVE_S1.);
#270 = ELLIPSE('',#271,40.875777339535,40.8);
#271 = AXIS2_PLACEMENT_3D('',#272,#273,#274);
#272 = CARTESIAN_POINT('',(0.,0.,123.98780487804));
#273 = DIRECTION('',(-1.351420541042E-17,-6.086257045056E-02,
    -0.998146155389));
#274 = DIRECTION('',(-2.216329687308E-16,-0.998146155389,
    6.086257045056E-02));
#275 = PCURVE('',#100,#276);
#276 = DEFINITIONAL_REPRESENTATION('',(#277),#281);
#277 = ELLIPSE('',#278,40.875777339535,40.8);
#278 = AXIS2_PLACEMENT_2D('',#279,#280);
#279 = CARTESIAN_POINT('',(-33.06129049521,-2.25));
#280 = DIRECTION('',(1.,0.));
#281 = ( GEOMETRIC_REPRESENTATION_CONTEXT(2) 
PARAMETRIC_REPRESENTATION_CONTEXT() REPRESENTATION_CONTEXT('2D SPACE',''
  ) );
#282 = PCURVE('',#181,#283);
#283 = DEFINITIONAL_REPRESENTATION('',(#284),#291);
#284 = B_SPLINE_CURVE_WITH_KNOTS('',5,(#285,#286,#287,#288,#289,#290),
  .UNSPECIFIED.,.F.,.F.,(6,6),(6.216960439774,6.349410174586),
  .PIECEWISE_BEZIER_KNOTS.);
#285 = CARTESIAN_POINT('',(4.778613847791,127.47015632558));
#286 = CARTESIAN_POINT('',(4.752123900828,127.47451747539));
#287 = CARTESIAN_POINT('',(4.725633953866,127.47670123944));
#288 = CARTESIAN_POINT('',(4.699144006903,127.47670123944));
#289 = CARTESIAN_POINT('',(4.672654059941,127.47451747539));
#290 = CARTESIAN_POINT('',(4.646164112979,127.47015632558));
#291 = ( GEOMETRIC_REPRESENTATION_CONTEXT(2) 
PARAMETRIC_REPRESENTATION_CONTEXT() REPRESENTATION_CONTEXT('2D SPACE',''
  ) );
#292 = ADVANCED_FACE('',(#293),#126,.F.);
#293 = FACE_BOUND('',#294,.F.);
#294 = EDGE_LOOP('',(#295,#296,#297,#298));
#295 = ORIENTED_EDGE('',*,*,#141,.T.);
#296 = ORIENTED_EDGE('',*,*,#112,.T.);
#297 = ORIENTED_EDGE('',*,*,#221,.T.);
#298 = ORIENTED_EDGE('',*,*,#299,.F.);
#299 = EDGE_CURVE('',#142,#222,#300,.T.);
#300 = SURFACE_CURVE('',#301,(#305,#311),.PCURVE_S1.);
#301 = LINE('',#302,#303);
#302 = CARTESIAN_POINT('',(-2.25,-40.73791231764,-1.));
#303 = VECTOR('',#304,1.);
#304 = DIRECTION('',(0.,0.,1.));
#305 = PCURVE('',#126,#306);
#306 = DEFINITIONAL_REPRESENTATION('',(#307),#310);
#307 = B_SPLINE_CURVE_WITH_KNOTS('',1,(#308,#309),.UNSPECIFIED.,.F.,.F.,
  (2,2),(0.9999994,144.5),.PIECEWISE_BEZIER_KNOTS.);
#308 = CARTESIAN_POINT('',(-78.33441105465,-25.96005670285));
#309 = CARTESIAN_POINT('',(65.165589545346,-25.96005670285));
#310 = ( GEOMETRIC_REPRESENTATION_CONTEXT(2) 
PARAMETRIC_REPRESENTATION_CONTEXT() REPRESENTATION_CONTEXT('2D SPACE',''
  ) );
#311 = PCURVE('',#181,#312);
#312 = DEFINITIONAL_REPRESENTATION('',(#313),#316);
#313 = B_SPLINE_CURVE_WITH_KNOTS('',1,(#314,#315),.UNSPECIFIED.,.F.,.F.,
  (2,2),(0.9999994,144.5),.PIECEWISE_BEZIER_KNOTS.);
#314 = CARTESIAN_POINT('',(4.65721393105,0.9999994));
#315 = CARTESIAN_POINT('',(4.65721393105,144.5));
#316 = ( GEOMETRIC_REPRESENTATION_CONTEXT(2) 
PARAMETRIC_REPRESENTATION_CONTEXT() REPRESENTATION_CONTEXT('2D SPACE',''
  ) );
#317 = ADVANCED_FACE('',(#318),#72,.T.);
#318 = FACE_BOUND('',#319,.T.);
#319 = EDGE_LOOP('',(#320,#321,#322,#323));
#320 = ORIENTED_EDGE('',*,*,#196,.T.);
#321 = ORIENTED_EDGE('',*,*,#56,.T.);
#322 = ORIENTED_EDGE('',*,*,#245,.T.);
#323 = ORIENTED_EDGE('',*,*,#324,.F.);
#324 = EDGE_CURVE('',#165,#246,#325,.T.);
#325 = SURFACE_CURVE('',#326,(#330,#336),.PCURVE_S1.);
#326 = LINE('',#327,#328);
#327 = CARTESIAN_POINT('',(2.25,-40.73791231764,-1.));
#328 = VECTOR('',#329,1.);
#329 = DIRECTION('',(0.,0.,1.));
#330 = PCURVE('',#72,#331);
#331 = DEFINITIONAL_REPRESENTATION('',(#332),#335);
#332 = B_SPLINE_CURVE_WITH_KNOTS('',1,(#333,#334),.UNSPECIFIED.,.F.,.F.,
  (2,2),(0.9999994,144.5),.PIECEWISE_BEZIER_KNOTS.);
#333 = CARTESIAN_POINT('',(-78.33441105465,-25.96005670285));
#334 = CARTESIAN_POINT('',(65.165589545346,-25.96005670285));
#335 = ( GEOMETRIC_REPRESENTATION_CONTEXT(2) 
PARAMETRIC_REPRESENTATION_CONTEXT() REPRESENTATION_CONTEXT('2D SPACE',''
  ) );
#336 = PCURVE('',#181,#337);
#337 = DEFINITIONAL_REPRESENTATION('',(#338),#341);
#338 = B_SPLINE_CURVE_WITH_KNOTS('',1,(#339,#340),.UNSPECIFIED.,.F.,.F.,
  (2,2),(0.9999994,144.5),.PIECEWISE_BEZIER_KNOTS.);
#339 = CARTESIAN_POINT('',(4.76756402972,0.9999994));
#340 = CARTESIAN_POINT('',(4.76756402972,144.5));
#341 = ( GEOMETRIC_REPRESENTATION_CONTEXT(2) 
PARAMETRIC_REPRESENTATION_CONTEXT() REPRESENTATION_CONTEXT('2D SPACE',''
  ) );
#342 = ADVANCED_FACE('',(#343,#616,#734,#852),#181,.F.);
#343 = FACE_BOUND('',#344,.F.);
#344 = EDGE_LOOP('',(#345,#379,#402,#428,#429,#456,#482,#514,#537,#564,
    #565,#592));
#345 = ORIENTED_EDGE('',*,*,#346,.F.);
#346 = EDGE_CURVE('',#347,#349,#351,.T.);
#347 = VERTEX_POINT('',#348);
#348 = CARTESIAN_POINT('',(40.8,-9.993117881042E-15,126.47560975609));
#349 = VERTEX_POINT('',#350);
#350 = CARTESIAN_POINT('',(40.737912317643,-2.25,126.4718239218));
#351 = SURFACE_CURVE('',#352,(#357,#367),.PCURVE_S1.);
#352 = ELLIPSE('',#353,40.875777339535,40.8);
#353 = AXIS2_PLACEMENT_3D('',#354,#355,#356);
#354 = CARTESIAN_POINT('',(0.,0.,123.98780487804));
#355 = DIRECTION('',(6.086257045056E-02,0.,-0.998146155389));
#356 = DIRECTION('',(0.998146155389,0.,6.086257045056E-02));
#357 = PCURVE('',#181,#358);
#358 = DEFINITIONAL_REPRESENTATION('',(#359),#366);
#359 = B_SPLINE_CURVE_WITH_KNOTS('',5,(#360,#361,#362,#363,#364,#365),
  .UNSPECIFIED.,.F.,.F.,(6,6),(4.723792159361E-20,6.6224867406E-02),
  .PIECEWISE_BEZIER_KNOTS.);
#360 = CARTESIAN_POINT('',(6.28318530718,127.47560975609));
#361 = CARTESIAN_POINT('',(6.269940333698,127.47560975609));
#362 = CARTESIAN_POINT('',(6.256695360217,127.47506421369));
#363 = CARTESIAN_POINT('',(6.243450386736,127.47397312885));
#364 = CARTESIAN_POINT('',(6.230205413255,127.47233690049));
#365 = CARTESIAN_POINT('',(6.216960439774,127.47015632558));
#366 = ( GEOMETRIC_REPRESENTATION_CONTEXT(2) 
PARAMETRIC_REPRESENTATION_CONTEXT() REPRESENTATION_CONTEXT('2D SPACE',''
  ) );
#367 = PCURVE('',#368,#373);
#368 = PLANE('',#369);
#369 = AXIS2_PLACEMENT_3D('',#370,#371,#372);
#370 = CARTESIAN_POINT('',(33.,-2.25,126.));
#371 = DIRECTION('',(6.086257045056E-02,0.,-0.998146155389));
#372 = DIRECTION('',(0.998146155389,0.,6.086257045056E-02));
#373 = DEFINITIONAL_REPRESENTATION('',(#374),#378);
#374 = ELLIPSE('',#375,40.875777339535,40.8);
#375 = AXIS2_PLACEMENT_2D('',#376,#377);
#376 = CARTESIAN_POINT('',(-33.06129049521,-2.25));
#377 = DIRECTION('',(1.,0.));
#378 = ( GEOMETRIC_REPRESENTATION_CONTEXT(2) 
PARAMETRIC_REPRESENTATION_CONTEXT() REPRESENTATION_CONTEXT('2D SPACE',''
  ) );
#379 = ORIENTED_EDGE('',*,*,#380,.T.);
#380 = EDGE_CURVE('',#347,#381,#383,.T.);
#381 = VERTEX_POINT('',#382);
#382 = CARTESIAN_POINT('',(40.8,-9.993117881042E-15,244.));
#383 = SEAM_CURVE('',#384,(#388,#395),.PCURVE_S1.);
#384 = LINE('',#385,#386);
#385 = CARTESIAN_POINT('',(40.8,-9.993117881042E-15,-1.));
#386 = VECTOR('',#387,1.);
#387 = DIRECTION('',(0.,0.,1.));
#388 = PCURVE('',#181,#389);
#389 = DEFINITIONAL_REPRESENTATION('',(#390),#394);
#390 = LINE('',#391,#392);
#391 = CARTESIAN_POINT('',(0.,-0.));
#392 = VECTOR('',#393,1.);
#393 = DIRECTION('',(0.,1.));
#394 = ( GEOMETRIC_REPRESENTATION_CONTEXT(2) 
PARAMETRIC_REPRESENTATION_CONTEXT() REPRESENTATION_CONTEXT('2D SPACE',''
  ) );
#395 = PCURVE('',#181,#396);
#396 = DEFINITIONAL_REPRESENTATION('',(#397),#401);
#397 = LINE('',#398,#399);
#398 = CARTESIAN_POINT('',(6.28318530718,-0.));
#399 = VECTOR('',#400,1.);
#400 = DIRECTION('',(0.,1.));
#401 = ( GEOMETRIC_REPRESENTATION_CONTEXT(2) 
PARAMETRIC_REPRESENTATION_CONTEXT() REPRESENTATION_CONTEXT('2D SPACE',''
  ) );
#402 = ORIENTED_EDGE('',*,*,#403,.F.);
#403 = EDGE_CURVE('',#381,#381,#404,.T.);
#404 = SURFACE_CURVE('',#405,(#410,#417),.PCURVE_S1.);
#405 = CIRCLE('',#406,40.8);
#406 = AXIS2_PLACEMENT_3D('',#407,#408,#409);
#407 = CARTESIAN_POINT('',(0.,0.,244.));
#408 = DIRECTION('',(0.,0.,1.));
#409 = DIRECTION('',(1.,0.,-0.));
#410 = PCURVE('',#181,#411);
#411 = DEFINITIONAL_REPRESENTATION('',(#412),#416);
#412 = LINE('',#413,#414);
#413 = CARTESIAN_POINT('',(0.,245.));
#414 = VECTOR('',#415,1.);
#415 = DIRECTION('',(1.,0.));
#416 = ( GEOMETRIC_REPRESENTATION_CONTEXT(2) 
PARAMETRIC_REPRESENTATION_CONTEXT() REPRESENTATION_CONTEXT('2D SPACE',''
  ) );
#417 = PCURVE('',#418,#423);
#418 = CYLINDRICAL_SURFACE('',#419,40.8);
#419 = AXIS2_PLACEMENT_3D('',#420,#421,#422);
#420 = CARTESIAN_POINT('',(0.,0.,243.));
#421 = DIRECTION('',(0.,0.,1.));
#422 = DIRECTION('',(1.,0.,-0.));
#423 = DEFINITIONAL_REPRESENTATION('',(#424),#427);
#424 = B_SPLINE_CURVE_WITH_KNOTS('',1,(#425,#426),.UNSPECIFIED.,.F.,.F.,
  (2,2),(0.,6.28318530718),.PIECEWISE_BEZIER_KNOTS.);
#425 = CARTESIAN_POINT('',(0.,1.));
#426 = CARTESIAN_POINT('',(6.28318530718,1.));
#427 = ( GEOMETRIC_REPRESENTATION_CONTEXT(2) 
PARAMETRIC_REPRESENTATION_CONTEXT() REPRESENTATION_CONTEXT('2D SPACE',''
  ) );
#428 = ORIENTED_EDGE('',*,*,#380,.F.);
#429 = ORIENTED_EDGE('',*,*,#430,.F.);
#430 = EDGE_CURVE('',#431,#347,#433,.T.);
#431 = VERTEX_POINT('',#432);
#432 = CARTESIAN_POINT('',(40.737912317643,2.25,126.4718239218));
#433 = SURFACE_CURVE('',#434,(#439,#449),.PCURVE_S1.);
#434 = ELLIPSE('',#435,40.875777339535,40.8);
#435 = AXIS2_PLACEMENT_3D('',#436,#437,#438);
#436 = CARTESIAN_POINT('',(0.,0.,123.98780487804));
#437 = DIRECTION('',(6.086257045056E-02,0.,-0.998146155389));
#438 = DIRECTION('',(0.998146155389,0.,6.086257045056E-02));
#439 = PCURVE('',#181,#440);
#440 = DEFINITIONAL_REPRESENTATION('',(#441),#448);
#441 = B_SPLINE_CURVE_WITH_KNOTS('',5,(#442,#443,#444,#445,#446,#447),
  .UNSPECIFIED.,.F.,.F.,(6,6),(6.216960439774,6.28318530718),
  .PIECEWISE_BEZIER_KNOTS.);
#442 = CARTESIAN_POINT('',(6.6224867406E-02,127.47015632558));
#443 = CARTESIAN_POINT('',(5.29798939248E-02,127.47233690049));
#444 = CARTESIAN_POINT('',(3.97349204436E-02,127.47397312885));
#445 = CARTESIAN_POINT('',(2.64899469624E-02,127.47506421369));
#446 = CARTESIAN_POINT('',(1.32449734812E-02,127.47560975609));
#447 = CARTESIAN_POINT('',(2.449293598295E-16,127.47560975609));
#448 = ( GEOMETRIC_REPRESENTATION_CONTEXT(2) 
PARAMETRIC_REPRESENTATION_CONTEXT() REPRESENTATION_CONTEXT('2D SPACE',''
  ) );
#449 = PCURVE('',#368,#450);
#450 = DEFINITIONAL_REPRESENTATION('',(#451),#455);
#451 = ELLIPSE('',#452,40.875777339535,40.8);
#452 = AXIS2_PLACEMENT_2D('',#453,#454);
#453 = CARTESIAN_POINT('',(-33.06129049521,-2.25));
#454 = DIRECTION('',(1.,0.));
#455 = ( GEOMETRIC_REPRESENTATION_CONTEXT(2) 
PARAMETRIC_REPRESENTATION_CONTEXT() REPRESENTATION_CONTEXT('2D SPACE',''
  ) );
#456 = ORIENTED_EDGE('',*,*,#457,.F.);
#457 = EDGE_CURVE('',#458,#431,#460,.T.);
#458 = VERTEX_POINT('',#459);
#459 = CARTESIAN_POINT('',(40.737912317643,2.25,12.605534905305));
#460 = SURFACE_CURVE('',#461,(#465,#471),.PCURVE_S1.);
#461 = LINE('',#462,#463);
#462 = CARTESIAN_POINT('',(40.737912317643,2.25,-1.));
#463 = VECTOR('',#464,1.);
#464 = DIRECTION('',(0.,0.,1.));
#465 = PCURVE('',#181,#466);
#466 = DEFINITIONAL_REPRESENTATION('',(#467),#470);
#467 = B_SPLINE_CURVE_WITH_KNOTS('',1,(#468,#469),.UNSPECIFIED.,.F.,.F.,
  (2,2),(0.9999994,144.5),.PIECEWISE_BEZIER_KNOTS.);
#468 = CARTESIAN_POINT('',(5.517504933498E-02,0.9999994));
#469 = CARTESIAN_POINT('',(5.517504933498E-02,144.5));
#470 = ( GEOMETRIC_REPRESENTATION_CONTEXT(2) 
PARAMETRIC_REPRESENTATION_CONTEXT() REPRESENTATION_CONTEXT('2D SPACE',''
  ) );
#471 = PCURVE('',#472,#477);
#472 = PLANE('',#473);
#473 = AXIS2_PLACEMENT_3D('',#474,#475,#476);
#474 = CARTESIAN_POINT('',(66.697969020498,2.25,78.334410454654));
#475 = DIRECTION('',(0.,1.,0.));
#476 = DIRECTION('',(0.,0.,1.));
#477 = DEFINITIONAL_REPRESENTATION('',(#478),#481);
#478 = B_SPLINE_CURVE_WITH_KNOTS('',1,(#479,#480),.UNSPECIFIED.,.F.,.F.,
  (2,2),(0.9999994,144.5),.PIECEWISE_BEZIER_KNOTS.);
#479 = CARTESIAN_POINT('',(-78.33441105465,-25.96005670285));
#480 = CARTESIAN_POINT('',(65.165589545346,-25.96005670285));
#481 = ( GEOMETRIC_REPRESENTATION_CONTEXT(2) 
PARAMETRIC_REPRESENTATION_CONTEXT() REPRESENTATION_CONTEXT('2D SPACE',''
  ) );
#482 = ORIENTED_EDGE('',*,*,#483,.F.);
#483 = EDGE_CURVE('',#484,#458,#486,.T.);
#484 = VERTEX_POINT('',#485);
#485 = CARTESIAN_POINT('',(40.8,-9.993117881042E-15,12.658536585366));
#486 = SURFACE_CURVE('',#487,(#492,#502),.PCURVE_S1.);
#487 = ELLIPSE('',#488,53.644365312712,40.8);
#488 = AXIS2_PLACEMENT_3D('',#489,#490,#491);
#489 = CARTESIAN_POINT('',(0.,0.,-22.17073170731));
#490 = DIRECTION('',(-0.649262379928,0.,0.760564502202));
#491 = DIRECTION('',(0.760564502202,0.,0.649262379928));
#492 = PCURVE('',#181,#493);
#493 = DEFINITIONAL_REPRESENTATION('',(#494),#501);
#494 = B_SPLINE_CURVE_WITH_KNOTS('',5,(#495,#496,#497,#498,#499,#500),
  .UNSPECIFIED.,.F.,.F.,(6,6),(0.,6.6224867406E-02),
  .PIECEWISE_BEZIER_KNOTS.);
#495 = CARTESIAN_POINT('',(0.,13.658536585366));
#496 = CARTESIAN_POINT('',(1.32449734812E-02,13.658536585366));
#497 = CARTESIAN_POINT('',(2.64899469624E-02,13.65089899178));
#498 = CARTESIAN_POINT('',(3.97349204436E-02,13.635623804021));
#499 = CARTESIAN_POINT('',(5.29798939248E-02,13.61271660687));
#500 = CARTESIAN_POINT('',(6.6224867406E-02,13.582188558237));
#501 = ( GEOMETRIC_REPRESENTATION_CONTEXT(2) 
PARAMETRIC_REPRESENTATION_CONTEXT() REPRESENTATION_CONTEXT('2D SPACE',''
  ) );
#502 = PCURVE('',#503,#508);
#503 = PLANE('',#504);
#504 = AXIS2_PLACEMENT_3D('',#505,#506,#507);
#505 = CARTESIAN_POINT('',(115.,-2.25,76.));
#506 = DIRECTION('',(-0.649262379928,0.,0.760564502202));
#507 = DIRECTION('',(-0.760564502202,0.,-0.649262379928));
#508 = DEFINITIONAL_REPRESENTATION('',(#509),#513);
#509 = ELLIPSE('',#510,53.644365312712,40.8);
#510 = AXIS2_PLACEMENT_2D('',#511,#512);
#511 = CARTESIAN_POINT('',(151.20348066083,-2.25));
#512 = DIRECTION('',(-1.,0.));
#513 = ( GEOMETRIC_REPRESENTATION_CONTEXT(2) 
PARAMETRIC_REPRESENTATION_CONTEXT() REPRESENTATION_CONTEXT('2D SPACE',''
  ) );
#514 = ORIENTED_EDGE('',*,*,#515,.F.);
#515 = EDGE_CURVE('',#516,#484,#518,.T.);
#516 = VERTEX_POINT('',#517);
#517 = CARTESIAN_POINT('',(40.8,-9.993117881042E-15,0.));
#518 = SEAM_CURVE('',#519,(#523,#530),.PCURVE_S1.);
#519 = LINE('',#520,#521);
#520 = CARTESIAN_POINT('',(40.8,-9.993117881042E-15,-1.));
#521 = VECTOR('',#522,1.);
#522 = DIRECTION('',(0.,0.,1.));
#523 = PCURVE('',#181,#524);
#524 = DEFINITIONAL_REPRESENTATION('',(#525),#529);
#525 = LINE('',#526,#527);
#526 = CARTESIAN_POINT('',(6.28318530718,-0.));
#527 = VECTOR('',#528,1.);
#528 = DIRECTION('',(0.,1.));
#529 = ( GEOMETRIC_REPRESENTATION_CONTEXT(2) 
PARAMETRIC_REPRESENTATION_CONTEXT() REPRESENTATION_CONTEXT('2D SPACE',''
  ) );
#530 = PCURVE('',#181,#531);
#531 = DEFINITIONAL_REPRESENTATION('',(#532),#536);
#532 = LINE('',#533,#534);
#533 = CARTESIAN_POINT('',(0.,-0.));
#534 = VECTOR('',#535,1.);
#535 = DIRECTION('',(0.,1.));
#536 = ( GEOMETRIC_REPRESENTATION_CONTEXT(2) 
PARAMETRIC_REPRESENTATION_CONTEXT() REPRESENTATION_CONTEXT('2D SPACE',''
  ) );
#537 = ORIENTED_EDGE('',*,*,#538,.T.);
#538 = EDGE_CURVE('',#516,#516,#539,.T.);
#539 = SURFACE_CURVE('',#540,(#545,#552),.PCURVE_S1.);
#540 = CIRCLE('',#541,40.8);
#541 = AXIS2_PLACEMENT_3D('',#542,#543,#544);
#542 = CARTESIAN_POINT('',(0.,0.,0.));
#543 = DIRECTION('',(0.,0.,1.));
#544 = DIRECTION('',(1.,0.,-0.));
#545 = PCURVE('',#181,#546);
#546 = DEFINITIONAL_REPRESENTATION('',(#547),#551);
#547 = LINE('',#548,#549);
#548 = CARTESIAN_POINT('',(0.,1.));
#549 = VECTOR('',#550,1.);
#550 = DIRECTION('',(1.,0.));
#551 = ( GEOMETRIC_REPRESENTATION_CONTEXT(2) 
PARAMETRIC_REPRESENTATION_CONTEXT() REPRESENTATION_CONTEXT('2D SPACE',''
  ) );
#552 = PCURVE('',#553,#558);
#553 = PLANE('',#554);
#554 = AXIS2_PLACEMENT_3D('',#555,#556,#557);
#555 = CARTESIAN_POINT('',(0.,0.,0.));
#556 = DIRECTION('',(0.,0.,1.));
#557 = DIRECTION('',(1.,0.,-0.));
#558 = DEFINITIONAL_REPRESENTATION('',(#559),#563);
#559 = CIRCLE('',#560,40.8);
#560 = AXIS2_PLACEMENT_2D('',#561,#562);
#561 = CARTESIAN_POINT('',(0.,0.));
#562 = DIRECTION('',(1.,0.));
#563 = ( GEOMETRIC_REPRESENTATION_CONTEXT(2) 
PARAMETRIC_REPRESENTATION_CONTEXT() REPRESENTATION_CONTEXT('2D SPACE',''
  ) );
#564 = ORIENTED_EDGE('',*,*,#515,.T.);
#565 = ORIENTED_EDGE('',*,*,#566,.F.);
#566 = EDGE_CURVE('',#567,#484,#569,.T.);
#567 = VERTEX_POINT('',#568);
#568 = CARTESIAN_POINT('',(40.737912317643,-2.25,12.605534905305));
#569 = SURFACE_CURVE('',#570,(#575,#585),.PCURVE_S1.);
#570 = ELLIPSE('',#571,53.644365312712,40.8);
#571 = AXIS2_PLACEMENT_3D('',#572,#573,#574);
#572 = CARTESIAN_POINT('',(0.,0.,-22.17073170731));
#573 = DIRECTION('',(-0.649262379928,0.,0.760564502202));
#574 = DIRECTION('',(0.760564502202,0.,0.649262379928));
#575 = PCURVE('',#181,#576);
#576 = DEFINITIONAL_REPRESENTATION('',(#577),#584);
#577 = B_SPLINE_CURVE_WITH_KNOTS('',5,(#578,#579,#580,#581,#582,#583),
  .UNSPECIFIED.,.F.,.F.,(6,6),(6.216960439774,6.28318530718),
  .PIECEWISE_BEZIER_KNOTS.);
#578 = CARTESIAN_POINT('',(6.216960439774,13.582188558237));
#579 = CARTESIAN_POINT('',(6.230205413255,13.61271660687));
#580 = CARTESIAN_POINT('',(6.243450386736,13.635623804021));
#581 = CARTESIAN_POINT('',(6.256695360217,13.65089899178));
#582 = CARTESIAN_POINT('',(6.269940333698,13.658536585366));
#583 = CARTESIAN_POINT('',(6.28318530718,13.658536585366));
#584 = ( GEOMETRIC_REPRESENTATION_CONTEXT(2) 
PARAMETRIC_REPRESENTATION_CONTEXT() REPRESENTATION_CONTEXT('2D SPACE',''
  ) );
#585 = PCURVE('',#503,#586);
#586 = DEFINITIONAL_REPRESENTATION('',(#587),#591);
#587 = ELLIPSE('',#588,53.644365312712,40.8);
#588 = AXIS2_PLACEMENT_2D('',#589,#590);
#589 = CARTESIAN_POINT('',(151.20348066083,-2.25));
#590 = DIRECTION('',(-1.,0.));
#591 = ( GEOMETRIC_REPRESENTATION_CONTEXT(2) 
PARAMETRIC_REPRESENTATION_CONTEXT() REPRESENTATION_CONTEXT('2D SPACE',''
  ) );
#592 = ORIENTED_EDGE('',*,*,#593,.T.);
#593 = EDGE_CURVE('',#567,#349,#594,.T.);
#594 = SURFACE_CURVE('',#595,(#599,#605),.PCURVE_S1.);
#595 = LINE('',#596,#597);
#596 = CARTESIAN_POINT('',(40.737912317643,-2.25,-1.));
#597 = VECTOR('',#598,1.);
#598 = DIRECTION('',(0.,0.,1.));
#599 = PCURVE('',#181,#600);
#600 = DEFINITIONAL_REPRESENTATION('',(#601),#604);
#601 = B_SPLINE_CURVE_WITH_KNOTS('',1,(#602,#603),.UNSPECIFIED.,.F.,.F.,
  (2,2),(0.9999994,144.5),.PIECEWISE_BEZIER_KNOTS.);
#602 = CARTESIAN_POINT('',(6.228010257845,0.9999994));
#603 = CARTESIAN_POINT('',(6.228010257845,144.5));
#604 = ( GEOMETRIC_REPRESENTATION_CONTEXT(2) 
PARAMETRIC_REPRESENTATION_CONTEXT() REPRESENTATION_CONTEXT('2D SPACE',''
  ) );
#605 = PCURVE('',#606,#611);
#606 = PLANE('',#607);
#607 = AXIS2_PLACEMENT_3D('',#608,#609,#610);
#608 = CARTESIAN_POINT('',(66.697969020498,-2.25,78.334410454654));
#609 = DIRECTION('',(0.,1.,0.));
#610 = DIRECTION('',(0.,0.,1.));
#611 = DEFINITIONAL_REPRESENTATION('',(#612),#615);
#612 = B_SPLINE_CURVE_WITH_KNOTS('',1,(#613,#614),.UNSPECIFIED.,.F.,.F.,
  (2,2),(0.9999994,144.5),.PIECEWISE_BEZIER_KNOTS.);
#613 = CARTESIAN_POINT('',(-78.33441105465,-25.96005670285));
#614 = CARTESIAN_POINT('',(65.165589545346,-25.96005670285));
#615 = ( GEOMETRIC_REPRESENTATION_CONTEXT(2) 
PARAMETRIC_REPRESENTATION_CONTEXT() REPRESENTATION_CONTEXT('2D SPACE',''
  ) );
#616 = FACE_BOUND('',#617,.F.);
#617 = EDGE_LOOP('',(#618,#652,#678,#710));
#618 = ORIENTED_EDGE('',*,*,#619,.F.);
#619 = EDGE_CURVE('',#620,#622,#624,.T.);
#620 = VERTEX_POINT('',#621);
#621 = CARTESIAN_POINT('',(-2.25,40.737912317643,126.4718239218));
#622 = VERTEX_POINT('',#623);
#623 = CARTESIAN_POINT('',(2.25,40.737912317643,126.4718239218));
#624 = SURFACE_CURVE('',#625,(#630,#640),.PCURVE_S1.);
#625 = ELLIPSE('',#626,40.875777339535,40.8);
#626 = AXIS2_PLACEMENT_3D('',#627,#628,#629);
#627 = CARTESIAN_POINT('',(0.,0.,123.98780487804));
#628 = DIRECTION('',(6.757102705208E-18,6.086257045056E-02,
    -0.998146155389));
#629 = DIRECTION('',(1.108164843654E-16,0.998146155389,
    6.086257045056E-02));
#630 = PCURVE('',#181,#631);
#631 = DEFINITIONAL_REPRESENTATION('',(#632),#639);
#632 = B_SPLINE_CURVE_WITH_KNOTS('',5,(#633,#634,#635,#636,#637,#638),
  .UNSPECIFIED.,.F.,.F.,(6,6),(6.216960439774,6.349410174586),
  .PIECEWISE_BEZIER_KNOTS.);
#633 = CARTESIAN_POINT('',(1.637021194201,127.47015632558));
#634 = CARTESIAN_POINT('',(1.610531247238,127.47451747539));
#635 = CARTESIAN_POINT('',(1.584041300276,127.47670123944));
#636 = CARTESIAN_POINT('',(1.557551353314,127.47670123944));
#637 = CARTESIAN_POINT('',(1.531061406351,127.47451747539));
#638 = CARTESIAN_POINT('',(1.504571459389,127.47015632558));
#639 = ( GEOMETRIC_REPRESENTATION_CONTEXT(2) 
PARAMETRIC_REPRESENTATION_CONTEXT() REPRESENTATION_CONTEXT('2D SPACE',''
  ) );
#640 = PCURVE('',#641,#646);
#641 = PLANE('',#642);
#642 = AXIS2_PLACEMENT_3D('',#643,#644,#645);
#643 = CARTESIAN_POINT('',(2.25,33.,126.));
#644 = DIRECTION('',(6.757102705208E-18,6.086257045056E-02,
    -0.998146155389));
#645 = DIRECTION('',(1.108164843654E-16,0.998146155389,
    6.086257045056E-02));
#646 = DEFINITIONAL_REPRESENTATION('',(#647),#651);
#647 = ELLIPSE('',#648,40.875777339535,40.8);
#648 = AXIS2_PLACEMENT_2D('',#649,#650);
#649 = CARTESIAN_POINT('',(-33.06129049521,-2.25));
#650 = DIRECTION('',(1.,0.));
#651 = ( GEOMETRIC_REPRESENTATION_CONTEXT(2) 
PARAMETRIC_REPRESENTATION_CONTEXT() REPRESENTATION_CONTEXT('2D SPACE',''
  ) );
#652 = ORIENTED_EDGE('',*,*,#653,.F.);
#653 = EDGE_CURVE('',#654,#620,#656,.T.);
#654 = VERTEX_POINT('',#655);
#655 = CARTESIAN_POINT('',(-2.25,40.737912317643,12.605534905305));
#656 = SURFACE_CURVE('',#657,(#661,#667),.PCURVE_S1.);
#657 = LINE('',#658,#659);
#658 = CARTESIAN_POINT('',(-2.25,40.737912317643,-1.));
#659 = VECTOR('',#660,1.);
#660 = DIRECTION('',(0.,0.,1.));
#661 = PCURVE('',#181,#662);
#662 = DEFINITIONAL_REPRESENTATION('',(#663),#666);
#663 = B_SPLINE_CURVE_WITH_KNOTS('',1,(#664,#665),.UNSPECIFIED.,.F.,.F.,
  (2,2),(0.9999994,144.5),.PIECEWISE_BEZIER_KNOTS.);
#664 = CARTESIAN_POINT('',(1.62597137613,0.9999994));
#665 = CARTESIAN_POINT('',(1.62597137613,144.5));
#666 = ( GEOMETRIC_REPRESENTATION_CONTEXT(2) 
PARAMETRIC_REPRESENTATION_CONTEXT() REPRESENTATION_CONTEXT('2D SPACE',''
  ) );
#667 = PCURVE('',#668,#673);
#668 = PLANE('',#669);
#669 = AXIS2_PLACEMENT_3D('',#670,#671,#672);
#670 = CARTESIAN_POINT('',(-2.25,66.697969020498,78.334410454654));
#671 = DIRECTION('',(-1.,1.110223024625E-16,0.));
#672 = DIRECTION('',(0.,0.,1.));
#673 = DEFINITIONAL_REPRESENTATION('',(#674),#677);
#674 = B_SPLINE_CURVE_WITH_KNOTS('',1,(#675,#676),.UNSPECIFIED.,.F.,.F.,
  (2,2),(0.9999994,144.5),.PIECEWISE_BEZIER_KNOTS.);
#675 = CARTESIAN_POINT('',(-78.33441105465,-25.96005670285));
#676 = CARTESIAN_POINT('',(65.165589545346,-25.96005670285));
#677 = ( GEOMETRIC_REPRESENTATION_CONTEXT(2) 
PARAMETRIC_REPRESENTATION_CONTEXT() REPRESENTATION_CONTEXT('2D SPACE',''
  ) );
#678 = ORIENTED_EDGE('',*,*,#679,.F.);
#679 = EDGE_CURVE('',#680,#654,#682,.T.);
#680 = VERTEX_POINT('',#681);
#681 = CARTESIAN_POINT('',(2.25,40.737912317643,12.605534905305));
#682 = SURFACE_CURVE('',#683,(#688,#698),.PCURVE_S1.);
#683 = ELLIPSE('',#684,53.644365312712,40.8);
#684 = AXIS2_PLACEMENT_3D('',#685,#686,#687);
#685 = CARTESIAN_POINT('',(0.,0.,-22.17073170731));
#686 = DIRECTION('',(-7.208260432195E-17,-0.649262379928,0.760564502202)
  );
#687 = DIRECTION('',(8.443962220571E-17,0.760564502202,0.649262379928));
#688 = PCURVE('',#181,#689);
#689 = DEFINITIONAL_REPRESENTATION('',(#690),#697);
#690 = B_SPLINE_CURVE_WITH_KNOTS('',5,(#691,#692,#693,#694,#695,#696),
  .UNSPECIFIED.,.F.,.F.,(6,6),(6.216960439774,6.349410174586),
  .PIECEWISE_BEZIER_KNOTS.);
#691 = CARTESIAN_POINT('',(1.504571459389,13.582188558237));
#692 = CARTESIAN_POINT('',(1.531061406351,13.643244655504));
#693 = CARTESIAN_POINT('',(1.557551353314,13.673817352198));
#694 = CARTESIAN_POINT('',(1.584041300276,13.673817352198));
#695 = CARTESIAN_POINT('',(1.610531247238,13.643244655504));
#696 = CARTESIAN_POINT('',(1.637021194201,13.582188558237));
#697 = ( GEOMETRIC_REPRESENTATION_CONTEXT(2) 
PARAMETRIC_REPRESENTATION_CONTEXT() REPRESENTATION_CONTEXT('2D SPACE',''
  ) );
#698 = PCURVE('',#699,#704);
#699 = PLANE('',#700);
#700 = AXIS2_PLACEMENT_3D('',#701,#702,#703);
#701 = CARTESIAN_POINT('',(2.25,115.,76.));
#702 = DIRECTION('',(-7.208260432195E-17,-0.649262379928,0.760564502202)
  );
#703 = DIRECTION('',(-8.443962220571E-17,-0.760564502202,-0.649262379928
    ));
#704 = DEFINITIONAL_REPRESENTATION('',(#705),#709);
#705 = ELLIPSE('',#706,53.644365312712,40.8);
#706 = AXIS2_PLACEMENT_2D('',#707,#708);
#707 = CARTESIAN_POINT('',(151.20348066083,-2.25));
#708 = DIRECTION('',(-1.,0.));
#709 = ( GEOMETRIC_REPRESENTATION_CONTEXT(2) 
PARAMETRIC_REPRESENTATION_CONTEXT() REPRESENTATION_CONTEXT('2D SPACE',''
  ) );
#710 = ORIENTED_EDGE('',*,*,#711,.T.);
#711 = EDGE_CURVE('',#680,#622,#712,.T.);
#712 = SURFACE_CURVE('',#713,(#717,#723),.PCURVE_S1.);
#713 = LINE('',#714,#715);
#714 = CARTESIAN_POINT('',(2.25,40.737912317643,-1.));
#715 = VECTOR('',#716,1.);
#716 = DIRECTION('',(0.,0.,1.));
#717 = PCURVE('',#181,#718);
#718 = DEFINITIONAL_REPRESENTATION('',(#719),#722);
#719 = B_SPLINE_CURVE_WITH_KNOTS('',1,(#720,#721),.UNSPECIFIED.,.F.,.F.,
  (2,2),(0.9999994,144.5),.PIECEWISE_BEZIER_KNOTS.);
#720 = CARTESIAN_POINT('',(1.51562127746,0.9999994));
#721 = CARTESIAN_POINT('',(1.51562127746,144.5));
#722 = ( GEOMETRIC_REPRESENTATION_CONTEXT(2) 
PARAMETRIC_REPRESENTATION_CONTEXT() REPRESENTATION_CONTEXT('2D SPACE',''
  ) );
#723 = PCURVE('',#724,#729);
#724 = PLANE('',#725);
#725 = AXIS2_PLACEMENT_3D('',#726,#727,#728);
#726 = CARTESIAN_POINT('',(2.25,66.697969020498,78.334410454654));
#727 = DIRECTION('',(-1.,1.110223024625E-16,0.));
#728 = DIRECTION('',(0.,0.,1.));
#729 = DEFINITIONAL_REPRESENTATION('',(#730),#733);
#730 = B_SPLINE_CURVE_WITH_KNOTS('',1,(#731,#732),.UNSPECIFIED.,.F.,.F.,
  (2,2),(0.9999994,144.5),.PIECEWISE_BEZIER_KNOTS.);
#731 = CARTESIAN_POINT('',(-78.33441105465,-25.96005670285));
#732 = CARTESIAN_POINT('',(65.165589545346,-25.96005670285));
#733 = ( GEOMETRIC_REPRESENTATION_CONTEXT(2) 
PARAMETRIC_REPRESENTATION_CONTEXT() REPRESENTATION_CONTEXT('2D SPACE',''
  ) );
#734 = FACE_BOUND('',#735,.F.);
#735 = EDGE_LOOP('',(#736,#770,#796,#828));
#736 = ORIENTED_EDGE('',*,*,#737,.F.);
#737 = EDGE_CURVE('',#738,#740,#742,.T.);
#738 = VERTEX_POINT('',#739);
#739 = CARTESIAN_POINT('',(-40.73791231764,-2.25,126.4718239218));
#740 = VERTEX_POINT('',#741);
#741 = CARTESIAN_POINT('',(-40.73791231764,2.25,126.4718239218));
#742 = SURFACE_CURVE('',#743,(#748,#758),.PCURVE_S1.);
#743 = ELLIPSE('',#744,40.875777339535,40.8);
#744 = AXIS2_PLACEMENT_3D('',#745,#746,#747);
#745 = CARTESIAN_POINT('',(0.,0.,123.98780487804));
#746 = DIRECTION('',(-6.086257045056E-02,7.453515209016E-18,
    -0.998146155389));
#747 = DIRECTION('',(-0.998146155389,1.222376494279E-16,
    6.086257045056E-02));
#748 = PCURVE('',#181,#749);
#749 = DEFINITIONAL_REPRESENTATION('',(#750),#757);
#750 = B_SPLINE_CURVE_WITH_KNOTS('',5,(#751,#752,#753,#754,#755,#756),
  .UNSPECIFIED.,.F.,.F.,(6,6),(6.216960439774,6.349410174586),
  .PIECEWISE_BEZIER_KNOTS.);
#751 = CARTESIAN_POINT('',(3.207817520996,127.47015632558));
#752 = CARTESIAN_POINT('',(3.181327574033,127.47451747539));
#753 = CARTESIAN_POINT('',(3.154837627071,127.47670123944));
#754 = CARTESIAN_POINT('',(3.128347680109,127.47670123944));
#755 = CARTESIAN_POINT('',(3.101857733146,127.47451747539));
#756 = CARTESIAN_POINT('',(3.075367786184,127.47015632558));
#757 = ( GEOMETRIC_REPRESENTATION_CONTEXT(2) 
PARAMETRIC_REPRESENTATION_CONTEXT() REPRESENTATION_CONTEXT('2D SPACE',''
  ) );
#758 = PCURVE('',#759,#764);
#759 = PLANE('',#760);
#760 = AXIS2_PLACEMENT_3D('',#761,#762,#763);
#761 = CARTESIAN_POINT('',(-33.,2.25,126.));
#762 = DIRECTION('',(-6.086257045056E-02,7.453515209016E-18,
    -0.998146155389));
#763 = DIRECTION('',(-0.998146155389,1.222376494279E-16,
    6.086257045056E-02));
#764 = DEFINITIONAL_REPRESENTATION('',(#765),#769);
#765 = ELLIPSE('',#766,40.875777339535,40.8);
#766 = AXIS2_PLACEMENT_2D('',#767,#768);
#767 = CARTESIAN_POINT('',(-33.06129049521,-2.25));
#768 = DIRECTION('',(1.,-2.646425812915E-33));
#769 = ( GEOMETRIC_REPRESENTATION_CONTEXT(2) 
PARAMETRIC_REPRESENTATION_CONTEXT() REPRESENTATION_CONTEXT('2D SPACE',''
  ) );
#770 = ORIENTED_EDGE('',*,*,#771,.F.);
#771 = EDGE_CURVE('',#772,#738,#774,.T.);
#772 = VERTEX_POINT('',#773);
#773 = CARTESIAN_POINT('',(-40.73791231764,-2.25,12.605534905305));
#774 = SURFACE_CURVE('',#775,(#779,#785),.PCURVE_S1.);
#775 = LINE('',#776,#777);
#776 = CARTESIAN_POINT('',(-40.73791231764,-2.25,-1.));
#777 = VECTOR('',#778,1.);
#778 = DIRECTION('',(0.,0.,1.));
#779 = PCURVE('',#181,#780);
#780 = DEFINITIONAL_REPRESENTATION('',(#781),#784);
#781 = B_SPLINE_CURVE_WITH_KNOTS('',1,(#782,#783),.UNSPECIFIED.,.F.,.F.,
  (2,2),(0.9999994,144.5),.PIECEWISE_BEZIER_KNOTS.);
#782 = CARTESIAN_POINT('',(3.196767702925,0.9999994));
#783 = CARTESIAN_POINT('',(3.196767702925,144.5));
#784 = ( GEOMETRIC_REPRESENTATION_CONTEXT(2) 
PARAMETRIC_REPRESENTATION_CONTEXT() REPRESENTATION_CONTEXT('2D SPACE',''
  ) );
#785 = PCURVE('',#786,#791);
#786 = PLANE('',#787);
#787 = AXIS2_PLACEMENT_3D('',#788,#789,#790);
#788 = CARTESIAN_POINT('',(-66.69796902049,-2.25,78.334410454654));
#789 = DIRECTION('',(-1.224646799147E-16,-1.,0.));
#790 = DIRECTION('',(0.,0.,1.));
#791 = DEFINITIONAL_REPRESENTATION('',(#792),#795);
#792 = B_SPLINE_CURVE_WITH_KNOTS('',1,(#793,#794),.UNSPECIFIED.,.F.,.F.,
  (2,2),(0.9999994,144.5),.PIECEWISE_BEZIER_KNOTS.);
#793 = CARTESIAN_POINT('',(-78.33441105465,-25.96005670285));
#794 = CARTESIAN_POINT('',(65.165589545346,-25.96005670285));
#795 = ( GEOMETRIC_REPRESENTATION_CONTEXT(2) 
PARAMETRIC_REPRESENTATION_CONTEXT() REPRESENTATION_CONTEXT('2D SPACE',''
  ) );
#796 = ORIENTED_EDGE('',*,*,#797,.F.);
#797 = EDGE_CURVE('',#798,#772,#800,.T.);
#798 = VERTEX_POINT('',#799);
#799 = CARTESIAN_POINT('',(-40.73791231764,2.25,12.605534905305));
#800 = SURFACE_CURVE('',#801,(#806,#816),.PCURVE_S1.);
#801 = ELLIPSE('',#802,53.644365312712,40.8);
#802 = AXIS2_PLACEMENT_3D('',#803,#804,#805);
#803 = CARTESIAN_POINT('',(0.,0.,-22.17073170731));
#804 = DIRECTION('',(0.649262379928,-7.951170953862E-17,0.760564502202)
  );
#805 = DIRECTION('',(-0.760564502202,9.314228831667E-17,0.649262379928)
  );
#806 = PCURVE('',#181,#807);
#807 = DEFINITIONAL_REPRESENTATION('',(#808),#815);
#808 = B_SPLINE_CURVE_WITH_KNOTS('',5,(#809,#810,#811,#812,#813,#814),
  .UNSPECIFIED.,.F.,.F.,(6,6),(6.216960439774,6.349410174586),
  .PIECEWISE_BEZIER_KNOTS.);
#809 = CARTESIAN_POINT('',(3.075367786184,13.582188558237));
#810 = CARTESIAN_POINT('',(3.101857733146,13.643244655504));
#811 = CARTESIAN_POINT('',(3.128347680109,13.673817352198));
#812 = CARTESIAN_POINT('',(3.154837627071,13.673817352198));
#813 = CARTESIAN_POINT('',(3.181327574033,13.643244655504));
#814 = CARTESIAN_POINT('',(3.207817520996,13.582188558237));
#815 = ( GEOMETRIC_REPRESENTATION_CONTEXT(2) 
PARAMETRIC_REPRESENTATION_CONTEXT() REPRESENTATION_CONTEXT('2D SPACE',''
  ) );
#816 = PCURVE('',#817,#822);
#817 = PLANE('',#818);
#818 = AXIS2_PLACEMENT_3D('',#819,#820,#821);
#819 = CARTESIAN_POINT('',(-115.,2.25,76.));
#820 = DIRECTION('',(0.649262379928,-7.951170953862E-17,0.760564502202)
  );
#821 = DIRECTION('',(0.760564502202,-9.314228831667E-17,-0.649262379928)
  );
#822 = DEFINITIONAL_REPRESENTATION('',(#823),#827);
#823 = ELLIPSE('',#824,53.644365312712,40.8);
#824 = AXIS2_PLACEMENT_2D('',#825,#826);
#825 = CARTESIAN_POINT('',(151.20348066083,-2.25));
#826 = DIRECTION('',(-1.,5.47881547025E-33));
#827 = ( GEOMETRIC_REPRESENTATION_CONTEXT(2) 
PARAMETRIC_REPRESENTATION_CONTEXT() REPRESENTATION_CONTEXT('2D SPACE',''
  ) );
#828 = ORIENTED_EDGE('',*,*,#829,.T.);
#829 = EDGE_CURVE('',#798,#740,#830,.T.);
#830 = SURFACE_CURVE('',#831,(#835,#841),.PCURVE_S1.);
#831 = LINE('',#832,#833);
#832 = CARTESIAN_POINT('',(-40.73791231764,2.25,-1.));
#833 = VECTOR('',#834,1.);
#834 = DIRECTION('',(0.,0.,1.));
#835 = PCURVE('',#181,#836);
#836 = DEFINITIONAL_REPRESENTATION('',(#837),#840);
#837 = B_SPLINE_CURVE_WITH_KNOTS('',1,(#838,#839),.UNSPECIFIED.,.F.,.F.,
  (2,2),(0.9999994,144.5),.PIECEWISE_BEZIER_KNOTS.);
#838 = CARTESIAN_POINT('',(3.086417604255,0.9999994));
#839 = CARTESIAN_POINT('',(3.086417604255,144.5));
#840 = ( GEOMETRIC_REPRESENTATION_CONTEXT(2) 
PARAMETRIC_REPRESENTATION_CONTEXT() REPRESENTATION_CONTEXT('2D SPACE',''
  ) );
#841 = PCURVE('',#842,#847);
#842 = PLANE('',#843);
#843 = AXIS2_PLACEMENT_3D('',#844,#845,#846);
#844 = CARTESIAN_POINT('',(-66.69796902049,2.25,78.334410454654));
#845 = DIRECTION('',(-1.224646799147E-16,-1.,0.));
#846 = DIRECTION('',(0.,0.,1.));
#847 = DEFINITIONAL_REPRESENTATION('',(#848),#851);
#848 = B_SPLINE_CURVE_WITH_KNOTS('',1,(#849,#850),.UNSPECIFIED.,.F.,.F.,
  (2,2),(0.9999994,144.5),.PIECEWISE_BEZIER_KNOTS.);
#849 = CARTESIAN_POINT('',(-78.33441105465,-25.96005670285));
#850 = CARTESIAN_POINT('',(65.165589545346,-25.96005670285));
#851 = ( GEOMETRIC_REPRESENTATION_CONTEXT(2) 
PARAMETRIC_REPRESENTATION_CONTEXT() REPRESENTATION_CONTEXT('2D SPACE',''
  ) );
#852 = FACE_BOUND('',#853,.F.);
#853 = EDGE_LOOP('',(#854,#855,#856,#857));
#854 = ORIENTED_EDGE('',*,*,#268,.F.);
#855 = ORIENTED_EDGE('',*,*,#324,.F.);
#856 = ORIENTED_EDGE('',*,*,#164,.F.);
#857 = ORIENTED_EDGE('',*,*,#299,.T.);
#858 = ADVANCED_FACE('',(#859),#368,.F.);
#859 = FACE_BOUND('',#860,.F.);
#860 = EDGE_LOOP('',(#861,#884,#912,#933,#934));
#861 = ORIENTED_EDGE('',*,*,#862,.F.);
#862 = EDGE_CURVE('',#863,#349,#865,.T.);
#863 = VERTEX_POINT('',#864);
#864 = CARTESIAN_POINT('',(33.,-2.25,126.));
#865 = SURFACE_CURVE('',#866,(#870,#877),.PCURVE_S1.);
#866 = LINE('',#867,#868);
#867 = CARTESIAN_POINT('',(33.,-2.25,126.));
#868 = VECTOR('',#869,1.);
#869 = DIRECTION('',(0.998146155389,0.,6.086257045056E-02));
#870 = PCURVE('',#368,#871);
#871 = DEFINITIONAL_REPRESENTATION('',(#872),#876);
#872 = LINE('',#873,#874);
#873 = CARTESIAN_POINT('',(0.,0.));
#874 = VECTOR('',#875,1.);
#875 = DIRECTION('',(1.,0.));
#876 = ( GEOMETRIC_REPRESENTATION_CONTEXT(2) 
PARAMETRIC_REPRESENTATION_CONTEXT() REPRESENTATION_CONTEXT('2D SPACE',''
  ) );
#877 = PCURVE('',#606,#878);
#878 = DEFINITIONAL_REPRESENTATION('',(#879),#883);
#879 = LINE('',#880,#881);
#880 = CARTESIAN_POINT('',(47.665589545346,-33.69796902049));
#881 = VECTOR('',#882,1.);
#882 = DIRECTION('',(6.086257045056E-02,0.998146155389));
#883 = ( GEOMETRIC_REPRESENTATION_CONTEXT(2) 
PARAMETRIC_REPRESENTATION_CONTEXT() REPRESENTATION_CONTEXT('2D SPACE',''
  ) );
#884 = ORIENTED_EDGE('',*,*,#885,.T.);
#885 = EDGE_CURVE('',#863,#886,#888,.T.);
#886 = VERTEX_POINT('',#887);
#887 = CARTESIAN_POINT('',(33.,2.25,126.));
#888 = SURFACE_CURVE('',#889,(#893,#900),.PCURVE_S1.);
#889 = LINE('',#890,#891);
#890 = CARTESIAN_POINT('',(33.,-2.25,126.));
#891 = VECTOR('',#892,1.);
#892 = DIRECTION('',(0.,1.,0.));
#893 = PCURVE('',#368,#894);
#894 = DEFINITIONAL_REPRESENTATION('',(#895),#899);
#895 = LINE('',#896,#897);
#896 = CARTESIAN_POINT('',(0.,0.));
#897 = VECTOR('',#898,1.);
#898 = DIRECTION('',(0.,-1.));
#899 = ( GEOMETRIC_REPRESENTATION_CONTEXT(2) 
PARAMETRIC_REPRESENTATION_CONTEXT() REPRESENTATION_CONTEXT('2D SPACE',''
  ) );
#900 = PCURVE('',#901,#906);
#901 = PLANE('',#902);
#902 = AXIS2_PLACEMENT_3D('',#903,#904,#905);
#903 = CARTESIAN_POINT('',(33.,-2.25,6.));
#904 = DIRECTION('',(1.,0.,0.));
#905 = DIRECTION('',(0.,0.,1.));
#906 = DEFINITIONAL_REPRESENTATION('',(#907),#911);
#907 = LINE('',#908,#909);
#908 = CARTESIAN_POINT('',(120.,0.));
#909 = VECTOR('',#910,1.);
#910 = DIRECTION('',(0.,-1.));
#911 = ( GEOMETRIC_REPRESENTATION_CONTEXT(2) 
PARAMETRIC_REPRESENTATION_CONTEXT() REPRESENTATION_CONTEXT('2D SPACE',''
  ) );
#912 = ORIENTED_EDGE('',*,*,#913,.T.);
#913 = EDGE_CURVE('',#886,#431,#914,.T.);
#914 = SURFACE_CURVE('',#915,(#919,#926),.PCURVE_S1.);
#915 = LINE('',#916,#917);
#916 = CARTESIAN_POINT('',(33.,2.25,126.));
#917 = VECTOR('',#918,1.);
#918 = DIRECTION('',(0.998146155389,0.,6.086257045056E-02));
#919 = PCURVE('',#368,#920);
#920 = DEFINITIONAL_REPRESENTATION('',(#921),#925);
#921 = LINE('',#922,#923);
#922 = CARTESIAN_POINT('',(0.,-4.5));
#923 = VECTOR('',#924,1.);
#924 = DIRECTION('',(1.,0.));
#925 = ( GEOMETRIC_REPRESENTATION_CONTEXT(2) 
PARAMETRIC_REPRESENTATION_CONTEXT() REPRESENTATION_CONTEXT('2D SPACE',''
  ) );
#926 = PCURVE('',#472,#927);
#927 = DEFINITIONAL_REPRESENTATION('',(#928),#932);
#928 = LINE('',#929,#930);
#929 = CARTESIAN_POINT('',(47.665589545346,-33.69796902049));
#930 = VECTOR('',#931,1.);
#931 = DIRECTION('',(6.086257045056E-02,0.998146155389));
#932 = ( GEOMETRIC_REPRESENTATION_CONTEXT(2) 
PARAMETRIC_REPRESENTATION_CONTEXT() REPRESENTATION_CONTEXT('2D SPACE',''
  ) );
#933 = ORIENTED_EDGE('',*,*,#430,.T.);
#934 = ORIENTED_EDGE('',*,*,#346,.T.);
#935 = ADVANCED_FACE('',(#936),#606,.F.);
#936 = FACE_BOUND('',#937,.F.);
#937 = EDGE_LOOP('',(#938,#961,#982,#983));
#938 = ORIENTED_EDGE('',*,*,#939,.T.);
#939 = EDGE_CURVE('',#567,#940,#942,.T.);
#940 = VERTEX_POINT('',#941);
#941 = CARTESIAN_POINT('',(33.,-2.25,6.));
#942 = SURFACE_CURVE('',#943,(#947,#954),.PCURVE_S1.);
#943 = LINE('',#944,#945);
#944 = CARTESIAN_POINT('',(115.,-2.25,76.));
#945 = VECTOR('',#946,1.);
#946 = DIRECTION('',(-0.760564502202,0.,-0.649262379928));
#947 = PCURVE('',#606,#948);
#948 = DEFINITIONAL_REPRESENTATION('',(#949),#953);
#949 = LINE('',#950,#951);
#950 = CARTESIAN_POINT('',(-2.334410454654,48.302030979502));
#951 = VECTOR('',#952,1.);
#952 = DIRECTION('',(-0.649262379928,-0.760564502202));
#953 = ( GEOMETRIC_REPRESENTATION_CONTEXT(2) 
PARAMETRIC_REPRESENTATION_CONTEXT() REPRESENTATION_CONTEXT('2D SPACE',''
  ) );
#954 = PCURVE('',#503,#955);
#955 = DEFINITIONAL_REPRESENTATION('',(#956),#960);
#956 = LINE('',#957,#958);
#957 = CARTESIAN_POINT('',(0.,0.));
#958 = VECTOR('',#959,1.);
#959 = DIRECTION('',(1.,-0.));
#960 = ( GEOMETRIC_REPRESENTATION_CONTEXT(2) 
PARAMETRIC_REPRESENTATION_CONTEXT() REPRESENTATION_CONTEXT('2D SPACE',''
  ) );
#961 = ORIENTED_EDGE('',*,*,#962,.T.);
#962 = EDGE_CURVE('',#940,#863,#963,.T.);
#963 = SURFACE_CURVE('',#964,(#968,#975),.PCURVE_S1.);
#964 = LINE('',#965,#966);
#965 = CARTESIAN_POINT('',(33.,-2.25,6.));
#966 = VECTOR('',#967,1.);
#967 = DIRECTION('',(0.,0.,1.));
#968 = PCURVE('',#606,#969);
#969 = DEFINITIONAL_REPRESENTATION('',(#970),#974);
#970 = LINE('',#971,#972);
#971 = CARTESIAN_POINT('',(-72.33441045465,-33.69796902049));
#972 = VECTOR('',#973,1.);
#973 = DIRECTION('',(1.,0.));
#974 = ( GEOMETRIC_REPRESENTATION_CONTEXT(2) 
PARAMETRIC_REPRESENTATION_CONTEXT() REPRESENTATION_CONTEXT('2D SPACE',''
  ) );
#975 = PCURVE('',#901,#976);
#976 = DEFINITIONAL_REPRESENTATION('',(#977),#981);
#977 = LINE('',#978,#979);
#978 = CARTESIAN_POINT('',(0.,0.));
#979 = VECTOR('',#980,1.);
#980 = DIRECTION('',(1.,0.));
#981 = ( GEOMETRIC_REPRESENTATION_CONTEXT(2) 
PARAMETRIC_REPRESENTATION_CONTEXT() REPRESENTATION_CONTEXT('2D SPACE',''
  ) );
#982 = ORIENTED_EDGE('',*,*,#862,.T.);
#983 = ORIENTED_EDGE('',*,*,#593,.F.);
#984 = ADVANCED_FACE('',(#985),#503,.F.);
#985 = FACE_BOUND('',#986,.F.);
#986 = EDGE_LOOP('',(#987,#988,#989,#990,#1013));
#987 = ORIENTED_EDGE('',*,*,#939,.F.);
#988 = ORIENTED_EDGE('',*,*,#566,.T.);
#989 = ORIENTED_EDGE('',*,*,#483,.T.);
#990 = ORIENTED_EDGE('',*,*,#991,.T.);
#991 = EDGE_CURVE('',#458,#992,#994,.T.);
#992 = VERTEX_POINT('',#993);
#993 = CARTESIAN_POINT('',(33.,2.25,6.));
#994 = SURFACE_CURVE('',#995,(#999,#1006),.PCURVE_S1.);
#995 = LINE('',#996,#997);
#996 = CARTESIAN_POINT('',(115.,2.25,76.));
#997 = VECTOR('',#998,1.);
#998 = DIRECTION('',(-0.760564502202,0.,-0.649262379928));
#999 = PCURVE('',#503,#1000);
#1000 = DEFINITIONAL_REPRESENTATION('',(#1001),#1005);
#1001 = LINE('',#1002,#1003);
#1002 = CARTESIAN_POINT('',(0.,-4.5));
#1003 = VECTOR('',#1004,1.);
#1004 = DIRECTION('',(1.,-0.));
#1005 = ( GEOMETRIC_REPRESENTATION_CONTEXT(2) 
PARAMETRIC_REPRESENTATION_CONTEXT() REPRESENTATION_CONTEXT('2D SPACE',''
  ) );
#1006 = PCURVE('',#472,#1007);
#1007 = DEFINITIONAL_REPRESENTATION('',(#1008),#1012);
#1008 = LINE('',#1009,#1010);
#1009 = CARTESIAN_POINT('',(-2.334410454654,48.302030979502));
#1010 = VECTOR('',#1011,1.);
#1011 = DIRECTION('',(-0.649262379928,-0.760564502202));
#1012 = ( GEOMETRIC_REPRESENTATION_CONTEXT(2) 
PARAMETRIC_REPRESENTATION_CONTEXT() REPRESENTATION_CONTEXT('2D SPACE',''
  ) );
#1013 = ORIENTED_EDGE('',*,*,#1014,.F.);
#1014 = EDGE_CURVE('',#940,#992,#1015,.T.);
#1015 = SURFACE_CURVE('',#1016,(#1020,#1027),.PCURVE_S1.);
#1016 = LINE('',#1017,#1018);
#1017 = CARTESIAN_POINT('',(33.,-2.25,6.));
#1018 = VECTOR('',#1019,1.);
#1019 = DIRECTION('',(0.,1.,0.));
#1020 = PCURVE('',#503,#1021);
#1021 = DEFINITIONAL_REPRESENTATION('',(#1022),#1026);
#1022 = LINE('',#1023,#1024);
#1023 = CARTESIAN_POINT('',(107.81465577554,-0.));
#1024 = VECTOR('',#1025,1.);
#1025 = DIRECTION('',(0.,-1.));
#1026 = ( GEOMETRIC_REPRESENTATION_CONTEXT(2) 
PARAMETRIC_REPRESENTATION_CONTEXT() REPRESENTATION_CONTEXT('2D SPACE',''
  ) );
#1027 = PCURVE('',#901,#1028);
#1028 = DEFINITIONAL_REPRESENTATION('',(#1029),#1033);
#1029 = LINE('',#1030,#1031);
#1030 = CARTESIAN_POINT('',(0.,0.));
#1031 = VECTOR('',#1032,1.);
#1032 = DIRECTION('',(0.,-1.));
#1033 = ( GEOMETRIC_REPRESENTATION_CONTEXT(2) 
PARAMETRIC_REPRESENTATION_CONTEXT() REPRESENTATION_CONTEXT('2D SPACE',''
  ) );
#1034 = ADVANCED_FACE('',(#1035,#1066),#553,.F.);
#1035 = FACE_BOUND('',#1036,.F.);
#1036 = EDGE_LOOP('',(#1037));
#1037 = ORIENTED_EDGE('',*,*,#1038,.T.);
#1038 = EDGE_CURVE('',#1039,#1039,#1041,.T.);
#1039 = VERTEX_POINT('',#1040);
#1040 = CARTESIAN_POINT('',(42.,-1.028703311284E-14,0.));
#1041 = SURFACE_CURVE('',#1042,(#1047,#1054),.PCURVE_S1.);
#1042 = CIRCLE('',#1043,42.);
#1043 = AXIS2_PLACEMENT_3D('',#1044,#1045,#1046);
#1044 = CARTESIAN_POINT('',(0.,0.,0.));
#1045 = DIRECTION('',(0.,0.,1.));
#1046 = DIRECTION('',(1.,0.,-0.));
#1047 = PCURVE('',#553,#1048);
#1048 = DEFINITIONAL_REPRESENTATION('',(#1049),#1053);
#1049 = CIRCLE('',#1050,42.);
#1050 = AXIS2_PLACEMENT_2D('',#1051,#1052);
#1051 = CARTESIAN_POINT('',(0.,0.));
#1052 = DIRECTION('',(1.,0.));
#1053 = ( GEOMETRIC_REPRESENTATION_CONTEXT(2) 
PARAMETRIC_REPRESENTATION_CONTEXT() REPRESENTATION_CONTEXT('2D SPACE',''
  ) );
#1054 = PCURVE('',#1055,#1060);
#1055 = CYLINDRICAL_SURFACE('',#1056,42.);
#1056 = AXIS2_PLACEMENT_3D('',#1057,#1058,#1059);
#1057 = CARTESIAN_POINT('',(0.,0.,0.));
#1058 = DIRECTION('',(0.,0.,1.));
#1059 = DIRECTION('',(1.,0.,-0.));
#1060 = DEFINITIONAL_REPRESENTATION('',(#1061),#1065);
#1061 = LINE('',#1062,#1063);
#1062 = CARTESIAN_POINT('',(0.,0.));
#1063 = VECTOR('',#1064,1.);
#1064 = DIRECTION('',(1.,0.));
#1065 = ( GEOMETRIC_REPRESENTATION_CONTEXT(2) 
PARAMETRIC_REPRESENTATION_CONTEXT() REPRESENTATION_CONTEXT('2D SPACE',''
  ) );
#1066 = FACE_BOUND('',#1067,.F.);
#1067 = EDGE_LOOP('',(#1068));
#1068 = ORIENTED_EDGE('',*,*,#538,.F.);
#1069 = ADVANCED_FACE('',(#1070),#472,.T.);
#1070 = FACE_BOUND('',#1071,.T.);
#1071 = EDGE_LOOP('',(#1072,#1073,#1094,#1095));
#1072 = ORIENTED_EDGE('',*,*,#991,.T.);
#1073 = ORIENTED_EDGE('',*,*,#1074,.T.);
#1074 = EDGE_CURVE('',#992,#886,#1075,.T.);
#1075 = SURFACE_CURVE('',#1076,(#1080,#1087),.PCURVE_S1.);
#1076 = LINE('',#1077,#1078);
#1077 = CARTESIAN_POINT('',(33.,2.25,6.));
#1078 = VECTOR('',#1079,1.);
#1079 = DIRECTION('',(0.,0.,1.));
#1080 = PCURVE('',#472,#1081);
#1081 = DEFINITIONAL_REPRESENTATION('',(#1082),#1086);
#1082 = LINE('',#1083,#1084);
#1083 = CARTESIAN_POINT('',(-72.33441045465,-33.69796902049));
#1084 = VECTOR('',#1085,1.);
#1085 = DIRECTION('',(1.,0.));
#1086 = ( GEOMETRIC_REPRESENTATION_CONTEXT(2) 
PARAMETRIC_REPRESENTATION_CONTEXT() REPRESENTATION_CONTEXT('2D SPACE',''
  ) );
#1087 = PCURVE('',#901,#1088);
#1088 = DEFINITIONAL_REPRESENTATION('',(#1089),#1093);
#1089 = LINE('',#1090,#1091);
#1090 = CARTESIAN_POINT('',(0.,-4.5));
#1091 = VECTOR('',#1092,1.);
#1092 = DIRECTION('',(1.,0.));
#1093 = ( GEOMETRIC_REPRESENTATION_CONTEXT(2) 
PARAMETRIC_REPRESENTATION_CONTEXT() REPRESENTATION_CONTEXT('2D SPACE',''
  ) );
#1094 = ORIENTED_EDGE('',*,*,#913,.T.);
#1095 = ORIENTED_EDGE('',*,*,#457,.F.);
#1096 = ADVANCED_FACE('',(#1097),#418,.F.);
#1097 = FACE_BOUND('',#1098,.F.);
#1098 = EDGE_LOOP('',(#1099,#1127,#1148,#1149));
#1099 = ORIENTED_EDGE('',*,*,#1100,.F.);
#1100 = EDGE_CURVE('',#1101,#1101,#1103,.T.);
#1101 = VERTEX_POINT('',#1102);
#1102 = CARTESIAN_POINT('',(40.8,-9.993117881042E-15,404.));
#1103 = SURFACE_CURVE('',#1104,(#1109,#1116),.PCURVE_S1.);
#1104 = CIRCLE('',#1105,40.8);
#1105 = AXIS2_PLACEMENT_3D('',#1106,#1107,#1108);
#1106 = CARTESIAN_POINT('',(0.,0.,404.));
#1107 = DIRECTION('',(0.,0.,1.));
#1108 = DIRECTION('',(1.,0.,-0.));
#1109 = PCURVE('',#418,#1110);
#1110 = DEFINITIONAL_REPRESENTATION('',(#1111),#1115);
#1111 = LINE('',#1112,#1113);
#1112 = CARTESIAN_POINT('',(0.,161.));
#1113 = VECTOR('',#1114,1.);
#1114 = DIRECTION('',(1.,0.));
#1115 = ( GEOMETRIC_REPRESENTATION_CONTEXT(2) 
PARAMETRIC_REPRESENTATION_CONTEXT() REPRESENTATION_CONTEXT('2D SPACE',''
  ) );
#1116 = PCURVE('',#1117,#1122);
#1117 = CYLINDRICAL_SURFACE('',#1118,40.8);
#1118 = AXIS2_PLACEMENT_3D('',#1119,#1120,#1121);
#1119 = CARTESIAN_POINT('',(0.,0.,403.));
#1120 = DIRECTION('',(0.,0.,1.));
#1121 = DIRECTION('',(1.,0.,-0.));
#1122 = DEFINITIONAL_REPRESENTATION('',(#1123),#1126);
#1123 = B_SPLINE_CURVE_WITH_KNOTS('',1,(#1124,#1125),.UNSPECIFIED.,.F.,
  .F.,(2,2),(0.,6.28318530718),.PIECEWISE_BEZIER_KNOTS.);
#1124 = CARTESIAN_POINT('',(0.,1.));
#1125 = CARTESIAN_POINT('',(6.28318530718,1.));
#1126 = ( GEOMETRIC_REPRESENTATION_CONTEXT(2) 
PARAMETRIC_REPRESENTATION_CONTEXT() REPRESENTATION_CONTEXT('2D SPACE',''
  ) );
#1127 = ORIENTED_EDGE('',*,*,#1128,.F.);
#1128 = EDGE_CURVE('',#381,#1101,#1129,.T.);
#1129 = SEAM_CURVE('',#1130,(#1134,#1141),.PCURVE_S1.);
#1130 = LINE('',#1131,#1132);
#1131 = CARTESIAN_POINT('',(40.8,-9.993117881042E-15,243.));
#1132 = VECTOR('',#1133,1.);
#1133 = DIRECTION('',(0.,0.,1.));
#1134 = PCURVE('',#418,#1135);
#1135 = DEFINITIONAL_REPRESENTATION('',(#1136),#1140);
#1136 = LINE('',#1137,#1138);
#1137 = CARTESIAN_POINT('',(6.28318530718,-0.));
#1138 = VECTOR('',#1139,1.);
#1139 = DIRECTION('',(0.,1.));
#1140 = ( GEOMETRIC_REPRESENTATION_CONTEXT(2) 
PARAMETRIC_REPRESENTATION_CONTEXT() REPRESENTATION_CONTEXT('2D SPACE',''
  ) );
#1141 = PCURVE('',#418,#1142);
#1142 = DEFINITIONAL_REPRESENTATION('',(#1143),#1147);
#1143 = LINE('',#1144,#1145);
#1144 = CARTESIAN_POINT('',(0.,-0.));
#1145 = VECTOR('',#1146,1.);
#1146 = DIRECTION('',(0.,1.));
#1147 = ( GEOMETRIC_REPRESENTATION_CONTEXT(2) 
PARAMETRIC_REPRESENTATION_CONTEXT() REPRESENTATION_CONTEXT('2D SPACE',''
  ) );
#1148 = ORIENTED_EDGE('',*,*,#403,.T.);
#1149 = ORIENTED_EDGE('',*,*,#1128,.T.);
#1150 = ADVANCED_FACE('',(#1151),#641,.F.);
#1151 = FACE_BOUND('',#1152,.F.);
#1152 = EDGE_LOOP('',(#1153,#1176,#1204,#1225));
#1153 = ORIENTED_EDGE('',*,*,#1154,.F.);
#1154 = EDGE_CURVE('',#1155,#622,#1157,.T.);
#1155 = VERTEX_POINT('',#1156);
#1156 = CARTESIAN_POINT('',(2.25,33.,126.));
#1157 = SURFACE_CURVE('',#1158,(#1162,#1169),.PCURVE_S1.);
#1158 = LINE('',#1159,#1160);
#1159 = CARTESIAN_POINT('',(2.25,33.,126.));
#1160 = VECTOR('',#1161,1.);
#1161 = DIRECTION('',(1.108164843654E-16,0.998146155389,
    6.086257045056E-02));
#1162 = PCURVE('',#641,#1163);
#1163 = DEFINITIONAL_REPRESENTATION('',(#1164),#1168);
#1164 = LINE('',#1165,#1166);
#1165 = CARTESIAN_POINT('',(0.,0.));
#1166 = VECTOR('',#1167,1.);
#1167 = DIRECTION('',(1.,0.));
#1168 = ( GEOMETRIC_REPRESENTATION_CONTEXT(2) 
PARAMETRIC_REPRESENTATION_CONTEXT() REPRESENTATION_CONTEXT('2D SPACE',''
  ) );
#1169 = PCURVE('',#724,#1170);
#1170 = DEFINITIONAL_REPRESENTATION('',(#1171),#1175);
#1171 = LINE('',#1172,#1173);
#1172 = CARTESIAN_POINT('',(47.665589545346,-33.69796902049));
#1173 = VECTOR('',#1174,1.);
#1174 = DIRECTION('',(6.086257045056E-02,0.998146155389));
#1175 = ( GEOMETRIC_REPRESENTATION_CONTEXT(2) 
PARAMETRIC_REPRESENTATION_CONTEXT() REPRESENTATION_CONTEXT('2D SPACE',''
  ) );
#1176 = ORIENTED_EDGE('',*,*,#1177,.T.);
#1177 = EDGE_CURVE('',#1155,#1178,#1180,.T.);
#1178 = VERTEX_POINT('',#1179);
#1179 = CARTESIAN_POINT('',(-2.25,33.,126.));
#1180 = SURFACE_CURVE('',#1181,(#1185,#1192),.PCURVE_S1.);
#1181 = LINE('',#1182,#1183);
#1182 = CARTESIAN_POINT('',(2.25,33.,126.));
#1183 = VECTOR('',#1184,1.);
#1184 = DIRECTION('',(-1.,1.110223024625E-16,0.));
#1185 = PCURVE('',#641,#1186);
#1186 = DEFINITIONAL_REPRESENTATION('',(#1187),#1191);
#1187 = LINE('',#1188,#1189);
#1188 = CARTESIAN_POINT('',(0.,0.));
#1189 = VECTOR('',#1190,1.);
#1190 = DIRECTION('',(0.,-1.));
#1191 = ( GEOMETRIC_REPRESENTATION_CONTEXT(2) 
PARAMETRIC_REPRESENTATION_CONTEXT() REPRESENTATION_CONTEXT('2D SPACE',''
  ) );
#1192 = PCURVE('',#1193,#1198);
#1193 = PLANE('',#1194);
#1194 = AXIS2_PLACEMENT_3D('',#1195,#1196,#1197);
#1195 = CARTESIAN_POINT('',(2.25,33.,6.));
#1196 = DIRECTION('',(1.110223024625E-16,1.,0.));
#1197 = DIRECTION('',(0.,0.,1.));
#1198 = DEFINITIONAL_REPRESENTATION('',(#1199),#1203);
#1199 = LINE('',#1200,#1201);
#1200 = CARTESIAN_POINT('',(120.,0.));
#1201 = VECTOR('',#1202,1.);
#1202 = DIRECTION('',(0.,-1.));
#1203 = ( GEOMETRIC_REPRESENTATION_CONTEXT(2) 
PARAMETRIC_REPRESENTATION_CONTEXT() REPRESENTATION_CONTEXT('2D SPACE',''
  ) );
#1204 = ORIENTED_EDGE('',*,*,#1205,.T.);
#1205 = EDGE_CURVE('',#1178,#620,#1206,.T.);
#1206 = SURFACE_CURVE('',#1207,(#1211,#1218),.PCURVE_S1.);
#1207 = LINE('',#1208,#1209);
#1208 = CARTESIAN_POINT('',(-2.25,33.,126.));
#1209 = VECTOR('',#1210,1.);
#1210 = DIRECTION('',(1.108164843654E-16,0.998146155389,
    6.086257045056E-02));
#1211 = PCURVE('',#641,#1212);
#1212 = DEFINITIONAL_REPRESENTATION('',(#1213),#1217);
#1213 = LINE('',#1214,#1215);
#1214 = CARTESIAN_POINT('',(-4.986741796444E-16,-4.5));
#1215 = VECTOR('',#1216,1.);
#1216 = DIRECTION('',(1.,0.));
#1217 = ( GEOMETRIC_REPRESENTATION_CONTEXT(2) 
PARAMETRIC_REPRESENTATION_CONTEXT() REPRESENTATION_CONTEXT('2D SPACE',''
  ) );
#1218 = PCURVE('',#668,#1219);
#1219 = DEFINITIONAL_REPRESENTATION('',(#1220),#1224);
#1220 = LINE('',#1221,#1222);
#1221 = CARTESIAN_POINT('',(47.665589545346,-33.69796902049));
#1222 = VECTOR('',#1223,1.);
#1223 = DIRECTION('',(6.086257045056E-02,0.998146155389));
#1224 = ( GEOMETRIC_REPRESENTATION_CONTEXT(2) 
PARAMETRIC_REPRESENTATION_CONTEXT() REPRESENTATION_CONTEXT('2D SPACE',''
  ) );
#1225 = ORIENTED_EDGE('',*,*,#619,.T.);
#1226 = ADVANCED_FACE('',(#1227),#668,.T.);
#1227 = FACE_BOUND('',#1228,.T.);
#1228 = EDGE_LOOP('',(#1229,#1252,#1273,#1274));
#1229 = ORIENTED_EDGE('',*,*,#1230,.T.);
#1230 = EDGE_CURVE('',#654,#1231,#1233,.T.);
#1231 = VERTEX_POINT('',#1232);
#1232 = CARTESIAN_POINT('',(-2.25,33.,6.));
#1233 = SURFACE_CURVE('',#1234,(#1238,#1245),.PCURVE_S1.);
#1234 = LINE('',#1235,#1236);
#1235 = CARTESIAN_POINT('',(-2.25,115.,76.));
#1236 = VECTOR('',#1237,1.);
#1237 = DIRECTION('',(-8.443962220571E-17,-0.760564502202,
    -0.649262379928));
#1238 = PCURVE('',#668,#1239);
#1239 = DEFINITIONAL_REPRESENTATION('',(#1240),#1244);
#1240 = LINE('',#1241,#1242);
#1241 = CARTESIAN_POINT('',(-2.334410454654,48.302030979502));
#1242 = VECTOR('',#1243,1.);
#1243 = DIRECTION('',(-0.649262379928,-0.760564502202));
#1244 = ( GEOMETRIC_REPRESENTATION_CONTEXT(2) 
PARAMETRIC_REPRESENTATION_CONTEXT() REPRESENTATION_CONTEXT('2D SPACE',''
  ) );
#1245 = PCURVE('',#699,#1246);
#1246 = DEFINITIONAL_REPRESENTATION('',(#1247),#1251);
#1247 = LINE('',#1248,#1249);
#1248 = CARTESIAN_POINT('',(3.799782999257E-16,-4.5));
#1249 = VECTOR('',#1250,1.);
#1250 = DIRECTION('',(1.,0.));
#1251 = ( GEOMETRIC_REPRESENTATION_CONTEXT(2) 
PARAMETRIC_REPRESENTATION_CONTEXT() REPRESENTATION_CONTEXT('2D SPACE',''
  ) );
#1252 = ORIENTED_EDGE('',*,*,#1253,.T.);
#1253 = EDGE_CURVE('',#1231,#1178,#1254,.T.);
#1254 = SURFACE_CURVE('',#1255,(#1259,#1266),.PCURVE_S1.);
#1255 = LINE('',#1256,#1257);
#1256 = CARTESIAN_POINT('',(-2.25,33.,6.));
#1257 = VECTOR('',#1258,1.);
#1258 = DIRECTION('',(0.,0.,1.));
#1259 = PCURVE('',#668,#1260);
#1260 = DEFINITIONAL_REPRESENTATION('',(#1261),#1265);
#1261 = LINE('',#1262,#1263);
#1262 = CARTESIAN_POINT('',(-72.33441045465,-33.69796902049));
#1263 = VECTOR('',#1264,1.);
#1264 = DIRECTION('',(1.,0.));
#1265 = ( GEOMETRIC_REPRESENTATION_CONTEXT(2) 
PARAMETRIC_REPRESENTATION_CONTEXT() REPRESENTATION_CONTEXT('2D SPACE',''
  ) );
#1266 = PCURVE('',#1193,#1267);
#1267 = DEFINITIONAL_REPRESENTATION('',(#1268),#1272);
#1268 = LINE('',#1269,#1270);
#1269 = CARTESIAN_POINT('',(0.,-4.5));
#1270 = VECTOR('',#1271,1.);
#1271 = DIRECTION('',(1.,0.));
#1272 = ( GEOMETRIC_REPRESENTATION_CONTEXT(2) 
PARAMETRIC_REPRESENTATION_CONTEXT() REPRESENTATION_CONTEXT('2D SPACE',''
  ) );
#1273 = ORIENTED_EDGE('',*,*,#1205,.T.);
#1274 = ORIENTED_EDGE('',*,*,#653,.F.);
#1275 = ADVANCED_FACE('',(#1276),#724,.F.);
#1276 = FACE_BOUND('',#1277,.F.);
#1277 = EDGE_LOOP('',(#1278,#1301,#1322,#1323));
#1278 = ORIENTED_EDGE('',*,*,#1279,.T.);
#1279 = EDGE_CURVE('',#680,#1280,#1282,.T.);
#1280 = VERTEX_POINT('',#1281);
#1281 = CARTESIAN_POINT('',(2.25,33.,6.));
#1282 = SURFACE_CURVE('',#1283,(#1287,#1294),.PCURVE_S1.);
#1283 = LINE('',#1284,#1285);
#1284 = CARTESIAN_POINT('',(2.25,115.,76.));
#1285 = VECTOR('',#1286,1.);
#1286 = DIRECTION('',(-8.443962220571E-17,-0.760564502202,
    -0.649262379928));
#1287 = PCURVE('',#724,#1288);
#1288 = DEFINITIONAL_REPRESENTATION('',(#1289),#1293);
#1289 = LINE('',#1290,#1291);
#1290 = CARTESIAN_POINT('',(-2.334410454654,48.302030979502));
#1291 = VECTOR('',#1292,1.);
#1292 = DIRECTION('',(-0.649262379928,-0.760564502202));
#1293 = ( GEOMETRIC_REPRESENTATION_CONTEXT(2) 
PARAMETRIC_REPRESENTATION_CONTEXT() REPRESENTATION_CONTEXT('2D SPACE',''
  ) );
#1294 = PCURVE('',#699,#1295);
#1295 = DEFINITIONAL_REPRESENTATION('',(#1296),#1300);
#1296 = LINE('',#1297,#1298);
#1297 = CARTESIAN_POINT('',(-0.,0.));
#1298 = VECTOR('',#1299,1.);
#1299 = DIRECTION('',(1.,0.));
#1300 = ( GEOMETRIC_REPRESENTATION_CONTEXT(2) 
PARAMETRIC_REPRESENTATION_CONTEXT() REPRESENTATION_CONTEXT('2D SPACE',''
  ) );
#1301 = ORIENTED_EDGE('',*,*,#1302,.T.);
#1302 = EDGE_CURVE('',#1280,#1155,#1303,.T.);
#1303 = SURFACE_CURVE('',#1304,(#1308,#1315),.PCURVE_S1.);
#1304 = LINE('',#1305,#1306);
#1305 = CARTESIAN_POINT('',(2.25,33.,6.));
#1306 = VECTOR('',#1307,1.);
#1307 = DIRECTION('',(0.,0.,1.));
#1308 = PCURVE('',#724,#1309);
#1309 = DEFINITIONAL_REPRESENTATION('',(#1310),#1314);
#1310 = LINE('',#1311,#1312);
#1311 = CARTESIAN_POINT('',(-72.33441045465,-33.69796902049));
#1312 = VECTOR('',#1313,1.);
#1313 = DIRECTION('',(1.,0.));
#1314 = ( GEOMETRIC_REPRESENTATION_CONTEXT(2) 
PARAMETRIC_REPRESENTATION_CONTEXT() REPRESENTATION_CONTEXT('2D SPACE',''
  ) );
#1315 = PCURVE('',#1193,#1316);
#1316 = DEFINITIONAL_REPRESENTATION('',(#1317),#1321);
#1317 = LINE('',#1318,#1319);
#1318 = CARTESIAN_POINT('',(0.,0.));
#1319 = VECTOR('',#1320,1.);
#1320 = DIRECTION('',(1.,0.));
#1321 = ( GEOMETRIC_REPRESENTATION_CONTEXT(2) 
PARAMETRIC_REPRESENTATION_CONTEXT() REPRESENTATION_CONTEXT('2D SPACE',''
  ) );
#1322 = ORIENTED_EDGE('',*,*,#1154,.T.);
#1323 = ORIENTED_EDGE('',*,*,#711,.F.);
#1324 = ADVANCED_FACE('',(#1325),#699,.F.);
#1325 = FACE_BOUND('',#1326,.F.);
#1326 = EDGE_LOOP('',(#1327,#1328,#1329,#1330));
#1327 = ORIENTED_EDGE('',*,*,#1279,.F.);
#1328 = ORIENTED_EDGE('',*,*,#679,.T.);
#1329 = ORIENTED_EDGE('',*,*,#1230,.T.);
#1330 = ORIENTED_EDGE('',*,*,#1331,.F.);
#1331 = EDGE_CURVE('',#1280,#1231,#1332,.T.);
#1332 = SURFACE_CURVE('',#1333,(#1337,#1344),.PCURVE_S1.);
#1333 = LINE('',#1334,#1335);
#1334 = CARTESIAN_POINT('',(2.25,33.,6.));
#1335 = VECTOR('',#1336,1.);
#1336 = DIRECTION('',(-1.,1.110223024625E-16,0.));
#1337 = PCURVE('',#699,#1338);
#1338 = DEFINITIONAL_REPRESENTATION('',(#1339),#1343);
#1339 = LINE('',#1340,#1341);
#1340 = CARTESIAN_POINT('',(107.81465577554,-2.22044604925E-16));
#1341 = VECTOR('',#1342,1.);
#1342 = DIRECTION('',(0.,-1.));
#1343 = ( GEOMETRIC_REPRESENTATION_CONTEXT(2) 
PARAMETRIC_REPRESENTATION_CONTEXT() REPRESENTATION_CONTEXT('2D SPACE',''
  ) );
#1344 = PCURVE('',#1193,#1345);
#1345 = DEFINITIONAL_REPRESENTATION('',(#1346),#1350);
#1346 = LINE('',#1347,#1348);
#1347 = CARTESIAN_POINT('',(0.,0.));
#1348 = VECTOR('',#1349,1.);
#1349 = DIRECTION('',(0.,-1.));
#1350 = ( GEOMETRIC_REPRESENTATION_CONTEXT(2) 
PARAMETRIC_REPRESENTATION_CONTEXT() REPRESENTATION_CONTEXT('2D SPACE',''
  ) );
#1351 = ADVANCED_FACE('',(#1352),#759,.F.);
#1352 = FACE_BOUND('',#1353,.F.);
#1353 = EDGE_LOOP('',(#1354,#1377,#1405,#1426));
#1354 = ORIENTED_EDGE('',*,*,#1355,.F.);
#1355 = EDGE_CURVE('',#1356,#740,#1358,.T.);
#1356 = VERTEX_POINT('',#1357);
#1357 = CARTESIAN_POINT('',(-33.,2.25,126.));
#1358 = SURFACE_CURVE('',#1359,(#1363,#1370),.PCURVE_S1.);
#1359 = LINE('',#1360,#1361);
#1360 = CARTESIAN_POINT('',(-33.,2.25,126.));
#1361 = VECTOR('',#1362,1.);
#1362 = DIRECTION('',(-0.998146155389,1.222376494279E-16,
    6.086257045056E-02));
#1363 = PCURVE('',#759,#1364);
#1364 = DEFINITIONAL_REPRESENTATION('',(#1365),#1369);
#1365 = LINE('',#1366,#1367);
#1366 = CARTESIAN_POINT('',(0.,0.));
#1367 = VECTOR('',#1368,1.);
#1368 = DIRECTION('',(1.,-2.646425812915E-33));
#1369 = ( GEOMETRIC_REPRESENTATION_CONTEXT(2) 
PARAMETRIC_REPRESENTATION_CONTEXT() REPRESENTATION_CONTEXT('2D SPACE',''
  ) );
#1370 = PCURVE('',#842,#1371);
#1371 = DEFINITIONAL_REPRESENTATION('',(#1372),#1376);
#1372 = LINE('',#1373,#1374);
#1373 = CARTESIAN_POINT('',(47.665589545346,-33.69796902049));
#1374 = VECTOR('',#1375,1.);
#1375 = DIRECTION('',(6.086257045056E-02,0.998146155389));
#1376 = ( GEOMETRIC_REPRESENTATION_CONTEXT(2) 
PARAMETRIC_REPRESENTATION_CONTEXT() REPRESENTATION_CONTEXT('2D SPACE',''
  ) );
#1377 = ORIENTED_EDGE('',*,*,#1378,.T.);
#1378 = EDGE_CURVE('',#1356,#1379,#1381,.T.);
#1379 = VERTEX_POINT('',#1380);
#1380 = CARTESIAN_POINT('',(-33.,-2.25,126.));
#1381 = SURFACE_CURVE('',#1382,(#1386,#1393),.PCURVE_S1.);
#1382 = LINE('',#1383,#1384);
#1383 = CARTESIAN_POINT('',(-33.,2.25,126.));
#1384 = VECTOR('',#1385,1.);
#1385 = DIRECTION('',(-1.224646799147E-16,-1.,0.));
#1386 = PCURVE('',#759,#1387);
#1387 = DEFINITIONAL_REPRESENTATION('',(#1388),#1392);
#1388 = LINE('',#1389,#1390);
#1389 = CARTESIAN_POINT('',(0.,0.));
#1390 = VECTOR('',#1391,1.);
#1391 = DIRECTION('',(2.629469696183E-33,-1.));
#1392 = ( GEOMETRIC_REPRESENTATION_CONTEXT(2) 
PARAMETRIC_REPRESENTATION_CONTEXT() REPRESENTATION_CONTEXT('2D SPACE',''
  ) );
#1393 = PCURVE('',#1394,#1399);
#1394 = PLANE('',#1395);
#1395 = AXIS2_PLACEMENT_3D('',#1396,#1397,#1398);
#1396 = CARTESIAN_POINT('',(-33.,2.25,6.));
#1397 = DIRECTION('',(-1.,1.224646799147E-16,0.));
#1398 = DIRECTION('',(0.,0.,1.));
#1399 = DEFINITIONAL_REPRESENTATION('',(#1400),#1404);
#1400 = LINE('',#1401,#1402);
#1401 = CARTESIAN_POINT('',(120.,0.));
#1402 = VECTOR('',#1403,1.);
#1403 = DIRECTION('',(0.,-1.));
#1404 = ( GEOMETRIC_REPRESENTATION_CONTEXT(2) 
PARAMETRIC_REPRESENTATION_CONTEXT() REPRESENTATION_CONTEXT('2D SPACE',''
  ) );
#1405 = ORIENTED_EDGE('',*,*,#1406,.T.);
#1406 = EDGE_CURVE('',#1379,#738,#1407,.T.);
#1407 = SURFACE_CURVE('',#1408,(#1412,#1419),.PCURVE_S1.);
#1408 = LINE('',#1409,#1410);
#1409 = CARTESIAN_POINT('',(-33.,-2.25,126.));
#1410 = VECTOR('',#1411,1.);
#1411 = DIRECTION('',(-0.998146155389,1.222376494279E-16,
    6.086257045056E-02));
#1412 = PCURVE('',#759,#1413);
#1413 = DEFINITIONAL_REPRESENTATION('',(#1414),#1418);
#1414 = LINE('',#1415,#1416);
#1415 = CARTESIAN_POINT('',(-5.500694224254E-16,-4.5));
#1416 = VECTOR('',#1417,1.);
#1417 = DIRECTION('',(1.,-2.646425812915E-33));
#1418 = ( GEOMETRIC_REPRESENTATION_CONTEXT(2) 
PARAMETRIC_REPRESENTATION_CONTEXT() REPRESENTATION_CONTEXT('2D SPACE',''
  ) );
#1419 = PCURVE('',#786,#1420);
#1420 = DEFINITIONAL_REPRESENTATION('',(#1421),#1425);
#1421 = LINE('',#1422,#1423);
#1422 = CARTESIAN_POINT('',(47.665589545346,-33.69796902049));
#1423 = VECTOR('',#1424,1.);
#1424 = DIRECTION('',(6.086257045056E-02,0.998146155389));
#1425 = ( GEOMETRIC_REPRESENTATION_CONTEXT(2) 
PARAMETRIC_REPRESENTATION_CONTEXT() REPRESENTATION_CONTEXT('2D SPACE',''
  ) );
#1426 = ORIENTED_EDGE('',*,*,#737,.T.);
#1427 = ADVANCED_FACE('',(#1428),#786,.T.);
#1428 = FACE_BOUND('',#1429,.T.);
#1429 = EDGE_LOOP('',(#1430,#1453,#1474,#1475));
#1430 = ORIENTED_EDGE('',*,*,#1431,.T.);
#1431 = EDGE_CURVE('',#772,#1432,#1434,.T.);
#1432 = VERTEX_POINT('',#1433);
#1433 = CARTESIAN_POINT('',(-33.,-2.25,6.));
#1434 = SURFACE_CURVE('',#1435,(#1439,#1446),.PCURVE_S1.);
#1435 = LINE('',#1436,#1437);
#1436 = CARTESIAN_POINT('',(-115.,-2.25,76.));
#1437 = VECTOR('',#1438,1.);
#1438 = DIRECTION('',(0.760564502202,-9.314228831667E-17,-0.649262379928
    ));
#1439 = PCURVE('',#786,#1440);
#1440 = DEFINITIONAL_REPRESENTATION('',(#1441),#1445);
#1441 = LINE('',#1442,#1443);
#1442 = CARTESIAN_POINT('',(-2.334410454654,48.302030979502));
#1443 = VECTOR('',#1444,1.);
#1444 = DIRECTION('',(-0.649262379928,-0.760564502202));
#1445 = ( GEOMETRIC_REPRESENTATION_CONTEXT(2) 
PARAMETRIC_REPRESENTATION_CONTEXT() REPRESENTATION_CONTEXT('2D SPACE',''
  ) );
#1446 = PCURVE('',#817,#1447);
#1447 = DEFINITIONAL_REPRESENTATION('',(#1448),#1452);
#1448 = LINE('',#1449,#1450);
#1449 = CARTESIAN_POINT('',(4.19140297425E-16,-4.5));
#1450 = VECTOR('',#1451,1.);
#1451 = DIRECTION('',(1.,-5.47881547025E-33));
#1452 = ( GEOMETRIC_REPRESENTATION_CONTEXT(2) 
PARAMETRIC_REPRESENTATION_CONTEXT() REPRESENTATION_CONTEXT('2D SPACE',''
  ) );
#1453 = ORIENTED_EDGE('',*,*,#1454,.T.);
#1454 = EDGE_CURVE('',#1432,#1379,#1455,.T.);
#1455 = SURFACE_CURVE('',#1456,(#1460,#1467),.PCURVE_S1.);
#1456 = LINE('',#1457,#1458);
#1457 = CARTESIAN_POINT('',(-33.,-2.25,6.));
#1458 = VECTOR('',#1459,1.);
#1459 = DIRECTION('',(0.,0.,1.));
#1460 = PCURVE('',#786,#1461);
#1461 = DEFINITIONAL_REPRESENTATION('',(#1462),#1466);
#1462 = LINE('',#1463,#1464);
#1463 = CARTESIAN_POINT('',(-72.33441045465,-33.69796902049));
#1464 = VECTOR('',#1465,1.);
#1465 = DIRECTION('',(1.,0.));
#1466 = ( GEOMETRIC_REPRESENTATION_CONTEXT(2) 
PARAMETRIC_REPRESENTATION_CONTEXT() REPRESENTATION_CONTEXT('2D SPACE',''
  ) );
#1467 = PCURVE('',#1394,#1468);
#1468 = DEFINITIONAL_REPRESENTATION('',(#1469),#1473);
#1469 = LINE('',#1470,#1471);
#1470 = CARTESIAN_POINT('',(0.,-4.5));
#1471 = VECTOR('',#1472,1.);
#1472 = DIRECTION('',(1.,0.));
#1473 = ( GEOMETRIC_REPRESENTATION_CONTEXT(2) 
PARAMETRIC_REPRESENTATION_CONTEXT() REPRESENTATION_CONTEXT('2D SPACE',''
  ) );
#1474 = ORIENTED_EDGE('',*,*,#1406,.T.);
#1475 = ORIENTED_EDGE('',*,*,#771,.F.);
#1476 = ADVANCED_FACE('',(#1477),#842,.F.);
#1477 = FACE_BOUND('',#1478,.F.);
#1478 = EDGE_LOOP('',(#1479,#1502,#1523,#1524));
#1479 = ORIENTED_EDGE('',*,*,#1480,.T.);
#1480 = EDGE_CURVE('',#798,#1481,#1483,.T.);
#1481 = VERTEX_POINT('',#1482);
#1482 = CARTESIAN_POINT('',(-33.,2.25,6.));
#1483 = SURFACE_CURVE('',#1484,(#1488,#1495),.PCURVE_S1.);
#1484 = LINE('',#1485,#1486);
#1485 = CARTESIAN_POINT('',(-115.,2.25,76.));
#1486 = VECTOR('',#1487,1.);
#1487 = DIRECTION('',(0.760564502202,-9.314228831667E-17,-0.649262379928
    ));
#1488 = PCURVE('',#842,#1489);
#1489 = DEFINITIONAL_REPRESENTATION('',(#1490),#1494);
#1490 = LINE('',#1491,#1492);
#1491 = CARTESIAN_POINT('',(-2.334410454654,48.302030979502));
#1492 = VECTOR('',#1493,1.);
#1493 = DIRECTION('',(-0.649262379928,-0.760564502202));
#1494 = ( GEOMETRIC_REPRESENTATION_CONTEXT(2) 
PARAMETRIC_REPRESENTATION_CONTEXT() REPRESENTATION_CONTEXT('2D SPACE',''
  ) );
#1495 = PCURVE('',#817,#1496);
#1496 = DEFINITIONAL_REPRESENTATION('',(#1497),#1501);
#1497 = LINE('',#1498,#1499);
#1498 = CARTESIAN_POINT('',(0.,0.));
#1499 = VECTOR('',#1500,1.);
#1500 = DIRECTION('',(1.,-5.47881547025E-33));
#1501 = ( GEOMETRIC_REPRESENTATION_CONTEXT(2) 
PARAMETRIC_REPRESENTATION_CONTEXT() REPRESENTATION_CONTEXT('2D SPACE',''
  ) );
#1502 = ORIENTED_EDGE('',*,*,#1503,.T.);
#1503 = EDGE_CURVE('',#1481,#1356,#1504,.T.);
#1504 = SURFACE_CURVE('',#1505,(#1509,#1516),.PCURVE_S1.);
#1505 = LINE('',#1506,#1507);
#1506 = CARTESIAN_POINT('',(-33.,2.25,6.));
#1507 = VECTOR('',#1508,1.);
#1508 = DIRECTION('',(0.,0.,1.));
#1509 = PCURVE('',#842,#1510);
#1510 = DEFINITIONAL_REPRESENTATION('',(#1511),#1515);
#1511 = LINE('',#1512,#1513);
#1512 = CARTESIAN_POINT('',(-72.33441045465,-33.69796902049));
#1513 = VECTOR('',#1514,1.);
#1514 = DIRECTION('',(1.,0.));
#1515 = ( GEOMETRIC_REPRESENTATION_CONTEXT(2) 
PARAMETRIC_REPRESENTATION_CONTEXT() REPRESENTATION_CONTEXT('2D SPACE',''
  ) );
#1516 = PCURVE('',#1394,#1517);
#1517 = DEFINITIONAL_REPRESENTATION('',(#1518),#1522);
#1518 = LINE('',#1519,#1520);
#1519 = CARTESIAN_POINT('',(0.,0.));
#1520 = VECTOR('',#1521,1.);
#1521 = DIRECTION('',(1.,0.));
#1522 = ( GEOMETRIC_REPRESENTATION_CONTEXT(2) 
PARAMETRIC_REPRESENTATION_CONTEXT() REPRESENTATION_CONTEXT('2D SPACE',''
  ) );
#1523 = ORIENTED_EDGE('',*,*,#1355,.T.);
#1524 = ORIENTED_EDGE('',*,*,#829,.F.);
#1525 = ADVANCED_FACE('',(#1526),#817,.F.);
#1526 = FACE_BOUND('',#1527,.F.);
#1527 = EDGE_LOOP('',(#1528,#1529,#1530,#1531));
#1528 = ORIENTED_EDGE('',*,*,#1480,.F.);
#1529 = ORIENTED_EDGE('',*,*,#797,.T.);
#1530 = ORIENTED_EDGE('',*,*,#1431,.T.);
#1531 = ORIENTED_EDGE('',*,*,#1532,.F.);
#1532 = EDGE_CURVE('',#1481,#1432,#1533,.T.);
#1533 = SURFACE_CURVE('',#1534,(#1538,#1545),.PCURVE_S1.);
#1534 = LINE('',#1535,#1536);
#1535 = CARTESIAN_POINT('',(-33.,2.25,6.));
#1536 = VECTOR('',#1537,1.);
#1537 = DIRECTION('',(-1.224646799147E-16,-1.,0.));
#1538 = PCURVE('',#817,#1539);
#1539 = DEFINITIONAL_REPRESENTATION('',(#1540),#1544);
#1540 = LINE('',#1541,#1542);
#1541 = CARTESIAN_POINT('',(107.81465577554,-1.719480735431E-16));
#1542 = VECTOR('',#1543,1.);
#1543 = DIRECTION('',(6.355925380812E-33,-1.));
#1544 = ( GEOMETRIC_REPRESENTATION_CONTEXT(2) 
PARAMETRIC_REPRESENTATION_CONTEXT() REPRESENTATION_CONTEXT('2D SPACE',''
  ) );
#1545 = PCURVE('',#1394,#1546);
#1546 = DEFINITIONAL_REPRESENTATION('',(#1547),#1551);
#1547 = LINE('',#1548,#1549);
#1548 = CARTESIAN_POINT('',(0.,0.));
#1549 = VECTOR('',#1550,1.);
#1550 = DIRECTION('',(0.,-1.));
#1551 = ( GEOMETRIC_REPRESENTATION_CONTEXT(2) 
PARAMETRIC_REPRESENTATION_CONTEXT() REPRESENTATION_CONTEXT('2D SPACE',''
  ) );
#1552 = ADVANCED_FACE('',(#1553),#901,.F.);
#1553 = FACE_BOUND('',#1554,.F.);
#1554 = EDGE_LOOP('',(#1555,#1556,#1557,#1558));
#1555 = ORIENTED_EDGE('',*,*,#1014,.T.);
#1556 = ORIENTED_EDGE('',*,*,#1074,.T.);
#1557 = ORIENTED_EDGE('',*,*,#885,.F.);
#1558 = ORIENTED_EDGE('',*,*,#962,.F.);
#1559 = ADVANCED_FACE('',(#1560,#1805,#1923,#2041),#1055,.T.);
#1560 = FACE_BOUND('',#1561,.T.);
#1561 = EDGE_LOOP('',(#1562,#1596,#1619,#1645,#1646,#1673,#1699,#1731,
    #1752,#1753,#1754,#1781));
#1562 = ORIENTED_EDGE('',*,*,#1563,.F.);
#1563 = EDGE_CURVE('',#1564,#1566,#1568,.T.);
#1564 = VERTEX_POINT('',#1565);
#1565 = CARTESIAN_POINT('',(42.,-1.028703311284E-14,126.5487804878));
#1566 = VERTEX_POINT('',#1567);
#1567 = CARTESIAN_POINT('',(41.939688840047,-2.25,126.54510297805));
#1568 = SURFACE_CURVE('',#1569,(#1574,#1584),.PCURVE_S1.);
#1569 = ELLIPSE('',#1570,42.078006084815,42.);
#1570 = AXIS2_PLACEMENT_3D('',#1571,#1572,#1573);
#1571 = CARTESIAN_POINT('',(0.,0.,123.98780487804));
#1572 = DIRECTION('',(6.086257045056E-02,0.,-0.998146155389));
#1573 = DIRECTION('',(0.998146155389,0.,6.086257045056E-02));
#1574 = PCURVE('',#1055,#1575);
#1575 = DEFINITIONAL_REPRESENTATION('',(#1576),#1583);
#1576 = B_SPLINE_CURVE_WITH_KNOTS('',5,(#1577,#1578,#1579,#1580,#1581,
    #1582),.UNSPECIFIED.,.F.,.F.,(6,6),(6.804340626802E-18,
    6.433007525882E-02),.PIECEWISE_BEZIER_KNOTS.);
#1577 = CARTESIAN_POINT('',(6.28318530718,126.5487804878));
#1578 = CARTESIAN_POINT('',(6.270319292128,126.5487804878));
#1579 = CARTESIAN_POINT('',(6.257453277076,126.54825057604));
#1580 = CARTESIAN_POINT('',(6.244587262024,126.54719075247));
#1581 = CARTESIAN_POINT('',(6.231721246973,126.54560138273));
#1582 = CARTESIAN_POINT('',(6.218855231921,126.54348319732));
#1583 = ( GEOMETRIC_REPRESENTATION_CONTEXT(2) 
PARAMETRIC_REPRESENTATION_CONTEXT() REPRESENTATION_CONTEXT('2D SPACE',''
  ) );
#1584 = PCURVE('',#1585,#1590);
#1585 = PLANE('',#1586);
#1586 = AXIS2_PLACEMENT_3D('',#1587,#1588,#1589);
#1587 = CARTESIAN_POINT('',(33.,-2.25,126.));
#1588 = DIRECTION('',(6.086257045056E-02,0.,-0.998146155389));
#1589 = DIRECTION('',(0.998146155389,0.,6.086257045056E-02));
#1590 = DEFINITIONAL_REPRESENTATION('',(#1591),#1595);
#1591 = ELLIPSE('',#1592,42.078006084815,42.);
#1592 = AXIS2_PLACEMENT_2D('',#1593,#1594);
#1593 = CARTESIAN_POINT('',(-33.06129049521,-2.25));
#1594 = DIRECTION('',(1.,0.));
#1595 = ( GEOMETRIC_REPRESENTATION_CONTEXT(2) 
PARAMETRIC_REPRESENTATION_CONTEXT() REPRESENTATION_CONTEXT('2D SPACE',''
  ) );
#1596 = ORIENTED_EDGE('',*,*,#1597,.T.);
#1597 = EDGE_CURVE('',#1564,#1598,#1600,.T.);
#1598 = VERTEX_POINT('',#1599);
#1599 = CARTESIAN_POINT('',(42.,-1.028703311284E-14,244.));
#1600 = SEAM_CURVE('',#1601,(#1605,#1612),.PCURVE_S1.);
#1601 = LINE('',#1602,#1603);
#1602 = CARTESIAN_POINT('',(42.,-1.028703311284E-14,0.));
#1603 = VECTOR('',#1604,1.);
#1604 = DIRECTION('',(0.,0.,1.));
#1605 = PCURVE('',#1055,#1606);
#1606 = DEFINITIONAL_REPRESENTATION('',(#1607),#1611);
#1607 = LINE('',#1608,#1609);
#1608 = CARTESIAN_POINT('',(0.,-0.));
#1609 = VECTOR('',#1610,1.);
#1610 = DIRECTION('',(0.,1.));
#1611 = ( GEOMETRIC_REPRESENTATION_CONTEXT(2) 
PARAMETRIC_REPRESENTATION_CONTEXT() REPRESENTATION_CONTEXT('2D SPACE',''
  ) );
#1612 = PCURVE('',#1055,#1613);
#1613 = DEFINITIONAL_REPRESENTATION('',(#1614),#1618);
#1614 = LINE('',#1615,#1616);
#1615 = CARTESIAN_POINT('',(6.28318530718,-0.));
#1616 = VECTOR('',#1617,1.);
#1617 = DIRECTION('',(0.,1.));
#1618 = ( GEOMETRIC_REPRESENTATION_CONTEXT(2) 
PARAMETRIC_REPRESENTATION_CONTEXT() REPRESENTATION_CONTEXT('2D SPACE',''
  ) );
#1619 = ORIENTED_EDGE('',*,*,#1620,.F.);
#1620 = EDGE_CURVE('',#1598,#1598,#1621,.T.);
#1621 = SURFACE_CURVE('',#1622,(#1627,#1634),.PCURVE_S1.);
#1622 = CIRCLE('',#1623,42.);
#1623 = AXIS2_PLACEMENT_3D('',#1624,#1625,#1626);
#1624 = CARTESIAN_POINT('',(0.,0.,244.));
#1625 = DIRECTION('',(0.,0.,1.));
#1626 = DIRECTION('',(1.,0.,-0.));
#1627 = PCURVE('',#1055,#1628);
#1628 = DEFINITIONAL_REPRESENTATION('',(#1629),#1633);
#1629 = LINE('',#1630,#1631);
#1630 = CARTESIAN_POINT('',(0.,244.));
#1631 = VECTOR('',#1632,1.);
#1632 = DIRECTION('',(1.,0.));
#1633 = ( GEOMETRIC_REPRESENTATION_CONTEXT(2) 
PARAMETRIC_REPRESENTATION_CONTEXT() REPRESENTATION_CONTEXT('2D SPACE',''
  ) );
#1634 = PCURVE('',#1635,#1640);
#1635 = CYLINDRICAL_SURFACE('',#1636,42.);
#1636 = AXIS2_PLACEMENT_3D('',#1637,#1638,#1639);
#1637 = CARTESIAN_POINT('',(0.,0.,244.));
#1638 = DIRECTION('',(0.,0.,1.));
#1639 = DIRECTION('',(1.,0.,-0.));
#1640 = DEFINITIONAL_REPRESENTATION('',(#1641),#1644);
#1641 = B_SPLINE_CURVE_WITH_KNOTS('',1,(#1642,#1643),.UNSPECIFIED.,.F.,
  .F.,(2,2),(0.,6.28318530718),.PIECEWISE_BEZIER_KNOTS.);
#1642 = CARTESIAN_POINT('',(0.,0.));
#1643 = CARTESIAN_POINT('',(6.28318530718,0.));
#1644 = ( GEOMETRIC_REPRESENTATION_CONTEXT(2) 
PARAMETRIC_REPRESENTATION_CONTEXT() REPRESENTATION_CONTEXT('2D SPACE',''
  ) );
#1645 = ORIENTED_EDGE('',*,*,#1597,.F.);
#1646 = ORIENTED_EDGE('',*,*,#1647,.F.);
#1647 = EDGE_CURVE('',#1648,#1564,#1650,.T.);
#1648 = VERTEX_POINT('',#1649);
#1649 = CARTESIAN_POINT('',(41.939688840047,2.25,126.54510297805));
#1650 = SURFACE_CURVE('',#1651,(#1656,#1666),.PCURVE_S1.);
#1651 = ELLIPSE('',#1652,42.078006084815,42.);
#1652 = AXIS2_PLACEMENT_3D('',#1653,#1654,#1655);
#1653 = CARTESIAN_POINT('',(0.,0.,123.98780487804));
#1654 = DIRECTION('',(6.086257045056E-02,0.,-0.998146155389));
#1655 = DIRECTION('',(0.998146155389,0.,6.086257045056E-02));
#1656 = PCURVE('',#1055,#1657);
#1657 = DEFINITIONAL_REPRESENTATION('',(#1658),#1665);
#1658 = B_SPLINE_CURVE_WITH_KNOTS('',5,(#1659,#1660,#1661,#1662,#1663,
    #1664),.UNSPECIFIED.,.F.,.F.,(6,6),(6.218855231921,6.28318530718),
  .PIECEWISE_BEZIER_KNOTS.);
#1659 = CARTESIAN_POINT('',(6.433007525882E-02,126.54348319732));
#1660 = CARTESIAN_POINT('',(5.146406020706E-02,126.54560138273));
#1661 = CARTESIAN_POINT('',(3.859804515529E-02,126.54719075247));
#1662 = CARTESIAN_POINT('',(2.573203010353E-02,126.54825057604));
#1663 = CARTESIAN_POINT('',(1.286601505176E-02,126.5487804878));
#1664 = CARTESIAN_POINT('',(2.449293598295E-16,126.5487804878));
#1665 = ( GEOMETRIC_REPRESENTATION_CONTEXT(2) 
PARAMETRIC_REPRESENTATION_CONTEXT() REPRESENTATION_CONTEXT('2D SPACE',''
  ) );
#1666 = PCURVE('',#1585,#1667);
#1667 = DEFINITIONAL_REPRESENTATION('',(#1668),#1672);
#1668 = ELLIPSE('',#1669,42.078006084815,42.);
#1669 = AXIS2_PLACEMENT_2D('',#1670,#1671);
#1670 = CARTESIAN_POINT('',(-33.06129049521,-2.25));
#1671 = DIRECTION('',(1.,0.));
#1672 = ( GEOMETRIC_REPRESENTATION_CONTEXT(2) 
PARAMETRIC_REPRESENTATION_CONTEXT() REPRESENTATION_CONTEXT('2D SPACE',''
  ) );
#1673 = ORIENTED_EDGE('',*,*,#1674,.F.);
#1674 = EDGE_CURVE('',#1675,#1648,#1677,.T.);
#1675 = VERTEX_POINT('',#1676);
#1676 = CARTESIAN_POINT('',(41.939688840047,2.25,13.631441692723));
#1677 = SURFACE_CURVE('',#1678,(#1682,#1688),.PCURVE_S1.);
#1678 = LINE('',#1679,#1680);
#1679 = CARTESIAN_POINT('',(41.939688840047,2.25,0.));
#1680 = VECTOR('',#1681,1.);
#1681 = DIRECTION('',(0.,0.,1.));
#1682 = PCURVE('',#1055,#1683);
#1683 = DEFINITIONAL_REPRESENTATION('',(#1684),#1687);
#1684 = B_SPLINE_CURVE_WITH_KNOTS('',1,(#1685,#1686),.UNSPECIFIED.,.F.,
  .F.,(2,2),(-6.E-07,143.5),.PIECEWISE_BEZIER_KNOTS.);
#1685 = CARTESIAN_POINT('',(5.359708580933E-02,-6.E-07));
#1686 = CARTESIAN_POINT('',(5.359708580933E-02,143.5));
#1687 = ( GEOMETRIC_REPRESENTATION_CONTEXT(2) 
PARAMETRIC_REPRESENTATION_CONTEXT() REPRESENTATION_CONTEXT('2D SPACE',''
  ) );
#1688 = PCURVE('',#1689,#1694);
#1689 = PLANE('',#1690);
#1690 = AXIS2_PLACEMENT_3D('',#1691,#1692,#1693);
#1691 = CARTESIAN_POINT('',(66.697969020498,2.25,78.334410454654));
#1692 = DIRECTION('',(0.,1.,0.));
#1693 = DIRECTION('',(0.,0.,1.));
#1694 = DEFINITIONAL_REPRESENTATION('',(#1695),#1698);
#1695 = B_SPLINE_CURVE_WITH_KNOTS('',1,(#1696,#1697),.UNSPECIFIED.,.F.,
  .F.,(2,2),(-6.E-07,143.5),.PIECEWISE_BEZIER_KNOTS.);
#1696 = CARTESIAN_POINT('',(-78.33441105465,-24.75828018045));
#1697 = CARTESIAN_POINT('',(65.165589545346,-24.75828018045));
#1698 = ( GEOMETRIC_REPRESENTATION_CONTEXT(2) 
PARAMETRIC_REPRESENTATION_CONTEXT() REPRESENTATION_CONTEXT('2D SPACE',''
  ) );
#1699 = ORIENTED_EDGE('',*,*,#1700,.F.);
#1700 = EDGE_CURVE('',#1701,#1675,#1703,.T.);
#1701 = VERTEX_POINT('',#1702);
#1702 = CARTESIAN_POINT('',(42.,-1.028703311284E-14,13.682926829268));
#1703 = SURFACE_CURVE('',#1704,(#1709,#1719),.PCURVE_S1.);
#1704 = ELLIPSE('',#1705,55.222140763086,42.);
#1705 = AXIS2_PLACEMENT_3D('',#1706,#1707,#1708);
#1706 = CARTESIAN_POINT('',(0.,0.,-22.17073170731));
#1707 = DIRECTION('',(-0.649262379928,0.,0.760564502202));
#1708 = DIRECTION('',(0.760564502202,0.,0.649262379928));
#1709 = PCURVE('',#1055,#1710);
#1710 = DEFINITIONAL_REPRESENTATION('',(#1711),#1718);
#1711 = B_SPLINE_CURVE_WITH_KNOTS('',5,(#1712,#1713,#1714,#1715,#1716,
    #1717),.UNSPECIFIED.,.F.,.F.,(6,6),(0.,6.433007525882E-02),
  .PIECEWISE_BEZIER_KNOTS.);
#1712 = CARTESIAN_POINT('',(0.,13.682926829268));
#1713 = CARTESIAN_POINT('',(1.286601505176E-02,13.682926829268));
#1714 = CARTESIAN_POINT('',(2.573203010353E-02,13.675508064569));
#1715 = CARTESIAN_POINT('',(3.859804515529E-02,13.660670534663));
#1716 = CARTESIAN_POINT('',(5.146406020705E-02,13.638419358233));
#1717 = CARTESIAN_POINT('',(6.433007525882E-02,13.608764762565));
#1718 = ( GEOMETRIC_REPRESENTATION_CONTEXT(2) 
PARAMETRIC_REPRESENTATION_CONTEXT() REPRESENTATION_CONTEXT('2D SPACE',''
  ) );
#1719 = PCURVE('',#1720,#1725);
#1720 = PLANE('',#1721);
#1721 = AXIS2_PLACEMENT_3D('',#1722,#1723,#1724);
#1722 = CARTESIAN_POINT('',(115.,-2.25,76.));
#1723 = DIRECTION('',(-0.649262379928,0.,0.760564502202));
#1724 = DIRECTION('',(-0.760564502202,0.,-0.649262379928));
#1725 = DEFINITIONAL_REPRESENTATION('',(#1726),#1730);
#1726 = ELLIPSE('',#1727,55.222140763086,42.);
#1727 = AXIS2_PLACEMENT_2D('',#1728,#1729);
#1728 = CARTESIAN_POINT('',(151.20348066083,-2.25));
#1729 = DIRECTION('',(-1.,0.));
#1730 = ( GEOMETRIC_REPRESENTATION_CONTEXT(2) 
PARAMETRIC_REPRESENTATION_CONTEXT() REPRESENTATION_CONTEXT('2D SPACE',''
  ) );
#1731 = ORIENTED_EDGE('',*,*,#1732,.F.);
#1732 = EDGE_CURVE('',#1039,#1701,#1733,.T.);
#1733 = SEAM_CURVE('',#1734,(#1738,#1745),.PCURVE_S1.);
#1734 = LINE('',#1735,#1736);
#1735 = CARTESIAN_POINT('',(42.,-1.028703311284E-14,0.));
#1736 = VECTOR('',#1737,1.);
#1737 = DIRECTION('',(0.,0.,1.));
#1738 = PCURVE('',#1055,#1739);
#1739 = DEFINITIONAL_REPRESENTATION('',(#1740),#1744);
#1740 = LINE('',#1741,#1742);
#1741 = CARTESIAN_POINT('',(6.28318530718,-0.));
#1742 = VECTOR('',#1743,1.);
#1743 = DIRECTION('',(0.,1.));
#1744 = ( GEOMETRIC_REPRESENTATION_CONTEXT(2) 
PARAMETRIC_REPRESENTATION_CONTEXT() REPRESENTATION_CONTEXT('2D SPACE',''
  ) );
#1745 = PCURVE('',#1055,#1746);
#1746 = DEFINITIONAL_REPRESENTATION('',(#1747),#1751);
#1747 = LINE('',#1748,#1749);
#1748 = CARTESIAN_POINT('',(0.,-0.));
#1749 = VECTOR('',#1750,1.);
#1750 = DIRECTION('',(0.,1.));
#1751 = ( GEOMETRIC_REPRESENTATION_CONTEXT(2) 
PARAMETRIC_REPRESENTATION_CONTEXT() REPRESENTATION_CONTEXT('2D SPACE',''
  ) );
#1752 = ORIENTED_EDGE('',*,*,#1038,.T.);
#1753 = ORIENTED_EDGE('',*,*,#1732,.T.);
#1754 = ORIENTED_EDGE('',*,*,#1755,.F.);
#1755 = EDGE_CURVE('',#1756,#1701,#1758,.T.);
#1756 = VERTEX_POINT('',#1757);
#1757 = CARTESIAN_POINT('',(41.939688840047,-2.25,13.631441692723));
#1758 = SURFACE_CURVE('',#1759,(#1764,#1774),.PCURVE_S1.);
#1759 = ELLIPSE('',#1760,55.222140763086,42.);
#1760 = AXIS2_PLACEMENT_3D('',#1761,#1762,#1763);
#1761 = CARTESIAN_POINT('',(0.,0.,-22.17073170731));
#1762 = DIRECTION('',(-0.649262379928,0.,0.760564502202));
#1763 = DIRECTION('',(0.760564502202,0.,0.649262379928));
#1764 = PCURVE('',#1055,#1765);
#1765 = DEFINITIONAL_REPRESENTATION('',(#1766),#1773);
#1766 = B_SPLINE_CURVE_WITH_KNOTS('',5,(#1767,#1768,#1769,#1770,#1771,
    #1772),.UNSPECIFIED.,.F.,.F.,(6,6),(6.218855231921,6.28318530718),
  .PIECEWISE_BEZIER_KNOTS.);
#1767 = CARTESIAN_POINT('',(6.218855231921,13.608764762565));
#1768 = CARTESIAN_POINT('',(6.231721246973,13.638419358233));
#1769 = CARTESIAN_POINT('',(6.244587262024,13.660670534663));
#1770 = CARTESIAN_POINT('',(6.257453277076,13.675508064569));
#1771 = CARTESIAN_POINT('',(6.270319292128,13.682926829268));
#1772 = CARTESIAN_POINT('',(6.28318530718,13.682926829268));
#1773 = ( GEOMETRIC_REPRESENTATION_CONTEXT(2) 
PARAMETRIC_REPRESENTATION_CONTEXT() REPRESENTATION_CONTEXT('2D SPACE',''
  ) );
#1774 = PCURVE('',#1720,#1775);
#1775 = DEFINITIONAL_REPRESENTATION('',(#1776),#1780);
#1776 = ELLIPSE('',#1777,55.222140763086,42.);
#1777 = AXIS2_PLACEMENT_2D('',#1778,#1779);
#1778 = CARTESIAN_POINT('',(151.20348066083,-2.25));
#1779 = DIRECTION('',(-1.,0.));
#1780 = ( GEOMETRIC_REPRESENTATION_CONTEXT(2) 
PARAMETRIC_REPRESENTATION_CONTEXT() REPRESENTATION_CONTEXT('2D SPACE',''
  ) );
#1781 = ORIENTED_EDGE('',*,*,#1782,.T.);
#1782 = EDGE_CURVE('',#1756,#1566,#1783,.T.);
#1783 = SURFACE_CURVE('',#1784,(#1788,#1794),.PCURVE_S1.);
#1784 = LINE('',#1785,#1786);
#1785 = CARTESIAN_POINT('',(41.939688840047,-2.25,0.));
#1786 = VECTOR('',#1787,1.);
#1787 = DIRECTION('',(0.,0.,1.));
#1788 = PCURVE('',#1055,#1789);
#1789 = DEFINITIONAL_REPRESENTATION('',(#1790),#1793);
#1790 = B_SPLINE_CURVE_WITH_KNOTS('',1,(#1791,#1792),.UNSPECIFIED.,.F.,
  .F.,(2,2),(-6.E-07,143.5),.PIECEWISE_BEZIER_KNOTS.);
#1791 = CARTESIAN_POINT('',(6.22958822137,-6.E-07));
#1792 = CARTESIAN_POINT('',(6.22958822137,143.5));
#1793 = ( GEOMETRIC_REPRESENTATION_CONTEXT(2) 
PARAMETRIC_REPRESENTATION_CONTEXT() REPRESENTATION_CONTEXT('2D SPACE',''
  ) );
#1794 = PCURVE('',#1795,#1800);
#1795 = PLANE('',#1796);
#1796 = AXIS2_PLACEMENT_3D('',#1797,#1798,#1799);
#1797 = CARTESIAN_POINT('',(66.697969020498,-2.25,78.334410454654));
#1798 = DIRECTION('',(0.,1.,0.));
#1799 = DIRECTION('',(0.,0.,1.));
#1800 = DEFINITIONAL_REPRESENTATION('',(#1801),#1804);
#1801 = B_SPLINE_CURVE_WITH_KNOTS('',1,(#1802,#1803),.UNSPECIFIED.,.F.,
  .F.,(2,2),(-6.E-07,143.5),.PIECEWISE_BEZIER_KNOTS.);
#1802 = CARTESIAN_POINT('',(-78.33441105465,-24.75828018045));
#1803 = CARTESIAN_POINT('',(65.165589545346,-24.75828018045));
#1804 = ( GEOMETRIC_REPRESENTATION_CONTEXT(2) 
PARAMETRIC_REPRESENTATION_CONTEXT() REPRESENTATION_CONTEXT('2D SPACE',''
  ) );
#1805 = FACE_BOUND('',#1806,.T.);
#1806 = EDGE_LOOP('',(#1807,#1841,#1867,#1899));
#1807 = ORIENTED_EDGE('',*,*,#1808,.F.);
#1808 = EDGE_CURVE('',#1809,#1811,#1813,.T.);
#1809 = VERTEX_POINT('',#1810);
#1810 = CARTESIAN_POINT('',(-2.25,41.939688840047,126.54510297805));
#1811 = VERTEX_POINT('',#1812);
#1812 = CARTESIAN_POINT('',(2.25,41.939688840047,126.54510297805));
#1813 = SURFACE_CURVE('',#1814,(#1819,#1829),.PCURVE_S1.);
#1814 = ELLIPSE('',#1815,42.078006084815,42.);
#1815 = AXIS2_PLACEMENT_3D('',#1816,#1817,#1818);
#1816 = CARTESIAN_POINT('',(0.,0.,123.98780487804));
#1817 = DIRECTION('',(6.757102705208E-18,6.086257045056E-02,
    -0.998146155389));
#1818 = DIRECTION('',(1.108164843654E-16,0.998146155389,
    6.086257045056E-02));
#1819 = PCURVE('',#1055,#1820);
#1820 = DEFINITIONAL_REPRESENTATION('',(#1821),#1828);
#1821 = B_SPLINE_CURVE_WITH_KNOTS('',5,(#1822,#1823,#1824,#1825,#1826,
    #1827),.UNSPECIFIED.,.F.,.F.,(6,6),(6.218855231921,6.347515382438),
  .PIECEWISE_BEZIER_KNOTS.);
#1822 = CARTESIAN_POINT('',(1.635126402054,126.54348319732));
#1823 = CARTESIAN_POINT('',(1.60939437195,126.54771956813));
#1824 = CARTESIAN_POINT('',(1.583662341847,126.54984067663));
#1825 = CARTESIAN_POINT('',(1.557930311743,126.54984067663));
#1826 = CARTESIAN_POINT('',(1.53219828164,126.54771956813));
#1827 = CARTESIAN_POINT('',(1.506466251536,126.54348319732));
#1828 = ( GEOMETRIC_REPRESENTATION_CONTEXT(2) 
PARAMETRIC_REPRESENTATION_CONTEXT() REPRESENTATION_CONTEXT('2D SPACE',''
  ) );
#1829 = PCURVE('',#1830,#1835);
#1830 = PLANE('',#1831);
#1831 = AXIS2_PLACEMENT_3D('',#1832,#1833,#1834);
#1832 = CARTESIAN_POINT('',(2.25,33.,126.));
#1833 = DIRECTION('',(6.757102705208E-18,6.086257045056E-02,
    -0.998146155389));
#1834 = DIRECTION('',(1.108164843654E-16,0.998146155389,
    6.086257045056E-02));
#1835 = DEFINITIONAL_REPRESENTATION('',(#1836),#1840);
#1836 = ELLIPSE('',#1837,42.078006084815,42.);
#1837 = AXIS2_PLACEMENT_2D('',#1838,#1839);
#1838 = CARTESIAN_POINT('',(-33.06129049521,-2.25));
#1839 = DIRECTION('',(1.,0.));
#1840 = ( GEOMETRIC_REPRESENTATION_CONTEXT(2) 
PARAMETRIC_REPRESENTATION_CONTEXT() REPRESENTATION_CONTEXT('2D SPACE',''
  ) );
#1841 = ORIENTED_EDGE('',*,*,#1842,.F.);
#1842 = EDGE_CURVE('',#1843,#1809,#1845,.T.);
#1843 = VERTEX_POINT('',#1844);
#1844 = CARTESIAN_POINT('',(-2.25,41.939688840047,13.631441692723));
#1845 = SURFACE_CURVE('',#1846,(#1850,#1856),.PCURVE_S1.);
#1846 = LINE('',#1847,#1848);
#1847 = CARTESIAN_POINT('',(-2.25,41.939688840047,0.));
#1848 = VECTOR('',#1849,1.);
#1849 = DIRECTION('',(0.,0.,1.));
#1850 = PCURVE('',#1055,#1851);
#1851 = DEFINITIONAL_REPRESENTATION('',(#1852),#1855);
#1852 = B_SPLINE_CURVE_WITH_KNOTS('',1,(#1853,#1854),.UNSPECIFIED.,.F.,
  .F.,(2,2),(-6.E-07,143.5),.PIECEWISE_BEZIER_KNOTS.);
#1853 = CARTESIAN_POINT('',(1.624393412604,-6.E-07));
#1854 = CARTESIAN_POINT('',(1.624393412604,143.5));
#1855 = ( GEOMETRIC_REPRESENTATION_CONTEXT(2) 
PARAMETRIC_REPRESENTATION_CONTEXT() REPRESENTATION_CONTEXT('2D SPACE',''
  ) );
#1856 = PCURVE('',#1857,#1862);
#1857 = PLANE('',#1858);
#1858 = AXIS2_PLACEMENT_3D('',#1859,#1860,#1861);
#1859 = CARTESIAN_POINT('',(-2.25,66.697969020498,78.334410454654));
#1860 = DIRECTION('',(-1.,1.110223024625E-16,0.));
#1861 = DIRECTION('',(0.,0.,1.));
#1862 = DEFINITIONAL_REPRESENTATION('',(#1863),#1866);
#1863 = B_SPLINE_CURVE_WITH_KNOTS('',1,(#1864,#1865),.UNSPECIFIED.,.F.,
  .F.,(2,2),(-6.E-07,143.5),.PIECEWISE_BEZIER_KNOTS.);
#1864 = CARTESIAN_POINT('',(-78.33441105465,-24.75828018045));
#1865 = CARTESIAN_POINT('',(65.165589545346,-24.75828018045));
#1866 = ( GEOMETRIC_REPRESENTATION_CONTEXT(2) 
PARAMETRIC_REPRESENTATION_CONTEXT() REPRESENTATION_CONTEXT('2D SPACE',''
  ) );
#1867 = ORIENTED_EDGE('',*,*,#1868,.F.);
#1868 = EDGE_CURVE('',#1869,#1843,#1871,.T.);
#1869 = VERTEX_POINT('',#1870);
#1870 = CARTESIAN_POINT('',(2.25,41.939688840047,13.631441692723));
#1871 = SURFACE_CURVE('',#1872,(#1877,#1887),.PCURVE_S1.);
#1872 = ELLIPSE('',#1873,55.222140763086,42.);
#1873 = AXIS2_PLACEMENT_3D('',#1874,#1875,#1876);
#1874 = CARTESIAN_POINT('',(0.,0.,-22.17073170731));
#1875 = DIRECTION('',(-7.208260432195E-17,-0.649262379928,0.760564502202
    ));
#1876 = DIRECTION('',(8.443962220571E-17,0.760564502202,0.649262379928)
  );
#1877 = PCURVE('',#1055,#1878);
#1878 = DEFINITIONAL_REPRESENTATION('',(#1879),#1886);
#1879 = B_SPLINE_CURVE_WITH_KNOTS('',5,(#1880,#1881,#1882,#1883,#1884,
    #1885),.UNSPECIFIED.,.F.,.F.,(6,6),(6.218855231921,6.347515382438),
  .PIECEWISE_BEZIER_KNOTS.);
#1880 = CARTESIAN_POINT('',(1.506466251536,13.608764762565));
#1881 = CARTESIAN_POINT('',(1.53219828164,13.668073953901));
#1882 = CARTESIAN_POINT('',(1.557930311743,13.69776947292));
#1883 = CARTESIAN_POINT('',(1.583662341847,13.69776947292));
#1884 = CARTESIAN_POINT('',(1.60939437195,13.668073953901));
#1885 = CARTESIAN_POINT('',(1.635126402054,13.608764762565));
#1886 = ( GEOMETRIC_REPRESENTATION_CONTEXT(2) 
PARAMETRIC_REPRESENTATION_CONTEXT() REPRESENTATION_CONTEXT('2D SPACE',''
  ) );
#1887 = PCURVE('',#1888,#1893);
#1888 = PLANE('',#1889);
#1889 = AXIS2_PLACEMENT_3D('',#1890,#1891,#1892);
#1890 = CARTESIAN_POINT('',(2.25,115.,76.));
#1891 = DIRECTION('',(-7.208260432195E-17,-0.649262379928,0.760564502202
    ));
#1892 = DIRECTION('',(-8.443962220571E-17,-0.760564502202,
    -0.649262379928));
#1893 = DEFINITIONAL_REPRESENTATION('',(#1894),#1898);
#1894 = ELLIPSE('',#1895,55.222140763086,42.);
#1895 = AXIS2_PLACEMENT_2D('',#1896,#1897);
#1896 = CARTESIAN_POINT('',(151.20348066083,-2.25));
#1897 = DIRECTION('',(-1.,0.));
#1898 = ( GEOMETRIC_REPRESENTATION_CONTEXT(2) 
PARAMETRIC_REPRESENTATION_CONTEXT() REPRESENTATION_CONTEXT('2D SPACE',''
  ) );
#1899 = ORIENTED_EDGE('',*,*,#1900,.T.);
#1900 = EDGE_CURVE('',#1869,#1811,#1901,.T.);
#1901 = SURFACE_CURVE('',#1902,(#1906,#1912),.PCURVE_S1.);
#1902 = LINE('',#1903,#1904);
#1903 = CARTESIAN_POINT('',(2.25,41.939688840047,0.));
#1904 = VECTOR('',#1905,1.);
#1905 = DIRECTION('',(0.,0.,1.));
#1906 = PCURVE('',#1055,#1907);
#1907 = DEFINITIONAL_REPRESENTATION('',(#1908),#1911);
#1908 = B_SPLINE_CURVE_WITH_KNOTS('',1,(#1909,#1910),.UNSPECIFIED.,.F.,
  .F.,(2,2),(-6.E-07,143.5),.PIECEWISE_BEZIER_KNOTS.);
#1909 = CARTESIAN_POINT('',(1.517199240986,-6.E-07));
#1910 = CARTESIAN_POINT('',(1.517199240986,143.5));
#1911 = ( GEOMETRIC_REPRESENTATION_CONTEXT(2) 
PARAMETRIC_REPRESENTATION_CONTEXT() REPRESENTATION_CONTEXT('2D SPACE',''
  ) );
#1912 = PCURVE('',#1913,#1918);
#1913 = PLANE('',#1914);
#1914 = AXIS2_PLACEMENT_3D('',#1915,#1916,#1917);
#1915 = CARTESIAN_POINT('',(2.25,66.697969020498,78.334410454654));
#1916 = DIRECTION('',(-1.,1.110223024625E-16,0.));
#1917 = DIRECTION('',(0.,0.,1.));
#1918 = DEFINITIONAL_REPRESENTATION('',(#1919),#1922);
#1919 = B_SPLINE_CURVE_WITH_KNOTS('',1,(#1920,#1921),.UNSPECIFIED.,.F.,
  .F.,(2,2),(-6.E-07,143.5),.PIECEWISE_BEZIER_KNOTS.);
#1920 = CARTESIAN_POINT('',(-78.33441105465,-24.75828018045));
#1921 = CARTESIAN_POINT('',(65.165589545346,-24.75828018045));
#1922 = ( GEOMETRIC_REPRESENTATION_CONTEXT(2) 
PARAMETRIC_REPRESENTATION_CONTEXT() REPRESENTATION_CONTEXT('2D SPACE',''
  ) );
#1923 = FACE_BOUND('',#1924,.T.);
#1924 = EDGE_LOOP('',(#1925,#1959,#1985,#2017));
#1925 = ORIENTED_EDGE('',*,*,#1926,.F.);
#1926 = EDGE_CURVE('',#1927,#1929,#1931,.T.);
#1927 = VERTEX_POINT('',#1928);
#1928 = CARTESIAN_POINT('',(-41.93968884004,-2.25,126.54510297805));
#1929 = VERTEX_POINT('',#1930);
#1930 = CARTESIAN_POINT('',(-41.93968884004,2.25,126.54510297805));
#1931 = SURFACE_CURVE('',#1932,(#1937,#1947),.PCURVE_S1.);
#1932 = ELLIPSE('',#1933,42.078006084815,42.);
#1933 = AXIS2_PLACEMENT_3D('',#1934,#1935,#1936);
#1934 = CARTESIAN_POINT('',(0.,0.,123.98780487804));
#1935 = DIRECTION('',(-6.086257045056E-02,7.453515209016E-18,
    -0.998146155389));
#1936 = DIRECTION('',(-0.998146155389,1.222376494279E-16,
    6.086257045056E-02));
#1937 = PCURVE('',#1055,#1938);
#1938 = DEFINITIONAL_REPRESENTATION('',(#1939),#1946);
#1939 = B_SPLINE_CURVE_WITH_KNOTS('',5,(#1940,#1941,#1942,#1943,#1944,
    #1945),.UNSPECIFIED.,.F.,.F.,(6,6),(6.218855231921,6.347515382438),
  .PIECEWISE_BEZIER_KNOTS.);
#1940 = CARTESIAN_POINT('',(3.205922728849,126.54348319732));
#1941 = CARTESIAN_POINT('',(3.180190698745,126.54771956813));
#1942 = CARTESIAN_POINT('',(3.154458668642,126.54984067663));
#1943 = CARTESIAN_POINT('',(3.128726638538,126.54984067663));
#1944 = CARTESIAN_POINT('',(3.102994608435,126.54771956813));
#1945 = CARTESIAN_POINT('',(3.077262578331,126.54348319732));
#1946 = ( GEOMETRIC_REPRESENTATION_CONTEXT(2) 
PARAMETRIC_REPRESENTATION_CONTEXT() REPRESENTATION_CONTEXT('2D SPACE',''
  ) );
#1947 = PCURVE('',#1948,#1953);
#1948 = PLANE('',#1949);
#1949 = AXIS2_PLACEMENT_3D('',#1950,#1951,#1952);
#1950 = CARTESIAN_POINT('',(-33.,2.25,126.));
#1951 = DIRECTION('',(-6.086257045056E-02,7.453515209016E-18,
    -0.998146155389));
#1952 = DIRECTION('',(-0.998146155389,1.222376494279E-16,
    6.086257045056E-02));
#1953 = DEFINITIONAL_REPRESENTATION('',(#1954),#1958);
#1954 = ELLIPSE('',#1955,42.078006084815,42.);
#1955 = AXIS2_PLACEMENT_2D('',#1956,#1957);
#1956 = CARTESIAN_POINT('',(-33.06129049521,-2.25));
#1957 = DIRECTION('',(1.,-2.646425812915E-33));
#1958 = ( GEOMETRIC_REPRESENTATION_CONTEXT(2) 
PARAMETRIC_REPRESENTATION_CONTEXT() REPRESENTATION_CONTEXT('2D SPACE',''
  ) );
#1959 = ORIENTED_EDGE('',*,*,#1960,.F.);
#1960 = EDGE_CURVE('',#1961,#1927,#1963,.T.);
#1961 = VERTEX_POINT('',#1962);
#1962 = CARTESIAN_POINT('',(-41.93968884004,-2.25,13.631441692723));
#1963 = SURFACE_CURVE('',#1964,(#1968,#1974),.PCURVE_S1.);
#1964 = LINE('',#1965,#1966);
#1965 = CARTESIAN_POINT('',(-41.93968884004,-2.25,0.));
#1966 = VECTOR('',#1967,1.);
#1967 = DIRECTION('',(0.,0.,1.));
#1968 = PCURVE('',#1055,#1969);
#1969 = DEFINITIONAL_REPRESENTATION('',(#1970),#1973);
#1970 = B_SPLINE_CURVE_WITH_KNOTS('',1,(#1971,#1972),.UNSPECIFIED.,.F.,
  .F.,(2,2),(-6.E-07,143.5),.PIECEWISE_BEZIER_KNOTS.);
#1971 = CARTESIAN_POINT('',(3.195189739399,-6.E-07));
#1972 = CARTESIAN_POINT('',(3.195189739399,143.5));
#1973 = ( GEOMETRIC_REPRESENTATION_CONTEXT(2) 
PARAMETRIC_REPRESENTATION_CONTEXT() REPRESENTATION_CONTEXT('2D SPACE',''
  ) );
#1974 = PCURVE('',#1975,#1980);
#1975 = PLANE('',#1976);
#1976 = AXIS2_PLACEMENT_3D('',#1977,#1978,#1979);
#1977 = CARTESIAN_POINT('',(-66.69796902049,-2.25,78.334410454654));
#1978 = DIRECTION('',(-1.224646799147E-16,-1.,0.));
#1979 = DIRECTION('',(0.,0.,1.));
#1980 = DEFINITIONAL_REPRESENTATION('',(#1981),#1984);
#1981 = B_SPLINE_CURVE_WITH_KNOTS('',1,(#1982,#1983),.UNSPECIFIED.,.F.,
  .F.,(2,2),(-6.E-07,143.5),.PIECEWISE_BEZIER_KNOTS.);
#1982 = CARTESIAN_POINT('',(-78.33441105465,-24.75828018045));
#1983 = CARTESIAN_POINT('',(65.165589545346,-24.75828018045));
#1984 = ( GEOMETRIC_REPRESENTATION_CONTEXT(2) 
PARAMETRIC_REPRESENTATION_CONTEXT() REPRESENTATION_CONTEXT('2D SPACE',''
  ) );
#1985 = ORIENTED_EDGE('',*,*,#1986,.F.);
#1986 = EDGE_CURVE('',#1987,#1961,#1989,.T.);
#1987 = VERTEX_POINT('',#1988);
#1988 = CARTESIAN_POINT('',(-41.93968884004,2.25,13.631441692723));
#1989 = SURFACE_CURVE('',#1990,(#1995,#2005),.PCURVE_S1.);
#1990 = ELLIPSE('',#1991,55.222140763086,42.);
#1991 = AXIS2_PLACEMENT_3D('',#1992,#1993,#1994);
#1992 = CARTESIAN_POINT('',(0.,0.,-22.17073170731));
#1993 = DIRECTION('',(0.649262379928,-7.951170953862E-17,0.760564502202)
  );
#1994 = DIRECTION('',(-0.760564502202,9.314228831667E-17,0.649262379928)
  );
#1995 = PCURVE('',#1055,#1996);
#1996 = DEFINITIONAL_REPRESENTATION('',(#1997),#2004);
#1997 = B_SPLINE_CURVE_WITH_KNOTS('',5,(#1998,#1999,#2000,#2001,#2002,
    #2003),.UNSPECIFIED.,.F.,.F.,(6,6),(6.218855231921,6.347515382438),
  .PIECEWISE_BEZIER_KNOTS.);
#1998 = CARTESIAN_POINT('',(3.077262578331,13.608764762565));
#1999 = CARTESIAN_POINT('',(3.102994608435,13.668073953901));
#2000 = CARTESIAN_POINT('',(3.128726638538,13.69776947292));
#2001 = CARTESIAN_POINT('',(3.154458668642,13.69776947292));
#2002 = CARTESIAN_POINT('',(3.180190698745,13.668073953901));
#2003 = CARTESIAN_POINT('',(3.205922728849,13.608764762565));
#2004 = ( GEOMETRIC_REPRESENTATION_CONTEXT(2) 
PARAMETRIC_REPRESENTATION_CONTEXT() REPRESENTATION_CONTEXT('2D SPACE',''
  ) );
#2005 = PCURVE('',#2006,#2011);
#2006 = PLANE('',#2007);
#2007 = AXIS2_PLACEMENT_3D('',#2008,#2009,#2010);
#2008 = CARTESIAN_POINT('',(-115.,2.25,76.));
#2009 = DIRECTION('',(0.649262379928,-7.951170953862E-17,0.760564502202)
  );
#2010 = DIRECTION('',(0.760564502202,-9.314228831667E-17,-0.649262379928
    ));
#2011 = DEFINITIONAL_REPRESENTATION('',(#2012),#2016);
#2012 = ELLIPSE('',#2013,55.222140763086,42.);
#2013 = AXIS2_PLACEMENT_2D('',#2014,#2015);
#2014 = CARTESIAN_POINT('',(151.20348066083,-2.25));
#2015 = DIRECTION('',(-1.,5.47881547025E-33));
#2016 = ( GEOMETRIC_REPRESENTATION_CONTEXT(2) 
PARAMETRIC_REPRESENTATION_CONTEXT() REPRESENTATION_CONTEXT('2D SPACE',''
  ) );
#2017 = ORIENTED_EDGE('',*,*,#2018,.T.);
#2018 = EDGE_CURVE('',#1987,#1929,#2019,.T.);
#2019 = SURFACE_CURVE('',#2020,(#2024,#2030),.PCURVE_S1.);
#2020 = LINE('',#2021,#2022);
#2021 = CARTESIAN_POINT('',(-41.93968884004,2.25,0.));
#2022 = VECTOR('',#2023,1.);
#2023 = DIRECTION('',(0.,0.,1.));
#2024 = PCURVE('',#1055,#2025);
#2025 = DEFINITIONAL_REPRESENTATION('',(#2026),#2029);
#2026 = B_SPLINE_CURVE_WITH_KNOTS('',1,(#2027,#2028),.UNSPECIFIED.,.F.,
  .F.,(2,2),(-6.E-07,143.5),.PIECEWISE_BEZIER_KNOTS.);
#2027 = CARTESIAN_POINT('',(3.08799556778,-6.E-07));
#2028 = CARTESIAN_POINT('',(3.08799556778,143.5));
#2029 = ( GEOMETRIC_REPRESENTATION_CONTEXT(2) 
PARAMETRIC_REPRESENTATION_CONTEXT() REPRESENTATION_CONTEXT('2D SPACE',''
  ) );
#2030 = PCURVE('',#2031,#2036);
#2031 = PLANE('',#2032);
#2032 = AXIS2_PLACEMENT_3D('',#2033,#2034,#2035);
#2033 = CARTESIAN_POINT('',(-66.69796902049,2.25,78.334410454654));
#2034 = DIRECTION('',(-1.224646799147E-16,-1.,0.));
#2035 = DIRECTION('',(0.,0.,1.));
#2036 = DEFINITIONAL_REPRESENTATION('',(#2037),#2040);
#2037 = B_SPLINE_CURVE_WITH_KNOTS('',1,(#2038,#2039),.UNSPECIFIED.,.F.,
  .F.,(2,2),(-6.E-07,143.5),.PIECEWISE_BEZIER_KNOTS.);
#2038 = CARTESIAN_POINT('',(-78.33441105465,-24.75828018045));
#2039 = CARTESIAN_POINT('',(65.165589545346,-24.75828018045));
#2040 = ( GEOMETRIC_REPRESENTATION_CONTEXT(2) 
PARAMETRIC_REPRESENTATION_CONTEXT() REPRESENTATION_CONTEXT('2D SPACE',''
  ) );
#2041 = FACE_BOUND('',#2042,.T.);
#2042 = EDGE_LOOP('',(#2043,#2077,#2103,#2135));
#2043 = ORIENTED_EDGE('',*,*,#2044,.F.);
#2044 = EDGE_CURVE('',#2045,#2047,#2049,.T.);
#2045 = VERTEX_POINT('',#2046);
#2046 = CARTESIAN_POINT('',(2.25,-41.93968884004,126.54510297805));
#2047 = VERTEX_POINT('',#2048);
#2048 = CARTESIAN_POINT('',(-2.25,-41.93968884004,126.54510297805));
#2049 = SURFACE_CURVE('',#2050,(#2055,#2065),.PCURVE_S1.);
#2050 = ELLIPSE('',#2051,42.078006084815,42.);
#2051 = AXIS2_PLACEMENT_3D('',#2052,#2053,#2054);
#2052 = CARTESIAN_POINT('',(0.,0.,123.98780487804));
#2053 = DIRECTION('',(-1.351420541042E-17,-6.086257045056E-02,
    -0.998146155389));
#2054 = DIRECTION('',(-2.216329687308E-16,-0.998146155389,
    6.086257045056E-02));
#2055 = PCURVE('',#1055,#2056);
#2056 = DEFINITIONAL_REPRESENTATION('',(#2057),#2064);
#2057 = B_SPLINE_CURVE_WITH_KNOTS('',5,(#2058,#2059,#2060,#2061,#2062,
    #2063),.UNSPECIFIED.,.F.,.F.,(6,6),(6.218855231921,6.347515382438),
  .PIECEWISE_BEZIER_KNOTS.);
#2058 = CARTESIAN_POINT('',(4.776719055644,126.54348319732));
#2059 = CARTESIAN_POINT('',(4.75098702554,126.54771956813));
#2060 = CARTESIAN_POINT('',(4.725254995436,126.54984067663));
#2061 = CARTESIAN_POINT('',(4.699522965333,126.54984067663));
#2062 = CARTESIAN_POINT('',(4.673790935229,126.54771956813));
#2063 = CARTESIAN_POINT('',(4.648058905126,126.54348319732));
#2064 = ( GEOMETRIC_REPRESENTATION_CONTEXT(2) 
PARAMETRIC_REPRESENTATION_CONTEXT() REPRESENTATION_CONTEXT('2D SPACE',''
  ) );
#2065 = PCURVE('',#2066,#2071);
#2066 = PLANE('',#2067);
#2067 = AXIS2_PLACEMENT_3D('',#2068,#2069,#2070);
#2068 = CARTESIAN_POINT('',(-2.25,-33.,126.));
#2069 = DIRECTION('',(-1.351420541042E-17,-6.086257045056E-02,
    -0.998146155389));
#2070 = DIRECTION('',(-2.216329687308E-16,-0.998146155389,
    6.086257045056E-02));
#2071 = DEFINITIONAL_REPRESENTATION('',(#2072),#2076);
#2072 = ELLIPSE('',#2073,42.078006084815,42.);
#2073 = AXIS2_PLACEMENT_2D('',#2074,#2075);
#2074 = CARTESIAN_POINT('',(-33.06129049521,-2.25));
#2075 = DIRECTION('',(1.,0.));
#2076 = ( GEOMETRIC_REPRESENTATION_CONTEXT(2) 
PARAMETRIC_REPRESENTATION_CONTEXT() REPRESENTATION_CONTEXT('2D SPACE',''
  ) );
#2077 = ORIENTED_EDGE('',*,*,#2078,.F.);
#2078 = EDGE_CURVE('',#2079,#2045,#2081,.T.);
#2079 = VERTEX_POINT('',#2080);
#2080 = CARTESIAN_POINT('',(2.25,-41.93968884004,13.631441692723));
#2081 = SURFACE_CURVE('',#2082,(#2086,#2092),.PCURVE_S1.);
#2082 = LINE('',#2083,#2084);
#2083 = CARTESIAN_POINT('',(2.25,-41.93968884004,0.));
#2084 = VECTOR('',#2085,1.);
#2085 = DIRECTION('',(0.,0.,1.));
#2086 = PCURVE('',#1055,#2087);
#2087 = DEFINITIONAL_REPRESENTATION('',(#2088),#2091);
#2088 = B_SPLINE_CURVE_WITH_KNOTS('',1,(#2089,#2090),.UNSPECIFIED.,.F.,
  .F.,(2,2),(-6.E-07,143.5),.PIECEWISE_BEZIER_KNOTS.);
#2089 = CARTESIAN_POINT('',(4.765986066194,-6.E-07));
#2090 = CARTESIAN_POINT('',(4.765986066194,143.5));
#2091 = ( GEOMETRIC_REPRESENTATION_CONTEXT(2) 
PARAMETRIC_REPRESENTATION_CONTEXT() REPRESENTATION_CONTEXT('2D SPACE',''
  ) );
#2092 = PCURVE('',#2093,#2098);
#2093 = PLANE('',#2094);
#2094 = AXIS2_PLACEMENT_3D('',#2095,#2096,#2097);
#2095 = CARTESIAN_POINT('',(2.25,-66.69796902049,78.334410454654));
#2096 = DIRECTION('',(1.,-2.22044604925E-16,0.));
#2097 = DIRECTION('',(0.,0.,1.));
#2098 = DEFINITIONAL_REPRESENTATION('',(#2099),#2102);
#2099 = B_SPLINE_CURVE_WITH_KNOTS('',1,(#2100,#2101),.UNSPECIFIED.,.F.,
  .F.,(2,2),(-6.E-07,143.5),.PIECEWISE_BEZIER_KNOTS.);
#2100 = CARTESIAN_POINT('',(-78.33441105465,-24.75828018045));
#2101 = CARTESIAN_POINT('',(65.165589545346,-24.75828018045));
#2102 = ( GEOMETRIC_REPRESENTATION_CONTEXT(2) 
PARAMETRIC_REPRESENTATION_CONTEXT() REPRESENTATION_CONTEXT('2D SPACE',''
  ) );
#2103 = ORIENTED_EDGE('',*,*,#2104,.F.);
#2104 = EDGE_CURVE('',#2105,#2079,#2107,.T.);
#2105 = VERTEX_POINT('',#2106);
#2106 = CARTESIAN_POINT('',(-2.25,-41.93968884004,13.631441692723));
#2107 = SURFACE_CURVE('',#2108,(#2113,#2123),.PCURVE_S1.);
#2108 = ELLIPSE('',#2109,55.222140763086,42.);
#2109 = AXIS2_PLACEMENT_3D('',#2110,#2111,#2112);
#2110 = CARTESIAN_POINT('',(0.,0.,-22.17073170731));
#2111 = DIRECTION('',(1.441652086439E-16,0.649262379928,0.760564502202)
  );
#2112 = DIRECTION('',(-1.688792444114E-16,-0.760564502202,0.649262379928
    ));
#2113 = PCURVE('',#1055,#2114);
#2114 = DEFINITIONAL_REPRESENTATION('',(#2115),#2122);
#2115 = B_SPLINE_CURVE_WITH_KNOTS('',5,(#2116,#2117,#2118,#2119,#2120,
    #2121),.UNSPECIFIED.,.F.,.F.,(6,6),(6.218855231921,6.347515382438),
  .PIECEWISE_BEZIER_KNOTS.);
#2116 = CARTESIAN_POINT('',(4.648058905126,13.608764762565));
#2117 = CARTESIAN_POINT('',(4.673790935229,13.668073953901));
#2118 = CARTESIAN_POINT('',(4.699522965333,13.69776947292));
#2119 = CARTESIAN_POINT('',(4.725254995436,13.69776947292));
#2120 = CARTESIAN_POINT('',(4.75098702554,13.668073953901));
#2121 = CARTESIAN_POINT('',(4.776719055644,13.608764762565));
#2122 = ( GEOMETRIC_REPRESENTATION_CONTEXT(2) 
PARAMETRIC_REPRESENTATION_CONTEXT() REPRESENTATION_CONTEXT('2D SPACE',''
  ) );
#2123 = PCURVE('',#2124,#2129);
#2124 = PLANE('',#2125);
#2125 = AXIS2_PLACEMENT_3D('',#2126,#2127,#2128);
#2126 = CARTESIAN_POINT('',(-2.25,-115.,76.));
#2127 = DIRECTION('',(1.441652086439E-16,0.649262379928,0.760564502202)
  );
#2128 = DIRECTION('',(1.688792444114E-16,0.760564502202,-0.649262379928)
  );
#2129 = DEFINITIONAL_REPRESENTATION('',(#2130),#2134);
#2130 = ELLIPSE('',#2131,55.222140763086,42.);
#2131 = AXIS2_PLACEMENT_2D('',#2132,#2133);
#2132 = CARTESIAN_POINT('',(151.20348066083,-2.25));
#2133 = DIRECTION('',(-1.,0.));
#2134 = ( GEOMETRIC_REPRESENTATION_CONTEXT(2) 
PARAMETRIC_REPRESENTATION_CONTEXT() REPRESENTATION_CONTEXT('2D SPACE',''
  ) );
#2135 = ORIENTED_EDGE('',*,*,#2136,.T.);
#2136 = EDGE_CURVE('',#2105,#2047,#2137,.T.);
#2137 = SURFACE_CURVE('',#2138,(#2142,#2148),.PCURVE_S1.);
#2138 = LINE('',#2139,#2140);
#2139 = CARTESIAN_POINT('',(-2.25,-41.93968884004,0.));
#2140 = VECTOR('',#2141,1.);
#2141 = DIRECTION('',(0.,0.,1.));
#2142 = PCURVE('',#1055,#2143);
#2143 = DEFINITIONAL_REPRESENTATION('',(#2144),#2147);
#2144 = B_SPLINE_CURVE_WITH_KNOTS('',1,(#2145,#2146),.UNSPECIFIED.,.F.,
  .F.,(2,2),(-6.E-07,143.5),.PIECEWISE_BEZIER_KNOTS.);
#2145 = CARTESIAN_POINT('',(4.658791894575,-6.E-07));
#2146 = CARTESIAN_POINT('',(4.658791894575,143.5));
#2147 = ( GEOMETRIC_REPRESENTATION_CONTEXT(2) 
PARAMETRIC_REPRESENTATION_CONTEXT() REPRESENTATION_CONTEXT('2D SPACE',''
  ) );
#2148 = PCURVE('',#2149,#2154);
#2149 = PLANE('',#2150);
#2150 = AXIS2_PLACEMENT_3D('',#2151,#2152,#2153);
#2151 = CARTESIAN_POINT('',(-2.25,-66.69796902049,78.334410454654));
#2152 = DIRECTION('',(1.,-2.22044604925E-16,0.));
#2153 = DIRECTION('',(0.,0.,1.));
#2154 = DEFINITIONAL_REPRESENTATION('',(#2155),#2158);
#2155 = B_SPLINE_CURVE_WITH_KNOTS('',1,(#2156,#2157),.UNSPECIFIED.,.F.,
  .F.,(2,2),(-6.E-07,143.5),.PIECEWISE_BEZIER_KNOTS.);
#2156 = CARTESIAN_POINT('',(-78.33441105465,-24.75828018045));
#2157 = CARTESIAN_POINT('',(65.165589545346,-24.75828018045));
#2158 = ( GEOMETRIC_REPRESENTATION_CONTEXT(2) 
PARAMETRIC_REPRESENTATION_CONTEXT() REPRESENTATION_CONTEXT('2D SPACE',''
  ) );
#2159 = ADVANCED_FACE('',(#2160),#1117,.F.);
#2160 = FACE_BOUND('',#2161,.F.);
#2161 = EDGE_LOOP('',(#2162,#2190,#2211,#2212));
#2162 = ORIENTED_EDGE('',*,*,#2163,.F.);
#2163 = EDGE_CURVE('',#2164,#2164,#2166,.T.);
#2164 = VERTEX_POINT('',#2165);
#2165 = CARTESIAN_POINT('',(40.8,-9.993117881042E-15,514.));
#2166 = SURFACE_CURVE('',#2167,(#2172,#2179),.PCURVE_S1.);
#2167 = CIRCLE('',#2168,40.8);
#2168 = AXIS2_PLACEMENT_3D('',#2169,#2170,#2171);
#2169 = CARTESIAN_POINT('',(0.,0.,514.));
#2170 = DIRECTION('',(0.,0.,1.));
#2171 = DIRECTION('',(1.,0.,-0.));
#2172 = PCURVE('',#1117,#2173);
#2173 = DEFINITIONAL_REPRESENTATION('',(#2174),#2178);
#2174 = LINE('',#2175,#2176);
#2175 = CARTESIAN_POINT('',(0.,111.));
#2176 = VECTOR('',#2177,1.);
#2177 = DIRECTION('',(1.,0.));
#2178 = ( GEOMETRIC_REPRESENTATION_CONTEXT(2) 
PARAMETRIC_REPRESENTATION_CONTEXT() REPRESENTATION_CONTEXT('2D SPACE',''
  ) );
#2179 = PCURVE('',#2180,#2185);
#2180 = CYLINDRICAL_SURFACE('',#2181,40.8);
#2181 = AXIS2_PLACEMENT_3D('',#2182,#2183,#2184);
#2182 = CARTESIAN_POINT('',(0.,0.,513.));
#2183 = DIRECTION('',(0.,0.,1.));
#2184 = DIRECTION('',(1.,0.,-0.));
#2185 = DEFINITIONAL_REPRESENTATION('',(#2186),#2189);
#2186 = B_SPLINE_CURVE_WITH_KNOTS('',1,(#2187,#2188),.UNSPECIFIED.,.F.,
  .F.,(2,2),(0.,6.28318530718),.PIECEWISE_BEZIER_KNOTS.);
#2187 = CARTESIAN_POINT('',(0.,1.));
#2188 = CARTESIAN_POINT('',(6.28318530718,1.));
#2189 = ( GEOMETRIC_REPRESENTATION_CONTEXT(2) 
PARAMETRIC_REPRESENTATION_CONTEXT() REPRESENTATION_CONTEXT('2D SPACE',''
  ) );
#2190 = ORIENTED_EDGE('',*,*,#2191,.F.);
#2191 = EDGE_CURVE('',#1101,#2164,#2192,.T.);
#2192 = SEAM_CURVE('',#2193,(#2197,#2204),.PCURVE_S1.);
#2193 = LINE('',#2194,#2195);
#2194 = CARTESIAN_POINT('',(40.8,-9.993117881042E-15,403.));
#2195 = VECTOR('',#2196,1.);
#2196 = DIRECTION('',(0.,0.,1.));
#2197 = PCURVE('',#1117,#2198);
#2198 = DEFINITIONAL_REPRESENTATION('',(#2199),#2203);
#2199 = LINE('',#2200,#2201);
#2200 = CARTESIAN_POINT('',(6.28318530718,-0.));
#2201 = VECTOR('',#2202,1.);
#2202 = DIRECTION('',(0.,1.));
#2203 = ( GEOMETRIC_REPRESENTATION_CONTEXT(2) 
PARAMETRIC_REPRESENTATION_CONTEXT() REPRESENTATION_CONTEXT('2D SPACE',''
  ) );
#2204 = PCURVE('',#1117,#2205);
#2205 = DEFINITIONAL_REPRESENTATION('',(#2206),#2210);
#2206 = LINE('',#2207,#2208);
#2207 = CARTESIAN_POINT('',(0.,-0.));
#2208 = VECTOR('',#2209,1.);
#2209 = DIRECTION('',(0.,1.));
#2210 = ( GEOMETRIC_REPRESENTATION_CONTEXT(2) 
PARAMETRIC_REPRESENTATION_CONTEXT() REPRESENTATION_CONTEXT('2D SPACE',''
  ) );
#2211 = ORIENTED_EDGE('',*,*,#1100,.T.);
#2212 = ORIENTED_EDGE('',*,*,#2191,.T.);
#2213 = ADVANCED_FACE('',(#2214),#1193,.F.);
#2214 = FACE_BOUND('',#2215,.F.);
#2215 = EDGE_LOOP('',(#2216,#2217,#2218,#2219));
#2216 = ORIENTED_EDGE('',*,*,#1331,.T.);
#2217 = ORIENTED_EDGE('',*,*,#1253,.T.);
#2218 = ORIENTED_EDGE('',*,*,#1177,.F.);
#2219 = ORIENTED_EDGE('',*,*,#1302,.F.);
#2220 = ADVANCED_FACE('',(#2221),#1394,.F.);
#2221 = FACE_BOUND('',#2222,.F.);
#2222 = EDGE_LOOP('',(#2223,#2224,#2225,#2226));
#2223 = ORIENTED_EDGE('',*,*,#1532,.T.);
#2224 = ORIENTED_EDGE('',*,*,#1454,.T.);
#2225 = ORIENTED_EDGE('',*,*,#1378,.F.);
#2226 = ORIENTED_EDGE('',*,*,#1503,.F.);
#2227 = ADVANCED_FACE('',(#2228),#1585,.F.);
#2228 = FACE_BOUND('',#2229,.F.);
#2229 = EDGE_LOOP('',(#2230,#2253,#2254,#2255,#2278));
#2230 = ORIENTED_EDGE('',*,*,#2231,.F.);
#2231 = EDGE_CURVE('',#1566,#2232,#2234,.T.);
#2232 = VERTEX_POINT('',#2233);
#2233 = CARTESIAN_POINT('',(115.,-2.25,131.));
#2234 = SURFACE_CURVE('',#2235,(#2239,#2246),.PCURVE_S1.);
#2235 = LINE('',#2236,#2237);
#2236 = CARTESIAN_POINT('',(33.,-2.25,126.));
#2237 = VECTOR('',#2238,1.);
#2238 = DIRECTION('',(0.998146155389,0.,6.086257045056E-02));
#2239 = PCURVE('',#1585,#2240);
#2240 = DEFINITIONAL_REPRESENTATION('',(#2241),#2245);
#2241 = LINE('',#2242,#2243);
#2242 = CARTESIAN_POINT('',(0.,0.));
#2243 = VECTOR('',#2244,1.);
#2244 = DIRECTION('',(1.,0.));
#2245 = ( GEOMETRIC_REPRESENTATION_CONTEXT(2) 
PARAMETRIC_REPRESENTATION_CONTEXT() REPRESENTATION_CONTEXT('2D SPACE',''
  ) );
#2246 = PCURVE('',#1795,#2247);
#2247 = DEFINITIONAL_REPRESENTATION('',(#2248),#2252);
#2248 = LINE('',#2249,#2250);
#2249 = CARTESIAN_POINT('',(47.665589545346,-33.69796902049));
#2250 = VECTOR('',#2251,1.);
#2251 = DIRECTION('',(6.086257045056E-02,0.998146155389));
#2252 = ( GEOMETRIC_REPRESENTATION_CONTEXT(2) 
PARAMETRIC_REPRESENTATION_CONTEXT() REPRESENTATION_CONTEXT('2D SPACE',''
  ) );
#2253 = ORIENTED_EDGE('',*,*,#1563,.F.);
#2254 = ORIENTED_EDGE('',*,*,#1647,.F.);
#2255 = ORIENTED_EDGE('',*,*,#2256,.T.);
#2256 = EDGE_CURVE('',#1648,#2257,#2259,.T.);
#2257 = VERTEX_POINT('',#2258);
#2258 = CARTESIAN_POINT('',(115.,2.25,131.));
#2259 = SURFACE_CURVE('',#2260,(#2264,#2271),.PCURVE_S1.);
#2260 = LINE('',#2261,#2262);
#2261 = CARTESIAN_POINT('',(33.,2.25,126.));
#2262 = VECTOR('',#2263,1.);
#2263 = DIRECTION('',(0.998146155389,0.,6.086257045056E-02));
#2264 = PCURVE('',#1585,#2265);
#2265 = DEFINITIONAL_REPRESENTATION('',(#2266),#2270);
#2266 = LINE('',#2267,#2268);
#2267 = CARTESIAN_POINT('',(0.,-4.5));
#2268 = VECTOR('',#2269,1.);
#2269 = DIRECTION('',(1.,0.));
#2270 = ( GEOMETRIC_REPRESENTATION_CONTEXT(2) 
PARAMETRIC_REPRESENTATION_CONTEXT() REPRESENTATION_CONTEXT('2D SPACE',''
  ) );
#2271 = PCURVE('',#1689,#2272);
#2272 = DEFINITIONAL_REPRESENTATION('',(#2273),#2277);
#2273 = LINE('',#2274,#2275);
#2274 = CARTESIAN_POINT('',(47.665589545346,-33.69796902049));
#2275 = VECTOR('',#2276,1.);
#2276 = DIRECTION('',(6.086257045056E-02,0.998146155389));
#2277 = ( GEOMETRIC_REPRESENTATION_CONTEXT(2) 
PARAMETRIC_REPRESENTATION_CONTEXT() REPRESENTATION_CONTEXT('2D SPACE',''
  ) );
#2278 = ORIENTED_EDGE('',*,*,#2279,.F.);
#2279 = EDGE_CURVE('',#2232,#2257,#2280,.T.);
#2280 = SURFACE_CURVE('',#2281,(#2285,#2292),.PCURVE_S1.);
#2281 = LINE('',#2282,#2283);
#2282 = CARTESIAN_POINT('',(115.,-2.25,131.));
#2283 = VECTOR('',#2284,1.);
#2284 = DIRECTION('',(0.,1.,0.));
#2285 = PCURVE('',#1585,#2286);
#2286 = DEFINITIONAL_REPRESENTATION('',(#2287),#2291);
#2287 = LINE('',#2288,#2289);
#2288 = CARTESIAN_POINT('',(82.152297594163,0.));
#2289 = VECTOR('',#2290,1.);
#2290 = DIRECTION('',(0.,-1.));
#2291 = ( GEOMETRIC_REPRESENTATION_CONTEXT(2) 
PARAMETRIC_REPRESENTATION_CONTEXT() REPRESENTATION_CONTEXT('2D SPACE',''
  ) );
#2292 = PCURVE('',#2293,#2298);
#2293 = PLANE('',#2294);
#2294 = AXIS2_PLACEMENT_3D('',#2295,#2296,#2297);
#2295 = CARTESIAN_POINT('',(115.,-2.25,131.));
#2296 = DIRECTION('',(-1.,0.,0.));
#2297 = DIRECTION('',(0.,0.,-1.));
#2298 = DEFINITIONAL_REPRESENTATION('',(#2299),#2303);
#2299 = LINE('',#2300,#2301);
#2300 = CARTESIAN_POINT('',(0.,-0.));
#2301 = VECTOR('',#2302,1.);
#2302 = DIRECTION('',(0.,-1.));
#2303 = ( GEOMETRIC_REPRESENTATION_CONTEXT(2) 
PARAMETRIC_REPRESENTATION_CONTEXT() REPRESENTATION_CONTEXT('2D SPACE',''
  ) );
#2304 = ADVANCED_FACE('',(#2305),#1795,.F.);
#2305 = FACE_BOUND('',#2306,.F.);
#2306 = EDGE_LOOP('',(#2307,#2330,#2331,#2332));
#2307 = ORIENTED_EDGE('',*,*,#2308,.T.);
#2308 = EDGE_CURVE('',#2309,#1756,#2311,.T.);
#2309 = VERTEX_POINT('',#2310);
#2310 = CARTESIAN_POINT('',(115.,-2.25,76.));
#2311 = SURFACE_CURVE('',#2312,(#2316,#2323),.PCURVE_S1.);
#2312 = LINE('',#2313,#2314);
#2313 = CARTESIAN_POINT('',(115.,-2.25,76.));
#2314 = VECTOR('',#2315,1.);
#2315 = DIRECTION('',(-0.760564502202,0.,-0.649262379928));
#2316 = PCURVE('',#1795,#2317);
#2317 = DEFINITIONAL_REPRESENTATION('',(#2318),#2322);
#2318 = LINE('',#2319,#2320);
#2319 = CARTESIAN_POINT('',(-2.334410454654,48.302030979502));
#2320 = VECTOR('',#2321,1.);
#2321 = DIRECTION('',(-0.649262379928,-0.760564502202));
#2322 = ( GEOMETRIC_REPRESENTATION_CONTEXT(2) 
PARAMETRIC_REPRESENTATION_CONTEXT() REPRESENTATION_CONTEXT('2D SPACE',''
  ) );
#2323 = PCURVE('',#1720,#2324);
#2324 = DEFINITIONAL_REPRESENTATION('',(#2325),#2329);
#2325 = LINE('',#2326,#2327);
#2326 = CARTESIAN_POINT('',(0.,0.));
#2327 = VECTOR('',#2328,1.);
#2328 = DIRECTION('',(1.,-0.));
#2329 = ( GEOMETRIC_REPRESENTATION_CONTEXT(2) 
PARAMETRIC_REPRESENTATION_CONTEXT() REPRESENTATION_CONTEXT('2D SPACE',''
  ) );
#2330 = ORIENTED_EDGE('',*,*,#1782,.T.);
#2331 = ORIENTED_EDGE('',*,*,#2231,.T.);
#2332 = ORIENTED_EDGE('',*,*,#2333,.T.);
#2333 = EDGE_CURVE('',#2232,#2309,#2334,.T.);
#2334 = SURFACE_CURVE('',#2335,(#2339,#2346),.PCURVE_S1.);
#2335 = LINE('',#2336,#2337);
#2336 = CARTESIAN_POINT('',(115.,-2.25,131.));
#2337 = VECTOR('',#2338,1.);
#2338 = DIRECTION('',(0.,0.,-1.));
#2339 = PCURVE('',#1795,#2340);
#2340 = DEFINITIONAL_REPRESENTATION('',(#2341),#2345);
#2341 = LINE('',#2342,#2343);
#2342 = CARTESIAN_POINT('',(52.665589545346,48.302030979502));
#2343 = VECTOR('',#2344,1.);
#2344 = DIRECTION('',(-1.,0.));
#2345 = ( GEOMETRIC_REPRESENTATION_CONTEXT(2) 
PARAMETRIC_REPRESENTATION_CONTEXT() REPRESENTATION_CONTEXT('2D SPACE',''
  ) );
#2346 = PCURVE('',#2293,#2347);
#2347 = DEFINITIONAL_REPRESENTATION('',(#2348),#2352);
#2348 = LINE('',#2349,#2350);
#2349 = CARTESIAN_POINT('',(0.,-0.));
#2350 = VECTOR('',#2351,1.);
#2351 = DIRECTION('',(1.,0.));
#2352 = ( GEOMETRIC_REPRESENTATION_CONTEXT(2) 
PARAMETRIC_REPRESENTATION_CONTEXT() REPRESENTATION_CONTEXT('2D SPACE',''
  ) );
#2353 = ADVANCED_FACE('',(#2354),#1720,.F.);
#2354 = FACE_BOUND('',#2355,.F.);
#2355 = EDGE_LOOP('',(#2356,#2357,#2380,#2401,#2402));
#2356 = ORIENTED_EDGE('',*,*,#2308,.F.);
#2357 = ORIENTED_EDGE('',*,*,#2358,.T.);
#2358 = EDGE_CURVE('',#2309,#2359,#2361,.T.);
#2359 = VERTEX_POINT('',#2360);
#2360 = CARTESIAN_POINT('',(115.,2.25,76.));
#2361 = SURFACE_CURVE('',#2362,(#2366,#2373),.PCURVE_S1.);
#2362 = LINE('',#2363,#2364);
#2363 = CARTESIAN_POINT('',(115.,-2.25,76.));
#2364 = VECTOR('',#2365,1.);
#2365 = DIRECTION('',(0.,1.,0.));
#2366 = PCURVE('',#1720,#2367);
#2367 = DEFINITIONAL_REPRESENTATION('',(#2368),#2372);
#2368 = LINE('',#2369,#2370);
#2369 = CARTESIAN_POINT('',(0.,0.));
#2370 = VECTOR('',#2371,1.);
#2371 = DIRECTION('',(0.,-1.));
#2372 = ( GEOMETRIC_REPRESENTATION_CONTEXT(2) 
PARAMETRIC_REPRESENTATION_CONTEXT() REPRESENTATION_CONTEXT('2D SPACE',''
  ) );
#2373 = PCURVE('',#2293,#2374);
#2374 = DEFINITIONAL_REPRESENTATION('',(#2375),#2379);
#2375 = LINE('',#2376,#2377);
#2376 = CARTESIAN_POINT('',(55.,0.));
#2377 = VECTOR('',#2378,1.);
#2378 = DIRECTION('',(0.,-1.));
#2379 = ( GEOMETRIC_REPRESENTATION_CONTEXT(2) 
PARAMETRIC_REPRESENTATION_CONTEXT() REPRESENTATION_CONTEXT('2D SPACE',''
  ) );
#2380 = ORIENTED_EDGE('',*,*,#2381,.T.);
#2381 = EDGE_CURVE('',#2359,#1675,#2382,.T.);
#2382 = SURFACE_CURVE('',#2383,(#2387,#2394),.PCURVE_S1.);
#2383 = LINE('',#2384,#2385);
#2384 = CARTESIAN_POINT('',(115.,2.25,76.));
#2385 = VECTOR('',#2386,1.);
#2386 = DIRECTION('',(-0.760564502202,0.,-0.649262379928));
#2387 = PCURVE('',#1720,#2388);
#2388 = DEFINITIONAL_REPRESENTATION('',(#2389),#2393);
#2389 = LINE('',#2390,#2391);
#2390 = CARTESIAN_POINT('',(0.,-4.5));
#2391 = VECTOR('',#2392,1.);
#2392 = DIRECTION('',(1.,-0.));
#2393 = ( GEOMETRIC_REPRESENTATION_CONTEXT(2) 
PARAMETRIC_REPRESENTATION_CONTEXT() REPRESENTATION_CONTEXT('2D SPACE',''
  ) );
#2394 = PCURVE('',#1689,#2395);
#2395 = DEFINITIONAL_REPRESENTATION('',(#2396),#2400);
#2396 = LINE('',#2397,#2398);
#2397 = CARTESIAN_POINT('',(-2.334410454654,48.302030979502));
#2398 = VECTOR('',#2399,1.);
#2399 = DIRECTION('',(-0.649262379928,-0.760564502202));
#2400 = ( GEOMETRIC_REPRESENTATION_CONTEXT(2) 
PARAMETRIC_REPRESENTATION_CONTEXT() REPRESENTATION_CONTEXT('2D SPACE',''
  ) );
#2401 = ORIENTED_EDGE('',*,*,#1700,.F.);
#2402 = ORIENTED_EDGE('',*,*,#1755,.F.);
#2403 = ADVANCED_FACE('',(#2404),#1689,.T.);
#2404 = FACE_BOUND('',#2405,.T.);
#2405 = EDGE_LOOP('',(#2406,#2407,#2408,#2409));
#2406 = ORIENTED_EDGE('',*,*,#2381,.T.);
#2407 = ORIENTED_EDGE('',*,*,#1674,.T.);
#2408 = ORIENTED_EDGE('',*,*,#2256,.T.);
#2409 = ORIENTED_EDGE('',*,*,#2410,.T.);
#2410 = EDGE_CURVE('',#2257,#2359,#2411,.T.);
#2411 = SURFACE_CURVE('',#2412,(#2416,#2423),.PCURVE_S1.);
#2412 = LINE('',#2413,#2414);
#2413 = CARTESIAN_POINT('',(115.,2.25,131.));
#2414 = VECTOR('',#2415,1.);
#2415 = DIRECTION('',(0.,0.,-1.));
#2416 = PCURVE('',#1689,#2417);
#2417 = DEFINITIONAL_REPRESENTATION('',(#2418),#2422);
#2418 = LINE('',#2419,#2420);
#2419 = CARTESIAN_POINT('',(52.665589545346,48.302030979502));
#2420 = VECTOR('',#2421,1.);
#2421 = DIRECTION('',(-1.,0.));
#2422 = ( GEOMETRIC_REPRESENTATION_CONTEXT(2) 
PARAMETRIC_REPRESENTATION_CONTEXT() REPRESENTATION_CONTEXT('2D SPACE',''
  ) );
#2423 = PCURVE('',#2293,#2424);
#2424 = DEFINITIONAL_REPRESENTATION('',(#2425),#2429);
#2425 = LINE('',#2426,#2427);
#2426 = CARTESIAN_POINT('',(0.,-4.5));
#2427 = VECTOR('',#2428,1.);
#2428 = DIRECTION('',(1.,0.));
#2429 = ( GEOMETRIC_REPRESENTATION_CONTEXT(2) 
PARAMETRIC_REPRESENTATION_CONTEXT() REPRESENTATION_CONTEXT('2D SPACE',''
  ) );
#2430 = ADVANCED_FACE('',(#2431),#1635,.T.);
#2431 = FACE_BOUND('',#2432,.T.);
#2432 = EDGE_LOOP('',(#2433,#2461,#2482,#2483));
#2433 = ORIENTED_EDGE('',*,*,#2434,.F.);
#2434 = EDGE_CURVE('',#2435,#2435,#2437,.T.);
#2435 = VERTEX_POINT('',#2436);
#2436 = CARTESIAN_POINT('',(42.,-1.028703311284E-14,404.));
#2437 = SURFACE_CURVE('',#2438,(#2443,#2450),.PCURVE_S1.);
#2438 = CIRCLE('',#2439,42.);
#2439 = AXIS2_PLACEMENT_3D('',#2440,#2441,#2442);
#2440 = CARTESIAN_POINT('',(0.,0.,404.));
#2441 = DIRECTION('',(0.,0.,1.));
#2442 = DIRECTION('',(1.,0.,-0.));
#2443 = PCURVE('',#1635,#2444);
#2444 = DEFINITIONAL_REPRESENTATION('',(#2445),#2449);
#2445 = LINE('',#2446,#2447);
#2446 = CARTESIAN_POINT('',(0.,160.));
#2447 = VECTOR('',#2448,1.);
#2448 = DIRECTION('',(1.,0.));
#2449 = ( GEOMETRIC_REPRESENTATION_CONTEXT(2) 
PARAMETRIC_REPRESENTATION_CONTEXT() REPRESENTATION_CONTEXT('2D SPACE',''
  ) );
#2450 = PCURVE('',#2451,#2456);
#2451 = CYLINDRICAL_SURFACE('',#2452,42.);
#2452 = AXIS2_PLACEMENT_3D('',#2453,#2454,#2455);
#2453 = CARTESIAN_POINT('',(0.,0.,404.));
#2454 = DIRECTION('',(0.,0.,1.));
#2455 = DIRECTION('',(1.,0.,-0.));
#2456 = DEFINITIONAL_REPRESENTATION('',(#2457),#2460);
#2457 = B_SPLINE_CURVE_WITH_KNOTS('',1,(#2458,#2459),.UNSPECIFIED.,.F.,
  .F.,(2,2),(0.,6.28318530718),.PIECEWISE_BEZIER_KNOTS.);
#2458 = CARTESIAN_POINT('',(0.,0.));
#2459 = CARTESIAN_POINT('',(6.28318530718,0.));
#2460 = ( GEOMETRIC_REPRESENTATION_CONTEXT(2) 
PARAMETRIC_REPRESENTATION_CONTEXT() REPRESENTATION_CONTEXT('2D SPACE',''
  ) );
#2461 = ORIENTED_EDGE('',*,*,#2462,.F.);
#2462 = EDGE_CURVE('',#1598,#2435,#2463,.T.);
#2463 = SEAM_CURVE('',#2464,(#2468,#2475),.PCURVE_S1.);
#2464 = LINE('',#2465,#2466);
#2465 = CARTESIAN_POINT('',(42.,-1.028703311284E-14,244.));
#2466 = VECTOR('',#2467,1.);
#2467 = DIRECTION('',(0.,0.,1.));
#2468 = PCURVE('',#1635,#2469);
#2469 = DEFINITIONAL_REPRESENTATION('',(#2470),#2474);
#2470 = LINE('',#2471,#2472);
#2471 = CARTESIAN_POINT('',(6.28318530718,-0.));
#2472 = VECTOR('',#2473,1.);
#2473 = DIRECTION('',(0.,1.));
#2474 = ( GEOMETRIC_REPRESENTATION_CONTEXT(2) 
PARAMETRIC_REPRESENTATION_CONTEXT() REPRESENTATION_CONTEXT('2D SPACE',''
  ) );
#2475 = PCURVE('',#1635,#2476);
#2476 = DEFINITIONAL_REPRESENTATION('',(#2477),#2481);
#2477 = LINE('',#2478,#2479);
#2478 = CARTESIAN_POINT('',(0.,-0.));
#2479 = VECTOR('',#2480,1.);
#2480 = DIRECTION('',(0.,1.));
#2481 = ( GEOMETRIC_REPRESENTATION_CONTEXT(2) 
PARAMETRIC_REPRESENTATION_CONTEXT() REPRESENTATION_CONTEXT('2D SPACE',''
  ) );
#2482 = ORIENTED_EDGE('',*,*,#1620,.T.);
#2483 = ORIENTED_EDGE('',*,*,#2462,.T.);
#2484 = ADVANCED_FACE('',(#2485),#1830,.F.);
#2485 = FACE_BOUND('',#2486,.F.);
#2486 = EDGE_LOOP('',(#2487,#2510,#2511,#2534));
#2487 = ORIENTED_EDGE('',*,*,#2488,.F.);
#2488 = EDGE_CURVE('',#1811,#2489,#2491,.T.);
#2489 = VERTEX_POINT('',#2490);
#2490 = CARTESIAN_POINT('',(2.25,115.,131.));
#2491 = SURFACE_CURVE('',#2492,(#2496,#2503),.PCURVE_S1.);
#2492 = LINE('',#2493,#2494);
#2493 = CARTESIAN_POINT('',(2.25,33.,126.));
#2494 = VECTOR('',#2495,1.);
#2495 = DIRECTION('',(1.108164843654E-16,0.998146155389,
    6.086257045056E-02));
#2496 = PCURVE('',#1830,#2497);
#2497 = DEFINITIONAL_REPRESENTATION('',(#2498),#2502);
#2498 = LINE('',#2499,#2500);
#2499 = CARTESIAN_POINT('',(0.,0.));
#2500 = VECTOR('',#2501,1.);
#2501 = DIRECTION('',(1.,0.));
#2502 = ( GEOMETRIC_REPRESENTATION_CONTEXT(2) 
PARAMETRIC_REPRESENTATION_CONTEXT() REPRESENTATION_CONTEXT('2D SPACE',''
  ) );
#2503 = PCURVE('',#1913,#2504);
#2504 = DEFINITIONAL_REPRESENTATION('',(#2505),#2509);
#2505 = LINE('',#2506,#2507);
#2506 = CARTESIAN_POINT('',(47.665589545346,-33.69796902049));
#2507 = VECTOR('',#2508,1.);
#2508 = DIRECTION('',(6.086257045056E-02,0.998146155389));
#2509 = ( GEOMETRIC_REPRESENTATION_CONTEXT(2) 
PARAMETRIC_REPRESENTATION_CONTEXT() REPRESENTATION_CONTEXT('2D SPACE',''
  ) );
#2510 = ORIENTED_EDGE('',*,*,#1808,.F.);
#2511 = ORIENTED_EDGE('',*,*,#2512,.T.);
#2512 = EDGE_CURVE('',#1809,#2513,#2515,.T.);
#2513 = VERTEX_POINT('',#2514);
#2514 = CARTESIAN_POINT('',(-2.25,115.,131.));
#2515 = SURFACE_CURVE('',#2516,(#2520,#2527),.PCURVE_S1.);
#2516 = LINE('',#2517,#2518);
#2517 = CARTESIAN_POINT('',(-2.25,33.,126.));
#2518 = VECTOR('',#2519,1.);
#2519 = DIRECTION('',(1.108164843654E-16,0.998146155389,
    6.086257045056E-02));
#2520 = PCURVE('',#1830,#2521);
#2521 = DEFINITIONAL_REPRESENTATION('',(#2522),#2526);
#2522 = LINE('',#2523,#2524);
#2523 = CARTESIAN_POINT('',(-4.986741796444E-16,-4.5));
#2524 = VECTOR('',#2525,1.);
#2525 = DIRECTION('',(1.,0.));
#2526 = ( GEOMETRIC_REPRESENTATION_CONTEXT(2) 
PARAMETRIC_REPRESENTATION_CONTEXT() REPRESENTATION_CONTEXT('2D SPACE',''
  ) );
#2527 = PCURVE('',#1857,#2528);
#2528 = DEFINITIONAL_REPRESENTATION('',(#2529),#2533);
#2529 = LINE('',#2530,#2531);
#2530 = CARTESIAN_POINT('',(47.665589545346,-33.69796902049));
#2531 = VECTOR('',#2532,1.);
#2532 = DIRECTION('',(6.086257045056E-02,0.998146155389));
#2533 = ( GEOMETRIC_REPRESENTATION_CONTEXT(2) 
PARAMETRIC_REPRESENTATION_CONTEXT() REPRESENTATION_CONTEXT('2D SPACE',''
  ) );
#2534 = ORIENTED_EDGE('',*,*,#2535,.F.);
#2535 = EDGE_CURVE('',#2489,#2513,#2536,.T.);
#2536 = SURFACE_CURVE('',#2537,(#2541,#2548),.PCURVE_S1.);
#2537 = LINE('',#2538,#2539);
#2538 = CARTESIAN_POINT('',(2.25,115.,131.));
#2539 = VECTOR('',#2540,1.);
#2540 = DIRECTION('',(-1.,1.110223024625E-16,0.));
#2541 = PCURVE('',#1830,#2542);
#2542 = DEFINITIONAL_REPRESENTATION('',(#2543),#2547);
#2543 = LINE('',#2544,#2545);
#2544 = CARTESIAN_POINT('',(82.152297594163,2.22044604925E-16));
#2545 = VECTOR('',#2546,1.);
#2546 = DIRECTION('',(0.,-1.));
#2547 = ( GEOMETRIC_REPRESENTATION_CONTEXT(2) 
PARAMETRIC_REPRESENTATION_CONTEXT() REPRESENTATION_CONTEXT('2D SPACE',''
  ) );
#2548 = PCURVE('',#2549,#2554);
#2549 = PLANE('',#2550);
#2550 = AXIS2_PLACEMENT_3D('',#2551,#2552,#2553);
#2551 = CARTESIAN_POINT('',(2.25,115.,131.));
#2552 = DIRECTION('',(-1.110223024625E-16,-1.,0.));
#2553 = DIRECTION('',(0.,0.,-1.));
#2554 = DEFINITIONAL_REPRESENTATION('',(#2555),#2559);
#2555 = LINE('',#2556,#2557);
#2556 = CARTESIAN_POINT('',(0.,0.));
#2557 = VECTOR('',#2558,1.);
#2558 = DIRECTION('',(0.,-1.));
#2559 = ( GEOMETRIC_REPRESENTATION_CONTEXT(2) 
PARAMETRIC_REPRESENTATION_CONTEXT() REPRESENTATION_CONTEXT('2D SPACE',''
  ) );
#2560 = ADVANCED_FACE('',(#2561),#1857,.T.);
#2561 = FACE_BOUND('',#2562,.T.);
#2562 = EDGE_LOOP('',(#2563,#2586,#2587,#2588));
#2563 = ORIENTED_EDGE('',*,*,#2564,.T.);
#2564 = EDGE_CURVE('',#2565,#1843,#2567,.T.);
#2565 = VERTEX_POINT('',#2566);
#2566 = CARTESIAN_POINT('',(-2.25,115.,76.));
#2567 = SURFACE_CURVE('',#2568,(#2572,#2579),.PCURVE_S1.);
#2568 = LINE('',#2569,#2570);
#2569 = CARTESIAN_POINT('',(-2.25,115.,76.));
#2570 = VECTOR('',#2571,1.);
#2571 = DIRECTION('',(-8.443962220571E-17,-0.760564502202,
    -0.649262379928));
#2572 = PCURVE('',#1857,#2573);
#2573 = DEFINITIONAL_REPRESENTATION('',(#2574),#2578);
#2574 = LINE('',#2575,#2576);
#2575 = CARTESIAN_POINT('',(-2.334410454654,48.302030979502));
#2576 = VECTOR('',#2577,1.);
#2577 = DIRECTION('',(-0.649262379928,-0.760564502202));
#2578 = ( GEOMETRIC_REPRESENTATION_CONTEXT(2) 
PARAMETRIC_REPRESENTATION_CONTEXT() REPRESENTATION_CONTEXT('2D SPACE',''
  ) );
#2579 = PCURVE('',#1888,#2580);
#2580 = DEFINITIONAL_REPRESENTATION('',(#2581),#2585);
#2581 = LINE('',#2582,#2583);
#2582 = CARTESIAN_POINT('',(3.799782999257E-16,-4.5));
#2583 = VECTOR('',#2584,1.);
#2584 = DIRECTION('',(1.,0.));
#2585 = ( GEOMETRIC_REPRESENTATION_CONTEXT(2) 
PARAMETRIC_REPRESENTATION_CONTEXT() REPRESENTATION_CONTEXT('2D SPACE',''
  ) );
#2586 = ORIENTED_EDGE('',*,*,#1842,.T.);
#2587 = ORIENTED_EDGE('',*,*,#2512,.T.);
#2588 = ORIENTED_EDGE('',*,*,#2589,.T.);
#2589 = EDGE_CURVE('',#2513,#2565,#2590,.T.);
#2590 = SURFACE_CURVE('',#2591,(#2595,#2602),.PCURVE_S1.);
#2591 = LINE('',#2592,#2593);
#2592 = CARTESIAN_POINT('',(-2.25,115.,131.));
#2593 = VECTOR('',#2594,1.);
#2594 = DIRECTION('',(0.,0.,-1.));
#2595 = PCURVE('',#1857,#2596);
#2596 = DEFINITIONAL_REPRESENTATION('',(#2597),#2601);
#2597 = LINE('',#2598,#2599);
#2598 = CARTESIAN_POINT('',(52.665589545346,48.302030979502));
#2599 = VECTOR('',#2600,1.);
#2600 = DIRECTION('',(-1.,0.));
#2601 = ( GEOMETRIC_REPRESENTATION_CONTEXT(2) 
PARAMETRIC_REPRESENTATION_CONTEXT() REPRESENTATION_CONTEXT('2D SPACE',''
  ) );
#2602 = PCURVE('',#2549,#2603);
#2603 = DEFINITIONAL_REPRESENTATION('',(#2604),#2608);
#2604 = LINE('',#2605,#2606);
#2605 = CARTESIAN_POINT('',(0.,-4.5));
#2606 = VECTOR('',#2607,1.);
#2607 = DIRECTION('',(1.,0.));
#2608 = ( GEOMETRIC_REPRESENTATION_CONTEXT(2) 
PARAMETRIC_REPRESENTATION_CONTEXT() REPRESENTATION_CONTEXT('2D SPACE',''
  ) );
#2609 = ADVANCED_FACE('',(#2610),#1913,.F.);
#2610 = FACE_BOUND('',#2611,.F.);
#2611 = EDGE_LOOP('',(#2612,#2635,#2636,#2637));
#2612 = ORIENTED_EDGE('',*,*,#2613,.T.);
#2613 = EDGE_CURVE('',#2614,#1869,#2616,.T.);
#2614 = VERTEX_POINT('',#2615);
#2615 = CARTESIAN_POINT('',(2.25,115.,76.));
#2616 = SURFACE_CURVE('',#2617,(#2621,#2628),.PCURVE_S1.);
#2617 = LINE('',#2618,#2619);
#2618 = CARTESIAN_POINT('',(2.25,115.,76.));
#2619 = VECTOR('',#2620,1.);
#2620 = DIRECTION('',(-8.443962220571E-17,-0.760564502202,
    -0.649262379928));
#2621 = PCURVE('',#1913,#2622);
#2622 = DEFINITIONAL_REPRESENTATION('',(#2623),#2627);
#2623 = LINE('',#2624,#2625);
#2624 = CARTESIAN_POINT('',(-2.334410454654,48.302030979502));
#2625 = VECTOR('',#2626,1.);
#2626 = DIRECTION('',(-0.649262379928,-0.760564502202));
#2627 = ( GEOMETRIC_REPRESENTATION_CONTEXT(2) 
PARAMETRIC_REPRESENTATION_CONTEXT() REPRESENTATION_CONTEXT('2D SPACE',''
  ) );
#2628 = PCURVE('',#1888,#2629);
#2629 = DEFINITIONAL_REPRESENTATION('',(#2630),#2634);
#2630 = LINE('',#2631,#2632);
#2631 = CARTESIAN_POINT('',(-0.,0.));
#2632 = VECTOR('',#2633,1.);
#2633 = DIRECTION('',(1.,0.));
#2634 = ( GEOMETRIC_REPRESENTATION_CONTEXT(2) 
PARAMETRIC_REPRESENTATION_CONTEXT() REPRESENTATION_CONTEXT('2D SPACE',''
  ) );
#2635 = ORIENTED_EDGE('',*,*,#1900,.T.);
#2636 = ORIENTED_EDGE('',*,*,#2488,.T.);
#2637 = ORIENTED_EDGE('',*,*,#2638,.T.);
#2638 = EDGE_CURVE('',#2489,#2614,#2639,.T.);
#2639 = SURFACE_CURVE('',#2640,(#2644,#2651),.PCURVE_S1.);
#2640 = LINE('',#2641,#2642);
#2641 = CARTESIAN_POINT('',(2.25,115.,131.));
#2642 = VECTOR('',#2643,1.);
#2643 = DIRECTION('',(0.,0.,-1.));
#2644 = PCURVE('',#1913,#2645);
#2645 = DEFINITIONAL_REPRESENTATION('',(#2646),#2650);
#2646 = LINE('',#2647,#2648);
#2647 = CARTESIAN_POINT('',(52.665589545346,48.302030979502));
#2648 = VECTOR('',#2649,1.);
#2649 = DIRECTION('',(-1.,0.));
#2650 = ( GEOMETRIC_REPRESENTATION_CONTEXT(2) 
PARAMETRIC_REPRESENTATION_CONTEXT() REPRESENTATION_CONTEXT('2D SPACE',''
  ) );
#2651 = PCURVE('',#2549,#2652);
#2652 = DEFINITIONAL_REPRESENTATION('',(#2653),#2657);
#2653 = LINE('',#2654,#2655);
#2654 = CARTESIAN_POINT('',(0.,0.));
#2655 = VECTOR('',#2656,1.);
#2656 = DIRECTION('',(1.,0.));
#2657 = ( GEOMETRIC_REPRESENTATION_CONTEXT(2) 
PARAMETRIC_REPRESENTATION_CONTEXT() REPRESENTATION_CONTEXT('2D SPACE',''
  ) );
#2658 = ADVANCED_FACE('',(#2659),#1888,.F.);
#2659 = FACE_BOUND('',#2660,.F.);
#2660 = EDGE_LOOP('',(#2661,#2662,#2683,#2684));
#2661 = ORIENTED_EDGE('',*,*,#2613,.F.);
#2662 = ORIENTED_EDGE('',*,*,#2663,.T.);
#2663 = EDGE_CURVE('',#2614,#2565,#2664,.T.);
#2664 = SURFACE_CURVE('',#2665,(#2669,#2676),.PCURVE_S1.);
#2665 = LINE('',#2666,#2667);
#2666 = CARTESIAN_POINT('',(2.25,115.,76.));
#2667 = VECTOR('',#2668,1.);
#2668 = DIRECTION('',(-1.,1.110223024625E-16,0.));
#2669 = PCURVE('',#1888,#2670);
#2670 = DEFINITIONAL_REPRESENTATION('',(#2671),#2675);
#2671 = LINE('',#2672,#2673);
#2672 = CARTESIAN_POINT('',(-0.,0.));
#2673 = VECTOR('',#2674,1.);
#2674 = DIRECTION('',(0.,-1.));
#2675 = ( GEOMETRIC_REPRESENTATION_CONTEXT(2) 
PARAMETRIC_REPRESENTATION_CONTEXT() REPRESENTATION_CONTEXT('2D SPACE',''
  ) );
#2676 = PCURVE('',#2549,#2677);
#2677 = DEFINITIONAL_REPRESENTATION('',(#2678),#2682);
#2678 = LINE('',#2679,#2680);
#2679 = CARTESIAN_POINT('',(55.,0.));
#2680 = VECTOR('',#2681,1.);
#2681 = DIRECTION('',(0.,-1.));
#2682 = ( GEOMETRIC_REPRESENTATION_CONTEXT(2) 
PARAMETRIC_REPRESENTATION_CONTEXT() REPRESENTATION_CONTEXT('2D SPACE',''
  ) );
#2683 = ORIENTED_EDGE('',*,*,#2564,.T.);
#2684 = ORIENTED_EDGE('',*,*,#1868,.F.);
#2685 = ADVANCED_FACE('',(#2686),#1948,.F.);
#2686 = FACE_BOUND('',#2687,.F.);
#2687 = EDGE_LOOP('',(#2688,#2711,#2712,#2735));
#2688 = ORIENTED_EDGE('',*,*,#2689,.F.);
#2689 = EDGE_CURVE('',#1929,#2690,#2692,.T.);
#2690 = VERTEX_POINT('',#2691);
#2691 = CARTESIAN_POINT('',(-115.,2.25,131.));
#2692 = SURFACE_CURVE('',#2693,(#2697,#2704),.PCURVE_S1.);
#2693 = LINE('',#2694,#2695);
#2694 = CARTESIAN_POINT('',(-33.,2.25,126.));
#2695 = VECTOR('',#2696,1.);
#2696 = DIRECTION('',(-0.998146155389,1.222376494279E-16,
    6.086257045056E-02));
#2697 = PCURVE('',#1948,#2698);
#2698 = DEFINITIONAL_REPRESENTATION('',(#2699),#2703);
#2699 = LINE('',#2700,#2701);
#2700 = CARTESIAN_POINT('',(0.,0.));
#2701 = VECTOR('',#2702,1.);
#2702 = DIRECTION('',(1.,-2.646425812915E-33));
#2703 = ( GEOMETRIC_REPRESENTATION_CONTEXT(2) 
PARAMETRIC_REPRESENTATION_CONTEXT() REPRESENTATION_CONTEXT('2D SPACE',''
  ) );
#2704 = PCURVE('',#2031,#2705);
#2705 = DEFINITIONAL_REPRESENTATION('',(#2706),#2710);
#2706 = LINE('',#2707,#2708);
#2707 = CARTESIAN_POINT('',(47.665589545346,-33.69796902049));
#2708 = VECTOR('',#2709,1.);
#2709 = DIRECTION('',(6.086257045056E-02,0.998146155389));
#2710 = ( GEOMETRIC_REPRESENTATION_CONTEXT(2) 
PARAMETRIC_REPRESENTATION_CONTEXT() REPRESENTATION_CONTEXT('2D SPACE',''
  ) );
#2711 = ORIENTED_EDGE('',*,*,#1926,.F.);
#2712 = ORIENTED_EDGE('',*,*,#2713,.T.);
#2713 = EDGE_CURVE('',#1927,#2714,#2716,.T.);
#2714 = VERTEX_POINT('',#2715);
#2715 = CARTESIAN_POINT('',(-115.,-2.25,131.));
#2716 = SURFACE_CURVE('',#2717,(#2721,#2728),.PCURVE_S1.);
#2717 = LINE('',#2718,#2719);
#2718 = CARTESIAN_POINT('',(-33.,-2.25,126.));
#2719 = VECTOR('',#2720,1.);
#2720 = DIRECTION('',(-0.998146155389,1.222376494279E-16,
    6.086257045056E-02));
#2721 = PCURVE('',#1948,#2722);
#2722 = DEFINITIONAL_REPRESENTATION('',(#2723),#2727);
#2723 = LINE('',#2724,#2725);
#2724 = CARTESIAN_POINT('',(-5.500694224254E-16,-4.5));
#2725 = VECTOR('',#2726,1.);
#2726 = DIRECTION('',(1.,-2.646425812915E-33));
#2727 = ( GEOMETRIC_REPRESENTATION_CONTEXT(2) 
PARAMETRIC_REPRESENTATION_CONTEXT() REPRESENTATION_CONTEXT('2D SPACE',''
  ) );
#2728 = PCURVE('',#1975,#2729);
#2729 = DEFINITIONAL_REPRESENTATION('',(#2730),#2734);
#2730 = LINE('',#2731,#2732);
#2731 = CARTESIAN_POINT('',(47.665589545346,-33.69796902049));
#2732 = VECTOR('',#2733,1.);
#2733 = DIRECTION('',(6.086257045056E-02,0.998146155389));
#2734 = ( GEOMETRIC_REPRESENTATION_CONTEXT(2) 
PARAMETRIC_REPRESENTATION_CONTEXT() REPRESENTATION_CONTEXT('2D SPACE',''
  ) );
#2735 = ORIENTED_EDGE('',*,*,#2736,.F.);
#2736 = EDGE_CURVE('',#2690,#2714,#2737,.T.);
#2737 = SURFACE_CURVE('',#2738,(#2742,#2749),.PCURVE_S1.);
#2738 = LINE('',#2739,#2740);
#2739 = CARTESIAN_POINT('',(-115.,2.25,131.));
#2740 = VECTOR('',#2741,1.);
#2741 = DIRECTION('',(-1.224646799147E-16,-1.,0.));
#2742 = PCURVE('',#1948,#2743);
#2743 = DEFINITIONAL_REPRESENTATION('',(#2744),#2748);
#2744 = LINE('',#2745,#2746);
#2745 = CARTESIAN_POINT('',(82.152297594163,1.719480735431E-16));
#2746 = VECTOR('',#2747,1.);
#2747 = DIRECTION('',(2.629469696183E-33,-1.));
#2748 = ( GEOMETRIC_REPRESENTATION_CONTEXT(2) 
PARAMETRIC_REPRESENTATION_CONTEXT() REPRESENTATION_CONTEXT('2D SPACE',''
  ) );
#2749 = PCURVE('',#2750,#2755);
#2750 = PLANE('',#2751);
#2751 = AXIS2_PLACEMENT_3D('',#2752,#2753,#2754);
#2752 = CARTESIAN_POINT('',(-115.,2.25,131.));
#2753 = DIRECTION('',(1.,-1.224646799147E-16,0.));
#2754 = DIRECTION('',(-0.,0.,-1.));
#2755 = DEFINITIONAL_REPRESENTATION('',(#2756),#2760);
#2756 = LINE('',#2757,#2758);
#2757 = CARTESIAN_POINT('',(0.,0.));
#2758 = VECTOR('',#2759,1.);
#2759 = DIRECTION('',(0.,-1.));
#2760 = ( GEOMETRIC_REPRESENTATION_CONTEXT(2) 
PARAMETRIC_REPRESENTATION_CONTEXT() REPRESENTATION_CONTEXT('2D SPACE',''
  ) );
#2761 = ADVANCED_FACE('',(#2762),#1975,.T.);
#2762 = FACE_BOUND('',#2763,.T.);
#2763 = EDGE_LOOP('',(#2764,#2787,#2788,#2789));
#2764 = ORIENTED_EDGE('',*,*,#2765,.T.);
#2765 = EDGE_CURVE('',#2766,#1961,#2768,.T.);
#2766 = VERTEX_POINT('',#2767);
#2767 = CARTESIAN_POINT('',(-115.,-2.25,76.));
#2768 = SURFACE_CURVE('',#2769,(#2773,#2780),.PCURVE_S1.);
#2769 = LINE('',#2770,#2771);
#2770 = CARTESIAN_POINT('',(-115.,-2.25,76.));
#2771 = VECTOR('',#2772,1.);
#2772 = DIRECTION('',(0.760564502202,-9.314228831667E-17,-0.649262379928
    ));
#2773 = PCURVE('',#1975,#2774);
#2774 = DEFINITIONAL_REPRESENTATION('',(#2775),#2779);
#2775 = LINE('',#2776,#2777);
#2776 = CARTESIAN_POINT('',(-2.334410454654,48.302030979502));
#2777 = VECTOR('',#2778,1.);
#2778 = DIRECTION('',(-0.649262379928,-0.760564502202));
#2779 = ( GEOMETRIC_REPRESENTATION_CONTEXT(2) 
PARAMETRIC_REPRESENTATION_CONTEXT() REPRESENTATION_CONTEXT('2D SPACE',''
  ) );
#2780 = PCURVE('',#2006,#2781);
#2781 = DEFINITIONAL_REPRESENTATION('',(#2782),#2786);
#2782 = LINE('',#2783,#2784);
#2783 = CARTESIAN_POINT('',(4.19140297425E-16,-4.5));
#2784 = VECTOR('',#2785,1.);
#2785 = DIRECTION('',(1.,-5.47881547025E-33));
#2786 = ( GEOMETRIC_REPRESENTATION_CONTEXT(2) 
PARAMETRIC_REPRESENTATION_CONTEXT() REPRESENTATION_CONTEXT('2D SPACE',''
  ) );
#2787 = ORIENTED_EDGE('',*,*,#1960,.T.);
#2788 = ORIENTED_EDGE('',*,*,#2713,.T.);
#2789 = ORIENTED_EDGE('',*,*,#2790,.T.);
#2790 = EDGE_CURVE('',#2714,#2766,#2791,.T.);
#2791 = SURFACE_CURVE('',#2792,(#2796,#2803),.PCURVE_S1.);
#2792 = LINE('',#2793,#2794);
#2793 = CARTESIAN_POINT('',(-115.,-2.25,131.));
#2794 = VECTOR('',#2795,1.);
#2795 = DIRECTION('',(-0.,0.,-1.));
#2796 = PCURVE('',#1975,#2797);
#2797 = DEFINITIONAL_REPRESENTATION('',(#2798),#2802);
#2798 = LINE('',#2799,#2800);
#2799 = CARTESIAN_POINT('',(52.665589545346,48.302030979502));
#2800 = VECTOR('',#2801,1.);
#2801 = DIRECTION('',(-1.,0.));
#2802 = ( GEOMETRIC_REPRESENTATION_CONTEXT(2) 
PARAMETRIC_REPRESENTATION_CONTEXT() REPRESENTATION_CONTEXT('2D SPACE',''
  ) );
#2803 = PCURVE('',#2750,#2804);
#2804 = DEFINITIONAL_REPRESENTATION('',(#2805),#2809);
#2805 = LINE('',#2806,#2807);
#2806 = CARTESIAN_POINT('',(-0.,-4.5));
#2807 = VECTOR('',#2808,1.);
#2808 = DIRECTION('',(1.,0.));
#2809 = ( GEOMETRIC_REPRESENTATION_CONTEXT(2) 
PARAMETRIC_REPRESENTATION_CONTEXT() REPRESENTATION_CONTEXT('2D SPACE',''
  ) );
#2810 = ADVANCED_FACE('',(#2811),#2031,.F.);
#2811 = FACE_BOUND('',#2812,.F.);
#2812 = EDGE_LOOP('',(#2813,#2836,#2837,#2838));
#2813 = ORIENTED_EDGE('',*,*,#2814,.T.);
#2814 = EDGE_CURVE('',#2815,#1987,#2817,.T.);
#2815 = VERTEX_POINT('',#2816);
#2816 = CARTESIAN_POINT('',(-115.,2.25,76.));
#2817 = SURFACE_CURVE('',#2818,(#2822,#2829),.PCURVE_S1.);
#2818 = LINE('',#2819,#2820);
#2819 = CARTESIAN_POINT('',(-115.,2.25,76.));
#2820 = VECTOR('',#2821,1.);
#2821 = DIRECTION('',(0.760564502202,-9.314228831667E-17,-0.649262379928
    ));
#2822 = PCURVE('',#2031,#2823);
#2823 = DEFINITIONAL_REPRESENTATION('',(#2824),#2828);
#2824 = LINE('',#2825,#2826);
#2825 = CARTESIAN_POINT('',(-2.334410454654,48.302030979502));
#2826 = VECTOR('',#2827,1.);
#2827 = DIRECTION('',(-0.649262379928,-0.760564502202));
#2828 = ( GEOMETRIC_REPRESENTATION_CONTEXT(2) 
PARAMETRIC_REPRESENTATION_CONTEXT() REPRESENTATION_CONTEXT('2D SPACE',''
  ) );
#2829 = PCURVE('',#2006,#2830);
#2830 = DEFINITIONAL_REPRESENTATION('',(#2831),#2835);
#2831 = LINE('',#2832,#2833);
#2832 = CARTESIAN_POINT('',(0.,0.));
#2833 = VECTOR('',#2834,1.);
#2834 = DIRECTION('',(1.,-5.47881547025E-33));
#2835 = ( GEOMETRIC_REPRESENTATION_CONTEXT(2) 
PARAMETRIC_REPRESENTATION_CONTEXT() REPRESENTATION_CONTEXT('2D SPACE',''
  ) );
#2836 = ORIENTED_EDGE('',*,*,#2018,.T.);
#2837 = ORIENTED_EDGE('',*,*,#2689,.T.);
#2838 = ORIENTED_EDGE('',*,*,#2839,.T.);
#2839 = EDGE_CURVE('',#2690,#2815,#2840,.T.);
#2840 = SURFACE_CURVE('',#2841,(#2845,#2852),.PCURVE_S1.);
#2841 = LINE('',#2842,#2843);
#2842 = CARTESIAN_POINT('',(-115.,2.25,131.));
#2843 = VECTOR('',#2844,1.);
#2844 = DIRECTION('',(-0.,0.,-1.));
#2845 = PCURVE('',#2031,#2846);
#2846 = DEFINITIONAL_REPRESENTATION('',(#2847),#2851);
#2847 = LINE('',#2848,#2849);
#2848 = CARTESIAN_POINT('',(52.665589545346,48.302030979502));
#2849 = VECTOR('',#2850,1.);
#2850 = DIRECTION('',(-1.,0.));
#2851 = ( GEOMETRIC_REPRESENTATION_CONTEXT(2) 
PARAMETRIC_REPRESENTATION_CONTEXT() REPRESENTATION_CONTEXT('2D SPACE',''
  ) );
#2852 = PCURVE('',#2750,#2853);
#2853 = DEFINITIONAL_REPRESENTATION('',(#2854),#2858);
#2854 = LINE('',#2855,#2856);
#2855 = CARTESIAN_POINT('',(0.,0.));
#2856 = VECTOR('',#2857,1.);
#2857 = DIRECTION('',(1.,0.));
#2858 = ( GEOMETRIC_REPRESENTATION_CONTEXT(2) 
PARAMETRIC_REPRESENTATION_CONTEXT() REPRESENTATION_CONTEXT('2D SPACE',''
  ) );
#2859 = ADVANCED_FACE('',(#2860),#2006,.F.);
#2860 = FACE_BOUND('',#2861,.F.);
#2861 = EDGE_LOOP('',(#2862,#2863,#2884,#2885));
#2862 = ORIENTED_EDGE('',*,*,#2814,.F.);
#2863 = ORIENTED_EDGE('',*,*,#2864,.T.);
#2864 = EDGE_CURVE('',#2815,#2766,#2865,.T.);
#2865 = SURFACE_CURVE('',#2866,(#2870,#2877),.PCURVE_S1.);
#2866 = LINE('',#2867,#2868);
#2867 = CARTESIAN_POINT('',(-115.,2.25,76.));
#2868 = VECTOR('',#2869,1.);
#2869 = DIRECTION('',(-1.224646799147E-16,-1.,0.));
#2870 = PCURVE('',#2006,#2871);
#2871 = DEFINITIONAL_REPRESENTATION('',(#2872),#2876);
#2872 = LINE('',#2873,#2874);
#2873 = CARTESIAN_POINT('',(0.,0.));
#2874 = VECTOR('',#2875,1.);
#2875 = DIRECTION('',(6.355925380812E-33,-1.));
#2876 = ( GEOMETRIC_REPRESENTATION_CONTEXT(2) 
PARAMETRIC_REPRESENTATION_CONTEXT() REPRESENTATION_CONTEXT('2D SPACE',''
  ) );
#2877 = PCURVE('',#2750,#2878);
#2878 = DEFINITIONAL_REPRESENTATION('',(#2879),#2883);
#2879 = LINE('',#2880,#2881);
#2880 = CARTESIAN_POINT('',(55.,0.));
#2881 = VECTOR('',#2882,1.);
#2882 = DIRECTION('',(0.,-1.));
#2883 = ( GEOMETRIC_REPRESENTATION_CONTEXT(2) 
PARAMETRIC_REPRESENTATION_CONTEXT() REPRESENTATION_CONTEXT('2D SPACE',''
  ) );
#2884 = ORIENTED_EDGE('',*,*,#2765,.T.);
#2885 = ORIENTED_EDGE('',*,*,#1986,.F.);
#2886 = ADVANCED_FACE('',(#2887),#2066,.F.);
#2887 = FACE_BOUND('',#2888,.F.);
#2888 = EDGE_LOOP('',(#2889,#2912,#2913,#2936));
#2889 = ORIENTED_EDGE('',*,*,#2890,.F.);
#2890 = EDGE_CURVE('',#2047,#2891,#2893,.T.);
#2891 = VERTEX_POINT('',#2892);
#2892 = CARTESIAN_POINT('',(-2.25,-115.,131.));
#2893 = SURFACE_CURVE('',#2894,(#2898,#2905),.PCURVE_S1.);
#2894 = LINE('',#2895,#2896);
#2895 = CARTESIAN_POINT('',(-2.25,-33.,126.));
#2896 = VECTOR('',#2897,1.);
#2897 = DIRECTION('',(-2.216329687308E-16,-0.998146155389,
    6.086257045056E-02));
#2898 = PCURVE('',#2066,#2899);
#2899 = DEFINITIONAL_REPRESENTATION('',(#2900),#2904);
#2900 = LINE('',#2901,#2902);
#2901 = CARTESIAN_POINT('',(0.,0.));
#2902 = VECTOR('',#2903,1.);
#2903 = DIRECTION('',(1.,0.));
#2904 = ( GEOMETRIC_REPRESENTATION_CONTEXT(2) 
PARAMETRIC_REPRESENTATION_CONTEXT() REPRESENTATION_CONTEXT('2D SPACE',''
  ) );
#2905 = PCURVE('',#2149,#2906);
#2906 = DEFINITIONAL_REPRESENTATION('',(#2907),#2911);
#2907 = LINE('',#2908,#2909);
#2908 = CARTESIAN_POINT('',(47.665589545346,-33.69796902049));
#2909 = VECTOR('',#2910,1.);
#2910 = DIRECTION('',(6.086257045056E-02,0.998146155389));
#2911 = ( GEOMETRIC_REPRESENTATION_CONTEXT(2) 
PARAMETRIC_REPRESENTATION_CONTEXT() REPRESENTATION_CONTEXT('2D SPACE',''
  ) );
#2912 = ORIENTED_EDGE('',*,*,#2044,.F.);
#2913 = ORIENTED_EDGE('',*,*,#2914,.T.);
#2914 = EDGE_CURVE('',#2045,#2915,#2917,.T.);
#2915 = VERTEX_POINT('',#2916);
#2916 = CARTESIAN_POINT('',(2.25,-115.,131.));
#2917 = SURFACE_CURVE('',#2918,(#2922,#2929),.PCURVE_S1.);
#2918 = LINE('',#2919,#2920);
#2919 = CARTESIAN_POINT('',(2.25,-33.,126.));
#2920 = VECTOR('',#2921,1.);
#2921 = DIRECTION('',(-2.216329687308E-16,-0.998146155389,
    6.086257045056E-02));
#2922 = PCURVE('',#2066,#2923);
#2923 = DEFINITIONAL_REPRESENTATION('',(#2924),#2928);
#2924 = LINE('',#2925,#2926);
#2925 = CARTESIAN_POINT('',(-9.973483592887E-16,-4.5));
#2926 = VECTOR('',#2927,1.);
#2927 = DIRECTION('',(1.,0.));
#2928 = ( GEOMETRIC_REPRESENTATION_CONTEXT(2) 
PARAMETRIC_REPRESENTATION_CONTEXT() REPRESENTATION_CONTEXT('2D SPACE',''
  ) );
#2929 = PCURVE('',#2093,#2930);
#2930 = DEFINITIONAL_REPRESENTATION('',(#2931),#2935);
#2931 = LINE('',#2932,#2933);
#2932 = CARTESIAN_POINT('',(47.665589545346,-33.69796902049));
#2933 = VECTOR('',#2934,1.);
#2934 = DIRECTION('',(6.086257045056E-02,0.998146155389));
#2935 = ( GEOMETRIC_REPRESENTATION_CONTEXT(2) 
PARAMETRIC_REPRESENTATION_CONTEXT() REPRESENTATION_CONTEXT('2D SPACE',''
  ) );
#2936 = ORIENTED_EDGE('',*,*,#2937,.F.);
#2937 = EDGE_CURVE('',#2891,#2915,#2938,.T.);
#2938 = SURFACE_CURVE('',#2939,(#2943,#2950),.PCURVE_S1.);
#2939 = LINE('',#2940,#2941);
#2940 = CARTESIAN_POINT('',(-2.25,-115.,131.));
#2941 = VECTOR('',#2942,1.);
#2942 = DIRECTION('',(1.,-2.22044604925E-16,0.));
#2943 = PCURVE('',#2066,#2944);
#2944 = DEFINITIONAL_REPRESENTATION('',(#2945),#2949);
#2945 = LINE('',#2946,#2947);
#2946 = CARTESIAN_POINT('',(82.152297594163,4.440892098501E-16));
#2947 = VECTOR('',#2948,1.);
#2948 = DIRECTION('',(0.,-1.));
#2949 = ( GEOMETRIC_REPRESENTATION_CONTEXT(2) 
PARAMETRIC_REPRESENTATION_CONTEXT() REPRESENTATION_CONTEXT('2D SPACE',''
  ) );
#2950 = PCURVE('',#2951,#2956);
#2951 = PLANE('',#2952);
#2952 = AXIS2_PLACEMENT_3D('',#2953,#2954,#2955);
#2953 = CARTESIAN_POINT('',(-2.25,-115.,131.));
#2954 = DIRECTION('',(2.22044604925E-16,1.,0.));
#2955 = DIRECTION('',(0.,-0.,-1.));
#2956 = DEFINITIONAL_REPRESENTATION('',(#2957),#2961);
#2957 = LINE('',#2958,#2959);
#2958 = CARTESIAN_POINT('',(0.,0.));
#2959 = VECTOR('',#2960,1.);
#2960 = DIRECTION('',(0.,-1.));
#2961 = ( GEOMETRIC_REPRESENTATION_CONTEXT(2) 
PARAMETRIC_REPRESENTATION_CONTEXT() REPRESENTATION_CONTEXT('2D SPACE',''
  ) );
#2962 = ADVANCED_FACE('',(#2963),#2149,.F.);
#2963 = FACE_BOUND('',#2964,.F.);
#2964 = EDGE_LOOP('',(#2965,#2988,#2989,#2990));
#2965 = ORIENTED_EDGE('',*,*,#2966,.T.);
#2966 = EDGE_CURVE('',#2967,#2105,#2969,.T.);
#2967 = VERTEX_POINT('',#2968);
#2968 = CARTESIAN_POINT('',(-2.25,-115.,76.));
#2969 = SURFACE_CURVE('',#2970,(#2974,#2981),.PCURVE_S1.);
#2970 = LINE('',#2971,#2972);
#2971 = CARTESIAN_POINT('',(-2.25,-115.,76.));
#2972 = VECTOR('',#2973,1.);
#2973 = DIRECTION('',(1.688792444114E-16,0.760564502202,-0.649262379928)
  );
#2974 = PCURVE('',#2149,#2975);
#2975 = DEFINITIONAL_REPRESENTATION('',(#2976),#2980);
#2976 = LINE('',#2977,#2978);
#2977 = CARTESIAN_POINT('',(-2.334410454654,48.302030979502));
#2978 = VECTOR('',#2979,1.);
#2979 = DIRECTION('',(-0.649262379928,-0.760564502202));
#2980 = ( GEOMETRIC_REPRESENTATION_CONTEXT(2) 
PARAMETRIC_REPRESENTATION_CONTEXT() REPRESENTATION_CONTEXT('2D SPACE',''
  ) );
#2981 = PCURVE('',#2124,#2982);
#2982 = DEFINITIONAL_REPRESENTATION('',(#2983),#2987);
#2983 = LINE('',#2984,#2985);
#2984 = CARTESIAN_POINT('',(0.,0.));
#2985 = VECTOR('',#2986,1.);
#2986 = DIRECTION('',(1.,0.));
#2987 = ( GEOMETRIC_REPRESENTATION_CONTEXT(2) 
PARAMETRIC_REPRESENTATION_CONTEXT() REPRESENTATION_CONTEXT('2D SPACE',''
  ) );
#2988 = ORIENTED_EDGE('',*,*,#2136,.T.);
#2989 = ORIENTED_EDGE('',*,*,#2890,.T.);
#2990 = ORIENTED_EDGE('',*,*,#2991,.T.);
#2991 = EDGE_CURVE('',#2891,#2967,#2992,.T.);
#2992 = SURFACE_CURVE('',#2993,(#2997,#3004),.PCURVE_S1.);
#2993 = LINE('',#2994,#2995);
#2994 = CARTESIAN_POINT('',(-2.25,-115.,131.));
#2995 = VECTOR('',#2996,1.);
#2996 = DIRECTION('',(0.,-0.,-1.));
#2997 = PCURVE('',#2149,#2998);
#2998 = DEFINITIONAL_REPRESENTATION('',(#2999),#3003);
#2999 = LINE('',#3000,#3001);
#3000 = CARTESIAN_POINT('',(52.665589545346,48.302030979502));
#3001 = VECTOR('',#3002,1.);
#3002 = DIRECTION('',(-1.,-0.));
#3003 = ( GEOMETRIC_REPRESENTATION_CONTEXT(2) 
PARAMETRIC_REPRESENTATION_CONTEXT() REPRESENTATION_CONTEXT('2D SPACE',''
  ) );
#3004 = PCURVE('',#2951,#3005);
#3005 = DEFINITIONAL_REPRESENTATION('',(#3006),#3010);
#3006 = LINE('',#3007,#3008);
#3007 = CARTESIAN_POINT('',(0.,0.));
#3008 = VECTOR('',#3009,1.);
#3009 = DIRECTION('',(1.,0.));
#3010 = ( GEOMETRIC_REPRESENTATION_CONTEXT(2) 
PARAMETRIC_REPRESENTATION_CONTEXT() REPRESENTATION_CONTEXT('2D SPACE',''
  ) );
#3011 = ADVANCED_FACE('',(#3012),#2124,.F.);
#3012 = FACE_BOUND('',#3013,.F.);
#3013 = EDGE_LOOP('',(#3014,#3015,#3038,#3059));
#3014 = ORIENTED_EDGE('',*,*,#2966,.F.);
#3015 = ORIENTED_EDGE('',*,*,#3016,.T.);
#3016 = EDGE_CURVE('',#2967,#3017,#3019,.T.);
#3017 = VERTEX_POINT('',#3018);
#3018 = CARTESIAN_POINT('',(2.25,-115.,76.));
#3019 = SURFACE_CURVE('',#3020,(#3024,#3031),.PCURVE_S1.);
#3020 = LINE('',#3021,#3022);
#3021 = CARTESIAN_POINT('',(-2.25,-115.,76.));
#3022 = VECTOR('',#3023,1.);
#3023 = DIRECTION('',(1.,-2.22044604925E-16,0.));
#3024 = PCURVE('',#2124,#3025);
#3025 = DEFINITIONAL_REPRESENTATION('',(#3026),#3030);
#3026 = LINE('',#3027,#3028);
#3027 = CARTESIAN_POINT('',(0.,0.));
#3028 = VECTOR('',#3029,1.);
#3029 = DIRECTION('',(0.,-1.));
#3030 = ( GEOMETRIC_REPRESENTATION_CONTEXT(2) 
PARAMETRIC_REPRESENTATION_CONTEXT() REPRESENTATION_CONTEXT('2D SPACE',''
  ) );
#3031 = PCURVE('',#2951,#3032);
#3032 = DEFINITIONAL_REPRESENTATION('',(#3033),#3037);
#3033 = LINE('',#3034,#3035);
#3034 = CARTESIAN_POINT('',(55.,0.));
#3035 = VECTOR('',#3036,1.);
#3036 = DIRECTION('',(0.,-1.));
#3037 = ( GEOMETRIC_REPRESENTATION_CONTEXT(2) 
PARAMETRIC_REPRESENTATION_CONTEXT() REPRESENTATION_CONTEXT('2D SPACE',''
  ) );
#3038 = ORIENTED_EDGE('',*,*,#3039,.T.);
#3039 = EDGE_CURVE('',#3017,#2079,#3040,.T.);
#3040 = SURFACE_CURVE('',#3041,(#3045,#3052),.PCURVE_S1.);
#3041 = LINE('',#3042,#3043);
#3042 = CARTESIAN_POINT('',(2.25,-115.,76.));
#3043 = VECTOR('',#3044,1.);
#3044 = DIRECTION('',(1.688792444114E-16,0.760564502202,-0.649262379928)
  );
#3045 = PCURVE('',#2124,#3046);
#3046 = DEFINITIONAL_REPRESENTATION('',(#3047),#3051);
#3047 = LINE('',#3048,#3049);
#3048 = CARTESIAN_POINT('',(7.599565998514E-16,-4.5));
#3049 = VECTOR('',#3050,1.);
#3050 = DIRECTION('',(1.,0.));
#3051 = ( GEOMETRIC_REPRESENTATION_CONTEXT(2) 
PARAMETRIC_REPRESENTATION_CONTEXT() REPRESENTATION_CONTEXT('2D SPACE',''
  ) );
#3052 = PCURVE('',#2093,#3053);
#3053 = DEFINITIONAL_REPRESENTATION('',(#3054),#3058);
#3054 = LINE('',#3055,#3056);
#3055 = CARTESIAN_POINT('',(-2.334410454654,48.302030979502));
#3056 = VECTOR('',#3057,1.);
#3057 = DIRECTION('',(-0.649262379928,-0.760564502202));
#3058 = ( GEOMETRIC_REPRESENTATION_CONTEXT(2) 
PARAMETRIC_REPRESENTATION_CONTEXT() REPRESENTATION_CONTEXT('2D SPACE',''
  ) );
#3059 = ORIENTED_EDGE('',*,*,#2104,.F.);
#3060 = ADVANCED_FACE('',(#3061),#2093,.T.);
#3061 = FACE_BOUND('',#3062,.T.);
#3062 = EDGE_LOOP('',(#3063,#3064,#3065,#3066));
#3063 = ORIENTED_EDGE('',*,*,#3039,.T.);
#3064 = ORIENTED_EDGE('',*,*,#2078,.T.);
#3065 = ORIENTED_EDGE('',*,*,#2914,.T.);
#3066 = ORIENTED_EDGE('',*,*,#3067,.T.);
#3067 = EDGE_CURVE('',#2915,#3017,#3068,.T.);
#3068 = SURFACE_CURVE('',#3069,(#3073,#3080),.PCURVE_S1.);
#3069 = LINE('',#3070,#3071);
#3070 = CARTESIAN_POINT('',(2.25,-115.,131.));
#3071 = VECTOR('',#3072,1.);
#3072 = DIRECTION('',(0.,-0.,-1.));
#3073 = PCURVE('',#2093,#3074);
#3074 = DEFINITIONAL_REPRESENTATION('',(#3075),#3079);
#3075 = LINE('',#3076,#3077);
#3076 = CARTESIAN_POINT('',(52.665589545346,48.302030979502));
#3077 = VECTOR('',#3078,1.);
#3078 = DIRECTION('',(-1.,-0.));
#3079 = ( GEOMETRIC_REPRESENTATION_CONTEXT(2) 
PARAMETRIC_REPRESENTATION_CONTEXT() REPRESENTATION_CONTEXT('2D SPACE',''
  ) );
#3080 = PCURVE('',#2951,#3081);
#3081 = DEFINITIONAL_REPRESENTATION('',(#3082),#3086);
#3082 = LINE('',#3083,#3084);
#3083 = CARTESIAN_POINT('',(0.,-4.5));
#3084 = VECTOR('',#3085,1.);
#3085 = DIRECTION('',(1.,0.));
#3086 = ( GEOMETRIC_REPRESENTATION_CONTEXT(2) 
PARAMETRIC_REPRESENTATION_CONTEXT() REPRESENTATION_CONTEXT('2D SPACE',''
  ) );
#3087 = ADVANCED_FACE('',(#3088),#2180,.F.);
#3088 = FACE_BOUND('',#3089,.F.);
#3089 = EDGE_LOOP('',(#3090,#3118,#3139,#3140));
#3090 = ORIENTED_EDGE('',*,*,#3091,.F.);
#3091 = EDGE_CURVE('',#3092,#3092,#3094,.T.);
#3092 = VERTEX_POINT('',#3093);
#3093 = CARTESIAN_POINT('',(40.8,-5.284936235332E-15,674.));
#3094 = SURFACE_CURVE('',#3095,(#3100,#3107),.PCURVE_S1.);
#3095 = CIRCLE('',#3096,40.8);
#3096 = AXIS2_PLACEMENT_3D('',#3097,#3098,#3099);
#3097 = CARTESIAN_POINT('',(0.,0.,674.));
#3098 = DIRECTION('',(0.,0.,1.));
#3099 = DIRECTION('',(1.,0.,-0.));
#3100 = PCURVE('',#2180,#3101);
#3101 = DEFINITIONAL_REPRESENTATION('',(#3102),#3106);
#3102 = LINE('',#3103,#3104);
#3103 = CARTESIAN_POINT('',(0.,161.));
#3104 = VECTOR('',#3105,1.);
#3105 = DIRECTION('',(1.,0.));
#3106 = ( GEOMETRIC_REPRESENTATION_CONTEXT(2) 
PARAMETRIC_REPRESENTATION_CONTEXT() REPRESENTATION_CONTEXT('2D SPACE',''
  ) );
#3107 = PCURVE('',#3108,#3113);
#3108 = CONICAL_SURFACE('',#3109,40.8,3.321768468302E-03);
#3109 = AXIS2_PLACEMENT_3D('',#3110,#3111,#3112);
#3110 = CARTESIAN_POINT('',(0.,0.,674.));
#3111 = DIRECTION('',(-0.,-0.,-1.));
#3112 = DIRECTION('',(1.,0.,-0.));
#3113 = DEFINITIONAL_REPRESENTATION('',(#3114),#3117);
#3114 = B_SPLINE_CURVE_WITH_KNOTS('',1,(#3115,#3116),.UNSPECIFIED.,.F.,
  .F.,(2,2),(0.,6.28318530718),.PIECEWISE_BEZIER_KNOTS.);
#3115 = CARTESIAN_POINT('',(0.,0.));
#3116 = CARTESIAN_POINT('',(-6.28318530718,0.));
#3117 = ( GEOMETRIC_REPRESENTATION_CONTEXT(2) 
PARAMETRIC_REPRESENTATION_CONTEXT() REPRESENTATION_CONTEXT('2D SPACE',''
  ) );
#3118 = ORIENTED_EDGE('',*,*,#3119,.F.);
#3119 = EDGE_CURVE('',#2164,#3092,#3120,.T.);
#3120 = SEAM_CURVE('',#3121,(#3125,#3132),.PCURVE_S1.);
#3121 = LINE('',#3122,#3123);
#3122 = CARTESIAN_POINT('',(40.8,-9.993117881042E-15,513.));
#3123 = VECTOR('',#3124,1.);
#3124 = DIRECTION('',(0.,0.,1.));
#3125 = PCURVE('',#2180,#3126);
#3126 = DEFINITIONAL_REPRESENTATION('',(#3127),#3131);
#3127 = LINE('',#3128,#3129);
#3128 = CARTESIAN_POINT('',(6.28318530718,-0.));
#3129 = VECTOR('',#3130,1.);
#3130 = DIRECTION('',(0.,1.));
#3131 = ( GEOMETRIC_REPRESENTATION_CONTEXT(2) 
PARAMETRIC_REPRESENTATION_CONTEXT() REPRESENTATION_CONTEXT('2D SPACE',''
  ) );
#3132 = PCURVE('',#2180,#3133);
#3133 = DEFINITIONAL_REPRESENTATION('',(#3134),#3138);
#3134 = LINE('',#3135,#3136);
#3135 = CARTESIAN_POINT('',(0.,-0.));
#3136 = VECTOR('',#3137,1.);
#3137 = DIRECTION('',(0.,1.));
#3138 = ( GEOMETRIC_REPRESENTATION_CONTEXT(2) 
PARAMETRIC_REPRESENTATION_CONTEXT() REPRESENTATION_CONTEXT('2D SPACE',''
  ) );
#3139 = ORIENTED_EDGE('',*,*,#2163,.T.);
#3140 = ORIENTED_EDGE('',*,*,#3119,.T.);
#3141 = ADVANCED_FACE('',(#3142),#2293,.F.);
#3142 = FACE_BOUND('',#3143,.F.);
#3143 = EDGE_LOOP('',(#3144,#3145,#3146,#3147));
#3144 = ORIENTED_EDGE('',*,*,#2279,.T.);
#3145 = ORIENTED_EDGE('',*,*,#2410,.T.);
#3146 = ORIENTED_EDGE('',*,*,#2358,.F.);
#3147 = ORIENTED_EDGE('',*,*,#2333,.F.);
#3148 = ADVANCED_FACE('',(#3149),#2451,.T.);
#3149 = FACE_BOUND('',#3150,.T.);
#3150 = EDGE_LOOP('',(#3151,#3179,#3200,#3201));
#3151 = ORIENTED_EDGE('',*,*,#3152,.F.);
#3152 = EDGE_CURVE('',#3153,#3153,#3155,.T.);
#3153 = VERTEX_POINT('',#3154);
#3154 = CARTESIAN_POINT('',(42.,-1.028703311284E-14,514.));
#3155 = SURFACE_CURVE('',#3156,(#3161,#3168),.PCURVE_S1.);
#3156 = CIRCLE('',#3157,42.);
#3157 = AXIS2_PLACEMENT_3D('',#3158,#3159,#3160);
#3158 = CARTESIAN_POINT('',(0.,0.,514.));
#3159 = DIRECTION('',(0.,0.,1.));
#3160 = DIRECTION('',(1.,0.,-0.));
#3161 = PCURVE('',#2451,#3162);
#3162 = DEFINITIONAL_REPRESENTATION('',(#3163),#3167);
#3163 = LINE('',#3164,#3165);
#3164 = CARTESIAN_POINT('',(0.,110.));
#3165 = VECTOR('',#3166,1.);
#3166 = DIRECTION('',(1.,0.));
#3167 = ( GEOMETRIC_REPRESENTATION_CONTEXT(2) 
PARAMETRIC_REPRESENTATION_CONTEXT() REPRESENTATION_CONTEXT('2D SPACE',''
  ) );
#3168 = PCURVE('',#3169,#3174);
#3169 = CYLINDRICAL_SURFACE('',#3170,42.);
#3170 = AXIS2_PLACEMENT_3D('',#3171,#3172,#3173);
#3171 = CARTESIAN_POINT('',(0.,0.,514.));
#3172 = DIRECTION('',(0.,0.,1.));
#3173 = DIRECTION('',(1.,0.,-0.));
#3174 = DEFINITIONAL_REPRESENTATION('',(#3175),#3178);
#3175 = B_SPLINE_CURVE_WITH_KNOTS('',1,(#3176,#3177),.UNSPECIFIED.,.F.,
  .F.,(2,2),(0.,6.28318530718),.PIECEWISE_BEZIER_KNOTS.);
#3176 = CARTESIAN_POINT('',(0.,0.));
#3177 = CARTESIAN_POINT('',(6.28318530718,0.));
#3178 = ( GEOMETRIC_REPRESENTATION_CONTEXT(2) 
PARAMETRIC_REPRESENTATION_CONTEXT() REPRESENTATION_CONTEXT('2D SPACE',''
  ) );
#3179 = ORIENTED_EDGE('',*,*,#3180,.F.);
#3180 = EDGE_CURVE('',#2435,#3153,#3181,.T.);
#3181 = SEAM_CURVE('',#3182,(#3186,#3193),.PCURVE_S1.);
#3182 = LINE('',#3183,#3184);
#3183 = CARTESIAN_POINT('',(42.,-1.028703311284E-14,404.));
#3184 = VECTOR('',#3185,1.);
#3185 = DIRECTION('',(0.,0.,1.));
#3186 = PCURVE('',#2451,#3187);
#3187 = DEFINITIONAL_REPRESENTATION('',(#3188),#3192);
#3188 = LINE('',#3189,#3190);
#3189 = CARTESIAN_POINT('',(6.28318530718,-0.));
#3190 = VECTOR('',#3191,1.);
#3191 = DIRECTION('',(0.,1.));
#3192 = ( GEOMETRIC_REPRESENTATION_CONTEXT(2) 
PARAMETRIC_REPRESENTATION_CONTEXT() REPRESENTATION_CONTEXT('2D SPACE',''
  ) );
#3193 = PCURVE('',#2451,#3194);
#3194 = DEFINITIONAL_REPRESENTATION('',(#3195),#3199);
#3195 = LINE('',#3196,#3197);
#3196 = CARTESIAN_POINT('',(0.,-0.));
#3197 = VECTOR('',#3198,1.);
#3198 = DIRECTION('',(0.,1.));
#3199 = ( GEOMETRIC_REPRESENTATION_CONTEXT(2) 
PARAMETRIC_REPRESENTATION_CONTEXT() REPRESENTATION_CONTEXT('2D SPACE',''
  ) );
#3200 = ORIENTED_EDGE('',*,*,#2434,.T.);
#3201 = ORIENTED_EDGE('',*,*,#3180,.T.);
#3202 = ADVANCED_FACE('',(#3203),#2549,.F.);
#3203 = FACE_BOUND('',#3204,.F.);
#3204 = EDGE_LOOP('',(#3205,#3206,#3207,#3208));
#3205 = ORIENTED_EDGE('',*,*,#2535,.T.);
#3206 = ORIENTED_EDGE('',*,*,#2589,.T.);
#3207 = ORIENTED_EDGE('',*,*,#2663,.F.);
#3208 = ORIENTED_EDGE('',*,*,#2638,.F.);
#3209 = ADVANCED_FACE('',(#3210),#2750,.F.);
#3210 = FACE_BOUND('',#3211,.F.);
#3211 = EDGE_LOOP('',(#3212,#3213,#3214,#3215));
#3212 = ORIENTED_EDGE('',*,*,#2736,.T.);
#3213 = ORIENTED_EDGE('',*,*,#2790,.T.);
#3214 = ORIENTED_EDGE('',*,*,#2864,.F.);
#3215 = ORIENTED_EDGE('',*,*,#2839,.F.);
#3216 = ADVANCED_FACE('',(#3217),#2951,.F.);
#3217 = FACE_BOUND('',#3218,.F.);
#3218 = EDGE_LOOP('',(#3219,#3220,#3221,#3222));
#3219 = ORIENTED_EDGE('',*,*,#2937,.T.);
#3220 = ORIENTED_EDGE('',*,*,#3067,.T.);
#3221 = ORIENTED_EDGE('',*,*,#3016,.F.);
#3222 = ORIENTED_EDGE('',*,*,#2991,.F.);
#3223 = ADVANCED_FACE('',(#3224),#3108,.F.);
#3224 = FACE_BOUND('',#3225,.F.);
#3225 = EDGE_LOOP('',(#3226,#3249,#3250,#3251));
#3226 = ORIENTED_EDGE('',*,*,#3227,.F.);
#3227 = EDGE_CURVE('',#3092,#3228,#3230,.T.);
#3228 = VERTEX_POINT('',#3229);
#3229 = CARTESIAN_POINT('',(40.788816671691,0.,677.36666666666));
#3230 = SEAM_CURVE('',#3231,(#3235,#3242),.PCURVE_S1.);
#3231 = LINE('',#3232,#3233);
#3232 = CARTESIAN_POINT('',(40.8,0.,674.));
#3233 = VECTOR('',#3234,1.);
#3234 = DIRECTION('',(-3.321762359492E-03,0.,0.999994482932));
#3235 = PCURVE('',#3108,#3236);
#3236 = DEFINITIONAL_REPRESENTATION('',(#3237),#3241);
#3237 = LINE('',#3238,#3239);
#3238 = CARTESIAN_POINT('',(-0.,-0.));
#3239 = VECTOR('',#3240,1.);
#3240 = DIRECTION('',(-0.,-1.));
#3241 = ( GEOMETRIC_REPRESENTATION_CONTEXT(2) 
PARAMETRIC_REPRESENTATION_CONTEXT() REPRESENTATION_CONTEXT('2D SPACE',''
  ) );
#3242 = PCURVE('',#3108,#3243);
#3243 = DEFINITIONAL_REPRESENTATION('',(#3244),#3248);
#3244 = LINE('',#3245,#3246);
#3245 = CARTESIAN_POINT('',(-6.28318530718,-0.));
#3246 = VECTOR('',#3247,1.);
#3247 = DIRECTION('',(-0.,-1.));
#3248 = ( GEOMETRIC_REPRESENTATION_CONTEXT(2) 
PARAMETRIC_REPRESENTATION_CONTEXT() REPRESENTATION_CONTEXT('2D SPACE',''
  ) );
#3249 = ORIENTED_EDGE('',*,*,#3091,.T.);
#3250 = ORIENTED_EDGE('',*,*,#3227,.T.);
#3251 = ORIENTED_EDGE('',*,*,#3252,.F.);
#3252 = EDGE_CURVE('',#3228,#3228,#3253,.T.);
#3253 = SURFACE_CURVE('',#3254,(#3259,#3266),.PCURVE_S1.);
#3254 = CIRCLE('',#3255,40.788816671691);
#3255 = AXIS2_PLACEMENT_3D('',#3256,#3257,#3258);
#3256 = CARTESIAN_POINT('',(0.,0.,677.36666666666));
#3257 = DIRECTION('',(0.,0.,1.));
#3258 = DIRECTION('',(1.,0.,-0.));
#3259 = PCURVE('',#3108,#3260);
#3260 = DEFINITIONAL_REPRESENTATION('',(#3261),#3265);
#3261 = LINE('',#3262,#3263);
#3262 = CARTESIAN_POINT('',(-0.,-3.366666666667));
#3263 = VECTOR('',#3264,1.);
#3264 = DIRECTION('',(-1.,-0.));
#3265 = ( GEOMETRIC_REPRESENTATION_CONTEXT(2) 
PARAMETRIC_REPRESENTATION_CONTEXT() REPRESENTATION_CONTEXT('2D SPACE',''
  ) );
#3266 = PCURVE('',#3267,#3272);
#3267 = CONICAL_SURFACE('',#3268,40.788816671691,9.965452027656E-03);
#3268 = AXIS2_PLACEMENT_3D('',#3269,#3270,#3271);
#3269 = CARTESIAN_POINT('',(0.,0.,677.36666666666));
#3270 = DIRECTION('',(-0.,-0.,-1.));
#3271 = DIRECTION('',(1.,0.,-0.));
#3272 = DEFINITIONAL_REPRESENTATION('',(#3273),#3277);
#3273 = LINE('',#3274,#3275);
#3274 = CARTESIAN_POINT('',(-0.,-0.));
#3275 = VECTOR('',#3276,1.);
#3276 = DIRECTION('',(-1.,-0.));
#3277 = ( GEOMETRIC_REPRESENTATION_CONTEXT(2) 
PARAMETRIC_REPRESENTATION_CONTEXT() REPRESENTATION_CONTEXT('2D SPACE',''
  ) );
#3278 = ADVANCED_FACE('',(#3279),#3169,.T.);
#3279 = FACE_BOUND('',#3280,.T.);
#3280 = EDGE_LOOP('',(#3281,#3309,#3330,#3331));
#3281 = ORIENTED_EDGE('',*,*,#3282,.F.);
#3282 = EDGE_CURVE('',#3283,#3283,#3285,.T.);
#3283 = VERTEX_POINT('',#3284);
#3284 = CARTESIAN_POINT('',(42.,-5.143516556419E-15,674.));
#3285 = SURFACE_CURVE('',#3286,(#3291,#3298),.PCURVE_S1.);
#3286 = CIRCLE('',#3287,42.);
#3287 = AXIS2_PLACEMENT_3D('',#3288,#3289,#3290);
#3288 = CARTESIAN_POINT('',(0.,0.,674.));
#3289 = DIRECTION('',(0.,0.,1.));
#3290 = DIRECTION('',(1.,0.,-0.));
#3291 = PCURVE('',#3169,#3292);
#3292 = DEFINITIONAL_REPRESENTATION('',(#3293),#3297);
#3293 = LINE('',#3294,#3295);
#3294 = CARTESIAN_POINT('',(0.,160.));
#3295 = VECTOR('',#3296,1.);
#3296 = DIRECTION('',(1.,0.));
#3297 = ( GEOMETRIC_REPRESENTATION_CONTEXT(2) 
PARAMETRIC_REPRESENTATION_CONTEXT() REPRESENTATION_CONTEXT('2D SPACE',''
  ) );
#3298 = PCURVE('',#3299,#3304);
#3299 = CONICAL_SURFACE('',#3300,42.,3.321768468302E-03);
#3300 = AXIS2_PLACEMENT_3D('',#3301,#3302,#3303);
#3301 = CARTESIAN_POINT('',(0.,0.,674.));
#3302 = DIRECTION('',(-0.,-0.,-1.));
#3303 = DIRECTION('',(1.,0.,-0.));
#3304 = DEFINITIONAL_REPRESENTATION('',(#3305),#3308);
#3305 = B_SPLINE_CURVE_WITH_KNOTS('',1,(#3306,#3307),.UNSPECIFIED.,.F.,
  .F.,(2,2),(0.,6.28318530718),.PIECEWISE_BEZIER_KNOTS.);
#3306 = CARTESIAN_POINT('',(0.,0.));
#3307 = CARTESIAN_POINT('',(-6.28318530718,0.));
#3308 = ( GEOMETRIC_REPRESENTATION_CONTEXT(2) 
PARAMETRIC_REPRESENTATION_CONTEXT() REPRESENTATION_CONTEXT('2D SPACE',''
  ) );
#3309 = ORIENTED_EDGE('',*,*,#3310,.F.);
#3310 = EDGE_CURVE('',#3153,#3283,#3311,.T.);
#3311 = SEAM_CURVE('',#3312,(#3316,#3323),.PCURVE_S1.);
#3312 = LINE('',#3313,#3314);
#3313 = CARTESIAN_POINT('',(42.,-1.028703311284E-14,514.));
#3314 = VECTOR('',#3315,1.);
#3315 = DIRECTION('',(0.,0.,1.));
#3316 = PCURVE('',#3169,#3317);
#3317 = DEFINITIONAL_REPRESENTATION('',(#3318),#3322);
#3318 = LINE('',#3319,#3320);
#3319 = CARTESIAN_POINT('',(6.28318530718,-0.));
#3320 = VECTOR('',#3321,1.);
#3321 = DIRECTION('',(0.,1.));
#3322 = ( GEOMETRIC_REPRESENTATION_CONTEXT(2) 
PARAMETRIC_REPRESENTATION_CONTEXT() REPRESENTATION_CONTEXT('2D SPACE',''
  ) );
#3323 = PCURVE('',#3169,#3324);
#3324 = DEFINITIONAL_REPRESENTATION('',(#3325),#3329);
#3325 = LINE('',#3326,#3327);
#3326 = CARTESIAN_POINT('',(0.,-0.));
#3327 = VECTOR('',#3328,1.);
#3328 = DIRECTION('',(0.,1.));
#3329 = ( GEOMETRIC_REPRESENTATION_CONTEXT(2) 
PARAMETRIC_REPRESENTATION_CONTEXT() REPRESENTATION_CONTEXT('2D SPACE',''
  ) );
#3330 = ORIENTED_EDGE('',*,*,#3152,.T.);
#3331 = ORIENTED_EDGE('',*,*,#3310,.T.);
#3332 = ADVANCED_FACE('',(#3333),#3267,.F.);
#3333 = FACE_BOUND('',#3334,.F.);
#3334 = EDGE_LOOP('',(#3335,#3336,#3359,#3386));
#3335 = ORIENTED_EDGE('',*,*,#3252,.T.);
#3336 = ORIENTED_EDGE('',*,*,#3337,.T.);
#3337 = EDGE_CURVE('',#3228,#3338,#3340,.T.);
#3338 = VERTEX_POINT('',#3339);
#3339 = CARTESIAN_POINT('',(40.755265205855,0.,680.73333333333));
#3340 = SEAM_CURVE('',#3341,(#3345,#3352),.PCURVE_S1.);
#3341 = LINE('',#3342,#3343);
#3342 = CARTESIAN_POINT('',(40.788816671691,0.,677.36666666666));
#3343 = VECTOR('',#3344,1.);
#3344 = DIRECTION('',(-9.965287083246E-03,0.,0.999950345294));
#3345 = PCURVE('',#3267,#3346);
#3346 = DEFINITIONAL_REPRESENTATION('',(#3347),#3351);
#3347 = LINE('',#3348,#3349);
#3348 = CARTESIAN_POINT('',(-0.,-0.));
#3349 = VECTOR('',#3350,1.);
#3350 = DIRECTION('',(-0.,-1.));
#3351 = ( GEOMETRIC_REPRESENTATION_CONTEXT(2) 
PARAMETRIC_REPRESENTATION_CONTEXT() REPRESENTATION_CONTEXT('2D SPACE',''
  ) );
#3352 = PCURVE('',#3267,#3353);
#3353 = DEFINITIONAL_REPRESENTATION('',(#3354),#3358);
#3354 = LINE('',#3355,#3356);
#3355 = CARTESIAN_POINT('',(-6.28318530718,-0.));
#3356 = VECTOR('',#3357,1.);
#3357 = DIRECTION('',(-0.,-1.));
#3358 = ( GEOMETRIC_REPRESENTATION_CONTEXT(2) 
PARAMETRIC_REPRESENTATION_CONTEXT() REPRESENTATION_CONTEXT('2D SPACE',''
  ) );
#3359 = ORIENTED_EDGE('',*,*,#3360,.F.);
#3360 = EDGE_CURVE('',#3338,#3338,#3361,.T.);
#3361 = SURFACE_CURVE('',#3362,(#3367,#3374),.PCURVE_S1.);
#3362 = CIRCLE('',#3363,40.755265205855);
#3363 = AXIS2_PLACEMENT_3D('',#3364,#3365,#3366);
#3364 = CARTESIAN_POINT('',(0.,0.,680.73333333333));
#3365 = DIRECTION('',(0.,0.,1.));
#3366 = DIRECTION('',(1.,0.,-0.));
#3367 = PCURVE('',#3267,#3368);
#3368 = DEFINITIONAL_REPRESENTATION('',(#3369),#3373);
#3369 = LINE('',#3370,#3371);
#3370 = CARTESIAN_POINT('',(-0.,-3.366666666667));
#3371 = VECTOR('',#3372,1.);
#3372 = DIRECTION('',(-1.,-0.));
#3373 = ( GEOMETRIC_REPRESENTATION_CONTEXT(2) 
PARAMETRIC_REPRESENTATION_CONTEXT() REPRESENTATION_CONTEXT('2D SPACE',''
  ) );
#3374 = PCURVE('',#3375,#3380);
#3375 = CONICAL_SURFACE('',#3376,40.755265205855,1.660957551378E-02);
#3376 = AXIS2_PLACEMENT_3D('',#3377,#3378,#3379);
#3377 = CARTESIAN_POINT('',(0.,0.,680.73333333333));
#3378 = DIRECTION('',(-0.,-0.,-1.));
#3379 = DIRECTION('',(1.,0.,-0.));
#3380 = DEFINITIONAL_REPRESENTATION('',(#3381),#3385);
#3381 = LINE('',#3382,#3383);
#3382 = CARTESIAN_POINT('',(-0.,-0.));
#3383 = VECTOR('',#3384,1.);
#3384 = DIRECTION('',(-1.,-0.));
#3385 = ( GEOMETRIC_REPRESENTATION_CONTEXT(2) 
PARAMETRIC_REPRESENTATION_CONTEXT() REPRESENTATION_CONTEXT('2D SPACE',''
  ) );
#3386 = ORIENTED_EDGE('',*,*,#3337,.F.);
#3387 = ADVANCED_FACE('',(#3388),#3299,.T.);
#3388 = FACE_BOUND('',#3389,.T.);
#3389 = EDGE_LOOP('',(#3390,#3413,#3414,#3415));
#3390 = ORIENTED_EDGE('',*,*,#3391,.F.);
#3391 = EDGE_CURVE('',#3283,#3392,#3394,.T.);
#3392 = VERTEX_POINT('',#3393);
#3393 = CARTESIAN_POINT('',(41.988816671691,0.,677.36666666666));
#3394 = SEAM_CURVE('',#3395,(#3399,#3406),.PCURVE_S1.);
#3395 = LINE('',#3396,#3397);
#3396 = CARTESIAN_POINT('',(42.,0.,674.));
#3397 = VECTOR('',#3398,1.);
#3398 = DIRECTION('',(-3.321762359492E-03,0.,0.999994482932));
#3399 = PCURVE('',#3299,#3400);
#3400 = DEFINITIONAL_REPRESENTATION('',(#3401),#3405);
#3401 = LINE('',#3402,#3403);
#3402 = CARTESIAN_POINT('',(-0.,-0.));
#3403 = VECTOR('',#3404,1.);
#3404 = DIRECTION('',(-0.,-1.));
#3405 = ( GEOMETRIC_REPRESENTATION_CONTEXT(2) 
PARAMETRIC_REPRESENTATION_CONTEXT() REPRESENTATION_CONTEXT('2D SPACE',''
  ) );
#3406 = PCURVE('',#3299,#3407);
#3407 = DEFINITIONAL_REPRESENTATION('',(#3408),#3412);
#3408 = LINE('',#3409,#3410);
#3409 = CARTESIAN_POINT('',(-6.28318530718,-0.));
#3410 = VECTOR('',#3411,1.);
#3411 = DIRECTION('',(-0.,-1.));
#3412 = ( GEOMETRIC_REPRESENTATION_CONTEXT(2) 
PARAMETRIC_REPRESENTATION_CONTEXT() REPRESENTATION_CONTEXT('2D SPACE',''
  ) );
#3413 = ORIENTED_EDGE('',*,*,#3282,.T.);
#3414 = ORIENTED_EDGE('',*,*,#3391,.T.);
#3415 = ORIENTED_EDGE('',*,*,#3416,.F.);
#3416 = EDGE_CURVE('',#3392,#3392,#3417,.T.);
#3417 = SURFACE_CURVE('',#3418,(#3423,#3430),.PCURVE_S1.);
#3418 = CIRCLE('',#3419,41.988816671691);
#3419 = AXIS2_PLACEMENT_3D('',#3420,#3421,#3422);
#3420 = CARTESIAN_POINT('',(0.,0.,677.36666666666));
#3421 = DIRECTION('',(0.,0.,1.));
#3422 = DIRECTION('',(1.,0.,-0.));
#3423 = PCURVE('',#3299,#3424);
#3424 = DEFINITIONAL_REPRESENTATION('',(#3425),#3429);
#3425 = LINE('',#3426,#3427);
#3426 = CARTESIAN_POINT('',(-0.,-3.366666666667));
#3427 = VECTOR('',#3428,1.);
#3428 = DIRECTION('',(-1.,-0.));
#3429 = ( GEOMETRIC_REPRESENTATION_CONTEXT(2) 
PARAMETRIC_REPRESENTATION_CONTEXT() REPRESENTATION_CONTEXT('2D SPACE',''
  ) );
#3430 = PCURVE('',#3431,#3436);
#3431 = CONICAL_SURFACE('',#3432,41.988816671691,9.965452027656E-03);
#3432 = AXIS2_PLACEMENT_3D('',#3433,#3434,#3435);
#3433 = CARTESIAN_POINT('',(0.,0.,677.36666666666));
#3434 = DIRECTION('',(-0.,-0.,-1.));
#3435 = DIRECTION('',(1.,0.,-0.));
#3436 = DEFINITIONAL_REPRESENTATION('',(#3437),#3441);
#3437 = LINE('',#3438,#3439);
#3438 = CARTESIAN_POINT('',(-0.,-0.));
#3439 = VECTOR('',#3440,1.);
#3440 = DIRECTION('',(-1.,-0.));
#3441 = ( GEOMETRIC_REPRESENTATION_CONTEXT(2) 
PARAMETRIC_REPRESENTATION_CONTEXT() REPRESENTATION_CONTEXT('2D SPACE',''
  ) );
#3442 = ADVANCED_FACE('',(#3443),#3375,.F.);
#3443 = FACE_BOUND('',#3444,.F.);
#3444 = EDGE_LOOP('',(#3445,#3446,#3469,#3496));
#3445 = ORIENTED_EDGE('',*,*,#3360,.T.);
#3446 = ORIENTED_EDGE('',*,*,#3447,.T.);
#3447 = EDGE_CURVE('',#3338,#3448,#3450,.T.);
#3448 = VERTEX_POINT('',#3449);
#3449 = CARTESIAN_POINT('',(40.699341158793,0.,684.1));
#3450 = SEAM_CURVE('',#3451,(#3455,#3462),.PCURVE_S1.);
#3451 = LINE('',#3452,#3453);
#3452 = CARTESIAN_POINT('',(40.755265205855,0.,680.73333333333));
#3453 = VECTOR('',#3454,1.);
#3454 = DIRECTION('',(-1.660881182157E-02,0.,0.999862064172));
#3455 = PCURVE('',#3375,#3456);
#3456 = DEFINITIONAL_REPRESENTATION('',(#3457),#3461);
#3457 = LINE('',#3458,#3459);
#3458 = CARTESIAN_POINT('',(-0.,-0.));
#3459 = VECTOR('',#3460,1.);
#3460 = DIRECTION('',(-0.,-1.));
#3461 = ( GEOMETRIC_REPRESENTATION_CONTEXT(2) 
PARAMETRIC_REPRESENTATION_CONTEXT() REPRESENTATION_CONTEXT('2D SPACE',''
  ) );
#3462 = PCURVE('',#3375,#3463);
#3463 = DEFINITIONAL_REPRESENTATION('',(#3464),#3468);
#3464 = LINE('',#3465,#3466);
#3465 = CARTESIAN_POINT('',(-6.28318530718,-0.));
#3466 = VECTOR('',#3467,1.);
#3467 = DIRECTION('',(-0.,-1.));
#3468 = ( GEOMETRIC_REPRESENTATION_CONTEXT(2) 
PARAMETRIC_REPRESENTATION_CONTEXT() REPRESENTATION_CONTEXT('2D SPACE',''
  ) );
#3469 = ORIENTED_EDGE('',*,*,#3470,.F.);
#3470 = EDGE_CURVE('',#3448,#3448,#3471,.T.);
#3471 = SURFACE_CURVE('',#3472,(#3477,#3484),.PCURVE_S1.);
#3472 = CIRCLE('',#3473,40.699341158793);
#3473 = AXIS2_PLACEMENT_3D('',#3474,#3475,#3476);
#3474 = CARTESIAN_POINT('',(0.,0.,684.1));
#3475 = DIRECTION('',(0.,0.,1.));
#3476 = DIRECTION('',(1.,0.,-0.));
#3477 = PCURVE('',#3375,#3478);
#3478 = DEFINITIONAL_REPRESENTATION('',(#3479),#3483);
#3479 = LINE('',#3480,#3481);
#3480 = CARTESIAN_POINT('',(-0.,-3.366666666667));
#3481 = VECTOR('',#3482,1.);
#3482 = DIRECTION('',(-1.,-0.));
#3483 = ( GEOMETRIC_REPRESENTATION_CONTEXT(2) 
PARAMETRIC_REPRESENTATION_CONTEXT() REPRESENTATION_CONTEXT('2D SPACE',''
  ) );
#3484 = PCURVE('',#3485,#3490);
#3485 = CONICAL_SURFACE('',#3486,40.699341158793,2.32544324055E-02);
#3486 = AXIS2_PLACEMENT_3D('',#3487,#3488,#3489);
#3487 = CARTESIAN_POINT('',(0.,0.,684.1));
#3488 = DIRECTION('',(-0.,-0.,-1.));
#3489 = DIRECTION('',(1.,0.,-0.));
#3490 = DEFINITIONAL_REPRESENTATION('',(#3491),#3495);
#3491 = LINE('',#3492,#3493);
#3492 = CARTESIAN_POINT('',(-0.,-0.));
#3493 = VECTOR('',#3494,1.);
#3494 = DIRECTION('',(-1.,-0.));
#3495 = ( GEOMETRIC_REPRESENTATION_CONTEXT(2) 
PARAMETRIC_REPRESENTATION_CONTEXT() REPRESENTATION_CONTEXT('2D SPACE',''
  ) );
#3496 = ORIENTED_EDGE('',*,*,#3447,.F.);
#3497 = ADVANCED_FACE('',(#3498),#3431,.T.);
#3498 = FACE_BOUND('',#3499,.T.);
#3499 = EDGE_LOOP('',(#3500,#3501,#3524,#3551));
#3500 = ORIENTED_EDGE('',*,*,#3416,.T.);
#3501 = ORIENTED_EDGE('',*,*,#3502,.T.);
#3502 = EDGE_CURVE('',#3392,#3503,#3505,.T.);
#3503 = VERTEX_POINT('',#3504);
#3504 = CARTESIAN_POINT('',(41.955265205855,0.,680.73333333333));
#3505 = SEAM_CURVE('',#3506,(#3510,#3517),.PCURVE_S1.);
#3506 = LINE('',#3507,#3508);
#3507 = CARTESIAN_POINT('',(41.988816671691,0.,677.36666666666));
#3508 = VECTOR('',#3509,1.);
#3509 = DIRECTION('',(-9.965287083246E-03,0.,0.999950345294));
#3510 = PCURVE('',#3431,#3511);
#3511 = DEFINITIONAL_REPRESENTATION('',(#3512),#3516);
#3512 = LINE('',#3513,#3514);
#3513 = CARTESIAN_POINT('',(-0.,-0.));
#3514 = VECTOR('',#3515,1.);
#3515 = DIRECTION('',(-0.,-1.));
#3516 = ( GEOMETRIC_REPRESENTATION_CONTEXT(2) 
PARAMETRIC_REPRESENTATION_CONTEXT() REPRESENTATION_CONTEXT('2D SPACE',''
  ) );
#3517 = PCURVE('',#3431,#3518);
#3518 = DEFINITIONAL_REPRESENTATION('',(#3519),#3523);
#3519 = LINE('',#3520,#3521);
#3520 = CARTESIAN_POINT('',(-6.28318530718,-0.));
#3521 = VECTOR('',#3522,1.);
#3522 = DIRECTION('',(-0.,-1.));
#3523 = ( GEOMETRIC_REPRESENTATION_CONTEXT(2) 
PARAMETRIC_REPRESENTATION_CONTEXT() REPRESENTATION_CONTEXT('2D SPACE',''
  ) );
#3524 = ORIENTED_EDGE('',*,*,#3525,.F.);
#3525 = EDGE_CURVE('',#3503,#3503,#3526,.T.);
#3526 = SURFACE_CURVE('',#3527,(#3532,#3539),.PCURVE_S1.);
#3527 = CIRCLE('',#3528,41.955265205855);
#3528 = AXIS2_PLACEMENT_3D('',#3529,#3530,#3531);
#3529 = CARTESIAN_POINT('',(0.,0.,680.73333333333));
#3530 = DIRECTION('',(0.,0.,1.));
#3531 = DIRECTION('',(1.,0.,-0.));
#3532 = PCURVE('',#3431,#3533);
#3533 = DEFINITIONAL_REPRESENTATION('',(#3534),#3538);
#3534 = LINE('',#3535,#3536);
#3535 = CARTESIAN_POINT('',(-0.,-3.366666666667));
#3536 = VECTOR('',#3537,1.);
#3537 = DIRECTION('',(-1.,-0.));
#3538 = ( GEOMETRIC_REPRESENTATION_CONTEXT(2) 
PARAMETRIC_REPRESENTATION_CONTEXT() REPRESENTATION_CONTEXT('2D SPACE',''
  ) );
#3539 = PCURVE('',#3540,#3545);
#3540 = CONICAL_SURFACE('',#3541,41.955265205855,1.660957551378E-02);
#3541 = AXIS2_PLACEMENT_3D('',#3542,#3543,#3544);
#3542 = CARTESIAN_POINT('',(0.,0.,680.73333333333));
#3543 = DIRECTION('',(-0.,-0.,-1.));
#3544 = DIRECTION('',(1.,0.,-0.));
#3545 = DEFINITIONAL_REPRESENTATION('',(#3546),#3550);
#3546 = LINE('',#3547,#3548);
#3547 = CARTESIAN_POINT('',(-0.,-0.));
#3548 = VECTOR('',#3549,1.);
#3549 = DIRECTION('',(-1.,-0.));
#3550 = ( GEOMETRIC_REPRESENTATION_CONTEXT(2) 
PARAMETRIC_REPRESENTATION_CONTEXT() REPRESENTATION_CONTEXT('2D SPACE',''
  ) );
#3551 = ORIENTED_EDGE('',*,*,#3502,.F.);
#3552 = ADVANCED_FACE('',(#3553),#3485,.F.);
#3553 = FACE_BOUND('',#3554,.F.);
#3554 = EDGE_LOOP('',(#3555,#3556,#3579,#3606));
#3555 = ORIENTED_EDGE('',*,*,#3470,.T.);
#3556 = ORIENTED_EDGE('',*,*,#3557,.T.);
#3557 = EDGE_CURVE('',#3448,#3558,#3560,.T.);
#3558 = VERTEX_POINT('',#3559);
#3559 = CARTESIAN_POINT('',(40.621037121063,0.,687.46666666666));
#3560 = SEAM_CURVE('',#3561,(#3565,#3572),.PCURVE_S1.);
#3561 = LINE('',#3562,#3563);
#3562 = CARTESIAN_POINT('',(40.699341158793,0.,684.1));
#3563 = VECTOR('',#3564,1.);
#3564 = DIRECTION('',(-2.325233658426E-02,0.,0.999729627871));
#3565 = PCURVE('',#3485,#3566);
#3566 = DEFINITIONAL_REPRESENTATION('',(#3567),#3571);
#3567 = LINE('',#3568,#3569);
#3568 = CARTESIAN_POINT('',(-0.,-0.));
#3569 = VECTOR('',#3570,1.);
#3570 = DIRECTION('',(-0.,-1.));
#3571 = ( GEOMETRIC_REPRESENTATION_CONTEXT(2) 
PARAMETRIC_REPRESENTATION_CONTEXT() REPRESENTATION_CONTEXT('2D SPACE',''
  ) );
#3572 = PCURVE('',#3485,#3573);
#3573 = DEFINITIONAL_REPRESENTATION('',(#3574),#3578);
#3574 = LINE('',#3575,#3576);
#3575 = CARTESIAN_POINT('',(-6.28318530718,-0.));
#3576 = VECTOR('',#3577,1.);
#3577 = DIRECTION('',(-0.,-1.));
#3578 = ( GEOMETRIC_REPRESENTATION_CONTEXT(2) 
PARAMETRIC_REPRESENTATION_CONTEXT() REPRESENTATION_CONTEXT('2D SPACE',''
  ) );
#3579 = ORIENTED_EDGE('',*,*,#3580,.F.);
#3580 = EDGE_CURVE('',#3558,#3558,#3581,.T.);
#3581 = SURFACE_CURVE('',#3582,(#3587,#3594),.PCURVE_S1.);
#3582 = CIRCLE('',#3583,40.621037121063);
#3583 = AXIS2_PLACEMENT_3D('',#3584,#3585,#3586);
#3584 = CARTESIAN_POINT('',(0.,0.,687.46666666666));
#3585 = DIRECTION('',(0.,0.,1.));
#3586 = DIRECTION('',(1.,0.,-0.));
#3587 = PCURVE('',#3485,#3588);
#3588 = DEFINITIONAL_REPRESENTATION('',(#3589),#3593);
#3589 = LINE('',#3590,#3591);
#3590 = CARTESIAN_POINT('',(-0.,-3.366666666667));
#3591 = VECTOR('',#3592,1.);
#3592 = DIRECTION('',(-1.,-0.));
#3593 = ( GEOMETRIC_REPRESENTATION_CONTEXT(2) 
PARAMETRIC_REPRESENTATION_CONTEXT() REPRESENTATION_CONTEXT('2D SPACE',''
  ) );
#3594 = PCURVE('',#3595,#3600);
#3595 = CONICAL_SURFACE('',#3596,40.621037121063,2.990031647305E-02);
#3596 = AXIS2_PLACEMENT_3D('',#3597,#3598,#3599);
#3597 = CARTESIAN_POINT('',(0.,0.,687.46666666666));
#3598 = DIRECTION('',(-0.,-0.,-1.));
#3599 = DIRECTION('',(1.,0.,-0.));
#3600 = DEFINITIONAL_REPRESENTATION('',(#3601),#3605);
#3601 = LINE('',#3602,#3603);
#3602 = CARTESIAN_POINT('',(-0.,-0.));
#3603 = VECTOR('',#3604,1.);
#3604 = DIRECTION('',(-1.,-0.));
#3605 = ( GEOMETRIC_REPRESENTATION_CONTEXT(2) 
PARAMETRIC_REPRESENTATION_CONTEXT() REPRESENTATION_CONTEXT('2D SPACE',''
  ) );
#3606 = ORIENTED_EDGE('',*,*,#3557,.F.);
#3607 = ADVANCED_FACE('',(#3608),#3540,.T.);
#3608 = FACE_BOUND('',#3609,.T.);
#3609 = EDGE_LOOP('',(#3610,#3611,#3634,#3661));
#3610 = ORIENTED_EDGE('',*,*,#3525,.T.);
#3611 = ORIENTED_EDGE('',*,*,#3612,.T.);
#3612 = EDGE_CURVE('',#3503,#3613,#3615,.T.);
#3613 = VERTEX_POINT('',#3614);
#3614 = CARTESIAN_POINT('',(41.899341158793,0.,684.1));
#3615 = SEAM_CURVE('',#3616,(#3620,#3627),.PCURVE_S1.);
#3616 = LINE('',#3617,#3618);
#3617 = CARTESIAN_POINT('',(41.955265205855,0.,680.73333333333));
#3618 = VECTOR('',#3619,1.);
#3619 = DIRECTION('',(-1.660881182157E-02,0.,0.999862064172));
#3620 = PCURVE('',#3540,#3621);
#3621 = DEFINITIONAL_REPRESENTATION('',(#3622),#3626);
#3622 = LINE('',#3623,#3624);
#3623 = CARTESIAN_POINT('',(-0.,-0.));
#3624 = VECTOR('',#3625,1.);
#3625 = DIRECTION('',(-0.,-1.));
#3626 = ( GEOMETRIC_REPRESENTATION_CONTEXT(2) 
PARAMETRIC_REPRESENTATION_CONTEXT() REPRESENTATION_CONTEXT('2D SPACE',''
  ) );
#3627 = PCURVE('',#3540,#3628);
#3628 = DEFINITIONAL_REPRESENTATION('',(#3629),#3633);
#3629 = LINE('',#3630,#3631);
#3630 = CARTESIAN_POINT('',(-6.28318530718,-0.));
#3631 = VECTOR('',#3632,1.);
#3632 = DIRECTION('',(-0.,-1.));
#3633 = ( GEOMETRIC_REPRESENTATION_CONTEXT(2) 
PARAMETRIC_REPRESENTATION_CONTEXT() REPRESENTATION_CONTEXT('2D SPACE',''
  ) );
#3634 = ORIENTED_EDGE('',*,*,#3635,.F.);
#3635 = EDGE_CURVE('',#3613,#3613,#3636,.T.);
#3636 = SURFACE_CURVE('',#3637,(#3642,#3649),.PCURVE_S1.);
#3637 = CIRCLE('',#3638,41.899341158793);
#3638 = AXIS2_PLACEMENT_3D('',#3639,#3640,#3641);
#3639 = CARTESIAN_POINT('',(0.,0.,684.1));
#3640 = DIRECTION('',(0.,0.,1.));
#3641 = DIRECTION('',(1.,0.,-0.));
#3642 = PCURVE('',#3540,#3643);
#3643 = DEFINITIONAL_REPRESENTATION('',(#3644),#3648);
#3644 = LINE('',#3645,#3646);
#3645 = CARTESIAN_POINT('',(-0.,-3.366666666667));
#3646 = VECTOR('',#3647,1.);
#3647 = DIRECTION('',(-1.,-0.));
#3648 = ( GEOMETRIC_REPRESENTATION_CONTEXT(2) 
PARAMETRIC_REPRESENTATION_CONTEXT() REPRESENTATION_CONTEXT('2D SPACE',''
  ) );
#3649 = PCURVE('',#3650,#3655);
#3650 = CONICAL_SURFACE('',#3651,41.899341158793,2.32544324055E-02);
#3651 = AXIS2_PLACEMENT_3D('',#3652,#3653,#3654);
#3652 = CARTESIAN_POINT('',(0.,0.,684.1));
#3653 = DIRECTION('',(-0.,-0.,-1.));
#3654 = DIRECTION('',(1.,0.,-0.));
#3655 = DEFINITIONAL_REPRESENTATION('',(#3656),#3660);
#3656 = LINE('',#3657,#3658);
#3657 = CARTESIAN_POINT('',(-0.,-0.));
#3658 = VECTOR('',#3659,1.);
#3659 = DIRECTION('',(-1.,-0.));
#3660 = ( GEOMETRIC_REPRESENTATION_CONTEXT(2) 
PARAMETRIC_REPRESENTATION_CONTEXT() REPRESENTATION_CONTEXT('2D SPACE',''
  ) );
#3661 = ORIENTED_EDGE('',*,*,#3612,.F.);
#3662 = ADVANCED_FACE('',(#3663),#3595,.F.);
#3663 = FACE_BOUND('',#3664,.F.);
#3664 = EDGE_LOOP('',(#3665,#3666,#3689,#3716));
#3665 = ORIENTED_EDGE('',*,*,#3580,.T.);
#3666 = ORIENTED_EDGE('',*,*,#3667,.T.);
#3667 = EDGE_CURVE('',#3558,#3668,#3670,.T.);
#3668 = VERTEX_POINT('',#3669);
#3669 = CARTESIAN_POINT('',(40.520342712578,0.,690.83333333333));
#3670 = SEAM_CURVE('',#3671,(#3675,#3682),.PCURVE_S1.);
#3671 = LINE('',#3672,#3673);
#3672 = CARTESIAN_POINT('',(40.621037121063,0.,687.46666666666));
#3673 = VECTOR('',#3674,1.);
#3674 = DIRECTION('',(-2.98958613809E-02,0.,0.99955301884));
#3675 = PCURVE('',#3595,#3676);
#3676 = DEFINITIONAL_REPRESENTATION('',(#3677),#3681);
#3677 = LINE('',#3678,#3679);
#3678 = CARTESIAN_POINT('',(-0.,-0.));
#3679 = VECTOR('',#3680,1.);
#3680 = DIRECTION('',(-0.,-1.));
#3681 = ( GEOMETRIC_REPRESENTATION_CONTEXT(2) 
PARAMETRIC_REPRESENTATION_CONTEXT() REPRESENTATION_CONTEXT('2D SPACE',''
  ) );
#3682 = PCURVE('',#3595,#3683);
#3683 = DEFINITIONAL_REPRESENTATION('',(#3684),#3688);
#3684 = LINE('',#3685,#3686);
#3685 = CARTESIAN_POINT('',(-6.28318530718,-0.));
#3686 = VECTOR('',#3687,1.);
#3687 = DIRECTION('',(-0.,-1.));
#3688 = ( GEOMETRIC_REPRESENTATION_CONTEXT(2) 
PARAMETRIC_REPRESENTATION_CONTEXT() REPRESENTATION_CONTEXT('2D SPACE',''
  ) );
#3689 = ORIENTED_EDGE('',*,*,#3690,.F.);
#3690 = EDGE_CURVE('',#3668,#3668,#3691,.T.);
#3691 = SURFACE_CURVE('',#3692,(#3697,#3704),.PCURVE_S1.);
#3692 = CIRCLE('',#3693,40.520342712578);
#3693 = AXIS2_PLACEMENT_3D('',#3694,#3695,#3696);
#3694 = CARTESIAN_POINT('',(0.,0.,690.83333333333));
#3695 = DIRECTION('',(0.,0.,1.));
#3696 = DIRECTION('',(1.,0.,-0.));
#3697 = PCURVE('',#3595,#3698);
#3698 = DEFINITIONAL_REPRESENTATION('',(#3699),#3703);
#3699 = LINE('',#3700,#3701);
#3700 = CARTESIAN_POINT('',(-0.,-3.366666666667));
#3701 = VECTOR('',#3702,1.);
#3702 = DIRECTION('',(-1.,-0.));
#3703 = ( GEOMETRIC_REPRESENTATION_CONTEXT(2) 
PARAMETRIC_REPRESENTATION_CONTEXT() REPRESENTATION_CONTEXT('2D SPACE',''
  ) );
#3704 = PCURVE('',#3705,#3710);
#3705 = CONICAL_SURFACE('',#3706,40.520342712578,3.654752189562E-02);
#3706 = AXIS2_PLACEMENT_3D('',#3707,#3708,#3709);
#3707 = CARTESIAN_POINT('',(0.,0.,690.83333333333));
#3708 = DIRECTION('',(-0.,-0.,-1.));
#3709 = DIRECTION('',(1.,0.,-0.));
#3710 = DEFINITIONAL_REPRESENTATION('',(#3711),#3715);
#3711 = LINE('',#3712,#3713);
#3712 = CARTESIAN_POINT('',(-0.,-0.));
#3713 = VECTOR('',#3714,1.);
#3714 = DIRECTION('',(-1.,-0.));
#3715 = ( GEOMETRIC_REPRESENTATION_CONTEXT(2) 
PARAMETRIC_REPRESENTATION_CONTEXT() REPRESENTATION_CONTEXT('2D SPACE',''
  ) );
#3716 = ORIENTED_EDGE('',*,*,#3667,.F.);
#3717 = ADVANCED_FACE('',(#3718),#3650,.T.);
#3718 = FACE_BOUND('',#3719,.T.);
#3719 = EDGE_LOOP('',(#3720,#3721,#3744,#3771));
#3720 = ORIENTED_EDGE('',*,*,#3635,.T.);
#3721 = ORIENTED_EDGE('',*,*,#3722,.T.);
#3722 = EDGE_CURVE('',#3613,#3723,#3725,.T.);
#3723 = VERTEX_POINT('',#3724);
#3724 = CARTESIAN_POINT('',(41.821037121063,0.,687.46666666666));
#3725 = SEAM_CURVE('',#3726,(#3730,#3737),.PCURVE_S1.);
#3726 = LINE('',#3727,#3728);
#3727 = CARTESIAN_POINT('',(41.899341158793,0.,684.1));
#3728 = VECTOR('',#3729,1.);
#3729 = DIRECTION('',(-2.325233658426E-02,0.,0.999729627871));
#3730 = PCURVE('',#3650,#3731);
#3731 = DEFINITIONAL_REPRESENTATION('',(#3732),#3736);
#3732 = LINE('',#3733,#3734);
#3733 = CARTESIAN_POINT('',(-0.,-0.));
#3734 = VECTOR('',#3735,1.);
#3735 = DIRECTION('',(-0.,-1.));
#3736 = ( GEOMETRIC_REPRESENTATION_CONTEXT(2) 
PARAMETRIC_REPRESENTATION_CONTEXT() REPRESENTATION_CONTEXT('2D SPACE',''
  ) );
#3737 = PCURVE('',#3650,#3738);
#3738 = DEFINITIONAL_REPRESENTATION('',(#3739),#3743);
#3739 = LINE('',#3740,#3741);
#3740 = CARTESIAN_POINT('',(-6.28318530718,-0.));
#3741 = VECTOR('',#3742,1.);
#3742 = DIRECTION('',(-0.,-1.));
#3743 = ( GEOMETRIC_REPRESENTATION_CONTEXT(2) 
PARAMETRIC_REPRESENTATION_CONTEXT() REPRESENTATION_CONTEXT('2D SPACE',''
  ) );
#3744 = ORIENTED_EDGE('',*,*,#3745,.F.);
#3745 = EDGE_CURVE('',#3723,#3723,#3746,.T.);
#3746 = SURFACE_CURVE('',#3747,(#3752,#3759),.PCURVE_S1.);
#3747 = CIRCLE('',#3748,41.821037121063);
#3748 = AXIS2_PLACEMENT_3D('',#3749,#3750,#3751);
#3749 = CARTESIAN_POINT('',(0.,0.,687.46666666666));
#3750 = DIRECTION('',(0.,0.,1.));
#3751 = DIRECTION('',(1.,0.,-0.));
#3752 = PCURVE('',#3650,#3753);
#3753 = DEFINITIONAL_REPRESENTATION('',(#3754),#3758);
#3754 = LINE('',#3755,#3756);
#3755 = CARTESIAN_POINT('',(-0.,-3.366666666667));
#3756 = VECTOR('',#3757,1.);
#3757 = DIRECTION('',(-1.,-0.));
#3758 = ( GEOMETRIC_REPRESENTATION_CONTEXT(2) 
PARAMETRIC_REPRESENTATION_CONTEXT() REPRESENTATION_CONTEXT('2D SPACE',''
  ) );
#3759 = PCURVE('',#3760,#3765);
#3760 = CONICAL_SURFACE('',#3761,41.821037121063,2.990031647305E-02);
#3761 = AXIS2_PLACEMENT_3D('',#3762,#3763,#3764);
#3762 = CARTESIAN_POINT('',(0.,0.,687.46666666666));
#3763 = DIRECTION('',(-0.,-0.,-1.));
#3764 = DIRECTION('',(1.,0.,-0.));
#3765 = DEFINITIONAL_REPRESENTATION('',(#3766),#3770);
#3766 = LINE('',#3767,#3768);
#3767 = CARTESIAN_POINT('',(-0.,-0.));
#3768 = VECTOR('',#3769,1.);
#3769 = DIRECTION('',(-1.,-0.));
#3770 = ( GEOMETRIC_REPRESENTATION_CONTEXT(2) 
PARAMETRIC_REPRESENTATION_CONTEXT() REPRESENTATION_CONTEXT('2D SPACE',''
  ) );
#3771 = ORIENTED_EDGE('',*,*,#3722,.F.);
#3772 = ADVANCED_FACE('',(#3773),#3705,.F.);
#3773 = FACE_BOUND('',#3774,.F.);
#3774 = EDGE_LOOP('',(#3775,#3776,#3799,#3826));
#3775 = ORIENTED_EDGE('',*,*,#3690,.T.);
#3776 = ORIENTED_EDGE('',*,*,#3777,.T.);
#3777 = EDGE_CURVE('',#3668,#3778,#3780,.T.);
#3778 = VERTEX_POINT('',#3779);
#3779 = CARTESIAN_POINT('',(40.397244575711,0.,694.2));
#3780 = SEAM_CURVE('',#3781,(#3785,#3792),.PCURVE_S1.);
#3781 = LINE('',#3782,#3783);
#3782 = CARTESIAN_POINT('',(40.520342712578,0.,690.83333333333));
#3783 = VECTOR('',#3784,1.);
#3784 = DIRECTION('',(-3.65393862214E-02,0.,0.999332213658));
#3785 = PCURVE('',#3705,#3786);
#3786 = DEFINITIONAL_REPRESENTATION('',(#3787),#3791);
#3787 = LINE('',#3788,#3789);
#3788 = CARTESIAN_POINT('',(-0.,-0.));
#3789 = VECTOR('',#3790,1.);
#3790 = DIRECTION('',(-0.,-1.));
#3791 = ( GEOMETRIC_REPRESENTATION_CONTEXT(2) 
PARAMETRIC_REPRESENTATION_CONTEXT() REPRESENTATION_CONTEXT('2D SPACE',''
  ) );
#3792 = PCURVE('',#3705,#3793);
#3793 = DEFINITIONAL_REPRESENTATION('',(#3794),#3798);
#3794 = LINE('',#3795,#3796);
#3795 = CARTESIAN_POINT('',(-6.28318530718,-0.));
#3796 = VECTOR('',#3797,1.);
#3797 = DIRECTION('',(-0.,-1.));
#3798 = ( GEOMETRIC_REPRESENTATION_CONTEXT(2) 
PARAMETRIC_REPRESENTATION_CONTEXT() REPRESENTATION_CONTEXT('2D SPACE',''
  ) );
#3799 = ORIENTED_EDGE('',*,*,#3800,.F.);
#3800 = EDGE_CURVE('',#3778,#3778,#3801,.T.);
#3801 = SURFACE_CURVE('',#3802,(#3807,#3814),.PCURVE_S1.);
#3802 = CIRCLE('',#3803,40.397244575711);
#3803 = AXIS2_PLACEMENT_3D('',#3804,#3805,#3806);
#3804 = CARTESIAN_POINT('',(0.,0.,694.2));
#3805 = DIRECTION('',(0.,0.,1.));
#3806 = DIRECTION('',(1.,0.,-0.));
#3807 = PCURVE('',#3705,#3808);
#3808 = DEFINITIONAL_REPRESENTATION('',(#3809),#3813);
#3809 = LINE('',#3810,#3811);
#3810 = CARTESIAN_POINT('',(-0.,-3.366666666667));
#3811 = VECTOR('',#3812,1.);
#3812 = DIRECTION('',(-1.,-0.));
#3813 = ( GEOMETRIC_REPRESENTATION_CONTEXT(2) 
PARAMETRIC_REPRESENTATION_CONTEXT() REPRESENTATION_CONTEXT('2D SPACE',''
  ) );
#3814 = PCURVE('',#3815,#3820);
#3815 = CONICAL_SURFACE('',#3816,40.397244575711,4.319634337846E-02);
#3816 = AXIS2_PLACEMENT_3D('',#3817,#3818,#3819);
#3817 = CARTESIAN_POINT('',(0.,0.,694.2));
#3818 = DIRECTION('',(-0.,-0.,-1.));
#3819 = DIRECTION('',(1.,0.,-0.));
#3820 = DEFINITIONAL_REPRESENTATION('',(#3821),#3825);
#3821 = LINE('',#3822,#3823);
#3822 = CARTESIAN_POINT('',(-0.,-0.));
#3823 = VECTOR('',#3824,1.);
#3824 = DIRECTION('',(-1.,-0.));
#3825 = ( GEOMETRIC_REPRESENTATION_CONTEXT(2) 
PARAMETRIC_REPRESENTATION_CONTEXT() REPRESENTATION_CONTEXT('2D SPACE',''
  ) );
#3826 = ORIENTED_EDGE('',*,*,#3777,.F.);
#3827 = ADVANCED_FACE('',(#3828),#3760,.T.);
#3828 = FACE_BOUND('',#3829,.T.);
#3829 = EDGE_LOOP('',(#3830,#3831,#3854,#3881));
#3830 = ORIENTED_EDGE('',*,*,#3745,.T.);
#3831 = ORIENTED_EDGE('',*,*,#3832,.T.);
#3832 = EDGE_CURVE('',#3723,#3833,#3835,.T.);
#3833 = VERTEX_POINT('',#3834);
#3834 = CARTESIAN_POINT('',(41.720342712578,0.,690.83333333333));
#3835 = SEAM_CURVE('',#3836,(#3840,#3847),.PCURVE_S1.);
#3836 = LINE('',#3837,#3838);
#3837 = CARTESIAN_POINT('',(41.821037121063,0.,687.46666666666));
#3838 = VECTOR('',#3839,1.);
#3839 = DIRECTION('',(-2.98958613809E-02,0.,0.99955301884));
#3840 = PCURVE('',#3760,#3841);
#3841 = DEFINITIONAL_REPRESENTATION('',(#3842),#3846);
#3842 = LINE('',#3843,#3844);
#3843 = CARTESIAN_POINT('',(-0.,-0.));
#3844 = VECTOR('',#3845,1.);
#3845 = DIRECTION('',(-0.,-1.));
#3846 = ( GEOMETRIC_REPRESENTATION_CONTEXT(2) 
PARAMETRIC_REPRESENTATION_CONTEXT() REPRESENTATION_CONTEXT('2D SPACE',''
  ) );
#3847 = PCURVE('',#3760,#3848);
#3848 = DEFINITIONAL_REPRESENTATION('',(#3849),#3853);
#3849 = LINE('',#3850,#3851);
#3850 = CARTESIAN_POINT('',(-6.28318530718,-0.));
#3851 = VECTOR('',#3852,1.);
#3852 = DIRECTION('',(-0.,-1.));
#3853 = ( GEOMETRIC_REPRESENTATION_CONTEXT(2) 
PARAMETRIC_REPRESENTATION_CONTEXT() REPRESENTATION_CONTEXT('2D SPACE',''
  ) );
#3854 = ORIENTED_EDGE('',*,*,#3855,.F.);
#3855 = EDGE_CURVE('',#3833,#3833,#3856,.T.);
#3856 = SURFACE_CURVE('',#3857,(#3862,#3869),.PCURVE_S1.);
#3857 = CIRCLE('',#3858,41.720342712578);
#3858 = AXIS2_PLACEMENT_3D('',#3859,#3860,#3861);
#3859 = CARTESIAN_POINT('',(0.,0.,690.83333333333));
#3860 = DIRECTION('',(0.,0.,1.));
#3861 = DIRECTION('',(1.,0.,-0.));
#3862 = PCURVE('',#3760,#3863);
#3863 = DEFINITIONAL_REPRESENTATION('',(#3864),#3868);
#3864 = LINE('',#3865,#3866);
#3865 = CARTESIAN_POINT('',(-0.,-3.366666666667));
#3866 = VECTOR('',#3867,1.);
#3867 = DIRECTION('',(-1.,-0.));
#3868 = ( GEOMETRIC_REPRESENTATION_CONTEXT(2) 
PARAMETRIC_REPRESENTATION_CONTEXT() REPRESENTATION_CONTEXT('2D SPACE',''
  ) );
#3869 = PCURVE('',#3870,#3875);
#3870 = CONICAL_SURFACE('',#3871,41.720342712578,3.654752189562E-02);
#3871 = AXIS2_PLACEMENT_3D('',#3872,#3873,#3874);
#3872 = CARTESIAN_POINT('',(0.,0.,690.83333333333));
#3873 = DIRECTION('',(-0.,-0.,-1.));
#3874 = DIRECTION('',(1.,0.,-0.));
#3875 = DEFINITIONAL_REPRESENTATION('',(#3876),#3880);
#3876 = LINE('',#3877,#3878);
#3877 = CARTESIAN_POINT('',(-0.,-0.));
#3878 = VECTOR('',#3879,1.);
#3879 = DIRECTION('',(-1.,-0.));
#3880 = ( GEOMETRIC_REPRESENTATION_CONTEXT(2) 
PARAMETRIC_REPRESENTATION_CONTEXT() REPRESENTATION_CONTEXT('2D SPACE',''
  ) );
#3881 = ORIENTED_EDGE('',*,*,#3832,.F.);
#3882 = ADVANCED_FACE('',(#3883),#3815,.F.);
#3883 = FACE_BOUND('',#3884,.F.);
#3884 = EDGE_LOOP('',(#3885,#3886,#3909,#3936));
#3885 = ORIENTED_EDGE('',*,*,#3800,.T.);
#3886 = ORIENTED_EDGE('',*,*,#3887,.T.);
#3887 = EDGE_CURVE('',#3778,#3888,#3890,.T.);
#3888 = VERTEX_POINT('',#3889);
#3889 = CARTESIAN_POINT('',(40.251726366432,0.,697.56666666666));
#3890 = SEAM_CURVE('',#3891,(#3895,#3902),.PCURVE_S1.);
#3891 = LINE('',#3892,#3893);
#3892 = CARTESIAN_POINT('',(40.397244575711,0.,694.2));
#3893 = VECTOR('',#3894,1.);
#3894 = DIRECTION('',(-4.318291111548E-02,0.,0.99906718302));
#3895 = PCURVE('',#3815,#3896);
#3896 = DEFINITIONAL_REPRESENTATION('',(#3897),#3901);
#3897 = LINE('',#3898,#3899);
#3898 = CARTESIAN_POINT('',(-0.,-0.));
#3899 = VECTOR('',#3900,1.);
#3900 = DIRECTION('',(-0.,-1.));
#3901 = ( GEOMETRIC_REPRESENTATION_CONTEXT(2) 
PARAMETRIC_REPRESENTATION_CONTEXT() REPRESENTATION_CONTEXT('2D SPACE',''
  ) );
#3902 = PCURVE('',#3815,#3903);
#3903 = DEFINITIONAL_REPRESENTATION('',(#3904),#3908);
#3904 = LINE('',#3905,#3906);
#3905 = CARTESIAN_POINT('',(-6.28318530718,-0.));
#3906 = VECTOR('',#3907,1.);
#3907 = DIRECTION('',(-0.,-1.));
#3908 = ( GEOMETRIC_REPRESENTATION_CONTEXT(2) 
PARAMETRIC_REPRESENTATION_CONTEXT() REPRESENTATION_CONTEXT('2D SPACE',''
  ) );
#3909 = ORIENTED_EDGE('',*,*,#3910,.F.);
#3910 = EDGE_CURVE('',#3888,#3888,#3911,.T.);
#3911 = SURFACE_CURVE('',#3912,(#3917,#3924),.PCURVE_S1.);
#3912 = CIRCLE('',#3913,40.251726366432);
#3913 = AXIS2_PLACEMENT_3D('',#3914,#3915,#3916);
#3914 = CARTESIAN_POINT('',(0.,0.,697.56666666666));
#3915 = DIRECTION('',(0.,0.,1.));
#3916 = DIRECTION('',(1.,0.,-0.));
#3917 = PCURVE('',#3815,#3918);
#3918 = DEFINITIONAL_REPRESENTATION('',(#3919),#3923);
#3919 = LINE('',#3920,#3921);
#3920 = CARTESIAN_POINT('',(-0.,-3.366666666667));
#3921 = VECTOR('',#3922,1.);
#3922 = DIRECTION('',(-1.,-0.));
#3923 = ( GEOMETRIC_REPRESENTATION_CONTEXT(2) 
PARAMETRIC_REPRESENTATION_CONTEXT() REPRESENTATION_CONTEXT('2D SPACE',''
  ) );
#3924 = PCURVE('',#3925,#3930);
#3925 = CONICAL_SURFACE('',#3926,40.251726366432,4.984707627141E-02);
#3926 = AXIS2_PLACEMENT_3D('',#3927,#3928,#3929);
#3927 = CARTESIAN_POINT('',(0.,0.,697.56666666666));
#3928 = DIRECTION('',(-0.,-0.,-1.));
#3929 = DIRECTION('',(1.,0.,-0.));
#3930 = DEFINITIONAL_REPRESENTATION('',(#3931),#3935);
#3931 = LINE('',#3932,#3933);
#3932 = CARTESIAN_POINT('',(-0.,-0.));
#3933 = VECTOR('',#3934,1.);
#3934 = DIRECTION('',(-1.,-0.));
#3935 = ( GEOMETRIC_REPRESENTATION_CONTEXT(2) 
PARAMETRIC_REPRESENTATION_CONTEXT() REPRESENTATION_CONTEXT('2D SPACE',''
  ) );
#3936 = ORIENTED_EDGE('',*,*,#3887,.F.);
#3937 = ADVANCED_FACE('',(#3938),#3870,.T.);
#3938 = FACE_BOUND('',#3939,.T.);
#3939 = EDGE_LOOP('',(#3940,#3941,#3964,#3991));
#3940 = ORIENTED_EDGE('',*,*,#3855,.T.);
#3941 = ORIENTED_EDGE('',*,*,#3942,.T.);
#3942 = EDGE_CURVE('',#3833,#3943,#3945,.T.);
#3943 = VERTEX_POINT('',#3944);
#3944 = CARTESIAN_POINT('',(41.597244575711,0.,694.2));
#3945 = SEAM_CURVE('',#3946,(#3950,#3957),.PCURVE_S1.);
#3946 = LINE('',#3947,#3948);
#3947 = CARTESIAN_POINT('',(41.720342712578,0.,690.83333333333));
#3948 = VECTOR('',#3949,1.);
#3949 = DIRECTION('',(-3.65393862214E-02,0.,0.999332213658));
#3950 = PCURVE('',#3870,#3951);
#3951 = DEFINITIONAL_REPRESENTATION('',(#3952),#3956);
#3952 = LINE('',#3953,#3954);
#3953 = CARTESIAN_POINT('',(-0.,-0.));
#3954 = VECTOR('',#3955,1.);
#3955 = DIRECTION('',(-0.,-1.));
#3956 = ( GEOMETRIC_REPRESENTATION_CONTEXT(2) 
PARAMETRIC_REPRESENTATION_CONTEXT() REPRESENTATION_CONTEXT('2D SPACE',''
  ) );
#3957 = PCURVE('',#3870,#3958);
#3958 = DEFINITIONAL_REPRESENTATION('',(#3959),#3963);
#3959 = LINE('',#3960,#3961);
#3960 = CARTESIAN_POINT('',(-6.28318530718,-0.));
#3961 = VECTOR('',#3962,1.);
#3962 = DIRECTION('',(-0.,-1.));
#3963 = ( GEOMETRIC_REPRESENTATION_CONTEXT(2) 
PARAMETRIC_REPRESENTATION_CONTEXT() REPRESENTATION_CONTEXT('2D SPACE',''
  ) );
#3964 = ORIENTED_EDGE('',*,*,#3965,.F.);
#3965 = EDGE_CURVE('',#3943,#3943,#3966,.T.);
#3966 = SURFACE_CURVE('',#3967,(#3972,#3979),.PCURVE_S1.);
#3967 = CIRCLE('',#3968,41.597244575711);
#3968 = AXIS2_PLACEMENT_3D('',#3969,#3970,#3971);
#3969 = CARTESIAN_POINT('',(0.,0.,694.2));
#3970 = DIRECTION('',(0.,0.,1.));
#3971 = DIRECTION('',(1.,0.,-0.));
#3972 = PCURVE('',#3870,#3973);
#3973 = DEFINITIONAL_REPRESENTATION('',(#3974),#3978);
#3974 = LINE('',#3975,#3976);
#3975 = CARTESIAN_POINT('',(-0.,-3.366666666667));
#3976 = VECTOR('',#3977,1.);
#3977 = DIRECTION('',(-1.,-0.));
#3978 = ( GEOMETRIC_REPRESENTATION_CONTEXT(2) 
PARAMETRIC_REPRESENTATION_CONTEXT() REPRESENTATION_CONTEXT('2D SPACE',''
  ) );
#3979 = PCURVE('',#3980,#3985);
#3980 = CONICAL_SURFACE('',#3981,41.597244575711,4.319634337846E-02);
#3981 = AXIS2_PLACEMENT_3D('',#3982,#3983,#3984);
#3982 = CARTESIAN_POINT('',(0.,0.,694.2));
#3983 = DIRECTION('',(-0.,-0.,-1.));
#3984 = DIRECTION('',(1.,0.,-0.));
#3985 = DEFINITIONAL_REPRESENTATION('',(#3986),#3990);
#3986 = LINE('',#3987,#3988);
#3987 = CARTESIAN_POINT('',(-0.,-0.));
#3988 = VECTOR('',#3989,1.);
#3989 = DIRECTION('',(-1.,-0.));
#3990 = ( GEOMETRIC_REPRESENTATION_CONTEXT(2) 
PARAMETRIC_REPRESENTATION_CONTEXT() REPRESENTATION_CONTEXT('2D SPACE',''
  ) );
#3991 = ORIENTED_EDGE('',*,*,#3942,.F.);
#3992 = ADVANCED_FACE('',(#3993),#3925,.F.);
#3993 = FACE_BOUND('',#3994,.F.);
#3994 = EDGE_LOOP('',(#3995,#3996,#4019,#4046));
#3995 = ORIENTED_EDGE('',*,*,#3910,.T.);
#3996 = ORIENTED_EDGE('',*,*,#3997,.T.);
#3997 = EDGE_CURVE('',#3888,#3998,#4000,.T.);
#3998 = VERTEX_POINT('',#3999);
#3999 = CARTESIAN_POINT('',(40.083768743431,0.,700.93333333333));
#4000 = SEAM_CURVE('',#4001,(#4005,#4012),.PCURVE_S1.);
#4001 = LINE('',#4002,#4003);
#4002 = CARTESIAN_POINT('',(40.251726366432,0.,697.56666666666));
#4003 = VECTOR('',#4004,1.);
#4004 = DIRECTION('',(-4.982643607312E-02,0.,0.998757891718));
#4005 = PCURVE('',#3925,#4006);
#4006 = DEFINITIONAL_REPRESENTATION('',(#4007),#4011);
#4007 = LINE('',#4008,#4009);
#4008 = CARTESIAN_POINT('',(-0.,-0.));
#4009 = VECTOR('',#4010,1.);
#4010 = DIRECTION('',(-0.,-1.));
#4011 = ( GEOMETRIC_REPRESENTATION_CONTEXT(2) 
PARAMETRIC_REPRESENTATION_CONTEXT() REPRESENTATION_CONTEXT('2D SPACE',''
  ) );
#4012 = PCURVE('',#3925,#4013);
#4013 = DEFINITIONAL_REPRESENTATION('',(#4014),#4018);
#4014 = LINE('',#4015,#4016);
#4015 = CARTESIAN_POINT('',(-6.28318530718,-0.));
#4016 = VECTOR('',#4017,1.);
#4017 = DIRECTION('',(-0.,-1.));
#4018 = ( GEOMETRIC_REPRESENTATION_CONTEXT(2) 
PARAMETRIC_REPRESENTATION_CONTEXT() REPRESENTATION_CONTEXT('2D SPACE',''
  ) );
#4019 = ORIENTED_EDGE('',*,*,#4020,.F.);
#4020 = EDGE_CURVE('',#3998,#3998,#4021,.T.);
#4021 = SURFACE_CURVE('',#4022,(#4027,#4034),.PCURVE_S1.);
#4022 = CIRCLE('',#4023,40.083768743431);
#4023 = AXIS2_PLACEMENT_3D('',#4024,#4025,#4026);
#4024 = CARTESIAN_POINT('',(0.,0.,700.93333333333));
#4025 = DIRECTION('',(0.,0.,1.));
#4026 = DIRECTION('',(1.,0.,-0.));
#4027 = PCURVE('',#3925,#4028);
#4028 = DEFINITIONAL_REPRESENTATION('',(#4029),#4033);
#4029 = LINE('',#4030,#4031);
#4030 = CARTESIAN_POINT('',(-0.,-3.366666666667));
#4031 = VECTOR('',#4032,1.);
#4032 = DIRECTION('',(-1.,-0.));
#4033 = ( GEOMETRIC_REPRESENTATION_CONTEXT(2) 
PARAMETRIC_REPRESENTATION_CONTEXT() REPRESENTATION_CONTEXT('2D SPACE',''
  ) );
#4034 = PCURVE('',#4035,#4040);
#4035 = CONICAL_SURFACE('',#4036,40.083768743431,5.650001668729E-02);
#4036 = AXIS2_PLACEMENT_3D('',#4037,#4038,#4039);
#4037 = CARTESIAN_POINT('',(0.,0.,700.93333333333));
#4038 = DIRECTION('',(-0.,-0.,-1.));
#4039 = DIRECTION('',(1.,0.,-0.));
#4040 = DEFINITIONAL_REPRESENTATION('',(#4041),#4045);
#4041 = LINE('',#4042,#4043);
#4042 = CARTESIAN_POINT('',(-0.,-0.));
#4043 = VECTOR('',#4044,1.);
#4044 = DIRECTION('',(-1.,-0.));
#4045 = ( GEOMETRIC_REPRESENTATION_CONTEXT(2) 
PARAMETRIC_REPRESENTATION_CONTEXT() REPRESENTATION_CONTEXT('2D SPACE',''
  ) );
#4046 = ORIENTED_EDGE('',*,*,#3997,.F.);
#4047 = ADVANCED_FACE('',(#4048),#3980,.T.);
#4048 = FACE_BOUND('',#4049,.T.);
#4049 = EDGE_LOOP('',(#4050,#4051,#4074,#4101));
#4050 = ORIENTED_EDGE('',*,*,#3965,.T.);
#4051 = ORIENTED_EDGE('',*,*,#4052,.T.);
#4052 = EDGE_CURVE('',#3943,#4053,#4055,.T.);
#4053 = VERTEX_POINT('',#4054);
#4054 = CARTESIAN_POINT('',(41.451726366432,0.,697.56666666666));
#4055 = SEAM_CURVE('',#4056,(#4060,#4067),.PCURVE_S1.);
#4056 = LINE('',#4057,#4058);
#4057 = CARTESIAN_POINT('',(41.597244575711,0.,694.2));
#4058 = VECTOR('',#4059,1.);
#4059 = DIRECTION('',(-4.318291111548E-02,0.,0.99906718302));
#4060 = PCURVE('',#3980,#4061);
#4061 = DEFINITIONAL_REPRESENTATION('',(#4062),#4066);
#4062 = LINE('',#4063,#4064);
#4063 = CARTESIAN_POINT('',(-0.,-0.));
#4064 = VECTOR('',#4065,1.);
#4065 = DIRECTION('',(-0.,-1.));
#4066 = ( GEOMETRIC_REPRESENTATION_CONTEXT(2) 
PARAMETRIC_REPRESENTATION_CONTEXT() REPRESENTATION_CONTEXT('2D SPACE',''
  ) );
#4067 = PCURVE('',#3980,#4068);
#4068 = DEFINITIONAL_REPRESENTATION('',(#4069),#4073);
#4069 = LINE('',#4070,#4071);
#4070 = CARTESIAN_POINT('',(-6.28318530718,-0.));
#4071 = VECTOR('',#4072,1.);
#4072 = DIRECTION('',(-0.,-1.));
#4073 = ( GEOMETRIC_REPRESENTATION_CONTEXT(2) 
PARAMETRIC_REPRESENTATION_CONTEXT() REPRESENTATION_CONTEXT('2D SPACE',''
  ) );
#4074 = ORIENTED_EDGE('',*,*,#4075,.F.);
#4075 = EDGE_CURVE('',#4053,#4053,#4076,.T.);
#4076 = SURFACE_CURVE('',#4077,(#4082,#4089),.PCURVE_S1.);
#4077 = CIRCLE('',#4078,41.451726366432);
#4078 = AXIS2_PLACEMENT_3D('',#4079,#4080,#4081);
#4079 = CARTESIAN_POINT('',(0.,0.,697.56666666666));
#4080 = DIRECTION('',(0.,0.,1.));
#4081 = DIRECTION('',(1.,0.,-0.));
#4082 = PCURVE('',#3980,#4083);
#4083 = DEFINITIONAL_REPRESENTATION('',(#4084),#4088);
#4084 = LINE('',#4085,#4086);
#4085 = CARTESIAN_POINT('',(-0.,-3.366666666667));
#4086 = VECTOR('',#4087,1.);
#4087 = DIRECTION('',(-1.,-0.));
#4088 = ( GEOMETRIC_REPRESENTATION_CONTEXT(2) 
PARAMETRIC_REPRESENTATION_CONTEXT() REPRESENTATION_CONTEXT('2D SPACE',''
  ) );
#4089 = PCURVE('',#4090,#4095);
#4090 = CONICAL_SURFACE('',#4091,41.451726366432,4.984707627141E-02);
#4091 = AXIS2_PLACEMENT_3D('',#4092,#4093,#4094);
#4092 = CARTESIAN_POINT('',(0.,0.,697.56666666666));
#4093 = DIRECTION('',(-0.,-0.,-1.));
#4094 = DIRECTION('',(1.,0.,-0.));
#4095 = DEFINITIONAL_REPRESENTATION('',(#4096),#4100);
#4096 = LINE('',#4097,#4098);
#4097 = CARTESIAN_POINT('',(-0.,-0.));
#4098 = VECTOR('',#4099,1.);
#4099 = DIRECTION('',(-1.,-0.));
#4100 = ( GEOMETRIC_REPRESENTATION_CONTEXT(2) 
PARAMETRIC_REPRESENTATION_CONTEXT() REPRESENTATION_CONTEXT('2D SPACE',''
  ) );
#4101 = ORIENTED_EDGE('',*,*,#4052,.F.);
#4102 = ADVANCED_FACE('',(#4103),#4035,.F.);
#4103 = FACE_BOUND('',#4104,.F.);
#4104 = EDGE_LOOP('',(#4105,#4106,#4129,#4156));
#4105 = ORIENTED_EDGE('',*,*,#4020,.T.);
#4106 = ORIENTED_EDGE('',*,*,#4107,.T.);
#4107 = EDGE_CURVE('',#3998,#4108,#4110,.T.);
#4108 = VERTEX_POINT('',#4109);
#4109 = CARTESIAN_POINT('',(39.893349355233,0.,704.3));
#4110 = SEAM_CURVE('',#4111,(#4115,#4122),.PCURVE_S1.);
#4111 = LINE('',#4112,#4113);
#4112 = CARTESIAN_POINT('',(40.083768743431,0.,700.93333333333));
#4113 = VECTOR('',#4114,1.);
#4114 = DIRECTION('',(-5.646996110413E-02,0.,0.998404298615));
#4115 = PCURVE('',#4035,#4116);
#4116 = DEFINITIONAL_REPRESENTATION('',(#4117),#4121);
#4117 = LINE('',#4118,#4119);
#4118 = CARTESIAN_POINT('',(-0.,-0.));
#4119 = VECTOR('',#4120,1.);
#4120 = DIRECTION('',(-0.,-1.));
#4121 = ( GEOMETRIC_REPRESENTATION_CONTEXT(2) 
PARAMETRIC_REPRESENTATION_CONTEXT() REPRESENTATION_CONTEXT('2D SPACE',''
  ) );
#4122 = PCURVE('',#4035,#4123);
#4123 = DEFINITIONAL_REPRESENTATION('',(#4124),#4128);
#4124 = LINE('',#4125,#4126);
#4125 = CARTESIAN_POINT('',(-6.28318530718,-0.));
#4126 = VECTOR('',#4127,1.);
#4127 = DIRECTION('',(-0.,-1.));
#4128 = ( GEOMETRIC_REPRESENTATION_CONTEXT(2) 
PARAMETRIC_REPRESENTATION_CONTEXT() REPRESENTATION_CONTEXT('2D SPACE',''
  ) );
#4129 = ORIENTED_EDGE('',*,*,#4130,.F.);
#4130 = EDGE_CURVE('',#4108,#4108,#4131,.T.);
#4131 = SURFACE_CURVE('',#4132,(#4137,#4144),.PCURVE_S1.);
#4132 = CIRCLE('',#4133,39.893349355233);
#4133 = AXIS2_PLACEMENT_3D('',#4134,#4135,#4136);
#4134 = CARTESIAN_POINT('',(0.,0.,704.3));
#4135 = DIRECTION('',(0.,0.,1.));
#4136 = DIRECTION('',(1.,0.,-0.));
#4137 = PCURVE('',#4035,#4138);
#4138 = DEFINITIONAL_REPRESENTATION('',(#4139),#4143);
#4139 = LINE('',#4140,#4141);
#4140 = CARTESIAN_POINT('',(-0.,-3.366666666667));
#4141 = VECTOR('',#4142,1.);
#4142 = DIRECTION('',(-1.,-0.));
#4143 = ( GEOMETRIC_REPRESENTATION_CONTEXT(2) 
PARAMETRIC_REPRESENTATION_CONTEXT() REPRESENTATION_CONTEXT('2D SPACE',''
  ) );
#4144 = PCURVE('',#4145,#4150);
#4145 = CONICAL_SURFACE('',#4146,39.893349355233,6.315546162198E-02);
#4146 = AXIS2_PLACEMENT_3D('',#4147,#4148,#4149);
#4147 = CARTESIAN_POINT('',(0.,0.,704.3));
#4148 = DIRECTION('',(-0.,-0.,-1.));
#4149 = DIRECTION('',(1.,0.,-0.));
#4150 = DEFINITIONAL_REPRESENTATION('',(#4151),#4155);
#4151 = LINE('',#4152,#4153);
#4152 = CARTESIAN_POINT('',(-0.,-0.));
#4153 = VECTOR('',#4154,1.);
#4154 = DIRECTION('',(-1.,-0.));
#4155 = ( GEOMETRIC_REPRESENTATION_CONTEXT(2) 
PARAMETRIC_REPRESENTATION_CONTEXT() REPRESENTATION_CONTEXT('2D SPACE',''
  ) );
#4156 = ORIENTED_EDGE('',*,*,#4107,.F.);
#4157 = ADVANCED_FACE('',(#4158),#4090,.T.);
#4158 = FACE_BOUND('',#4159,.T.);
#4159 = EDGE_LOOP('',(#4160,#4161,#4184,#4211));
#4160 = ORIENTED_EDGE('',*,*,#4075,.T.);
#4161 = ORIENTED_EDGE('',*,*,#4162,.T.);
#4162 = EDGE_CURVE('',#4053,#4163,#4165,.T.);
#4163 = VERTEX_POINT('',#4164);
#4164 = CARTESIAN_POINT('',(41.283768743431,0.,700.93333333333));
#4165 = SEAM_CURVE('',#4166,(#4170,#4177),.PCURVE_S1.);
#4166 = LINE('',#4167,#4168);
#4167 = CARTESIAN_POINT('',(41.451726366432,0.,697.56666666666));
#4168 = VECTOR('',#4169,1.);
#4169 = DIRECTION('',(-4.982643607312E-02,0.,0.998757891718));
#4170 = PCURVE('',#4090,#4171);
#4171 = DEFINITIONAL_REPRESENTATION('',(#4172),#4176);
#4172 = LINE('',#4173,#4174);
#4173 = CARTESIAN_POINT('',(-0.,-0.));
#4174 = VECTOR('',#4175,1.);
#4175 = DIRECTION('',(-0.,-1.));
#4176 = ( GEOMETRIC_REPRESENTATION_CONTEXT(2) 
PARAMETRIC_REPRESENTATION_CONTEXT() REPRESENTATION_CONTEXT('2D SPACE',''
  ) );
#4177 = PCURVE('',#4090,#4178);
#4178 = DEFINITIONAL_REPRESENTATION('',(#4179),#4183);
#4179 = LINE('',#4180,#4181);
#4180 = CARTESIAN_POINT('',(-6.28318530718,-0.));
#4181 = VECTOR('',#4182,1.);
#4182 = DIRECTION('',(-0.,-1.));
#4183 = ( GEOMETRIC_REPRESENTATION_CONTEXT(2) 
PARAMETRIC_REPRESENTATION_CONTEXT() REPRESENTATION_CONTEXT('2D SPACE',''
  ) );
#4184 = ORIENTED_EDGE('',*,*,#4185,.F.);
#4185 = EDGE_CURVE('',#4163,#4163,#4186,.T.);
#4186 = SURFACE_CURVE('',#4187,(#4192,#4199),.PCURVE_S1.);
#4187 = CIRCLE('',#4188,41.283768743431);
#4188 = AXIS2_PLACEMENT_3D('',#4189,#4190,#4191);
#4189 = CARTESIAN_POINT('',(0.,0.,700.93333333333));
#4190 = DIRECTION('',(0.,0.,1.));
#4191 = DIRECTION('',(1.,0.,-0.));
#4192 = PCURVE('',#4090,#4193);
#4193 = DEFINITIONAL_REPRESENTATION('',(#4194),#4198);
#4194 = LINE('',#4195,#4196);
#4195 = CARTESIAN_POINT('',(-0.,-3.366666666667));
#4196 = VECTOR('',#4197,1.);
#4197 = DIRECTION('',(-1.,-0.));
#4198 = ( GEOMETRIC_REPRESENTATION_CONTEXT(2) 
PARAMETRIC_REPRESENTATION_CONTEXT() REPRESENTATION_CONTEXT('2D SPACE',''
  ) );
#4199 = PCURVE('',#4200,#4205);
#4200 = CONICAL_SURFACE('',#4201,41.283768743431,5.650001668729E-02);
#4201 = AXIS2_PLACEMENT_3D('',#4202,#4203,#4204);
#4202 = CARTESIAN_POINT('',(0.,0.,700.93333333333));
#4203 = DIRECTION('',(-0.,-0.,-1.));
#4204 = DIRECTION('',(1.,0.,-0.));
#4205 = DEFINITIONAL_REPRESENTATION('',(#4206),#4210);
#4206 = LINE('',#4207,#4208);
#4207 = CARTESIAN_POINT('',(-0.,-0.));
#4208 = VECTOR('',#4209,1.);
#4209 = DIRECTION('',(-1.,-0.));
#4210 = ( GEOMETRIC_REPRESENTATION_CONTEXT(2) 
PARAMETRIC_REPRESENTATION_CONTEXT() REPRESENTATION_CONTEXT('2D SPACE',''
  ) );
#4211 = ORIENTED_EDGE('',*,*,#4162,.F.);
#4212 = ADVANCED_FACE('',(#4213),#4145,.F.);
#4213 = FACE_BOUND('',#4214,.F.);
#4214 = EDGE_LOOP('',(#4215,#4216,#4239,#4266));
#4215 = ORIENTED_EDGE('',*,*,#4130,.T.);
#4216 = ORIENTED_EDGE('',*,*,#4217,.T.);
#4217 = EDGE_CURVE('',#4108,#4218,#4220,.T.);
#4218 = VERTEX_POINT('',#4219);
#4219 = CARTESIAN_POINT('',(39.68044282527,0.,707.66666666666));
#4220 = SEAM_CURVE('',#4221,(#4225,#4232),.PCURVE_S1.);
#4221 = LINE('',#4222,#4223);
#4222 = CARTESIAN_POINT('',(39.893349355233,0.,704.3));
#4223 = VECTOR('',#4224,1.);
#4224 = DIRECTION('',(-6.311348621851E-02,0.,0.998006356622));
#4225 = PCURVE('',#4145,#4226);
#4226 = DEFINITIONAL_REPRESENTATION('',(#4227),#4231);
#4227 = LINE('',#4228,#4229);
#4228 = CARTESIAN_POINT('',(-0.,-0.));
#4229 = VECTOR('',#4230,1.);
#4230 = DIRECTION('',(-0.,-1.));
#4231 = ( GEOMETRIC_REPRESENTATION_CONTEXT(2) 
PARAMETRIC_REPRESENTATION_CONTEXT() REPRESENTATION_CONTEXT('2D SPACE',''
  ) );
#4232 = PCURVE('',#4145,#4233);
#4233 = DEFINITIONAL_REPRESENTATION('',(#4234),#4238);
#4234 = LINE('',#4235,#4236);
#4235 = CARTESIAN_POINT('',(-6.28318530718,-0.));
#4236 = VECTOR('',#4237,1.);
#4237 = DIRECTION('',(-0.,-1.));
#4238 = ( GEOMETRIC_REPRESENTATION_CONTEXT(2) 
PARAMETRIC_REPRESENTATION_CONTEXT() REPRESENTATION_CONTEXT('2D SPACE',''
  ) );
#4239 = ORIENTED_EDGE('',*,*,#4240,.F.);
#4240 = EDGE_CURVE('',#4218,#4218,#4241,.T.);
#4241 = SURFACE_CURVE('',#4242,(#4247,#4254),.PCURVE_S1.);
#4242 = CIRCLE('',#4243,39.68044282527);
#4243 = AXIS2_PLACEMENT_3D('',#4244,#4245,#4246);
#4244 = CARTESIAN_POINT('',(0.,0.,707.66666666666));
#4245 = DIRECTION('',(0.,0.,1.));
#4246 = DIRECTION('',(1.,0.,-0.));
#4247 = PCURVE('',#4145,#4248);
#4248 = DEFINITIONAL_REPRESENTATION('',(#4249),#4253);
#4249 = LINE('',#4250,#4251);
#4250 = CARTESIAN_POINT('',(-0.,-3.366666666667));
#4251 = VECTOR('',#4252,1.);
#4252 = DIRECTION('',(-1.,-0.));
#4253 = ( GEOMETRIC_REPRESENTATION_CONTEXT(2) 
PARAMETRIC_REPRESENTATION_CONTEXT() REPRESENTATION_CONTEXT('2D SPACE',''
  ) );
#4254 = PCURVE('',#4255,#4260);
#4255 = CONICAL_SURFACE('',#4256,39.68044282527,6.981370907498E-02);
#4256 = AXIS2_PLACEMENT_3D('',#4257,#4258,#4259);
#4257 = CARTESIAN_POINT('',(0.,0.,707.66666666666));
#4258 = DIRECTION('',(-0.,-0.,-1.));
#4259 = DIRECTION('',(1.,0.,-0.));
#4260 = DEFINITIONAL_REPRESENTATION('',(#4261),#4265);
#4261 = LINE('',#4262,#4263);
#4262 = CARTESIAN_POINT('',(-0.,-0.));
#4263 = VECTOR('',#4264,1.);
#4264 = DIRECTION('',(-1.,-0.));
#4265 = ( GEOMETRIC_REPRESENTATION_CONTEXT(2) 
PARAMETRIC_REPRESENTATION_CONTEXT() REPRESENTATION_CONTEXT('2D SPACE',''
  ) );
#4266 = ORIENTED_EDGE('',*,*,#4217,.F.);
#4267 = ADVANCED_FACE('',(#4268),#4200,.T.);
#4268 = FACE_BOUND('',#4269,.T.);
#4269 = EDGE_LOOP('',(#4270,#4271,#4294,#4321));
#4270 = ORIENTED_EDGE('',*,*,#4185,.T.);
#4271 = ORIENTED_EDGE('',*,*,#4272,.T.);
#4272 = EDGE_CURVE('',#4163,#4273,#4275,.T.);
#4273 = VERTEX_POINT('',#4274);
#4274 = CARTESIAN_POINT('',(41.093349355233,0.,704.3));
#4275 = SEAM_CURVE('',#4276,(#4280,#4287),.PCURVE_S1.);
#4276 = LINE('',#4277,#4278);
#4277 = CARTESIAN_POINT('',(41.283768743431,0.,700.93333333333));
#4278 = VECTOR('',#4279,1.);
#4279 = DIRECTION('',(-5.646996110413E-02,0.,0.998404298615));
#4280 = PCURVE('',#4200,#4281);
#4281 = DEFINITIONAL_REPRESENTATION('',(#4282),#4286);
#4282 = LINE('',#4283,#4284);
#4283 = CARTESIAN_POINT('',(-0.,-0.));
#4284 = VECTOR('',#4285,1.);
#4285 = DIRECTION('',(-0.,-1.));
#4286 = ( GEOMETRIC_REPRESENTATION_CONTEXT(2) 
PARAMETRIC_REPRESENTATION_CONTEXT() REPRESENTATION_CONTEXT('2D SPACE',''
  ) );
#4287 = PCURVE('',#4200,#4288);
#4288 = DEFINITIONAL_REPRESENTATION('',(#4289),#4293);
#4289 = LINE('',#4290,#4291);
#4290 = CARTESIAN_POINT('',(-6.28318530718,-0.));
#4291 = VECTOR('',#4292,1.);
#4292 = DIRECTION('',(-0.,-1.));
#4293 = ( GEOMETRIC_REPRESENTATION_CONTEXT(2) 
PARAMETRIC_REPRESENTATION_CONTEXT() REPRESENTATION_CONTEXT('2D SPACE',''
  ) );
#4294 = ORIENTED_EDGE('',*,*,#4295,.F.);
#4295 = EDGE_CURVE('',#4273,#4273,#4296,.T.);
#4296 = SURFACE_CURVE('',#4297,(#4302,#4309),.PCURVE_S1.);
#4297 = CIRCLE('',#4298,41.093349355233);
#4298 = AXIS2_PLACEMENT_3D('',#4299,#4300,#4301);
#4299 = CARTESIAN_POINT('',(0.,0.,704.3));
#4300 = DIRECTION('',(0.,0.,1.));
#4301 = DIRECTION('',(1.,0.,-0.));
#4302 = PCURVE('',#4200,#4303);
#4303 = DEFINITIONAL_REPRESENTATION('',(#4304),#4308);
#4304 = LINE('',#4305,#4306);
#4305 = CARTESIAN_POINT('',(-0.,-3.366666666667));
#4306 = VECTOR('',#4307,1.);
#4307 = DIRECTION('',(-1.,-0.));
#4308 = ( GEOMETRIC_REPRESENTATION_CONTEXT(2) 
PARAMETRIC_REPRESENTATION_CONTEXT() REPRESENTATION_CONTEXT('2D SPACE',''
  ) );
#4309 = PCURVE('',#4310,#4315);
#4310 = CONICAL_SURFACE('',#4311,41.093349355233,6.315546162198E-02);
#4311 = AXIS2_PLACEMENT_3D('',#4312,#4313,#4314);
#4312 = CARTESIAN_POINT('',(0.,0.,704.3));
#4313 = DIRECTION('',(-0.,-0.,-1.));
#4314 = DIRECTION('',(1.,0.,-0.));
#4315 = DEFINITIONAL_REPRESENTATION('',(#4316),#4320);
#4316 = LINE('',#4317,#4318);
#4317 = CARTESIAN_POINT('',(-0.,-0.));
#4318 = VECTOR('',#4319,1.);
#4319 = DIRECTION('',(-1.,-0.));
#4320 = ( GEOMETRIC_REPRESENTATION_CONTEXT(2) 
PARAMETRIC_REPRESENTATION_CONTEXT() REPRESENTATION_CONTEXT('2D SPACE',''
  ) );
#4321 = ORIENTED_EDGE('',*,*,#4272,.F.);
#4322 = ADVANCED_FACE('',(#4323),#4255,.F.);
#4323 = FACE_BOUND('',#4324,.F.);
#4324 = EDGE_LOOP('',(#4325,#4326,#4349,#4376));
#4325 = ORIENTED_EDGE('',*,*,#4240,.T.);
#4326 = ORIENTED_EDGE('',*,*,#4327,.T.);
#4327 = EDGE_CURVE('',#4218,#4328,#4330,.T.);
#4328 = VERTEX_POINT('',#4329);
#4329 = CARTESIAN_POINT('',(39.445020734903,0.,711.03333333333));
#4330 = SEAM_CURVE('',#4331,(#4335,#4342),.PCURVE_S1.);
#4331 = LINE('',#4332,#4333);
#4332 = CARTESIAN_POINT('',(39.68044282527,0.,707.66666666666));
#4333 = VECTOR('',#4334,1.);
#4334 = DIRECTION('',(-6.975701142636E-02,0.,0.997564012661));
#4335 = PCURVE('',#4255,#4336);
#4336 = DEFINITIONAL_REPRESENTATION('',(#4337),#4341);
#4337 = LINE('',#4338,#4339);
#4338 = CARTESIAN_POINT('',(-0.,-0.));
#4339 = VECTOR('',#4340,1.);
#4340 = DIRECTION('',(-0.,-1.));
#4341 = ( GEOMETRIC_REPRESENTATION_CONTEXT(2) 
PARAMETRIC_REPRESENTATION_CONTEXT() REPRESENTATION_CONTEXT('2D SPACE',''
  ) );
#4342 = PCURVE('',#4255,#4343);
#4343 = DEFINITIONAL_REPRESENTATION('',(#4344),#4348);
#4344 = LINE('',#4345,#4346);
#4345 = CARTESIAN_POINT('',(-6.28318530718,-0.));
#4346 = VECTOR('',#4347,1.);
#4347 = DIRECTION('',(-0.,-1.));
#4348 = ( GEOMETRIC_REPRESENTATION_CONTEXT(2) 
PARAMETRIC_REPRESENTATION_CONTEXT() REPRESENTATION_CONTEXT('2D SPACE',''
  ) );
#4349 = ORIENTED_EDGE('',*,*,#4350,.F.);
#4350 = EDGE_CURVE('',#4328,#4328,#4351,.T.);
#4351 = SURFACE_CURVE('',#4352,(#4357,#4364),.PCURVE_S1.);
#4352 = CIRCLE('',#4353,39.445020734903);
#4353 = AXIS2_PLACEMENT_3D('',#4354,#4355,#4356);
#4354 = CARTESIAN_POINT('',(0.,0.,711.03333333333));
#4355 = DIRECTION('',(0.,0.,1.));
#4356 = DIRECTION('',(1.,0.,-0.));
#4357 = PCURVE('',#4255,#4358);
#4358 = DEFINITIONAL_REPRESENTATION('',(#4359),#4363);
#4359 = LINE('',#4360,#4361);
#4360 = CARTESIAN_POINT('',(-0.,-3.366666666667));
#4361 = VECTOR('',#4362,1.);
#4362 = DIRECTION('',(-1.,-0.));
#4363 = ( GEOMETRIC_REPRESENTATION_CONTEXT(2) 
PARAMETRIC_REPRESENTATION_CONTEXT() REPRESENTATION_CONTEXT('2D SPACE',''
  ) );
#4364 = PCURVE('',#4365,#4370);
#4365 = CONICAL_SURFACE('',#4366,39.445020734903,7.64750581712E-02);
#4366 = AXIS2_PLACEMENT_3D('',#4367,#4368,#4369);
#4367 = CARTESIAN_POINT('',(0.,0.,711.03333333333));
#4368 = DIRECTION('',(-0.,-0.,-1.));
#4369 = DIRECTION('',(1.,0.,-0.));
#4370 = DEFINITIONAL_REPRESENTATION('',(#4371),#4375);
#4371 = LINE('',#4372,#4373);
#4372 = CARTESIAN_POINT('',(-0.,-0.));
#4373 = VECTOR('',#4374,1.);
#4374 = DIRECTION('',(-1.,-0.));
#4375 = ( GEOMETRIC_REPRESENTATION_CONTEXT(2) 
PARAMETRIC_REPRESENTATION_CONTEXT() REPRESENTATION_CONTEXT('2D SPACE',''
  ) );
#4376 = ORIENTED_EDGE('',*,*,#4327,.F.);
#4377 = ADVANCED_FACE('',(#4378),#4310,.T.);
#4378 = FACE_BOUND('',#4379,.T.);
#4379 = EDGE_LOOP('',(#4380,#4381,#4404,#4431));
#4380 = ORIENTED_EDGE('',*,*,#4295,.T.);
#4381 = ORIENTED_EDGE('',*,*,#4382,.T.);
#4382 = EDGE_CURVE('',#4273,#4383,#4385,.T.);
#4383 = VERTEX_POINT('',#4384);
#4384 = CARTESIAN_POINT('',(40.88044282527,0.,707.66666666666));
#4385 = SEAM_CURVE('',#4386,(#4390,#4397),.PCURVE_S1.);
#4386 = LINE('',#4387,#4388);
#4387 = CARTESIAN_POINT('',(41.093349355233,0.,704.3));
#4388 = VECTOR('',#4389,1.);
#4389 = DIRECTION('',(-6.311348621851E-02,0.,0.998006356622));
#4390 = PCURVE('',#4310,#4391);
#4391 = DEFINITIONAL_REPRESENTATION('',(#4392),#4396);
#4392 = LINE('',#4393,#4394);
#4393 = CARTESIAN_POINT('',(-0.,-0.));
#4394 = VECTOR('',#4395,1.);
#4395 = DIRECTION('',(-0.,-1.));
#4396 = ( GEOMETRIC_REPRESENTATION_CONTEXT(2) 
PARAMETRIC_REPRESENTATION_CONTEXT() REPRESENTATION_CONTEXT('2D SPACE',''
  ) );
#4397 = PCURVE('',#4310,#4398);
#4398 = DEFINITIONAL_REPRESENTATION('',(#4399),#4403);
#4399 = LINE('',#4400,#4401);
#4400 = CARTESIAN_POINT('',(-6.28318530718,-0.));
#4401 = VECTOR('',#4402,1.);
#4402 = DIRECTION('',(-0.,-1.));
#4403 = ( GEOMETRIC_REPRESENTATION_CONTEXT(2) 
PARAMETRIC_REPRESENTATION_CONTEXT() REPRESENTATION_CONTEXT('2D SPACE',''
  ) );
#4404 = ORIENTED_EDGE('',*,*,#4405,.F.);
#4405 = EDGE_CURVE('',#4383,#4383,#4406,.T.);
#4406 = SURFACE_CURVE('',#4407,(#4412,#4419),.PCURVE_S1.);
#4407 = CIRCLE('',#4408,40.88044282527);
#4408 = AXIS2_PLACEMENT_3D('',#4409,#4410,#4411);
#4409 = CARTESIAN_POINT('',(0.,0.,707.66666666666));
#4410 = DIRECTION('',(0.,0.,1.));
#4411 = DIRECTION('',(1.,0.,-0.));
#4412 = PCURVE('',#4310,#4413);
#4413 = DEFINITIONAL_REPRESENTATION('',(#4414),#4418);
#4414 = LINE('',#4415,#4416);
#4415 = CARTESIAN_POINT('',(-0.,-3.366666666667));
#4416 = VECTOR('',#4417,1.);
#4417 = DIRECTION('',(-1.,-0.));
#4418 = ( GEOMETRIC_REPRESENTATION_CONTEXT(2) 
PARAMETRIC_REPRESENTATION_CONTEXT() REPRESENTATION_CONTEXT('2D SPACE',''
  ) );
#4419 = PCURVE('',#4420,#4425);
#4420 = CONICAL_SURFACE('',#4421,40.88044282527,6.981370907498E-02);
#4421 = AXIS2_PLACEMENT_3D('',#4422,#4423,#4424);
#4422 = CARTESIAN_POINT('',(0.,0.,707.66666666666));
#4423 = DIRECTION('',(-0.,-0.,-1.));
#4424 = DIRECTION('',(1.,0.,-0.));
#4425 = DEFINITIONAL_REPRESENTATION('',(#4426),#4430);
#4426 = LINE('',#4427,#4428);
#4427 = CARTESIAN_POINT('',(-0.,-0.));
#4428 = VECTOR('',#4429,1.);
#4429 = DIRECTION('',(-1.,-0.));
#4430 = ( GEOMETRIC_REPRESENTATION_CONTEXT(2) 
PARAMETRIC_REPRESENTATION_CONTEXT() REPRESENTATION_CONTEXT('2D SPACE',''
  ) );
#4431 = ORIENTED_EDGE('',*,*,#4382,.F.);
#4432 = ADVANCED_FACE('',(#4433),#4365,.F.);
#4433 = FACE_BOUND('',#4434,.F.);
#4434 = EDGE_LOOP('',(#4435,#4436,#4459,#4486));
#4435 = ORIENTED_EDGE('',*,*,#4350,.T.);
#4436 = ORIENTED_EDGE('',*,*,#4437,.T.);
#4437 = EDGE_CURVE('',#4328,#4438,#4440,.T.);
#4438 = VERTEX_POINT('',#4439);
#4439 = CARTESIAN_POINT('',(39.187051604348,0.,714.4));
#4440 = SEAM_CURVE('',#4441,(#4445,#4452),.PCURVE_S1.);
#4441 = LINE('',#4442,#4443);
#4442 = CARTESIAN_POINT('',(39.445020734903,0.,711.03333333333));
#4443 = VECTOR('',#4444,1.);
#4444 = DIRECTION('',(-7.640053673784E-02,0.,0.997077207635));
#4445 = PCURVE('',#4365,#4446);
#4446 = DEFINITIONAL_REPRESENTATION('',(#4447),#4451);
#4447 = LINE('',#4448,#4449);
#4448 = CARTESIAN_POINT('',(-0.,-0.));
#4449 = VECTOR('',#4450,1.);
#4450 = DIRECTION('',(-0.,-1.));
#4451 = ( GEOMETRIC_REPRESENTATION_CONTEXT(2) 
PARAMETRIC_REPRESENTATION_CONTEXT() REPRESENTATION_CONTEXT('2D SPACE',''
  ) );
#4452 = PCURVE('',#4365,#4453);
#4453 = DEFINITIONAL_REPRESENTATION('',(#4454),#4458);
#4454 = LINE('',#4455,#4456);
#4455 = CARTESIAN_POINT('',(-6.28318530718,-0.));
#4456 = VECTOR('',#4457,1.);
#4457 = DIRECTION('',(-0.,-1.));
#4458 = ( GEOMETRIC_REPRESENTATION_CONTEXT(2) 
PARAMETRIC_REPRESENTATION_CONTEXT() REPRESENTATION_CONTEXT('2D SPACE',''
  ) );
#4459 = ORIENTED_EDGE('',*,*,#4460,.F.);
#4460 = EDGE_CURVE('',#4438,#4438,#4461,.T.);
#4461 = SURFACE_CURVE('',#4462,(#4467,#4474),.PCURVE_S1.);
#4462 = CIRCLE('',#4463,39.187051604348);
#4463 = AXIS2_PLACEMENT_3D('',#4464,#4465,#4466);
#4464 = CARTESIAN_POINT('',(0.,0.,714.4));
#4465 = DIRECTION('',(0.,0.,1.));
#4466 = DIRECTION('',(1.,0.,-0.));
#4467 = PCURVE('',#4365,#4468);
#4468 = DEFINITIONAL_REPRESENTATION('',(#4469),#4473);
#4469 = LINE('',#4470,#4471);
#4470 = CARTESIAN_POINT('',(-0.,-3.366666666667));
#4471 = VECTOR('',#4472,1.);
#4472 = DIRECTION('',(-1.,-0.));
#4473 = ( GEOMETRIC_REPRESENTATION_CONTEXT(2) 
PARAMETRIC_REPRESENTATION_CONTEXT() REPRESENTATION_CONTEXT('2D SPACE',''
  ) );
#4474 = PCURVE('',#4475,#4480);
#4475 = CONICAL_SURFACE('',#4476,39.187051604348,8.313980928387E-02);
#4476 = AXIS2_PLACEMENT_3D('',#4477,#4478,#4479);
#4477 = CARTESIAN_POINT('',(0.,0.,714.4));
#4478 = DIRECTION('',(-0.,-0.,-1.));
#4479 = DIRECTION('',(1.,0.,-0.));
#4480 = DEFINITIONAL_REPRESENTATION('',(#4481),#4485);
#4481 = LINE('',#4482,#4483);
#4482 = CARTESIAN_POINT('',(-0.,-0.));
#4483 = VECTOR('',#4484,1.);
#4484 = DIRECTION('',(-1.,-0.));
#4485 = ( GEOMETRIC_REPRESENTATION_CONTEXT(2) 
PARAMETRIC_REPRESENTATION_CONTEXT() REPRESENTATION_CONTEXT('2D SPACE',''
  ) );
#4486 = ORIENTED_EDGE('',*,*,#4437,.F.);
#4487 = ADVANCED_FACE('',(#4488),#4420,.T.);
#4488 = FACE_BOUND('',#4489,.T.);
#4489 = EDGE_LOOP('',(#4490,#4491,#4514,#4541));
#4490 = ORIENTED_EDGE('',*,*,#4405,.T.);
#4491 = ORIENTED_EDGE('',*,*,#4492,.T.);
#4492 = EDGE_CURVE('',#4383,#4493,#4495,.T.);
#4493 = VERTEX_POINT('',#4494);
#4494 = CARTESIAN_POINT('',(40.645020734903,0.,711.03333333333));
#4495 = SEAM_CURVE('',#4496,(#4500,#4507),.PCURVE_S1.);
#4496 = LINE('',#4497,#4498);
#4497 = CARTESIAN_POINT('',(40.88044282527,0.,707.66666666666));
#4498 = VECTOR('',#4499,1.);
#4499 = DIRECTION('',(-6.975701142636E-02,0.,0.997564012661));
#4500 = PCURVE('',#4420,#4501);
#4501 = DEFINITIONAL_REPRESENTATION('',(#4502),#4506);
#4502 = LINE('',#4503,#4504);
#4503 = CARTESIAN_POINT('',(-0.,-0.));
#4504 = VECTOR('',#4505,1.);
#4505 = DIRECTION('',(-0.,-1.));
#4506 = ( GEOMETRIC_REPRESENTATION_CONTEXT(2) 
PARAMETRIC_REPRESENTATION_CONTEXT() REPRESENTATION_CONTEXT('2D SPACE',''
  ) );
#4507 = PCURVE('',#4420,#4508);
#4508 = DEFINITIONAL_REPRESENTATION('',(#4509),#4513);
#4509 = LINE('',#4510,#4511);
#4510 = CARTESIAN_POINT('',(-6.28318530718,-0.));
#4511 = VECTOR('',#4512,1.);
#4512 = DIRECTION('',(-0.,-1.));
#4513 = ( GEOMETRIC_REPRESENTATION_CONTEXT(2) 
PARAMETRIC_REPRESENTATION_CONTEXT() REPRESENTATION_CONTEXT('2D SPACE',''
  ) );
#4514 = ORIENTED_EDGE('',*,*,#4515,.F.);
#4515 = EDGE_CURVE('',#4493,#4493,#4516,.T.);
#4516 = SURFACE_CURVE('',#4517,(#4522,#4529),.PCURVE_S1.);
#4517 = CIRCLE('',#4518,40.645020734903);
#4518 = AXIS2_PLACEMENT_3D('',#4519,#4520,#4521);
#4519 = CARTESIAN_POINT('',(0.,0.,711.03333333333));
#4520 = DIRECTION('',(0.,0.,1.));
#4521 = DIRECTION('',(1.,0.,-0.));
#4522 = PCURVE('',#4420,#4523);
#4523 = DEFINITIONAL_REPRESENTATION('',(#4524),#4528);
#4524 = LINE('',#4525,#4526);
#4525 = CARTESIAN_POINT('',(-0.,-3.366666666667));
#4526 = VECTOR('',#4527,1.);
#4527 = DIRECTION('',(-1.,-0.));
#4528 = ( GEOMETRIC_REPRESENTATION_CONTEXT(2) 
PARAMETRIC_REPRESENTATION_CONTEXT() REPRESENTATION_CONTEXT('2D SPACE',''
  ) );
#4529 = PCURVE('',#4530,#4535);
#4530 = CONICAL_SURFACE('',#4531,40.645020734903,7.64750581712E-02);
#4531 = AXIS2_PLACEMENT_3D('',#4532,#4533,#4534);
#4532 = CARTESIAN_POINT('',(0.,0.,711.03333333333));
#4533 = DIRECTION('',(-0.,-0.,-1.));
#4534 = DIRECTION('',(1.,0.,-0.));
#4535 = DEFINITIONAL_REPRESENTATION('',(#4536),#4540);
#4536 = LINE('',#4537,#4538);
#4537 = CARTESIAN_POINT('',(-0.,-0.));
#4538 = VECTOR('',#4539,1.);
#4539 = DIRECTION('',(-1.,-0.));
#4540 = ( GEOMETRIC_REPRESENTATION_CONTEXT(2) 
PARAMETRIC_REPRESENTATION_CONTEXT() REPRESENTATION_CONTEXT('2D SPACE',''
  ) );
#4541 = ORIENTED_EDGE('',*,*,#4492,.F.);
#4542 = ADVANCED_FACE('',(#4543),#4475,.F.);
#4543 = FACE_BOUND('',#4544,.F.);
#4544 = EDGE_LOOP('',(#4545,#4546,#4569,#4596));
#4545 = ORIENTED_EDGE('',*,*,#4460,.T.);
#4546 = ORIENTED_EDGE('',*,*,#4547,.T.);
#4547 = EDGE_CURVE('',#4438,#4548,#4550,.T.);
#4548 = VERTEX_POINT('',#4549);
#4549 = CARTESIAN_POINT('',(38.906500871487,0.,717.76666666666));
#4550 = SEAM_CURVE('',#4551,(#4555,#4562),.PCURVE_S1.);
#4551 = LINE('',#4552,#4553);
#4552 = CARTESIAN_POINT('',(39.187051604348,0.,714.4));
#4553 = VECTOR('',#4554,1.);
#4554 = DIRECTION('',(-8.304406216311E-02,0.,0.996545876385));
#4555 = PCURVE('',#4475,#4556);
#4556 = DEFINITIONAL_REPRESENTATION('',(#4557),#4561);
#4557 = LINE('',#4558,#4559);
#4558 = CARTESIAN_POINT('',(-0.,-0.));
#4559 = VECTOR('',#4560,1.);
#4560 = DIRECTION('',(-0.,-1.));
#4561 = ( GEOMETRIC_REPRESENTATION_CONTEXT(2) 
PARAMETRIC_REPRESENTATION_CONTEXT() REPRESENTATION_CONTEXT('2D SPACE',''
  ) );
#4562 = PCURVE('',#4475,#4563);
#4563 = DEFINITIONAL_REPRESENTATION('',(#4564),#4568);
#4564 = LINE('',#4565,#4566);
#4565 = CARTESIAN_POINT('',(-6.28318530718,-0.));
#4566 = VECTOR('',#4567,1.);
#4567 = DIRECTION('',(-0.,-1.));
#4568 = ( GEOMETRIC_REPRESENTATION_CONTEXT(2) 
PARAMETRIC_REPRESENTATION_CONTEXT() REPRESENTATION_CONTEXT('2D SPACE',''
  ) );
#4569 = ORIENTED_EDGE('',*,*,#4570,.F.);
#4570 = EDGE_CURVE('',#4548,#4548,#4571,.T.);
#4571 = SURFACE_CURVE('',#4572,(#4577,#4584),.PCURVE_S1.);
#4572 = CIRCLE('',#4573,38.906500871487);
#4573 = AXIS2_PLACEMENT_3D('',#4574,#4575,#4576);
#4574 = CARTESIAN_POINT('',(0.,0.,717.76666666666));
#4575 = DIRECTION('',(0.,0.,1.));
#4576 = DIRECTION('',(1.,0.,-0.));
#4577 = PCURVE('',#4475,#4578);
#4578 = DEFINITIONAL_REPRESENTATION('',(#4579),#4583);
#4579 = LINE('',#4580,#4581);
#4580 = CARTESIAN_POINT('',(-0.,-3.366666666667));
#4581 = VECTOR('',#4582,1.);
#4582 = DIRECTION('',(-1.,-0.));
#4583 = ( GEOMETRIC_REPRESENTATION_CONTEXT(2) 
PARAMETRIC_REPRESENTATION_CONTEXT() REPRESENTATION_CONTEXT('2D SPACE',''
  ) );
#4584 = PCURVE('',#4585,#4590);
#4585 = CONICAL_SURFACE('',#4586,38.906500871487,8.980826415932E-02);
#4586 = AXIS2_PLACEMENT_3D('',#4587,#4588,#4589);
#4587 = CARTESIAN_POINT('',(0.,0.,717.76666666666));
#4588 = DIRECTION('',(-0.,-0.,-1.));
#4589 = DIRECTION('',(1.,0.,-0.));
#4590 = DEFINITIONAL_REPRESENTATION('',(#4591),#4595);
#4591 = LINE('',#4592,#4593);
#4592 = CARTESIAN_POINT('',(-0.,-0.));
#4593 = VECTOR('',#4594,1.);
#4594 = DIRECTION('',(-1.,-0.));
#4595 = ( GEOMETRIC_REPRESENTATION_CONTEXT(2) 
PARAMETRIC_REPRESENTATION_CONTEXT() REPRESENTATION_CONTEXT('2D SPACE',''
  ) );
#4596 = ORIENTED_EDGE('',*,*,#4547,.F.);
#4597 = ADVANCED_FACE('',(#4598),#4530,.T.);
#4598 = FACE_BOUND('',#4599,.T.);
#4599 = EDGE_LOOP('',(#4600,#4601,#4624,#4651));
#4600 = ORIENTED_EDGE('',*,*,#4515,.T.);
#4601 = ORIENTED_EDGE('',*,*,#4602,.T.);
#4602 = EDGE_CURVE('',#4493,#4603,#4605,.T.);
#4603 = VERTEX_POINT('',#4604);
#4604 = CARTESIAN_POINT('',(40.387051604348,0.,714.4));
#4605 = SEAM_CURVE('',#4606,(#4610,#4617),.PCURVE_S1.);
#4606 = LINE('',#4607,#4608);
#4607 = CARTESIAN_POINT('',(40.645020734903,0.,711.03333333333));
#4608 = VECTOR('',#4609,1.);
#4609 = DIRECTION('',(-7.640053673784E-02,0.,0.997077207635));
#4610 = PCURVE('',#4530,#4611);
#4611 = DEFINITIONAL_REPRESENTATION('',(#4612),#4616);
#4612 = LINE('',#4613,#4614);
#4613 = CARTESIAN_POINT('',(-0.,-0.));
#4614 = VECTOR('',#4615,1.);
#4615 = DIRECTION('',(-0.,-1.));
#4616 = ( GEOMETRIC_REPRESENTATION_CONTEXT(2) 
PARAMETRIC_REPRESENTATION_CONTEXT() REPRESENTATION_CONTEXT('2D SPACE',''
  ) );
#4617 = PCURVE('',#4530,#4618);
#4618 = DEFINITIONAL_REPRESENTATION('',(#4619),#4623);
#4619 = LINE('',#4620,#4621);
#4620 = CARTESIAN_POINT('',(-6.28318530718,-0.));
#4621 = VECTOR('',#4622,1.);
#4622 = DIRECTION('',(-0.,-1.));
#4623 = ( GEOMETRIC_REPRESENTATION_CONTEXT(2) 
PARAMETRIC_REPRESENTATION_CONTEXT() REPRESENTATION_CONTEXT('2D SPACE',''
  ) );
#4624 = ORIENTED_EDGE('',*,*,#4625,.F.);
#4625 = EDGE_CURVE('',#4603,#4603,#4626,.T.);
#4626 = SURFACE_CURVE('',#4627,(#4632,#4639),.PCURVE_S1.);
#4627 = CIRCLE('',#4628,40.387051604348);
#4628 = AXIS2_PLACEMENT_3D('',#4629,#4630,#4631);
#4629 = CARTESIAN_POINT('',(0.,0.,714.4));
#4630 = DIRECTION('',(0.,0.,1.));
#4631 = DIRECTION('',(1.,0.,-0.));
#4632 = PCURVE('',#4530,#4633);
#4633 = DEFINITIONAL_REPRESENTATION('',(#4634),#4638);
#4634 = LINE('',#4635,#4636);
#4635 = CARTESIAN_POINT('',(-0.,-3.366666666667));
#4636 = VECTOR('',#4637,1.);
#4637 = DIRECTION('',(-1.,-0.));
#4638 = ( GEOMETRIC_REPRESENTATION_CONTEXT(2) 
PARAMETRIC_REPRESENTATION_CONTEXT() REPRESENTATION_CONTEXT('2D SPACE',''
  ) );
#4639 = PCURVE('',#4640,#4645);
#4640 = CONICAL_SURFACE('',#4641,40.387051604348,8.313980928387E-02);
#4641 = AXIS2_PLACEMENT_3D('',#4642,#4643,#4644);
#4642 = CARTESIAN_POINT('',(0.,0.,714.4));
#4643 = DIRECTION('',(-0.,-0.,-1.));
#4644 = DIRECTION('',(1.,0.,-0.));
#4645 = DEFINITIONAL_REPRESENTATION('',(#4646),#4650);
#4646 = LINE('',#4647,#4648);
#4647 = CARTESIAN_POINT('',(-0.,-0.));
#4648 = VECTOR('',#4649,1.);
#4649 = DIRECTION('',(-1.,-0.));
#4650 = ( GEOMETRIC_REPRESENTATION_CONTEXT(2) 
PARAMETRIC_REPRESENTATION_CONTEXT() REPRESENTATION_CONTEXT('2D SPACE',''
  ) );
#4651 = ORIENTED_EDGE('',*,*,#4602,.F.);
#4652 = ADVANCED_FACE('',(#4653),#4585,.F.);
#4653 = FACE_BOUND('',#4654,.F.);
#4654 = EDGE_LOOP('',(#4655,#4656,#4679,#4706));
#4655 = ORIENTED_EDGE('',*,*,#4570,.T.);
#4656 = ORIENTED_EDGE('',*,*,#4657,.T.);
#4657 = EDGE_CURVE('',#4548,#4658,#4660,.T.);
#4658 = VERTEX_POINT('',#4659);
#4659 = CARTESIAN_POINT('',(38.603330868537,0.,721.13333333333));
#4660 = SEAM_CURVE('',#4661,(#4665,#4672),.PCURVE_S1.);
#4661 = LINE('',#4662,#4663);
#4662 = CARTESIAN_POINT('',(38.906500871487,0.,717.76666666666));
#4663 = VECTOR('',#4664,1.);
#4664 = DIRECTION('',(-8.968758771255E-02,0.,0.995969947644));
#4665 = PCURVE('',#4585,#4666);
#4666 = DEFINITIONAL_REPRESENTATION('',(#4667),#4671);
#4667 = LINE('',#4668,#4669);
#4668 = CARTESIAN_POINT('',(-0.,-0.));
#4669 = VECTOR('',#4670,1.);
#4670 = DIRECTION('',(-0.,-1.));
#4671 = ( GEOMETRIC_REPRESENTATION_CONTEXT(2) 
PARAMETRIC_REPRESENTATION_CONTEXT() REPRESENTATION_CONTEXT('2D SPACE',''
  ) );
#4672 = PCURVE('',#4585,#4673);
#4673 = DEFINITIONAL_REPRESENTATION('',(#4674),#4678);
#4674 = LINE('',#4675,#4676);
#4675 = CARTESIAN_POINT('',(-6.28318530718,-0.));
#4676 = VECTOR('',#4677,1.);
#4677 = DIRECTION('',(-0.,-1.));
#4678 = ( GEOMETRIC_REPRESENTATION_CONTEXT(2) 
PARAMETRIC_REPRESENTATION_CONTEXT() REPRESENTATION_CONTEXT('2D SPACE',''
  ) );
#4679 = ORIENTED_EDGE('',*,*,#4680,.F.);
#4680 = EDGE_CURVE('',#4658,#4658,#4681,.T.);
#4681 = SURFACE_CURVE('',#4682,(#4687,#4694),.PCURVE_S1.);
#4682 = CIRCLE('',#4683,38.603330868537);
#4683 = AXIS2_PLACEMENT_3D('',#4684,#4685,#4686);
#4684 = CARTESIAN_POINT('',(0.,0.,721.13333333333));
#4685 = DIRECTION('',(0.,0.,1.));
#4686 = DIRECTION('',(1.,0.,-0.));
#4687 = PCURVE('',#4585,#4688);
#4688 = DEFINITIONAL_REPRESENTATION('',(#4689),#4693);
#4689 = LINE('',#4690,#4691);
#4690 = CARTESIAN_POINT('',(-0.,-3.366666666667));
#4691 = VECTOR('',#4692,1.);
#4692 = DIRECTION('',(-1.,-0.));
#4693 = ( GEOMETRIC_REPRESENTATION_CONTEXT(2) 
PARAMETRIC_REPRESENTATION_CONTEXT() REPRESENTATION_CONTEXT('2D SPACE',''
  ) );
#4694 = PCURVE('',#4695,#4700);
#4695 = CONICAL_SURFACE('',#4696,38.603330868537,9.648072604276E-02);
#4696 = AXIS2_PLACEMENT_3D('',#4697,#4698,#4699);
#4697 = CARTESIAN_POINT('',(0.,0.,721.13333333333));
#4698 = DIRECTION('',(-0.,-0.,-1.));
#4699 = DIRECTION('',(1.,0.,-0.));
#4700 = DEFINITIONAL_REPRESENTATION('',(#4701),#4705);
#4701 = LINE('',#4702,#4703);
#4702 = CARTESIAN_POINT('',(-0.,-0.));
#4703 = VECTOR('',#4704,1.);
#4704 = DIRECTION('',(-1.,-0.));
#4705 = ( GEOMETRIC_REPRESENTATION_CONTEXT(2) 
PARAMETRIC_REPRESENTATION_CONTEXT() REPRESENTATION_CONTEXT('2D SPACE',''
  ) );
#4706 = ORIENTED_EDGE('',*,*,#4657,.F.);
#4707 = ADVANCED_FACE('',(#4708),#4640,.T.);
#4708 = FACE_BOUND('',#4709,.T.);
#4709 = EDGE_LOOP('',(#4710,#4711,#4734,#4761));
#4710 = ORIENTED_EDGE('',*,*,#4625,.T.);
#4711 = ORIENTED_EDGE('',*,*,#4712,.T.);
#4712 = EDGE_CURVE('',#4603,#4713,#4715,.T.);
#4713 = VERTEX_POINT('',#4714);
#4714 = CARTESIAN_POINT('',(40.106500871487,0.,717.76666666666));
#4715 = SEAM_CURVE('',#4716,(#4720,#4727),.PCURVE_S1.);
#4716 = LINE('',#4717,#4718);
#4717 = CARTESIAN_POINT('',(40.387051604348,0.,714.4));
#4718 = VECTOR('',#4719,1.);
#4719 = DIRECTION('',(-8.304406216311E-02,0.,0.996545876385));
#4720 = PCURVE('',#4640,#4721);
#4721 = DEFINITIONAL_REPRESENTATION('',(#4722),#4726);
#4722 = LINE('',#4723,#4724);
#4723 = CARTESIAN_POINT('',(-0.,-0.));
#4724 = VECTOR('',#4725,1.);
#4725 = DIRECTION('',(-0.,-1.));
#4726 = ( GEOMETRIC_REPRESENTATION_CONTEXT(2) 
PARAMETRIC_REPRESENTATION_CONTEXT() REPRESENTATION_CONTEXT('2D SPACE',''
  ) );
#4727 = PCURVE('',#4640,#4728);
#4728 = DEFINITIONAL_REPRESENTATION('',(#4729),#4733);
#4729 = LINE('',#4730,#4731);
#4730 = CARTESIAN_POINT('',(-6.28318530718,-0.));
#4731 = VECTOR('',#4732,1.);
#4732 = DIRECTION('',(-0.,-1.));
#4733 = ( GEOMETRIC_REPRESENTATION_CONTEXT(2) 
PARAMETRIC_REPRESENTATION_CONTEXT() REPRESENTATION_CONTEXT('2D SPACE',''
  ) );
#4734 = ORIENTED_EDGE('',*,*,#4735,.F.);
#4735 = EDGE_CURVE('',#4713,#4713,#4736,.T.);
#4736 = SURFACE_CURVE('',#4737,(#4742,#4749),.PCURVE_S1.);
#4737 = CIRCLE('',#4738,40.106500871487);
#4738 = AXIS2_PLACEMENT_3D('',#4739,#4740,#4741);
#4739 = CARTESIAN_POINT('',(0.,0.,717.76666666666));
#4740 = DIRECTION('',(0.,0.,1.));
#4741 = DIRECTION('',(1.,0.,-0.));
#4742 = PCURVE('',#4640,#4743);
#4743 = DEFINITIONAL_REPRESENTATION('',(#4744),#4748);
#4744 = LINE('',#4745,#4746);
#4745 = CARTESIAN_POINT('',(-0.,-3.366666666667));
#4746 = VECTOR('',#4747,1.);
#4747 = DIRECTION('',(-1.,-0.));
#4748 = ( GEOMETRIC_REPRESENTATION_CONTEXT(2) 
PARAMETRIC_REPRESENTATION_CONTEXT() REPRESENTATION_CONTEXT('2D SPACE',''
  ) );
#4749 = PCURVE('',#4750,#4755);
#4750 = CONICAL_SURFACE('',#4751,40.106500871487,8.980826415932E-02);
#4751 = AXIS2_PLACEMENT_3D('',#4752,#4753,#4754);
#4752 = CARTESIAN_POINT('',(0.,0.,717.76666666666));
#4753 = DIRECTION('',(-0.,-0.,-1.));
#4754 = DIRECTION('',(1.,0.,-0.));
#4755 = DEFINITIONAL_REPRESENTATION('',(#4756),#4760);
#4756 = LINE('',#4757,#4758);
#4757 = CARTESIAN_POINT('',(-0.,-0.));
#4758 = VECTOR('',#4759,1.);
#4759 = DIRECTION('',(-1.,-0.));
#4760 = ( GEOMETRIC_REPRESENTATION_CONTEXT(2) 
PARAMETRIC_REPRESENTATION_CONTEXT() REPRESENTATION_CONTEXT('2D SPACE',''
  ) );
#4761 = ORIENTED_EDGE('',*,*,#4712,.F.);
#4762 = ADVANCED_FACE('',(#4763),#4695,.F.);
#4763 = FACE_BOUND('',#4764,.F.);
#4764 = EDGE_LOOP('',(#4765,#4766,#4789,#4816));
#4765 = ORIENTED_EDGE('',*,*,#4680,.T.);
#4766 = ORIENTED_EDGE('',*,*,#4767,.T.);
#4767 = EDGE_CURVE('',#4658,#4768,#4770,.T.);
#4768 = VERTEX_POINT('',#4769);
#4769 = CARTESIAN_POINT('',(38.27750079652,0.,724.5));
#4770 = SEAM_CURVE('',#4771,(#4775,#4782),.PCURVE_S1.);
#4771 = LINE('',#4772,#4773);
#4772 = CARTESIAN_POINT('',(38.603330868537,0.,721.13333333333));
#4773 = VECTOR('',#4774,1.);
#4774 = DIRECTION('',(-9.633111339663E-02,0.,0.995349343995));
#4775 = PCURVE('',#4695,#4776);
#4776 = DEFINITIONAL_REPRESENTATION('',(#4777),#4781);
#4777 = LINE('',#4778,#4779);
#4778 = CARTESIAN_POINT('',(-0.,-0.));
#4779 = VECTOR('',#4780,1.);
#4780 = DIRECTION('',(-0.,-1.));
#4781 = ( GEOMETRIC_REPRESENTATION_CONTEXT(2) 
PARAMETRIC_REPRESENTATION_CONTEXT() REPRESENTATION_CONTEXT('2D SPACE',''
  ) );
#4782 = PCURVE('',#4695,#4783);
#4783 = DEFINITIONAL_REPRESENTATION('',(#4784),#4788);
#4784 = LINE('',#4785,#4786);
#4785 = CARTESIAN_POINT('',(-6.28318530718,-0.));
#4786 = VECTOR('',#4787,1.);
#4787 = DIRECTION('',(-0.,-1.));
#4788 = ( GEOMETRIC_REPRESENTATION_CONTEXT(2) 
PARAMETRIC_REPRESENTATION_CONTEXT() REPRESENTATION_CONTEXT('2D SPACE',''
  ) );
#4789 = ORIENTED_EDGE('',*,*,#4790,.F.);
#4790 = EDGE_CURVE('',#4768,#4768,#4791,.T.);
#4791 = SURFACE_CURVE('',#4792,(#4797,#4804),.PCURVE_S1.);
#4792 = CIRCLE('',#4793,38.27750079652);
#4793 = AXIS2_PLACEMENT_3D('',#4794,#4795,#4796);
#4794 = CARTESIAN_POINT('',(0.,0.,724.5));
#4795 = DIRECTION('',(0.,0.,1.));
#4796 = DIRECTION('',(1.,0.,-0.));
#4797 = PCURVE('',#4695,#4798);
#4798 = DEFINITIONAL_REPRESENTATION('',(#4799),#4803);
#4799 = LINE('',#4800,#4801);
#4800 = CARTESIAN_POINT('',(-0.,-3.366666666667));
#4801 = VECTOR('',#4802,1.);
#4802 = DIRECTION('',(-1.,-0.));
#4803 = ( GEOMETRIC_REPRESENTATION_CONTEXT(2) 
PARAMETRIC_REPRESENTATION_CONTEXT() REPRESENTATION_CONTEXT('2D SPACE',''
  ) );
#4804 = PCURVE('',#4805,#4810);
#4805 = CONICAL_SURFACE('',#4806,38.27750079652,0.103157499806);
#4806 = AXIS2_PLACEMENT_3D('',#4807,#4808,#4809);
#4807 = CARTESIAN_POINT('',(0.,0.,724.5));
#4808 = DIRECTION('',(-0.,-0.,-1.));
#4809 = DIRECTION('',(1.,0.,-0.));
#4810 = DEFINITIONAL_REPRESENTATION('',(#4811),#4815);
#4811 = LINE('',#4812,#4813);
#4812 = CARTESIAN_POINT('',(-0.,-0.));
#4813 = VECTOR('',#4814,1.);
#4814 = DIRECTION('',(-1.,-0.));
#4815 = ( GEOMETRIC_REPRESENTATION_CONTEXT(2) 
PARAMETRIC_REPRESENTATION_CONTEXT() REPRESENTATION_CONTEXT('2D SPACE',''
  ) );
#4816 = ORIENTED_EDGE('',*,*,#4767,.F.);
#4817 = ADVANCED_FACE('',(#4818),#4750,.T.);
#4818 = FACE_BOUND('',#4819,.T.);
#4819 = EDGE_LOOP('',(#4820,#4821,#4844,#4871));
#4820 = ORIENTED_EDGE('',*,*,#4735,.T.);
#4821 = ORIENTED_EDGE('',*,*,#4822,.T.);
#4822 = EDGE_CURVE('',#4713,#4823,#4825,.T.);
#4823 = VERTEX_POINT('',#4824);
#4824 = CARTESIAN_POINT('',(39.803330868537,0.,721.13333333333));
#4825 = SEAM_CURVE('',#4826,(#4830,#4837),.PCURVE_S1.);
#4826 = LINE('',#4827,#4828);
#4827 = CARTESIAN_POINT('',(40.106500871487,0.,717.76666666666));
#4828 = VECTOR('',#4829,1.);
#4829 = DIRECTION('',(-8.968758771255E-02,0.,0.995969947644));
#4830 = PCURVE('',#4750,#4831);
#4831 = DEFINITIONAL_REPRESENTATION('',(#4832),#4836);
#4832 = LINE('',#4833,#4834);
#4833 = CARTESIAN_POINT('',(-0.,-0.));
#4834 = VECTOR('',#4835,1.);
#4835 = DIRECTION('',(-0.,-1.));
#4836 = ( GEOMETRIC_REPRESENTATION_CONTEXT(2) 
PARAMETRIC_REPRESENTATION_CONTEXT() REPRESENTATION_CONTEXT('2D SPACE',''
  ) );
#4837 = PCURVE('',#4750,#4838);
#4838 = DEFINITIONAL_REPRESENTATION('',(#4839),#4843);
#4839 = LINE('',#4840,#4841);
#4840 = CARTESIAN_POINT('',(-6.28318530718,-0.));
#4841 = VECTOR('',#4842,1.);
#4842 = DIRECTION('',(-0.,-1.));
#4843 = ( GEOMETRIC_REPRESENTATION_CONTEXT(2) 
PARAMETRIC_REPRESENTATION_CONTEXT() REPRESENTATION_CONTEXT('2D SPACE',''
  ) );
#4844 = ORIENTED_EDGE('',*,*,#4845,.F.);
#4845 = EDGE_CURVE('',#4823,#4823,#4846,.T.);
#4846 = SURFACE_CURVE('',#4847,(#4852,#4859),.PCURVE_S1.);
#4847 = CIRCLE('',#4848,39.803330868537);
#4848 = AXIS2_PLACEMENT_3D('',#4849,#4850,#4851);
#4849 = CARTESIAN_POINT('',(0.,0.,721.13333333333));
#4850 = DIRECTION('',(0.,0.,1.));
#4851 = DIRECTION('',(1.,0.,-0.));
#4852 = PCURVE('',#4750,#4853);
#4853 = DEFINITIONAL_REPRESENTATION('',(#4854),#4858);
#4854 = LINE('',#4855,#4856);
#4855 = CARTESIAN_POINT('',(-0.,-3.366666666667));
#4856 = VECTOR('',#4857,1.);
#4857 = DIRECTION('',(-1.,-0.));
#4858 = ( GEOMETRIC_REPRESENTATION_CONTEXT(2) 
PARAMETRIC_REPRESENTATION_CONTEXT() REPRESENTATION_CONTEXT('2D SPACE',''
  ) );
#4859 = PCURVE('',#4860,#4865);
#4860 = CONICAL_SURFACE('',#4861,39.803330868537,9.648072604276E-02);
#4861 = AXIS2_PLACEMENT_3D('',#4862,#4863,#4864);
#4862 = CARTESIAN_POINT('',(0.,0.,721.13333333333));
#4863 = DIRECTION('',(-0.,-0.,-1.));
#4864 = DIRECTION('',(1.,0.,-0.));
#4865 = DEFINITIONAL_REPRESENTATION('',(#4866),#4870);
#4866 = LINE('',#4867,#4868);
#4867 = CARTESIAN_POINT('',(-0.,-0.));
#4868 = VECTOR('',#4869,1.);
#4869 = DIRECTION('',(-1.,-0.));
#4870 = ( GEOMETRIC_REPRESENTATION_CONTEXT(2) 
PARAMETRIC_REPRESENTATION_CONTEXT() REPRESENTATION_CONTEXT('2D SPACE',''
  ) );
#4871 = ORIENTED_EDGE('',*,*,#4822,.F.);
#4872 = ADVANCED_FACE('',(#4873),#4805,.F.);
#4873 = FACE_BOUND('',#4874,.F.);
#4874 = EDGE_LOOP('',(#4875,#4876,#4899,#4926));
#4875 = ORIENTED_EDGE('',*,*,#4790,.T.);
#4876 = ORIENTED_EDGE('',*,*,#4877,.T.);
#4877 = EDGE_CURVE('',#4768,#4878,#4880,.T.);
#4878 = VERTEX_POINT('',#4879);
#4879 = CARTESIAN_POINT('',(37.928966697517,0.,727.86666666666));
#4880 = SEAM_CURVE('',#4881,(#4885,#4892),.PCURVE_S1.);
#4881 = LINE('',#4882,#4883);
#4882 = CARTESIAN_POINT('',(38.27750079652,0.,724.5));
#4883 = VECTOR('',#4884,1.);
#4884 = DIRECTION('',(-0.102974639226,0.,0.994683981813));
#4885 = PCURVE('',#4805,#4886);
#4886 = DEFINITIONAL_REPRESENTATION('',(#4887),#4891);
#4887 = LINE('',#4888,#4889);
#4888 = CARTESIAN_POINT('',(-0.,-0.));
#4889 = VECTOR('',#4890,1.);
#4890 = DIRECTION('',(-0.,-1.));
#4891 = ( GEOMETRIC_REPRESENTATION_CONTEXT(2) 
PARAMETRIC_REPRESENTATION_CONTEXT() REPRESENTATION_CONTEXT('2D SPACE',''
  ) );
#4892 = PCURVE('',#4805,#4893);
#4893 = DEFINITIONAL_REPRESENTATION('',(#4894),#4898);
#4894 = LINE('',#4895,#4896);
#4895 = CARTESIAN_POINT('',(-6.28318530718,-0.));
#4896 = VECTOR('',#4897,1.);
#4897 = DIRECTION('',(-0.,-1.));
#4898 = ( GEOMETRIC_REPRESENTATION_CONTEXT(2) 
PARAMETRIC_REPRESENTATION_CONTEXT() REPRESENTATION_CONTEXT('2D SPACE',''
  ) );
#4899 = ORIENTED_EDGE('',*,*,#4900,.F.);
#4900 = EDGE_CURVE('',#4878,#4878,#4901,.T.);
#4901 = SURFACE_CURVE('',#4902,(#4907,#4914),.PCURVE_S1.);
#4902 = CIRCLE('',#4903,37.928966697517);
#4903 = AXIS2_PLACEMENT_3D('',#4904,#4905,#4906);
#4904 = CARTESIAN_POINT('',(0.,0.,727.86666666666));
#4905 = DIRECTION('',(0.,0.,1.));
#4906 = DIRECTION('',(1.,0.,-0.));
#4907 = PCURVE('',#4805,#4908);
#4908 = DEFINITIONAL_REPRESENTATION('',(#4909),#4913);
#4909 = LINE('',#4910,#4911);
#4910 = CARTESIAN_POINT('',(-0.,-3.366666666667));
#4911 = VECTOR('',#4912,1.);
#4912 = DIRECTION('',(-1.,-0.));
#4913 = ( GEOMETRIC_REPRESENTATION_CONTEXT(2) 
PARAMETRIC_REPRESENTATION_CONTEXT() REPRESENTATION_CONTEXT('2D SPACE',''
  ) );
#4914 = PCURVE('',#4915,#4920);
#4915 = CONICAL_SURFACE('',#4916,37.928966697517,0.109838892077);
#4916 = AXIS2_PLACEMENT_3D('',#4917,#4918,#4919);
#4917 = CARTESIAN_POINT('',(0.,0.,727.86666666666));
#4918 = DIRECTION('',(-0.,-0.,-1.));
#4919 = DIRECTION('',(1.,0.,-0.));
#4920 = DEFINITIONAL_REPRESENTATION('',(#4921),#4925);
#4921 = LINE('',#4922,#4923);
#4922 = CARTESIAN_POINT('',(-0.,-0.));
#4923 = VECTOR('',#4924,1.);
#4924 = DIRECTION('',(-1.,-0.));
#4925 = ( GEOMETRIC_REPRESENTATION_CONTEXT(2) 
PARAMETRIC_REPRESENTATION_CONTEXT() REPRESENTATION_CONTEXT('2D SPACE',''
  ) );
#4926 = ORIENTED_EDGE('',*,*,#4877,.F.);
#4927 = ADVANCED_FACE('',(#4928),#4860,.T.);
#4928 = FACE_BOUND('',#4929,.T.);
#4929 = EDGE_LOOP('',(#4930,#4931,#4954,#4981));
#4930 = ORIENTED_EDGE('',*,*,#4845,.T.);
#4931 = ORIENTED_EDGE('',*,*,#4932,.T.);
#4932 = EDGE_CURVE('',#4823,#4933,#4935,.T.);
#4933 = VERTEX_POINT('',#4934);
#4934 = CARTESIAN_POINT('',(39.47750079652,0.,724.5));
#4935 = SEAM_CURVE('',#4936,(#4940,#4947),.PCURVE_S1.);
#4936 = LINE('',#4937,#4938);
#4937 = CARTESIAN_POINT('',(39.803330868537,0.,721.13333333333));
#4938 = VECTOR('',#4939,1.);
#4939 = DIRECTION('',(-9.633111339663E-02,0.,0.995349343995));
#4940 = PCURVE('',#4860,#4941);
#4941 = DEFINITIONAL_REPRESENTATION('',(#4942),#4946);
#4942 = LINE('',#4943,#4944);
#4943 = CARTESIAN_POINT('',(-0.,-0.));
#4944 = VECTOR('',#4945,1.);
#4945 = DIRECTION('',(-0.,-1.));
#4946 = ( GEOMETRIC_REPRESENTATION_CONTEXT(2) 
PARAMETRIC_REPRESENTATION_CONTEXT() REPRESENTATION_CONTEXT('2D SPACE',''
  ) );
#4947 = PCURVE('',#4860,#4948);
#4948 = DEFINITIONAL_REPRESENTATION('',(#4949),#4953);
#4949 = LINE('',#4950,#4951);
#4950 = CARTESIAN_POINT('',(-6.28318530718,-0.));
#4951 = VECTOR('',#4952,1.);
#4952 = DIRECTION('',(-0.,-1.));
#4953 = ( GEOMETRIC_REPRESENTATION_CONTEXT(2) 
PARAMETRIC_REPRESENTATION_CONTEXT() REPRESENTATION_CONTEXT('2D SPACE',''
  ) );
#4954 = ORIENTED_EDGE('',*,*,#4955,.F.);
#4955 = EDGE_CURVE('',#4933,#4933,#4956,.T.);
#4956 = SURFACE_CURVE('',#4957,(#4962,#4969),.PCURVE_S1.);
#4957 = CIRCLE('',#4958,39.47750079652);
#4958 = AXIS2_PLACEMENT_3D('',#4959,#4960,#4961);
#4959 = CARTESIAN_POINT('',(0.,0.,724.5));
#4960 = DIRECTION('',(0.,0.,1.));
#4961 = DIRECTION('',(1.,0.,-0.));
#4962 = PCURVE('',#4860,#4963);
#4963 = DEFINITIONAL_REPRESENTATION('',(#4964),#4968);
#4964 = LINE('',#4965,#4966);
#4965 = CARTESIAN_POINT('',(-0.,-3.366666666667));
#4966 = VECTOR('',#4967,1.);
#4967 = DIRECTION('',(-1.,-0.));
#4968 = ( GEOMETRIC_REPRESENTATION_CONTEXT(2) 
PARAMETRIC_REPRESENTATION_CONTEXT() REPRESENTATION_CONTEXT('2D SPACE',''
  ) );
#4969 = PCURVE('',#4970,#4975);
#4970 = CONICAL_SURFACE('',#4971,39.47750079652,0.103157499806);
#4971 = AXIS2_PLACEMENT_3D('',#4972,#4973,#4974);
#4972 = CARTESIAN_POINT('',(0.,0.,724.5));
#4973 = DIRECTION('',(-0.,-0.,-1.));
#4974 = DIRECTION('',(1.,0.,-0.));
#4975 = DEFINITIONAL_REPRESENTATION('',(#4976),#4980);
#4976 = LINE('',#4977,#4978);
#4977 = CARTESIAN_POINT('',(-0.,-0.));
#4978 = VECTOR('',#4979,1.);
#4979 = DIRECTION('',(-1.,-0.));
#4980 = ( GEOMETRIC_REPRESENTATION_CONTEXT(2) 
PARAMETRIC_REPRESENTATION_CONTEXT() REPRESENTATION_CONTEXT('2D SPACE',''
  ) );
#4981 = ORIENTED_EDGE('',*,*,#4932,.F.);
#4982 = ADVANCED_FACE('',(#4983),#4915,.F.);
#4983 = FACE_BOUND('',#4984,.F.);
#4984 = EDGE_LOOP('',(#4985,#4986,#5009,#5036));
#4985 = ORIENTED_EDGE('',*,*,#4900,.T.);
#4986 = ORIENTED_EDGE('',*,*,#4987,.T.);
#4987 = EDGE_CURVE('',#4878,#4988,#4990,.T.);
#4988 = VERTEX_POINT('',#4989);
#4989 = CARTESIAN_POINT('',(37.55768142464,0.,731.23333333333));
#4990 = SEAM_CURVE('',#4991,(#4995,#5002),.PCURVE_S1.);
#4991 = LINE('',#4992,#4993);
#4992 = CARTESIAN_POINT('',(37.928966697517,0.,727.86666666666));
#4993 = VECTOR('',#4994,1.);
#4994 = DIRECTION('',(-0.109618165211,0.,0.993973771211));
#4995 = PCURVE('',#4915,#4996);
#4996 = DEFINITIONAL_REPRESENTATION('',(#4997),#5001);
#4997 = LINE('',#4998,#4999);
#4998 = CARTESIAN_POINT('',(-0.,-0.));
#4999 = VECTOR('',#5000,1.);
#5000 = DIRECTION('',(-0.,-1.));
#5001 = ( GEOMETRIC_REPRESENTATION_CONTEXT(2) 
PARAMETRIC_REPRESENTATION_CONTEXT() REPRESENTATION_CONTEXT('2D SPACE',''
  ) );
#5002 = PCURVE('',#4915,#5003);
#5003 = DEFINITIONAL_REPRESENTATION('',(#5004),#5008);
#5004 = LINE('',#5005,#5006);
#5005 = CARTESIAN_POINT('',(-6.28318530718,-0.));
#5006 = VECTOR('',#5007,1.);
#5007 = DIRECTION('',(-0.,-1.));
#5008 = ( GEOMETRIC_REPRESENTATION_CONTEXT(2) 
PARAMETRIC_REPRESENTATION_CONTEXT() REPRESENTATION_CONTEXT('2D SPACE',''
  ) );
#5009 = ORIENTED_EDGE('',*,*,#5010,.F.);
#5010 = EDGE_CURVE('',#4988,#4988,#5011,.T.);
#5011 = SURFACE_CURVE('',#5012,(#5017,#5024),.PCURVE_S1.);
#5012 = CIRCLE('',#5013,37.55768142464);
#5013 = AXIS2_PLACEMENT_3D('',#5014,#5015,#5016);
#5014 = CARTESIAN_POINT('',(0.,0.,731.23333333333));
#5015 = DIRECTION('',(0.,0.,1.));
#5016 = DIRECTION('',(1.,0.,-0.));
#5017 = PCURVE('',#4915,#5018);
#5018 = DEFINITIONAL_REPRESENTATION('',(#5019),#5023);
#5019 = LINE('',#5020,#5021);
#5020 = CARTESIAN_POINT('',(-0.,-3.366666666667));
#5021 = VECTOR('',#5022,1.);
#5022 = DIRECTION('',(-1.,-0.));
#5023 = ( GEOMETRIC_REPRESENTATION_CONTEXT(2) 
PARAMETRIC_REPRESENTATION_CONTEXT() REPRESENTATION_CONTEXT('2D SPACE',''
  ) );
#5024 = PCURVE('',#5025,#5030);
#5025 = CONICAL_SURFACE('',#5026,37.55768142464,0.116525211373);
#5026 = AXIS2_PLACEMENT_3D('',#5027,#5028,#5029);
#5027 = CARTESIAN_POINT('',(0.,0.,731.23333333333));
#5028 = DIRECTION('',(-0.,-0.,-1.));
#5029 = DIRECTION('',(1.,0.,-0.));
#5030 = DEFINITIONAL_REPRESENTATION('',(#5031),#5035);
#5031 = LINE('',#5032,#5033);
#5032 = CARTESIAN_POINT('',(-0.,-0.));
#5033 = VECTOR('',#5034,1.);
#5034 = DIRECTION('',(-1.,-0.));
#5035 = ( GEOMETRIC_REPRESENTATION_CONTEXT(2) 
PARAMETRIC_REPRESENTATION_CONTEXT() REPRESENTATION_CONTEXT('2D SPACE',''
  ) );
#5036 = ORIENTED_EDGE('',*,*,#4987,.F.);
#5037 = ADVANCED_FACE('',(#5038),#4970,.T.);
#5038 = FACE_BOUND('',#5039,.T.);
#5039 = EDGE_LOOP('',(#5040,#5041,#5064,#5091));
#5040 = ORIENTED_EDGE('',*,*,#4955,.T.);
#5041 = ORIENTED_EDGE('',*,*,#5042,.T.);
#5042 = EDGE_CURVE('',#4933,#5043,#5045,.T.);
#5043 = VERTEX_POINT('',#5044);
#5044 = CARTESIAN_POINT('',(39.128966697517,0.,727.86666666666));
#5045 = SEAM_CURVE('',#5046,(#5050,#5057),.PCURVE_S1.);
#5046 = LINE('',#5047,#5048);
#5047 = CARTESIAN_POINT('',(39.47750079652,0.,724.5));
#5048 = VECTOR('',#5049,1.);
#5049 = DIRECTION('',(-0.102974639226,0.,0.994683981813));
#5050 = PCURVE('',#4970,#5051);
#5051 = DEFINITIONAL_REPRESENTATION('',(#5052),#5056);
#5052 = LINE('',#5053,#5054);
#5053 = CARTESIAN_POINT('',(-0.,-0.));
#5054 = VECTOR('',#5055,1.);
#5055 = DIRECTION('',(-0.,-1.));
#5056 = ( GEOMETRIC_REPRESENTATION_CONTEXT(2) 
PARAMETRIC_REPRESENTATION_CONTEXT() REPRESENTATION_CONTEXT('2D SPACE',''
  ) );
#5057 = PCURVE('',#4970,#5058);
#5058 = DEFINITIONAL_REPRESENTATION('',(#5059),#5063);
#5059 = LINE('',#5060,#5061);
#5060 = CARTESIAN_POINT('',(-6.28318530718,-0.));
#5061 = VECTOR('',#5062,1.);
#5062 = DIRECTION('',(-0.,-1.));
#5063 = ( GEOMETRIC_REPRESENTATION_CONTEXT(2) 
PARAMETRIC_REPRESENTATION_CONTEXT() REPRESENTATION_CONTEXT('2D SPACE',''
  ) );
#5064 = ORIENTED_EDGE('',*,*,#5065,.F.);
#5065 = EDGE_CURVE('',#5043,#5043,#5066,.T.);
#5066 = SURFACE_CURVE('',#5067,(#5072,#5079),.PCURVE_S1.);
#5067 = CIRCLE('',#5068,39.128966697517);
#5068 = AXIS2_PLACEMENT_3D('',#5069,#5070,#5071);
#5069 = CARTESIAN_POINT('',(0.,0.,727.86666666666));
#5070 = DIRECTION('',(0.,0.,1.));
#5071 = DIRECTION('',(1.,0.,-0.));
#5072 = PCURVE('',#4970,#5073);
#5073 = DEFINITIONAL_REPRESENTATION('',(#5074),#5078);
#5074 = LINE('',#5075,#5076);
#5075 = CARTESIAN_POINT('',(-0.,-3.366666666667));
#5076 = VECTOR('',#5077,1.);
#5077 = DIRECTION('',(-1.,-0.));
#5078 = ( GEOMETRIC_REPRESENTATION_CONTEXT(2) 
PARAMETRIC_REPRESENTATION_CONTEXT() REPRESENTATION_CONTEXT('2D SPACE',''
  ) );
#5079 = PCURVE('',#5080,#5085);
#5080 = CONICAL_SURFACE('',#5081,39.128966697517,0.109838892077);
#5081 = AXIS2_PLACEMENT_3D('',#5082,#5083,#5084);
#5082 = CARTESIAN_POINT('',(0.,0.,727.86666666666));
#5083 = DIRECTION('',(-0.,-0.,-1.));
#5084 = DIRECTION('',(1.,0.,-0.));
#5085 = DEFINITIONAL_REPRESENTATION('',(#5086),#5090);
#5086 = LINE('',#5087,#5088);
#5087 = CARTESIAN_POINT('',(-0.,-0.));
#5088 = VECTOR('',#5089,1.);
#5089 = DIRECTION('',(-1.,-0.));
#5090 = ( GEOMETRIC_REPRESENTATION_CONTEXT(2) 
PARAMETRIC_REPRESENTATION_CONTEXT() REPRESENTATION_CONTEXT('2D SPACE',''
  ) );
#5091 = ORIENTED_EDGE('',*,*,#5042,.F.);
#5092 = ADVANCED_FACE('',(#5093),#5025,.F.);
#5093 = FACE_BOUND('',#5094,.F.);
#5094 = EDGE_LOOP('',(#5095,#5096,#5119,#5146));
#5095 = ORIENTED_EDGE('',*,*,#5010,.T.);
#5096 = ORIENTED_EDGE('',*,*,#5097,.T.);
#5097 = EDGE_CURVE('',#4988,#5098,#5100,.T.);
#5098 = VERTEX_POINT('',#5099);
#5099 = CARTESIAN_POINT('',(37.163594609687,0.,734.6));
#5100 = SEAM_CURVE('',#5101,(#5105,#5112),.PCURVE_S1.);
#5101 = LINE('',#5102,#5103);
#5102 = CARTESIAN_POINT('',(37.55768142464,0.,731.23333333333));
#5103 = VECTOR('',#5104,1.);
#5104 = DIRECTION('',(-0.116261691363,0.,0.993218615976));
#5105 = PCURVE('',#5025,#5106);
#5106 = DEFINITIONAL_REPRESENTATION('',(#5107),#5111);
#5107 = LINE('',#5108,#5109);
#5108 = CARTESIAN_POINT('',(-0.,-0.));
#5109 = VECTOR('',#5110,1.);
#5110 = DIRECTION('',(-0.,-1.));
#5111 = ( GEOMETRIC_REPRESENTATION_CONTEXT(2) 
PARAMETRIC_REPRESENTATION_CONTEXT() REPRESENTATION_CONTEXT('2D SPACE',''
  ) );
#5112 = PCURVE('',#5025,#5113);
#5113 = DEFINITIONAL_REPRESENTATION('',(#5114),#5118);
#5114 = LINE('',#5115,#5116);
#5115 = CARTESIAN_POINT('',(-6.28318530718,-0.));
#5116 = VECTOR('',#5117,1.);
#5117 = DIRECTION('',(-0.,-1.));
#5118 = ( GEOMETRIC_REPRESENTATION_CONTEXT(2) 
PARAMETRIC_REPRESENTATION_CONTEXT() REPRESENTATION_CONTEXT('2D SPACE',''
  ) );
#5119 = ORIENTED_EDGE('',*,*,#5120,.F.);
#5120 = EDGE_CURVE('',#5098,#5098,#5121,.T.);
#5121 = SURFACE_CURVE('',#5122,(#5127,#5134),.PCURVE_S1.);
#5122 = CIRCLE('',#5123,37.163594609687);
#5123 = AXIS2_PLACEMENT_3D('',#5124,#5125,#5126);
#5124 = CARTESIAN_POINT('',(0.,0.,734.6));
#5125 = DIRECTION('',(0.,0.,1.));
#5126 = DIRECTION('',(1.,0.,-0.));
#5127 = PCURVE('',#5025,#5128);
#5128 = DEFINITIONAL_REPRESENTATION('',(#5129),#5133);
#5129 = LINE('',#5130,#5131);
#5130 = CARTESIAN_POINT('',(-0.,-3.366666666667));
#5131 = VECTOR('',#5132,1.);
#5132 = DIRECTION('',(-1.,-0.));
#5133 = ( GEOMETRIC_REPRESENTATION_CONTEXT(2) 
PARAMETRIC_REPRESENTATION_CONTEXT() REPRESENTATION_CONTEXT('2D SPACE',''
  ) );
#5134 = PCURVE('',#5135,#5140);
#5135 = CONICAL_SURFACE('',#5136,37.163594609687,0.123216768229);
#5136 = AXIS2_PLACEMENT_3D('',#5137,#5138,#5139);
#5137 = CARTESIAN_POINT('',(0.,0.,734.6));
#5138 = DIRECTION('',(-0.,-0.,-1.));
#5139 = DIRECTION('',(1.,0.,-0.));
#5140 = DEFINITIONAL_REPRESENTATION('',(#5141),#5145);
#5141 = LINE('',#5142,#5143);
#5142 = CARTESIAN_POINT('',(-0.,-0.));
#5143 = VECTOR('',#5144,1.);
#5144 = DIRECTION('',(-1.,-0.));
#5145 = ( GEOMETRIC_REPRESENTATION_CONTEXT(2) 
PARAMETRIC_REPRESENTATION_CONTEXT() REPRESENTATION_CONTEXT('2D SPACE',''
  ) );
#5146 = ORIENTED_EDGE('',*,*,#5097,.F.);
#5147 = ADVANCED_FACE('',(#5148),#5080,.T.);
#5148 = FACE_BOUND('',#5149,.T.);
#5149 = EDGE_LOOP('',(#5150,#5151,#5174,#5201));
#5150 = ORIENTED_EDGE('',*,*,#5065,.T.);
#5151 = ORIENTED_EDGE('',*,*,#5152,.T.);
#5152 = EDGE_CURVE('',#5043,#5153,#5155,.T.);
#5153 = VERTEX_POINT('',#5154);
#5154 = CARTESIAN_POINT('',(38.75768142464,0.,731.23333333333));
#5155 = SEAM_CURVE('',#5156,(#5160,#5167),.PCURVE_S1.);
#5156 = LINE('',#5157,#5158);
#5157 = CARTESIAN_POINT('',(39.128966697517,0.,727.86666666666));
#5158 = VECTOR('',#5159,1.);
#5159 = DIRECTION('',(-0.109618165211,0.,0.993973771211));
#5160 = PCURVE('',#5080,#5161);
#5161 = DEFINITIONAL_REPRESENTATION('',(#5162),#5166);
#5162 = LINE('',#5163,#5164);
#5163 = CARTESIAN_POINT('',(-0.,-0.));
#5164 = VECTOR('',#5165,1.);
#5165 = DIRECTION('',(-0.,-1.));
#5166 = ( GEOMETRIC_REPRESENTATION_CONTEXT(2) 
PARAMETRIC_REPRESENTATION_CONTEXT() REPRESENTATION_CONTEXT('2D SPACE',''
  ) );
#5167 = PCURVE('',#5080,#5168);
#5168 = DEFINITIONAL_REPRESENTATION('',(#5169),#5173);
#5169 = LINE('',#5170,#5171);
#5170 = CARTESIAN_POINT('',(-6.28318530718,-0.));
#5171 = VECTOR('',#5172,1.);
#5172 = DIRECTION('',(-0.,-1.));
#5173 = ( GEOMETRIC_REPRESENTATION_CONTEXT(2) 
PARAMETRIC_REPRESENTATION_CONTEXT() REPRESENTATION_CONTEXT('2D SPACE',''
  ) );
#5174 = ORIENTED_EDGE('',*,*,#5175,.F.);
#5175 = EDGE_CURVE('',#5153,#5153,#5176,.T.);
#5176 = SURFACE_CURVE('',#5177,(#5182,#5189),.PCURVE_S1.);
#5177 = CIRCLE('',#5178,38.75768142464);
#5178 = AXIS2_PLACEMENT_3D('',#5179,#5180,#5181);
#5179 = CARTESIAN_POINT('',(0.,0.,731.23333333333));
#5180 = DIRECTION('',(0.,0.,1.));
#5181 = DIRECTION('',(1.,0.,-0.));
#5182 = PCURVE('',#5080,#5183);
#5183 = DEFINITIONAL_REPRESENTATION('',(#5184),#5188);
#5184 = LINE('',#5185,#5186);
#5185 = CARTESIAN_POINT('',(-0.,-3.366666666667));
#5186 = VECTOR('',#5187,1.);
#5187 = DIRECTION('',(-1.,-0.));
#5188 = ( GEOMETRIC_REPRESENTATION_CONTEXT(2) 
PARAMETRIC_REPRESENTATION_CONTEXT() REPRESENTATION_CONTEXT('2D SPACE',''
  ) );
#5189 = PCURVE('',#5190,#5195);
#5190 = CONICAL_SURFACE('',#5191,38.75768142464,0.116525211373);
#5191 = AXIS2_PLACEMENT_3D('',#5192,#5193,#5194);
#5192 = CARTESIAN_POINT('',(0.,0.,731.23333333333));
#5193 = DIRECTION('',(-0.,-0.,-1.));
#5194 = DIRECTION('',(1.,0.,-0.));
#5195 = DEFINITIONAL_REPRESENTATION('',(#5196),#5200);
#5196 = LINE('',#5197,#5198);
#5197 = CARTESIAN_POINT('',(-0.,-0.));
#5198 = VECTOR('',#5199,1.);
#5199 = DIRECTION('',(-1.,-0.));
#5200 = ( GEOMETRIC_REPRESENTATION_CONTEXT(2) 
PARAMETRIC_REPRESENTATION_CONTEXT() REPRESENTATION_CONTEXT('2D SPACE',''
  ) );
#5201 = ORIENTED_EDGE('',*,*,#5152,.F.);
#5202 = ADVANCED_FACE('',(#5203),#5135,.F.);
#5203 = FACE_BOUND('',#5204,.F.);
#5204 = EDGE_LOOP('',(#5205,#5206,#5229,#5256));
#5205 = ORIENTED_EDGE('',*,*,#5120,.T.);
#5206 = ORIENTED_EDGE('',*,*,#5207,.T.);
#5207 = EDGE_CURVE('',#5098,#5208,#5210,.T.);
#5208 = VERTEX_POINT('',#5209);
#5209 = CARTESIAN_POINT('',(36.746652628428,0.,737.96666666666));
#5210 = SEAM_CURVE('',#5211,(#5215,#5222),.PCURVE_S1.);
#5211 = LINE('',#5212,#5213);
#5212 = CARTESIAN_POINT('',(37.163594609687,0.,734.6));
#5213 = VECTOR('',#5214,1.);
#5214 = DIRECTION('',(-0.122905217693,0.,0.992418413505));
#5215 = PCURVE('',#5135,#5216);
#5216 = DEFINITIONAL_REPRESENTATION('',(#5217),#5221);
#5217 = LINE('',#5218,#5219);
#5218 = CARTESIAN_POINT('',(-0.,-0.));
#5219 = VECTOR('',#5220,1.);
#5220 = DIRECTION('',(-0.,-1.));
#5221 = ( GEOMETRIC_REPRESENTATION_CONTEXT(2) 
PARAMETRIC_REPRESENTATION_CONTEXT() REPRESENTATION_CONTEXT('2D SPACE',''
  ) );
#5222 = PCURVE('',#5135,#5223);
#5223 = DEFINITIONAL_REPRESENTATION('',(#5224),#5228);
#5224 = LINE('',#5225,#5226);
#5225 = CARTESIAN_POINT('',(-6.28318530718,-0.));
#5226 = VECTOR('',#5227,1.);
#5227 = DIRECTION('',(-0.,-1.));
#5228 = ( GEOMETRIC_REPRESENTATION_CONTEXT(2) 
PARAMETRIC_REPRESENTATION_CONTEXT() REPRESENTATION_CONTEXT('2D SPACE',''
  ) );
#5229 = ORIENTED_EDGE('',*,*,#5230,.F.);
#5230 = EDGE_CURVE('',#5208,#5208,#5231,.T.);
#5231 = SURFACE_CURVE('',#5232,(#5237,#5244),.PCURVE_S1.);
#5232 = CIRCLE('',#5233,36.746652628428);
#5233 = AXIS2_PLACEMENT_3D('',#5234,#5235,#5236);
#5234 = CARTESIAN_POINT('',(0.,0.,737.96666666666));
#5235 = DIRECTION('',(0.,0.,1.));
#5236 = DIRECTION('',(1.,0.,-0.));
#5237 = PCURVE('',#5135,#5238);
#5238 = DEFINITIONAL_REPRESENTATION('',(#5239),#5243);
#5239 = LINE('',#5240,#5241);
#5240 = CARTESIAN_POINT('',(-0.,-3.366666666667));
#5241 = VECTOR('',#5242,1.);
#5242 = DIRECTION('',(-1.,-0.));
#5243 = ( GEOMETRIC_REPRESENTATION_CONTEXT(2) 
PARAMETRIC_REPRESENTATION_CONTEXT() REPRESENTATION_CONTEXT('2D SPACE',''
  ) );
#5244 = PCURVE('',#5245,#5250);
#5245 = CONICAL_SURFACE('',#5246,36.746652628428,0.129913875343);
#5246 = AXIS2_PLACEMENT_3D('',#5247,#5248,#5249);
#5247 = CARTESIAN_POINT('',(0.,0.,737.96666666666));
#5248 = DIRECTION('',(-0.,-0.,-1.));
#5249 = DIRECTION('',(1.,0.,-0.));
#5250 = DEFINITIONAL_REPRESENTATION('',(#5251),#5255);
#5251 = LINE('',#5252,#5253);
#5252 = CARTESIAN_POINT('',(-0.,-0.));
#5253 = VECTOR('',#5254,1.);
#5254 = DIRECTION('',(-1.,-0.));
#5255 = ( GEOMETRIC_REPRESENTATION_CONTEXT(2) 
PARAMETRIC_REPRESENTATION_CONTEXT() REPRESENTATION_CONTEXT('2D SPACE',''
  ) );
#5256 = ORIENTED_EDGE('',*,*,#5207,.F.);
#5257 = ADVANCED_FACE('',(#5258),#5190,.T.);
#5258 = FACE_BOUND('',#5259,.T.);
#5259 = EDGE_LOOP('',(#5260,#5261,#5284,#5311));
#5260 = ORIENTED_EDGE('',*,*,#5175,.T.);
#5261 = ORIENTED_EDGE('',*,*,#5262,.T.);
#5262 = EDGE_CURVE('',#5153,#5263,#5265,.T.);
#5263 = VERTEX_POINT('',#5264);
#5264 = CARTESIAN_POINT('',(38.363594609687,0.,734.6));
#5265 = SEAM_CURVE('',#5266,(#5270,#5277),.PCURVE_S1.);
#5266 = LINE('',#5267,#5268);
#5267 = CARTESIAN_POINT('',(38.75768142464,0.,731.23333333333));
#5268 = VECTOR('',#5269,1.);
#5269 = DIRECTION('',(-0.116261691363,0.,0.993218615976));
#5270 = PCURVE('',#5190,#5271);
#5271 = DEFINITIONAL_REPRESENTATION('',(#5272),#5276);
#5272 = LINE('',#5273,#5274);
#5273 = CARTESIAN_POINT('',(-0.,-0.));
#5274 = VECTOR('',#5275,1.);
#5275 = DIRECTION('',(-0.,-1.));
#5276 = ( GEOMETRIC_REPRESENTATION_CONTEXT(2) 
PARAMETRIC_REPRESENTATION_CONTEXT() REPRESENTATION_CONTEXT('2D SPACE',''
  ) );
#5277 = PCURVE('',#5190,#5278);
#5278 = DEFINITIONAL_REPRESENTATION('',(#5279),#5283);
#5279 = LINE('',#5280,#5281);
#5280 = CARTESIAN_POINT('',(-6.28318530718,-0.));
#5281 = VECTOR('',#5282,1.);
#5282 = DIRECTION('',(-0.,-1.));
#5283 = ( GEOMETRIC_REPRESENTATION_CONTEXT(2) 
PARAMETRIC_REPRESENTATION_CONTEXT() REPRESENTATION_CONTEXT('2D SPACE',''
  ) );
#5284 = ORIENTED_EDGE('',*,*,#5285,.F.);
#5285 = EDGE_CURVE('',#5263,#5263,#5286,.T.);
#5286 = SURFACE_CURVE('',#5287,(#5292,#5299),.PCURVE_S1.);
#5287 = CIRCLE('',#5288,38.363594609687);
#5288 = AXIS2_PLACEMENT_3D('',#5289,#5290,#5291);
#5289 = CARTESIAN_POINT('',(0.,0.,734.6));
#5290 = DIRECTION('',(0.,0.,1.));
#5291 = DIRECTION('',(1.,0.,-0.));
#5292 = PCURVE('',#5190,#5293);
#5293 = DEFINITIONAL_REPRESENTATION('',(#5294),#5298);
#5294 = LINE('',#5295,#5296);
#5295 = CARTESIAN_POINT('',(-0.,-3.366666666667));
#5296 = VECTOR('',#5297,1.);
#5297 = DIRECTION('',(-1.,-0.));
#5298 = ( GEOMETRIC_REPRESENTATION_CONTEXT(2) 
PARAMETRIC_REPRESENTATION_CONTEXT() REPRESENTATION_CONTEXT('2D SPACE',''
  ) );
#5299 = PCURVE('',#5300,#5305);
#5300 = CONICAL_SURFACE('',#5301,38.363594609687,0.123216768229);
#5301 = AXIS2_PLACEMENT_3D('',#5302,#5303,#5304);
#5302 = CARTESIAN_POINT('',(0.,0.,734.6));
#5303 = DIRECTION('',(-0.,-0.,-1.));
#5304 = DIRECTION('',(1.,0.,-0.));
#5305 = DEFINITIONAL_REPRESENTATION('',(#5306),#5310);
#5306 = LINE('',#5307,#5308);
#5307 = CARTESIAN_POINT('',(-0.,-0.));
#5308 = VECTOR('',#5309,1.);
#5309 = DIRECTION('',(-1.,-0.));
#5310 = ( GEOMETRIC_REPRESENTATION_CONTEXT(2) 
PARAMETRIC_REPRESENTATION_CONTEXT() REPRESENTATION_CONTEXT('2D SPACE',''
  ) );
#5311 = ORIENTED_EDGE('',*,*,#5262,.F.);
#5312 = ADVANCED_FACE('',(#5313),#5245,.F.);
#5313 = FACE_BOUND('',#5314,.F.);
#5314 = EDGE_LOOP('',(#5315,#5316,#5339,#5366));
#5315 = ORIENTED_EDGE('',*,*,#5230,.T.);
#5316 = ORIENTED_EDGE('',*,*,#5317,.T.);
#5317 = EDGE_CURVE('',#5208,#5318,#5320,.T.);
#5318 = VERTEX_POINT('',#5319);
#5319 = CARTESIAN_POINT('',(36.306798563453,0.,741.33333333333));
#5320 = SEAM_CURVE('',#5321,(#5325,#5332),.PCURVE_S1.);
#5321 = LINE('',#5322,#5323);
#5322 = CARTESIAN_POINT('',(36.746652628428,0.,737.96666666666));
#5323 = VECTOR('',#5324,1.);
#5324 = DIRECTION('',(-0.129548744211,0.,0.991573054733));
#5325 = PCURVE('',#5245,#5326);
#5326 = DEFINITIONAL_REPRESENTATION('',(#5327),#5331);
#5327 = LINE('',#5328,#5329);
#5328 = CARTESIAN_POINT('',(-0.,-0.));
#5329 = VECTOR('',#5330,1.);
#5330 = DIRECTION('',(-0.,-1.));
#5331 = ( GEOMETRIC_REPRESENTATION_CONTEXT(2) 
PARAMETRIC_REPRESENTATION_CONTEXT() REPRESENTATION_CONTEXT('2D SPACE',''
  ) );
#5332 = PCURVE('',#5245,#5333);
#5333 = DEFINITIONAL_REPRESENTATION('',(#5334),#5338);
#5334 = LINE('',#5335,#5336);
#5335 = CARTESIAN_POINT('',(-6.28318530718,-0.));
#5336 = VECTOR('',#5337,1.);
#5337 = DIRECTION('',(-0.,-1.));
#5338 = ( GEOMETRIC_REPRESENTATION_CONTEXT(2) 
PARAMETRIC_REPRESENTATION_CONTEXT() REPRESENTATION_CONTEXT('2D SPACE',''
  ) );
#5339 = ORIENTED_EDGE('',*,*,#5340,.F.);
#5340 = EDGE_CURVE('',#5318,#5318,#5341,.T.);
#5341 = SURFACE_CURVE('',#5342,(#5347,#5354),.PCURVE_S1.);
#5342 = CIRCLE('',#5343,36.306798563453);
#5343 = AXIS2_PLACEMENT_3D('',#5344,#5345,#5346);
#5344 = CARTESIAN_POINT('',(0.,0.,741.33333333333));
#5345 = DIRECTION('',(0.,0.,1.));
#5346 = DIRECTION('',(1.,0.,-0.));
#5347 = PCURVE('',#5245,#5348);
#5348 = DEFINITIONAL_REPRESENTATION('',(#5349),#5353);
#5349 = LINE('',#5350,#5351);
#5350 = CARTESIAN_POINT('',(-0.,-3.366666666667));
#5351 = VECTOR('',#5352,1.);
#5352 = DIRECTION('',(-1.,-0.));
#5353 = ( GEOMETRIC_REPRESENTATION_CONTEXT(2) 
PARAMETRIC_REPRESENTATION_CONTEXT() REPRESENTATION_CONTEXT('2D SPACE',''
  ) );
#5354 = PCURVE('',#5355,#5360);
#5355 = CONICAL_SURFACE('',#5356,36.306798563453,0.136616847705);
#5356 = AXIS2_PLACEMENT_3D('',#5357,#5358,#5359);
#5357 = CARTESIAN_POINT('',(0.,0.,741.33333333333));
#5358 = DIRECTION('',(-0.,-0.,-1.));
#5359 = DIRECTION('',(1.,0.,-0.));
#5360 = DEFINITIONAL_REPRESENTATION('',(#5361),#5365);
#5361 = LINE('',#5362,#5363);
#5362 = CARTESIAN_POINT('',(-0.,-0.));
#5363 = VECTOR('',#5364,1.);
#5364 = DIRECTION('',(-1.,-0.));
#5365 = ( GEOMETRIC_REPRESENTATION_CONTEXT(2) 
PARAMETRIC_REPRESENTATION_CONTEXT() REPRESENTATION_CONTEXT('2D SPACE',''
  ) );
#5366 = ORIENTED_EDGE('',*,*,#5317,.F.);
#5367 = ADVANCED_FACE('',(#5368),#5300,.T.);
#5368 = FACE_BOUND('',#5369,.T.);
#5369 = EDGE_LOOP('',(#5370,#5371,#5394,#5421));
#5370 = ORIENTED_EDGE('',*,*,#5285,.T.);
#5371 = ORIENTED_EDGE('',*,*,#5372,.T.);
#5372 = EDGE_CURVE('',#5263,#5373,#5375,.T.);
#5373 = VERTEX_POINT('',#5374);
#5374 = CARTESIAN_POINT('',(37.946652628428,0.,737.96666666666));
#5375 = SEAM_CURVE('',#5376,(#5380,#5387),.PCURVE_S1.);
#5376 = LINE('',#5377,#5378);
#5377 = CARTESIAN_POINT('',(38.363594609687,0.,734.6));
#5378 = VECTOR('',#5379,1.);
#5379 = DIRECTION('',(-0.122905217693,0.,0.992418413505));
#5380 = PCURVE('',#5300,#5381);
#5381 = DEFINITIONAL_REPRESENTATION('',(#5382),#5386);
#5382 = LINE('',#5383,#5384);
#5383 = CARTESIAN_POINT('',(-0.,-0.));
#5384 = VECTOR('',#5385,1.);
#5385 = DIRECTION('',(-0.,-1.));
#5386 = ( GEOMETRIC_REPRESENTATION_CONTEXT(2) 
PARAMETRIC_REPRESENTATION_CONTEXT() REPRESENTATION_CONTEXT('2D SPACE',''
  ) );
#5387 = PCURVE('',#5300,#5388);
#5388 = DEFINITIONAL_REPRESENTATION('',(#5389),#5393);
#5389 = LINE('',#5390,#5391);
#5390 = CARTESIAN_POINT('',(-6.28318530718,-0.));
#5391 = VECTOR('',#5392,1.);
#5392 = DIRECTION('',(-0.,-1.));
#5393 = ( GEOMETRIC_REPRESENTATION_CONTEXT(2) 
PARAMETRIC_REPRESENTATION_CONTEXT() REPRESENTATION_CONTEXT('2D SPACE',''
  ) );
#5394 = ORIENTED_EDGE('',*,*,#5395,.F.);
#5395 = EDGE_CURVE('',#5373,#5373,#5396,.T.);
#5396 = SURFACE_CURVE('',#5397,(#5402,#5409),.PCURVE_S1.);
#5397 = CIRCLE('',#5398,37.946652628428);
#5398 = AXIS2_PLACEMENT_3D('',#5399,#5400,#5401);
#5399 = CARTESIAN_POINT('',(0.,0.,737.96666666666));
#5400 = DIRECTION('',(0.,0.,1.));
#5401 = DIRECTION('',(1.,0.,-0.));
#5402 = PCURVE('',#5300,#5403);
#5403 = DEFINITIONAL_REPRESENTATION('',(#5404),#5408);
#5404 = LINE('',#5405,#5406);
#5405 = CARTESIAN_POINT('',(-0.,-3.366666666667));
#5406 = VECTOR('',#5407,1.);
#5407 = DIRECTION('',(-1.,-0.));
#5408 = ( GEOMETRIC_REPRESENTATION_CONTEXT(2) 
PARAMETRIC_REPRESENTATION_CONTEXT() REPRESENTATION_CONTEXT('2D SPACE',''
  ) );
#5409 = PCURVE('',#5410,#5415);
#5410 = CONICAL_SURFACE('',#5411,37.946652628428,0.129913875343);
#5411 = AXIS2_PLACEMENT_3D('',#5412,#5413,#5414);
#5412 = CARTESIAN_POINT('',(0.,0.,737.96666666666));
#5413 = DIRECTION('',(-0.,-0.,-1.));
#5414 = DIRECTION('',(1.,0.,-0.));
#5415 = DEFINITIONAL_REPRESENTATION('',(#5416),#5420);
#5416 = LINE('',#5417,#5418);
#5417 = CARTESIAN_POINT('',(-0.,-0.));
#5418 = VECTOR('',#5419,1.);
#5419 = DIRECTION('',(-1.,-0.));
#5420 = ( GEOMETRIC_REPRESENTATION_CONTEXT(2) 
PARAMETRIC_REPRESENTATION_CONTEXT() REPRESENTATION_CONTEXT('2D SPACE',''
  ) );
#5421 = ORIENTED_EDGE('',*,*,#5372,.F.);
#5422 = ADVANCED_FACE('',(#5423),#5355,.F.);
#5423 = FACE_BOUND('',#5424,.F.);
#5424 = EDGE_LOOP('',(#5425,#5426,#5449,#5476));
#5425 = ORIENTED_EDGE('',*,*,#5340,.T.);
#5426 = ORIENTED_EDGE('',*,*,#5427,.T.);
#5427 = EDGE_CURVE('',#5318,#5428,#5430,.T.);
#5428 = VERTEX_POINT('',#5429);
#5429 = CARTESIAN_POINT('',(35.843972164536,0.,744.7));
#5430 = SEAM_CURVE('',#5431,(#5435,#5442),.PCURVE_S1.);
#5431 = LINE('',#5432,#5433);
#5432 = CARTESIAN_POINT('',(36.306798563453,0.,741.33333333333));
#5433 = VECTOR('',#5434,1.);
#5434 = DIRECTION('',(-0.13619227093,0.,0.990682424059));
#5435 = PCURVE('',#5355,#5436);
#5436 = DEFINITIONAL_REPRESENTATION('',(#5437),#5441);
#5437 = LINE('',#5438,#5439);
#5438 = CARTESIAN_POINT('',(-0.,-0.));
#5439 = VECTOR('',#5440,1.);
#5440 = DIRECTION('',(-0.,-1.));
#5441 = ( GEOMETRIC_REPRESENTATION_CONTEXT(2) 
PARAMETRIC_REPRESENTATION_CONTEXT() REPRESENTATION_CONTEXT('2D SPACE',''
  ) );
#5442 = PCURVE('',#5355,#5443);
#5443 = DEFINITIONAL_REPRESENTATION('',(#5444),#5448);
#5444 = LINE('',#5445,#5446);
#5445 = CARTESIAN_POINT('',(-6.28318530718,-0.));
#5446 = VECTOR('',#5447,1.);
#5447 = DIRECTION('',(-0.,-1.));
#5448 = ( GEOMETRIC_REPRESENTATION_CONTEXT(2) 
PARAMETRIC_REPRESENTATION_CONTEXT() REPRESENTATION_CONTEXT('2D SPACE',''
  ) );
#5449 = ORIENTED_EDGE('',*,*,#5450,.F.);
#5450 = EDGE_CURVE('',#5428,#5428,#5451,.T.);
#5451 = SURFACE_CURVE('',#5452,(#5457,#5464),.PCURVE_S1.);
#5452 = CIRCLE('',#5453,35.843972164536);
#5453 = AXIS2_PLACEMENT_3D('',#5454,#5455,#5456);
#5454 = CARTESIAN_POINT('',(0.,0.,744.7));
#5455 = DIRECTION('',(0.,0.,1.));
#5456 = DIRECTION('',(1.,0.,-0.));
#5457 = PCURVE('',#5355,#5458);
#5458 = DEFINITIONAL_REPRESENTATION('',(#5459),#5463);
#5459 = LINE('',#5460,#5461);
#5460 = CARTESIAN_POINT('',(-0.,-3.366666666667));
#5461 = VECTOR('',#5462,1.);
#5462 = DIRECTION('',(-1.,-0.));
#5463 = ( GEOMETRIC_REPRESENTATION_CONTEXT(2) 
PARAMETRIC_REPRESENTATION_CONTEXT() REPRESENTATION_CONTEXT('2D SPACE',''
  ) );
#5464 = PCURVE('',#5465,#5470);
#5465 = CONICAL_SURFACE('',#5466,35.843972164536,0.143326002745);
#5466 = AXIS2_PLACEMENT_3D('',#5467,#5468,#5469);
#5467 = CARTESIAN_POINT('',(0.,0.,744.7));
#5468 = DIRECTION('',(-0.,-0.,-1.));
#5469 = DIRECTION('',(1.,0.,-0.));
#5470 = DEFINITIONAL_REPRESENTATION('',(#5471),#5475);
#5471 = LINE('',#5472,#5473);
#5472 = CARTESIAN_POINT('',(-0.,-0.));
#5473 = VECTOR('',#5474,1.);
#5474 = DIRECTION('',(-1.,-0.));
#5475 = ( GEOMETRIC_REPRESENTATION_CONTEXT(2) 
PARAMETRIC_REPRESENTATION_CONTEXT() REPRESENTATION_CONTEXT('2D SPACE',''
  ) );
#5476 = ORIENTED_EDGE('',*,*,#5427,.F.);
#5477 = ADVANCED_FACE('',(#5478),#5410,.T.);
#5478 = FACE_BOUND('',#5479,.T.);
#5479 = EDGE_LOOP('',(#5480,#5481,#5504,#5531));
#5480 = ORIENTED_EDGE('',*,*,#5395,.T.);
#5481 = ORIENTED_EDGE('',*,*,#5482,.T.);
#5482 = EDGE_CURVE('',#5373,#5483,#5485,.T.);
#5483 = VERTEX_POINT('',#5484);
#5484 = CARTESIAN_POINT('',(37.506798563453,0.,741.33333333333));
#5485 = SEAM_CURVE('',#5486,(#5490,#5497),.PCURVE_S1.);
#5486 = LINE('',#5487,#5488);
#5487 = CARTESIAN_POINT('',(37.946652628428,0.,737.96666666666));
#5488 = VECTOR('',#5489,1.);
#5489 = DIRECTION('',(-0.129548744211,0.,0.991573054733));
#5490 = PCURVE('',#5410,#5491);
#5491 = DEFINITIONAL_REPRESENTATION('',(#5492),#5496);
#5492 = LINE('',#5493,#5494);
#5493 = CARTESIAN_POINT('',(-0.,-0.));
#5494 = VECTOR('',#5495,1.);
#5495 = DIRECTION('',(-0.,-1.));
#5496 = ( GEOMETRIC_REPRESENTATION_CONTEXT(2) 
PARAMETRIC_REPRESENTATION_CONTEXT() REPRESENTATION_CONTEXT('2D SPACE',''
  ) );
#5497 = PCURVE('',#5410,#5498);
#5498 = DEFINITIONAL_REPRESENTATION('',(#5499),#5503);
#5499 = LINE('',#5500,#5501);
#5500 = CARTESIAN_POINT('',(-6.28318530718,-0.));
#5501 = VECTOR('',#5502,1.);
#5502 = DIRECTION('',(-0.,-1.));
#5503 = ( GEOMETRIC_REPRESENTATION_CONTEXT(2) 
PARAMETRIC_REPRESENTATION_CONTEXT() REPRESENTATION_CONTEXT('2D SPACE',''
  ) );
#5504 = ORIENTED_EDGE('',*,*,#5505,.F.);
#5505 = EDGE_CURVE('',#5483,#5483,#5506,.T.);
#5506 = SURFACE_CURVE('',#5507,(#5512,#5519),.PCURVE_S1.);
#5507 = CIRCLE('',#5508,37.506798563453);
#5508 = AXIS2_PLACEMENT_3D('',#5509,#5510,#5511);
#5509 = CARTESIAN_POINT('',(0.,0.,741.33333333333));
#5510 = DIRECTION('',(0.,0.,1.));
#5511 = DIRECTION('',(1.,0.,-0.));
#5512 = PCURVE('',#5410,#5513);
#5513 = DEFINITIONAL_REPRESENTATION('',(#5514),#5518);
#5514 = LINE('',#5515,#5516);
#5515 = CARTESIAN_POINT('',(-0.,-3.366666666667));
#5516 = VECTOR('',#5517,1.);
#5517 = DIRECTION('',(-1.,-0.));
#5518 = ( GEOMETRIC_REPRESENTATION_CONTEXT(2) 
PARAMETRIC_REPRESENTATION_CONTEXT() REPRESENTATION_CONTEXT('2D SPACE',''
  ) );
#5519 = PCURVE('',#5520,#5525);
#5520 = CONICAL_SURFACE('',#5521,37.506798563453,0.136616847705);
#5521 = AXIS2_PLACEMENT_3D('',#5522,#5523,#5524);
#5522 = CARTESIAN_POINT('',(0.,0.,741.33333333333));
#5523 = DIRECTION('',(-0.,-0.,-1.));
#5524 = DIRECTION('',(1.,0.,-0.));
#5525 = DEFINITIONAL_REPRESENTATION('',(#5526),#5530);
#5526 = LINE('',#5527,#5528);
#5527 = CARTESIAN_POINT('',(-0.,-0.));
#5528 = VECTOR('',#5529,1.);
#5529 = DIRECTION('',(-1.,-0.));
#5530 = ( GEOMETRIC_REPRESENTATION_CONTEXT(2) 
PARAMETRIC_REPRESENTATION_CONTEXT() REPRESENTATION_CONTEXT('2D SPACE',''
  ) );
#5531 = ORIENTED_EDGE('',*,*,#5482,.F.);
#5532 = ADVANCED_FACE('',(#5533),#5465,.F.);
#5533 = FACE_BOUND('',#5534,.F.);
#5534 = EDGE_LOOP('',(#5535,#5536,#5559,#5586));
#5535 = ORIENTED_EDGE('',*,*,#5450,.T.);
#5536 = ORIENTED_EDGE('',*,*,#5537,.T.);
#5537 = EDGE_CURVE('',#5428,#5538,#5540,.T.);
#5538 = VERTEX_POINT('',#5539);
#5539 = CARTESIAN_POINT('',(35.358109806437,0.,748.06666666666));
#5540 = SEAM_CURVE('',#5541,(#5545,#5552),.PCURVE_S1.);
#5541 = LINE('',#5542,#5543);
#5542 = CARTESIAN_POINT('',(35.843972164536,0.,744.7));
#5543 = VECTOR('',#5544,1.);
#5544 = DIRECTION('',(-0.142835797861,0.,0.989746399261));
#5545 = PCURVE('',#5465,#5546);
#5546 = DEFINITIONAL_REPRESENTATION('',(#5547),#5551);
#5547 = LINE('',#5548,#5549);
#5548 = CARTESIAN_POINT('',(-0.,-0.));
#5549 = VECTOR('',#5550,1.);
#5550 = DIRECTION('',(-0.,-1.));
#5551 = ( GEOMETRIC_REPRESENTATION_CONTEXT(2) 
PARAMETRIC_REPRESENTATION_CONTEXT() REPRESENTATION_CONTEXT('2D SPACE',''
  ) );
#5552 = PCURVE('',#5465,#5553);
#5553 = DEFINITIONAL_REPRESENTATION('',(#5554),#5558);
#5554 = LINE('',#5555,#5556);
#5555 = CARTESIAN_POINT('',(-6.28318530718,-0.));
#5556 = VECTOR('',#5557,1.);
#5557 = DIRECTION('',(-0.,-1.));
#5558 = ( GEOMETRIC_REPRESENTATION_CONTEXT(2) 
PARAMETRIC_REPRESENTATION_CONTEXT() REPRESENTATION_CONTEXT('2D SPACE',''
  ) );
#5559 = ORIENTED_EDGE('',*,*,#5560,.F.);
#5560 = EDGE_CURVE('',#5538,#5538,#5561,.T.);
#5561 = SURFACE_CURVE('',#5562,(#5567,#5574),.PCURVE_S1.);
#5562 = CIRCLE('',#5563,35.358109806437);
#5563 = AXIS2_PLACEMENT_3D('',#5564,#5565,#5566);
#5564 = CARTESIAN_POINT('',(0.,0.,748.06666666666));
#5565 = DIRECTION('',(0.,0.,1.));
#5566 = DIRECTION('',(1.,0.,-0.));
#5567 = PCURVE('',#5465,#5568);
#5568 = DEFINITIONAL_REPRESENTATION('',(#5569),#5573);
#5569 = LINE('',#5570,#5571);
#5570 = CARTESIAN_POINT('',(-0.,-3.366666666667));
#5571 = VECTOR('',#5572,1.);
#5572 = DIRECTION('',(-1.,-0.));
#5573 = ( GEOMETRIC_REPRESENTATION_CONTEXT(2) 
PARAMETRIC_REPRESENTATION_CONTEXT() REPRESENTATION_CONTEXT('2D SPACE',''
  ) );
#5574 = PCURVE('',#5575,#5580);
#5575 = CONICAL_SURFACE('',#5576,35.358109806437,0.150041660473);
#5576 = AXIS2_PLACEMENT_3D('',#5577,#5578,#5579);
#5577 = CARTESIAN_POINT('',(0.,0.,748.06666666666));
#5578 = DIRECTION('',(-0.,-0.,-1.));
#5579 = DIRECTION('',(1.,0.,-0.));
#5580 = DEFINITIONAL_REPRESENTATION('',(#5581),#5585);
#5581 = LINE('',#5582,#5583);
#5582 = CARTESIAN_POINT('',(-0.,-0.));
#5583 = VECTOR('',#5584,1.);
#5584 = DIRECTION('',(-1.,-0.));
#5585 = ( GEOMETRIC_REPRESENTATION_CONTEXT(2) 
PARAMETRIC_REPRESENTATION_CONTEXT() REPRESENTATION_CONTEXT('2D SPACE',''
  ) );
#5586 = ORIENTED_EDGE('',*,*,#5537,.F.);
#5587 = ADVANCED_FACE('',(#5588),#5520,.T.);
#5588 = FACE_BOUND('',#5589,.T.);
#5589 = EDGE_LOOP('',(#5590,#5591,#5614,#5641));
#5590 = ORIENTED_EDGE('',*,*,#5505,.T.);
#5591 = ORIENTED_EDGE('',*,*,#5592,.T.);
#5592 = EDGE_CURVE('',#5483,#5593,#5595,.T.);
#5593 = VERTEX_POINT('',#5594);
#5594 = CARTESIAN_POINT('',(37.043972164536,0.,744.7));
#5595 = SEAM_CURVE('',#5596,(#5600,#5607),.PCURVE_S1.);
#5596 = LINE('',#5597,#5598);
#5597 = CARTESIAN_POINT('',(37.506798563453,0.,741.33333333333));
#5598 = VECTOR('',#5599,1.);
#5599 = DIRECTION('',(-0.13619227093,0.,0.990682424059));
#5600 = PCURVE('',#5520,#5601);
#5601 = DEFINITIONAL_REPRESENTATION('',(#5602),#5606);
#5602 = LINE('',#5603,#5604);
#5603 = CARTESIAN_POINT('',(-0.,-0.));
#5604 = VECTOR('',#5605,1.);
#5605 = DIRECTION('',(-0.,-1.));
#5606 = ( GEOMETRIC_REPRESENTATION_CONTEXT(2) 
PARAMETRIC_REPRESENTATION_CONTEXT() REPRESENTATION_CONTEXT('2D SPACE',''
  ) );
#5607 = PCURVE('',#5520,#5608);
#5608 = DEFINITIONAL_REPRESENTATION('',(#5609),#5613);
#5609 = LINE('',#5610,#5611);
#5610 = CARTESIAN_POINT('',(-6.28318530718,-0.));
#5611 = VECTOR('',#5612,1.);
#5612 = DIRECTION('',(-0.,-1.));
#5613 = ( GEOMETRIC_REPRESENTATION_CONTEXT(2) 
PARAMETRIC_REPRESENTATION_CONTEXT() REPRESENTATION_CONTEXT('2D SPACE',''
  ) );
#5614 = ORIENTED_EDGE('',*,*,#5615,.F.);
#5615 = EDGE_CURVE('',#5593,#5593,#5616,.T.);
#5616 = SURFACE_CURVE('',#5617,(#5622,#5629),.PCURVE_S1.);
#5617 = CIRCLE('',#5618,37.043972164536);
#5618 = AXIS2_PLACEMENT_3D('',#5619,#5620,#5621);
#5619 = CARTESIAN_POINT('',(0.,0.,744.7));
#5620 = DIRECTION('',(0.,0.,1.));
#5621 = DIRECTION('',(1.,0.,-0.));
#5622 = PCURVE('',#5520,#5623);
#5623 = DEFINITIONAL_REPRESENTATION('',(#5624),#5628);
#5624 = LINE('',#5625,#5626);
#5625 = CARTESIAN_POINT('',(-0.,-3.366666666667));
#5626 = VECTOR('',#5627,1.);
#5627 = DIRECTION('',(-1.,-0.));
#5628 = ( GEOMETRIC_REPRESENTATION_CONTEXT(2) 
PARAMETRIC_REPRESENTATION_CONTEXT() REPRESENTATION_CONTEXT('2D SPACE',''
  ) );
#5629 = PCURVE('',#5630,#5635);
#5630 = CONICAL_SURFACE('',#5631,37.043972164536,0.143326002745);
#5631 = AXIS2_PLACEMENT_3D('',#5632,#5633,#5634);
#5632 = CARTESIAN_POINT('',(0.,0.,744.7));
#5633 = DIRECTION('',(-0.,-0.,-1.));
#5634 = DIRECTION('',(1.,0.,-0.));
#5635 = DEFINITIONAL_REPRESENTATION('',(#5636),#5640);
#5636 = LINE('',#5637,#5638);
#5637 = CARTESIAN_POINT('',(-0.,-0.));
#5638 = VECTOR('',#5639,1.);
#5639 = DIRECTION('',(-1.,-0.));
#5640 = ( GEOMETRIC_REPRESENTATION_CONTEXT(2) 
PARAMETRIC_REPRESENTATION_CONTEXT() REPRESENTATION_CONTEXT('2D SPACE',''
  ) );
#5641 = ORIENTED_EDGE('',*,*,#5592,.F.);
#5642 = ADVANCED_FACE('',(#5643),#5575,.F.);
#5643 = FACE_BOUND('',#5644,.F.);
#5644 = EDGE_LOOP('',(#5645,#5646,#5669,#5696));
#5645 = ORIENTED_EDGE('',*,*,#5560,.T.);
#5646 = ORIENTED_EDGE('',*,*,#5647,.T.);
#5647 = EDGE_CURVE('',#5538,#5648,#5650,.T.);
#5648 = VERTEX_POINT('',#5649);
#5649 = CARTESIAN_POINT('',(34.849144444083,0.,751.43333333333));
#5650 = SEAM_CURVE('',#5651,(#5655,#5662),.PCURVE_S1.);
#5651 = LINE('',#5652,#5653);
#5652 = CARTESIAN_POINT('',(35.358109806437,0.,748.06666666666));
#5653 = VECTOR('',#5654,1.);
#5654 = DIRECTION('',(-0.149479325015,0.,0.988764851415));
#5655 = PCURVE('',#5575,#5656);
#5656 = DEFINITIONAL_REPRESENTATION('',(#5657),#5661);
#5657 = LINE('',#5658,#5659);
#5658 = CARTESIAN_POINT('',(-0.,-0.));
#5659 = VECTOR('',#5660,1.);
#5660 = DIRECTION('',(-0.,-1.));
#5661 = ( GEOMETRIC_REPRESENTATION_CONTEXT(2) 
PARAMETRIC_REPRESENTATION_CONTEXT() REPRESENTATION_CONTEXT('2D SPACE',''
  ) );
#5662 = PCURVE('',#5575,#5663);
#5663 = DEFINITIONAL_REPRESENTATION('',(#5664),#5668);
#5664 = LINE('',#5665,#5666);
#5665 = CARTESIAN_POINT('',(-6.28318530718,-0.));
#5666 = VECTOR('',#5667,1.);
#5667 = DIRECTION('',(-0.,-1.));
#5668 = ( GEOMETRIC_REPRESENTATION_CONTEXT(2) 
PARAMETRIC_REPRESENTATION_CONTEXT() REPRESENTATION_CONTEXT('2D SPACE',''
  ) );
#5669 = ORIENTED_EDGE('',*,*,#5670,.F.);
#5670 = EDGE_CURVE('',#5648,#5648,#5671,.T.);
#5671 = SURFACE_CURVE('',#5672,(#5677,#5684),.PCURVE_S1.);
#5672 = CIRCLE('',#5673,34.849144444083);
#5673 = AXIS2_PLACEMENT_3D('',#5674,#5675,#5676);
#5674 = CARTESIAN_POINT('',(0.,0.,751.43333333333));
#5675 = DIRECTION('',(0.,0.,1.));
#5676 = DIRECTION('',(1.,0.,-0.));
#5677 = PCURVE('',#5575,#5678);
#5678 = DEFINITIONAL_REPRESENTATION('',(#5679),#5683);
#5679 = LINE('',#5680,#5681);
#5680 = CARTESIAN_POINT('',(-0.,-3.366666666667));
#5681 = VECTOR('',#5682,1.);
#5682 = DIRECTION('',(-1.,-0.));
#5683 = ( GEOMETRIC_REPRESENTATION_CONTEXT(2) 
PARAMETRIC_REPRESENTATION_CONTEXT() REPRESENTATION_CONTEXT('2D SPACE',''
  ) );
#5684 = PCURVE('',#5685,#5690);
#5685 = CONICAL_SURFACE('',#5686,34.849144444083,0.15676414363);
#5686 = AXIS2_PLACEMENT_3D('',#5687,#5688,#5689);
#5687 = CARTESIAN_POINT('',(0.,0.,751.43333333333));
#5688 = DIRECTION('',(-0.,-0.,-1.));
#5689 = DIRECTION('',(1.,0.,-0.));
#5690 = DEFINITIONAL_REPRESENTATION('',(#5691),#5695);
#5691 = LINE('',#5692,#5693);
#5692 = CARTESIAN_POINT('',(-0.,-0.));
#5693 = VECTOR('',#5694,1.);
#5694 = DIRECTION('',(-1.,-0.));
#5695 = ( GEOMETRIC_REPRESENTATION_CONTEXT(2) 
PARAMETRIC_REPRESENTATION_CONTEXT() REPRESENTATION_CONTEXT('2D SPACE',''
  ) );
#5696 = ORIENTED_EDGE('',*,*,#5647,.F.);
#5697 = ADVANCED_FACE('',(#5698),#5630,.T.);
#5698 = FACE_BOUND('',#5699,.T.);
#5699 = EDGE_LOOP('',(#5700,#5701,#5724,#5751));
#5700 = ORIENTED_EDGE('',*,*,#5615,.T.);
#5701 = ORIENTED_EDGE('',*,*,#5702,.T.);
#5702 = EDGE_CURVE('',#5593,#5703,#5705,.T.);
#5703 = VERTEX_POINT('',#5704);
#5704 = CARTESIAN_POINT('',(36.558109806437,0.,748.06666666666));
#5705 = SEAM_CURVE('',#5706,(#5710,#5717),.PCURVE_S1.);
#5706 = LINE('',#5707,#5708);
#5707 = CARTESIAN_POINT('',(37.043972164536,0.,744.7));
#5708 = VECTOR('',#5709,1.);
#5709 = DIRECTION('',(-0.142835797861,0.,0.989746399261));
#5710 = PCURVE('',#5630,#5711);
#5711 = DEFINITIONAL_REPRESENTATION('',(#5712),#5716);
#5712 = LINE('',#5713,#5714);
#5713 = CARTESIAN_POINT('',(-0.,-0.));
#5714 = VECTOR('',#5715,1.);
#5715 = DIRECTION('',(-0.,-1.));
#5716 = ( GEOMETRIC_REPRESENTATION_CONTEXT(2) 
PARAMETRIC_REPRESENTATION_CONTEXT() REPRESENTATION_CONTEXT('2D SPACE',''
  ) );
#5717 = PCURVE('',#5630,#5718);
#5718 = DEFINITIONAL_REPRESENTATION('',(#5719),#5723);
#5719 = LINE('',#5720,#5721);
#5720 = CARTESIAN_POINT('',(-6.28318530718,-0.));
#5721 = VECTOR('',#5722,1.);
#5722 = DIRECTION('',(-0.,-1.));
#5723 = ( GEOMETRIC_REPRESENTATION_CONTEXT(2) 
PARAMETRIC_REPRESENTATION_CONTEXT() REPRESENTATION_CONTEXT('2D SPACE',''
  ) );
#5724 = ORIENTED_EDGE('',*,*,#5725,.F.);
#5725 = EDGE_CURVE('',#5703,#5703,#5726,.T.);
#5726 = SURFACE_CURVE('',#5727,(#5732,#5739),.PCURVE_S1.);
#5727 = CIRCLE('',#5728,36.558109806437);
#5728 = AXIS2_PLACEMENT_3D('',#5729,#5730,#5731);
#5729 = CARTESIAN_POINT('',(0.,0.,748.06666666666));
#5730 = DIRECTION('',(0.,0.,1.));
#5731 = DIRECTION('',(1.,0.,-0.));
#5732 = PCURVE('',#5630,#5733);
#5733 = DEFINITIONAL_REPRESENTATION('',(#5734),#5738);
#5734 = LINE('',#5735,#5736);
#5735 = CARTESIAN_POINT('',(-0.,-3.366666666667));
#5736 = VECTOR('',#5737,1.);
#5737 = DIRECTION('',(-1.,-0.));
#5738 = ( GEOMETRIC_REPRESENTATION_CONTEXT(2) 
PARAMETRIC_REPRESENTATION_CONTEXT() REPRESENTATION_CONTEXT('2D SPACE',''
  ) );
#5739 = PCURVE('',#5740,#5745);
#5740 = CONICAL_SURFACE('',#5741,36.558109806437,0.150041660473);
#5741 = AXIS2_PLACEMENT_3D('',#5742,#5743,#5744);
#5742 = CARTESIAN_POINT('',(0.,0.,748.06666666666));
#5743 = DIRECTION('',(-0.,-0.,-1.));
#5744 = DIRECTION('',(1.,0.,-0.));
#5745 = DEFINITIONAL_REPRESENTATION('',(#5746),#5750);
#5746 = LINE('',#5747,#5748);
#5747 = CARTESIAN_POINT('',(-0.,-0.));
#5748 = VECTOR('',#5749,1.);
#5749 = DIRECTION('',(-1.,-0.));
#5750 = ( GEOMETRIC_REPRESENTATION_CONTEXT(2) 
PARAMETRIC_REPRESENTATION_CONTEXT() REPRESENTATION_CONTEXT('2D SPACE',''
  ) );
#5751 = ORIENTED_EDGE('',*,*,#5702,.F.);
#5752 = ADVANCED_FACE('',(#5753),#5685,.F.);
#5753 = FACE_BOUND('',#5754,.F.);
#5754 = EDGE_LOOP('',(#5755,#5756,#5779,#5806));
#5755 = ORIENTED_EDGE('',*,*,#5670,.T.);
#5756 = ORIENTED_EDGE('',*,*,#5757,.T.);
#5757 = EDGE_CURVE('',#5648,#5758,#5760,.T.);
#5758 = VERTEX_POINT('',#5759);
#5759 = CARTESIAN_POINT('',(34.317005565039,0.,754.8));
#5760 = SEAM_CURVE('',#5761,(#5765,#5772),.PCURVE_S1.);
#5761 = LINE('',#5762,#5763);
#5762 = CARTESIAN_POINT('',(34.849144444083,0.,751.43333333333));
#5763 = VECTOR('',#5764,1.);
#5764 = DIRECTION('',(-0.156122852404,0.,0.987737644801));
#5765 = PCURVE('',#5685,#5766);
#5766 = DEFINITIONAL_REPRESENTATION('',(#5767),#5771);
#5767 = LINE('',#5768,#5769);
#5768 = CARTESIAN_POINT('',(-0.,-0.));
#5769 = VECTOR('',#5770,1.);
#5770 = DIRECTION('',(-0.,-1.));
#5771 = ( GEOMETRIC_REPRESENTATION_CONTEXT(2) 
PARAMETRIC_REPRESENTATION_CONTEXT() REPRESENTATION_CONTEXT('2D SPACE',''
  ) );
#5772 = PCURVE('',#5685,#5773);
#5773 = DEFINITIONAL_REPRESENTATION('',(#5774),#5778);
#5774 = LINE('',#5775,#5776);
#5775 = CARTESIAN_POINT('',(-6.28318530718,-0.));
#5776 = VECTOR('',#5777,1.);
#5777 = DIRECTION('',(-0.,-1.));
#5778 = ( GEOMETRIC_REPRESENTATION_CONTEXT(2) 
PARAMETRIC_REPRESENTATION_CONTEXT() REPRESENTATION_CONTEXT('2D SPACE',''
  ) );
#5779 = ORIENTED_EDGE('',*,*,#5780,.F.);
#5780 = EDGE_CURVE('',#5758,#5758,#5781,.T.);
#5781 = SURFACE_CURVE('',#5782,(#5787,#5794),.PCURVE_S1.);
#5782 = CIRCLE('',#5783,34.317005565039);
#5783 = AXIS2_PLACEMENT_3D('',#5784,#5785,#5786);
#5784 = CARTESIAN_POINT('',(0.,0.,754.8));
#5785 = DIRECTION('',(0.,0.,1.));
#5786 = DIRECTION('',(1.,0.,-0.));
#5787 = PCURVE('',#5685,#5788);
#5788 = DEFINITIONAL_REPRESENTATION('',(#5789),#5793);
#5789 = LINE('',#5790,#5791);
#5790 = CARTESIAN_POINT('',(-0.,-3.366666666667));
#5791 = VECTOR('',#5792,1.);
#5792 = DIRECTION('',(-1.,-0.));
#5793 = ( GEOMETRIC_REPRESENTATION_CONTEXT(2) 
PARAMETRIC_REPRESENTATION_CONTEXT() REPRESENTATION_CONTEXT('2D SPACE',''
  ) );
#5794 = PCURVE('',#5795,#5800);
#5795 = CONICAL_SURFACE('',#5796,34.317005565039,0.163493777835);
#5796 = AXIS2_PLACEMENT_3D('',#5797,#5798,#5799);
#5797 = CARTESIAN_POINT('',(0.,0.,754.8));
#5798 = DIRECTION('',(-0.,-0.,-1.));
#5799 = DIRECTION('',(1.,0.,-0.));
#5800 = DEFINITIONAL_REPRESENTATION('',(#5801),#5805);
#5801 = LINE('',#5802,#5803);
#5802 = CARTESIAN_POINT('',(-0.,-0.));
#5803 = VECTOR('',#5804,1.);
#5804 = DIRECTION('',(-1.,-0.));
#5805 = ( GEOMETRIC_REPRESENTATION_CONTEXT(2) 
PARAMETRIC_REPRESENTATION_CONTEXT() REPRESENTATION_CONTEXT('2D SPACE',''
  ) );
#5806 = ORIENTED_EDGE('',*,*,#5757,.F.);
#5807 = ADVANCED_FACE('',(#5808),#5740,.T.);
#5808 = FACE_BOUND('',#5809,.T.);
#5809 = EDGE_LOOP('',(#5810,#5811,#5834,#5861));
#5810 = ORIENTED_EDGE('',*,*,#5725,.T.);
#5811 = ORIENTED_EDGE('',*,*,#5812,.T.);
#5812 = EDGE_CURVE('',#5703,#5813,#5815,.T.);
#5813 = VERTEX_POINT('',#5814);
#5814 = CARTESIAN_POINT('',(36.049144444083,0.,751.43333333333));
#5815 = SEAM_CURVE('',#5816,(#5820,#5827),.PCURVE_S1.);
#5816 = LINE('',#5817,#5818);
#5817 = CARTESIAN_POINT('',(36.558109806437,0.,748.06666666666));
#5818 = VECTOR('',#5819,1.);
#5819 = DIRECTION('',(-0.149479325015,0.,0.988764851415));
#5820 = PCURVE('',#5740,#5821);
#5821 = DEFINITIONAL_REPRESENTATION('',(#5822),#5826);
#5822 = LINE('',#5823,#5824);
#5823 = CARTESIAN_POINT('',(-0.,-0.));
#5824 = VECTOR('',#5825,1.);
#5825 = DIRECTION('',(-0.,-1.));
#5826 = ( GEOMETRIC_REPRESENTATION_CONTEXT(2) 
PARAMETRIC_REPRESENTATION_CONTEXT() REPRESENTATION_CONTEXT('2D SPACE',''
  ) );
#5827 = PCURVE('',#5740,#5828);
#5828 = DEFINITIONAL_REPRESENTATION('',(#5829),#5833);
#5829 = LINE('',#5830,#5831);
#5830 = CARTESIAN_POINT('',(-6.28318530718,-0.));
#5831 = VECTOR('',#5832,1.);
#5832 = DIRECTION('',(-0.,-1.));
#5833 = ( GEOMETRIC_REPRESENTATION_CONTEXT(2) 
PARAMETRIC_REPRESENTATION_CONTEXT() REPRESENTATION_CONTEXT('2D SPACE',''
  ) );
#5834 = ORIENTED_EDGE('',*,*,#5835,.F.);
#5835 = EDGE_CURVE('',#5813,#5813,#5836,.T.);
#5836 = SURFACE_CURVE('',#5837,(#5842,#5849),.PCURVE_S1.);
#5837 = CIRCLE('',#5838,36.049144444083);
#5838 = AXIS2_PLACEMENT_3D('',#5839,#5840,#5841);
#5839 = CARTESIAN_POINT('',(0.,0.,751.43333333333));
#5840 = DIRECTION('',(0.,0.,1.));
#5841 = DIRECTION('',(1.,0.,-0.));
#5842 = PCURVE('',#5740,#5843);
#5843 = DEFINITIONAL_REPRESENTATION('',(#5844),#5848);
#5844 = LINE('',#5845,#5846);
#5845 = CARTESIAN_POINT('',(-0.,-3.366666666667));
#5846 = VECTOR('',#5847,1.);
#5847 = DIRECTION('',(-1.,-0.));
#5848 = ( GEOMETRIC_REPRESENTATION_CONTEXT(2) 
PARAMETRIC_REPRESENTATION_CONTEXT() REPRESENTATION_CONTEXT('2D SPACE',''
  ) );
#5849 = PCURVE('',#5850,#5855);
#5850 = CONICAL_SURFACE('',#5851,36.049144444083,0.15676414363);
#5851 = AXIS2_PLACEMENT_3D('',#5852,#5853,#5854);
#5852 = CARTESIAN_POINT('',(0.,0.,751.43333333333));
#5853 = DIRECTION('',(-0.,-0.,-1.));
#5854 = DIRECTION('',(1.,0.,-0.));
#5855 = DEFINITIONAL_REPRESENTATION('',(#5856),#5860);
#5856 = LINE('',#5857,#5858);
#5857 = CARTESIAN_POINT('',(-0.,-0.));
#5858 = VECTOR('',#5859,1.);
#5859 = DIRECTION('',(-1.,-0.));
#5860 = ( GEOMETRIC_REPRESENTATION_CONTEXT(2) 
PARAMETRIC_REPRESENTATION_CONTEXT() REPRESENTATION_CONTEXT('2D SPACE',''
  ) );
#5861 = ORIENTED_EDGE('',*,*,#5812,.F.);
#5862 = ADVANCED_FACE('',(#5863),#5795,.F.);
#5863 = FACE_BOUND('',#5864,.F.);
#5864 = EDGE_LOOP('',(#5865,#5866,#5889,#5916));
#5865 = ORIENTED_EDGE('',*,*,#5780,.T.);
#5866 = ORIENTED_EDGE('',*,*,#5867,.T.);
#5867 = EDGE_CURVE('',#5758,#5868,#5870,.T.);
#5868 = VERTEX_POINT('',#5869);
#5869 = CARTESIAN_POINT('',(33.761619139198,0.,758.16666666666));
#5870 = SEAM_CURVE('',#5871,(#5875,#5882),.PCURVE_S1.);
#5871 = LINE('',#5872,#5873);
#5872 = CARTESIAN_POINT('',(34.317005565039,0.,754.8));
#5873 = VECTOR('',#5874,1.);
#5874 = DIRECTION('',(-0.162766380042,0.,0.986664636808));
#5875 = PCURVE('',#5795,#5876);
#5876 = DEFINITIONAL_REPRESENTATION('',(#5877),#5881);
#5877 = LINE('',#5878,#5879);
#5878 = CARTESIAN_POINT('',(-0.,-0.));
#5879 = VECTOR('',#5880,1.);
#5880 = DIRECTION('',(-0.,-1.));
#5881 = ( GEOMETRIC_REPRESENTATION_CONTEXT(2) 
PARAMETRIC_REPRESENTATION_CONTEXT() REPRESENTATION_CONTEXT('2D SPACE',''
  ) );
#5882 = PCURVE('',#5795,#5883);
#5883 = DEFINITIONAL_REPRESENTATION('',(#5884),#5888);
#5884 = LINE('',#5885,#5886);
#5885 = CARTESIAN_POINT('',(-6.28318530718,-0.));
#5886 = VECTOR('',#5887,1.);
#5887 = DIRECTION('',(-0.,-1.));
#5888 = ( GEOMETRIC_REPRESENTATION_CONTEXT(2) 
PARAMETRIC_REPRESENTATION_CONTEXT() REPRESENTATION_CONTEXT('2D SPACE',''
  ) );
#5889 = ORIENTED_EDGE('',*,*,#5890,.F.);
#5890 = EDGE_CURVE('',#5868,#5868,#5891,.T.);
#5891 = SURFACE_CURVE('',#5892,(#5897,#5904),.PCURVE_S1.);
#5892 = CIRCLE('',#5893,33.761619139198);
#5893 = AXIS2_PLACEMENT_3D('',#5894,#5895,#5896);
#5894 = CARTESIAN_POINT('',(0.,0.,758.16666666666));
#5895 = DIRECTION('',(0.,0.,1.));
#5896 = DIRECTION('',(1.,0.,-0.));
#5897 = PCURVE('',#5795,#5898);
#5898 = DEFINITIONAL_REPRESENTATION('',(#5899),#5903);
#5899 = LINE('',#5900,#5901);
#5900 = CARTESIAN_POINT('',(-0.,-3.366666666667));
#5901 = VECTOR('',#5902,1.);
#5902 = DIRECTION('',(-1.,-0.));
#5903 = ( GEOMETRIC_REPRESENTATION_CONTEXT(2) 
PARAMETRIC_REPRESENTATION_CONTEXT() REPRESENTATION_CONTEXT('2D SPACE',''
  ) );
#5904 = PCURVE('',#5905,#5910);
#5905 = CONICAL_SURFACE('',#5906,33.761619139198,0.170230891742);
#5906 = AXIS2_PLACEMENT_3D('',#5907,#5908,#5909);
#5907 = CARTESIAN_POINT('',(0.,0.,758.16666666666));
#5908 = DIRECTION('',(-0.,-0.,-1.));
#5909 = DIRECTION('',(1.,0.,-0.));
#5910 = DEFINITIONAL_REPRESENTATION('',(#5911),#5915);
#5911 = LINE('',#5912,#5913);
#5912 = CARTESIAN_POINT('',(-0.,-0.));
#5913 = VECTOR('',#5914,1.);
#5914 = DIRECTION('',(-1.,-0.));
#5915 = ( GEOMETRIC_REPRESENTATION_CONTEXT(2) 
PARAMETRIC_REPRESENTATION_CONTEXT() REPRESENTATION_CONTEXT('2D SPACE',''
  ) );
#5916 = ORIENTED_EDGE('',*,*,#5867,.F.);
#5917 = ADVANCED_FACE('',(#5918),#5850,.T.);
#5918 = FACE_BOUND('',#5919,.T.);
#5919 = EDGE_LOOP('',(#5920,#5921,#5944,#5971));
#5920 = ORIENTED_EDGE('',*,*,#5835,.T.);
#5921 = ORIENTED_EDGE('',*,*,#5922,.T.);
#5922 = EDGE_CURVE('',#5813,#5923,#5925,.T.);
#5923 = VERTEX_POINT('',#5924);
#5924 = CARTESIAN_POINT('',(35.517005565039,0.,754.8));
#5925 = SEAM_CURVE('',#5926,(#5930,#5937),.PCURVE_S1.);
#5926 = LINE('',#5927,#5928);
#5927 = CARTESIAN_POINT('',(36.049144444083,0.,751.43333333333));
#5928 = VECTOR('',#5929,1.);
#5929 = DIRECTION('',(-0.156122852404,0.,0.987737644801));
#5930 = PCURVE('',#5850,#5931);
#5931 = DEFINITIONAL_REPRESENTATION('',(#5932),#5936);
#5932 = LINE('',#5933,#5934);
#5933 = CARTESIAN_POINT('',(-0.,-0.));
#5934 = VECTOR('',#5935,1.);
#5935 = DIRECTION('',(-0.,-1.));
#5936 = ( GEOMETRIC_REPRESENTATION_CONTEXT(2) 
PARAMETRIC_REPRESENTATION_CONTEXT() REPRESENTATION_CONTEXT('2D SPACE',''
  ) );
#5937 = PCURVE('',#5850,#5938);
#5938 = DEFINITIONAL_REPRESENTATION('',(#5939),#5943);
#5939 = LINE('',#5940,#5941);
#5940 = CARTESIAN_POINT('',(-6.28318530718,-0.));
#5941 = VECTOR('',#5942,1.);
#5942 = DIRECTION('',(-0.,-1.));
#5943 = ( GEOMETRIC_REPRESENTATION_CONTEXT(2) 
PARAMETRIC_REPRESENTATION_CONTEXT() REPRESENTATION_CONTEXT('2D SPACE',''
  ) );
#5944 = ORIENTED_EDGE('',*,*,#5945,.F.);
#5945 = EDGE_CURVE('',#5923,#5923,#5946,.T.);
#5946 = SURFACE_CURVE('',#5947,(#5952,#5959),.PCURVE_S1.);
#5947 = CIRCLE('',#5948,35.517005565039);
#5948 = AXIS2_PLACEMENT_3D('',#5949,#5950,#5951);
#5949 = CARTESIAN_POINT('',(0.,0.,754.8));
#5950 = DIRECTION('',(0.,0.,1.));
#5951 = DIRECTION('',(1.,0.,-0.));
#5952 = PCURVE('',#5850,#5953);
#5953 = DEFINITIONAL_REPRESENTATION('',(#5954),#5958);
#5954 = LINE('',#5955,#5956);
#5955 = CARTESIAN_POINT('',(-0.,-3.366666666667));
#5956 = VECTOR('',#5957,1.);
#5957 = DIRECTION('',(-1.,-0.));
#5958 = ( GEOMETRIC_REPRESENTATION_CONTEXT(2) 
PARAMETRIC_REPRESENTATION_CONTEXT() REPRESENTATION_CONTEXT('2D SPACE',''
  ) );
#5959 = PCURVE('',#5960,#5965);
#5960 = CONICAL_SURFACE('',#5961,35.517005565039,0.163493777835);
#5961 = AXIS2_PLACEMENT_3D('',#5962,#5963,#5964);
#5962 = CARTESIAN_POINT('',(0.,0.,754.8));
#5963 = DIRECTION('',(-0.,-0.,-1.));
#5964 = DIRECTION('',(1.,0.,-0.));
#5965 = DEFINITIONAL_REPRESENTATION('',(#5966),#5970);
#5966 = LINE('',#5967,#5968);
#5967 = CARTESIAN_POINT('',(-0.,-0.));
#5968 = VECTOR('',#5969,1.);
#5969 = DIRECTION('',(-1.,-0.));
#5970 = ( GEOMETRIC_REPRESENTATION_CONTEXT(2) 
PARAMETRIC_REPRESENTATION_CONTEXT() REPRESENTATION_CONTEXT('2D SPACE',''
  ) );
#5971 = ORIENTED_EDGE('',*,*,#5922,.F.);
#5972 = ADVANCED_FACE('',(#5973),#5905,.F.);
#5973 = FACE_BOUND('',#5974,.F.);
#5974 = EDGE_LOOP('',(#5975,#5976,#5999,#6026));
#5975 = ORIENTED_EDGE('',*,*,#5890,.T.);
#5976 = ORIENTED_EDGE('',*,*,#5977,.T.);
#5977 = EDGE_CURVE('',#5868,#5978,#5980,.T.);
#5978 = VERTEX_POINT('',#5979);
#5979 = CARTESIAN_POINT('',(33.18290756561,0.,761.53333333333));
#5980 = SEAM_CURVE('',#5981,(#5985,#5992),.PCURVE_S1.);
#5981 = LINE('',#5982,#5983);
#5982 = CARTESIAN_POINT('',(33.761619139198,0.,758.16666666666));
#5983 = VECTOR('',#5984,1.);
#5984 = DIRECTION('',(-0.169409907939,0.,0.985545677831));
#5985 = PCURVE('',#5905,#5986);
#5986 = DEFINITIONAL_REPRESENTATION('',(#5987),#5991);
#5987 = LINE('',#5988,#5989);
#5988 = CARTESIAN_POINT('',(-0.,-0.));
#5989 = VECTOR('',#5990,1.);
#5990 = DIRECTION('',(-0.,-1.));
#5991 = ( GEOMETRIC_REPRESENTATION_CONTEXT(2) 
PARAMETRIC_REPRESENTATION_CONTEXT() REPRESENTATION_CONTEXT('2D SPACE',''
  ) );
#5992 = PCURVE('',#5905,#5993);
#5993 = DEFINITIONAL_REPRESENTATION('',(#5994),#5998);
#5994 = LINE('',#5995,#5996);
#5995 = CARTESIAN_POINT('',(-6.28318530718,-0.));
#5996 = VECTOR('',#5997,1.);
#5997 = DIRECTION('',(-0.,-1.));
#5998 = ( GEOMETRIC_REPRESENTATION_CONTEXT(2) 
PARAMETRIC_REPRESENTATION_CONTEXT() REPRESENTATION_CONTEXT('2D SPACE',''
  ) );
#5999 = ORIENTED_EDGE('',*,*,#6000,.F.);
#6000 = EDGE_CURVE('',#5978,#5978,#6001,.T.);
#6001 = SURFACE_CURVE('',#6002,(#6007,#6014),.PCURVE_S1.);
#6002 = CIRCLE('',#6003,33.18290756561);
#6003 = AXIS2_PLACEMENT_3D('',#6004,#6005,#6006);
#6004 = CARTESIAN_POINT('',(0.,0.,761.53333333333));
#6005 = DIRECTION('',(0.,0.,1.));
#6006 = DIRECTION('',(1.,0.,-0.));
#6007 = PCURVE('',#5905,#6008);
#6008 = DEFINITIONAL_REPRESENTATION('',(#6009),#6013);
#6009 = LINE('',#6010,#6011);
#6010 = CARTESIAN_POINT('',(-0.,-3.366666666667));
#6011 = VECTOR('',#6012,1.);
#6012 = DIRECTION('',(-1.,-0.));
#6013 = ( GEOMETRIC_REPRESENTATION_CONTEXT(2) 
PARAMETRIC_REPRESENTATION_CONTEXT() REPRESENTATION_CONTEXT('2D SPACE',''
  ) );
#6014 = PCURVE('',#6015,#6020);
#6015 = CONICAL_SURFACE('',#6016,33.18290756561,0.176975817195);
#6016 = AXIS2_PLACEMENT_3D('',#6017,#6018,#6019);
#6017 = CARTESIAN_POINT('',(0.,0.,761.53333333333));
#6018 = DIRECTION('',(-0.,-0.,-1.));
#6019 = DIRECTION('',(1.,0.,-0.));
#6020 = DEFINITIONAL_REPRESENTATION('',(#6021),#6025);
#6021 = LINE('',#6022,#6023);
#6022 = CARTESIAN_POINT('',(-0.,-0.));
#6023 = VECTOR('',#6024,1.);
#6024 = DIRECTION('',(-1.,-0.));
#6025 = ( GEOMETRIC_REPRESENTATION_CONTEXT(2) 
PARAMETRIC_REPRESENTATION_CONTEXT() REPRESENTATION_CONTEXT('2D SPACE',''
  ) );
#6026 = ORIENTED_EDGE('',*,*,#5977,.F.);
#6027 = ADVANCED_FACE('',(#6028),#5960,.T.);
#6028 = FACE_BOUND('',#6029,.T.);
#6029 = EDGE_LOOP('',(#6030,#6031,#6054,#6081));
#6030 = ORIENTED_EDGE('',*,*,#5945,.T.);
#6031 = ORIENTED_EDGE('',*,*,#6032,.T.);
#6032 = EDGE_CURVE('',#5923,#6033,#6035,.T.);
#6033 = VERTEX_POINT('',#6034);
#6034 = CARTESIAN_POINT('',(34.961619139198,0.,758.16666666666));
#6035 = SEAM_CURVE('',#6036,(#6040,#6047),.PCURVE_S1.);
#6036 = LINE('',#6037,#6038);
#6037 = CARTESIAN_POINT('',(35.517005565039,0.,754.8));
#6038 = VECTOR('',#6039,1.);
#6039 = DIRECTION('',(-0.162766380042,0.,0.986664636808));
#6040 = PCURVE('',#5960,#6041);
#6041 = DEFINITIONAL_REPRESENTATION('',(#6042),#6046);
#6042 = LINE('',#6043,#6044);
#6043 = CARTESIAN_POINT('',(-0.,-0.));
#6044 = VECTOR('',#6045,1.);
#6045 = DIRECTION('',(-0.,-1.));
#6046 = ( GEOMETRIC_REPRESENTATION_CONTEXT(2) 
PARAMETRIC_REPRESENTATION_CONTEXT() REPRESENTATION_CONTEXT('2D SPACE',''
  ) );
#6047 = PCURVE('',#5960,#6048);
#6048 = DEFINITIONAL_REPRESENTATION('',(#6049),#6053);
#6049 = LINE('',#6050,#6051);
#6050 = CARTESIAN_POINT('',(-6.28318530718,-0.));
#6051 = VECTOR('',#6052,1.);
#6052 = DIRECTION('',(-0.,-1.));
#6053 = ( GEOMETRIC_REPRESENTATION_CONTEXT(2) 
PARAMETRIC_REPRESENTATION_CONTEXT() REPRESENTATION_CONTEXT('2D SPACE',''
  ) );
#6054 = ORIENTED_EDGE('',*,*,#6055,.F.);
#6055 = EDGE_CURVE('',#6033,#6033,#6056,.T.);
#6056 = SURFACE_CURVE('',#6057,(#6062,#6069),.PCURVE_S1.);
#6057 = CIRCLE('',#6058,34.961619139198);
#6058 = AXIS2_PLACEMENT_3D('',#6059,#6060,#6061);
#6059 = CARTESIAN_POINT('',(0.,0.,758.16666666666));
#6060 = DIRECTION('',(0.,0.,1.));
#6061 = DIRECTION('',(1.,0.,-0.));
#6062 = PCURVE('',#5960,#6063);
#6063 = DEFINITIONAL_REPRESENTATION('',(#6064),#6068);
#6064 = LINE('',#6065,#6066);
#6065 = CARTESIAN_POINT('',(-0.,-3.366666666667));
#6066 = VECTOR('',#6067,1.);
#6067 = DIRECTION('',(-1.,-0.));
#6068 = ( GEOMETRIC_REPRESENTATION_CONTEXT(2) 
PARAMETRIC_REPRESENTATION_CONTEXT() REPRESENTATION_CONTEXT('2D SPACE',''
  ) );
#6069 = PCURVE('',#6070,#6075);
#6070 = CONICAL_SURFACE('',#6071,34.961619139198,0.170230891742);
#6071 = AXIS2_PLACEMENT_3D('',#6072,#6073,#6074);
#6072 = CARTESIAN_POINT('',(0.,0.,758.16666666666));
#6073 = DIRECTION('',(-0.,-0.,-1.));
#6074 = DIRECTION('',(1.,0.,-0.));
#6075 = DEFINITIONAL_REPRESENTATION('',(#6076),#6080);
#6076 = LINE('',#6077,#6078);
#6077 = CARTESIAN_POINT('',(-0.,-0.));
#6078 = VECTOR('',#6079,1.);
#6079 = DIRECTION('',(-1.,-0.));
#6080 = ( GEOMETRIC_REPRESENTATION_CONTEXT(2) 
PARAMETRIC_REPRESENTATION_CONTEXT() REPRESENTATION_CONTEXT('2D SPACE',''
  ) );
#6081 = ORIENTED_EDGE('',*,*,#6032,.F.);
#6082 = ADVANCED_FACE('',(#6083),#6015,.F.);
#6083 = FACE_BOUND('',#6084,.F.);
#6084 = EDGE_LOOP('',(#6085,#6086,#6109,#6136));
#6085 = ORIENTED_EDGE('',*,*,#6000,.T.);
#6086 = ORIENTED_EDGE('',*,*,#6087,.T.);
#6087 = EDGE_CURVE('',#5978,#6088,#6090,.T.);
#6088 = VERTEX_POINT('',#6089);
#6089 = CARTESIAN_POINT('',(32.580789616334,0.,764.9));
#6090 = SEAM_CURVE('',#6091,(#6095,#6102),.PCURVE_S1.);
#6091 = LINE('',#6092,#6093);
#6092 = CARTESIAN_POINT('',(33.18290756561,0.,761.53333333333));
#6093 = VECTOR('',#6094,1.);
#6094 = DIRECTION('',(-0.176053436109,0.,0.984380611163));
#6095 = PCURVE('',#6015,#6096);
#6096 = DEFINITIONAL_REPRESENTATION('',(#6097),#6101);
#6097 = LINE('',#6098,#6099);
#6098 = CARTESIAN_POINT('',(-0.,-0.));
#6099 = VECTOR('',#6100,1.);
#6100 = DIRECTION('',(-0.,-1.));
#6101 = ( GEOMETRIC_REPRESENTATION_CONTEXT(2) 
PARAMETRIC_REPRESENTATION_CONTEXT() REPRESENTATION_CONTEXT('2D SPACE',''
  ) );
#6102 = PCURVE('',#6015,#6103);
#6103 = DEFINITIONAL_REPRESENTATION('',(#6104),#6108);
#6104 = LINE('',#6105,#6106);
#6105 = CARTESIAN_POINT('',(-6.28318530718,-0.));
#6106 = VECTOR('',#6107,1.);
#6107 = DIRECTION('',(-0.,-1.));
#6108 = ( GEOMETRIC_REPRESENTATION_CONTEXT(2) 
PARAMETRIC_REPRESENTATION_CONTEXT() REPRESENTATION_CONTEXT('2D SPACE',''
  ) );
#6109 = ORIENTED_EDGE('',*,*,#6110,.F.);
#6110 = EDGE_CURVE('',#6088,#6088,#6111,.T.);
#6111 = SURFACE_CURVE('',#6112,(#6117,#6124),.PCURVE_S1.);
#6112 = CIRCLE('',#6113,32.580789616334);
#6113 = AXIS2_PLACEMENT_3D('',#6114,#6115,#6116);
#6114 = CARTESIAN_POINT('',(0.,0.,764.9));
#6115 = DIRECTION('',(0.,0.,1.));
#6116 = DIRECTION('',(1.,0.,-0.));
#6117 = PCURVE('',#6015,#6118);
#6118 = DEFINITIONAL_REPRESENTATION('',(#6119),#6123);
#6119 = LINE('',#6120,#6121);
#6120 = CARTESIAN_POINT('',(-0.,-3.366666666667));
#6121 = VECTOR('',#6122,1.);
#6122 = DIRECTION('',(-1.,-0.));
#6123 = ( GEOMETRIC_REPRESENTATION_CONTEXT(2) 
PARAMETRIC_REPRESENTATION_CONTEXT() REPRESENTATION_CONTEXT('2D SPACE',''
  ) );
#6124 = PCURVE('',#6125,#6130);
#6125 = CONICAL_SURFACE('',#6126,32.580789616334,0.183728889391);
#6126 = AXIS2_PLACEMENT_3D('',#6127,#6128,#6129);
#6127 = CARTESIAN_POINT('',(0.,0.,764.9));
#6128 = DIRECTION('',(-0.,-0.,-1.));
#6129 = DIRECTION('',(1.,0.,-0.));
#6130 = DEFINITIONAL_REPRESENTATION('',(#6131),#6135);
#6131 = LINE('',#6132,#6133);
#6132 = CARTESIAN_POINT('',(-0.,-0.));
#6133 = VECTOR('',#6134,1.);
#6134 = DIRECTION('',(-1.,-0.));
#6135 = ( GEOMETRIC_REPRESENTATION_CONTEXT(2) 
PARAMETRIC_REPRESENTATION_CONTEXT() REPRESENTATION_CONTEXT('2D SPACE',''
  ) );
#6136 = ORIENTED_EDGE('',*,*,#6087,.F.);
#6137 = ADVANCED_FACE('',(#6138),#6070,.T.);
#6138 = FACE_BOUND('',#6139,.T.);
#6139 = EDGE_LOOP('',(#6140,#6141,#6164,#6191));
#6140 = ORIENTED_EDGE('',*,*,#6055,.T.);
#6141 = ORIENTED_EDGE('',*,*,#6142,.T.);
#6142 = EDGE_CURVE('',#6033,#6143,#6145,.T.);
#6143 = VERTEX_POINT('',#6144);
#6144 = CARTESIAN_POINT('',(34.38290756561,0.,761.53333333333));
#6145 = SEAM_CURVE('',#6146,(#6150,#6157),.PCURVE_S1.);
#6146 = LINE('',#6147,#6148);
#6147 = CARTESIAN_POINT('',(34.961619139198,0.,758.16666666666));
#6148 = VECTOR('',#6149,1.);
#6149 = DIRECTION('',(-0.169409907939,0.,0.985545677831));
#6150 = PCURVE('',#6070,#6151);
#6151 = DEFINITIONAL_REPRESENTATION('',(#6152),#6156);
#6152 = LINE('',#6153,#6154);
#6153 = CARTESIAN_POINT('',(-0.,-0.));
#6154 = VECTOR('',#6155,1.);
#6155 = DIRECTION('',(-0.,-1.));
#6156 = ( GEOMETRIC_REPRESENTATION_CONTEXT(2) 
PARAMETRIC_REPRESENTATION_CONTEXT() REPRESENTATION_CONTEXT('2D SPACE',''
  ) );
#6157 = PCURVE('',#6070,#6158);
#6158 = DEFINITIONAL_REPRESENTATION('',(#6159),#6163);
#6159 = LINE('',#6160,#6161);
#6160 = CARTESIAN_POINT('',(-6.28318530718,-0.));
#6161 = VECTOR('',#6162,1.);
#6162 = DIRECTION('',(-0.,-1.));
#6163 = ( GEOMETRIC_REPRESENTATION_CONTEXT(2) 
PARAMETRIC_REPRESENTATION_CONTEXT() REPRESENTATION_CONTEXT('2D SPACE',''
  ) );
#6164 = ORIENTED_EDGE('',*,*,#6165,.F.);
#6165 = EDGE_CURVE('',#6143,#6143,#6166,.T.);
#6166 = SURFACE_CURVE('',#6167,(#6172,#6179),.PCURVE_S1.);
#6167 = CIRCLE('',#6168,34.38290756561);
#6168 = AXIS2_PLACEMENT_3D('',#6169,#6170,#6171);
#6169 = CARTESIAN_POINT('',(0.,0.,761.53333333333));
#6170 = DIRECTION('',(0.,0.,1.));
#6171 = DIRECTION('',(1.,0.,-0.));
#6172 = PCURVE('',#6070,#6173);
#6173 = DEFINITIONAL_REPRESENTATION('',(#6174),#6178);
#6174 = LINE('',#6175,#6176);
#6175 = CARTESIAN_POINT('',(-0.,-3.366666666667));
#6176 = VECTOR('',#6177,1.);
#6177 = DIRECTION('',(-1.,-0.));
#6178 = ( GEOMETRIC_REPRESENTATION_CONTEXT(2) 
PARAMETRIC_REPRESENTATION_CONTEXT() REPRESENTATION_CONTEXT('2D SPACE',''
  ) );
#6179 = PCURVE('',#6180,#6185);
#6180 = CONICAL_SURFACE('',#6181,34.38290756561,0.176975817195);
#6181 = AXIS2_PLACEMENT_3D('',#6182,#6183,#6184);
#6182 = CARTESIAN_POINT('',(0.,0.,761.53333333333));
#6183 = DIRECTION('',(-0.,-0.,-1.));
#6184 = DIRECTION('',(1.,0.,-0.));
#6185 = DEFINITIONAL_REPRESENTATION('',(#6186),#6190);
#6186 = LINE('',#6187,#6188);
#6187 = CARTESIAN_POINT('',(-0.,-0.));
#6188 = VECTOR('',#6189,1.);
#6189 = DIRECTION('',(-1.,-0.));
#6190 = ( GEOMETRIC_REPRESENTATION_CONTEXT(2) 
PARAMETRIC_REPRESENTATION_CONTEXT() REPRESENTATION_CONTEXT('2D SPACE',''
  ) );
#6191 = ORIENTED_EDGE('',*,*,#6142,.F.);
#6192 = ADVANCED_FACE('',(#6193),#6125,.F.);
#6193 = FACE_BOUND('',#6194,.F.);
#6194 = EDGE_LOOP('',(#6195,#6196,#6219,#6246));
#6195 = ORIENTED_EDGE('',*,*,#6110,.T.);
#6196 = ORIENTED_EDGE('',*,*,#6197,.T.);
#6197 = EDGE_CURVE('',#6088,#6198,#6200,.T.);
#6198 = VERTEX_POINT('',#6199);
#6199 = CARTESIAN_POINT('',(31.955180377247,0.,768.26666666666));
#6200 = SEAM_CURVE('',#6201,(#6205,#6212),.PCURVE_S1.);
#6201 = LINE('',#6202,#6203);
#6202 = CARTESIAN_POINT('',(32.580789616334,0.,764.9));
#6203 = VECTOR('',#6204,1.);
#6204 = DIRECTION('',(-0.182696964565,0.,0.983169272882));
#6205 = PCURVE('',#6125,#6206);
#6206 = DEFINITIONAL_REPRESENTATION('',(#6207),#6211);
#6207 = LINE('',#6208,#6209);
#6208 = CARTESIAN_POINT('',(-0.,-0.));
#6209 = VECTOR('',#6210,1.);
#6210 = DIRECTION('',(-0.,-1.));
#6211 = ( GEOMETRIC_REPRESENTATION_CONTEXT(2) 
PARAMETRIC_REPRESENTATION_CONTEXT() REPRESENTATION_CONTEXT('2D SPACE',''
  ) );
#6212 = PCURVE('',#6125,#6213);
#6213 = DEFINITIONAL_REPRESENTATION('',(#6214),#6218);
#6214 = LINE('',#6215,#6216);
#6215 = CARTESIAN_POINT('',(-6.28318530718,-0.));
#6216 = VECTOR('',#6217,1.);
#6217 = DIRECTION('',(-0.,-1.));
#6218 = ( GEOMETRIC_REPRESENTATION_CONTEXT(2) 
PARAMETRIC_REPRESENTATION_CONTEXT() REPRESENTATION_CONTEXT('2D SPACE',''
  ) );
#6219 = ORIENTED_EDGE('',*,*,#6220,.F.);
#6220 = EDGE_CURVE('',#6198,#6198,#6221,.T.);
#6221 = SURFACE_CURVE('',#6222,(#6227,#6234),.PCURVE_S1.);
#6222 = CIRCLE('',#6223,31.955180377247);
#6223 = AXIS2_PLACEMENT_3D('',#6224,#6225,#6226);
#6224 = CARTESIAN_POINT('',(0.,0.,768.26666666666));
#6225 = DIRECTION('',(0.,0.,1.));
#6226 = DIRECTION('',(1.,0.,-0.));
#6227 = PCURVE('',#6125,#6228);
#6228 = DEFINITIONAL_REPRESENTATION('',(#6229),#6233);
#6229 = LINE('',#6230,#6231);
#6230 = CARTESIAN_POINT('',(-0.,-3.366666666667));
#6231 = VECTOR('',#6232,1.);
#6232 = DIRECTION('',(-1.,-0.));
#6233 = ( GEOMETRIC_REPRESENTATION_CONTEXT(2) 
PARAMETRIC_REPRESENTATION_CONTEXT() REPRESENTATION_CONTEXT('2D SPACE',''
  ) );
#6234 = PCURVE('',#6235,#6240);
#6235 = CONICAL_SURFACE('',#6236,31.955180377247,0.190490447046);
#6236 = AXIS2_PLACEMENT_3D('',#6237,#6238,#6239);
#6237 = CARTESIAN_POINT('',(0.,0.,768.26666666666));
#6238 = DIRECTION('',(-0.,-0.,-1.));
#6239 = DIRECTION('',(1.,0.,-0.));
#6240 = DEFINITIONAL_REPRESENTATION('',(#6241),#6245);
#6241 = LINE('',#6242,#6243);
#6242 = CARTESIAN_POINT('',(-0.,-0.));
#6243 = VECTOR('',#6244,1.);
#6244 = DIRECTION('',(-1.,-0.));
#6245 = ( GEOMETRIC_REPRESENTATION_CONTEXT(2) 
PARAMETRIC_REPRESENTATION_CONTEXT() REPRESENTATION_CONTEXT('2D SPACE',''
  ) );
#6246 = ORIENTED_EDGE('',*,*,#6197,.F.);
#6247 = ADVANCED_FACE('',(#6248),#6180,.T.);
#6248 = FACE_BOUND('',#6249,.T.);
#6249 = EDGE_LOOP('',(#6250,#6251,#6274,#6301));
#6250 = ORIENTED_EDGE('',*,*,#6165,.T.);
#6251 = ORIENTED_EDGE('',*,*,#6252,.T.);
#6252 = EDGE_CURVE('',#6143,#6253,#6255,.T.);
#6253 = VERTEX_POINT('',#6254);
#6254 = CARTESIAN_POINT('',(33.780789616334,0.,764.9));
#6255 = SEAM_CURVE('',#6256,(#6260,#6267),.PCURVE_S1.);
#6256 = LINE('',#6257,#6258);
#6257 = CARTESIAN_POINT('',(34.38290756561,0.,761.53333333333));
#6258 = VECTOR('',#6259,1.);
#6259 = DIRECTION('',(-0.176053436109,0.,0.984380611163));
#6260 = PCURVE('',#6180,#6261);
#6261 = DEFINITIONAL_REPRESENTATION('',(#6262),#6266);
#6262 = LINE('',#6263,#6264);
#6263 = CARTESIAN_POINT('',(-0.,-0.));
#6264 = VECTOR('',#6265,1.);
#6265 = DIRECTION('',(-0.,-1.));
#6266 = ( GEOMETRIC_REPRESENTATION_CONTEXT(2) 
PARAMETRIC_REPRESENTATION_CONTEXT() REPRESENTATION_CONTEXT('2D SPACE',''
  ) );
#6267 = PCURVE('',#6180,#6268);
#6268 = DEFINITIONAL_REPRESENTATION('',(#6269),#6273);
#6269 = LINE('',#6270,#6271);
#6270 = CARTESIAN_POINT('',(-6.28318530718,-0.));
#6271 = VECTOR('',#6272,1.);
#6272 = DIRECTION('',(-0.,-1.));
#6273 = ( GEOMETRIC_REPRESENTATION_CONTEXT(2) 
PARAMETRIC_REPRESENTATION_CONTEXT() REPRESENTATION_CONTEXT('2D SPACE',''
  ) );
#6274 = ORIENTED_EDGE('',*,*,#6275,.F.);
#6275 = EDGE_CURVE('',#6253,#6253,#6276,.T.);
#6276 = SURFACE_CURVE('',#6277,(#6282,#6289),.PCURVE_S1.);
#6277 = CIRCLE('',#6278,33.780789616334);
#6278 = AXIS2_PLACEMENT_3D('',#6279,#6280,#6281);
#6279 = CARTESIAN_POINT('',(0.,0.,764.9));
#6280 = DIRECTION('',(0.,0.,1.));
#6281 = DIRECTION('',(1.,0.,-0.));
#6282 = PCURVE('',#6180,#6283);
#6283 = DEFINITIONAL_REPRESENTATION('',(#6284),#6288);
#6284 = LINE('',#6285,#6286);
#6285 = CARTESIAN_POINT('',(-0.,-3.366666666667));
#6286 = VECTOR('',#6287,1.);
#6287 = DIRECTION('',(-1.,-0.));
#6288 = ( GEOMETRIC_REPRESENTATION_CONTEXT(2) 
PARAMETRIC_REPRESENTATION_CONTEXT() REPRESENTATION_CONTEXT('2D SPACE',''
  ) );
#6289 = PCURVE('',#6290,#6295);
#6290 = CONICAL_SURFACE('',#6291,33.780789616334,0.183728889391);
#6291 = AXIS2_PLACEMENT_3D('',#6292,#6293,#6294);
#6292 = CARTESIAN_POINT('',(0.,0.,764.9));
#6293 = DIRECTION('',(-0.,-0.,-1.));
#6294 = DIRECTION('',(1.,0.,-0.));
#6295 = DEFINITIONAL_REPRESENTATION('',(#6296),#6300);
#6296 = LINE('',#6297,#6298);
#6297 = CARTESIAN_POINT('',(-0.,-0.));
#6298 = VECTOR('',#6299,1.);
#6299 = DIRECTION('',(-1.,-0.));
#6300 = ( GEOMETRIC_REPRESENTATION_CONTEXT(2) 
PARAMETRIC_REPRESENTATION_CONTEXT() REPRESENTATION_CONTEXT('2D SPACE',''
  ) );
#6301 = ORIENTED_EDGE('',*,*,#6252,.F.);
#6302 = ADVANCED_FACE('',(#6303),#6235,.F.);
#6303 = FACE_BOUND('',#6304,.F.);
#6304 = EDGE_LOOP('',(#6305,#6306,#6329,#6356));
#6305 = ORIENTED_EDGE('',*,*,#6220,.T.);
#6306 = ORIENTED_EDGE('',*,*,#6307,.T.);
#6307 = EDGE_CURVE('',#6198,#6308,#6310,.T.);
#6308 = VERTEX_POINT('',#6309);
#6309 = CARTESIAN_POINT('',(31.305991185678,0.,771.63333333333));
#6310 = SEAM_CURVE('',#6311,(#6315,#6322),.PCURVE_S1.);
#6311 = LINE('',#6312,#6313);
#6312 = CARTESIAN_POINT('',(31.955180377247,0.,768.26666666666));
#6313 = VECTOR('',#6314,1.);
#6314 = DIRECTION('',(-0.189340493319,0.,0.981911491729));
#6315 = PCURVE('',#6235,#6316);
#6316 = DEFINITIONAL_REPRESENTATION('',(#6317),#6321);
#6317 = LINE('',#6318,#6319);
#6318 = CARTESIAN_POINT('',(-0.,-0.));
#6319 = VECTOR('',#6320,1.);
#6320 = DIRECTION('',(-0.,-1.));
#6321 = ( GEOMETRIC_REPRESENTATION_CONTEXT(2) 
PARAMETRIC_REPRESENTATION_CONTEXT() REPRESENTATION_CONTEXT('2D SPACE',''
  ) );
#6322 = PCURVE('',#6235,#6323);
#6323 = DEFINITIONAL_REPRESENTATION('',(#6324),#6328);
#6324 = LINE('',#6325,#6326);
#6325 = CARTESIAN_POINT('',(-6.28318530718,-0.));
#6326 = VECTOR('',#6327,1.);
#6327 = DIRECTION('',(-0.,-1.));
#6328 = ( GEOMETRIC_REPRESENTATION_CONTEXT(2) 
PARAMETRIC_REPRESENTATION_CONTEXT() REPRESENTATION_CONTEXT('2D SPACE',''
  ) );
#6329 = ORIENTED_EDGE('',*,*,#6330,.F.);
#6330 = EDGE_CURVE('',#6308,#6308,#6331,.T.);
#6331 = SURFACE_CURVE('',#6332,(#6337,#6344),.PCURVE_S1.);
#6332 = CIRCLE('',#6333,31.305991185678);
#6333 = AXIS2_PLACEMENT_3D('',#6334,#6335,#6336);
#6334 = CARTESIAN_POINT('',(0.,0.,771.63333333333));
#6335 = DIRECTION('',(0.,0.,1.));
#6336 = DIRECTION('',(1.,0.,-0.));
#6337 = PCURVE('',#6235,#6338);
#6338 = DEFINITIONAL_REPRESENTATION('',(#6339),#6343);
#6339 = LINE('',#6340,#6341);
#6340 = CARTESIAN_POINT('',(-0.,-3.366666666667));
#6341 = VECTOR('',#6342,1.);
#6342 = DIRECTION('',(-1.,-0.));
#6343 = ( GEOMETRIC_REPRESENTATION_CONTEXT(2) 
PARAMETRIC_REPRESENTATION_CONTEXT() REPRESENTATION_CONTEXT('2D SPACE',''
  ) );
#6344 = PCURVE('',#6345,#6350);
#6345 = CONICAL_SURFACE('',#6346,31.305991185678,0.197260832564);
#6346 = AXIS2_PLACEMENT_3D('',#6347,#6348,#6349);
#6347 = CARTESIAN_POINT('',(0.,0.,771.63333333333));
#6348 = DIRECTION('',(-0.,-0.,-1.));
#6349 = DIRECTION('',(1.,0.,-0.));
#6350 = DEFINITIONAL_REPRESENTATION('',(#6351),#6355);
#6351 = LINE('',#6352,#6353);
#6352 = CARTESIAN_POINT('',(-0.,-0.));
#6353 = VECTOR('',#6354,1.);
#6354 = DIRECTION('',(-1.,-0.));
#6355 = ( GEOMETRIC_REPRESENTATION_CONTEXT(2) 
PARAMETRIC_REPRESENTATION_CONTEXT() REPRESENTATION_CONTEXT('2D SPACE',''
  ) );
#6356 = ORIENTED_EDGE('',*,*,#6307,.F.);
#6357 = ADVANCED_FACE('',(#6358),#6290,.T.);
#6358 = FACE_BOUND('',#6359,.T.);
#6359 = EDGE_LOOP('',(#6360,#6361,#6384,#6411));
#6360 = ORIENTED_EDGE('',*,*,#6275,.T.);
#6361 = ORIENTED_EDGE('',*,*,#6362,.T.);
#6362 = EDGE_CURVE('',#6253,#6363,#6365,.T.);
#6363 = VERTEX_POINT('',#6364);
#6364 = CARTESIAN_POINT('',(33.155180377247,0.,768.26666666666));
#6365 = SEAM_CURVE('',#6366,(#6370,#6377),.PCURVE_S1.);
#6366 = LINE('',#6367,#6368);
#6367 = CARTESIAN_POINT('',(33.780789616334,0.,764.9));
#6368 = VECTOR('',#6369,1.);
#6369 = DIRECTION('',(-0.182696964565,0.,0.983169272882));
#6370 = PCURVE('',#6290,#6371);
#6371 = DEFINITIONAL_REPRESENTATION('',(#6372),#6376);
#6372 = LINE('',#6373,#6374);
#6373 = CARTESIAN_POINT('',(-0.,-0.));
#6374 = VECTOR('',#6375,1.);
#6375 = DIRECTION('',(-0.,-1.));
#6376 = ( GEOMETRIC_REPRESENTATION_CONTEXT(2) 
PARAMETRIC_REPRESENTATION_CONTEXT() REPRESENTATION_CONTEXT('2D SPACE',''
  ) );
#6377 = PCURVE('',#6290,#6378);
#6378 = DEFINITIONAL_REPRESENTATION('',(#6379),#6383);
#6379 = LINE('',#6380,#6381);
#6380 = CARTESIAN_POINT('',(-6.28318530718,-0.));
#6381 = VECTOR('',#6382,1.);
#6382 = DIRECTION('',(-0.,-1.));
#6383 = ( GEOMETRIC_REPRESENTATION_CONTEXT(2) 
PARAMETRIC_REPRESENTATION_CONTEXT() REPRESENTATION_CONTEXT('2D SPACE',''
  ) );
#6384 = ORIENTED_EDGE('',*,*,#6385,.F.);
#6385 = EDGE_CURVE('',#6363,#6363,#6386,.T.);
#6386 = SURFACE_CURVE('',#6387,(#6392,#6399),.PCURVE_S1.);
#6387 = CIRCLE('',#6388,33.155180377247);
#6388 = AXIS2_PLACEMENT_3D('',#6389,#6390,#6391);
#6389 = CARTESIAN_POINT('',(0.,0.,768.26666666666));
#6390 = DIRECTION('',(0.,0.,1.));
#6391 = DIRECTION('',(1.,0.,-0.));
#6392 = PCURVE('',#6290,#6393);
#6393 = DEFINITIONAL_REPRESENTATION('',(#6394),#6398);
#6394 = LINE('',#6395,#6396);
#6395 = CARTESIAN_POINT('',(-0.,-3.366666666667));
#6396 = VECTOR('',#6397,1.);
#6397 = DIRECTION('',(-1.,-0.));
#6398 = ( GEOMETRIC_REPRESENTATION_CONTEXT(2) 
PARAMETRIC_REPRESENTATION_CONTEXT() REPRESENTATION_CONTEXT('2D SPACE',''
  ) );
#6399 = PCURVE('',#6400,#6405);
#6400 = CONICAL_SURFACE('',#6401,33.155180377247,0.190490447046);
#6401 = AXIS2_PLACEMENT_3D('',#6402,#6403,#6404);
#6402 = CARTESIAN_POINT('',(0.,0.,768.26666666666));
#6403 = DIRECTION('',(-0.,-0.,-1.));
#6404 = DIRECTION('',(1.,0.,-0.));
#6405 = DEFINITIONAL_REPRESENTATION('',(#6406),#6410);
#6406 = LINE('',#6407,#6408);
#6407 = CARTESIAN_POINT('',(-0.,-0.));
#6408 = VECTOR('',#6409,1.);
#6409 = DIRECTION('',(-1.,-0.));
#6410 = ( GEOMETRIC_REPRESENTATION_CONTEXT(2) 
PARAMETRIC_REPRESENTATION_CONTEXT() REPRESENTATION_CONTEXT('2D SPACE',''
  ) );
#6411 = ORIENTED_EDGE('',*,*,#6362,.F.);
#6412 = ADVANCED_FACE('',(#6413),#6345,.F.);
#6413 = FACE_BOUND('',#6414,.F.);
#6414 = EDGE_LOOP('',(#6415,#6416,#6439,#6466));
#6415 = ORIENTED_EDGE('',*,*,#6330,.T.);
#6416 = ORIENTED_EDGE('',*,*,#6417,.T.);
#6417 = EDGE_CURVE('',#6308,#6418,#6420,.T.);
#6418 = VERTEX_POINT('',#6419);
#6419 = CARTESIAN_POINT('',(30.633129564772,0.,775.));
#6420 = SEAM_CURVE('',#6421,(#6425,#6432),.PCURVE_S1.);
#6421 = LINE('',#6422,#6423);
#6422 = CARTESIAN_POINT('',(31.305991185678,0.,771.63333333333));
#6423 = VECTOR('',#6424,1.);
#6424 = DIRECTION('',(-0.195984022386,0.,0.980607088986));
#6425 = PCURVE('',#6345,#6426);
#6426 = DEFINITIONAL_REPRESENTATION('',(#6427),#6431);
#6427 = LINE('',#6428,#6429);
#6428 = CARTESIAN_POINT('',(-0.,-0.));
#6429 = VECTOR('',#6430,1.);
#6430 = DIRECTION('',(-0.,-1.));
#6431 = ( GEOMETRIC_REPRESENTATION_CONTEXT(2) 
PARAMETRIC_REPRESENTATION_CONTEXT() REPRESENTATION_CONTEXT('2D SPACE',''
  ) );
#6432 = PCURVE('',#6345,#6433);
#6433 = DEFINITIONAL_REPRESENTATION('',(#6434),#6438);
#6434 = LINE('',#6435,#6436);
#6435 = CARTESIAN_POINT('',(-6.28318530718,-0.));
#6436 = VECTOR('',#6437,1.);
#6437 = DIRECTION('',(-0.,-1.));
#6438 = ( GEOMETRIC_REPRESENTATION_CONTEXT(2) 
PARAMETRIC_REPRESENTATION_CONTEXT() REPRESENTATION_CONTEXT('2D SPACE',''
  ) );
#6439 = ORIENTED_EDGE('',*,*,#6440,.F.);
#6440 = EDGE_CURVE('',#6418,#6418,#6441,.T.);
#6441 = SURFACE_CURVE('',#6442,(#6447,#6454),.PCURVE_S1.);
#6442 = CIRCLE('',#6443,30.633129564772);
#6443 = AXIS2_PLACEMENT_3D('',#6444,#6445,#6446);
#6444 = CARTESIAN_POINT('',(0.,0.,775.));
#6445 = DIRECTION('',(0.,0.,1.));
#6446 = DIRECTION('',(1.,0.,-0.));
#6447 = PCURVE('',#6345,#6448);
#6448 = DEFINITIONAL_REPRESENTATION('',(#6449),#6453);
#6449 = LINE('',#6450,#6451);
#6450 = CARTESIAN_POINT('',(-0.,-3.366666666667));
#6451 = VECTOR('',#6452,1.);
#6452 = DIRECTION('',(-1.,-0.));
#6453 = ( GEOMETRIC_REPRESENTATION_CONTEXT(2) 
PARAMETRIC_REPRESENTATION_CONTEXT() REPRESENTATION_CONTEXT('2D SPACE',''
  ) );
#6454 = PCURVE('',#6455,#6460);
#6455 = CONICAL_SURFACE('',#6456,30.633129564772,0.204040392215);
#6456 = AXIS2_PLACEMENT_3D('',#6457,#6458,#6459);
#6457 = CARTESIAN_POINT('',(0.,0.,775.));
#6458 = DIRECTION('',(-0.,-0.,-1.));
#6459 = DIRECTION('',(1.,0.,-0.));
#6460 = DEFINITIONAL_REPRESENTATION('',(#6461),#6465);
#6461 = LINE('',#6462,#6463);
#6462 = CARTESIAN_POINT('',(-0.,-0.));
#6463 = VECTOR('',#6464,1.);
#6464 = DIRECTION('',(-1.,-0.));
#6465 = ( GEOMETRIC_REPRESENTATION_CONTEXT(2) 
PARAMETRIC_REPRESENTATION_CONTEXT() REPRESENTATION_CONTEXT('2D SPACE',''
  ) );
#6466 = ORIENTED_EDGE('',*,*,#6417,.F.);
#6467 = ADVANCED_FACE('',(#6468),#6400,.T.);
#6468 = FACE_BOUND('',#6469,.T.);
#6469 = EDGE_LOOP('',(#6470,#6471,#6494,#6521));
#6470 = ORIENTED_EDGE('',*,*,#6385,.T.);
#6471 = ORIENTED_EDGE('',*,*,#6472,.T.);
#6472 = EDGE_CURVE('',#6363,#6473,#6475,.T.);
#6473 = VERTEX_POINT('',#6474);
#6474 = CARTESIAN_POINT('',(32.505991185678,0.,771.63333333333));
#6475 = SEAM_CURVE('',#6476,(#6480,#6487),.PCURVE_S1.);
#6476 = LINE('',#6477,#6478);
#6477 = CARTESIAN_POINT('',(33.155180377247,0.,768.26666666666));
#6478 = VECTOR('',#6479,1.);
#6479 = DIRECTION('',(-0.189340493319,0.,0.981911491729));
#6480 = PCURVE('',#6400,#6481);
#6481 = DEFINITIONAL_REPRESENTATION('',(#6482),#6486);
#6482 = LINE('',#6483,#6484);
#6483 = CARTESIAN_POINT('',(-0.,-0.));
#6484 = VECTOR('',#6485,1.);
#6485 = DIRECTION('',(-0.,-1.));
#6486 = ( GEOMETRIC_REPRESENTATION_CONTEXT(2) 
PARAMETRIC_REPRESENTATION_CONTEXT() REPRESENTATION_CONTEXT('2D SPACE',''
  ) );
#6487 = PCURVE('',#6400,#6488);
#6488 = DEFINITIONAL_REPRESENTATION('',(#6489),#6493);
#6489 = LINE('',#6490,#6491);
#6490 = CARTESIAN_POINT('',(-6.28318530718,-0.));
#6491 = VECTOR('',#6492,1.);
#6492 = DIRECTION('',(-0.,-1.));
#6493 = ( GEOMETRIC_REPRESENTATION_CONTEXT(2) 
PARAMETRIC_REPRESENTATION_CONTEXT() REPRESENTATION_CONTEXT('2D SPACE',''
  ) );
#6494 = ORIENTED_EDGE('',*,*,#6495,.F.);
#6495 = EDGE_CURVE('',#6473,#6473,#6496,.T.);
#6496 = SURFACE_CURVE('',#6497,(#6502,#6509),.PCURVE_S1.);
#6497 = CIRCLE('',#6498,32.505991185678);
#6498 = AXIS2_PLACEMENT_3D('',#6499,#6500,#6501);
#6499 = CARTESIAN_POINT('',(0.,0.,771.63333333333));
#6500 = DIRECTION('',(0.,0.,1.));
#6501 = DIRECTION('',(1.,0.,-0.));
#6502 = PCURVE('',#6400,#6503);
#6503 = DEFINITIONAL_REPRESENTATION('',(#6504),#6508);
#6504 = LINE('',#6505,#6506);
#6505 = CARTESIAN_POINT('',(-0.,-3.366666666667));
#6506 = VECTOR('',#6507,1.);
#6507 = DIRECTION('',(-1.,-0.));
#6508 = ( GEOMETRIC_REPRESENTATION_CONTEXT(2) 
PARAMETRIC_REPRESENTATION_CONTEXT() REPRESENTATION_CONTEXT('2D SPACE',''
  ) );
#6509 = PCURVE('',#6510,#6515);
#6510 = CONICAL_SURFACE('',#6511,32.505991185678,0.197260832564);
#6511 = AXIS2_PLACEMENT_3D('',#6512,#6513,#6514);
#6512 = CARTESIAN_POINT('',(0.,0.,771.63333333333));
#6513 = DIRECTION('',(-0.,-0.,-1.));
#6514 = DIRECTION('',(1.,0.,-0.));
#6515 = DEFINITIONAL_REPRESENTATION('',(#6516),#6520);
#6516 = LINE('',#6517,#6518);
#6517 = CARTESIAN_POINT('',(-0.,-0.));
#6518 = VECTOR('',#6519,1.);
#6519 = DIRECTION('',(-1.,-0.));
#6520 = ( GEOMETRIC_REPRESENTATION_CONTEXT(2) 
PARAMETRIC_REPRESENTATION_CONTEXT() REPRESENTATION_CONTEXT('2D SPACE',''
  ) );
#6521 = ORIENTED_EDGE('',*,*,#6472,.F.);
#6522 = ADVANCED_FACE('',(#6523),#6455,.F.);
#6523 = FACE_BOUND('',#6524,.F.);
#6524 = EDGE_LOOP('',(#6525,#6526,#6549,#6576));
#6525 = ORIENTED_EDGE('',*,*,#6440,.T.);
#6526 = ORIENTED_EDGE('',*,*,#6527,.T.);
#6527 = EDGE_CURVE('',#6418,#6528,#6530,.T.);
#6528 = VERTEX_POINT('',#6529);
#6529 = CARTESIAN_POINT('',(29.936499154465,0.,778.36666666666));
#6530 = SEAM_CURVE('',#6531,(#6535,#6542),.PCURVE_S1.);
#6531 = LINE('',#6532,#6533);
#6532 = CARTESIAN_POINT('',(30.633129564772,0.,775.));
#6533 = VECTOR('',#6534,1.);
#6534 = DIRECTION('',(-0.202627551779,0.,0.979255878338));
#6535 = PCURVE('',#6455,#6536);
#6536 = DEFINITIONAL_REPRESENTATION('',(#6537),#6541);
#6537 = LINE('',#6538,#6539);
#6538 = CARTESIAN_POINT('',(-0.,-0.));
#6539 = VECTOR('',#6540,1.);
#6540 = DIRECTION('',(-0.,-1.));
#6541 = ( GEOMETRIC_REPRESENTATION_CONTEXT(2) 
PARAMETRIC_REPRESENTATION_CONTEXT() REPRESENTATION_CONTEXT('2D SPACE',''
  ) );
#6542 = PCURVE('',#6455,#6543);
#6543 = DEFINITIONAL_REPRESENTATION('',(#6544),#6548);
#6544 = LINE('',#6545,#6546);
#6545 = CARTESIAN_POINT('',(-6.28318530718,-0.));
#6546 = VECTOR('',#6547,1.);
#6547 = DIRECTION('',(-0.,-1.));
#6548 = ( GEOMETRIC_REPRESENTATION_CONTEXT(2) 
PARAMETRIC_REPRESENTATION_CONTEXT() REPRESENTATION_CONTEXT('2D SPACE',''
  ) );
#6549 = ORIENTED_EDGE('',*,*,#6550,.F.);
#6550 = EDGE_CURVE('',#6528,#6528,#6551,.T.);
#6551 = SURFACE_CURVE('',#6552,(#6557,#6564),.PCURVE_S1.);
#6552 = CIRCLE('',#6553,29.936499154465);
#6553 = AXIS2_PLACEMENT_3D('',#6554,#6555,#6556);
#6554 = CARTESIAN_POINT('',(0.,0.,778.36666666666));
#6555 = DIRECTION('',(0.,0.,1.));
#6556 = DIRECTION('',(1.,0.,-0.));
#6557 = PCURVE('',#6455,#6558);
#6558 = DEFINITIONAL_REPRESENTATION('',(#6559),#6563);
#6559 = LINE('',#6560,#6561);
#6560 = CARTESIAN_POINT('',(-0.,-3.366666666667));
#6561 = VECTOR('',#6562,1.);
#6562 = DIRECTION('',(-1.,-0.));
#6563 = ( GEOMETRIC_REPRESENTATION_CONTEXT(2) 
PARAMETRIC_REPRESENTATION_CONTEXT() REPRESENTATION_CONTEXT('2D SPACE',''
  ) );
#6564 = PCURVE('',#6565,#6570);
#6565 = CONICAL_SURFACE('',#6566,29.936499154465,0.210829476309);
#6566 = AXIS2_PLACEMENT_3D('',#6567,#6568,#6569);
#6567 = CARTESIAN_POINT('',(0.,0.,778.36666666666));
#6568 = DIRECTION('',(-0.,-0.,-1.));
#6569 = DIRECTION('',(1.,0.,-0.));
#6570 = DEFINITIONAL_REPRESENTATION('',(#6571),#6575);
#6571 = LINE('',#6572,#6573);
#6572 = CARTESIAN_POINT('',(-0.,-0.));
#6573 = VECTOR('',#6574,1.);
#6574 = DIRECTION('',(-1.,-0.));
#6575 = ( GEOMETRIC_REPRESENTATION_CONTEXT(2) 
PARAMETRIC_REPRESENTATION_CONTEXT() REPRESENTATION_CONTEXT('2D SPACE',''
  ) );
#6576 = ORIENTED_EDGE('',*,*,#6527,.F.);
#6577 = ADVANCED_FACE('',(#6578),#6510,.T.);
#6578 = FACE_BOUND('',#6579,.T.);
#6579 = EDGE_LOOP('',(#6580,#6581,#6604,#6631));
#6580 = ORIENTED_EDGE('',*,*,#6495,.T.);
#6581 = ORIENTED_EDGE('',*,*,#6582,.T.);
#6582 = EDGE_CURVE('',#6473,#6583,#6585,.T.);
#6583 = VERTEX_POINT('',#6584);
#6584 = CARTESIAN_POINT('',(31.833129564772,0.,775.));
#6585 = SEAM_CURVE('',#6586,(#6590,#6597),.PCURVE_S1.);
#6586 = LINE('',#6587,#6588);
#6587 = CARTESIAN_POINT('',(32.505991185678,0.,771.63333333333));
#6588 = VECTOR('',#6589,1.);
#6589 = DIRECTION('',(-0.195984022386,0.,0.980607088986));
#6590 = PCURVE('',#6510,#6591);
#6591 = DEFINITIONAL_REPRESENTATION('',(#6592),#6596);
#6592 = LINE('',#6593,#6594);
#6593 = CARTESIAN_POINT('',(-0.,-0.));
#6594 = VECTOR('',#6595,1.);
#6595 = DIRECTION('',(-0.,-1.));
#6596 = ( GEOMETRIC_REPRESENTATION_CONTEXT(2) 
PARAMETRIC_REPRESENTATION_CONTEXT() REPRESENTATION_CONTEXT('2D SPACE',''
  ) );
#6597 = PCURVE('',#6510,#6598);
#6598 = DEFINITIONAL_REPRESENTATION('',(#6599),#6603);
#6599 = LINE('',#6600,#6601);
#6600 = CARTESIAN_POINT('',(-6.28318530718,-0.));
#6601 = VECTOR('',#6602,1.);
#6602 = DIRECTION('',(-0.,-1.));
#6603 = ( GEOMETRIC_REPRESENTATION_CONTEXT(2) 
PARAMETRIC_REPRESENTATION_CONTEXT() REPRESENTATION_CONTEXT('2D SPACE',''
  ) );
#6604 = ORIENTED_EDGE('',*,*,#6605,.F.);
#6605 = EDGE_CURVE('',#6583,#6583,#6606,.T.);
#6606 = SURFACE_CURVE('',#6607,(#6612,#6619),.PCURVE_S1.);
#6607 = CIRCLE('',#6608,31.833129564772);
#6608 = AXIS2_PLACEMENT_3D('',#6609,#6610,#6611);
#6609 = CARTESIAN_POINT('',(0.,0.,775.));
#6610 = DIRECTION('',(0.,0.,1.));
#6611 = DIRECTION('',(1.,0.,-0.));
#6612 = PCURVE('',#6510,#6613);
#6613 = DEFINITIONAL_REPRESENTATION('',(#6614),#6618);
#6614 = LINE('',#6615,#6616);
#6615 = CARTESIAN_POINT('',(-0.,-3.366666666667));
#6616 = VECTOR('',#6617,1.);
#6617 = DIRECTION('',(-1.,-0.));
#6618 = ( GEOMETRIC_REPRESENTATION_CONTEXT(2) 
PARAMETRIC_REPRESENTATION_CONTEXT() REPRESENTATION_CONTEXT('2D SPACE',''
  ) );
#6619 = PCURVE('',#6620,#6625);
#6620 = CONICAL_SURFACE('',#6621,31.833129564772,0.204040392215);
#6621 = AXIS2_PLACEMENT_3D('',#6622,#6623,#6624);
#6622 = CARTESIAN_POINT('',(0.,0.,775.));
#6623 = DIRECTION('',(-0.,-0.,-1.));
#6624 = DIRECTION('',(1.,0.,-0.));
#6625 = DEFINITIONAL_REPRESENTATION('',(#6626),#6630);
#6626 = LINE('',#6627,#6628);
#6627 = CARTESIAN_POINT('',(-0.,-0.));
#6628 = VECTOR('',#6629,1.);
#6629 = DIRECTION('',(-1.,-0.));
#6630 = ( GEOMETRIC_REPRESENTATION_CONTEXT(2) 
PARAMETRIC_REPRESENTATION_CONTEXT() REPRESENTATION_CONTEXT('2D SPACE',''
  ) );
#6631 = ORIENTED_EDGE('',*,*,#6582,.F.);
#6632 = ADVANCED_FACE('',(#6633),#6565,.F.);
#6633 = FACE_BOUND('',#6634,.F.);
#6634 = EDGE_LOOP('',(#6635,#6636,#6659,#6686));
#6635 = ORIENTED_EDGE('',*,*,#6550,.T.);
#6636 = ORIENTED_EDGE('',*,*,#6637,.T.);
#6637 = EDGE_CURVE('',#6528,#6638,#6640,.T.);
#6638 = VERTEX_POINT('',#6639);
#6639 = CARTESIAN_POINT('',(29.21599963893,0.,781.73333333333));
#6640 = SEAM_CURVE('',#6641,(#6645,#6652),.PCURVE_S1.);
#6641 = LINE('',#6642,#6643);
#6642 = CARTESIAN_POINT('',(29.936499154465,0.,778.36666666666));
#6643 = VECTOR('',#6644,1.);
#6644 = DIRECTION('',(-0.209271081513,0.,0.977857665738));
#6645 = PCURVE('',#6565,#6646);
#6646 = DEFINITIONAL_REPRESENTATION('',(#6647),#6651);
#6647 = LINE('',#6648,#6649);
#6648 = CARTESIAN_POINT('',(-0.,-0.));
#6649 = VECTOR('',#6650,1.);
#6650 = DIRECTION('',(-0.,-1.));
#6651 = ( GEOMETRIC_REPRESENTATION_CONTEXT(2) 
PARAMETRIC_REPRESENTATION_CONTEXT() REPRESENTATION_CONTEXT('2D SPACE',''
  ) );
#6652 = PCURVE('',#6565,#6653);
#6653 = DEFINITIONAL_REPRESENTATION('',(#6654),#6658);
#6654 = LINE('',#6655,#6656);
#6655 = CARTESIAN_POINT('',(-6.28318530718,-0.));
#6656 = VECTOR('',#6657,1.);
#6657 = DIRECTION('',(-0.,-1.));
#6658 = ( GEOMETRIC_REPRESENTATION_CONTEXT(2) 
PARAMETRIC_REPRESENTATION_CONTEXT() REPRESENTATION_CONTEXT('2D SPACE',''
  ) );
#6659 = ORIENTED_EDGE('',*,*,#6660,.F.);
#6660 = EDGE_CURVE('',#6638,#6638,#6661,.T.);
#6661 = SURFACE_CURVE('',#6662,(#6667,#6674),.PCURVE_S1.);
#6662 = CIRCLE('',#6663,29.21599963893);
#6663 = AXIS2_PLACEMENT_3D('',#6664,#6665,#6666);
#6664 = CARTESIAN_POINT('',(0.,0.,781.73333333333));
#6665 = DIRECTION('',(0.,0.,1.));
#6666 = DIRECTION('',(1.,0.,-0.));
#6667 = PCURVE('',#6565,#6668);
#6668 = DEFINITIONAL_REPRESENTATION('',(#6669),#6673);
#6669 = LINE('',#6670,#6671);
#6670 = CARTESIAN_POINT('',(-0.,-3.366666666667));
#6671 = VECTOR('',#6672,1.);
#6672 = DIRECTION('',(-1.,-0.));
#6673 = ( GEOMETRIC_REPRESENTATION_CONTEXT(2) 
PARAMETRIC_REPRESENTATION_CONTEXT() REPRESENTATION_CONTEXT('2D SPACE',''
  ) );
#6674 = PCURVE('',#6675,#6680);
#6675 = CONICAL_SURFACE('',#6676,29.21599963893,0.217628439385);
#6676 = AXIS2_PLACEMENT_3D('',#6677,#6678,#6679);
#6677 = CARTESIAN_POINT('',(0.,0.,781.73333333333));
#6678 = DIRECTION('',(-0.,-0.,-1.));
#6679 = DIRECTION('',(1.,0.,-0.));
#6680 = DEFINITIONAL_REPRESENTATION('',(#6681),#6685);
#6681 = LINE('',#6682,#6683);
#6682 = CARTESIAN_POINT('',(-0.,-0.));
#6683 = VECTOR('',#6684,1.);
#6684 = DIRECTION('',(-1.,-0.));
#6685 = ( GEOMETRIC_REPRESENTATION_CONTEXT(2) 
PARAMETRIC_REPRESENTATION_CONTEXT() REPRESENTATION_CONTEXT('2D SPACE',''
  ) );
#6686 = ORIENTED_EDGE('',*,*,#6637,.F.);
#6687 = ADVANCED_FACE('',(#6688),#6620,.T.);
#6688 = FACE_BOUND('',#6689,.T.);
#6689 = EDGE_LOOP('',(#6690,#6691,#6714,#6741));
#6690 = ORIENTED_EDGE('',*,*,#6605,.T.);
#6691 = ORIENTED_EDGE('',*,*,#6692,.T.);
#6692 = EDGE_CURVE('',#6583,#6693,#6695,.T.);
#6693 = VERTEX_POINT('',#6694);
#6694 = CARTESIAN_POINT('',(31.136499154465,0.,778.36666666666));
#6695 = SEAM_CURVE('',#6696,(#6700,#6707),.PCURVE_S1.);
#6696 = LINE('',#6697,#6698);
#6697 = CARTESIAN_POINT('',(31.833129564772,0.,775.));
#6698 = VECTOR('',#6699,1.);
#6699 = DIRECTION('',(-0.202627551779,0.,0.979255878338));
#6700 = PCURVE('',#6620,#6701);
#6701 = DEFINITIONAL_REPRESENTATION('',(#6702),#6706);
#6702 = LINE('',#6703,#6704);
#6703 = CARTESIAN_POINT('',(-0.,-0.));
#6704 = VECTOR('',#6705,1.);
#6705 = DIRECTION('',(-0.,-1.));
#6706 = ( GEOMETRIC_REPRESENTATION_CONTEXT(2) 
PARAMETRIC_REPRESENTATION_CONTEXT() REPRESENTATION_CONTEXT('2D SPACE',''
  ) );
#6707 = PCURVE('',#6620,#6708);
#6708 = DEFINITIONAL_REPRESENTATION('',(#6709),#6713);
#6709 = LINE('',#6710,#6711);
#6710 = CARTESIAN_POINT('',(-6.28318530718,-0.));
#6711 = VECTOR('',#6712,1.);
#6712 = DIRECTION('',(-0.,-1.));
#6713 = ( GEOMETRIC_REPRESENTATION_CONTEXT(2) 
PARAMETRIC_REPRESENTATION_CONTEXT() REPRESENTATION_CONTEXT('2D SPACE',''
  ) );
#6714 = ORIENTED_EDGE('',*,*,#6715,.F.);
#6715 = EDGE_CURVE('',#6693,#6693,#6716,.T.);
#6716 = SURFACE_CURVE('',#6717,(#6722,#6729),.PCURVE_S1.);
#6717 = CIRCLE('',#6718,31.136499154465);
#6718 = AXIS2_PLACEMENT_3D('',#6719,#6720,#6721);
#6719 = CARTESIAN_POINT('',(0.,0.,778.36666666666));
#6720 = DIRECTION('',(0.,0.,1.));
#6721 = DIRECTION('',(1.,0.,-0.));
#6722 = PCURVE('',#6620,#6723);
#6723 = DEFINITIONAL_REPRESENTATION('',(#6724),#6728);
#6724 = LINE('',#6725,#6726);
#6725 = CARTESIAN_POINT('',(-0.,-3.366666666667));
#6726 = VECTOR('',#6727,1.);
#6727 = DIRECTION('',(-1.,-0.));
#6728 = ( GEOMETRIC_REPRESENTATION_CONTEXT(2) 
PARAMETRIC_REPRESENTATION_CONTEXT() REPRESENTATION_CONTEXT('2D SPACE',''
  ) );
#6729 = PCURVE('',#6730,#6735);
#6730 = CONICAL_SURFACE('',#6731,31.136499154465,0.210829476309);
#6731 = AXIS2_PLACEMENT_3D('',#6732,#6733,#6734);
#6732 = CARTESIAN_POINT('',(0.,0.,778.36666666666));
#6733 = DIRECTION('',(-0.,-0.,-1.));
#6734 = DIRECTION('',(1.,0.,-0.));
#6735 = DEFINITIONAL_REPRESENTATION('',(#6736),#6740);
#6736 = LINE('',#6737,#6738);
#6737 = CARTESIAN_POINT('',(-0.,-0.));
#6738 = VECTOR('',#6739,1.);
#6739 = DIRECTION('',(-1.,-0.));
#6740 = ( GEOMETRIC_REPRESENTATION_CONTEXT(2) 
PARAMETRIC_REPRESENTATION_CONTEXT() REPRESENTATION_CONTEXT('2D SPACE',''
  ) );
#6741 = ORIENTED_EDGE('',*,*,#6692,.F.);
#6742 = ADVANCED_FACE('',(#6743),#6675,.F.);
#6743 = FACE_BOUND('',#6744,.F.);
#6744 = EDGE_LOOP('',(#6745,#6746,#6769,#6796));
#6745 = ORIENTED_EDGE('',*,*,#6660,.T.);
#6746 = ORIENTED_EDGE('',*,*,#6747,.T.);
#6747 = EDGE_CURVE('',#6638,#6748,#6750,.T.);
#6748 = VERTEX_POINT('',#6749);
#6749 = CARTESIAN_POINT('',(28.47152667039,0.,785.1));
#6750 = SEAM_CURVE('',#6751,(#6755,#6762),.PCURVE_S1.);
#6751 = LINE('',#6752,#6753);
#6752 = CARTESIAN_POINT('',(29.21599963893,0.,781.73333333333));
#6753 = VECTOR('',#6754,1.);
#6754 = DIRECTION('',(-0.215914611601,0.,0.976412249256));
#6755 = PCURVE('',#6675,#6756);
#6756 = DEFINITIONAL_REPRESENTATION('',(#6757),#6761);
#6757 = LINE('',#6758,#6759);
#6758 = CARTESIAN_POINT('',(-0.,-0.));
#6759 = VECTOR('',#6760,1.);
#6760 = DIRECTION('',(-0.,-1.));
#6761 = ( GEOMETRIC_REPRESENTATION_CONTEXT(2) 
PARAMETRIC_REPRESENTATION_CONTEXT() REPRESENTATION_CONTEXT('2D SPACE',''
  ) );
#6762 = PCURVE('',#6675,#6763);
#6763 = DEFINITIONAL_REPRESENTATION('',(#6764),#6768);
#6764 = LINE('',#6765,#6766);
#6765 = CARTESIAN_POINT('',(-6.28318530718,-0.));
#6766 = VECTOR('',#6767,1.);
#6767 = DIRECTION('',(-0.,-1.));
#6768 = ( GEOMETRIC_REPRESENTATION_CONTEXT(2) 
PARAMETRIC_REPRESENTATION_CONTEXT() REPRESENTATION_CONTEXT('2D SPACE',''
  ) );
#6769 = ORIENTED_EDGE('',*,*,#6770,.F.);
#6770 = EDGE_CURVE('',#6748,#6748,#6771,.T.);
#6771 = SURFACE_CURVE('',#6772,(#6777,#6784),.PCURVE_S1.);
#6772 = CIRCLE('',#6773,28.47152667039);
#6773 = AXIS2_PLACEMENT_3D('',#6774,#6775,#6776);
#6774 = CARTESIAN_POINT('',(0.,0.,785.1));
#6775 = DIRECTION('',(0.,0.,1.));
#6776 = DIRECTION('',(1.,0.,-0.));
#6777 = PCURVE('',#6675,#6778);
#6778 = DEFINITIONAL_REPRESENTATION('',(#6779),#6783);
#6779 = LINE('',#6780,#6781);
#6780 = CARTESIAN_POINT('',(-0.,-3.366666666667));
#6781 = VECTOR('',#6782,1.);
#6782 = DIRECTION('',(-1.,-0.));
#6783 = ( GEOMETRIC_REPRESENTATION_CONTEXT(2) 
PARAMETRIC_REPRESENTATION_CONTEXT() REPRESENTATION_CONTEXT('2D SPACE',''
  ) );
#6784 = PCURVE('',#6785,#6790);
#6785 = CONICAL_SURFACE('',#6786,28.47152667039,0.224437640401);
#6786 = AXIS2_PLACEMENT_3D('',#6787,#6788,#6789);
#6787 = CARTESIAN_POINT('',(0.,0.,785.1));
#6788 = DIRECTION('',(-0.,-0.,-1.));
#6789 = DIRECTION('',(1.,0.,-0.));
#6790 = DEFINITIONAL_REPRESENTATION('',(#6791),#6795);
#6791 = LINE('',#6792,#6793);
#6792 = CARTESIAN_POINT('',(-0.,-0.));
#6793 = VECTOR('',#6794,1.);
#6794 = DIRECTION('',(-1.,-0.));
#6795 = ( GEOMETRIC_REPRESENTATION_CONTEXT(2) 
PARAMETRIC_REPRESENTATION_CONTEXT() REPRESENTATION_CONTEXT('2D SPACE',''
  ) );
#6796 = ORIENTED_EDGE('',*,*,#6747,.F.);
#6797 = ADVANCED_FACE('',(#6798),#6730,.T.);
#6798 = FACE_BOUND('',#6799,.T.);
#6799 = EDGE_LOOP('',(#6800,#6801,#6824,#6851));
#6800 = ORIENTED_EDGE('',*,*,#6715,.T.);
#6801 = ORIENTED_EDGE('',*,*,#6802,.T.);
#6802 = EDGE_CURVE('',#6693,#6803,#6805,.T.);
#6803 = VERTEX_POINT('',#6804);
#6804 = CARTESIAN_POINT('',(30.41599963893,0.,781.73333333333));
#6805 = SEAM_CURVE('',#6806,(#6810,#6817),.PCURVE_S1.);
#6806 = LINE('',#6807,#6808);
#6807 = CARTESIAN_POINT('',(31.136499154465,0.,778.36666666666));
#6808 = VECTOR('',#6809,1.);
#6809 = DIRECTION('',(-0.209271081513,0.,0.977857665738));
#6810 = PCURVE('',#6730,#6811);
#6811 = DEFINITIONAL_REPRESENTATION('',(#6812),#6816);
#6812 = LINE('',#6813,#6814);
#6813 = CARTESIAN_POINT('',(-0.,-0.));
#6814 = VECTOR('',#6815,1.);
#6815 = DIRECTION('',(-0.,-1.));
#6816 = ( GEOMETRIC_REPRESENTATION_CONTEXT(2) 
PARAMETRIC_REPRESENTATION_CONTEXT() REPRESENTATION_CONTEXT('2D SPACE',''
  ) );
#6817 = PCURVE('',#6730,#6818);
#6818 = DEFINITIONAL_REPRESENTATION('',(#6819),#6823);
#6819 = LINE('',#6820,#6821);
#6820 = CARTESIAN_POINT('',(-6.28318530718,-0.));
#6821 = VECTOR('',#6822,1.);
#6822 = DIRECTION('',(-0.,-1.));
#6823 = ( GEOMETRIC_REPRESENTATION_CONTEXT(2) 
PARAMETRIC_REPRESENTATION_CONTEXT() REPRESENTATION_CONTEXT('2D SPACE',''
  ) );
#6824 = ORIENTED_EDGE('',*,*,#6825,.F.);
#6825 = EDGE_CURVE('',#6803,#6803,#6826,.T.);
#6826 = SURFACE_CURVE('',#6827,(#6832,#6839),.PCURVE_S1.);
#6827 = CIRCLE('',#6828,30.41599963893);
#6828 = AXIS2_PLACEMENT_3D('',#6829,#6830,#6831);
#6829 = CARTESIAN_POINT('',(0.,0.,781.73333333333));
#6830 = DIRECTION('',(0.,0.,1.));
#6831 = DIRECTION('',(1.,0.,-0.));
#6832 = PCURVE('',#6730,#6833);
#6833 = DEFINITIONAL_REPRESENTATION('',(#6834),#6838);
#6834 = LINE('',#6835,#6836);
#6835 = CARTESIAN_POINT('',(-0.,-3.366666666667));
#6836 = VECTOR('',#6837,1.);
#6837 = DIRECTION('',(-1.,-0.));
#6838 = ( GEOMETRIC_REPRESENTATION_CONTEXT(2) 
PARAMETRIC_REPRESENTATION_CONTEXT() REPRESENTATION_CONTEXT('2D SPACE',''
  ) );
#6839 = PCURVE('',#6840,#6845);
#6840 = CONICAL_SURFACE('',#6841,30.41599963893,0.217628439385);
#6841 = AXIS2_PLACEMENT_3D('',#6842,#6843,#6844);
#6842 = CARTESIAN_POINT('',(0.,0.,781.73333333333));
#6843 = DIRECTION('',(-0.,-0.,-1.));
#6844 = DIRECTION('',(1.,0.,-0.));
#6845 = DEFINITIONAL_REPRESENTATION('',(#6846),#6850);
#6846 = LINE('',#6847,#6848);
#6847 = CARTESIAN_POINT('',(-0.,-0.));
#6848 = VECTOR('',#6849,1.);
#6849 = DIRECTION('',(-1.,-0.));
#6850 = ( GEOMETRIC_REPRESENTATION_CONTEXT(2) 
PARAMETRIC_REPRESENTATION_CONTEXT() REPRESENTATION_CONTEXT('2D SPACE',''
  ) );
#6851 = ORIENTED_EDGE('',*,*,#6802,.F.);
#6852 = ADVANCED_FACE('',(#6853),#6785,.F.);
#6853 = FACE_BOUND('',#6854,.F.);
#6854 = EDGE_LOOP('',(#6855,#6856,#6879,#6906));
#6855 = ORIENTED_EDGE('',*,*,#6770,.T.);
#6856 = ORIENTED_EDGE('',*,*,#6857,.T.);
#6857 = EDGE_CURVE('',#6748,#6858,#6860,.T.);
#6858 = VERTEX_POINT('',#6859);
#6859 = CARTESIAN_POINT('',(27.702971789117,0.,788.46666666666));
#6860 = SEAM_CURVE('',#6861,(#6865,#6872),.PCURVE_S1.);
#6861 = LINE('',#6862,#6863);
#6862 = CARTESIAN_POINT('',(28.47152667039,0.,785.1));
#6863 = VECTOR('',#6864,1.);
#6864 = DIRECTION('',(-0.222558142059,0.,0.974919418928));
#6865 = PCURVE('',#6785,#6866);
#6866 = DEFINITIONAL_REPRESENTATION('',(#6867),#6871);
#6867 = LINE('',#6868,#6869);
#6868 = CARTESIAN_POINT('',(-0.,-0.));
#6869 = VECTOR('',#6870,1.);
#6870 = DIRECTION('',(-0.,-1.));
#6871 = ( GEOMETRIC_REPRESENTATION_CONTEXT(2) 
PARAMETRIC_REPRESENTATION_CONTEXT() REPRESENTATION_CONTEXT('2D SPACE',''
  ) );
#6872 = PCURVE('',#6785,#6873);
#6873 = DEFINITIONAL_REPRESENTATION('',(#6874),#6878);
#6874 = LINE('',#6875,#6876);
#6875 = CARTESIAN_POINT('',(-6.28318530718,-0.));
#6876 = VECTOR('',#6877,1.);
#6877 = DIRECTION('',(-0.,-1.));
#6878 = ( GEOMETRIC_REPRESENTATION_CONTEXT(2) 
PARAMETRIC_REPRESENTATION_CONTEXT() REPRESENTATION_CONTEXT('2D SPACE',''
  ) );
#6879 = ORIENTED_EDGE('',*,*,#6880,.F.);
#6880 = EDGE_CURVE('',#6858,#6858,#6881,.T.);
#6881 = SURFACE_CURVE('',#6882,(#6887,#6894),.PCURVE_S1.);
#6882 = CIRCLE('',#6883,27.702971789117);
#6883 = AXIS2_PLACEMENT_3D('',#6884,#6885,#6886);
#6884 = CARTESIAN_POINT('',(0.,0.,788.46666666666));
#6885 = DIRECTION('',(0.,0.,1.));
#6886 = DIRECTION('',(1.,0.,-0.));
#6887 = PCURVE('',#6785,#6888);
#6888 = DEFINITIONAL_REPRESENTATION('',(#6889),#6893);
#6889 = LINE('',#6890,#6891);
#6890 = CARTESIAN_POINT('',(-0.,-3.366666666667));
#6891 = VECTOR('',#6892,1.);
#6892 = DIRECTION('',(-1.,-0.));
#6893 = ( GEOMETRIC_REPRESENTATION_CONTEXT(2) 
PARAMETRIC_REPRESENTATION_CONTEXT() REPRESENTATION_CONTEXT('2D SPACE',''
  ) );
#6894 = PCURVE('',#6895,#6900);
#6895 = CONICAL_SURFACE('',#6896,27.702971789117,0.231257442929);
#6896 = AXIS2_PLACEMENT_3D('',#6897,#6898,#6899);
#6897 = CARTESIAN_POINT('',(0.,0.,788.46666666666));
#6898 = DIRECTION('',(-0.,-0.,-1.));
#6899 = DIRECTION('',(1.,0.,-0.));
#6900 = DEFINITIONAL_REPRESENTATION('',(#6901),#6905);
#6901 = LINE('',#6902,#6903);
#6902 = CARTESIAN_POINT('',(-0.,-0.));
#6903 = VECTOR('',#6904,1.);
#6904 = DIRECTION('',(-1.,-0.));
#6905 = ( GEOMETRIC_REPRESENTATION_CONTEXT(2) 
PARAMETRIC_REPRESENTATION_CONTEXT() REPRESENTATION_CONTEXT('2D SPACE',''
  ) );
#6906 = ORIENTED_EDGE('',*,*,#6857,.F.);
#6907 = ADVANCED_FACE('',(#6908),#6840,.T.);
#6908 = FACE_BOUND('',#6909,.T.);
#6909 = EDGE_LOOP('',(#6910,#6911,#6934,#6961));
#6910 = ORIENTED_EDGE('',*,*,#6825,.T.);
#6911 = ORIENTED_EDGE('',*,*,#6912,.T.);
#6912 = EDGE_CURVE('',#6803,#6913,#6915,.T.);
#6913 = VERTEX_POINT('',#6914);
#6914 = CARTESIAN_POINT('',(29.67152667039,0.,785.1));
#6915 = SEAM_CURVE('',#6916,(#6920,#6927),.PCURVE_S1.);
#6916 = LINE('',#6917,#6918);
#6917 = CARTESIAN_POINT('',(30.41599963893,0.,781.73333333333));
#6918 = VECTOR('',#6919,1.);
#6919 = DIRECTION('',(-0.215914611601,0.,0.976412249256));
#6920 = PCURVE('',#6840,#6921);
#6921 = DEFINITIONAL_REPRESENTATION('',(#6922),#6926);
#6922 = LINE('',#6923,#6924);
#6923 = CARTESIAN_POINT('',(-0.,-0.));
#6924 = VECTOR('',#6925,1.);
#6925 = DIRECTION('',(-0.,-1.));
#6926 = ( GEOMETRIC_REPRESENTATION_CONTEXT(2) 
PARAMETRIC_REPRESENTATION_CONTEXT() REPRESENTATION_CONTEXT('2D SPACE',''
  ) );
#6927 = PCURVE('',#6840,#6928);
#6928 = DEFINITIONAL_REPRESENTATION('',(#6929),#6933);
#6929 = LINE('',#6930,#6931);
#6930 = CARTESIAN_POINT('',(-6.28318530718,-0.));
#6931 = VECTOR('',#6932,1.);
#6932 = DIRECTION('',(-0.,-1.));
#6933 = ( GEOMETRIC_REPRESENTATION_CONTEXT(2) 
PARAMETRIC_REPRESENTATION_CONTEXT() REPRESENTATION_CONTEXT('2D SPACE',''
  ) );
#6934 = ORIENTED_EDGE('',*,*,#6935,.F.);
#6935 = EDGE_CURVE('',#6913,#6913,#6936,.T.);
#6936 = SURFACE_CURVE('',#6937,(#6942,#6949),.PCURVE_S1.);
#6937 = CIRCLE('',#6938,29.67152667039);
#6938 = AXIS2_PLACEMENT_3D('',#6939,#6940,#6941);
#6939 = CARTESIAN_POINT('',(0.,0.,785.1));
#6940 = DIRECTION('',(0.,0.,1.));
#6941 = DIRECTION('',(1.,0.,-0.));
#6942 = PCURVE('',#6840,#6943);
#6943 = DEFINITIONAL_REPRESENTATION('',(#6944),#6948);
#6944 = LINE('',#6945,#6946);
#6945 = CARTESIAN_POINT('',(-0.,-3.366666666667));
#6946 = VECTOR('',#6947,1.);
#6947 = DIRECTION('',(-1.,-0.));
#6948 = ( GEOMETRIC_REPRESENTATION_CONTEXT(2) 
PARAMETRIC_REPRESENTATION_CONTEXT() REPRESENTATION_CONTEXT('2D SPACE',''
  ) );
#6949 = PCURVE('',#6950,#6955);
#6950 = CONICAL_SURFACE('',#6951,29.67152667039,0.224437640401);
#6951 = AXIS2_PLACEMENT_3D('',#6952,#6953,#6954);
#6952 = CARTESIAN_POINT('',(0.,0.,785.1));
#6953 = DIRECTION('',(-0.,-0.,-1.));
#6954 = DIRECTION('',(1.,0.,-0.));
#6955 = DEFINITIONAL_REPRESENTATION('',(#6956),#6960);
#6956 = LINE('',#6957,#6958);
#6957 = CARTESIAN_POINT('',(-0.,-0.));
#6958 = VECTOR('',#6959,1.);
#6959 = DIRECTION('',(-1.,-0.));
#6960 = ( GEOMETRIC_REPRESENTATION_CONTEXT(2) 
PARAMETRIC_REPRESENTATION_CONTEXT() REPRESENTATION_CONTEXT('2D SPACE',''
  ) );
#6961 = ORIENTED_EDGE('',*,*,#6912,.F.);
#6962 = ADVANCED_FACE('',(#6963),#6895,.F.);
#6963 = FACE_BOUND('',#6964,.F.);
#6964 = EDGE_LOOP('',(#6965,#6966,#6989,#7016));
#6965 = ORIENTED_EDGE('',*,*,#6880,.T.);
#6966 = ORIENTED_EDGE('',*,*,#6967,.T.);
#6967 = EDGE_CURVE('',#6858,#6968,#6970,.T.);
#6968 = VERTEX_POINT('',#6969);
#6969 = CARTESIAN_POINT('',(26.910222339506,0.,791.83333333333));
#6970 = SEAM_CURVE('',#6971,(#6975,#6982),.PCURVE_S1.);
#6971 = LINE('',#6972,#6973);
#6972 = CARTESIAN_POINT('',(27.702971789117,0.,788.46666666666));
#6973 = VECTOR('',#6974,1.);
#6974 = DIRECTION('',(-0.229201672902,0.,0.973378956593));
#6975 = PCURVE('',#6895,#6976);
#6976 = DEFINITIONAL_REPRESENTATION('',(#6977),#6981);
#6977 = LINE('',#6978,#6979);
#6978 = CARTESIAN_POINT('',(-0.,-0.));
#6979 = VECTOR('',#6980,1.);
#6980 = DIRECTION('',(-0.,-1.));
#6981 = ( GEOMETRIC_REPRESENTATION_CONTEXT(2) 
PARAMETRIC_REPRESENTATION_CONTEXT() REPRESENTATION_CONTEXT('2D SPACE',''
  ) );
#6982 = PCURVE('',#6895,#6983);
#6983 = DEFINITIONAL_REPRESENTATION('',(#6984),#6988);
#6984 = LINE('',#6985,#6986);
#6985 = CARTESIAN_POINT('',(-6.28318530718,-0.));
#6986 = VECTOR('',#6987,1.);
#6987 = DIRECTION('',(-0.,-1.));
#6988 = ( GEOMETRIC_REPRESENTATION_CONTEXT(2) 
PARAMETRIC_REPRESENTATION_CONTEXT() REPRESENTATION_CONTEXT('2D SPACE',''
  ) );
#6989 = ORIENTED_EDGE('',*,*,#6990,.F.);
#6990 = EDGE_CURVE('',#6968,#6968,#6991,.T.);
#6991 = SURFACE_CURVE('',#6992,(#6997,#7004),.PCURVE_S1.);
#6992 = CIRCLE('',#6993,26.910222339506);
#6993 = AXIS2_PLACEMENT_3D('',#6994,#6995,#6996);
#6994 = CARTESIAN_POINT('',(0.,0.,791.83333333333));
#6995 = DIRECTION('',(0.,0.,1.));
#6996 = DIRECTION('',(1.,0.,-0.));
#6997 = PCURVE('',#6895,#6998);
#6998 = DEFINITIONAL_REPRESENTATION('',(#6999),#7003);
#6999 = LINE('',#7000,#7001);
#7000 = CARTESIAN_POINT('',(-0.,-3.366666666667));
#7001 = VECTOR('',#7002,1.);
#7002 = DIRECTION('',(-1.,-0.));
#7003 = ( GEOMETRIC_REPRESENTATION_CONTEXT(2) 
PARAMETRIC_REPRESENTATION_CONTEXT() REPRESENTATION_CONTEXT('2D SPACE',''
  ) );
#7004 = PCURVE('',#7005,#7010);
#7005 = CONICAL_SURFACE('',#7006,26.910222339506,0.23808821536);
#7006 = AXIS2_PLACEMENT_3D('',#7007,#7008,#7009);
#7007 = CARTESIAN_POINT('',(0.,0.,791.83333333333));
#7008 = DIRECTION('',(-0.,-0.,-1.));
#7009 = DIRECTION('',(1.,0.,-0.));
#7010 = DEFINITIONAL_REPRESENTATION('',(#7011),#7015);
#7011 = LINE('',#7012,#7013);
#7012 = CARTESIAN_POINT('',(-0.,-0.));
#7013 = VECTOR('',#7014,1.);
#7014 = DIRECTION('',(-1.,-0.));
#7015 = ( GEOMETRIC_REPRESENTATION_CONTEXT(2) 
PARAMETRIC_REPRESENTATION_CONTEXT() REPRESENTATION_CONTEXT('2D SPACE',''
  ) );
#7016 = ORIENTED_EDGE('',*,*,#6967,.F.);
#7017 = ADVANCED_FACE('',(#7018),#6950,.T.);
#7018 = FACE_BOUND('',#7019,.T.);
#7019 = EDGE_LOOP('',(#7020,#7021,#7044,#7071));
#7020 = ORIENTED_EDGE('',*,*,#6935,.T.);
#7021 = ORIENTED_EDGE('',*,*,#7022,.T.);
#7022 = EDGE_CURVE('',#6913,#7023,#7025,.T.);
#7023 = VERTEX_POINT('',#7024);
#7024 = CARTESIAN_POINT('',(28.902971789117,0.,788.46666666666));
#7025 = SEAM_CURVE('',#7026,(#7030,#7037),.PCURVE_S1.);
#7026 = LINE('',#7027,#7028);
#7027 = CARTESIAN_POINT('',(29.67152667039,0.,785.1));
#7028 = VECTOR('',#7029,1.);
#7029 = DIRECTION('',(-0.222558142059,0.,0.974919418928));
#7030 = PCURVE('',#6950,#7031);
#7031 = DEFINITIONAL_REPRESENTATION('',(#7032),#7036);
#7032 = LINE('',#7033,#7034);
#7033 = CARTESIAN_POINT('',(-0.,-0.));
#7034 = VECTOR('',#7035,1.);
#7035 = DIRECTION('',(-0.,-1.));
#7036 = ( GEOMETRIC_REPRESENTATION_CONTEXT(2) 
PARAMETRIC_REPRESENTATION_CONTEXT() REPRESENTATION_CONTEXT('2D SPACE',''
  ) );
#7037 = PCURVE('',#6950,#7038);
#7038 = DEFINITIONAL_REPRESENTATION('',(#7039),#7043);
#7039 = LINE('',#7040,#7041);
#7040 = CARTESIAN_POINT('',(-6.28318530718,-0.));
#7041 = VECTOR('',#7042,1.);
#7042 = DIRECTION('',(-0.,-1.));
#7043 = ( GEOMETRIC_REPRESENTATION_CONTEXT(2) 
PARAMETRIC_REPRESENTATION_CONTEXT() REPRESENTATION_CONTEXT('2D SPACE',''
  ) );
#7044 = ORIENTED_EDGE('',*,*,#7045,.F.);
#7045 = EDGE_CURVE('',#7023,#7023,#7046,.T.);
#7046 = SURFACE_CURVE('',#7047,(#7052,#7059),.PCURVE_S1.);
#7047 = CIRCLE('',#7048,28.902971789117);
#7048 = AXIS2_PLACEMENT_3D('',#7049,#7050,#7051);
#7049 = CARTESIAN_POINT('',(0.,0.,788.46666666666));
#7050 = DIRECTION('',(0.,0.,1.));
#7051 = DIRECTION('',(1.,0.,-0.));
#7052 = PCURVE('',#6950,#7053);
#7053 = DEFINITIONAL_REPRESENTATION('',(#7054),#7058);
#7054 = LINE('',#7055,#7056);
#7055 = CARTESIAN_POINT('',(-0.,-3.366666666667));
#7056 = VECTOR('',#7057,1.);
#7057 = DIRECTION('',(-1.,-0.));
#7058 = ( GEOMETRIC_REPRESENTATION_CONTEXT(2) 
PARAMETRIC_REPRESENTATION_CONTEXT() REPRESENTATION_CONTEXT('2D SPACE',''
  ) );
#7059 = PCURVE('',#7060,#7065);
#7060 = CONICAL_SURFACE('',#7061,28.902971789117,0.231257442929);
#7061 = AXIS2_PLACEMENT_3D('',#7062,#7063,#7064);
#7062 = CARTESIAN_POINT('',(0.,0.,788.46666666666));
#7063 = DIRECTION('',(-0.,-0.,-1.));
#7064 = DIRECTION('',(1.,0.,-0.));
#7065 = DEFINITIONAL_REPRESENTATION('',(#7066),#7070);
#7066 = LINE('',#7067,#7068);
#7067 = CARTESIAN_POINT('',(-0.,-0.));
#7068 = VECTOR('',#7069,1.);
#7069 = DIRECTION('',(-1.,-0.));
#7070 = ( GEOMETRIC_REPRESENTATION_CONTEXT(2) 
PARAMETRIC_REPRESENTATION_CONTEXT() REPRESENTATION_CONTEXT('2D SPACE',''
  ) );
#7071 = ORIENTED_EDGE('',*,*,#7022,.F.);
#7072 = ADVANCED_FACE('',(#7073),#7005,.F.);
#7073 = FACE_BOUND('',#7074,.F.);
#7074 = EDGE_LOOP('',(#7075,#7076,#7099,#7126));
#7075 = ORIENTED_EDGE('',*,*,#6990,.T.);
#7076 = ORIENTED_EDGE('',*,*,#7077,.T.);
#7077 = EDGE_CURVE('',#6968,#7078,#7080,.T.);
#7078 = VERTEX_POINT('',#7079);
#7079 = CARTESIAN_POINT('',(26.093161382032,0.,795.2));
#7080 = SEAM_CURVE('',#7081,(#7085,#7092),.PCURVE_S1.);
#7081 = LINE('',#7082,#7083);
#7082 = CARTESIAN_POINT('',(26.910222339506,0.,791.83333333333));
#7083 = VECTOR('',#7084,1.);
#7084 = DIRECTION('',(-0.235845204145,0.,0.971790635724));
#7085 = PCURVE('',#7005,#7086);
#7086 = DEFINITIONAL_REPRESENTATION('',(#7087),#7091);
#7087 = LINE('',#7088,#7089);
#7088 = CARTESIAN_POINT('',(-0.,-0.));
#7089 = VECTOR('',#7090,1.);
#7090 = DIRECTION('',(-0.,-1.));
#7091 = ( GEOMETRIC_REPRESENTATION_CONTEXT(2) 
PARAMETRIC_REPRESENTATION_CONTEXT() REPRESENTATION_CONTEXT('2D SPACE',''
  ) );
#7092 = PCURVE('',#7005,#7093);
#7093 = DEFINITIONAL_REPRESENTATION('',(#7094),#7098);
#7094 = LINE('',#7095,#7096);
#7095 = CARTESIAN_POINT('',(-6.28318530718,-0.));
#7096 = VECTOR('',#7097,1.);
#7097 = DIRECTION('',(-0.,-1.));
#7098 = ( GEOMETRIC_REPRESENTATION_CONTEXT(2) 
PARAMETRIC_REPRESENTATION_CONTEXT() REPRESENTATION_CONTEXT('2D SPACE',''
  ) );
#7099 = ORIENTED_EDGE('',*,*,#7100,.F.);
#7100 = EDGE_CURVE('',#7078,#7078,#7101,.T.);
#7101 = SURFACE_CURVE('',#7102,(#7107,#7114),.PCURVE_S1.);
#7102 = CIRCLE('',#7103,26.093161382032);
#7103 = AXIS2_PLACEMENT_3D('',#7104,#7105,#7106);
#7104 = CARTESIAN_POINT('',(0.,0.,795.2));
#7105 = DIRECTION('',(0.,0.,1.));
#7106 = DIRECTION('',(1.,0.,-0.));
#7107 = PCURVE('',#7005,#7108);
#7108 = DEFINITIONAL_REPRESENTATION('',(#7109),#7113);
#7109 = LINE('',#7110,#7111);
#7110 = CARTESIAN_POINT('',(-0.,-3.366666666667));
#7111 = VECTOR('',#7112,1.);
#7112 = DIRECTION('',(-1.,-0.));
#7113 = ( GEOMETRIC_REPRESENTATION_CONTEXT(2) 
PARAMETRIC_REPRESENTATION_CONTEXT() REPRESENTATION_CONTEXT('2D SPACE',''
  ) );
#7114 = PCURVE('',#7115,#7120);
#7115 = CONICAL_SURFACE('',#7116,26.093161382032,0.244930331106);
#7116 = AXIS2_PLACEMENT_3D('',#7117,#7118,#7119);
#7117 = CARTESIAN_POINT('',(0.,0.,795.2));
#7118 = DIRECTION('',(-0.,-0.,-1.));
#7119 = DIRECTION('',(1.,0.,-0.));
#7120 = DEFINITIONAL_REPRESENTATION('',(#7121),#7125);
#7121 = LINE('',#7122,#7123);
#7122 = CARTESIAN_POINT('',(-0.,-0.));
#7123 = VECTOR('',#7124,1.);
#7124 = DIRECTION('',(-1.,-0.));
#7125 = ( GEOMETRIC_REPRESENTATION_CONTEXT(2) 
PARAMETRIC_REPRESENTATION_CONTEXT() REPRESENTATION_CONTEXT('2D SPACE',''
  ) );
#7126 = ORIENTED_EDGE('',*,*,#7077,.F.);
#7127 = ADVANCED_FACE('',(#7128),#7060,.T.);
#7128 = FACE_BOUND('',#7129,.T.);
#7129 = EDGE_LOOP('',(#7130,#7131,#7154,#7181));
#7130 = ORIENTED_EDGE('',*,*,#7045,.T.);
#7131 = ORIENTED_EDGE('',*,*,#7132,.T.);
#7132 = EDGE_CURVE('',#7023,#7133,#7135,.T.);
#7133 = VERTEX_POINT('',#7134);
#7134 = CARTESIAN_POINT('',(28.110222339506,0.,791.83333333333));
#7135 = SEAM_CURVE('',#7136,(#7140,#7147),.PCURVE_S1.);
#7136 = LINE('',#7137,#7138);
#7137 = CARTESIAN_POINT('',(28.902971789117,0.,788.46666666666));
#7138 = VECTOR('',#7139,1.);
#7139 = DIRECTION('',(-0.229201672902,0.,0.973378956593));
#7140 = PCURVE('',#7060,#7141);
#7141 = DEFINITIONAL_REPRESENTATION('',(#7142),#7146);
#7142 = LINE('',#7143,#7144);
#7143 = CARTESIAN_POINT('',(-0.,-0.));
#7144 = VECTOR('',#7145,1.);
#7145 = DIRECTION('',(-0.,-1.));
#7146 = ( GEOMETRIC_REPRESENTATION_CONTEXT(2) 
PARAMETRIC_REPRESENTATION_CONTEXT() REPRESENTATION_CONTEXT('2D SPACE',''
  ) );
#7147 = PCURVE('',#7060,#7148);
#7148 = DEFINITIONAL_REPRESENTATION('',(#7149),#7153);
#7149 = LINE('',#7150,#7151);
#7150 = CARTESIAN_POINT('',(-6.28318530718,-0.));
#7151 = VECTOR('',#7152,1.);
#7152 = DIRECTION('',(-0.,-1.));
#7153 = ( GEOMETRIC_REPRESENTATION_CONTEXT(2) 
PARAMETRIC_REPRESENTATION_CONTEXT() REPRESENTATION_CONTEXT('2D SPACE',''
  ) );
#7154 = ORIENTED_EDGE('',*,*,#7155,.F.);
#7155 = EDGE_CURVE('',#7133,#7133,#7156,.T.);
#7156 = SURFACE_CURVE('',#7157,(#7162,#7169),.PCURVE_S1.);
#7157 = CIRCLE('',#7158,28.110222339506);
#7158 = AXIS2_PLACEMENT_3D('',#7159,#7160,#7161);
#7159 = CARTESIAN_POINT('',(0.,0.,791.83333333333));
#7160 = DIRECTION('',(0.,0.,1.));
#7161 = DIRECTION('',(1.,0.,-0.));
#7162 = PCURVE('',#7060,#7163);
#7163 = DEFINITIONAL_REPRESENTATION('',(#7164),#7168);
#7164 = LINE('',#7165,#7166);
#7165 = CARTESIAN_POINT('',(-0.,-3.366666666667));
#7166 = VECTOR('',#7167,1.);
#7167 = DIRECTION('',(-1.,-0.));
#7168 = ( GEOMETRIC_REPRESENTATION_CONTEXT(2) 
PARAMETRIC_REPRESENTATION_CONTEXT() REPRESENTATION_CONTEXT('2D SPACE',''
  ) );
#7169 = PCURVE('',#7170,#7175);
#7170 = CONICAL_SURFACE('',#7171,28.110222339506,0.23808821536);
#7171 = AXIS2_PLACEMENT_3D('',#7172,#7173,#7174);
#7172 = CARTESIAN_POINT('',(0.,0.,791.83333333333));
#7173 = DIRECTION('',(-0.,-0.,-1.));
#7174 = DIRECTION('',(1.,0.,-0.));
#7175 = DEFINITIONAL_REPRESENTATION('',(#7176),#7180);
#7176 = LINE('',#7177,#7178);
#7177 = CARTESIAN_POINT('',(-0.,-0.));
#7178 = VECTOR('',#7179,1.);
#7179 = DIRECTION('',(-1.,-0.));
#7180 = ( GEOMETRIC_REPRESENTATION_CONTEXT(2) 
PARAMETRIC_REPRESENTATION_CONTEXT() REPRESENTATION_CONTEXT('2D SPACE',''
  ) );
#7181 = ORIENTED_EDGE('',*,*,#7132,.F.);
#7182 = ADVANCED_FACE('',(#7183),#7115,.F.);
#7183 = FACE_BOUND('',#7184,.F.);
#7184 = EDGE_LOOP('',(#7185,#7186,#7209,#7236));
#7185 = ORIENTED_EDGE('',*,*,#7100,.T.);
#7186 = ORIENTED_EDGE('',*,*,#7187,.T.);
#7187 = EDGE_CURVE('',#7078,#7188,#7190,.T.);
#7188 = VERTEX_POINT('',#7189);
#7189 = CARTESIAN_POINT('',(25.251667600942,0.,798.56666666666));
#7190 = SEAM_CURVE('',#7191,(#7195,#7202),.PCURVE_S1.);
#7191 = LINE('',#7192,#7193);
#7192 = CARTESIAN_POINT('',(26.093161382032,0.,795.2));
#7193 = VECTOR('',#7194,1.);
#7194 = DIRECTION('',(-0.242488735806,0.,0.970154221249));
#7195 = PCURVE('',#7115,#7196);
#7196 = DEFINITIONAL_REPRESENTATION('',(#7197),#7201);
#7197 = LINE('',#7198,#7199);
#7198 = CARTESIAN_POINT('',(-0.,-0.));
#7199 = VECTOR('',#7200,1.);
#7200 = DIRECTION('',(-0.,-1.));
#7201 = ( GEOMETRIC_REPRESENTATION_CONTEXT(2) 
PARAMETRIC_REPRESENTATION_CONTEXT() REPRESENTATION_CONTEXT('2D SPACE',''
  ) );
#7202 = PCURVE('',#7115,#7203);
#7203 = DEFINITIONAL_REPRESENTATION('',(#7204),#7208);
#7204 = LINE('',#7205,#7206);
#7205 = CARTESIAN_POINT('',(-6.28318530718,-0.));
#7206 = VECTOR('',#7207,1.);
#7207 = DIRECTION('',(-0.,-1.));
#7208 = ( GEOMETRIC_REPRESENTATION_CONTEXT(2) 
PARAMETRIC_REPRESENTATION_CONTEXT() REPRESENTATION_CONTEXT('2D SPACE',''
  ) );
#7209 = ORIENTED_EDGE('',*,*,#7210,.F.);
#7210 = EDGE_CURVE('',#7188,#7188,#7211,.T.);
#7211 = SURFACE_CURVE('',#7212,(#7217,#7224),.PCURVE_S1.);
#7212 = CIRCLE('',#7213,25.251667600942);
#7213 = AXIS2_PLACEMENT_3D('',#7214,#7215,#7216);
#7214 = CARTESIAN_POINT('',(0.,0.,798.56666666666));
#7215 = DIRECTION('',(0.,0.,1.));
#7216 = DIRECTION('',(1.,0.,-0.));
#7217 = PCURVE('',#7115,#7218);
#7218 = DEFINITIONAL_REPRESENTATION('',(#7219),#7223);
#7219 = LINE('',#7220,#7221);
#7220 = CARTESIAN_POINT('',(-0.,-3.366666666667));
#7221 = VECTOR('',#7222,1.);
#7222 = DIRECTION('',(-1.,-0.));
#7223 = ( GEOMETRIC_REPRESENTATION_CONTEXT(2) 
PARAMETRIC_REPRESENTATION_CONTEXT() REPRESENTATION_CONTEXT('2D SPACE',''
  ) );
#7224 = PCURVE('',#7225,#7230);
#7225 = CONICAL_SURFACE('',#7226,25.251667600942,0.251784168825);
#7226 = AXIS2_PLACEMENT_3D('',#7227,#7228,#7229);
#7227 = CARTESIAN_POINT('',(0.,0.,798.56666666666));
#7228 = DIRECTION('',(-0.,-0.,-1.));
#7229 = DIRECTION('',(1.,0.,-0.));
#7230 = DEFINITIONAL_REPRESENTATION('',(#7231),#7235);
#7231 = LINE('',#7232,#7233);
#7232 = CARTESIAN_POINT('',(-0.,-0.));
#7233 = VECTOR('',#7234,1.);
#7234 = DIRECTION('',(-1.,-0.));
#7235 = ( GEOMETRIC_REPRESENTATION_CONTEXT(2) 
PARAMETRIC_REPRESENTATION_CONTEXT() REPRESENTATION_CONTEXT('2D SPACE',''
  ) );
#7236 = ORIENTED_EDGE('',*,*,#7187,.F.);
#7237 = ADVANCED_FACE('',(#7238),#7170,.T.);
#7238 = FACE_BOUND('',#7239,.T.);
#7239 = EDGE_LOOP('',(#7240,#7241,#7264,#7291));
#7240 = ORIENTED_EDGE('',*,*,#7155,.T.);
#7241 = ORIENTED_EDGE('',*,*,#7242,.T.);
#7242 = EDGE_CURVE('',#7133,#7243,#7245,.T.);
#7243 = VERTEX_POINT('',#7244);
#7244 = CARTESIAN_POINT('',(27.293161382032,0.,795.2));
#7245 = SEAM_CURVE('',#7246,(#7250,#7257),.PCURVE_S1.);
#7246 = LINE('',#7247,#7248);
#7247 = CARTESIAN_POINT('',(28.110222339506,0.,791.83333333333));
#7248 = VECTOR('',#7249,1.);
#7249 = DIRECTION('',(-0.235845204145,0.,0.971790635724));
#7250 = PCURVE('',#7170,#7251);
#7251 = DEFINITIONAL_REPRESENTATION('',(#7252),#7256);
#7252 = LINE('',#7253,#7254);
#7253 = CARTESIAN_POINT('',(-0.,-0.));
#7254 = VECTOR('',#7255,1.);
#7255 = DIRECTION('',(-0.,-1.));
#7256 = ( GEOMETRIC_REPRESENTATION_CONTEXT(2) 
PARAMETRIC_REPRESENTATION_CONTEXT() REPRESENTATION_CONTEXT('2D SPACE',''
  ) );
#7257 = PCURVE('',#7170,#7258);
#7258 = DEFINITIONAL_REPRESENTATION('',(#7259),#7263);
#7259 = LINE('',#7260,#7261);
#7260 = CARTESIAN_POINT('',(-6.28318530718,-0.));
#7261 = VECTOR('',#7262,1.);
#7262 = DIRECTION('',(-0.,-1.));
#7263 = ( GEOMETRIC_REPRESENTATION_CONTEXT(2) 
PARAMETRIC_REPRESENTATION_CONTEXT() REPRESENTATION_CONTEXT('2D SPACE',''
  ) );
#7264 = ORIENTED_EDGE('',*,*,#7265,.F.);
#7265 = EDGE_CURVE('',#7243,#7243,#7266,.T.);
#7266 = SURFACE_CURVE('',#7267,(#7272,#7279),.PCURVE_S1.);
#7267 = CIRCLE('',#7268,27.293161382032);
#7268 = AXIS2_PLACEMENT_3D('',#7269,#7270,#7271);
#7269 = CARTESIAN_POINT('',(0.,0.,795.2));
#7270 = DIRECTION('',(0.,0.,1.));
#7271 = DIRECTION('',(1.,0.,-0.));
#7272 = PCURVE('',#7170,#7273);
#7273 = DEFINITIONAL_REPRESENTATION('',(#7274),#7278);
#7274 = LINE('',#7275,#7276);
#7275 = CARTESIAN_POINT('',(-0.,-3.366666666667));
#7276 = VECTOR('',#7277,1.);
#7277 = DIRECTION('',(-1.,-0.));
#7278 = ( GEOMETRIC_REPRESENTATION_CONTEXT(2) 
PARAMETRIC_REPRESENTATION_CONTEXT() REPRESENTATION_CONTEXT('2D SPACE',''
  ) );
#7279 = PCURVE('',#7280,#7285);
#7280 = CONICAL_SURFACE('',#7281,27.293161382032,0.244930331106);
#7281 = AXIS2_PLACEMENT_3D('',#7282,#7283,#7284);
#7282 = CARTESIAN_POINT('',(0.,0.,795.2));
#7283 = DIRECTION('',(-0.,-0.,-1.));
#7284 = DIRECTION('',(1.,0.,-0.));
#7285 = DEFINITIONAL_REPRESENTATION('',(#7286),#7290);
#7286 = LINE('',#7287,#7288);
#7287 = CARTESIAN_POINT('',(-0.,-0.));
#7288 = VECTOR('',#7289,1.);
#7289 = DIRECTION('',(-1.,-0.));
#7290 = ( GEOMETRIC_REPRESENTATION_CONTEXT(2) 
PARAMETRIC_REPRESENTATION_CONTEXT() REPRESENTATION_CONTEXT('2D SPACE',''
  ) );
#7291 = ORIENTED_EDGE('',*,*,#7242,.F.);
#7292 = ADVANCED_FACE('',(#7293),#7225,.F.);
#7293 = FACE_BOUND('',#7294,.F.);
#7294 = EDGE_LOOP('',(#7295,#7296,#7319,#7346));
#7295 = ORIENTED_EDGE('',*,*,#7210,.T.);
#7296 = ORIENTED_EDGE('',*,*,#7297,.T.);
#7297 = EDGE_CURVE('',#7188,#7298,#7300,.T.);
#7298 = VERTEX_POINT('',#7299);
#7299 = CARTESIAN_POINT('',(24.38561520749,0.,801.93333333333));
#7300 = SEAM_CURVE('',#7301,(#7305,#7312),.PCURVE_S1.);
#7301 = LINE('',#7302,#7303);
#7302 = CARTESIAN_POINT('',(25.251667600942,0.,798.56666666666));
#7303 = VECTOR('',#7304,1.);
#7304 = DIRECTION('',(-0.249132267899,0.,0.968469469365));
#7305 = PCURVE('',#7225,#7306);
#7306 = DEFINITIONAL_REPRESENTATION('',(#7307),#7311);
#7307 = LINE('',#7308,#7309);
#7308 = CARTESIAN_POINT('',(-0.,-0.));
#7309 = VECTOR('',#7310,1.);
#7310 = DIRECTION('',(-0.,-1.));
#7311 = ( GEOMETRIC_REPRESENTATION_CONTEXT(2) 
PARAMETRIC_REPRESENTATION_CONTEXT() REPRESENTATION_CONTEXT('2D SPACE',''
  ) );
#7312 = PCURVE('',#7225,#7313);
#7313 = DEFINITIONAL_REPRESENTATION('',(#7314),#7318);
#7314 = LINE('',#7315,#7316);
#7315 = CARTESIAN_POINT('',(-6.28318530718,-0.));
#7316 = VECTOR('',#7317,1.);
#7317 = DIRECTION('',(-0.,-1.));
#7318 = ( GEOMETRIC_REPRESENTATION_CONTEXT(2) 
PARAMETRIC_REPRESENTATION_CONTEXT() REPRESENTATION_CONTEXT('2D SPACE',''
  ) );
#7319 = ORIENTED_EDGE('',*,*,#7320,.F.);
#7320 = EDGE_CURVE('',#7298,#7298,#7321,.T.);
#7321 = SURFACE_CURVE('',#7322,(#7327,#7334),.PCURVE_S1.);
#7322 = CIRCLE('',#7323,24.38561520749);
#7323 = AXIS2_PLACEMENT_3D('',#7324,#7325,#7326);
#7324 = CARTESIAN_POINT('',(0.,0.,801.93333333333));
#7325 = DIRECTION('',(0.,0.,1.));
#7326 = DIRECTION('',(1.,0.,-0.));
#7327 = PCURVE('',#7225,#7328);
#7328 = DEFINITIONAL_REPRESENTATION('',(#7329),#7333);
#7329 = LINE('',#7330,#7331);
#7330 = CARTESIAN_POINT('',(-0.,-3.366666666667));
#7331 = VECTOR('',#7332,1.);
#7332 = DIRECTION('',(-1.,-0.));
#7333 = ( GEOMETRIC_REPRESENTATION_CONTEXT(2) 
PARAMETRIC_REPRESENTATION_CONTEXT() REPRESENTATION_CONTEXT('2D SPACE',''
  ) );
#7334 = PCURVE('',#7335,#7340);
#7335 = CONICAL_SURFACE('',#7336,24.38561520749,0.258650112637);
#7336 = AXIS2_PLACEMENT_3D('',#7337,#7338,#7339);
#7337 = CARTESIAN_POINT('',(0.,0.,801.93333333333));
#7338 = DIRECTION('',(-0.,-0.,-1.));
#7339 = DIRECTION('',(1.,0.,-0.));
#7340 = DEFINITIONAL_REPRESENTATION('',(#7341),#7345);
#7341 = LINE('',#7342,#7343);
#7342 = CARTESIAN_POINT('',(-0.,-0.));
#7343 = VECTOR('',#7344,1.);
#7344 = DIRECTION('',(-1.,-0.));
#7345 = ( GEOMETRIC_REPRESENTATION_CONTEXT(2) 
PARAMETRIC_REPRESENTATION_CONTEXT() REPRESENTATION_CONTEXT('2D SPACE',''
  ) );
#7346 = ORIENTED_EDGE('',*,*,#7297,.F.);
#7347 = ADVANCED_FACE('',(#7348),#7280,.T.);
#7348 = FACE_BOUND('',#7349,.T.);
#7349 = EDGE_LOOP('',(#7350,#7351,#7374,#7401));
#7350 = ORIENTED_EDGE('',*,*,#7265,.T.);
#7351 = ORIENTED_EDGE('',*,*,#7352,.T.);
#7352 = EDGE_CURVE('',#7243,#7353,#7355,.T.);
#7353 = VERTEX_POINT('',#7354);
#7354 = CARTESIAN_POINT('',(26.451667600942,0.,798.56666666666));
#7355 = SEAM_CURVE('',#7356,(#7360,#7367),.PCURVE_S1.);
#7356 = LINE('',#7357,#7358);
#7357 = CARTESIAN_POINT('',(27.293161382032,0.,795.2));
#7358 = VECTOR('',#7359,1.);
#7359 = DIRECTION('',(-0.242488735806,0.,0.970154221249));
#7360 = PCURVE('',#7280,#7361);
#7361 = DEFINITIONAL_REPRESENTATION('',(#7362),#7366);
#7362 = LINE('',#7363,#7364);
#7363 = CARTESIAN_POINT('',(-0.,-0.));
#7364 = VECTOR('',#7365,1.);
#7365 = DIRECTION('',(-0.,-1.));
#7366 = ( GEOMETRIC_REPRESENTATION_CONTEXT(2) 
PARAMETRIC_REPRESENTATION_CONTEXT() REPRESENTATION_CONTEXT('2D SPACE',''
  ) );
#7367 = PCURVE('',#7280,#7368);
#7368 = DEFINITIONAL_REPRESENTATION('',(#7369),#7373);
#7369 = LINE('',#7370,#7371);
#7370 = CARTESIAN_POINT('',(-6.28318530718,-0.));
#7371 = VECTOR('',#7372,1.);
#7372 = DIRECTION('',(-0.,-1.));
#7373 = ( GEOMETRIC_REPRESENTATION_CONTEXT(2) 
PARAMETRIC_REPRESENTATION_CONTEXT() REPRESENTATION_CONTEXT('2D SPACE',''
  ) );
#7374 = ORIENTED_EDGE('',*,*,#7375,.F.);
#7375 = EDGE_CURVE('',#7353,#7353,#7376,.T.);
#7376 = SURFACE_CURVE('',#7377,(#7382,#7389),.PCURVE_S1.);
#7377 = CIRCLE('',#7378,26.451667600942);
#7378 = AXIS2_PLACEMENT_3D('',#7379,#7380,#7381);
#7379 = CARTESIAN_POINT('',(0.,0.,798.56666666666));
#7380 = DIRECTION('',(0.,0.,1.));
#7381 = DIRECTION('',(1.,0.,-0.));
#7382 = PCURVE('',#7280,#7383);
#7383 = DEFINITIONAL_REPRESENTATION('',(#7384),#7388);
#7384 = LINE('',#7385,#7386);
#7385 = CARTESIAN_POINT('',(-0.,-3.366666666667));
#7386 = VECTOR('',#7387,1.);
#7387 = DIRECTION('',(-1.,-0.));
#7388 = ( GEOMETRIC_REPRESENTATION_CONTEXT(2) 
PARAMETRIC_REPRESENTATION_CONTEXT() REPRESENTATION_CONTEXT('2D SPACE',''
  ) );
#7389 = PCURVE('',#7390,#7395);
#7390 = CONICAL_SURFACE('',#7391,26.451667600942,0.251784168825);
#7391 = AXIS2_PLACEMENT_3D('',#7392,#7393,#7394);
#7392 = CARTESIAN_POINT('',(0.,0.,798.56666666666));
#7393 = DIRECTION('',(-0.,-0.,-1.));
#7394 = DIRECTION('',(1.,0.,-0.));
#7395 = DEFINITIONAL_REPRESENTATION('',(#7396),#7400);
#7396 = LINE('',#7397,#7398);
#7397 = CARTESIAN_POINT('',(-0.,-0.));
#7398 = VECTOR('',#7399,1.);
#7399 = DIRECTION('',(-1.,-0.));
#7400 = ( GEOMETRIC_REPRESENTATION_CONTEXT(2) 
PARAMETRIC_REPRESENTATION_CONTEXT() REPRESENTATION_CONTEXT('2D SPACE',''
  ) );
#7401 = ORIENTED_EDGE('',*,*,#7352,.F.);
#7402 = ADVANCED_FACE('',(#7403),#7335,.F.);
#7403 = FACE_BOUND('',#7404,.F.);
#7404 = EDGE_LOOP('',(#7405,#7406,#7429,#7456));
#7405 = ORIENTED_EDGE('',*,*,#7320,.T.);
#7406 = ORIENTED_EDGE('',*,*,#7407,.T.);
#7407 = EDGE_CURVE('',#7298,#7408,#7410,.T.);
#7408 = VERTEX_POINT('',#7409);
#7409 = CARTESIAN_POINT('',(23.494873838529,0.,805.3));
#7410 = SEAM_CURVE('',#7411,(#7415,#7422),.PCURVE_S1.);
#7411 = LINE('',#7412,#7413);
#7412 = CARTESIAN_POINT('',(24.38561520749,0.,801.93333333333));
#7413 = VECTOR('',#7414,1.);
#7414 = DIRECTION('',(-0.255775800443,0.,0.966736127342));
#7415 = PCURVE('',#7335,#7416);
#7416 = DEFINITIONAL_REPRESENTATION('',(#7417),#7421);
#7417 = LINE('',#7418,#7419);
#7418 = CARTESIAN_POINT('',(-0.,-0.));
#7419 = VECTOR('',#7420,1.);
#7420 = DIRECTION('',(-0.,-1.));
#7421 = ( GEOMETRIC_REPRESENTATION_CONTEXT(2) 
PARAMETRIC_REPRESENTATION_CONTEXT() REPRESENTATION_CONTEXT('2D SPACE',''
  ) );
#7422 = PCURVE('',#7335,#7423);
#7423 = DEFINITIONAL_REPRESENTATION('',(#7424),#7428);
#7424 = LINE('',#7425,#7426);
#7425 = CARTESIAN_POINT('',(-6.28318530718,-0.));
#7426 = VECTOR('',#7427,1.);
#7427 = DIRECTION('',(-0.,-1.));
#7428 = ( GEOMETRIC_REPRESENTATION_CONTEXT(2) 
PARAMETRIC_REPRESENTATION_CONTEXT() REPRESENTATION_CONTEXT('2D SPACE',''
  ) );
#7429 = ORIENTED_EDGE('',*,*,#7430,.F.);
#7430 = EDGE_CURVE('',#7408,#7408,#7431,.T.);
#7431 = SURFACE_CURVE('',#7432,(#7437,#7444),.PCURVE_S1.);
#7432 = CIRCLE('',#7433,23.494873838529);
#7433 = AXIS2_PLACEMENT_3D('',#7434,#7435,#7436);
#7434 = CARTESIAN_POINT('',(0.,0.,805.3));
#7435 = DIRECTION('',(0.,0.,1.));
#7436 = DIRECTION('',(1.,0.,-0.));
#7437 = PCURVE('',#7335,#7438);
#7438 = DEFINITIONAL_REPRESENTATION('',(#7439),#7443);
#7439 = LINE('',#7440,#7441);
#7440 = CARTESIAN_POINT('',(-0.,-3.366666666667));
#7441 = VECTOR('',#7442,1.);
#7442 = DIRECTION('',(-1.,-0.));
#7443 = ( GEOMETRIC_REPRESENTATION_CONTEXT(2) 
PARAMETRIC_REPRESENTATION_CONTEXT() REPRESENTATION_CONTEXT('2D SPACE',''
  ) );
#7444 = PCURVE('',#7445,#7450);
#7445 = CONICAL_SURFACE('',#7446,23.494873838529,0.265528552355);
#7446 = AXIS2_PLACEMENT_3D('',#7447,#7448,#7449);
#7447 = CARTESIAN_POINT('',(0.,0.,805.3));
#7448 = DIRECTION('',(-0.,-0.,-1.));
#7449 = DIRECTION('',(1.,0.,-0.));
#7450 = DEFINITIONAL_REPRESENTATION('',(#7451),#7455);
#7451 = LINE('',#7452,#7453);
#7452 = CARTESIAN_POINT('',(-0.,-0.));
#7453 = VECTOR('',#7454,1.);
#7454 = DIRECTION('',(-1.,-0.));
#7455 = ( GEOMETRIC_REPRESENTATION_CONTEXT(2) 
PARAMETRIC_REPRESENTATION_CONTEXT() REPRESENTATION_CONTEXT('2D SPACE',''
  ) );
#7456 = ORIENTED_EDGE('',*,*,#7407,.F.);
#7457 = ADVANCED_FACE('',(#7458),#7390,.T.);
#7458 = FACE_BOUND('',#7459,.T.);
#7459 = EDGE_LOOP('',(#7460,#7461,#7484,#7511));
#7460 = ORIENTED_EDGE('',*,*,#7375,.T.);
#7461 = ORIENTED_EDGE('',*,*,#7462,.T.);
#7462 = EDGE_CURVE('',#7353,#7463,#7465,.T.);
#7463 = VERTEX_POINT('',#7464);
#7464 = CARTESIAN_POINT('',(25.58561520749,0.,801.93333333333));
#7465 = SEAM_CURVE('',#7466,(#7470,#7477),.PCURVE_S1.);
#7466 = LINE('',#7467,#7468);
#7467 = CARTESIAN_POINT('',(26.451667600942,0.,798.56666666666));
#7468 = VECTOR('',#7469,1.);
#7469 = DIRECTION('',(-0.249132267899,0.,0.968469469365));
#7470 = PCURVE('',#7390,#7471);
#7471 = DEFINITIONAL_REPRESENTATION('',(#7472),#7476);
#7472 = LINE('',#7473,#7474);
#7473 = CARTESIAN_POINT('',(-0.,-0.));
#7474 = VECTOR('',#7475,1.);
#7475 = DIRECTION('',(-0.,-1.));
#7476 = ( GEOMETRIC_REPRESENTATION_CONTEXT(2) 
PARAMETRIC_REPRESENTATION_CONTEXT() REPRESENTATION_CONTEXT('2D SPACE',''
  ) );
#7477 = PCURVE('',#7390,#7478);
#7478 = DEFINITIONAL_REPRESENTATION('',(#7479),#7483);
#7479 = LINE('',#7480,#7481);
#7480 = CARTESIAN_POINT('',(-6.28318530718,-0.));
#7481 = VECTOR('',#7482,1.);
#7482 = DIRECTION('',(-0.,-1.));
#7483 = ( GEOMETRIC_REPRESENTATION_CONTEXT(2) 
PARAMETRIC_REPRESENTATION_CONTEXT() REPRESENTATION_CONTEXT('2D SPACE',''
  ) );
#7484 = ORIENTED_EDGE('',*,*,#7485,.F.);
#7485 = EDGE_CURVE('',#7463,#7463,#7486,.T.);
#7486 = SURFACE_CURVE('',#7487,(#7492,#7499),.PCURVE_S1.);
#7487 = CIRCLE('',#7488,25.58561520749);
#7488 = AXIS2_PLACEMENT_3D('',#7489,#7490,#7491);
#7489 = CARTESIAN_POINT('',(0.,0.,801.93333333333));
#7490 = DIRECTION('',(0.,0.,1.));
#7491 = DIRECTION('',(1.,0.,-0.));
#7492 = PCURVE('',#7390,#7493);
#7493 = DEFINITIONAL_REPRESENTATION('',(#7494),#7498);
#7494 = LINE('',#7495,#7496);
#7495 = CARTESIAN_POINT('',(-0.,-3.366666666667));
#7496 = VECTOR('',#7497,1.);
#7497 = DIRECTION('',(-1.,-0.));
#7498 = ( GEOMETRIC_REPRESENTATION_CONTEXT(2) 
PARAMETRIC_REPRESENTATION_CONTEXT() REPRESENTATION_CONTEXT('2D SPACE',''
  ) );
#7499 = PCURVE('',#7500,#7505);
#7500 = CONICAL_SURFACE('',#7501,25.58561520749,0.258650112637);
#7501 = AXIS2_PLACEMENT_3D('',#7502,#7503,#7504);
#7502 = CARTESIAN_POINT('',(0.,0.,801.93333333333));
#7503 = DIRECTION('',(-0.,-0.,-1.));
#7504 = DIRECTION('',(1.,0.,-0.));
#7505 = DEFINITIONAL_REPRESENTATION('',(#7506),#7510);
#7506 = LINE('',#7507,#7508);
#7507 = CARTESIAN_POINT('',(-0.,-0.));
#7508 = VECTOR('',#7509,1.);
#7509 = DIRECTION('',(-1.,-0.));
#7510 = ( GEOMETRIC_REPRESENTATION_CONTEXT(2) 
PARAMETRIC_REPRESENTATION_CONTEXT() REPRESENTATION_CONTEXT('2D SPACE',''
  ) );
#7511 = ORIENTED_EDGE('',*,*,#7462,.F.);
#7512 = ADVANCED_FACE('',(#7513),#7445,.F.);
#7513 = FACE_BOUND('',#7514,.F.);
#7514 = EDGE_LOOP('',(#7515,#7516,#7539,#7566));
#7515 = ORIENTED_EDGE('',*,*,#7430,.T.);
#7516 = ORIENTED_EDGE('',*,*,#7517,.T.);
#7517 = EDGE_CURVE('',#7408,#7518,#7520,.T.);
#7518 = VERTEX_POINT('',#7519);
#7519 = CARTESIAN_POINT('',(22.579308450249,0.,808.66666666666));
#7520 = SEAM_CURVE('',#7521,(#7525,#7532),.PCURVE_S1.);
#7521 = LINE('',#7522,#7523);
#7522 = CARTESIAN_POINT('',(23.494873838529,0.,805.3));
#7523 = VECTOR('',#7524,1.);
#7524 = DIRECTION('',(-0.262419333455,0.,0.96495393332));
#7525 = PCURVE('',#7445,#7526);
#7526 = DEFINITIONAL_REPRESENTATION('',(#7527),#7531);
#7527 = LINE('',#7528,#7529);
#7528 = CARTESIAN_POINT('',(-0.,-0.));
#7529 = VECTOR('',#7530,1.);
#7530 = DIRECTION('',(-0.,-1.));
#7531 = ( GEOMETRIC_REPRESENTATION_CONTEXT(2) 
PARAMETRIC_REPRESENTATION_CONTEXT() REPRESENTATION_CONTEXT('2D SPACE',''
  ) );
#7532 = PCURVE('',#7445,#7533);
#7533 = DEFINITIONAL_REPRESENTATION('',(#7534),#7538);
#7534 = LINE('',#7535,#7536);
#7535 = CARTESIAN_POINT('',(-6.28318530718,-0.));
#7536 = VECTOR('',#7537,1.);
#7537 = DIRECTION('',(-0.,-1.));
#7538 = ( GEOMETRIC_REPRESENTATION_CONTEXT(2) 
PARAMETRIC_REPRESENTATION_CONTEXT() REPRESENTATION_CONTEXT('2D SPACE',''
  ) );
#7539 = ORIENTED_EDGE('',*,*,#7540,.F.);
#7540 = EDGE_CURVE('',#7518,#7518,#7541,.T.);
#7541 = SURFACE_CURVE('',#7542,(#7547,#7554),.PCURVE_S1.);
#7542 = CIRCLE('',#7543,22.579308450249);
#7543 = AXIS2_PLACEMENT_3D('',#7544,#7545,#7546);
#7544 = CARTESIAN_POINT('',(0.,0.,808.66666666666));
#7545 = DIRECTION('',(0.,0.,1.));
#7546 = DIRECTION('',(1.,0.,-0.));
#7547 = PCURVE('',#7445,#7548);
#7548 = DEFINITIONAL_REPRESENTATION('',(#7549),#7553);
#7549 = LINE('',#7550,#7551);
#7550 = CARTESIAN_POINT('',(-0.,-3.366666666667));
#7551 = VECTOR('',#7552,1.);
#7552 = DIRECTION('',(-1.,-0.));
#7553 = ( GEOMETRIC_REPRESENTATION_CONTEXT(2) 
PARAMETRIC_REPRESENTATION_CONTEXT() REPRESENTATION_CONTEXT('2D SPACE',''
  ) );
#7554 = PCURVE('',#7555,#7560);
#7555 = CONICAL_SURFACE('',#7556,22.579308450249,0.272419883726);
#7556 = AXIS2_PLACEMENT_3D('',#7557,#7558,#7559);
#7557 = CARTESIAN_POINT('',(0.,0.,808.66666666666));
#7558 = DIRECTION('',(-0.,-0.,-1.));
#7559 = DIRECTION('',(1.,0.,-0.));
#7560 = DEFINITIONAL_REPRESENTATION('',(#7561),#7565);
#7561 = LINE('',#7562,#7563);
#7562 = CARTESIAN_POINT('',(-0.,-0.));
#7563 = VECTOR('',#7564,1.);
#7564 = DIRECTION('',(-1.,-0.));
#7565 = ( GEOMETRIC_REPRESENTATION_CONTEXT(2) 
PARAMETRIC_REPRESENTATION_CONTEXT() REPRESENTATION_CONTEXT('2D SPACE',''
  ) );
#7566 = ORIENTED_EDGE('',*,*,#7517,.F.);
#7567 = ADVANCED_FACE('',(#7568),#7500,.T.);
#7568 = FACE_BOUND('',#7569,.T.);
#7569 = EDGE_LOOP('',(#7570,#7571,#7594,#7621));
#7570 = ORIENTED_EDGE('',*,*,#7485,.T.);
#7571 = ORIENTED_EDGE('',*,*,#7572,.T.);
#7572 = EDGE_CURVE('',#7463,#7573,#7575,.T.);
#7573 = VERTEX_POINT('',#7574);
#7574 = CARTESIAN_POINT('',(24.694873838529,0.,805.3));
#7575 = SEAM_CURVE('',#7576,(#7580,#7587),.PCURVE_S1.);
#7576 = LINE('',#7577,#7578);
#7577 = CARTESIAN_POINT('',(25.58561520749,0.,801.93333333333));
#7578 = VECTOR('',#7579,1.);
#7579 = DIRECTION('',(-0.255775800443,0.,0.966736127342));
#7580 = PCURVE('',#7500,#7581);
#7581 = DEFINITIONAL_REPRESENTATION('',(#7582),#7586);
#7582 = LINE('',#7583,#7584);
#7583 = CARTESIAN_POINT('',(-0.,-0.));
#7584 = VECTOR('',#7585,1.);
#7585 = DIRECTION('',(-0.,-1.));
#7586 = ( GEOMETRIC_REPRESENTATION_CONTEXT(2) 
PARAMETRIC_REPRESENTATION_CONTEXT() REPRESENTATION_CONTEXT('2D SPACE',''
  ) );
#7587 = PCURVE('',#7500,#7588);
#7588 = DEFINITIONAL_REPRESENTATION('',(#7589),#7593);
#7589 = LINE('',#7590,#7591);
#7590 = CARTESIAN_POINT('',(-6.28318530718,-0.));
#7591 = VECTOR('',#7592,1.);
#7592 = DIRECTION('',(-0.,-1.));
#7593 = ( GEOMETRIC_REPRESENTATION_CONTEXT(2) 
PARAMETRIC_REPRESENTATION_CONTEXT() REPRESENTATION_CONTEXT('2D SPACE',''
  ) );
#7594 = ORIENTED_EDGE('',*,*,#7595,.F.);
#7595 = EDGE_CURVE('',#7573,#7573,#7596,.T.);
#7596 = SURFACE_CURVE('',#7597,(#7602,#7609),.PCURVE_S1.);
#7597 = CIRCLE('',#7598,24.694873838529);
#7598 = AXIS2_PLACEMENT_3D('',#7599,#7600,#7601);
#7599 = CARTESIAN_POINT('',(0.,0.,805.3));
#7600 = DIRECTION('',(0.,0.,1.));
#7601 = DIRECTION('',(1.,0.,-0.));
#7602 = PCURVE('',#7500,#7603);
#7603 = DEFINITIONAL_REPRESENTATION('',(#7604),#7608);
#7604 = LINE('',#7605,#7606);
#7605 = CARTESIAN_POINT('',(-0.,-3.366666666667));
#7606 = VECTOR('',#7607,1.);
#7607 = DIRECTION('',(-1.,-0.));
#7608 = ( GEOMETRIC_REPRESENTATION_CONTEXT(2) 
PARAMETRIC_REPRESENTATION_CONTEXT() REPRESENTATION_CONTEXT('2D SPACE',''
  ) );
#7609 = PCURVE('',#7610,#7615);
#7610 = CONICAL_SURFACE('',#7611,24.694873838529,0.265528552355);
#7611 = AXIS2_PLACEMENT_3D('',#7612,#7613,#7614);
#7612 = CARTESIAN_POINT('',(0.,0.,805.3));
#7613 = DIRECTION('',(-0.,-0.,-1.));
#7614 = DIRECTION('',(1.,0.,-0.));
#7615 = DEFINITIONAL_REPRESENTATION('',(#7616),#7620);
#7616 = LINE('',#7617,#7618);
#7617 = CARTESIAN_POINT('',(-0.,-0.));
#7618 = VECTOR('',#7619,1.);
#7619 = DIRECTION('',(-1.,-0.));
#7620 = ( GEOMETRIC_REPRESENTATION_CONTEXT(2) 
PARAMETRIC_REPRESENTATION_CONTEXT() REPRESENTATION_CONTEXT('2D SPACE',''
  ) );
#7621 = ORIENTED_EDGE('',*,*,#7572,.F.);
#7622 = ADVANCED_FACE('',(#7623),#7555,.F.);
#7623 = FACE_BOUND('',#7624,.F.);
#7624 = EDGE_LOOP('',(#7625,#7626,#7649,#7676));
#7625 = ORIENTED_EDGE('',*,*,#7540,.T.);
#7626 = ORIENTED_EDGE('',*,*,#7627,.T.);
#7627 = EDGE_CURVE('',#7518,#7628,#7630,.T.);
#7628 = VERTEX_POINT('',#7629);
#7629 = CARTESIAN_POINT('',(21.638779206855,0.,812.03333333333));
#7630 = SEAM_CURVE('',#7631,(#7635,#7642),.PCURVE_S1.);
#7631 = LINE('',#7632,#7633);
#7632 = CARTESIAN_POINT('',(22.579308450249,0.,808.66666666666));
#7633 = VECTOR('',#7634,1.);
#7634 = DIRECTION('',(-0.269062866953,0.,0.963122616092));
#7635 = PCURVE('',#7555,#7636);
#7636 = DEFINITIONAL_REPRESENTATION('',(#7637),#7641);
#7637 = LINE('',#7638,#7639);
#7638 = CARTESIAN_POINT('',(-0.,-0.));
#7639 = VECTOR('',#7640,1.);
#7640 = DIRECTION('',(-0.,-1.));
#7641 = ( GEOMETRIC_REPRESENTATION_CONTEXT(2) 
PARAMETRIC_REPRESENTATION_CONTEXT() REPRESENTATION_CONTEXT('2D SPACE',''
  ) );
#7642 = PCURVE('',#7555,#7643);
#7643 = DEFINITIONAL_REPRESENTATION('',(#7644),#7648);
#7644 = LINE('',#7645,#7646);
#7645 = CARTESIAN_POINT('',(-6.28318530718,-0.));
#7646 = VECTOR('',#7647,1.);
#7647 = DIRECTION('',(-0.,-1.));
#7648 = ( GEOMETRIC_REPRESENTATION_CONTEXT(2) 
PARAMETRIC_REPRESENTATION_CONTEXT() REPRESENTATION_CONTEXT('2D SPACE',''
  ) );
#7649 = ORIENTED_EDGE('',*,*,#7650,.F.);
#7650 = EDGE_CURVE('',#7628,#7628,#7651,.T.);
#7651 = SURFACE_CURVE('',#7652,(#7657,#7664),.PCURVE_S1.);
#7652 = CIRCLE('',#7653,21.638779206855);
#7653 = AXIS2_PLACEMENT_3D('',#7654,#7655,#7656);
#7654 = CARTESIAN_POINT('',(0.,0.,812.03333333333));
#7655 = DIRECTION('',(0.,0.,1.));
#7656 = DIRECTION('',(1.,0.,-0.));
#7657 = PCURVE('',#7555,#7658);
#7658 = DEFINITIONAL_REPRESENTATION('',(#7659),#7663);
#7659 = LINE('',#7660,#7661);
#7660 = CARTESIAN_POINT('',(-0.,-3.366666666667));
#7661 = VECTOR('',#7662,1.);
#7662 = DIRECTION('',(-1.,-0.));
#7663 = ( GEOMETRIC_REPRESENTATION_CONTEXT(2) 
PARAMETRIC_REPRESENTATION_CONTEXT() REPRESENTATION_CONTEXT('2D SPACE',''
  ) );
#7664 = PCURVE('',#7665,#7670);
#7665 = CONICAL_SURFACE('',#7666,21.638779206855,0.279324508677);
#7666 = AXIS2_PLACEMENT_3D('',#7667,#7668,#7669);
#7667 = CARTESIAN_POINT('',(0.,0.,812.03333333333));
#7668 = DIRECTION('',(-0.,-0.,-1.));
#7669 = DIRECTION('',(1.,0.,-0.));
#7670 = DEFINITIONAL_REPRESENTATION('',(#7671),#7675);
#7671 = LINE('',#7672,#7673);
#7672 = CARTESIAN_POINT('',(-0.,-0.));
#7673 = VECTOR('',#7674,1.);
#7674 = DIRECTION('',(-1.,-0.));
#7675 = ( GEOMETRIC_REPRESENTATION_CONTEXT(2) 
PARAMETRIC_REPRESENTATION_CONTEXT() REPRESENTATION_CONTEXT('2D SPACE',''
  ) );
#7676 = ORIENTED_EDGE('',*,*,#7627,.F.);
#7677 = ADVANCED_FACE('',(#7678),#7610,.T.);
#7678 = FACE_BOUND('',#7679,.T.);
#7679 = EDGE_LOOP('',(#7680,#7681,#7704,#7731));
#7680 = ORIENTED_EDGE('',*,*,#7595,.T.);
#7681 = ORIENTED_EDGE('',*,*,#7682,.T.);
#7682 = EDGE_CURVE('',#7573,#7683,#7685,.T.);
#7683 = VERTEX_POINT('',#7684);
#7684 = CARTESIAN_POINT('',(23.779308450249,0.,808.66666666666));
#7685 = SEAM_CURVE('',#7686,(#7690,#7697),.PCURVE_S1.);
#7686 = LINE('',#7687,#7688);
#7687 = CARTESIAN_POINT('',(24.694873838529,0.,805.3));
#7688 = VECTOR('',#7689,1.);
#7689 = DIRECTION('',(-0.262419333455,0.,0.96495393332));
#7690 = PCURVE('',#7610,#7691);
#7691 = DEFINITIONAL_REPRESENTATION('',(#7692),#7696);
#7692 = LINE('',#7693,#7694);
#7693 = CARTESIAN_POINT('',(-0.,-0.));
#7694 = VECTOR('',#7695,1.);
#7695 = DIRECTION('',(-0.,-1.));
#7696 = ( GEOMETRIC_REPRESENTATION_CONTEXT(2) 
PARAMETRIC_REPRESENTATION_CONTEXT() REPRESENTATION_CONTEXT('2D SPACE',''
  ) );
#7697 = PCURVE('',#7610,#7698);
#7698 = DEFINITIONAL_REPRESENTATION('',(#7699),#7703);
#7699 = LINE('',#7700,#7701);
#7700 = CARTESIAN_POINT('',(-6.28318530718,-0.));
#7701 = VECTOR('',#7702,1.);
#7702 = DIRECTION('',(-0.,-1.));
#7703 = ( GEOMETRIC_REPRESENTATION_CONTEXT(2) 
PARAMETRIC_REPRESENTATION_CONTEXT() REPRESENTATION_CONTEXT('2D SPACE',''
  ) );
#7704 = ORIENTED_EDGE('',*,*,#7705,.F.);
#7705 = EDGE_CURVE('',#7683,#7683,#7706,.T.);
#7706 = SURFACE_CURVE('',#7707,(#7712,#7719),.PCURVE_S1.);
#7707 = CIRCLE('',#7708,23.779308450249);
#7708 = AXIS2_PLACEMENT_3D('',#7709,#7710,#7711);
#7709 = CARTESIAN_POINT('',(0.,0.,808.66666666666));
#7710 = DIRECTION('',(0.,0.,1.));
#7711 = DIRECTION('',(1.,0.,-0.));
#7712 = PCURVE('',#7610,#7713);
#7713 = DEFINITIONAL_REPRESENTATION('',(#7714),#7718);
#7714 = LINE('',#7715,#7716);
#7715 = CARTESIAN_POINT('',(-0.,-3.366666666667));
#7716 = VECTOR('',#7717,1.);
#7717 = DIRECTION('',(-1.,-0.));
#7718 = ( GEOMETRIC_REPRESENTATION_CONTEXT(2) 
PARAMETRIC_REPRESENTATION_CONTEXT() REPRESENTATION_CONTEXT('2D SPACE',''
  ) );
#7719 = PCURVE('',#7720,#7725);
#7720 = CONICAL_SURFACE('',#7721,23.779308450249,0.272419883726);
#7721 = AXIS2_PLACEMENT_3D('',#7722,#7723,#7724);
#7722 = CARTESIAN_POINT('',(0.,0.,808.66666666666));
#7723 = DIRECTION('',(-0.,-0.,-1.));
#7724 = DIRECTION('',(1.,0.,-0.));
#7725 = DEFINITIONAL_REPRESENTATION('',(#7726),#7730);
#7726 = LINE('',#7727,#7728);
#7727 = CARTESIAN_POINT('',(-0.,-0.));
#7728 = VECTOR('',#7729,1.);
#7729 = DIRECTION('',(-1.,-0.));
#7730 = ( GEOMETRIC_REPRESENTATION_CONTEXT(2) 
PARAMETRIC_REPRESENTATION_CONTEXT() REPRESENTATION_CONTEXT('2D SPACE',''
  ) );
#7731 = ORIENTED_EDGE('',*,*,#7682,.F.);
#7732 = ADVANCED_FACE('',(#7733),#7665,.F.);
#7733 = FACE_BOUND('',#7734,.F.);
#7734 = EDGE_LOOP('',(#7735,#7736,#7759,#7786));
#7735 = ORIENTED_EDGE('',*,*,#7650,.T.);
#7736 = ORIENTED_EDGE('',*,*,#7737,.T.);
#7737 = EDGE_CURVE('',#7628,#7738,#7740,.T.);
#7738 = VERTEX_POINT('',#7739);
#7739 = CARTESIAN_POINT('',(20.673141363951,0.,815.4));
#7740 = SEAM_CURVE('',#7741,(#7745,#7752),.PCURVE_S1.);
#7741 = LINE('',#7742,#7743);
#7742 = CARTESIAN_POINT('',(21.638779206855,0.,812.03333333333));
#7743 = VECTOR('',#7744,1.);
#7744 = DIRECTION('',(-0.275706400955,0.,0.96124189488));
#7745 = PCURVE('',#7665,#7746);
#7746 = DEFINITIONAL_REPRESENTATION('',(#7747),#7751);
#7747 = LINE('',#7748,#7749);
#7748 = CARTESIAN_POINT('',(-0.,-0.));
#7749 = VECTOR('',#7750,1.);
#7750 = DIRECTION('',(-0.,-1.));
#7751 = ( GEOMETRIC_REPRESENTATION_CONTEXT(2) 
PARAMETRIC_REPRESENTATION_CONTEXT() REPRESENTATION_CONTEXT('2D SPACE',''
  ) );
#7752 = PCURVE('',#7665,#7753);
#7753 = DEFINITIONAL_REPRESENTATION('',(#7754),#7758);
#7754 = LINE('',#7755,#7756);
#7755 = CARTESIAN_POINT('',(-6.28318530718,-0.));
#7756 = VECTOR('',#7757,1.);
#7757 = DIRECTION('',(-0.,-1.));
#7758 = ( GEOMETRIC_REPRESENTATION_CONTEXT(2) 
PARAMETRIC_REPRESENTATION_CONTEXT() REPRESENTATION_CONTEXT('2D SPACE',''
  ) );
#7759 = ORIENTED_EDGE('',*,*,#7760,.F.);
#7760 = EDGE_CURVE('',#7738,#7738,#7761,.T.);
#7761 = SURFACE_CURVE('',#7762,(#7767,#7774),.PCURVE_S1.);
#7762 = CIRCLE('',#7763,20.673141363951);
#7763 = AXIS2_PLACEMENT_3D('',#7764,#7765,#7766);
#7764 = CARTESIAN_POINT('',(0.,0.,815.4));
#7765 = DIRECTION('',(0.,0.,1.));
#7766 = DIRECTION('',(1.,0.,-0.));
#7767 = PCURVE('',#7665,#7768);
#7768 = DEFINITIONAL_REPRESENTATION('',(#7769),#7773);
#7769 = LINE('',#7770,#7771);
#7770 = CARTESIAN_POINT('',(-0.,-3.366666666667));
#7771 = VECTOR('',#7772,1.);
#7772 = DIRECTION('',(-1.,-0.));
#7773 = ( GEOMETRIC_REPRESENTATION_CONTEXT(2) 
PARAMETRIC_REPRESENTATION_CONTEXT() REPRESENTATION_CONTEXT('2D SPACE',''
  ) );
#7774 = PCURVE('',#7775,#7780);
#7775 = CONICAL_SURFACE('',#7776,20.673141363951,0.286242835569);
#7776 = AXIS2_PLACEMENT_3D('',#7777,#7778,#7779);
#7777 = CARTESIAN_POINT('',(0.,0.,815.4));
#7778 = DIRECTION('',(-0.,-0.,-1.));
#7779 = DIRECTION('',(1.,0.,-0.));
#7780 = DEFINITIONAL_REPRESENTATION('',(#7781),#7785);
#7781 = LINE('',#7782,#7783);
#7782 = CARTESIAN_POINT('',(-0.,-0.));
#7783 = VECTOR('',#7784,1.);
#7784 = DIRECTION('',(-1.,-0.));
#7785 = ( GEOMETRIC_REPRESENTATION_CONTEXT(2) 
PARAMETRIC_REPRESENTATION_CONTEXT() REPRESENTATION_CONTEXT('2D SPACE',''
  ) );
#7786 = ORIENTED_EDGE('',*,*,#7737,.F.);
#7787 = ADVANCED_FACE('',(#7788),#7720,.T.);
#7788 = FACE_BOUND('',#7789,.T.);
#7789 = EDGE_LOOP('',(#7790,#7791,#7814,#7841));
#7790 = ORIENTED_EDGE('',*,*,#7705,.T.);
#7791 = ORIENTED_EDGE('',*,*,#7792,.T.);
#7792 = EDGE_CURVE('',#7683,#7793,#7795,.T.);
#7793 = VERTEX_POINT('',#7794);
#7794 = CARTESIAN_POINT('',(22.838779206855,0.,812.03333333333));
#7795 = SEAM_CURVE('',#7796,(#7800,#7807),.PCURVE_S1.);
#7796 = LINE('',#7797,#7798);
#7797 = CARTESIAN_POINT('',(23.779308450249,0.,808.66666666666));
#7798 = VECTOR('',#7799,1.);
#7799 = DIRECTION('',(-0.269062866953,0.,0.963122616092));
#7800 = PCURVE('',#7720,#7801);
#7801 = DEFINITIONAL_REPRESENTATION('',(#7802),#7806);
#7802 = LINE('',#7803,#7804);
#7803 = CARTESIAN_POINT('',(-0.,-0.));
#7804 = VECTOR('',#7805,1.);
#7805 = DIRECTION('',(-0.,-1.));
#7806 = ( GEOMETRIC_REPRESENTATION_CONTEXT(2) 
PARAMETRIC_REPRESENTATION_CONTEXT() REPRESENTATION_CONTEXT('2D SPACE',''
  ) );
#7807 = PCURVE('',#7720,#7808);
#7808 = DEFINITIONAL_REPRESENTATION('',(#7809),#7813);
#7809 = LINE('',#7810,#7811);
#7810 = CARTESIAN_POINT('',(-6.28318530718,-0.));
#7811 = VECTOR('',#7812,1.);
#7812 = DIRECTION('',(-0.,-1.));
#7813 = ( GEOMETRIC_REPRESENTATION_CONTEXT(2) 
PARAMETRIC_REPRESENTATION_CONTEXT() REPRESENTATION_CONTEXT('2D SPACE',''
  ) );
#7814 = ORIENTED_EDGE('',*,*,#7815,.F.);
#7815 = EDGE_CURVE('',#7793,#7793,#7816,.T.);
#7816 = SURFACE_CURVE('',#7817,(#7822,#7829),.PCURVE_S1.);
#7817 = CIRCLE('',#7818,22.838779206855);
#7818 = AXIS2_PLACEMENT_3D('',#7819,#7820,#7821);
#7819 = CARTESIAN_POINT('',(0.,0.,812.03333333333));
#7820 = DIRECTION('',(0.,0.,1.));
#7821 = DIRECTION('',(1.,0.,-0.));
#7822 = PCURVE('',#7720,#7823);
#7823 = DEFINITIONAL_REPRESENTATION('',(#7824),#7828);
#7824 = LINE('',#7825,#7826);
#7825 = CARTESIAN_POINT('',(-0.,-3.366666666667));
#7826 = VECTOR('',#7827,1.);
#7827 = DIRECTION('',(-1.,-0.));
#7828 = ( GEOMETRIC_REPRESENTATION_CONTEXT(2) 
PARAMETRIC_REPRESENTATION_CONTEXT() REPRESENTATION_CONTEXT('2D SPACE',''
  ) );
#7829 = PCURVE('',#7830,#7835);
#7830 = CONICAL_SURFACE('',#7831,22.838779206855,0.279324508677);
#7831 = AXIS2_PLACEMENT_3D('',#7832,#7833,#7834);
#7832 = CARTESIAN_POINT('',(0.,0.,812.03333333333));
#7833 = DIRECTION('',(-0.,-0.,-1.));
#7834 = DIRECTION('',(1.,0.,-0.));
#7835 = DEFINITIONAL_REPRESENTATION('',(#7836),#7840);
#7836 = LINE('',#7837,#7838);
#7837 = CARTESIAN_POINT('',(-0.,-0.));
#7838 = VECTOR('',#7839,1.);
#7839 = DIRECTION('',(-1.,-0.));
#7840 = ( GEOMETRIC_REPRESENTATION_CONTEXT(2) 
PARAMETRIC_REPRESENTATION_CONTEXT() REPRESENTATION_CONTEXT('2D SPACE',''
  ) );
#7841 = ORIENTED_EDGE('',*,*,#7792,.F.);
#7842 = ADVANCED_FACE('',(#7843),#7775,.F.);
#7843 = FACE_BOUND('',#7844,.F.);
#7844 = EDGE_LOOP('',(#7845,#7846,#7869,#7896));
#7845 = ORIENTED_EDGE('',*,*,#7760,.T.);
#7846 = ORIENTED_EDGE('',*,*,#7847,.T.);
#7847 = EDGE_CURVE('',#7738,#7848,#7850,.T.);
#7848 = VERTEX_POINT('',#7849);
#7849 = CARTESIAN_POINT('',(19.682245146375,0.,818.76666666666));
#7850 = SEAM_CURVE('',#7851,(#7855,#7862),.PCURVE_S1.);
#7851 = LINE('',#7852,#7853);
#7852 = CARTESIAN_POINT('',(20.673141363951,0.,815.4));
#7853 = VECTOR('',#7854,1.);
#7854 = DIRECTION('',(-0.282349935481,0.,0.959311479101));
#7855 = PCURVE('',#7775,#7856);
#7856 = DEFINITIONAL_REPRESENTATION('',(#7857),#7861);
#7857 = LINE('',#7858,#7859);
#7858 = CARTESIAN_POINT('',(-0.,-0.));
#7859 = VECTOR('',#7860,1.);
#7860 = DIRECTION('',(-0.,-1.));
#7861 = ( GEOMETRIC_REPRESENTATION_CONTEXT(2) 
PARAMETRIC_REPRESENTATION_CONTEXT() REPRESENTATION_CONTEXT('2D SPACE',''
  ) );
#7862 = PCURVE('',#7775,#7863);
#7863 = DEFINITIONAL_REPRESENTATION('',(#7864),#7868);
#7864 = LINE('',#7865,#7866);
#7865 = CARTESIAN_POINT('',(-6.28318530718,-0.));
#7866 = VECTOR('',#7867,1.);
#7867 = DIRECTION('',(-0.,-1.));
#7868 = ( GEOMETRIC_REPRESENTATION_CONTEXT(2) 
PARAMETRIC_REPRESENTATION_CONTEXT() REPRESENTATION_CONTEXT('2D SPACE',''
  ) );
#7869 = ORIENTED_EDGE('',*,*,#7870,.F.);
#7870 = EDGE_CURVE('',#7848,#7848,#7871,.T.);
#7871 = SURFACE_CURVE('',#7872,(#7877,#7884),.PCURVE_S1.);
#7872 = CIRCLE('',#7873,19.682245146375);
#7873 = AXIS2_PLACEMENT_3D('',#7874,#7875,#7876);
#7874 = CARTESIAN_POINT('',(0.,0.,818.76666666666));
#7875 = DIRECTION('',(0.,0.,1.));
#7876 = DIRECTION('',(1.,0.,-0.));
#7877 = PCURVE('',#7775,#7878);
#7878 = DEFINITIONAL_REPRESENTATION('',(#7879),#7883);
#7879 = LINE('',#7880,#7881);
#7880 = CARTESIAN_POINT('',(-0.,-3.366666666667));
#7881 = VECTOR('',#7882,1.);
#7882 = DIRECTION('',(-1.,-0.));
#7883 = ( GEOMETRIC_REPRESENTATION_CONTEXT(2) 
PARAMETRIC_REPRESENTATION_CONTEXT() REPRESENTATION_CONTEXT('2D SPACE',''
  ) );
#7884 = PCURVE('',#7885,#7890);
#7885 = CONICAL_SURFACE('',#7886,19.682245146375,0.293175279463);
#7886 = AXIS2_PLACEMENT_3D('',#7887,#7888,#7889);
#7887 = CARTESIAN_POINT('',(0.,0.,818.76666666666));
#7888 = DIRECTION('',(-0.,-0.,-1.));
#7889 = DIRECTION('',(1.,0.,-0.));
#7890 = DEFINITIONAL_REPRESENTATION('',(#7891),#7895);
#7891 = LINE('',#7892,#7893);
#7892 = CARTESIAN_POINT('',(-0.,-0.));
#7893 = VECTOR('',#7894,1.);
#7894 = DIRECTION('',(-1.,-0.));
#7895 = ( GEOMETRIC_REPRESENTATION_CONTEXT(2) 
PARAMETRIC_REPRESENTATION_CONTEXT() REPRESENTATION_CONTEXT('2D SPACE',''
  ) );
#7896 = ORIENTED_EDGE('',*,*,#7847,.F.);
#7897 = ADVANCED_FACE('',(#7898),#7830,.T.);
#7898 = FACE_BOUND('',#7899,.T.);
#7899 = EDGE_LOOP('',(#7900,#7901,#7924,#7951));
#7900 = ORIENTED_EDGE('',*,*,#7815,.T.);
#7901 = ORIENTED_EDGE('',*,*,#7902,.T.);
#7902 = EDGE_CURVE('',#7793,#7903,#7905,.T.);
#7903 = VERTEX_POINT('',#7904);
#7904 = CARTESIAN_POINT('',(21.873141363951,0.,815.4));
#7905 = SEAM_CURVE('',#7906,(#7910,#7917),.PCURVE_S1.);
#7906 = LINE('',#7907,#7908);
#7907 = CARTESIAN_POINT('',(22.838779206855,0.,812.03333333333));
#7908 = VECTOR('',#7909,1.);
#7909 = DIRECTION('',(-0.275706400955,0.,0.96124189488));
#7910 = PCURVE('',#7830,#7911);
#7911 = DEFINITIONAL_REPRESENTATION('',(#7912),#7916);
#7912 = LINE('',#7913,#7914);
#7913 = CARTESIAN_POINT('',(-0.,-0.));
#7914 = VECTOR('',#7915,1.);
#7915 = DIRECTION('',(-0.,-1.));
#7916 = ( GEOMETRIC_REPRESENTATION_CONTEXT(2) 
PARAMETRIC_REPRESENTATION_CONTEXT() REPRESENTATION_CONTEXT('2D SPACE',''
  ) );
#7917 = PCURVE('',#7830,#7918);
#7918 = DEFINITIONAL_REPRESENTATION('',(#7919),#7923);
#7919 = LINE('',#7920,#7921);
#7920 = CARTESIAN_POINT('',(-6.28318530718,-0.));
#7921 = VECTOR('',#7922,1.);
#7922 = DIRECTION('',(-0.,-1.));
#7923 = ( GEOMETRIC_REPRESENTATION_CONTEXT(2) 
PARAMETRIC_REPRESENTATION_CONTEXT() REPRESENTATION_CONTEXT('2D SPACE',''
  ) );
#7924 = ORIENTED_EDGE('',*,*,#7925,.F.);
#7925 = EDGE_CURVE('',#7903,#7903,#7926,.T.);
#7926 = SURFACE_CURVE('',#7927,(#7932,#7939),.PCURVE_S1.);
#7927 = CIRCLE('',#7928,21.873141363951);
#7928 = AXIS2_PLACEMENT_3D('',#7929,#7930,#7931);
#7929 = CARTESIAN_POINT('',(0.,0.,815.4));
#7930 = DIRECTION('',(0.,0.,1.));
#7931 = DIRECTION('',(1.,0.,-0.));
#7932 = PCURVE('',#7830,#7933);
#7933 = DEFINITIONAL_REPRESENTATION('',(#7934),#7938);
#7934 = LINE('',#7935,#7936);
#7935 = CARTESIAN_POINT('',(-0.,-3.366666666667));
#7936 = VECTOR('',#7937,1.);
#7937 = DIRECTION('',(-1.,-0.));
#7938 = ( GEOMETRIC_REPRESENTATION_CONTEXT(2) 
PARAMETRIC_REPRESENTATION_CONTEXT() REPRESENTATION_CONTEXT('2D SPACE',''
  ) );
#7939 = PCURVE('',#7940,#7945);
#7940 = CONICAL_SURFACE('',#7941,21.873141363951,0.286242835569);
#7941 = AXIS2_PLACEMENT_3D('',#7942,#7943,#7944);
#7942 = CARTESIAN_POINT('',(0.,0.,815.4));
#7943 = DIRECTION('',(-0.,-0.,-1.));
#7944 = DIRECTION('',(1.,0.,-0.));
#7945 = DEFINITIONAL_REPRESENTATION('',(#7946),#7950);
#7946 = LINE('',#7947,#7948);
#7947 = CARTESIAN_POINT('',(-0.,-0.));
#7948 = VECTOR('',#7949,1.);
#7949 = DIRECTION('',(-1.,-0.));
#7950 = ( GEOMETRIC_REPRESENTATION_CONTEXT(2) 
PARAMETRIC_REPRESENTATION_CONTEXT() REPRESENTATION_CONTEXT('2D SPACE',''
  ) );
#7951 = ORIENTED_EDGE('',*,*,#7902,.F.);
#7952 = ADVANCED_FACE('',(#7953),#7885,.F.);
#7953 = FACE_BOUND('',#7954,.F.);
#7954 = EDGE_LOOP('',(#7955,#7956,#7979,#8006));
#7955 = ORIENTED_EDGE('',*,*,#7870,.T.);
#7956 = ORIENTED_EDGE('',*,*,#7957,.T.);
#7957 = EDGE_CURVE('',#7848,#7958,#7960,.T.);
#7958 = VERTEX_POINT('',#7959);
#7959 = CARTESIAN_POINT('',(18.665935620248,0.,822.13333333333));
#7960 = SEAM_CURVE('',#7961,(#7965,#7972),.PCURVE_S1.);
#7961 = LINE('',#7962,#7963);
#7962 = CARTESIAN_POINT('',(19.682245146375,0.,818.76666666666));
#7963 = VECTOR('',#7964,1.);
#7964 = DIRECTION('',(-0.28899347055,0.,0.957331068116));
#7965 = PCURVE('',#7885,#7966);
#7966 = DEFINITIONAL_REPRESENTATION('',(#7967),#7971);
#7967 = LINE('',#7968,#7969);
#7968 = CARTESIAN_POINT('',(-0.,-0.));
#7969 = VECTOR('',#7970,1.);
#7970 = DIRECTION('',(-0.,-1.));
#7971 = ( GEOMETRIC_REPRESENTATION_CONTEXT(2) 
PARAMETRIC_REPRESENTATION_CONTEXT() REPRESENTATION_CONTEXT('2D SPACE',''
  ) );
#7972 = PCURVE('',#7885,#7973);
#7973 = DEFINITIONAL_REPRESENTATION('',(#7974),#7978);
#7974 = LINE('',#7975,#7976);
#7975 = CARTESIAN_POINT('',(-6.28318530718,-0.));
#7976 = VECTOR('',#7977,1.);
#7977 = DIRECTION('',(-0.,-1.));
#7978 = ( GEOMETRIC_REPRESENTATION_CONTEXT(2) 
PARAMETRIC_REPRESENTATION_CONTEXT() REPRESENTATION_CONTEXT('2D SPACE',''
  ) );
#7979 = ORIENTED_EDGE('',*,*,#7980,.F.);
#7980 = EDGE_CURVE('',#7958,#7958,#7981,.T.);
#7981 = SURFACE_CURVE('',#7982,(#7987,#7994),.PCURVE_S1.);
#7982 = CIRCLE('',#7983,18.665935620248);
#7983 = AXIS2_PLACEMENT_3D('',#7984,#7985,#7986);
#7984 = CARTESIAN_POINT('',(0.,0.,822.13333333333));
#7985 = DIRECTION('',(0.,0.,1.));
#7986 = DIRECTION('',(1.,0.,-0.));
#7987 = PCURVE('',#7885,#7988);
#7988 = DEFINITIONAL_REPRESENTATION('',(#7989),#7993);
#7989 = LINE('',#7990,#7991);
#7990 = CARTESIAN_POINT('',(-0.,-3.366666666667));
#7991 = VECTOR('',#7992,1.);
#7992 = DIRECTION('',(-1.,-0.));
#7993 = ( GEOMETRIC_REPRESENTATION_CONTEXT(2) 
PARAMETRIC_REPRESENTATION_CONTEXT() REPRESENTATION_CONTEXT('2D SPACE',''
  ) );
#7994 = PCURVE('',#7995,#8000);
#7995 = CONICAL_SURFACE('',#7996,18.665935620248,0.300122262398);
#7996 = AXIS2_PLACEMENT_3D('',#7997,#7998,#7999);
#7997 = CARTESIAN_POINT('',(0.,0.,822.13333333333));
#7998 = DIRECTION('',(-0.,-0.,-1.));
#7999 = DIRECTION('',(1.,0.,-0.));
#8000 = DEFINITIONAL_REPRESENTATION('',(#8001),#8005);
#8001 = LINE('',#8002,#8003);
#8002 = CARTESIAN_POINT('',(-0.,-0.));
#8003 = VECTOR('',#8004,1.);
#8004 = DIRECTION('',(-1.,-0.));
#8005 = ( GEOMETRIC_REPRESENTATION_CONTEXT(2) 
PARAMETRIC_REPRESENTATION_CONTEXT() REPRESENTATION_CONTEXT('2D SPACE',''
  ) );
#8006 = ORIENTED_EDGE('',*,*,#7957,.F.);
#8007 = ADVANCED_FACE('',(#8008),#7940,.T.);
#8008 = FACE_BOUND('',#8009,.T.);
#8009 = EDGE_LOOP('',(#8010,#8011,#8034,#8061));
#8010 = ORIENTED_EDGE('',*,*,#7925,.T.);
#8011 = ORIENTED_EDGE('',*,*,#8012,.T.);
#8012 = EDGE_CURVE('',#7903,#8013,#8015,.T.);
#8013 = VERTEX_POINT('',#8014);
#8014 = CARTESIAN_POINT('',(20.882245146375,0.,818.76666666666));
#8015 = SEAM_CURVE('',#8016,(#8020,#8027),.PCURVE_S1.);
#8016 = LINE('',#8017,#8018);
#8017 = CARTESIAN_POINT('',(21.873141363951,0.,815.4));
#8018 = VECTOR('',#8019,1.);
#8019 = DIRECTION('',(-0.282349935481,0.,0.959311479101));
#8020 = PCURVE('',#7940,#8021);
#8021 = DEFINITIONAL_REPRESENTATION('',(#8022),#8026);
#8022 = LINE('',#8023,#8024);
#8023 = CARTESIAN_POINT('',(-0.,-0.));
#8024 = VECTOR('',#8025,1.);
#8025 = DIRECTION('',(-0.,-1.));
#8026 = ( GEOMETRIC_REPRESENTATION_CONTEXT(2) 
PARAMETRIC_REPRESENTATION_CONTEXT() REPRESENTATION_CONTEXT('2D SPACE',''
  ) );
#8027 = PCURVE('',#7940,#8028);
#8028 = DEFINITIONAL_REPRESENTATION('',(#8029),#8033);
#8029 = LINE('',#8030,#8031);
#8030 = CARTESIAN_POINT('',(-6.28318530718,-0.));
#8031 = VECTOR('',#8032,1.);
#8032 = DIRECTION('',(-0.,-1.));
#8033 = ( GEOMETRIC_REPRESENTATION_CONTEXT(2) 
PARAMETRIC_REPRESENTATION_CONTEXT() REPRESENTATION_CONTEXT('2D SPACE',''
  ) );
#8034 = ORIENTED_EDGE('',*,*,#8035,.F.);
#8035 = EDGE_CURVE('',#8013,#8013,#8036,.T.);
#8036 = SURFACE_CURVE('',#8037,(#8042,#8049),.PCURVE_S1.);
#8037 = CIRCLE('',#8038,20.882245146375);
#8038 = AXIS2_PLACEMENT_3D('',#8039,#8040,#8041);
#8039 = CARTESIAN_POINT('',(0.,0.,818.76666666666));
#8040 = DIRECTION('',(0.,0.,1.));
#8041 = DIRECTION('',(1.,0.,-0.));
#8042 = PCURVE('',#7940,#8043);
#8043 = DEFINITIONAL_REPRESENTATION('',(#8044),#8048);
#8044 = LINE('',#8045,#8046);
#8045 = CARTESIAN_POINT('',(-0.,-3.366666666667));
#8046 = VECTOR('',#8047,1.);
#8047 = DIRECTION('',(-1.,-0.));
#8048 = ( GEOMETRIC_REPRESENTATION_CONTEXT(2) 
PARAMETRIC_REPRESENTATION_CONTEXT() REPRESENTATION_CONTEXT('2D SPACE',''
  ) );
#8049 = PCURVE('',#8050,#8055);
#8050 = CONICAL_SURFACE('',#8051,20.882245146375,0.293175279463);
#8051 = AXIS2_PLACEMENT_3D('',#8052,#8053,#8054);
#8052 = CARTESIAN_POINT('',(0.,0.,818.76666666666));
#8053 = DIRECTION('',(-0.,-0.,-1.));
#8054 = DIRECTION('',(1.,0.,-0.));
#8055 = DEFINITIONAL_REPRESENTATION('',(#8056),#8060);
#8056 = LINE('',#8057,#8058);
#8057 = CARTESIAN_POINT('',(-0.,-0.));
#8058 = VECTOR('',#8059,1.);
#8059 = DIRECTION('',(-1.,-0.));
#8060 = ( GEOMETRIC_REPRESENTATION_CONTEXT(2) 
PARAMETRIC_REPRESENTATION_CONTEXT() REPRESENTATION_CONTEXT('2D SPACE',''
  ) );
#8061 = ORIENTED_EDGE('',*,*,#8012,.F.);
#8062 = ADVANCED_FACE('',(#8063),#7995,.F.);
#8063 = FACE_BOUND('',#8064,.F.);
#8064 = EDGE_LOOP('',(#8065,#8066,#8089,#8116));
#8065 = ORIENTED_EDGE('',*,*,#7980,.T.);
#8066 = ORIENTED_EDGE('',*,*,#8067,.T.);
#8067 = EDGE_CURVE('',#7958,#8068,#8070,.T.);
#8068 = VERTEX_POINT('',#8069);
#8069 = CARTESIAN_POINT('',(17.624052558936,0.,825.5));
#8070 = SEAM_CURVE('',#8071,(#8075,#8082),.PCURVE_S1.);
#8071 = LINE('',#8072,#8073);
#8072 = CARTESIAN_POINT('',(18.665935620248,0.,822.13333333333));
#8073 = VECTOR('',#8074,1.);
#8074 = DIRECTION('',(-0.295637006183,0.,0.955300350976));
#8075 = PCURVE('',#7995,#8076);
#8076 = DEFINITIONAL_REPRESENTATION('',(#8077),#8081);
#8077 = LINE('',#8078,#8079);
#8078 = CARTESIAN_POINT('',(-0.,-0.));
#8079 = VECTOR('',#8080,1.);
#8080 = DIRECTION('',(-0.,-1.));
#8081 = ( GEOMETRIC_REPRESENTATION_CONTEXT(2) 
PARAMETRIC_REPRESENTATION_CONTEXT() REPRESENTATION_CONTEXT('2D SPACE',''
  ) );
#8082 = PCURVE('',#7995,#8083);
#8083 = DEFINITIONAL_REPRESENTATION('',(#8084),#8088);
#8084 = LINE('',#8085,#8086);
#8085 = CARTESIAN_POINT('',(-6.28318530718,-0.));
#8086 = VECTOR('',#8087,1.);
#8087 = DIRECTION('',(-0.,-1.));
#8088 = ( GEOMETRIC_REPRESENTATION_CONTEXT(2) 
PARAMETRIC_REPRESENTATION_CONTEXT() REPRESENTATION_CONTEXT('2D SPACE',''
  ) );
#8089 = ORIENTED_EDGE('',*,*,#8090,.F.);
#8090 = EDGE_CURVE('',#8068,#8068,#8091,.T.);
#8091 = SURFACE_CURVE('',#8092,(#8097,#8104),.PCURVE_S1.);
#8092 = CIRCLE('',#8093,17.624052558936);
#8093 = AXIS2_PLACEMENT_3D('',#8094,#8095,#8096);
#8094 = CARTESIAN_POINT('',(0.,0.,825.5));
#8095 = DIRECTION('',(0.,0.,1.));
#8096 = DIRECTION('',(1.,0.,-0.));
#8097 = PCURVE('',#7995,#8098);
#8098 = DEFINITIONAL_REPRESENTATION('',(#8099),#8103);
#8099 = LINE('',#8100,#8101);
#8100 = CARTESIAN_POINT('',(-0.,-3.366666666667));
#8101 = VECTOR('',#8102,1.);
#8102 = DIRECTION('',(-1.,-0.));
#8103 = ( GEOMETRIC_REPRESENTATION_CONTEXT(2) 
PARAMETRIC_REPRESENTATION_CONTEXT() REPRESENTATION_CONTEXT('2D SPACE',''
  ) );
#8104 = PCURVE('',#8105,#8110);
#8105 = CONICAL_SURFACE('',#8106,17.624052558936,0.307084213671);
#8106 = AXIS2_PLACEMENT_3D('',#8107,#8108,#8109);
#8107 = CARTESIAN_POINT('',(0.,0.,825.5));
#8108 = DIRECTION('',(-0.,-0.,-1.));
#8109 = DIRECTION('',(1.,0.,-0.));
#8110 = DEFINITIONAL_REPRESENTATION('',(#8111),#8115);
#8111 = LINE('',#8112,#8113);
#8112 = CARTESIAN_POINT('',(-0.,-0.));
#8113 = VECTOR('',#8114,1.);
#8114 = DIRECTION('',(-1.,-0.));
#8115 = ( GEOMETRIC_REPRESENTATION_CONTEXT(2) 
PARAMETRIC_REPRESENTATION_CONTEXT() REPRESENTATION_CONTEXT('2D SPACE',''
  ) );
#8116 = ORIENTED_EDGE('',*,*,#8067,.F.);
#8117 = ADVANCED_FACE('',(#8118),#8050,.T.);
#8118 = FACE_BOUND('',#8119,.T.);
#8119 = EDGE_LOOP('',(#8120,#8121,#8144,#8171));
#8120 = ORIENTED_EDGE('',*,*,#8035,.T.);
#8121 = ORIENTED_EDGE('',*,*,#8122,.T.);
#8122 = EDGE_CURVE('',#8013,#8123,#8125,.T.);
#8123 = VERTEX_POINT('',#8124);
#8124 = CARTESIAN_POINT('',(19.865935620248,0.,822.13333333333));
#8125 = SEAM_CURVE('',#8126,(#8130,#8137),.PCURVE_S1.);
#8126 = LINE('',#8127,#8128);
#8127 = CARTESIAN_POINT('',(20.882245146375,0.,818.76666666666));
#8128 = VECTOR('',#8129,1.);
#8129 = DIRECTION('',(-0.28899347055,0.,0.957331068116));
#8130 = PCURVE('',#8050,#8131);
#8131 = DEFINITIONAL_REPRESENTATION('',(#8132),#8136);
#8132 = LINE('',#8133,#8134);
#8133 = CARTESIAN_POINT('',(-0.,-0.));
#8134 = VECTOR('',#8135,1.);
#8135 = DIRECTION('',(-0.,-1.));
#8136 = ( GEOMETRIC_REPRESENTATION_CONTEXT(2) 
PARAMETRIC_REPRESENTATION_CONTEXT() REPRESENTATION_CONTEXT('2D SPACE',''
  ) );
#8137 = PCURVE('',#8050,#8138);
#8138 = DEFINITIONAL_REPRESENTATION('',(#8139),#8143);
#8139 = LINE('',#8140,#8141);
#8140 = CARTESIAN_POINT('',(-6.28318530718,-0.));
#8141 = VECTOR('',#8142,1.);
#8142 = DIRECTION('',(-0.,-1.));
#8143 = ( GEOMETRIC_REPRESENTATION_CONTEXT(2) 
PARAMETRIC_REPRESENTATION_CONTEXT() REPRESENTATION_CONTEXT('2D SPACE',''
  ) );
#8144 = ORIENTED_EDGE('',*,*,#8145,.F.);
#8145 = EDGE_CURVE('',#8123,#8123,#8146,.T.);
#8146 = SURFACE_CURVE('',#8147,(#8152,#8159),.PCURVE_S1.);
#8147 = CIRCLE('',#8148,19.865935620248);
#8148 = AXIS2_PLACEMENT_3D('',#8149,#8150,#8151);
#8149 = CARTESIAN_POINT('',(0.,0.,822.13333333333));
#8150 = DIRECTION('',(0.,0.,1.));
#8151 = DIRECTION('',(1.,0.,-0.));
#8152 = PCURVE('',#8050,#8153);
#8153 = DEFINITIONAL_REPRESENTATION('',(#8154),#8158);
#8154 = LINE('',#8155,#8156);
#8155 = CARTESIAN_POINT('',(-0.,-3.366666666667));
#8156 = VECTOR('',#8157,1.);
#8157 = DIRECTION('',(-1.,-0.));
#8158 = ( GEOMETRIC_REPRESENTATION_CONTEXT(2) 
PARAMETRIC_REPRESENTATION_CONTEXT() REPRESENTATION_CONTEXT('2D SPACE',''
  ) );
#8159 = PCURVE('',#8160,#8165);
#8160 = CONICAL_SURFACE('',#8161,19.865935620248,0.300122262398);
#8161 = AXIS2_PLACEMENT_3D('',#8162,#8163,#8164);
#8162 = CARTESIAN_POINT('',(0.,0.,822.13333333333));
#8163 = DIRECTION('',(-0.,-0.,-1.));
#8164 = DIRECTION('',(1.,0.,-0.));
#8165 = DEFINITIONAL_REPRESENTATION('',(#8166),#8170);
#8166 = LINE('',#8167,#8168);
#8167 = CARTESIAN_POINT('',(-0.,-0.));
#8168 = VECTOR('',#8169,1.);
#8169 = DIRECTION('',(-1.,-0.));
#8170 = ( GEOMETRIC_REPRESENTATION_CONTEXT(2) 
PARAMETRIC_REPRESENTATION_CONTEXT() REPRESENTATION_CONTEXT('2D SPACE',''
  ) );
#8171 = ORIENTED_EDGE('',*,*,#8122,.F.);
#8172 = ADVANCED_FACE('',(#8173),#8105,.F.);
#8173 = FACE_BOUND('',#8174,.F.);
#8174 = EDGE_LOOP('',(#8175,#8176,#8199,#8226));
#8175 = ORIENTED_EDGE('',*,*,#8090,.T.);
#8176 = ORIENTED_EDGE('',*,*,#8177,.T.);
#8177 = EDGE_CURVE('',#8068,#8178,#8180,.T.);
#8178 = VERTEX_POINT('',#8179);
#8179 = CARTESIAN_POINT('',(16.556430302649,0.,828.86666666666));
#8180 = SEAM_CURVE('',#8181,(#8185,#8192),.PCURVE_S1.);
#8181 = LINE('',#8182,#8183);
#8182 = CARTESIAN_POINT('',(17.624052558936,0.,825.5));
#8183 = VECTOR('',#8184,1.);
#8184 = DIRECTION('',(-0.3022805424,0.,0.95321900615));
#8185 = PCURVE('',#8105,#8186);
#8186 = DEFINITIONAL_REPRESENTATION('',(#8187),#8191);
#8187 = LINE('',#8188,#8189);
#8188 = CARTESIAN_POINT('',(-0.,-0.));
#8189 = VECTOR('',#8190,1.);
#8190 = DIRECTION('',(-0.,-1.));
#8191 = ( GEOMETRIC_REPRESENTATION_CONTEXT(2) 
PARAMETRIC_REPRESENTATION_CONTEXT() REPRESENTATION_CONTEXT('2D SPACE',''
  ) );
#8192 = PCURVE('',#8105,#8193);
#8193 = DEFINITIONAL_REPRESENTATION('',(#8194),#8198);
#8194 = LINE('',#8195,#8196);
#8195 = CARTESIAN_POINT('',(-6.28318530718,-0.));
#8196 = VECTOR('',#8197,1.);
#8197 = DIRECTION('',(-0.,-1.));
#8198 = ( GEOMETRIC_REPRESENTATION_CONTEXT(2) 
PARAMETRIC_REPRESENTATION_CONTEXT() REPRESENTATION_CONTEXT('2D SPACE',''
  ) );
#8199 = ORIENTED_EDGE('',*,*,#8200,.F.);
#8200 = EDGE_CURVE('',#8178,#8178,#8201,.T.);
#8201 = SURFACE_CURVE('',#8202,(#8207,#8214),.PCURVE_S1.);
#8202 = CIRCLE('',#8203,16.556430302649);
#8203 = AXIS2_PLACEMENT_3D('',#8204,#8205,#8206);
#8204 = CARTESIAN_POINT('',(0.,0.,828.86666666666));
#8205 = DIRECTION('',(0.,0.,1.));
#8206 = DIRECTION('',(1.,0.,-0.));
#8207 = PCURVE('',#8105,#8208);
#8208 = DEFINITIONAL_REPRESENTATION('',(#8209),#8213);
#8209 = LINE('',#8210,#8211);
#8210 = CARTESIAN_POINT('',(-0.,-3.366666666667));
#8211 = VECTOR('',#8212,1.);
#8212 = DIRECTION('',(-1.,-0.));
#8213 = ( GEOMETRIC_REPRESENTATION_CONTEXT(2) 
PARAMETRIC_REPRESENTATION_CONTEXT() REPRESENTATION_CONTEXT('2D SPACE',''
  ) );
#8214 = PCURVE('',#8215,#8220);
#8215 = CONICAL_SURFACE('',#8216,16.556430302649,0.314061570139);
#8216 = AXIS2_PLACEMENT_3D('',#8217,#8218,#8219);
#8217 = CARTESIAN_POINT('',(0.,0.,828.86666666666));
#8218 = DIRECTION('',(-0.,-0.,-1.));
#8219 = DIRECTION('',(1.,0.,-0.));
#8220 = DEFINITIONAL_REPRESENTATION('',(#8221),#8225);
#8221 = LINE('',#8222,#8223);
#8222 = CARTESIAN_POINT('',(-0.,-0.));
#8223 = VECTOR('',#8224,1.);
#8224 = DIRECTION('',(-1.,-0.));
#8225 = ( GEOMETRIC_REPRESENTATION_CONTEXT(2) 
PARAMETRIC_REPRESENTATION_CONTEXT() REPRESENTATION_CONTEXT('2D SPACE',''
  ) );
#8226 = ORIENTED_EDGE('',*,*,#8177,.F.);
#8227 = ADVANCED_FACE('',(#8228),#8160,.T.);
#8228 = FACE_BOUND('',#8229,.T.);
#8229 = EDGE_LOOP('',(#8230,#8231,#8254,#8281));
#8230 = ORIENTED_EDGE('',*,*,#8145,.T.);
#8231 = ORIENTED_EDGE('',*,*,#8232,.T.);
#8232 = EDGE_CURVE('',#8123,#8233,#8235,.T.);
#8233 = VERTEX_POINT('',#8234);
#8234 = CARTESIAN_POINT('',(18.824052558936,0.,825.5));
#8235 = SEAM_CURVE('',#8236,(#8240,#8247),.PCURVE_S1.);
#8236 = LINE('',#8237,#8238);
#8237 = CARTESIAN_POINT('',(19.865935620248,0.,822.13333333333));
#8238 = VECTOR('',#8239,1.);
#8239 = DIRECTION('',(-0.295637006183,0.,0.955300350976));
#8240 = PCURVE('',#8160,#8241);
#8241 = DEFINITIONAL_REPRESENTATION('',(#8242),#8246);
#8242 = LINE('',#8243,#8244);
#8243 = CARTESIAN_POINT('',(-0.,-0.));
#8244 = VECTOR('',#8245,1.);
#8245 = DIRECTION('',(-0.,-1.));
#8246 = ( GEOMETRIC_REPRESENTATION_CONTEXT(2) 
PARAMETRIC_REPRESENTATION_CONTEXT() REPRESENTATION_CONTEXT('2D SPACE',''
  ) );
#8247 = PCURVE('',#8160,#8248);
#8248 = DEFINITIONAL_REPRESENTATION('',(#8249),#8253);
#8249 = LINE('',#8250,#8251);
#8250 = CARTESIAN_POINT('',(-6.28318530718,-0.));
#8251 = VECTOR('',#8252,1.);
#8252 = DIRECTION('',(-0.,-1.));
#8253 = ( GEOMETRIC_REPRESENTATION_CONTEXT(2) 
PARAMETRIC_REPRESENTATION_CONTEXT() REPRESENTATION_CONTEXT('2D SPACE',''
  ) );
#8254 = ORIENTED_EDGE('',*,*,#8255,.F.);
#8255 = EDGE_CURVE('',#8233,#8233,#8256,.T.);
#8256 = SURFACE_CURVE('',#8257,(#8262,#8269),.PCURVE_S1.);
#8257 = CIRCLE('',#8258,18.824052558936);
#8258 = AXIS2_PLACEMENT_3D('',#8259,#8260,#8261);
#8259 = CARTESIAN_POINT('',(0.,0.,825.5));
#8260 = DIRECTION('',(0.,0.,1.));
#8261 = DIRECTION('',(1.,0.,-0.));
#8262 = PCURVE('',#8160,#8263);
#8263 = DEFINITIONAL_REPRESENTATION('',(#8264),#8268);
#8264 = LINE('',#8265,#8266);
#8265 = CARTESIAN_POINT('',(-0.,-3.366666666667));
#8266 = VECTOR('',#8267,1.);
#8267 = DIRECTION('',(-1.,-0.));
#8268 = ( GEOMETRIC_REPRESENTATION_CONTEXT(2) 
PARAMETRIC_REPRESENTATION_CONTEXT() REPRESENTATION_CONTEXT('2D SPACE',''
  ) );
#8269 = PCURVE('',#8270,#8275);
#8270 = CONICAL_SURFACE('',#8271,18.824052558936,0.307084213671);
#8271 = AXIS2_PLACEMENT_3D('',#8272,#8273,#8274);
#8272 = CARTESIAN_POINT('',(0.,0.,825.5));
#8273 = DIRECTION('',(-0.,-0.,-1.));
#8274 = DIRECTION('',(1.,0.,-0.));
#8275 = DEFINITIONAL_REPRESENTATION('',(#8276),#8280);
#8276 = LINE('',#8277,#8278);
#8277 = CARTESIAN_POINT('',(-0.,-0.));
#8278 = VECTOR('',#8279,1.);
#8279 = DIRECTION('',(-1.,-0.));
#8280 = ( GEOMETRIC_REPRESENTATION_CONTEXT(2) 
PARAMETRIC_REPRESENTATION_CONTEXT() REPRESENTATION_CONTEXT('2D SPACE',''
  ) );
#8281 = ORIENTED_EDGE('',*,*,#8232,.F.);
#8282 = ADVANCED_FACE('',(#8283),#8215,.F.);
#8283 = FACE_BOUND('',#8284,.F.);
#8284 = EDGE_LOOP('',(#8285,#8286,#8309,#8336));
#8285 = ORIENTED_EDGE('',*,*,#8200,.T.);
#8286 = ORIENTED_EDGE('',*,*,#8287,.T.);
#8287 = EDGE_CURVE('',#8178,#8288,#8290,.T.);
#8288 = VERTEX_POINT('',#8289);
#8289 = CARTESIAN_POINT('',(15.462897611359,0.,832.23333333333));
#8290 = SEAM_CURVE('',#8291,(#8295,#8302),.PCURVE_S1.);
#8291 = LINE('',#8292,#8293);
#8292 = CARTESIAN_POINT('',(16.556430302649,0.,828.86666666666));
#8293 = VECTOR('',#8294,1.);
#8294 = DIRECTION('',(-0.308924079225,0.,0.95108670124));
#8295 = PCURVE('',#8215,#8296);
#8296 = DEFINITIONAL_REPRESENTATION('',(#8297),#8301);
#8297 = LINE('',#8298,#8299);
#8298 = CARTESIAN_POINT('',(-0.,-0.));
#8299 = VECTOR('',#8300,1.);
#8300 = DIRECTION('',(-0.,-1.));
#8301 = ( GEOMETRIC_REPRESENTATION_CONTEXT(2) 
PARAMETRIC_REPRESENTATION_CONTEXT() REPRESENTATION_CONTEXT('2D SPACE',''
  ) );
#8302 = PCURVE('',#8215,#8303);
#8303 = DEFINITIONAL_REPRESENTATION('',(#8304),#8308);
#8304 = LINE('',#8305,#8306);
#8305 = CARTESIAN_POINT('',(-6.28318530718,-0.));
#8306 = VECTOR('',#8307,1.);
#8307 = DIRECTION('',(-0.,-1.));
#8308 = ( GEOMETRIC_REPRESENTATION_CONTEXT(2) 
PARAMETRIC_REPRESENTATION_CONTEXT() REPRESENTATION_CONTEXT('2D SPACE',''
  ) );
#8309 = ORIENTED_EDGE('',*,*,#8310,.F.);
#8310 = EDGE_CURVE('',#8288,#8288,#8311,.T.);
#8311 = SURFACE_CURVE('',#8312,(#8317,#8324),.PCURVE_S1.);
#8312 = CIRCLE('',#8313,15.462897611359);
#8313 = AXIS2_PLACEMENT_3D('',#8314,#8315,#8316);
#8314 = CARTESIAN_POINT('',(0.,0.,832.23333333333));
#8315 = DIRECTION('',(0.,0.,1.));
#8316 = DIRECTION('',(1.,0.,-0.));
#8317 = PCURVE('',#8215,#8318);
#8318 = DEFINITIONAL_REPRESENTATION('',(#8319),#8323);
#8319 = LINE('',#8320,#8321);
#8320 = CARTESIAN_POINT('',(-0.,-3.366666666667));
#8321 = VECTOR('',#8322,1.);
#8322 = DIRECTION('',(-1.,-0.));
#8323 = ( GEOMETRIC_REPRESENTATION_CONTEXT(2) 
PARAMETRIC_REPRESENTATION_CONTEXT() REPRESENTATION_CONTEXT('2D SPACE',''
  ) );
#8324 = PCURVE('',#8325,#8330);
#8325 = CONICAL_SURFACE('',#8326,15.462897611359,0.321054776524);
#8326 = AXIS2_PLACEMENT_3D('',#8327,#8328,#8329);
#8327 = CARTESIAN_POINT('',(0.,0.,832.23333333333));
#8328 = DIRECTION('',(-0.,-0.,-1.));
#8329 = DIRECTION('',(1.,0.,-0.));
#8330 = DEFINITIONAL_REPRESENTATION('',(#8331),#8335);
#8331 = LINE('',#8332,#8333);
#8332 = CARTESIAN_POINT('',(-0.,-0.));
#8333 = VECTOR('',#8334,1.);
#8334 = DIRECTION('',(-1.,-0.));
#8335 = ( GEOMETRIC_REPRESENTATION_CONTEXT(2) 
PARAMETRIC_REPRESENTATION_CONTEXT() REPRESENTATION_CONTEXT('2D SPACE',''
  ) );
#8336 = ORIENTED_EDGE('',*,*,#8287,.F.);
#8337 = ADVANCED_FACE('',(#8338),#8270,.T.);
#8338 = FACE_BOUND('',#8339,.T.);
#8339 = EDGE_LOOP('',(#8340,#8341,#8364,#8391));
#8340 = ORIENTED_EDGE('',*,*,#8255,.T.);
#8341 = ORIENTED_EDGE('',*,*,#8342,.T.);
#8342 = EDGE_CURVE('',#8233,#8343,#8345,.T.);
#8343 = VERTEX_POINT('',#8344);
#8344 = CARTESIAN_POINT('',(17.756430302649,0.,828.86666666666));
#8345 = SEAM_CURVE('',#8346,(#8350,#8357),.PCURVE_S1.);
#8346 = LINE('',#8347,#8348);
#8347 = CARTESIAN_POINT('',(18.824052558936,0.,825.5));
#8348 = VECTOR('',#8349,1.);
#8349 = DIRECTION('',(-0.3022805424,0.,0.95321900615));
#8350 = PCURVE('',#8270,#8351);
#8351 = DEFINITIONAL_REPRESENTATION('',(#8352),#8356);
#8352 = LINE('',#8353,#8354);
#8353 = CARTESIAN_POINT('',(-0.,-0.));
#8354 = VECTOR('',#8355,1.);
#8355 = DIRECTION('',(-0.,-1.));
#8356 = ( GEOMETRIC_REPRESENTATION_CONTEXT(2) 
PARAMETRIC_REPRESENTATION_CONTEXT() REPRESENTATION_CONTEXT('2D SPACE',''
  ) );
#8357 = PCURVE('',#8270,#8358);
#8358 = DEFINITIONAL_REPRESENTATION('',(#8359),#8363);
#8359 = LINE('',#8360,#8361);
#8360 = CARTESIAN_POINT('',(-6.28318530718,-0.));
#8361 = VECTOR('',#8362,1.);
#8362 = DIRECTION('',(-0.,-1.));
#8363 = ( GEOMETRIC_REPRESENTATION_CONTEXT(2) 
PARAMETRIC_REPRESENTATION_CONTEXT() REPRESENTATION_CONTEXT('2D SPACE',''
  ) );
#8364 = ORIENTED_EDGE('',*,*,#8365,.F.);
#8365 = EDGE_CURVE('',#8343,#8343,#8366,.T.);
#8366 = SURFACE_CURVE('',#8367,(#8372,#8379),.PCURVE_S1.);
#8367 = CIRCLE('',#8368,17.756430302649);
#8368 = AXIS2_PLACEMENT_3D('',#8369,#8370,#8371);
#8369 = CARTESIAN_POINT('',(0.,0.,828.86666666666));
#8370 = DIRECTION('',(0.,0.,1.));
#8371 = DIRECTION('',(1.,0.,-0.));
#8372 = PCURVE('',#8270,#8373);
#8373 = DEFINITIONAL_REPRESENTATION('',(#8374),#8378);
#8374 = LINE('',#8375,#8376);
#8375 = CARTESIAN_POINT('',(-0.,-3.366666666667));
#8376 = VECTOR('',#8377,1.);
#8377 = DIRECTION('',(-1.,-0.));
#8378 = ( GEOMETRIC_REPRESENTATION_CONTEXT(2) 
PARAMETRIC_REPRESENTATION_CONTEXT() REPRESENTATION_CONTEXT('2D SPACE',''
  ) );
#8379 = PCURVE('',#8380,#8385);
#8380 = CONICAL_SURFACE('',#8381,17.756430302649,0.314061570139);
#8381 = AXIS2_PLACEMENT_3D('',#8382,#8383,#8384);
#8382 = CARTESIAN_POINT('',(0.,0.,828.86666666666));
#8383 = DIRECTION('',(-0.,-0.,-1.));
#8384 = DIRECTION('',(1.,0.,-0.));
#8385 = DEFINITIONAL_REPRESENTATION('',(#8386),#8390);
#8386 = LINE('',#8387,#8388);
#8387 = CARTESIAN_POINT('',(-0.,-0.));
#8388 = VECTOR('',#8389,1.);
#8389 = DIRECTION('',(-1.,-0.));
#8390 = ( GEOMETRIC_REPRESENTATION_CONTEXT(2) 
PARAMETRIC_REPRESENTATION_CONTEXT() REPRESENTATION_CONTEXT('2D SPACE',''
  ) );
#8391 = ORIENTED_EDGE('',*,*,#8342,.F.);
#8392 = ADVANCED_FACE('',(#8393),#8325,.F.);
#8393 = FACE_BOUND('',#8394,.F.);
#8394 = EDGE_LOOP('',(#8395,#8396,#8419,#8446));
#8395 = ORIENTED_EDGE('',*,*,#8310,.T.);
#8396 = ORIENTED_EDGE('',*,*,#8397,.T.);
#8397 = EDGE_CURVE('',#8288,#8398,#8400,.T.);
#8398 = VERTEX_POINT('',#8399);
#8399 = CARTESIAN_POINT('',(14.343277510693,0.,835.6));
#8400 = SEAM_CURVE('',#8401,(#8405,#8412),.PCURVE_S1.);
#8401 = LINE('',#8402,#8403);
#8402 = CARTESIAN_POINT('',(15.462897611359,0.,832.23333333333));
#8403 = VECTOR('',#8404,1.);
#8404 = DIRECTION('',(-0.315567616679,0.,0.948903092683));
#8405 = PCURVE('',#8325,#8406);
#8406 = DEFINITIONAL_REPRESENTATION('',(#8407),#8411);
#8407 = LINE('',#8408,#8409);
#8408 = CARTESIAN_POINT('',(-0.,-0.));
#8409 = VECTOR('',#8410,1.);
#8410 = DIRECTION('',(-0.,-1.));
#8411 = ( GEOMETRIC_REPRESENTATION_CONTEXT(2) 
PARAMETRIC_REPRESENTATION_CONTEXT() REPRESENTATION_CONTEXT('2D SPACE',''
  ) );
#8412 = PCURVE('',#8325,#8413);
#8413 = DEFINITIONAL_REPRESENTATION('',(#8414),#8418);
#8414 = LINE('',#8415,#8416);
#8415 = CARTESIAN_POINT('',(-6.28318530718,-0.));
#8416 = VECTOR('',#8417,1.);
#8417 = DIRECTION('',(-0.,-1.));
#8418 = ( GEOMETRIC_REPRESENTATION_CONTEXT(2) 
PARAMETRIC_REPRESENTATION_CONTEXT() REPRESENTATION_CONTEXT('2D SPACE',''
  ) );
#8419 = ORIENTED_EDGE('',*,*,#8420,.F.);
#8420 = EDGE_CURVE('',#8398,#8398,#8421,.T.);
#8421 = SURFACE_CURVE('',#8422,(#8427,#8434),.PCURVE_S1.);
#8422 = CIRCLE('',#8423,14.343277510693);
#8423 = AXIS2_PLACEMENT_3D('',#8424,#8425,#8426);
#8424 = CARTESIAN_POINT('',(0.,0.,835.6));
#8425 = DIRECTION('',(0.,0.,1.));
#8426 = DIRECTION('',(1.,0.,-0.));
#8427 = PCURVE('',#8325,#8428);
#8428 = DEFINITIONAL_REPRESENTATION('',(#8429),#8433);
#8429 = LINE('',#8430,#8431);
#8430 = CARTESIAN_POINT('',(-0.,-3.366666666667));
#8431 = VECTOR('',#8432,1.);
#8432 = DIRECTION('',(-1.,-0.));
#8433 = ( GEOMETRIC_REPRESENTATION_CONTEXT(2) 
PARAMETRIC_REPRESENTATION_CONTEXT() REPRESENTATION_CONTEXT('2D SPACE',''
  ) );
#8434 = PCURVE('',#8435,#8440);
#8435 = CONICAL_SURFACE('',#8436,14.343277510693,0.328064285734);
#8436 = AXIS2_PLACEMENT_3D('',#8437,#8438,#8439);
#8437 = CARTESIAN_POINT('',(0.,0.,835.6));
#8438 = DIRECTION('',(-0.,-0.,-1.));
#8439 = DIRECTION('',(1.,0.,-0.));
#8440 = DEFINITIONAL_REPRESENTATION('',(#8441),#8445);
#8441 = LINE('',#8442,#8443);
#8442 = CARTESIAN_POINT('',(-0.,-0.));
#8443 = VECTOR('',#8444,1.);
#8444 = DIRECTION('',(-1.,-0.));
#8445 = ( GEOMETRIC_REPRESENTATION_CONTEXT(2) 
PARAMETRIC_REPRESENTATION_CONTEXT() REPRESENTATION_CONTEXT('2D SPACE',''
  ) );
#8446 = ORIENTED_EDGE('',*,*,#8397,.F.);
#8447 = ADVANCED_FACE('',(#8448),#8380,.T.);
#8448 = FACE_BOUND('',#8449,.T.);
#8449 = EDGE_LOOP('',(#8450,#8451,#8474,#8501));
#8450 = ORIENTED_EDGE('',*,*,#8365,.T.);
#8451 = ORIENTED_EDGE('',*,*,#8452,.T.);
#8452 = EDGE_CURVE('',#8343,#8453,#8455,.T.);
#8453 = VERTEX_POINT('',#8454);
#8454 = CARTESIAN_POINT('',(16.662897611359,0.,832.23333333333));
#8455 = SEAM_CURVE('',#8456,(#8460,#8467),.PCURVE_S1.);
#8456 = LINE('',#8457,#8458);
#8457 = CARTESIAN_POINT('',(17.756430302649,0.,828.86666666666));
#8458 = VECTOR('',#8459,1.);
#8459 = DIRECTION('',(-0.308924079225,0.,0.95108670124));
#8460 = PCURVE('',#8380,#8461);
#8461 = DEFINITIONAL_REPRESENTATION('',(#8462),#8466);
#8462 = LINE('',#8463,#8464);
#8463 = CARTESIAN_POINT('',(-0.,-0.));
#8464 = VECTOR('',#8465,1.);
#8465 = DIRECTION('',(-0.,-1.));
#8466 = ( GEOMETRIC_REPRESENTATION_CONTEXT(2) 
PARAMETRIC_REPRESENTATION_CONTEXT() REPRESENTATION_CONTEXT('2D SPACE',''
  ) );
#8467 = PCURVE('',#8380,#8468);
#8468 = DEFINITIONAL_REPRESENTATION('',(#8469),#8473);
#8469 = LINE('',#8470,#8471);
#8470 = CARTESIAN_POINT('',(-6.28318530718,-0.));
#8471 = VECTOR('',#8472,1.);
#8472 = DIRECTION('',(-0.,-1.));
#8473 = ( GEOMETRIC_REPRESENTATION_CONTEXT(2) 
PARAMETRIC_REPRESENTATION_CONTEXT() REPRESENTATION_CONTEXT('2D SPACE',''
  ) );
#8474 = ORIENTED_EDGE('',*,*,#8475,.F.);
#8475 = EDGE_CURVE('',#8453,#8453,#8476,.T.);
#8476 = SURFACE_CURVE('',#8477,(#8482,#8489),.PCURVE_S1.);
#8477 = CIRCLE('',#8478,16.662897611359);
#8478 = AXIS2_PLACEMENT_3D('',#8479,#8480,#8481);
#8479 = CARTESIAN_POINT('',(0.,0.,832.23333333333));
#8480 = DIRECTION('',(0.,0.,1.));
#8481 = DIRECTION('',(1.,0.,-0.));
#8482 = PCURVE('',#8380,#8483);
#8483 = DEFINITIONAL_REPRESENTATION('',(#8484),#8488);
#8484 = LINE('',#8485,#8486);
#8485 = CARTESIAN_POINT('',(-0.,-3.366666666667));
#8486 = VECTOR('',#8487,1.);
#8487 = DIRECTION('',(-1.,-0.));
#8488 = ( GEOMETRIC_REPRESENTATION_CONTEXT(2) 
PARAMETRIC_REPRESENTATION_CONTEXT() REPRESENTATION_CONTEXT('2D SPACE',''
  ) );
#8489 = PCURVE('',#8490,#8495);
#8490 = CONICAL_SURFACE('',#8491,16.662897611359,0.321054776524);
#8491 = AXIS2_PLACEMENT_3D('',#8492,#8493,#8494);
#8492 = CARTESIAN_POINT('',(0.,0.,832.23333333333));
#8493 = DIRECTION('',(-0.,-0.,-1.));
#8494 = DIRECTION('',(1.,0.,-0.));
#8495 = DEFINITIONAL_REPRESENTATION('',(#8496),#8500);
#8496 = LINE('',#8497,#8498);
#8497 = CARTESIAN_POINT('',(-0.,-0.));
#8498 = VECTOR('',#8499,1.);
#8499 = DIRECTION('',(-1.,-0.));
#8500 = ( GEOMETRIC_REPRESENTATION_CONTEXT(2) 
PARAMETRIC_REPRESENTATION_CONTEXT() REPRESENTATION_CONTEXT('2D SPACE',''
  ) );
#8501 = ORIENTED_EDGE('',*,*,#8452,.F.);
#8502 = ADVANCED_FACE('',(#8503),#8435,.F.);
#8503 = FACE_BOUND('',#8504,.F.);
#8504 = EDGE_LOOP('',(#8505,#8506,#8529,#8556));
#8505 = ORIENTED_EDGE('',*,*,#8420,.T.);
#8506 = ORIENTED_EDGE('',*,*,#8507,.T.);
#8507 = EDGE_CURVE('',#8398,#8508,#8510,.T.);
#8508 = VERTEX_POINT('',#8509);
#8509 = CARTESIAN_POINT('',(13.197387130471,0.,838.96666666666));
#8510 = SEAM_CURVE('',#8511,(#8515,#8522),.PCURVE_S1.);
#8511 = LINE('',#8512,#8513);
#8512 = CARTESIAN_POINT('',(14.343277510693,0.,835.6));
#8513 = VECTOR('',#8514,1.);
#8514 = DIRECTION('',(-0.322211154785,0.,0.946667825445));
#8515 = PCURVE('',#8435,#8516);
#8516 = DEFINITIONAL_REPRESENTATION('',(#8517),#8521);
#8517 = LINE('',#8518,#8519);
#8518 = CARTESIAN_POINT('',(-0.,-0.));
#8519 = VECTOR('',#8520,1.);
#8520 = DIRECTION('',(-0.,-1.));
#8521 = ( GEOMETRIC_REPRESENTATION_CONTEXT(2) 
PARAMETRIC_REPRESENTATION_CONTEXT() REPRESENTATION_CONTEXT('2D SPACE',''
  ) );
#8522 = PCURVE('',#8435,#8523);
#8523 = DEFINITIONAL_REPRESENTATION('',(#8524),#8528);
#8524 = LINE('',#8525,#8526);
#8525 = CARTESIAN_POINT('',(-6.28318530718,-0.));
#8526 = VECTOR('',#8527,1.);
#8527 = DIRECTION('',(-0.,-1.));
#8528 = ( GEOMETRIC_REPRESENTATION_CONTEXT(2) 
PARAMETRIC_REPRESENTATION_CONTEXT() REPRESENTATION_CONTEXT('2D SPACE',''
  ) );
#8529 = ORIENTED_EDGE('',*,*,#8530,.F.);
#8530 = EDGE_CURVE('',#8508,#8508,#8531,.T.);
#8531 = SURFACE_CURVE('',#8532,(#8537,#8544),.PCURVE_S1.);
#8532 = CIRCLE('',#8533,13.197387130471);
#8533 = AXIS2_PLACEMENT_3D('',#8534,#8535,#8536);
#8534 = CARTESIAN_POINT('',(0.,0.,838.96666666666));
#8535 = DIRECTION('',(0.,0.,1.));
#8536 = DIRECTION('',(1.,0.,-0.));
#8537 = PCURVE('',#8435,#8538);
#8538 = DEFINITIONAL_REPRESENTATION('',(#8539),#8543);
#8539 = LINE('',#8540,#8541);
#8540 = CARTESIAN_POINT('',(-0.,-3.366666666667));
#8541 = VECTOR('',#8542,1.);
#8542 = DIRECTION('',(-1.,-0.));
#8543 = ( GEOMETRIC_REPRESENTATION_CONTEXT(2) 
PARAMETRIC_REPRESENTATION_CONTEXT() REPRESENTATION_CONTEXT('2D SPACE',''
  ) );
#8544 = PCURVE('',#8545,#8550);
#8545 = CONICAL_SURFACE('',#8546,13.197387130471,0.335090559201);
#8546 = AXIS2_PLACEMENT_3D('',#8547,#8548,#8549);
#8547 = CARTESIAN_POINT('',(0.,0.,838.96666666666));
#8548 = DIRECTION('',(-0.,-0.,-1.));
#8549 = DIRECTION('',(1.,0.,-0.));
#8550 = DEFINITIONAL_REPRESENTATION('',(#8551),#8555);
#8551 = LINE('',#8552,#8553);
#8552 = CARTESIAN_POINT('',(-0.,-0.));
#8553 = VECTOR('',#8554,1.);
#8554 = DIRECTION('',(-1.,-0.));
#8555 = ( GEOMETRIC_REPRESENTATION_CONTEXT(2) 
PARAMETRIC_REPRESENTATION_CONTEXT() REPRESENTATION_CONTEXT('2D SPACE',''
  ) );
#8556 = ORIENTED_EDGE('',*,*,#8507,.F.);
#8557 = ADVANCED_FACE('',(#8558),#8490,.T.);
#8558 = FACE_BOUND('',#8559,.T.);
#8559 = EDGE_LOOP('',(#8560,#8561,#8584,#8611));
#8560 = ORIENTED_EDGE('',*,*,#8475,.T.);
#8561 = ORIENTED_EDGE('',*,*,#8562,.T.);
#8562 = EDGE_CURVE('',#8453,#8563,#8565,.T.);
#8563 = VERTEX_POINT('',#8564);
#8564 = CARTESIAN_POINT('',(15.543277510693,0.,835.6));
#8565 = SEAM_CURVE('',#8566,(#8570,#8577),.PCURVE_S1.);
#8566 = LINE('',#8567,#8568);
#8567 = CARTESIAN_POINT('',(16.662897611359,0.,832.23333333333));
#8568 = VECTOR('',#8569,1.);
#8569 = DIRECTION('',(-0.315567616679,0.,0.948903092683));
#8570 = PCURVE('',#8490,#8571);
#8571 = DEFINITIONAL_REPRESENTATION('',(#8572),#8576);
#8572 = LINE('',#8573,#8574);
#8573 = CARTESIAN_POINT('',(-0.,-0.));
#8574 = VECTOR('',#8575,1.);
#8575 = DIRECTION('',(-0.,-1.));
#8576 = ( GEOMETRIC_REPRESENTATION_CONTEXT(2) 
PARAMETRIC_REPRESENTATION_CONTEXT() REPRESENTATION_CONTEXT('2D SPACE',''
  ) );
#8577 = PCURVE('',#8490,#8578);
#8578 = DEFINITIONAL_REPRESENTATION('',(#8579),#8583);
#8579 = LINE('',#8580,#8581);
#8580 = CARTESIAN_POINT('',(-6.28318530718,-0.));
#8581 = VECTOR('',#8582,1.);
#8582 = DIRECTION('',(-0.,-1.));
#8583 = ( GEOMETRIC_REPRESENTATION_CONTEXT(2) 
PARAMETRIC_REPRESENTATION_CONTEXT() REPRESENTATION_CONTEXT('2D SPACE',''
  ) );
#8584 = ORIENTED_EDGE('',*,*,#8585,.F.);
#8585 = EDGE_CURVE('',#8563,#8563,#8586,.T.);
#8586 = SURFACE_CURVE('',#8587,(#8592,#8599),.PCURVE_S1.);
#8587 = CIRCLE('',#8588,15.543277510693);
#8588 = AXIS2_PLACEMENT_3D('',#8589,#8590,#8591);
#8589 = CARTESIAN_POINT('',(0.,0.,835.6));
#8590 = DIRECTION('',(0.,0.,1.));
#8591 = DIRECTION('',(1.,0.,-0.));
#8592 = PCURVE('',#8490,#8593);
#8593 = DEFINITIONAL_REPRESENTATION('',(#8594),#8598);
#8594 = LINE('',#8595,#8596);
#8595 = CARTESIAN_POINT('',(-0.,-3.366666666667));
#8596 = VECTOR('',#8597,1.);
#8597 = DIRECTION('',(-1.,-0.));
#8598 = ( GEOMETRIC_REPRESENTATION_CONTEXT(2) 
PARAMETRIC_REPRESENTATION_CONTEXT() REPRESENTATION_CONTEXT('2D SPACE',''
  ) );
#8599 = PCURVE('',#8600,#8605);
#8600 = CONICAL_SURFACE('',#8601,15.543277510693,0.328064285734);
#8601 = AXIS2_PLACEMENT_3D('',#8602,#8603,#8604);
#8602 = CARTESIAN_POINT('',(0.,0.,835.6));
#8603 = DIRECTION('',(-0.,-0.,-1.));
#8604 = DIRECTION('',(1.,0.,-0.));
#8605 = DEFINITIONAL_REPRESENTATION('',(#8606),#8610);
#8606 = LINE('',#8607,#8608);
#8607 = CARTESIAN_POINT('',(-0.,-0.));
#8608 = VECTOR('',#8609,1.);
#8609 = DIRECTION('',(-1.,-0.));
#8610 = ( GEOMETRIC_REPRESENTATION_CONTEXT(2) 
PARAMETRIC_REPRESENTATION_CONTEXT() REPRESENTATION_CONTEXT('2D SPACE',''
  ) );
#8611 = ORIENTED_EDGE('',*,*,#8562,.F.);
#8612 = ADVANCED_FACE('',(#8613),#8545,.F.);
#8613 = FACE_BOUND('',#8614,.F.);
#8614 = EDGE_LOOP('',(#8615,#8616,#8639,#8666));
#8615 = ORIENTED_EDGE('',*,*,#8530,.T.);
#8616 = ORIENTED_EDGE('',*,*,#8617,.T.);
#8617 = EDGE_CURVE('',#8508,#8618,#8620,.T.);
#8618 = VERTEX_POINT('',#8619);
#8619 = CARTESIAN_POINT('',(12.025037535479,0.,842.33333333333));
#8620 = SEAM_CURVE('',#8621,(#8625,#8632),.PCURVE_S1.);
#8621 = LINE('',#8622,#8623);
#8622 = CARTESIAN_POINT('',(13.197387130471,0.,838.96666666666));
#8623 = VECTOR('',#8624,1.);
#8624 = DIRECTION('',(-0.328854693568,0.,0.944380532687));
#8625 = PCURVE('',#8545,#8626);
#8626 = DEFINITIONAL_REPRESENTATION('',(#8627),#8631);
#8627 = LINE('',#8628,#8629);
#8628 = CARTESIAN_POINT('',(-0.,-0.));
#8629 = VECTOR('',#8630,1.);
#8630 = DIRECTION('',(-0.,-1.));
#8631 = ( GEOMETRIC_REPRESENTATION_CONTEXT(2) 
PARAMETRIC_REPRESENTATION_CONTEXT() REPRESENTATION_CONTEXT('2D SPACE',''
  ) );
#8632 = PCURVE('',#8545,#8633);
#8633 = DEFINITIONAL_REPRESENTATION('',(#8634),#8638);
#8634 = LINE('',#8635,#8636);
#8635 = CARTESIAN_POINT('',(-6.28318530718,-0.));
#8636 = VECTOR('',#8637,1.);
#8637 = DIRECTION('',(-0.,-1.));
#8638 = ( GEOMETRIC_REPRESENTATION_CONTEXT(2) 
PARAMETRIC_REPRESENTATION_CONTEXT() REPRESENTATION_CONTEXT('2D SPACE',''
  ) );
#8639 = ORIENTED_EDGE('',*,*,#8640,.F.);
#8640 = EDGE_CURVE('',#8618,#8618,#8641,.T.);
#8641 = SURFACE_CURVE('',#8642,(#8647,#8654),.PCURVE_S1.);
#8642 = CIRCLE('',#8643,12.025037535479);
#8643 = AXIS2_PLACEMENT_3D('',#8644,#8645,#8646);
#8644 = CARTESIAN_POINT('',(0.,0.,842.33333333333));
#8645 = DIRECTION('',(0.,0.,1.));
#8646 = DIRECTION('',(1.,0.,-0.));
#8647 = PCURVE('',#8545,#8648);
#8648 = DEFINITIONAL_REPRESENTATION('',(#8649),#8653);
#8649 = LINE('',#8650,#8651);
#8650 = CARTESIAN_POINT('',(-0.,-3.366666666667));
#8651 = VECTOR('',#8652,1.);
#8652 = DIRECTION('',(-1.,-0.));
#8653 = ( GEOMETRIC_REPRESENTATION_CONTEXT(2) 
PARAMETRIC_REPRESENTATION_CONTEXT() REPRESENTATION_CONTEXT('2D SPACE',''
  ) );
#8654 = PCURVE('',#8655,#8660);
#8655 = CONICAL_SURFACE('',#8656,12.025037535479,0.342134067222);
#8656 = AXIS2_PLACEMENT_3D('',#8657,#8658,#8659);
#8657 = CARTESIAN_POINT('',(0.,0.,842.33333333333));
#8658 = DIRECTION('',(-0.,-0.,-1.));
#8659 = DIRECTION('',(1.,0.,-0.));
#8660 = DEFINITIONAL_REPRESENTATION('',(#8661),#8665);
#8661 = LINE('',#8662,#8663);
#8662 = CARTESIAN_POINT('',(-0.,-0.));
#8663 = VECTOR('',#8664,1.);
#8664 = DIRECTION('',(-1.,-0.));
#8665 = ( GEOMETRIC_REPRESENTATION_CONTEXT(2) 
PARAMETRIC_REPRESENTATION_CONTEXT() REPRESENTATION_CONTEXT('2D SPACE',''
  ) );
#8666 = ORIENTED_EDGE('',*,*,#8617,.F.);
#8667 = ADVANCED_FACE('',(#8668),#8600,.T.);
#8668 = FACE_BOUND('',#8669,.T.);
#8669 = EDGE_LOOP('',(#8670,#8671,#8694,#8721));
#8670 = ORIENTED_EDGE('',*,*,#8585,.T.);
#8671 = ORIENTED_EDGE('',*,*,#8672,.T.);
#8672 = EDGE_CURVE('',#8563,#8673,#8675,.T.);
#8673 = VERTEX_POINT('',#8674);
#8674 = CARTESIAN_POINT('',(14.397387130471,0.,838.96666666666));
#8675 = SEAM_CURVE('',#8676,(#8680,#8687),.PCURVE_S1.);
#8676 = LINE('',#8677,#8678);
#8677 = CARTESIAN_POINT('',(15.543277510693,0.,835.6));
#8678 = VECTOR('',#8679,1.);
#8679 = DIRECTION('',(-0.322211154785,0.,0.946667825445));
#8680 = PCURVE('',#8600,#8681);
#8681 = DEFINITIONAL_REPRESENTATION('',(#8682),#8686);
#8682 = LINE('',#8683,#8684);
#8683 = CARTESIAN_POINT('',(-0.,-0.));
#8684 = VECTOR('',#8685,1.);
#8685 = DIRECTION('',(-0.,-1.));
#8686 = ( GEOMETRIC_REPRESENTATION_CONTEXT(2) 
PARAMETRIC_REPRESENTATION_CONTEXT() REPRESENTATION_CONTEXT('2D SPACE',''
  ) );
#8687 = PCURVE('',#8600,#8688);
#8688 = DEFINITIONAL_REPRESENTATION('',(#8689),#8693);
#8689 = LINE('',#8690,#8691);
#8690 = CARTESIAN_POINT('',(-6.28318530718,-0.));
#8691 = VECTOR('',#8692,1.);
#8692 = DIRECTION('',(-0.,-1.));
#8693 = ( GEOMETRIC_REPRESENTATION_CONTEXT(2) 
PARAMETRIC_REPRESENTATION_CONTEXT() REPRESENTATION_CONTEXT('2D SPACE',''
  ) );
#8694 = ORIENTED_EDGE('',*,*,#8695,.F.);
#8695 = EDGE_CURVE('',#8673,#8673,#8696,.T.);
#8696 = SURFACE_CURVE('',#8697,(#8702,#8709),.PCURVE_S1.);
#8697 = CIRCLE('',#8698,14.397387130471);
#8698 = AXIS2_PLACEMENT_3D('',#8699,#8700,#8701);
#8699 = CARTESIAN_POINT('',(0.,0.,838.96666666666));
#8700 = DIRECTION('',(0.,0.,1.));
#8701 = DIRECTION('',(1.,0.,-0.));
#8702 = PCURVE('',#8600,#8703);
#8703 = DEFINITIONAL_REPRESENTATION('',(#8704),#8708);
#8704 = LINE('',#8705,#8706);
#8705 = CARTESIAN_POINT('',(-0.,-3.366666666667));
#8706 = VECTOR('',#8707,1.);
#8707 = DIRECTION('',(-1.,-0.));
#8708 = ( GEOMETRIC_REPRESENTATION_CONTEXT(2) 
PARAMETRIC_REPRESENTATION_CONTEXT() REPRESENTATION_CONTEXT('2D SPACE',''
  ) );
#8709 = PCURVE('',#8710,#8715);
#8710 = CONICAL_SURFACE('',#8711,14.397387130471,0.335090559201);
#8711 = AXIS2_PLACEMENT_3D('',#8712,#8713,#8714);
#8712 = CARTESIAN_POINT('',(0.,0.,838.96666666666));
#8713 = DIRECTION('',(-0.,-0.,-1.));
#8714 = DIRECTION('',(1.,0.,-0.));
#8715 = DEFINITIONAL_REPRESENTATION('',(#8716),#8720);
#8716 = LINE('',#8717,#8718);
#8717 = CARTESIAN_POINT('',(-0.,-0.));
#8718 = VECTOR('',#8719,1.);
#8719 = DIRECTION('',(-1.,-0.));
#8720 = ( GEOMETRIC_REPRESENTATION_CONTEXT(2) 
PARAMETRIC_REPRESENTATION_CONTEXT() REPRESENTATION_CONTEXT('2D SPACE',''
  ) );
#8721 = ORIENTED_EDGE('',*,*,#8672,.F.);
#8722 = ADVANCED_FACE('',(#8723),#8655,.F.);
#8723 = FACE_BOUND('',#8724,.F.);
#8724 = EDGE_LOOP('',(#8725,#8726,#8749,#8776));
#8725 = ORIENTED_EDGE('',*,*,#8640,.T.);
#8726 = ORIENTED_EDGE('',*,*,#8727,.T.);
#8727 = EDGE_CURVE('',#8618,#8728,#8730,.T.);
#8728 = VERTEX_POINT('',#8729);
#8729 = CARTESIAN_POINT('',(10.826033548109,0.,845.7));
#8730 = SEAM_CURVE('',#8731,(#8735,#8742),.PCURVE_S1.);
#8731 = LINE('',#8732,#8733);
#8732 = CARTESIAN_POINT('',(12.025037535479,0.,842.33333333333));
#8733 = VECTOR('',#8734,1.);
#8734 = DIRECTION('',(-0.335498233053,0.,0.94204083543));
#8735 = PCURVE('',#8655,#8736);
#8736 = DEFINITIONAL_REPRESENTATION('',(#8737),#8741);
#8737 = LINE('',#8738,#8739);
#8738 = CARTESIAN_POINT('',(-0.,-0.));
#8739 = VECTOR('',#8740,1.);
#8740 = DIRECTION('',(-0.,-1.));
#8741 = ( GEOMETRIC_REPRESENTATION_CONTEXT(2) 
PARAMETRIC_REPRESENTATION_CONTEXT() REPRESENTATION_CONTEXT('2D SPACE',''
  ) );
#8742 = PCURVE('',#8655,#8743);
#8743 = DEFINITIONAL_REPRESENTATION('',(#8744),#8748);
#8744 = LINE('',#8745,#8746);
#8745 = CARTESIAN_POINT('',(-6.28318530718,-0.));
#8746 = VECTOR('',#8747,1.);
#8747 = DIRECTION('',(-0.,-1.));
#8748 = ( GEOMETRIC_REPRESENTATION_CONTEXT(2) 
PARAMETRIC_REPRESENTATION_CONTEXT() REPRESENTATION_CONTEXT('2D SPACE',''
  ) );
#8749 = ORIENTED_EDGE('',*,*,#8750,.F.);
#8750 = EDGE_CURVE('',#8728,#8728,#8751,.T.);
#8751 = SURFACE_CURVE('',#8752,(#8757,#8764),.PCURVE_S1.);
#8752 = CIRCLE('',#8753,10.826033548109);
#8753 = AXIS2_PLACEMENT_3D('',#8754,#8755,#8756);
#8754 = CARTESIAN_POINT('',(0.,0.,845.7));
#8755 = DIRECTION('',(0.,0.,1.));
#8756 = DIRECTION('',(1.,0.,-0.));
#8757 = PCURVE('',#8655,#8758);
#8758 = DEFINITIONAL_REPRESENTATION('',(#8759),#8763);
#8759 = LINE('',#8760,#8761);
#8760 = CARTESIAN_POINT('',(-0.,-3.366666666667));
#8761 = VECTOR('',#8762,1.);
#8762 = DIRECTION('',(-1.,-0.));
#8763 = ( GEOMETRIC_REPRESENTATION_CONTEXT(2) 
PARAMETRIC_REPRESENTATION_CONTEXT() REPRESENTATION_CONTEXT('2D SPACE',''
  ) );
#8764 = PCURVE('',#8765,#8770);
#8765 = CONICAL_SURFACE('',#8766,10.826033548109,0.349195289327);
#8766 = AXIS2_PLACEMENT_3D('',#8767,#8768,#8769);
#8767 = CARTESIAN_POINT('',(0.,0.,845.7));
#8768 = DIRECTION('',(-0.,-0.,-1.));
#8769 = DIRECTION('',(1.,0.,-0.));
#8770 = DEFINITIONAL_REPRESENTATION('',(#8771),#8775);
#8771 = LINE('',#8772,#8773);
#8772 = CARTESIAN_POINT('',(-0.,-0.));
#8773 = VECTOR('',#8774,1.);
#8774 = DIRECTION('',(-1.,-0.));
#8775 = ( GEOMETRIC_REPRESENTATION_CONTEXT(2) 
PARAMETRIC_REPRESENTATION_CONTEXT() REPRESENTATION_CONTEXT('2D SPACE',''
  ) );
#8776 = ORIENTED_EDGE('',*,*,#8727,.F.);
#8777 = ADVANCED_FACE('',(#8778),#8710,.T.);
#8778 = FACE_BOUND('',#8779,.T.);
#8779 = EDGE_LOOP('',(#8780,#8781,#8804,#8831));
#8780 = ORIENTED_EDGE('',*,*,#8695,.T.);
#8781 = ORIENTED_EDGE('',*,*,#8782,.T.);
#8782 = EDGE_CURVE('',#8673,#8783,#8785,.T.);
#8783 = VERTEX_POINT('',#8784);
#8784 = CARTESIAN_POINT('',(13.225037535479,0.,842.33333333333));
#8785 = SEAM_CURVE('',#8786,(#8790,#8797),.PCURVE_S1.);
#8786 = LINE('',#8787,#8788);
#8787 = CARTESIAN_POINT('',(14.397387130471,0.,838.96666666666));
#8788 = VECTOR('',#8789,1.);
#8789 = DIRECTION('',(-0.328854693568,0.,0.944380532687));
#8790 = PCURVE('',#8710,#8791);
#8791 = DEFINITIONAL_REPRESENTATION('',(#8792),#8796);
#8792 = LINE('',#8793,#8794);
#8793 = CARTESIAN_POINT('',(-0.,-0.));
#8794 = VECTOR('',#8795,1.);
#8795 = DIRECTION('',(-0.,-1.));
#8796 = ( GEOMETRIC_REPRESENTATION_CONTEXT(2) 
PARAMETRIC_REPRESENTATION_CONTEXT() REPRESENTATION_CONTEXT('2D SPACE',''
  ) );
#8797 = PCURVE('',#8710,#8798);
#8798 = DEFINITIONAL_REPRESENTATION('',(#8799),#8803);
#8799 = LINE('',#8800,#8801);
#8800 = CARTESIAN_POINT('',(-6.28318530718,-0.));
#8801 = VECTOR('',#8802,1.);
#8802 = DIRECTION('',(-0.,-1.));
#8803 = ( GEOMETRIC_REPRESENTATION_CONTEXT(2) 
PARAMETRIC_REPRESENTATION_CONTEXT() REPRESENTATION_CONTEXT('2D SPACE',''
  ) );
#8804 = ORIENTED_EDGE('',*,*,#8805,.F.);
#8805 = EDGE_CURVE('',#8783,#8783,#8806,.T.);
#8806 = SURFACE_CURVE('',#8807,(#8812,#8819),.PCURVE_S1.);
#8807 = CIRCLE('',#8808,13.225037535479);
#8808 = AXIS2_PLACEMENT_3D('',#8809,#8810,#8811);
#8809 = CARTESIAN_POINT('',(0.,0.,842.33333333333));
#8810 = DIRECTION('',(0.,0.,1.));
#8811 = DIRECTION('',(1.,0.,-0.));
#8812 = PCURVE('',#8710,#8813);
#8813 = DEFINITIONAL_REPRESENTATION('',(#8814),#8818);
#8814 = LINE('',#8815,#8816);
#8815 = CARTESIAN_POINT('',(-0.,-3.366666666667));
#8816 = VECTOR('',#8817,1.);
#8817 = DIRECTION('',(-1.,-0.));
#8818 = ( GEOMETRIC_REPRESENTATION_CONTEXT(2) 
PARAMETRIC_REPRESENTATION_CONTEXT() REPRESENTATION_CONTEXT('2D SPACE',''
  ) );
#8819 = PCURVE('',#8820,#8825);
#8820 = CONICAL_SURFACE('',#8821,13.225037535479,0.342134067222);
#8821 = AXIS2_PLACEMENT_3D('',#8822,#8823,#8824);
#8822 = CARTESIAN_POINT('',(0.,0.,842.33333333333));
#8823 = DIRECTION('',(-0.,-0.,-1.));
#8824 = DIRECTION('',(1.,0.,-0.));
#8825 = DEFINITIONAL_REPRESENTATION('',(#8826),#8830);
#8826 = LINE('',#8827,#8828);
#8827 = CARTESIAN_POINT('',(-0.,-0.));
#8828 = VECTOR('',#8829,1.);
#8829 = DIRECTION('',(-1.,-0.));
#8830 = ( GEOMETRIC_REPRESENTATION_CONTEXT(2) 
PARAMETRIC_REPRESENTATION_CONTEXT() REPRESENTATION_CONTEXT('2D SPACE',''
  ) );
#8831 = ORIENTED_EDGE('',*,*,#8782,.F.);
#8832 = ADVANCED_FACE('',(#8833),#8765,.F.);
#8833 = FACE_BOUND('',#8834,.F.);
#8834 = EDGE_LOOP('',(#8835,#8836,#8859,#8886));
#8835 = ORIENTED_EDGE('',*,*,#8750,.T.);
#8836 = ORIENTED_EDGE('',*,*,#8837,.T.);
#8837 = EDGE_CURVE('',#8728,#8838,#8840,.T.);
#8838 = VERTEX_POINT('',#8839);
#8839 = CARTESIAN_POINT('',(9.600173562404,0.,849.06666666666));
#8840 = SEAM_CURVE('',#8841,(#8845,#8852),.PCURVE_S1.);
#8841 = LINE('',#8842,#8843);
#8842 = CARTESIAN_POINT('',(10.826033548109,0.,845.7));
#8843 = VECTOR('',#8844,1.);
#8844 = DIRECTION('',(-0.342141773266,0.,0.939648342193));
#8845 = PCURVE('',#8765,#8846);
#8846 = DEFINITIONAL_REPRESENTATION('',(#8847),#8851);
#8847 = LINE('',#8848,#8849);
#8848 = CARTESIAN_POINT('',(-0.,-0.));
#8849 = VECTOR('',#8850,1.);
#8850 = DIRECTION('',(-0.,-1.));
#8851 = ( GEOMETRIC_REPRESENTATION_CONTEXT(2) 
PARAMETRIC_REPRESENTATION_CONTEXT() REPRESENTATION_CONTEXT('2D SPACE',''
  ) );
#8852 = PCURVE('',#8765,#8853);
#8853 = DEFINITIONAL_REPRESENTATION('',(#8854),#8858);
#8854 = LINE('',#8855,#8856);
#8855 = CARTESIAN_POINT('',(-6.28318530718,-0.));
#8856 = VECTOR('',#8857,1.);
#8857 = DIRECTION('',(-0.,-1.));
#8858 = ( GEOMETRIC_REPRESENTATION_CONTEXT(2) 
PARAMETRIC_REPRESENTATION_CONTEXT() REPRESENTATION_CONTEXT('2D SPACE',''
  ) );
#8859 = ORIENTED_EDGE('',*,*,#8860,.F.);
#8860 = EDGE_CURVE('',#8838,#8838,#8861,.T.);
#8861 = SURFACE_CURVE('',#8862,(#8867,#8874),.PCURVE_S1.);
#8862 = CIRCLE('',#8863,9.600173562404);
#8863 = AXIS2_PLACEMENT_3D('',#8864,#8865,#8866);
#8864 = CARTESIAN_POINT('',(0.,0.,849.06666666666));
#8865 = DIRECTION('',(0.,0.,1.));
#8866 = DIRECTION('',(1.,0.,-0.));
#8867 = PCURVE('',#8765,#8868);
#8868 = DEFINITIONAL_REPRESENTATION('',(#8869),#8873);
#8869 = LINE('',#8870,#8871);
#8870 = CARTESIAN_POINT('',(-0.,-3.366666666667));
#8871 = VECTOR('',#8872,1.);
#8872 = DIRECTION('',(-1.,-0.));
#8873 = ( GEOMETRIC_REPRESENTATION_CONTEXT(2) 
PARAMETRIC_REPRESENTATION_CONTEXT() REPRESENTATION_CONTEXT('2D SPACE',''
  ) );
#8874 = PCURVE('',#8875,#8880);
#8875 = CONICAL_SURFACE('',#8876,9.600173562404,0.356274714655);
#8876 = AXIS2_PLACEMENT_3D('',#8877,#8878,#8879);
#8877 = CARTESIAN_POINT('',(0.,0.,849.06666666666));
#8878 = DIRECTION('',(-0.,-0.,-1.));
#8879 = DIRECTION('',(1.,0.,-0.));
#8880 = DEFINITIONAL_REPRESENTATION('',(#8881),#8885);
#8881 = LINE('',#8882,#8883);
#8882 = CARTESIAN_POINT('',(-0.,-0.));
#8883 = VECTOR('',#8884,1.);
#8884 = DIRECTION('',(-1.,-0.));
#8885 = ( GEOMETRIC_REPRESENTATION_CONTEXT(2) 
PARAMETRIC_REPRESENTATION_CONTEXT() REPRESENTATION_CONTEXT('2D SPACE',''
  ) );
#8886 = ORIENTED_EDGE('',*,*,#8837,.F.);
#8887 = ADVANCED_FACE('',(#8888),#8820,.T.);
#8888 = FACE_BOUND('',#8889,.T.);
#8889 = EDGE_LOOP('',(#8890,#8891,#8914,#8941));
#8890 = ORIENTED_EDGE('',*,*,#8805,.T.);
#8891 = ORIENTED_EDGE('',*,*,#8892,.T.);
#8892 = EDGE_CURVE('',#8783,#8893,#8895,.T.);
#8893 = VERTEX_POINT('',#8894);
#8894 = CARTESIAN_POINT('',(12.026033548109,0.,845.7));
#8895 = SEAM_CURVE('',#8896,(#8900,#8907),.PCURVE_S1.);
#8896 = LINE('',#8897,#8898);
#8897 = CARTESIAN_POINT('',(13.225037535479,0.,842.33333333333));
#8898 = VECTOR('',#8899,1.);
#8899 = DIRECTION('',(-0.335498233053,0.,0.94204083543));
#8900 = PCURVE('',#8820,#8901);
#8901 = DEFINITIONAL_REPRESENTATION('',(#8902),#8906);
#8902 = LINE('',#8903,#8904);
#8903 = CARTESIAN_POINT('',(-0.,-0.));
#8904 = VECTOR('',#8905,1.);
#8905 = DIRECTION('',(-0.,-1.));
#8906 = ( GEOMETRIC_REPRESENTATION_CONTEXT(2) 
PARAMETRIC_REPRESENTATION_CONTEXT() REPRESENTATION_CONTEXT('2D SPACE',''
  ) );
#8907 = PCURVE('',#8820,#8908);
#8908 = DEFINITIONAL_REPRESENTATION('',(#8909),#8913);
#8909 = LINE('',#8910,#8911);
#8910 = CARTESIAN_POINT('',(-6.28318530718,-0.));
#8911 = VECTOR('',#8912,1.);
#8912 = DIRECTION('',(-0.,-1.));
#8913 = ( GEOMETRIC_REPRESENTATION_CONTEXT(2) 
PARAMETRIC_REPRESENTATION_CONTEXT() REPRESENTATION_CONTEXT('2D SPACE',''
  ) );
#8914 = ORIENTED_EDGE('',*,*,#8915,.F.);
#8915 = EDGE_CURVE('',#8893,#8893,#8916,.T.);
#8916 = SURFACE_CURVE('',#8917,(#8922,#8929),.PCURVE_S1.);
#8917 = CIRCLE('',#8918,12.026033548109);
#8918 = AXIS2_PLACEMENT_3D('',#8919,#8920,#8921);
#8919 = CARTESIAN_POINT('',(0.,0.,845.7));
#8920 = DIRECTION('',(0.,0.,1.));
#8921 = DIRECTION('',(1.,0.,-0.));
#8922 = PCURVE('',#8820,#8923);
#8923 = DEFINITIONAL_REPRESENTATION('',(#8924),#8928);
#8924 = LINE('',#8925,#8926);
#8925 = CARTESIAN_POINT('',(-0.,-3.366666666667));
#8926 = VECTOR('',#8927,1.);
#8927 = DIRECTION('',(-1.,-0.));
#8928 = ( GEOMETRIC_REPRESENTATION_CONTEXT(2) 
PARAMETRIC_REPRESENTATION_CONTEXT() REPRESENTATION_CONTEXT('2D SPACE',''
  ) );
#8929 = PCURVE('',#8930,#8935);
#8930 = CONICAL_SURFACE('',#8931,12.026033548109,0.349195289327);
#8931 = AXIS2_PLACEMENT_3D('',#8932,#8933,#8934);
#8932 = CARTESIAN_POINT('',(0.,0.,845.7));
#8933 = DIRECTION('',(-0.,-0.,-1.));
#8934 = DIRECTION('',(1.,0.,-0.));
#8935 = DEFINITIONAL_REPRESENTATION('',(#8936),#8940);
#8936 = LINE('',#8937,#8938);
#8937 = CARTESIAN_POINT('',(-0.,-0.));
#8938 = VECTOR('',#8939,1.);
#8939 = DIRECTION('',(-1.,-0.));
#8940 = ( GEOMETRIC_REPRESENTATION_CONTEXT(2) 
PARAMETRIC_REPRESENTATION_CONTEXT() REPRESENTATION_CONTEXT('2D SPACE',''
  ) );
#8941 = ORIENTED_EDGE('',*,*,#8892,.F.);
#8942 = ADVANCED_FACE('',(#8943),#8875,.F.);
#8943 = FACE_BOUND('',#8944,.F.);
#8944 = EDGE_LOOP('',(#8945,#8946,#8969,#8996));
#8945 = ORIENTED_EDGE('',*,*,#8860,.T.);
#8946 = ORIENTED_EDGE('',*,*,#8947,.T.);
#8947 = EDGE_CURVE('',#8838,#8948,#8950,.T.);
#8948 = VERTEX_POINT('',#8949);
#8949 = CARTESIAN_POINT('',(8.347249349071,0.,852.43333333333));
#8950 = SEAM_CURVE('',#8951,(#8955,#8962),.PCURVE_S1.);
#8951 = LINE('',#8952,#8953);
#8952 = CARTESIAN_POINT('',(9.600173562404,0.,849.06666666666));
#8953 = VECTOR('',#8954,1.);
#8954 = DIRECTION('',(-0.348785314233,0.,0.937202648617));
#8955 = PCURVE('',#8875,#8956);
#8956 = DEFINITIONAL_REPRESENTATION('',(#8957),#8961);
#8957 = LINE('',#8958,#8959);
#8958 = CARTESIAN_POINT('',(-0.,-0.));
#8959 = VECTOR('',#8960,1.);
#8960 = DIRECTION('',(-0.,-1.));
#8961 = ( GEOMETRIC_REPRESENTATION_CONTEXT(2) 
PARAMETRIC_REPRESENTATION_CONTEXT() REPRESENTATION_CONTEXT('2D SPACE',''
  ) );
#8962 = PCURVE('',#8875,#8963);
#8963 = DEFINITIONAL_REPRESENTATION('',(#8964),#8968);
#8964 = LINE('',#8965,#8966);
#8965 = CARTESIAN_POINT('',(-6.28318530718,-0.));
#8966 = VECTOR('',#8967,1.);
#8967 = DIRECTION('',(-0.,-1.));
#8968 = ( GEOMETRIC_REPRESENTATION_CONTEXT(2) 
PARAMETRIC_REPRESENTATION_CONTEXT() REPRESENTATION_CONTEXT('2D SPACE',''
  ) );
#8969 = ORIENTED_EDGE('',*,*,#8970,.F.);
#8970 = EDGE_CURVE('',#8948,#8948,#8971,.T.);
#8971 = SURFACE_CURVE('',#8972,(#8977,#8984),.PCURVE_S1.);
#8972 = CIRCLE('',#8973,8.347249349071);
#8973 = AXIS2_PLACEMENT_3D('',#8974,#8975,#8976);
#8974 = CARTESIAN_POINT('',(0.,0.,852.43333333333));
#8975 = DIRECTION('',(0.,0.,1.));
#8976 = DIRECTION('',(1.,0.,-0.));
#8977 = PCURVE('',#8875,#8978);
#8978 = DEFINITIONAL_REPRESENTATION('',(#8979),#8983);
#8979 = LINE('',#8980,#8981);
#8980 = CARTESIAN_POINT('',(-0.,-3.366666666667));
#8981 = VECTOR('',#8982,1.);
#8982 = DIRECTION('',(-1.,-0.));
#8983 = ( GEOMETRIC_REPRESENTATION_CONTEXT(2) 
PARAMETRIC_REPRESENTATION_CONTEXT() REPRESENTATION_CONTEXT('2D SPACE',''
  ) );
#8984 = PCURVE('',#8985,#8990);
#8985 = CONICAL_SURFACE('',#8986,8.347249349071,0.363372842346);
#8986 = AXIS2_PLACEMENT_3D('',#8987,#8988,#8989);
#8987 = CARTESIAN_POINT('',(0.,0.,852.43333333333));
#8988 = DIRECTION('',(-0.,-0.,-1.));
#8989 = DIRECTION('',(1.,0.,-0.));
#8990 = DEFINITIONAL_REPRESENTATION('',(#8991),#8995);
#8991 = LINE('',#8992,#8993);
#8992 = CARTESIAN_POINT('',(-0.,-0.));
#8993 = VECTOR('',#8994,1.);
#8994 = DIRECTION('',(-1.,-0.));
#8995 = ( GEOMETRIC_REPRESENTATION_CONTEXT(2) 
PARAMETRIC_REPRESENTATION_CONTEXT() REPRESENTATION_CONTEXT('2D SPACE',''
  ) );
#8996 = ORIENTED_EDGE('',*,*,#8947,.F.);
#8997 = ADVANCED_FACE('',(#8998),#8930,.T.);
#8998 = FACE_BOUND('',#8999,.T.);
#8999 = EDGE_LOOP('',(#9000,#9001,#9024,#9051));
#9000 = ORIENTED_EDGE('',*,*,#8915,.T.);
#9001 = ORIENTED_EDGE('',*,*,#9002,.T.);
#9002 = EDGE_CURVE('',#8893,#9003,#9005,.T.);
#9003 = VERTEX_POINT('',#9004);
#9004 = CARTESIAN_POINT('',(10.800173562404,0.,849.06666666666));
#9005 = SEAM_CURVE('',#9006,(#9010,#9017),.PCURVE_S1.);
#9006 = LINE('',#9007,#9008);
#9007 = CARTESIAN_POINT('',(12.026033548109,0.,845.7));
#9008 = VECTOR('',#9009,1.);
#9009 = DIRECTION('',(-0.342141773266,0.,0.939648342193));
#9010 = PCURVE('',#8930,#9011);
#9011 = DEFINITIONAL_REPRESENTATION('',(#9012),#9016);
#9012 = LINE('',#9013,#9014);
#9013 = CARTESIAN_POINT('',(-0.,-0.));
#9014 = VECTOR('',#9015,1.);
#9015 = DIRECTION('',(-0.,-1.));
#9016 = ( GEOMETRIC_REPRESENTATION_CONTEXT(2) 
PARAMETRIC_REPRESENTATION_CONTEXT() REPRESENTATION_CONTEXT('2D SPACE',''
  ) );
#9017 = PCURVE('',#8930,#9018);
#9018 = DEFINITIONAL_REPRESENTATION('',(#9019),#9023);
#9019 = LINE('',#9020,#9021);
#9020 = CARTESIAN_POINT('',(-6.28318530718,-0.));
#9021 = VECTOR('',#9022,1.);
#9022 = DIRECTION('',(-0.,-1.));
#9023 = ( GEOMETRIC_REPRESENTATION_CONTEXT(2) 
PARAMETRIC_REPRESENTATION_CONTEXT() REPRESENTATION_CONTEXT('2D SPACE',''
  ) );
#9024 = ORIENTED_EDGE('',*,*,#9025,.F.);
#9025 = EDGE_CURVE('',#9003,#9003,#9026,.T.);
#9026 = SURFACE_CURVE('',#9027,(#9032,#9039),.PCURVE_S1.);
#9027 = CIRCLE('',#9028,10.800173562404);
#9028 = AXIS2_PLACEMENT_3D('',#9029,#9030,#9031);
#9029 = CARTESIAN_POINT('',(0.,0.,849.06666666666));
#9030 = DIRECTION('',(0.,0.,1.));
#9031 = DIRECTION('',(1.,0.,-0.));
#9032 = PCURVE('',#8930,#9033);
#9033 = DEFINITIONAL_REPRESENTATION('',(#9034),#9038);
#9034 = LINE('',#9035,#9036);
#9035 = CARTESIAN_POINT('',(-0.,-3.366666666667));
#9036 = VECTOR('',#9037,1.);
#9037 = DIRECTION('',(-1.,-0.));
#9038 = ( GEOMETRIC_REPRESENTATION_CONTEXT(2) 
PARAMETRIC_REPRESENTATION_CONTEXT() REPRESENTATION_CONTEXT('2D SPACE',''
  ) );
#9039 = PCURVE('',#9040,#9045);
#9040 = CONICAL_SURFACE('',#9041,10.800173562404,0.356274714655);
#9041 = AXIS2_PLACEMENT_3D('',#9042,#9043,#9044);
#9042 = CARTESIAN_POINT('',(0.,0.,849.06666666666));
#9043 = DIRECTION('',(-0.,-0.,-1.));
#9044 = DIRECTION('',(1.,0.,-0.));
#9045 = DEFINITIONAL_REPRESENTATION('',(#9046),#9050);
#9046 = LINE('',#9047,#9048);
#9047 = CARTESIAN_POINT('',(-0.,-0.));
#9048 = VECTOR('',#9049,1.);
#9049 = DIRECTION('',(-1.,-0.));
#9050 = ( GEOMETRIC_REPRESENTATION_CONTEXT(2) 
PARAMETRIC_REPRESENTATION_CONTEXT() REPRESENTATION_CONTEXT('2D SPACE',''
  ) );
#9051 = ORIENTED_EDGE('',*,*,#9002,.F.);
#9052 = ADVANCED_FACE('',(#9053),#8985,.F.);
#9053 = FACE_BOUND('',#9054,.F.);
#9054 = EDGE_LOOP('',(#9055,#9056,#9079,#9106));
#9055 = ORIENTED_EDGE('',*,*,#8970,.T.);
#9056 = ORIENTED_EDGE('',*,*,#9057,.T.);
#9057 = EDGE_CURVE('',#8948,#9058,#9060,.T.);
#9058 = VERTEX_POINT('',#9059);
#9059 = CARTESIAN_POINT('',(7.067045850966,0.,855.8));
#9060 = SEAM_CURVE('',#9061,(#9065,#9072),.PCURVE_S1.);
#9061 = LINE('',#9062,#9063);
#9062 = CARTESIAN_POINT('',(8.347249349071,0.,852.43333333333));
#9063 = VECTOR('',#9064,1.);
#9064 = DIRECTION('',(-0.355428855983,0.,0.934703337072));
#9065 = PCURVE('',#8985,#9066);
#9066 = DEFINITIONAL_REPRESENTATION('',(#9067),#9071);
#9067 = LINE('',#9068,#9069);
#9068 = CARTESIAN_POINT('',(-0.,-0.));
#9069 = VECTOR('',#9070,1.);
#9070 = DIRECTION('',(-0.,-1.));
#9071 = ( GEOMETRIC_REPRESENTATION_CONTEXT(2) 
PARAMETRIC_REPRESENTATION_CONTEXT() REPRESENTATION_CONTEXT('2D SPACE',''
  ) );
#9072 = PCURVE('',#8985,#9073);
#9073 = DEFINITIONAL_REPRESENTATION('',(#9074),#9078);
#9074 = LINE('',#9075,#9076);
#9075 = CARTESIAN_POINT('',(-6.28318530718,-0.));
#9076 = VECTOR('',#9077,1.);
#9077 = DIRECTION('',(-0.,-1.));
#9078 = ( GEOMETRIC_REPRESENTATION_CONTEXT(2) 
PARAMETRIC_REPRESENTATION_CONTEXT() REPRESENTATION_CONTEXT('2D SPACE',''
  ) );
#9079 = ORIENTED_EDGE('',*,*,#9080,.F.);
#9080 = EDGE_CURVE('',#9058,#9058,#9081,.T.);
#9081 = SURFACE_CURVE('',#9082,(#9087,#9094),.PCURVE_S1.);
#9082 = CIRCLE('',#9083,7.067045850966);
#9083 = AXIS2_PLACEMENT_3D('',#9084,#9085,#9086);
#9084 = CARTESIAN_POINT('',(0.,0.,855.8));
#9085 = DIRECTION('',(0.,0.,1.));
#9086 = DIRECTION('',(1.,0.,-0.));
#9087 = PCURVE('',#8985,#9088);
#9088 = DEFINITIONAL_REPRESENTATION('',(#9089),#9093);
#9089 = LINE('',#9090,#9091);
#9090 = CARTESIAN_POINT('',(-0.,-3.366666666667));
#9091 = VECTOR('',#9092,1.);
#9092 = DIRECTION('',(-1.,-0.));
#9093 = ( GEOMETRIC_REPRESENTATION_CONTEXT(2) 
PARAMETRIC_REPRESENTATION_CONTEXT() REPRESENTATION_CONTEXT('2D SPACE',''
  ) );
#9094 = PCURVE('',#9095,#9100);
#9095 = CONICAL_SURFACE('',#9096,7.067045850966,0.370490181957);
#9096 = AXIS2_PLACEMENT_3D('',#9097,#9098,#9099);
#9097 = CARTESIAN_POINT('',(0.,0.,855.8));
#9098 = DIRECTION('',(-0.,-0.,-1.));
#9099 = DIRECTION('',(1.,0.,-0.));
#9100 = DEFINITIONAL_REPRESENTATION('',(#9101),#9105);
#9101 = LINE('',#9102,#9103);
#9102 = CARTESIAN_POINT('',(-0.,-0.));
#9103 = VECTOR('',#9104,1.);
#9104 = DIRECTION('',(-1.,-0.));
#9105 = ( GEOMETRIC_REPRESENTATION_CONTEXT(2) 
PARAMETRIC_REPRESENTATION_CONTEXT() REPRESENTATION_CONTEXT('2D SPACE',''
  ) );
#9106 = ORIENTED_EDGE('',*,*,#9057,.F.);
#9107 = ADVANCED_FACE('',(#9108),#9040,.T.);
#9108 = FACE_BOUND('',#9109,.T.);
#9109 = EDGE_LOOP('',(#9110,#9111,#9134,#9161));
#9110 = ORIENTED_EDGE('',*,*,#9025,.T.);
#9111 = ORIENTED_EDGE('',*,*,#9112,.T.);
#9112 = EDGE_CURVE('',#9003,#9113,#9115,.T.);
#9113 = VERTEX_POINT('',#9114);
#9114 = CARTESIAN_POINT('',(9.547249349071,0.,852.43333333333));
#9115 = SEAM_CURVE('',#9116,(#9120,#9127),.PCURVE_S1.);
#9116 = LINE('',#9117,#9118);
#9117 = CARTESIAN_POINT('',(10.800173562404,0.,849.06666666666));
#9118 = VECTOR('',#9119,1.);
#9119 = DIRECTION('',(-0.348785314233,0.,0.937202648617));
#9120 = PCURVE('',#9040,#9121);
#9121 = DEFINITIONAL_REPRESENTATION('',(#9122),#9126);
#9122 = LINE('',#9123,#9124);
#9123 = CARTESIAN_POINT('',(-0.,-0.));
#9124 = VECTOR('',#9125,1.);
#9125 = DIRECTION('',(-0.,-1.));
#9126 = ( GEOMETRIC_REPRESENTATION_CONTEXT(2) 
PARAMETRIC_REPRESENTATION_CONTEXT() REPRESENTATION_CONTEXT('2D SPACE',''
  ) );
#9127 = PCURVE('',#9040,#9128);
#9128 = DEFINITIONAL_REPRESENTATION('',(#9129),#9133);
#9129 = LINE('',#9130,#9131);
#9130 = CARTESIAN_POINT('',(-6.28318530718,-0.));
#9131 = VECTOR('',#9132,1.);
#9132 = DIRECTION('',(-0.,-1.));
#9133 = ( GEOMETRIC_REPRESENTATION_CONTEXT(2) 
PARAMETRIC_REPRESENTATION_CONTEXT() REPRESENTATION_CONTEXT('2D SPACE',''
  ) );
#9134 = ORIENTED_EDGE('',*,*,#9135,.F.);
#9135 = EDGE_CURVE('',#9113,#9113,#9136,.T.);
#9136 = SURFACE_CURVE('',#9137,(#9142,#9149),.PCURVE_S1.);
#9137 = CIRCLE('',#9138,9.547249349071);
#9138 = AXIS2_PLACEMENT_3D('',#9139,#9140,#9141);
#9139 = CARTESIAN_POINT('',(0.,0.,852.43333333333));
#9140 = DIRECTION('',(0.,0.,1.));
#9141 = DIRECTION('',(1.,0.,-0.));
#9142 = PCURVE('',#9040,#9143);
#9143 = DEFINITIONAL_REPRESENTATION('',(#9144),#9148);
#9144 = LINE('',#9145,#9146);
#9145 = CARTESIAN_POINT('',(-0.,-3.366666666667));
#9146 = VECTOR('',#9147,1.);
#9147 = DIRECTION('',(-1.,-0.));
#9148 = ( GEOMETRIC_REPRESENTATION_CONTEXT(2) 
PARAMETRIC_REPRESENTATION_CONTEXT() REPRESENTATION_CONTEXT('2D SPACE',''
  ) );
#9149 = PCURVE('',#9150,#9155);
#9150 = CONICAL_SURFACE('',#9151,9.547249349071,0.363372842346);
#9151 = AXIS2_PLACEMENT_3D('',#9152,#9153,#9154);
#9152 = CARTESIAN_POINT('',(0.,0.,852.43333333333));
#9153 = DIRECTION('',(-0.,-0.,-1.));
#9154 = DIRECTION('',(1.,0.,-0.));
#9155 = DEFINITIONAL_REPRESENTATION('',(#9156),#9160);
#9156 = LINE('',#9157,#9158);
#9157 = CARTESIAN_POINT('',(-0.,-0.));
#9158 = VECTOR('',#9159,1.);
#9159 = DIRECTION('',(-1.,-0.));
#9160 = ( GEOMETRIC_REPRESENTATION_CONTEXT(2) 
PARAMETRIC_REPRESENTATION_CONTEXT() REPRESENTATION_CONTEXT('2D SPACE',''
  ) );
#9161 = ORIENTED_EDGE('',*,*,#9112,.F.);
#9162 = ADVANCED_FACE('',(#9163),#9095,.F.);
#9163 = FACE_BOUND('',#9164,.F.);
#9164 = EDGE_LOOP('',(#9165,#9166,#9189,#9216));
#9165 = ORIENTED_EDGE('',*,*,#9080,.T.);
#9166 = ORIENTED_EDGE('',*,*,#9167,.T.);
#9167 = EDGE_CURVE('',#9058,#9168,#9170,.T.);
#9168 = VERTEX_POINT('',#9169);
#9169 = CARTESIAN_POINT('',(5.759340968526,0.,859.16666666666));
#9170 = SEAM_CURVE('',#9171,(#9175,#9182),.PCURVE_S1.);
#9171 = LINE('',#9172,#9173);
#9172 = CARTESIAN_POINT('',(7.067045850966,0.,855.8));
#9173 = VECTOR('',#9174,1.);
#9174 = DIRECTION('',(-0.362072398545,0.,0.932149976244));
#9175 = PCURVE('',#9095,#9176);
#9176 = DEFINITIONAL_REPRESENTATION('',(#9177),#9181);
#9177 = LINE('',#9178,#9179);
#9178 = CARTESIAN_POINT('',(-0.,-0.));
#9179 = VECTOR('',#9180,1.);
#9180 = DIRECTION('',(-0.,-1.));
#9181 = ( GEOMETRIC_REPRESENTATION_CONTEXT(2) 
PARAMETRIC_REPRESENTATION_CONTEXT() REPRESENTATION_CONTEXT('2D SPACE',''
  ) );
#9182 = PCURVE('',#9095,#9183);
#9183 = DEFINITIONAL_REPRESENTATION('',(#9184),#9188);
#9184 = LINE('',#9185,#9186);
#9185 = CARTESIAN_POINT('',(-6.28318530718,-0.));
#9186 = VECTOR('',#9187,1.);
#9187 = DIRECTION('',(-0.,-1.));
#9188 = ( GEOMETRIC_REPRESENTATION_CONTEXT(2) 
PARAMETRIC_REPRESENTATION_CONTEXT() REPRESENTATION_CONTEXT('2D SPACE',''
  ) );
#9189 = ORIENTED_EDGE('',*,*,#9190,.F.);
#9190 = EDGE_CURVE('',#9168,#9168,#9191,.T.);
#9191 = SURFACE_CURVE('',#9192,(#9197,#9204),.PCURVE_S1.);
#9192 = CIRCLE('',#9193,5.759340968526);
#9193 = AXIS2_PLACEMENT_3D('',#9194,#9195,#9196);
#9194 = CARTESIAN_POINT('',(0.,0.,859.16666666666));
#9195 = DIRECTION('',(0.,0.,1.));
#9196 = DIRECTION('',(1.,0.,-0.));
#9197 = PCURVE('',#9095,#9198);
#9198 = DEFINITIONAL_REPRESENTATION('',(#9199),#9203);
#9199 = LINE('',#9200,#9201);
#9200 = CARTESIAN_POINT('',(-0.,-3.366666666667));
#9201 = VECTOR('',#9202,1.);
#9202 = DIRECTION('',(-1.,-0.));
#9203 = ( GEOMETRIC_REPRESENTATION_CONTEXT(2) 
PARAMETRIC_REPRESENTATION_CONTEXT() REPRESENTATION_CONTEXT('2D SPACE',''
  ) );
#9204 = PCURVE('',#9205,#9210);
#9205 = CONICAL_SURFACE('',#9206,5.759340968526,0.377627253885);
#9206 = AXIS2_PLACEMENT_3D('',#9207,#9208,#9209);
#9207 = CARTESIAN_POINT('',(0.,0.,859.16666666666));
#9208 = DIRECTION('',(-0.,-0.,-1.));
#9209 = DIRECTION('',(1.,0.,-0.));
#9210 = DEFINITIONAL_REPRESENTATION('',(#9211),#9215);
#9211 = LINE('',#9212,#9213);
#9212 = CARTESIAN_POINT('',(-0.,-0.));
#9213 = VECTOR('',#9214,1.);
#9214 = DIRECTION('',(-1.,-0.));
#9215 = ( GEOMETRIC_REPRESENTATION_CONTEXT(2) 
PARAMETRIC_REPRESENTATION_CONTEXT() REPRESENTATION_CONTEXT('2D SPACE',''
  ) );
#9216 = ORIENTED_EDGE('',*,*,#9167,.F.);
#9217 = ADVANCED_FACE('',(#9218),#9150,.T.);
#9218 = FACE_BOUND('',#9219,.T.);
#9219 = EDGE_LOOP('',(#9220,#9221,#9244,#9271));
#9220 = ORIENTED_EDGE('',*,*,#9135,.T.);
#9221 = ORIENTED_EDGE('',*,*,#9222,.T.);
#9222 = EDGE_CURVE('',#9113,#9223,#9225,.T.);
#9223 = VERTEX_POINT('',#9224);
#9224 = CARTESIAN_POINT('',(8.267045850966,0.,855.8));
#9225 = SEAM_CURVE('',#9226,(#9230,#9237),.PCURVE_S1.);
#9226 = LINE('',#9227,#9228);
#9227 = CARTESIAN_POINT('',(9.547249349071,0.,852.43333333333));
#9228 = VECTOR('',#9229,1.);
#9229 = DIRECTION('',(-0.355428855983,0.,0.934703337072));
#9230 = PCURVE('',#9150,#9231);
#9231 = DEFINITIONAL_REPRESENTATION('',(#9232),#9236);
#9232 = LINE('',#9233,#9234);
#9233 = CARTESIAN_POINT('',(-0.,-0.));
#9234 = VECTOR('',#9235,1.);
#9235 = DIRECTION('',(-0.,-1.));
#9236 = ( GEOMETRIC_REPRESENTATION_CONTEXT(2) 
PARAMETRIC_REPRESENTATION_CONTEXT() REPRESENTATION_CONTEXT('2D SPACE',''
  ) );
#9237 = PCURVE('',#9150,#9238);
#9238 = DEFINITIONAL_REPRESENTATION('',(#9239),#9243);
#9239 = LINE('',#9240,#9241);
#9240 = CARTESIAN_POINT('',(-6.28318530718,-0.));
#9241 = VECTOR('',#9242,1.);
#9242 = DIRECTION('',(-0.,-1.));
#9243 = ( GEOMETRIC_REPRESENTATION_CONTEXT(2) 
PARAMETRIC_REPRESENTATION_CONTEXT() REPRESENTATION_CONTEXT('2D SPACE',''
  ) );
#9244 = ORIENTED_EDGE('',*,*,#9245,.F.);
#9245 = EDGE_CURVE('',#9223,#9223,#9246,.T.);
#9246 = SURFACE_CURVE('',#9247,(#9252,#9259),.PCURVE_S1.);
#9247 = CIRCLE('',#9248,8.267045850966);
#9248 = AXIS2_PLACEMENT_3D('',#9249,#9250,#9251);
#9249 = CARTESIAN_POINT('',(0.,0.,855.8));
#9250 = DIRECTION('',(0.,0.,1.));
#9251 = DIRECTION('',(1.,0.,-0.));
#9252 = PCURVE('',#9150,#9253);
#9253 = DEFINITIONAL_REPRESENTATION('',(#9254),#9258);
#9254 = LINE('',#9255,#9256);
#9255 = CARTESIAN_POINT('',(-0.,-3.366666666667));
#9256 = VECTOR('',#9257,1.);
#9257 = DIRECTION('',(-1.,-0.));
#9258 = ( GEOMETRIC_REPRESENTATION_CONTEXT(2) 
PARAMETRIC_REPRESENTATION_CONTEXT() REPRESENTATION_CONTEXT('2D SPACE',''
  ) );
#9259 = PCURVE('',#9260,#9265);
#9260 = CONICAL_SURFACE('',#9261,8.267045850966,0.370490181957);
#9261 = AXIS2_PLACEMENT_3D('',#9262,#9263,#9264);
#9262 = CARTESIAN_POINT('',(0.,0.,855.8));
#9263 = DIRECTION('',(-0.,-0.,-1.));
#9264 = DIRECTION('',(1.,0.,-0.));
#9265 = DEFINITIONAL_REPRESENTATION('',(#9266),#9270);
#9266 = LINE('',#9267,#9268);
#9267 = CARTESIAN_POINT('',(-0.,-0.));
#9268 = VECTOR('',#9269,1.);
#9269 = DIRECTION('',(-1.,-0.));
#9270 = ( GEOMETRIC_REPRESENTATION_CONTEXT(2) 
PARAMETRIC_REPRESENTATION_CONTEXT() REPRESENTATION_CONTEXT('2D SPACE',''
  ) );
#9271 = ORIENTED_EDGE('',*,*,#9222,.F.);
#9272 = ADVANCED_FACE('',(#9273),#9205,.F.);
#9273 = FACE_BOUND('',#9274,.F.);
#9274 = EDGE_LOOP('',(#9275,#9276,#9299,#9326));
#9275 = ORIENTED_EDGE('',*,*,#9190,.T.);
#9276 = ORIENTED_EDGE('',*,*,#9277,.T.);
#9277 = EDGE_CURVE('',#9168,#9278,#9280,.T.);
#9278 = VERTEX_POINT('',#9279);
#9279 = CARTESIAN_POINT('',(4.42390533459,0.,862.53333333333));
#9280 = SEAM_CURVE('',#9281,(#9285,#9292),.PCURVE_S1.);
#9281 = LINE('',#9282,#9283);
#9282 = CARTESIAN_POINT('',(5.759340968526,0.,859.16666666666));
#9283 = VECTOR('',#9284,1.);
#9284 = DIRECTION('',(-0.368715941948,0.,0.929542120699));
#9285 = PCURVE('',#9205,#9286);
#9286 = DEFINITIONAL_REPRESENTATION('',(#9287),#9291);
#9287 = LINE('',#9288,#9289);
#9288 = CARTESIAN_POINT('',(-0.,-0.));
#9289 = VECTOR('',#9290,1.);
#9290 = DIRECTION('',(-0.,-1.));
#9291 = ( GEOMETRIC_REPRESENTATION_CONTEXT(2) 
PARAMETRIC_REPRESENTATION_CONTEXT() REPRESENTATION_CONTEXT('2D SPACE',''
  ) );
#9292 = PCURVE('',#9205,#9293);
#9293 = DEFINITIONAL_REPRESENTATION('',(#9294),#9298);
#9294 = LINE('',#9295,#9296);
#9295 = CARTESIAN_POINT('',(-6.28318530718,-0.));
#9296 = VECTOR('',#9297,1.);
#9297 = DIRECTION('',(-0.,-1.));
#9298 = ( GEOMETRIC_REPRESENTATION_CONTEXT(2) 
PARAMETRIC_REPRESENTATION_CONTEXT() REPRESENTATION_CONTEXT('2D SPACE',''
  ) );
#9299 = ORIENTED_EDGE('',*,*,#9300,.F.);
#9300 = EDGE_CURVE('',#9278,#9278,#9301,.T.);
#9301 = SURFACE_CURVE('',#9302,(#9307,#9314),.PCURVE_S1.);
#9302 = CIRCLE('',#9303,4.42390533459);
#9303 = AXIS2_PLACEMENT_3D('',#9304,#9305,#9306);
#9304 = CARTESIAN_POINT('',(0.,0.,862.53333333333));
#9305 = DIRECTION('',(0.,0.,1.));
#9306 = DIRECTION('',(1.,0.,-0.));
#9307 = PCURVE('',#9205,#9308);
#9308 = DEFINITIONAL_REPRESENTATION('',(#9309),#9313);
#9309 = LINE('',#9310,#9311);
#9310 = CARTESIAN_POINT('',(-0.,-3.366666666667));
#9311 = VECTOR('',#9312,1.);
#9312 = DIRECTION('',(-1.,-0.));
#9313 = ( GEOMETRIC_REPRESENTATION_CONTEXT(2) 
PARAMETRIC_REPRESENTATION_CONTEXT() REPRESENTATION_CONTEXT('2D SPACE',''
  ) );
#9314 = PCURVE('',#9315,#9320);
#9315 = CONICAL_SURFACE('',#9316,4.42390533459,0.384784589826);
#9316 = AXIS2_PLACEMENT_3D('',#9317,#9318,#9319);
#9317 = CARTESIAN_POINT('',(0.,0.,862.53333333333));
#9318 = DIRECTION('',(-0.,-0.,-1.));
#9319 = DIRECTION('',(1.,0.,-0.));
#9320 = DEFINITIONAL_REPRESENTATION('',(#9321),#9325);
#9321 = LINE('',#9322,#9323);
#9322 = CARTESIAN_POINT('',(-0.,-0.));
#9323 = VECTOR('',#9324,1.);
#9324 = DIRECTION('',(-1.,-0.));
#9325 = ( GEOMETRIC_REPRESENTATION_CONTEXT(2) 
PARAMETRIC_REPRESENTATION_CONTEXT() REPRESENTATION_CONTEXT('2D SPACE',''
  ) );
#9326 = ORIENTED_EDGE('',*,*,#9277,.F.);
#9327 = ADVANCED_FACE('',(#9328),#9260,.T.);
#9328 = FACE_BOUND('',#9329,.T.);
#9329 = EDGE_LOOP('',(#9330,#9331,#9354,#9381));
#9330 = ORIENTED_EDGE('',*,*,#9245,.T.);
#9331 = ORIENTED_EDGE('',*,*,#9332,.T.);
#9332 = EDGE_CURVE('',#9223,#9333,#9335,.T.);
#9333 = VERTEX_POINT('',#9334);
#9334 = CARTESIAN_POINT('',(6.959340968526,0.,859.16666666666));
#9335 = SEAM_CURVE('',#9336,(#9340,#9347),.PCURVE_S1.);
#9336 = LINE('',#9337,#9338);
#9337 = CARTESIAN_POINT('',(8.267045850966,0.,855.8));
#9338 = VECTOR('',#9339,1.);
#9339 = DIRECTION('',(-0.362072398545,0.,0.932149976244));
#9340 = PCURVE('',#9260,#9341);
#9341 = DEFINITIONAL_REPRESENTATION('',(#9342),#9346);
#9342 = LINE('',#9343,#9344);
#9343 = CARTESIAN_POINT('',(-0.,-0.));
#9344 = VECTOR('',#9345,1.);
#9345 = DIRECTION('',(-0.,-1.));
#9346 = ( GEOMETRIC_REPRESENTATION_CONTEXT(2) 
PARAMETRIC_REPRESENTATION_CONTEXT() REPRESENTATION_CONTEXT('2D SPACE',''
  ) );
#9347 = PCURVE('',#9260,#9348);
#9348 = DEFINITIONAL_REPRESENTATION('',(#9349),#9353);
#9349 = LINE('',#9350,#9351);
#9350 = CARTESIAN_POINT('',(-6.28318530718,-0.));
#9351 = VECTOR('',#9352,1.);
#9352 = DIRECTION('',(-0.,-1.));
#9353 = ( GEOMETRIC_REPRESENTATION_CONTEXT(2) 
PARAMETRIC_REPRESENTATION_CONTEXT() REPRESENTATION_CONTEXT('2D SPACE',''
  ) );
#9354 = ORIENTED_EDGE('',*,*,#9355,.F.);
#9355 = EDGE_CURVE('',#9333,#9333,#9356,.T.);
#9356 = SURFACE_CURVE('',#9357,(#9362,#9369),.PCURVE_S1.);
#9357 = CIRCLE('',#9358,6.959340968526);
#9358 = AXIS2_PLACEMENT_3D('',#9359,#9360,#9361);
#9359 = CARTESIAN_POINT('',(0.,0.,859.16666666666));
#9360 = DIRECTION('',(0.,0.,1.));
#9361 = DIRECTION('',(1.,0.,-0.));
#9362 = PCURVE('',#9260,#9363);
#9363 = DEFINITIONAL_REPRESENTATION('',(#9364),#9368);
#9364 = LINE('',#9365,#9366);
#9365 = CARTESIAN_POINT('',(-0.,-3.366666666667));
#9366 = VECTOR('',#9367,1.);
#9367 = DIRECTION('',(-1.,-0.));
#9368 = ( GEOMETRIC_REPRESENTATION_CONTEXT(2) 
PARAMETRIC_REPRESENTATION_CONTEXT() REPRESENTATION_CONTEXT('2D SPACE',''
  ) );
#9369 = PCURVE('',#9370,#9375);
#9370 = CONICAL_SURFACE('',#9371,6.959340968526,0.377627253885);
#9371 = AXIS2_PLACEMENT_3D('',#9372,#9373,#9374);
#9372 = CARTESIAN_POINT('',(0.,0.,859.16666666666));
#9373 = DIRECTION('',(-0.,-0.,-1.));
#9374 = DIRECTION('',(1.,0.,-0.));
#9375 = DEFINITIONAL_REPRESENTATION('',(#9376),#9380);
#9376 = LINE('',#9377,#9378);
#9377 = CARTESIAN_POINT('',(-0.,-0.));
#9378 = VECTOR('',#9379,1.);
#9379 = DIRECTION('',(-1.,-0.));
#9380 = ( GEOMETRIC_REPRESENTATION_CONTEXT(2) 
PARAMETRIC_REPRESENTATION_CONTEXT() REPRESENTATION_CONTEXT('2D SPACE',''
  ) );
#9381 = ORIENTED_EDGE('',*,*,#9332,.F.);
#9382 = ADVANCED_FACE('',(#9383),#9315,.F.);
#9383 = FACE_BOUND('',#9384,.F.);
#9384 = EDGE_LOOP('',(#9385,#9386,#9409,#9436));
#9385 = ORIENTED_EDGE('',*,*,#9300,.T.);
#9386 = ORIENTED_EDGE('',*,*,#9387,.T.);
#9387 = EDGE_CURVE('',#9278,#9388,#9390,.T.);
#9388 = VERTEX_POINT('',#9389);
#9389 = CARTESIAN_POINT('',(3.060502078018,0.,865.9));
#9390 = SEAM_CURVE('',#9391,(#9395,#9402),.PCURVE_S1.);
#9391 = LINE('',#9392,#9393);
#9392 = CARTESIAN_POINT('',(4.42390533459,0.,862.53333333333));
#9393 = VECTOR('',#9394,1.);
#9394 = DIRECTION('',(-0.375359486224,0.,0.926879310429));
#9395 = PCURVE('',#9315,#9396);
#9396 = DEFINITIONAL_REPRESENTATION('',(#9397),#9401);
#9397 = LINE('',#9398,#9399);
#9398 = CARTESIAN_POINT('',(-0.,-0.));
#9399 = VECTOR('',#9400,1.);
#9400 = DIRECTION('',(-0.,-1.));
#9401 = ( GEOMETRIC_REPRESENTATION_CONTEXT(2) 
PARAMETRIC_REPRESENTATION_CONTEXT() REPRESENTATION_CONTEXT('2D SPACE',''
  ) );
#9402 = PCURVE('',#9315,#9403);
#9403 = DEFINITIONAL_REPRESENTATION('',(#9404),#9408);
#9404 = LINE('',#9405,#9406);
#9405 = CARTESIAN_POINT('',(-6.28318530718,-0.));
#9406 = VECTOR('',#9407,1.);
#9407 = DIRECTION('',(-0.,-1.));
#9408 = ( GEOMETRIC_REPRESENTATION_CONTEXT(2) 
PARAMETRIC_REPRESENTATION_CONTEXT() REPRESENTATION_CONTEXT('2D SPACE',''
  ) );
#9409 = ORIENTED_EDGE('',*,*,#9410,.F.);
#9410 = EDGE_CURVE('',#9388,#9388,#9411,.T.);
#9411 = SURFACE_CURVE('',#9412,(#9417,#9424),.PCURVE_S1.);
#9412 = CIRCLE('',#9413,3.060502078018);
#9413 = AXIS2_PLACEMENT_3D('',#9414,#9415,#9416);
#9414 = CARTESIAN_POINT('',(0.,0.,865.9));
#9415 = DIRECTION('',(0.,0.,1.));
#9416 = DIRECTION('',(1.,0.,-0.));
#9417 = PCURVE('',#9315,#9418);
#9418 = DEFINITIONAL_REPRESENTATION('',(#9419),#9423);
#9419 = LINE('',#9420,#9421);
#9420 = CARTESIAN_POINT('',(-0.,-3.366666666667));
#9421 = VECTOR('',#9422,1.);
#9422 = DIRECTION('',(-1.,-0.));
#9423 = ( GEOMETRIC_REPRESENTATION_CONTEXT(2) 
PARAMETRIC_REPRESENTATION_CONTEXT() REPRESENTATION_CONTEXT('2D SPACE',''
  ) );
#9424 = PCURVE('',#9425,#9430);
#9425 = CONICAL_SURFACE('',#9426,3.060502078018,0.391962733236);
#9426 = AXIS2_PLACEMENT_3D('',#9427,#9428,#9429);
#9427 = CARTESIAN_POINT('',(0.,0.,865.9));
#9428 = DIRECTION('',(-0.,-0.,-1.));
#9429 = DIRECTION('',(1.,0.,-0.));
#9430 = DEFINITIONAL_REPRESENTATION('',(#9431),#9435);
#9431 = LINE('',#9432,#9433);
#9432 = CARTESIAN_POINT('',(-0.,-0.));
#9433 = VECTOR('',#9434,1.);
#9434 = DIRECTION('',(-1.,-0.));
#9435 = ( GEOMETRIC_REPRESENTATION_CONTEXT(2) 
PARAMETRIC_REPRESENTATION_CONTEXT() REPRESENTATION_CONTEXT('2D SPACE',''
  ) );
#9436 = ORIENTED_EDGE('',*,*,#9387,.F.);
#9437 = ADVANCED_FACE('',(#9438),#9370,.T.);
#9438 = FACE_BOUND('',#9439,.T.);
#9439 = EDGE_LOOP('',(#9440,#9441,#9464,#9491));
#9440 = ORIENTED_EDGE('',*,*,#9355,.T.);
#9441 = ORIENTED_EDGE('',*,*,#9442,.T.);
#9442 = EDGE_CURVE('',#9333,#9443,#9445,.T.);
#9443 = VERTEX_POINT('',#9444);
#9444 = CARTESIAN_POINT('',(5.62390533459,0.,862.53333333333));
#9445 = SEAM_CURVE('',#9446,(#9450,#9457),.PCURVE_S1.);
#9446 = LINE('',#9447,#9448);
#9447 = CARTESIAN_POINT('',(6.959340968526,0.,859.16666666666));
#9448 = VECTOR('',#9449,1.);
#9449 = DIRECTION('',(-0.368715941948,0.,0.929542120699));
#9450 = PCURVE('',#9370,#9451);
#9451 = DEFINITIONAL_REPRESENTATION('',(#9452),#9456);
#9452 = LINE('',#9453,#9454);
#9453 = CARTESIAN_POINT('',(-0.,-0.));
#9454 = VECTOR('',#9455,1.);
#9455 = DIRECTION('',(-0.,-1.));
#9456 = ( GEOMETRIC_REPRESENTATION_CONTEXT(2) 
PARAMETRIC_REPRESENTATION_CONTEXT() REPRESENTATION_CONTEXT('2D SPACE',''
  ) );
#9457 = PCURVE('',#9370,#9458);
#9458 = DEFINITIONAL_REPRESENTATION('',(#9459),#9463);
#9459 = LINE('',#9460,#9461);
#9460 = CARTESIAN_POINT('',(-6.28318530718,-0.));
#9461 = VECTOR('',#9462,1.);
#9462 = DIRECTION('',(-0.,-1.));
#9463 = ( GEOMETRIC_REPRESENTATION_CONTEXT(2) 
PARAMETRIC_REPRESENTATION_CONTEXT() REPRESENTATION_CONTEXT('2D SPACE',''
  ) );
#9464 = ORIENTED_EDGE('',*,*,#9465,.F.);
#9465 = EDGE_CURVE('',#9443,#9443,#9466,.T.);
#9466 = SURFACE_CURVE('',#9467,(#9472,#9479),.PCURVE_S1.);
#9467 = CIRCLE('',#9468,5.62390533459);
#9468 = AXIS2_PLACEMENT_3D('',#9469,#9470,#9471);
#9469 = CARTESIAN_POINT('',(0.,0.,862.53333333333));
#9470 = DIRECTION('',(0.,0.,1.));
#9471 = DIRECTION('',(1.,0.,-0.));
#9472 = PCURVE('',#9370,#9473);
#9473 = DEFINITIONAL_REPRESENTATION('',(#9474),#9478);
#9474 = LINE('',#9475,#9476);
#9475 = CARTESIAN_POINT('',(-0.,-3.366666666667));
#9476 = VECTOR('',#9477,1.);
#9477 = DIRECTION('',(-1.,-0.));
#9478 = ( GEOMETRIC_REPRESENTATION_CONTEXT(2) 
PARAMETRIC_REPRESENTATION_CONTEXT() REPRESENTATION_CONTEXT('2D SPACE',''
  ) );
#9479 = PCURVE('',#9480,#9485);
#9480 = CONICAL_SURFACE('',#9481,5.62390533459,0.384784589826);
#9481 = AXIS2_PLACEMENT_3D('',#9482,#9483,#9484);
#9482 = CARTESIAN_POINT('',(0.,0.,862.53333333333));
#9483 = DIRECTION('',(-0.,-0.,-1.));
#9484 = DIRECTION('',(1.,0.,-0.));
#9485 = DEFINITIONAL_REPRESENTATION('',(#9486),#9490);
#9486 = LINE('',#9487,#9488);
#9487 = CARTESIAN_POINT('',(-0.,-0.));
#9488 = VECTOR('',#9489,1.);
#9489 = DIRECTION('',(-1.,-0.));
#9490 = ( GEOMETRIC_REPRESENTATION_CONTEXT(2) 
PARAMETRIC_REPRESENTATION_CONTEXT() REPRESENTATION_CONTEXT('2D SPACE',''
  ) );
#9491 = ORIENTED_EDGE('',*,*,#9442,.F.);
#9492 = ADVANCED_FACE('',(#9493),#9425,.F.);
#9493 = FACE_BOUND('',#9494,.F.);
#9494 = EDGE_LOOP('',(#9495,#9496,#9519,#9546));
#9495 = ORIENTED_EDGE('',*,*,#9410,.T.);
#9496 = ORIENTED_EDGE('',*,*,#9497,.T.);
#9497 = EDGE_CURVE('',#9388,#9498,#9500,.T.);
#9498 = VERTEX_POINT('',#9499);
#9499 = CARTESIAN_POINT('',(1.668886575452,0.,869.26666666666));
#9500 = SEAM_CURVE('',#9501,(#9505,#9512),.PCURVE_S1.);
#9501 = LINE('',#9502,#9503);
#9502 = CARTESIAN_POINT('',(3.060502078018,0.,865.9));
#9503 = VECTOR('',#9504,1.);
#9504 = DIRECTION('',(-0.382003031406,0.,0.924161070375));
#9505 = PCURVE('',#9425,#9506);
#9506 = DEFINITIONAL_REPRESENTATION('',(#9507),#9511);
#9507 = LINE('',#9508,#9509);
#9508 = CARTESIAN_POINT('',(-0.,-0.));
#9509 = VECTOR('',#9510,1.);
#9510 = DIRECTION('',(-0.,-1.));
#9511 = ( GEOMETRIC_REPRESENTATION_CONTEXT(2) 
PARAMETRIC_REPRESENTATION_CONTEXT() REPRESENTATION_CONTEXT('2D SPACE',''
  ) );
#9512 = PCURVE('',#9425,#9513);
#9513 = DEFINITIONAL_REPRESENTATION('',(#9514),#9518);
#9514 = LINE('',#9515,#9516);
#9515 = CARTESIAN_POINT('',(-6.28318530718,-0.));
#9516 = VECTOR('',#9517,1.);
#9517 = DIRECTION('',(-0.,-1.));
#9518 = ( GEOMETRIC_REPRESENTATION_CONTEXT(2) 
PARAMETRIC_REPRESENTATION_CONTEXT() REPRESENTATION_CONTEXT('2D SPACE',''
  ) );
#9519 = ORIENTED_EDGE('',*,*,#9520,.F.);
#9520 = EDGE_CURVE('',#9498,#9498,#9521,.T.);
#9521 = SURFACE_CURVE('',#9522,(#9527,#9534),.PCURVE_S1.);
#9522 = CIRCLE('',#9523,1.668886575452);
#9523 = AXIS2_PLACEMENT_3D('',#9524,#9525,#9526);
#9524 = CARTESIAN_POINT('',(0.,0.,869.26666666666));
#9525 = DIRECTION('',(0.,0.,1.));
#9526 = DIRECTION('',(1.,0.,-0.));
#9527 = PCURVE('',#9425,#9528);
#9528 = DEFINITIONAL_REPRESENTATION('',(#9529),#9533);
#9529 = LINE('',#9530,#9531);
#9530 = CARTESIAN_POINT('',(-0.,-3.366666666667));
#9531 = VECTOR('',#9532,1.);
#9532 = DIRECTION('',(-1.,-0.));
#9533 = ( GEOMETRIC_REPRESENTATION_CONTEXT(2) 
PARAMETRIC_REPRESENTATION_CONTEXT() REPRESENTATION_CONTEXT('2D SPACE',''
  ) );
#9534 = PCURVE('',#9535,#9540);
#9535 = CONICAL_SURFACE('',#9536,1.668886575452,0.399162239829);
#9536 = AXIS2_PLACEMENT_3D('',#9537,#9538,#9539);
#9537 = CARTESIAN_POINT('',(0.,0.,869.26666666666));
#9538 = DIRECTION('',(-0.,-0.,-1.));
#9539 = DIRECTION('',(1.,0.,-0.));
#9540 = DEFINITIONAL_REPRESENTATION('',(#9541),#9545);
#9541 = LINE('',#9542,#9543);
#9542 = CARTESIAN_POINT('',(-0.,-0.));
#9543 = VECTOR('',#9544,1.);
#9544 = DIRECTION('',(-1.,-0.));
#9545 = ( GEOMETRIC_REPRESENTATION_CONTEXT(2) 
PARAMETRIC_REPRESENTATION_CONTEXT() REPRESENTATION_CONTEXT('2D SPACE',''
  ) );
#9546 = ORIENTED_EDGE('',*,*,#9497,.F.);
#9547 = ADVANCED_FACE('',(#9548),#9480,.T.);
#9548 = FACE_BOUND('',#9549,.T.);
#9549 = EDGE_LOOP('',(#9550,#9551,#9574,#9601));
#9550 = ORIENTED_EDGE('',*,*,#9465,.T.);
#9551 = ORIENTED_EDGE('',*,*,#9552,.T.);
#9552 = EDGE_CURVE('',#9443,#9553,#9555,.T.);
#9553 = VERTEX_POINT('',#9554);
#9554 = CARTESIAN_POINT('',(4.260502078018,0.,865.9));
#9555 = SEAM_CURVE('',#9556,(#9560,#9567),.PCURVE_S1.);
#9556 = LINE('',#9557,#9558);
#9557 = CARTESIAN_POINT('',(5.62390533459,0.,862.53333333333));
#9558 = VECTOR('',#9559,1.);
#9559 = DIRECTION('',(-0.375359486224,0.,0.926879310429));
#9560 = PCURVE('',#9480,#9561);
#9561 = DEFINITIONAL_REPRESENTATION('',(#9562),#9566);
#9562 = LINE('',#9563,#9564);
#9563 = CARTESIAN_POINT('',(-0.,-0.));
#9564 = VECTOR('',#9565,1.);
#9565 = DIRECTION('',(-0.,-1.));
#9566 = ( GEOMETRIC_REPRESENTATION_CONTEXT(2) 
PARAMETRIC_REPRESENTATION_CONTEXT() REPRESENTATION_CONTEXT('2D SPACE',''
  ) );
#9567 = PCURVE('',#9480,#9568);
#9568 = DEFINITIONAL_REPRESENTATION('',(#9569),#9573);
#9569 = LINE('',#9570,#9571);
#9570 = CARTESIAN_POINT('',(-6.28318530718,-0.));
#9571 = VECTOR('',#9572,1.);
#9572 = DIRECTION('',(-0.,-1.));
#9573 = ( GEOMETRIC_REPRESENTATION_CONTEXT(2) 
PARAMETRIC_REPRESENTATION_CONTEXT() REPRESENTATION_CONTEXT('2D SPACE',''
  ) );
#9574 = ORIENTED_EDGE('',*,*,#9575,.F.);
#9575 = EDGE_CURVE('',#9553,#9553,#9576,.T.);
#9576 = SURFACE_CURVE('',#9577,(#9582,#9589),.PCURVE_S1.);
#9577 = CIRCLE('',#9578,4.260502078018);
#9578 = AXIS2_PLACEMENT_3D('',#9579,#9580,#9581);
#9579 = CARTESIAN_POINT('',(0.,0.,865.9));
#9580 = DIRECTION('',(0.,0.,1.));
#9581 = DIRECTION('',(1.,0.,-0.));
#9582 = PCURVE('',#9480,#9583);
#9583 = DEFINITIONAL_REPRESENTATION('',(#9584),#9588);
#9584 = LINE('',#9585,#9586);
#9585 = CARTESIAN_POINT('',(-0.,-3.366666666667));
#9586 = VECTOR('',#9587,1.);
#9587 = DIRECTION('',(-1.,-0.));
#9588 = ( GEOMETRIC_REPRESENTATION_CONTEXT(2) 
PARAMETRIC_REPRESENTATION_CONTEXT() REPRESENTATION_CONTEXT('2D SPACE',''
  ) );
#9589 = PCURVE('',#9590,#9595);
#9590 = CONICAL_SURFACE('',#9591,4.260502078018,0.391962733236);
#9591 = AXIS2_PLACEMENT_3D('',#9592,#9593,#9594);
#9592 = CARTESIAN_POINT('',(0.,0.,865.9));
#9593 = DIRECTION('',(-0.,-0.,-1.));
#9594 = DIRECTION('',(1.,0.,-0.));
#9595 = DEFINITIONAL_REPRESENTATION('',(#9596),#9600);
#9596 = LINE('',#9597,#9598);
#9597 = CARTESIAN_POINT('',(-0.,-0.));
#9598 = VECTOR('',#9599,1.);
#9599 = DIRECTION('',(-1.,-0.));
#9600 = ( GEOMETRIC_REPRESENTATION_CONTEXT(2) 
PARAMETRIC_REPRESENTATION_CONTEXT() REPRESENTATION_CONTEXT('2D SPACE',''
  ) );
#9601 = ORIENTED_EDGE('',*,*,#9552,.F.);
#9602 = ADVANCED_FACE('',(#9603),#9535,.F.);
#9603 = FACE_BOUND('',#9604,.F.);
#9604 = EDGE_LOOP('',(#9605,#9606,#9629,#9656));
#9605 = ORIENTED_EDGE('',*,*,#9520,.T.);
#9606 = ORIENTED_EDGE('',*,*,#9607,.T.);
#9607 = EDGE_CURVE('',#9498,#9608,#9610,.T.);
#9608 = VERTEX_POINT('',#9609);
#9609 = CARTESIAN_POINT('',(0.24880619056,0.,872.63333333333));
#9610 = SEAM_CURVE('',#9611,(#9615,#9622),.PCURVE_S1.);
#9611 = LINE('',#9612,#9613);
#9612 = CARTESIAN_POINT('',(1.668886575452,0.,869.26666666666));
#9613 = VECTOR('',#9614,1.);
#9614 = DIRECTION('',(-0.388646577528,0.,0.921386909922));
#9615 = PCURVE('',#9535,#9616);
#9616 = DEFINITIONAL_REPRESENTATION('',(#9617),#9621);
#9617 = LINE('',#9618,#9619);
#9618 = CARTESIAN_POINT('',(-0.,-0.));
#9619 = VECTOR('',#9620,1.);
#9620 = DIRECTION('',(-0.,-1.));
#9621 = ( GEOMETRIC_REPRESENTATION_CONTEXT(2) 
PARAMETRIC_REPRESENTATION_CONTEXT() REPRESENTATION_CONTEXT('2D SPACE',''
  ) );
#9622 = PCURVE('',#9535,#9623);
#9623 = DEFINITIONAL_REPRESENTATION('',(#9624),#9628);
#9624 = LINE('',#9625,#9626);
#9625 = CARTESIAN_POINT('',(-6.28318530718,-0.));
#9626 = VECTOR('',#9627,1.);
#9627 = DIRECTION('',(-0.,-1.));
#9628 = ( GEOMETRIC_REPRESENTATION_CONTEXT(2) 
PARAMETRIC_REPRESENTATION_CONTEXT() REPRESENTATION_CONTEXT('2D SPACE',''
  ) );
#9629 = ORIENTED_EDGE('',*,*,#9630,.F.);
#9630 = EDGE_CURVE('',#9608,#9608,#9631,.T.);
#9631 = SURFACE_CURVE('',#9632,(#9637,#9644),.PCURVE_S1.);
#9632 = CIRCLE('',#9633,0.24880619056);
#9633 = AXIS2_PLACEMENT_3D('',#9634,#9635,#9636);
#9634 = CARTESIAN_POINT('',(0.,0.,872.63333333333));
#9635 = DIRECTION('',(0.,0.,1.));
#9636 = DIRECTION('',(1.,0.,-0.));
#9637 = PCURVE('',#9535,#9638);
#9638 = DEFINITIONAL_REPRESENTATION('',(#9639),#9643);
#9639 = LINE('',#9640,#9641);
#9640 = CARTESIAN_POINT('',(-0.,-3.366666666667));
#9641 = VECTOR('',#9642,1.);
#9642 = DIRECTION('',(-1.,-0.));
#9643 = ( GEOMETRIC_REPRESENTATION_CONTEXT(2) 
PARAMETRIC_REPRESENTATION_CONTEXT() REPRESENTATION_CONTEXT('2D SPACE',''
  ) );
#9644 = PCURVE('',#9645,#9650);
#9645 = CONICAL_SURFACE('',#9646,0.24880619056,7.37687248056E-02);
#9646 = AXIS2_PLACEMENT_3D('',#9647,#9648,#9649);
#9647 = CARTESIAN_POINT('',(0.,0.,872.63333333333));
#9648 = DIRECTION('',(-0.,-0.,-1.));
#9649 = DIRECTION('',(1.,0.,-0.));
#9650 = DEFINITIONAL_REPRESENTATION('',(#9651),#9655);
#9651 = LINE('',#9652,#9653);
#9652 = CARTESIAN_POINT('',(-0.,-0.));
#9653 = VECTOR('',#9654,1.);
#9654 = DIRECTION('',(-1.,-0.));
#9655 = ( GEOMETRIC_REPRESENTATION_CONTEXT(2) 
PARAMETRIC_REPRESENTATION_CONTEXT() REPRESENTATION_CONTEXT('2D SPACE',''
  ) );
#9656 = ORIENTED_EDGE('',*,*,#9607,.F.);
#9657 = ADVANCED_FACE('',(#9658),#9590,.T.);
#9658 = FACE_BOUND('',#9659,.T.);
#9659 = EDGE_LOOP('',(#9660,#9661,#9684,#9711));
#9660 = ORIENTED_EDGE('',*,*,#9575,.T.);
#9661 = ORIENTED_EDGE('',*,*,#9662,.T.);
#9662 = EDGE_CURVE('',#9553,#9663,#9665,.T.);
#9663 = VERTEX_POINT('',#9664);
#9664 = CARTESIAN_POINT('',(2.868886575452,0.,869.26666666666));
#9665 = SEAM_CURVE('',#9666,(#9670,#9677),.PCURVE_S1.);
#9666 = LINE('',#9667,#9668);
#9667 = CARTESIAN_POINT('',(4.260502078018,0.,865.9));
#9668 = VECTOR('',#9669,1.);
#9669 = DIRECTION('',(-0.382003031406,0.,0.924161070375));
#9670 = PCURVE('',#9590,#9671);
#9671 = DEFINITIONAL_REPRESENTATION('',(#9672),#9676);
#9672 = LINE('',#9673,#9674);
#9673 = CARTESIAN_POINT('',(-0.,-0.));
#9674 = VECTOR('',#9675,1.);
#9675 = DIRECTION('',(-0.,-1.));
#9676 = ( GEOMETRIC_REPRESENTATION_CONTEXT(2) 
PARAMETRIC_REPRESENTATION_CONTEXT() REPRESENTATION_CONTEXT('2D SPACE',''
  ) );
#9677 = PCURVE('',#9590,#9678);
#9678 = DEFINITIONAL_REPRESENTATION('',(#9679),#9683);
#9679 = LINE('',#9680,#9681);
#9680 = CARTESIAN_POINT('',(-6.28318530718,-0.));
#9681 = VECTOR('',#9682,1.);
#9682 = DIRECTION('',(-0.,-1.));
#9683 = ( GEOMETRIC_REPRESENTATION_CONTEXT(2) 
PARAMETRIC_REPRESENTATION_CONTEXT() REPRESENTATION_CONTEXT('2D SPACE',''
  ) );
#9684 = ORIENTED_EDGE('',*,*,#9685,.F.);
#9685 = EDGE_CURVE('',#9663,#9663,#9686,.T.);
#9686 = SURFACE_CURVE('',#9687,(#9692,#9699),.PCURVE_S1.);
#9687 = CIRCLE('',#9688,2.868886575452);
#9688 = AXIS2_PLACEMENT_3D('',#9689,#9690,#9691);
#9689 = CARTESIAN_POINT('',(0.,0.,869.26666666666));
#9690 = DIRECTION('',(0.,0.,1.));
#9691 = DIRECTION('',(1.,0.,-0.));
#9692 = PCURVE('',#9590,#9693);
#9693 = DEFINITIONAL_REPRESENTATION('',(#9694),#9698);
#9694 = LINE('',#9695,#9696);
#9695 = CARTESIAN_POINT('',(-0.,-3.366666666667));
#9696 = VECTOR('',#9697,1.);
#9697 = DIRECTION('',(-1.,-0.));
#9698 = ( GEOMETRIC_REPRESENTATION_CONTEXT(2) 
PARAMETRIC_REPRESENTATION_CONTEXT() REPRESENTATION_CONTEXT('2D SPACE',''
  ) );
#9699 = PCURVE('',#9700,#9705);
#9700 = CONICAL_SURFACE('',#9701,2.868886575452,0.399162239829);
#9701 = AXIS2_PLACEMENT_3D('',#9702,#9703,#9704);
#9702 = CARTESIAN_POINT('',(0.,0.,869.26666666666));
#9703 = DIRECTION('',(-0.,-0.,-1.));
#9704 = DIRECTION('',(1.,0.,-0.));
#9705 = DEFINITIONAL_REPRESENTATION('',(#9706),#9710);
#9706 = LINE('',#9707,#9708);
#9707 = CARTESIAN_POINT('',(-0.,-0.));
#9708 = VECTOR('',#9709,1.);
#9709 = DIRECTION('',(-1.,-0.));
#9710 = ( GEOMETRIC_REPRESENTATION_CONTEXT(2) 
PARAMETRIC_REPRESENTATION_CONTEXT() REPRESENTATION_CONTEXT('2D SPACE',''
  ) );
#9711 = ORIENTED_EDGE('',*,*,#9662,.F.);
#9712 = ADVANCED_FACE('',(#9713),#9645,.F.);
#9713 = FACE_BOUND('',#9714,.F.);
#9714 = EDGE_LOOP('',(#9715,#9738,#9739));
#9715 = ORIENTED_EDGE('',*,*,#9716,.F.);
#9716 = EDGE_CURVE('',#9608,#9717,#9719,.T.);
#9717 = VERTEX_POINT('',#9718);
#9718 = CARTESIAN_POINT('',(0.,0.,876.));
#9719 = SEAM_CURVE('',#9720,(#9724,#9731),.PCURVE_S1.);
#9720 = LINE('',#9721,#9722);
#9721 = CARTESIAN_POINT('',(0.24880619056,0.,872.63333333333));
#9722 = VECTOR('',#9723,1.);
#9723 = DIRECTION('',(-7.370183692895E-02,0.,0.997280321291));
#9724 = PCURVE('',#9645,#9725);
#9725 = DEFINITIONAL_REPRESENTATION('',(#9726),#9730);
#9726 = LINE('',#9727,#9728);
#9727 = CARTESIAN_POINT('',(-0.,-0.));
#9728 = VECTOR('',#9729,1.);
#9729 = DIRECTION('',(-0.,-1.));
#9730 = ( GEOMETRIC_REPRESENTATION_CONTEXT(2) 
PARAMETRIC_REPRESENTATION_CONTEXT() REPRESENTATION_CONTEXT('2D SPACE',''
  ) );
#9731 = PCURVE('',#9645,#9732);
#9732 = DEFINITIONAL_REPRESENTATION('',(#9733),#9737);
#9733 = LINE('',#9734,#9735);
#9734 = CARTESIAN_POINT('',(-6.28318530718,-0.));
#9735 = VECTOR('',#9736,1.);
#9736 = DIRECTION('',(-0.,-1.));
#9737 = ( GEOMETRIC_REPRESENTATION_CONTEXT(2) 
PARAMETRIC_REPRESENTATION_CONTEXT() REPRESENTATION_CONTEXT('2D SPACE',''
  ) );
#9738 = ORIENTED_EDGE('',*,*,#9630,.T.);
#9739 = ORIENTED_EDGE('',*,*,#9716,.T.);
#9740 = ADVANCED_FACE('',(#9741),#9700,.T.);
#9741 = FACE_BOUND('',#9742,.T.);
#9742 = EDGE_LOOP('',(#9743,#9744,#9767,#9794));
#9743 = ORIENTED_EDGE('',*,*,#9685,.T.);
#9744 = ORIENTED_EDGE('',*,*,#9745,.T.);
#9745 = EDGE_CURVE('',#9663,#9746,#9748,.T.);
#9746 = VERTEX_POINT('',#9747);
#9747 = CARTESIAN_POINT('',(1.44880619056,0.,872.63333333333));
#9748 = SEAM_CURVE('',#9749,(#9753,#9760),.PCURVE_S1.);
#9749 = LINE('',#9750,#9751);
#9750 = CARTESIAN_POINT('',(2.868886575452,0.,869.26666666666));
#9751 = VECTOR('',#9752,1.);
#9752 = DIRECTION('',(-0.388646577528,0.,0.921386909922));
#9753 = PCURVE('',#9700,#9754);
#9754 = DEFINITIONAL_REPRESENTATION('',(#9755),#9759);
#9755 = LINE('',#9756,#9757);
#9756 = CARTESIAN_POINT('',(-0.,-0.));
#9757 = VECTOR('',#9758,1.);
#9758 = DIRECTION('',(-0.,-1.));
#9759 = ( GEOMETRIC_REPRESENTATION_CONTEXT(2) 
PARAMETRIC_REPRESENTATION_CONTEXT() REPRESENTATION_CONTEXT('2D SPACE',''
  ) );
#9760 = PCURVE('',#9700,#9761);
#9761 = DEFINITIONAL_REPRESENTATION('',(#9762),#9766);
#9762 = LINE('',#9763,#9764);
#9763 = CARTESIAN_POINT('',(-6.28318530718,-0.));
#9764 = VECTOR('',#9765,1.);
#9765 = DIRECTION('',(-0.,-1.));
#9766 = ( GEOMETRIC_REPRESENTATION_CONTEXT(2) 
PARAMETRIC_REPRESENTATION_CONTEXT() REPRESENTATION_CONTEXT('2D SPACE',''
  ) );
#9767 = ORIENTED_EDGE('',*,*,#9768,.F.);
#9768 = EDGE_CURVE('',#9746,#9746,#9769,.T.);
#9769 = SURFACE_CURVE('',#9770,(#9775,#9782),.PCURVE_S1.);
#9770 = CIRCLE('',#9771,1.44880619056);
#9771 = AXIS2_PLACEMENT_3D('',#9772,#9773,#9774);
#9772 = CARTESIAN_POINT('',(0.,0.,872.63333333333));
#9773 = DIRECTION('',(0.,0.,1.));
#9774 = DIRECTION('',(1.,0.,-0.));
#9775 = PCURVE('',#9700,#9776);
#9776 = DEFINITIONAL_REPRESENTATION('',(#9777),#9781);
#9777 = LINE('',#9778,#9779);
#9778 = CARTESIAN_POINT('',(-0.,-3.366666666667));
#9779 = VECTOR('',#9780,1.);
#9780 = DIRECTION('',(-1.,-0.));
#9781 = ( GEOMETRIC_REPRESENTATION_CONTEXT(2) 
PARAMETRIC_REPRESENTATION_CONTEXT() REPRESENTATION_CONTEXT('2D SPACE',''
  ) );
#9782 = PCURVE('',#9783,#9788);
#9783 = CONICAL_SURFACE('',#9784,1.44880619056,0.406383678087);
#9784 = AXIS2_PLACEMENT_3D('',#9785,#9786,#9787);
#9785 = CARTESIAN_POINT('',(0.,0.,872.63333333333));
#9786 = DIRECTION('',(-0.,-0.,-1.));
#9787 = DIRECTION('',(1.,0.,-0.));
#9788 = DEFINITIONAL_REPRESENTATION('',(#9789),#9793);
#9789 = LINE('',#9790,#9791);
#9790 = CARTESIAN_POINT('',(-0.,-0.));
#9791 = VECTOR('',#9792,1.);
#9792 = DIRECTION('',(-1.,-0.));
#9793 = ( GEOMETRIC_REPRESENTATION_CONTEXT(2) 
PARAMETRIC_REPRESENTATION_CONTEXT() REPRESENTATION_CONTEXT('2D SPACE',''
  ) );
#9794 = ORIENTED_EDGE('',*,*,#9745,.F.);
#9795 = ADVANCED_FACE('',(#9796),#9783,.T.);
#9796 = FACE_BOUND('',#9797,.T.);
#9797 = EDGE_LOOP('',(#9798,#9819,#9820));
#9798 = ORIENTED_EDGE('',*,*,#9799,.F.);
#9799 = EDGE_CURVE('',#9746,#9717,#9800,.T.);
#9800 = SEAM_CURVE('',#9801,(#9805,#9812),.PCURVE_S1.);
#9801 = LINE('',#9802,#9803);
#9802 = CARTESIAN_POINT('',(1.44880619056,0.,872.63333333333));
#9803 = VECTOR('',#9804,1.);
#9804 = DIRECTION('',(-0.395290124624,0.,0.918556322375));
#9805 = PCURVE('',#9783,#9806);
#9806 = DEFINITIONAL_REPRESENTATION('',(#9807),#9811);
#9807 = LINE('',#9808,#9809);
#9808 = CARTESIAN_POINT('',(-0.,-0.));
#9809 = VECTOR('',#9810,1.);
#9810 = DIRECTION('',(-0.,-1.));
#9811 = ( GEOMETRIC_REPRESENTATION_CONTEXT(2) 
PARAMETRIC_REPRESENTATION_CONTEXT() REPRESENTATION_CONTEXT('2D SPACE',''
  ) );
#9812 = PCURVE('',#9783,#9813);
#9813 = DEFINITIONAL_REPRESENTATION('',(#9814),#9818);
#9814 = LINE('',#9815,#9816);
#9815 = CARTESIAN_POINT('',(-6.28318530718,-0.));
#9816 = VECTOR('',#9817,1.);
#9817 = DIRECTION('',(-0.,-1.));
#9818 = ( GEOMETRIC_REPRESENTATION_CONTEXT(2) 
PARAMETRIC_REPRESENTATION_CONTEXT() REPRESENTATION_CONTEXT('2D SPACE',''
  ) );
#9819 = ORIENTED_EDGE('',*,*,#9768,.T.);
#9820 = ORIENTED_EDGE('',*,*,#9799,.T.);
#9821 = ( GEOMETRIC_REPRESENTATION_CONTEXT(3) 
GLOBAL_UNCERTAINTY_ASSIGNED_CONTEXT((#9825)) 
GLOBAL_UNIT_ASSIGNED_CONTEXT((#9822,#9823,#9824)) REPRESENTATION_CONTEXT
('Context #1','3D Context with UNIT and UNCERTAINTY') );
#9822 = ( LENGTH_UNIT() NAMED_UNIT(*) SI_UNIT(.MILLI.,.METRE.) );
#9823 = ( NAMED_UNIT(*) PLANE_ANGLE_UNIT() SI_UNIT($,.RADIAN.) );
#9824 = ( NAMED_UNIT(*) SI_UNIT($,.STERADIAN.) SOLID_ANGLE_UNIT() );
#9825 = UNCERTAINTY_MEASURE_WITH_UNIT(LENGTH_MEASURE(1.E-07),#9822,
  'distance_accuracy_value','confusion accuracy');
#9826 = PRODUCT_RELATED_PRODUCT_CATEGORY('part',$,(#7));
ENDSEC;
END-ISO-10303-21;
