{
  "load_cell_calibration": {
    "S_fit_counts_per_N": [
      [
        8499.725508195332,
        120.06436178352722,
        -80.286565588703
      ],
      [
        100.38301319727735,
        8499.655581664516,
        59.50965202992403
      ],
      [
        -49.970560347217884,
        40.286090430150864,
        41999.41130943966
      ]
    ],
    "c0_fit_counts": [
      524287.6565849356,
      524288.6273381849,
      524283.69181011023
    ],
    "S_inv_N_per_count": [
      [
        0.00011767183809664434,
        -1.6632851787064414e-06,
        2.272995971101908e-07
      ],
      [
        -1.3907227883858847e-06,
        0.00011767227397708895,
        -1.6939028935181545e-07
      ],
      [
        1.41338992279123e-07,
        -1.1485092320509555e-07,
        2.3810290458428116e-05
      ]
    ],
    "cond_S_fit": 5.006342488338318
  }
}